alpha,asset,method,n,mean_fz0,dm_vs_r0,p_vs_r0,dm_vs_r1,p_vs_r1,dm_vs_min_score,p_vs_min_score,dm_vs_mean,p_vs_mean
0.01,hdfcbank,r0,921,-2.9237883024038775,,,-1.4216160426759605,0.15547663670389467,-1.5467687467894464,0.12226291910103733,-1.3627591300656996,0.17329190288771504
0.01,hdfcbank,r1,921,-2.759305782259342,1.4216160426759605,0.15547663670389467,,,0.8831924250677191,0.3773630339534617,1.0329631560366601,0.3018925979945717
0.01,hdfcbank,mean,921,-2.871997809229509,1.3627591300656996,0.17329190288771504,-1.0329631560366601,0.3018925979945717,-0.7427485379117512,0.45782354096610434,,
0.01,hdfcbank,min_score,921,-2.8408424669338603,1.5467687467894464,0.12226291910103733,-0.8831924250677191,0.3773630339534617,,,0.7427485379117512,0.45782354096610434
0.01,hdfcbank,relative_score,921,-2.8343959428908434,1.822429009110121,0.06871441378429319,-0.8008723270392618,0.4234123341705657,0.7414746430071897,0.458594927491809,0.976810017258366,0.328919991076064
0.01,hdfcbank,r2_linear,921,-2.8769526301281694,2.127589553456971,0.03363651720195518,-1.0710425091934894,0.284431207555984,-0.6588757204440351,0.51014044273559,-0.12486891503140388,0.9006546064269173
0.01,hdfcbank,r2_mlp,921,-2.897349945716646,1.2934024015700363,0.19619657270138463,-1.2242728802957743,0.22116271395559778,-1.0112247789616713,0.3121747329658924,-0.6787261742186793,0.4974820724852369
0.01,hdfcbank,gate_v2,921,-2.881162990947424,1.4129498909572502,0.15800867273665456,-1.121546151437478,0.2623481024227016,-0.9983635262553082,0.3183656229522804,-0.43291210470643976,0.6651800936149769
0.01,kotakbank,r0,921,-2.8101468334614075,,,-0.6141267362352109,0.5392834102549161,-0.8418614458918341,0.4000842911778934,-0.025517864775407635,0.9796474328368445
0.01,kotakbank,r1,921,-2.73236533799318,0.6141267362352109,0.5392834102549161,,,0.328794995536835,0.7423854731654181,0.6370055332006569,0.5242797122225707
0.01,kotakbank,mean,921,-2.8089567452263164,0.025517864775407635,0.9796474328368445,-0.6370055332006569,0.5242797122225707,-0.8447989823952433,0.3984427161085256,,
0.01,kotakbank,min_score,921,-2.7565735223182966,0.8418614458918341,0.4000842911778934,-0.328794995536835,0.7423854731654181,,,0.8447989823952433,0.3984427161085256
0.01,kotakbank,relative_score,921,-2.7457929093708557,1.040127862967574,0.2985537668267173,-0.1689937894957954,0.8658386739735614,0.5321152813761999,0.5947746278897341,1.1840749533375683,0.23668922083577654
0.01,kotakbank,r2_linear,921,-2.7601394809426805,1.3957075707655597,0.16313931535999063,-0.2819048799992261,0.7780798470677303,-0.09140023457722145,0.927194471976075,0.8458209831101278,0.39787254850182613
0.01,kotakbank,r2_mlp,921,-2.742311350759877,1.474451255916047,0.14070223096489184,-0.10624341837954425,0.915412384037213,0.3497351062849461,0.7266175469920014,0.9866926893439284,0.32405273398192547
0.01,kotakbank,gate_v2,921,-2.7538756848270274,1.4637844346147408,0.1435944358161776,-0.18526948171966434,0.853058509290342,0.05057527756875538,0.9596749413026366,1.5282726432129576,0.1267885833104421
0.01,axisbank,r0,921,-2.8755047553234587,,,-0.8858438822203546,0.3759331386343512,0.13446938605469724,0.8930608287489847,-0.30389502130828716,0.761276587450074
0.01,axisbank,r1,921,-2.8161875939538548,0.8858438822203546,0.3759331386343512,,,1.0000212855003536,0.317563152805983,0.6326359581316404,0.5271285999801155
0.01,axisbank,mean,921,-2.8647738667680915,0.30389502130828716,0.761276587450074,-0.6326359581316404,0.5271285999801155,0.4621237799144921,0.644101819486245,,
0.01,axisbank,min_score,921,-2.8818671727186644,-0.13446938605469724,0.8930608287489847,-1.0000212855003536,0.317563152805983,,,-0.4621237799144921,0.644101819486245
0.01,axisbank,relative_score,921,-2.8729195797683906,0.04927168035734843,0.9607134822954739,-0.8428356761825692,0.3995394140451153,0.9888979812062931,0.32297306394330144,-0.20526349206830094,0.837411672242814
0.01,axisbank,r2_linear,921,-2.8539856727591197,1.231939162164747,0.21828658250655908,-0.5176687453958213,0.6048138573996202,0.5567133901313349,0.5778586592546128,0.2629293339047774,0.7926639156041102
0.01,axisbank,r2_mlp,921,-2.8445575351169174,1.3708275859128956,0.17076303394075668,-0.37882673742794865,0.7049039375176736,0.6988918995522058,0.48479622713457254,0.44776311459716855,0.6544295791534744
0.01,axisbank,gate_v2,921,-2.852370912608829,1.125926234075876,0.2604903631635214,-0.5010275799966247,0.6164715627807893,0.71010236416266,0.4778206078970942,0.44153642345836186,0.6589284532169574
0.01,tcs,r0,921,-3.0876162251376744,,,-2.1643700825056484,0.03069260288866137,-1.4794931273812797,0.13935088786051072,-0.8307647216697422,0.4063220966061252
0.01,tcs,r1,921,-2.892806074993306,2.1643700825056484,0.03069260288866137,,,1.6825595626259997,0.09279970060789852,1.5709301864543237,0.1165427024915785
0.01,tcs,mean,921,-3.04798220278294,0.8307647216697422,0.4063220966061252,-1.5709301864543237,0.1165427024915785,-0.659329690595913,0.5098490781390473,,
0.01,tcs,min_score,921,-3.015929627673884,1.4794931273812797,0.13935088786051072,-1.6825595626259997,0.09279970060789852,,,0.659329690595913,0.5098490781390473
0.01,tcs,relative_score,921,-3.017218840342116,1.308377747825787,0.19107198760536173,-1.6169147018318997,0.10623950032520016,-0.04433193010329134,0.9646494401566904,0.7541458644193396,0.4509546159054152
0.01,tcs,r2_linear,921,-3.1041017889023896,-1.0843633448960979,0.2784878087679695,-2.333809606011463,0.01982023671701489,-1.705450140021612,0.08844806085318724,-1.2081014423641807,0.22731869286197173
0.01,tcs,r2_mlp,921,-3.0981696121428866,-0.4836332742947535,0.6287612426433971,-2.264670772105728,0.023764838821160872,-1.5866141162107505,0.11294368665725787,-1.0313559362057836,0.30264498507188936
0.01,tcs,gate_v2,921,-3.03711785461968,1.2675028552762075,0.20529626099935863,-1.6016554451053446,0.10957510189788718,-0.5143117384939134,0.6071575739856276,0.42202447016693095,0.6731057550211448
0.01,wipro,r0,921,-2.8778520707000124,,,-0.7526073705043228,0.45187840803103785,-1.4565066744931972,0.14559379346176038,-0.3880975757911103,0.6980336083426147
0.01,wipro,r1,921,-2.803896897595988,0.7526073705043228,0.45187840803103785,,,-0.07838338002479767,0.9375401381163738,0.482717673236915,0.6294110502311504
0.01,wipro,mean,921,-2.8594308621522018,0.3880975757911103,0.6980336083426147,-0.482717673236915,0.6294110502311504,-1.0731295876683669,0.2834943721453768,,
0.01,wipro,min_score,921,-2.793361513083933,1.4565066744931972,0.14559379346176038,0.07838338002479767,0.9375401381163738,,,1.0731295876683669,0.2834943721453768
0.01,wipro,relative_score,921,-2.847077379961572,0.5983497006096442,0.5497538958242374,-0.3524177569936195,0.7246057027454211,-1.8858320953546979,0.05963240940145093,0.2656498721058311,0.7905683882991191
0.01,wipro,r2_linear,921,-2.8993807726737466,-1.8335841719588593,0.06703866249594109,-0.9808232863512892,0.3269377444854143,-1.6986162429422982,0.08972962452301601,-0.8111462173536766,0.4174915000208467
0.01,wipro,r2_mlp,921,-2.899393575517606,-1.5062147001049375,0.13235532545507941,-0.9446864432627499,0.3450670064596954,-1.6932749695964129,0.09074166652780187,-0.7625647047340008,0.4459185069175645
0.01,wipro,gate_v2,921,-2.832981956735301,2.1757741689524357,0.029826043750584487,-0.2829778421843365,0.777257479729455,-0.721630049810665,0.4707053143121929,0.6316929040014058,0.5277444915202868
0.01,hcltech,r0,921,-2.8583654375343,,,-2.143661283760043,0.03232163076428603,-0.5623042862563803,0.5740456944727336,-1.199296439587081,0.23072148356843508
0.01,hcltech,r1,921,-2.7452171849582467,2.143661283760043,0.03232163076428603,,,1.4895740919852967,0.1366789811458264,0.8645636728785313,0.3875036811459957
0.01,hcltech,mean,921,-2.809322780524232,1.199296439587081,0.23072148356843508,-0.8645636728785313,0.3875036811459957,0.7765907502054706,0.4375998723007823,,
0.01,hcltech,min_score,921,-2.835605482414032,0.5623042862563803,0.5740456944727336,-1.4895740919852967,0.1366789811458264,,,-0.7765907502054706,0.4375998723007823
0.01,hcltech,relative_score,921,-2.8226880911908774,0.9413025174269558,0.3467969448172859,-1.09197126491846,0.27513160438396006,0.580533777511647,0.5616968813456911,-0.5800630014138484,0.5620141643783132
0.01,hcltech,r2_linear,921,-2.847262303669732,0.651826724157385,0.5146757602708097,-1.6951690724659882,0.09038173265520609,-0.306639912648267,0.7591868556840822,-1.111491692032674,0.26664714279529134
0.01,hcltech,r2_mlp,921,-2.84733686501593,0.547933063817568,0.5838707784184137,-1.6148651404377847,0.10668277972802406,-0.2844867018788946,0.7761014435960645,-1.1081214711963598,0.26809896998298266
0.01,hcltech,gate_v2,921,-2.8371519540993724,0.7065949589138671,0.479997133896247,-1.591083148461253,0.11193439520557033,-0.03979385960550546,0.9682661052913922,-0.9296005102125624,0.3528218058840106
0.01,mm,r0,920,-2.9756468267249727,,,-0.72531175017537,0.4684454437981623,0.21680609165839396,0.828407583412416,-0.8468115066305169,0.3973206516634669
0.01,mm,r1,920,-2.949152830088035,0.72531175017537,0.4684454437981623,,,0.7466432582498302,0.4554698926972263,-0.07632581725971135,0.9391764990207261
0.01,mm,mean,920,-2.945511015009606,0.8468115066305169,0.3973206516634669,0.07632581725971135,0.9391764990207261,0.9868536826624221,0.3239741173069136,,
0.01,mm,min_score,920,-2.9774966165423473,-0.21680609165839396,0.828407583412416,-0.7466432582498302,0.4554698926972263,,,-0.9868536826624221,0.3239741173069136
0.01,mm,relative_score,920,-2.971537811617366,0.6697673508961681,0.5031743525661063,-0.62595823317756,0.5314977645166603,0.7948235679536255,0.4269213534888107,-0.796586628177318,0.4258968798363607
0.01,mm,r2_linear,920,-2.981160820819687,-0.34863873956968217,0.7274403948891207,-0.8002155952138837,0.42379269932806934,-0.26518935434856106,0.7909230661232642,-0.9294384713377665,0.35290596084141
0.01,mm,r2_mlp,920,-2.9773506724375554,-0.06822622583630367,0.9456203913919962,-0.6456838564071078,0.5186452975748346,0.006525095082821817,0.9947951804445486,-0.742477141659955,0.4579880256090514
0.01,mm,gate_v2,920,-2.969833797589842,0.21008977955883568,0.8336441695895859,-0.4385658686877515,0.6610792102256942,0.2893004543804764,0.7724167150812983,-1.0457750998257427,0.2959398608480155
0.01,eichermot,r0,921,-3.0219333969821554,,,1.0988739976899775,0.2721105118373093,-0.6627308019222219,0.5076689736015598,-1.7472191779515558,0.08093298244055899
0.01,eichermot,r1,921,-3.0643529443753166,-1.0988739976899775,0.2721105118373093,,,-1.3066374759664239,0.1916623936445673,-2.6839961634887253,0.007405506283987553
0.01,eichermot,mean,921,-2.964094650332405,1.7472191779515558,0.08093298244055899,2.6839961634887253,0.007405506283987553,1.328979814286751,0.18418412365980055,,
0.01,eichermot,min_score,921,-3.0045644697073426,0.6627308019222219,0.5076689736015598,1.3066374759664239,0.1916623936445673,,,-1.328979814286751,0.18418412365980055
0.01,eichermot,relative_score,921,-3.003159305554,1.0175470053058908,0.30916079477058683,1.400120787171126,0.16181428583223076,0.1525308533232138,0.878801702316218,-1.27802936811933,0.20156142939124555
0.01,eichermot,r2_linear,921,-3.0310086487456678,-0.6130548270273058,0.5399916060713272,0.9690018337374311,0.3327989441691832,-0.93335009123317,0.35088412674921704,-2.5585231790614285,0.010670877355945168
0.01,eichermot,r2_mlp,921,-3.030795895801781,-0.6966834984198592,0.4861768732637989,0.8859888868992748,0.37585503630163786,-1.0644811281068998,0.2873900978965858,-2.595754290534185,0.00958876530209955
0.01,eichermot,gate_v2,921,-2.9753978026867736,3.0592336334023233,0.002283331847555276,2.022726819031754,0.04339017319183443,1.85005411411564,0.06462624057956051,-0.34473040518153014,0.7303758473203174
0.01,heromotoco,r0,921,-3.125672620893616,,,-1.2233075878953974,0.22152677890467176,0.7670204378626406,0.44326614778801093,-1.8682509540116032,0.06204477331861192
0.01,heromotoco,r1,921,-3.0569866129415795,1.2233075878953974,0.22152677890467176,,,2.190390831181551,0.028746244489866405,0.7487134380227074,0.4542213110722888
0.01,heromotoco,mean,921,-3.0979504512899543,1.8682509540116032,0.06204477331861192,-0.7487134380227074,0.4542213110722888,1.9253656037882394,0.05449161852452112,,
0.01,heromotoco,min_score,921,-3.152168785308334,-0.7670204378626406,0.44326614778801093,-2.190390831181551,0.028746244489866405,,,-1.9253656037882394,0.05449161852452112
0.01,heromotoco,relative_score,921,-3.135860186933866,-0.28176670436519136,0.7781857693176898,-1.821253765637321,0.06889295160242491,4.968054312702946,8.061547862993557e-07,-1.2795381503907857,0.20103020259575702
0.01,heromotoco,r2_linear,921,-3.1153625036874493,1.3060733885950249,0.19185405453546603,-1.1174568221235508,0.2640907787340446,1.1601985041576481,0.24626898016102294,-1.2004978519386669,0.23025505994086498
0.01,heromotoco,r2_mlp,921,-3.1079483737327616,1.1227749454778746,0.26182600725343047,-1.1087453690549602,0.2678297971162333,1.5492690910417093,0.12166095561936191,-0.5812559139820508,0.5612103607679937
0.01,heromotoco,gate_v2,921,-3.1026032414385165,1.2006474373085925,0.230197033541981,-1.0559004094116382,0.2912909119754399,2.0145474142500572,0.04424266308734937,-0.3037611651377433,0.7613785391499488
0.01,cipla,r0,921,-2.970886964888504,,,-0.5631072170847545,0.5734990810886693,-0.39623653413399007,0.6920224219876533,-0.16044739305196185,0.8725638808527257
0.01,cipla,r1,921,-2.9253363326227046,0.5631072170847545,0.5734990810886693,,,0.5663900913220793,0.5712667648012252,0.44765779101834313,0.6545055731153857
0.01,cipla,mean,921,-2.959993960838497,0.16044739305196185,0.8725638808527257,-0.44765779101834313,0.6545055731153857,0.1415200474200869,0.887490106150302,,
0.01,cipla,min_score,921,-2.969237149785268,0.39623653413399007,0.6920224219876533,-0.5663900913220793,0.5712667648012252,,,-0.1415200474200869,0.887490106150302
0.01,cipla,relative_score,921,-2.965654998372933,2.784050886288415,0.005478569831335845,-0.4986091143045254,0.6181739679668974,0.8702104531736934,0.384412395858083,-0.08395406251263669,0.933111219504412
0.01,cipla,r2_linear,921,-2.961739450239053,0.8681240786131016,0.38555280089113086,-0.41693038907630575,0.6768265875673902,0.5592473749758335,0.5761290147006684,-0.025243306575403662,0.9798663684600065
0.01,cipla,r2_mlp,921,-2.9688404844590237,0.12886697877548117,0.8974910716041662,-0.4840066590793764,0.628496331836686,0.02132105930290391,0.9829941679398846,-0.12563087382523147,0.9000515702828081
0.01,cipla,gate_v2,921,-2.9811105477894797,-0.1947653161620554,0.8456196766623679,-0.5889835665610309,0.5560168824538633,-0.22733218337834274,0.8202159566229189,-0.49044739063223597,0.6239342961635582
0.01,lupin,r0,921,-2.960752367489429,,,-4.04755412143053,5.610674262333418e-05,-0.6687895256293876,0.5037975222395231,-1.02821841771199,0.30411734671188356
0.01,lupin,r1,921,-2.897172604832865,4.04755412143053,5.610674262333418e-05,,,4.076084560723318,4.975841569244454e-05,4.3086312369277575,1.819458171133626e-05
0.01,lupin,mean,921,-2.9508095398377097,1.02821841771199,0.30411734671188356,-4.3086312369277575,1.819458171133626e-05,0.9343866464812772,0.35034965820928515,,
0.01,lupin,min_score,921,-2.9556050506267186,0.6687895256293876,0.5037975222395231,-4.076084560723318,4.975841569244454e-05,,,-0.9343866464812772,0.35034965820928515
0.01,lupin,relative_score,921,-2.9575157178709626,1.2617847500117194,0.20734605453466834,-3.8914421724499473,0.00010683577017071941,-0.29787816619569185,0.7658634071473946,-0.7517215010937923,0.4524108161491444
0.01,lupin,r2_linear,921,-2.9541642136921573,1.0609249129300358,0.28900245613087205,-3.090095646430116,0.0020610879624786793,0.133901835790743,0.8935094834827049,-0.25096555582869845,0.8018967790655709
0.01,lupin,r2_mlp,921,-2.943858790260853,1.9167964597500606,0.055573310365850254,-2.413890779487735,0.01597758201449305,0.8746108626624552,0.38201393314655,0.44791862330384635,0.654317381750407
0.01,lupin,gate_v2,921,-2.9608113202139976,-0.005808717713132347,0.9953665991572938,-6.522571552894325,1.138967421274692e-10,-0.546015156233783,0.5851878924457709,-1.4195621371564107,0.15607393001077233
0.01,auropharma,r0,921,-2.855173461096181,,,-0.04065256702789322,0.9675816965550297,-1.5189759878083275,0.12911210205531173,-0.45680530403692937,0.6479188253433704
0.01,auropharma,r1,921,-2.8534518738992154,0.04065256702789322,0.9675816965550297,,,-0.789439999764235,0.4300582891404146,-0.20826012911892464,0.8350719569163284
0.01,auropharma,mean,921,-2.8442899081005115,0.45680530403692937,0.6479188253433704,0.20826012911892464,0.8350719569163284,-1.5658552078689318,0.11772639547405937,,
0.01,auropharma,min_score,921,-2.8164862142386924,1.5189759878083275,0.12911210205531173,0.789439999764235,0.4300582891404146,,,1.5658552078689318,0.11772639547405937
0.01,auropharma,relative_score,921,-2.8270236049618975,1.183381260611664,0.23696377043842082,0.5663047385572486,0.5713247512136024,-1.2558676548355072,0.20948279775627401,1.4134363194709885,0.15786572665077434
0.01,auropharma,r2_linear,921,-2.850974816532471,0.40095868145165303,0.6885436468681627,0.06332218563702521,0.9495237044865394,-1.1620451719306275,0.2455184841399722,-0.23501500442285686,0.8142493849755046
0.01,auropharma,r2_mlp,921,-2.8439214164961433,0.5915814854506317,0.5542762050594091,0.2350174444794743,0.8142474916919531,-0.8187200131760932,0.41315819090564393,0.01039493211142987,0.9917084471294029
0.01,auropharma,gate_v2,921,-2.847572790228475,0.6468307102090776,0.5179028541342746,0.159473866992815,0.8733305489912441,-1.5246057646877496,0.1277011246970462,-0.16355637162765033,0.8701163140856091
0.01,jswsteel,r0,921,-2.9235214106255927,,,0.7677524664286458,0.442831259275425,1.3286819548253674,0.18428237711094222,1.2607764145245206,0.20770905418526792
0.01,jswsteel,r1,921,-2.9827077120971532,-0.7677524664286458,0.442831259275425,,,0.15723354820222504,0.8750952891693169,-0.30477912838135285,0.7606033106581377
0.01,jswsteel,mean,921,-2.963988285278979,-1.2607764145245206,0.20770905418526792,0.30477912838135285,0.7606033106581377,1.1753770430946207,0.24014799499101108,,
0.01,jswsteel,min_score,921,-2.991030320482855,-1.3286819548253674,0.18428237711094222,-0.15723354820222504,0.8750952891693169,,,-1.1753770430946207,0.24014799499101108
0.01,jswsteel,relative_score,921,-3.0010827923862653,-1.4662580757160162,0.14291969761193704,-0.34449596203855004,0.7305520632603081,-2.2349422943020074,0.02566050308984629,-1.4400440618447155,0.1501951239827391
0.01,jswsteel,r2_linear,921,-2.9233550804870916,0.010094387991188265,0.9919481688940648,0.7033001195501373,0.4820466744653314,1.172136741210006,0.24144559709592958,1.0888210511691798,0.27651793921795487
0.01,jswsteel,r2_mlp,921,-2.921300451401175,0.11921803906898586,0.9051286420589711,0.7435118631703639,0.4573616713304221,1.2832551751501946,0.19972584284669,1.235821425932183,0.21684039931756113
0.01,jswsteel,gate_v2,921,-2.9561403795666408,-1.1738358766421708,0.24076455096207042,0.36563940719543664,0.7147182167558049,0.9013747258318289,0.3676250178584166,0.4099213998663232,0.6819590383377763
0.01,vedl,r0,920,-2.5121368566589006,,,1.247054830031753,0.21269511308345354,-0.6100776132565833,0.5419612168313368,0.3688972809370137,0.7122892599011759
0.01,vedl,r1,920,-2.549101188321152,-1.247054830031753,0.21269511308345354,,,-0.9865016252248829,0.3241466683004236,-0.6433651771342128,0.5201476756982711
0.01,vedl,mean,920,-2.520880092838877,-0.3688972809370137,0.7122892599011759,0.6433651771342128,0.5201476756982711,-0.9190809282905955,0.3582944059226979,,
0.01,vedl,min_score,920,-2.4802603678778605,0.6100776132565833,0.5419612168313368,0.9865016252248829,0.3241466683004236,,,0.9190809282905955,0.3582944059226979
0.01,vedl,relative_score,920,-2.5109843270274,0.17713093503164787,0.8594445737913675,1.189142816865016,0.23469062887946618,-0.6266759468837318,0.5310273100054687,0.5000067229084572,0.6171900428706851
0.01,vedl,r2_linear,920,-2.505001510345679,0.5924623055520042,0.5536867965108317,1.3989135274239073,0.16217631041885303,-0.41828686150942124,0.6758351186967564,0.5194897459423437,0.6035443523151374
0.01,vedl,r2_mlp,920,-2.5081825531651236,0.2347474324000703,0.8144570623140533,1.2830575863722702,0.1997953750182573,-0.4309937156297075,0.6665740106653328,0.37303445212662095,0.7092088252381951
0.01,vedl,gate_v2,920,-2.50051824001833,0.8236261750170422,0.4103656835212391,1.5209378523979913,0.1286194078347622,-0.35162166429139696,0.7252026192109858,0.7626324817668225,0.4458783063292185
0.01,sail,r0,921,-2.5457034883329324,,,0.2923826338954497,0.7700600083533653,0.4132996902432265,0.6794833699916176,0.08509959507468162,0.9322007271336695
0.01,sail,r1,921,-2.5701056579189734,-0.2923826338954497,0.7700600083533653,,,0.06038735892587989,0.9518602413912992,-0.3552004606248799,0.7225208350519898
0.01,sail,mean,921,-2.5503838858560477,-0.08509959507468162,0.9322007271336695,0.3552004606248799,0.7225208350519898,1.4237769116930603,0.1548501152413623,,
0.01,sail,min_score,921,-2.573379143525649,-0.4132996902432265,0.6794833699916176,-0.06038735892587989,0.9518602413912992,,,-1.4237769116930603,0.1548501152413623
0.01,sail,relative_score,921,-2.542593705278768,0.06788302533524598,0.9458935013382203,0.46709368159993786,0.6405434555132992,1.2499885652153075,0.21162159084575174,0.42414540537579104,0.6715589293423093
0.01,sail,r2_linear,921,-2.525715229187177,0.6169171586993054,0.5374420046248437,0.40476469427490414,0.6857445726383067,0.5056553597752411,0.6132197360335917,0.2979771208670257,0.7657879041579352
0.01,sail,r2_mlp,921,-2.5272058150668397,0.572673822783281,0.5670054882003498,0.389641380539269,0.6968919280602666,0.4899632229882307,0.6242767382680428,0.28069670512794426,0.7790061456364066
0.01,sail,gate_v2,921,-2.517552458118581,1.6876902664037827,0.09180964626194998,0.6036294467660619,0.5462388268962171,0.9077318983369909,0.3642575897097249,0.6593867873289545,0.5098124388078203
0.01,britannia,r0,921,-3.2214802720839857,,,-1.69318355477185,0.0907590671363429,-0.8164432556713616,0.41445801307606345,-1.2057485526538132,0.22822446475810332
0.01,britannia,r1,921,-3.1062626645295883,1.69318355477185,0.0907590671363429,,,1.3361122005736554,0.1818429869716849,0.8141174671429661,0.41578832550029954
0.01,britannia,mean,921,-3.1780187589400515,1.2057485526538132,0.22822446475810332,-0.8141174671429661,0.41578832550029954,0.08530463807270597,0.9320377641666462,,
0.01,britannia,min_score,921,-3.1830783528626365,0.8164432556713616,0.41445801307606345,-1.3361122005736554,0.1818429869716849,,,-0.08530463807270597,0.9320377641666462
0.01,britannia,relative_score,921,-3.1401902623051448,1.3728391229935688,0.17013689802900678,-0.5520174084598788,0.5810704916640169,1.8013709557407667,0.07197175751319036,0.5518618479811682,0.5811770308109145
0.01,britannia,r2_linear,921,-3.182763993221932,1.827127107222998,0.06800449973844651,-1.361346484460007,0.17373753303958123,0.008290573421093322,0.9933869525941624,-0.09754766417071302,0.9223127310878165
0.01,britannia,r2_mlp,921,-3.1810267510780905,1.690232205854896,0.09132229568139968,-1.3840340395168826,0.16668368250360793,0.0537573054516609,0.9571401962989744,-0.0593283730174316,0.9527034467010259
0.01,britannia,gate_v2,921,-3.1775447151845615,2.485400367552889,0.013117260886507281,-1.0214116811574538,0.30732794050692297,0.11395204000077973,0.909300674358281,0.0166682955900702,0.9867048540711874
0.01,dabur,r0,921,-2.9171288457704176,,,-1.8372451506581142,0.06649610213283223,-0.7507646772824769,0.4529862665044172,-0.346944817628943,0.7287121192691424
0.01,dabur,r1,921,-2.706155115990915,1.8372451506581142,0.06649610213283223,,,1.6236300518774613,0.10479734438176112,1.2151381244429418,0.22462516666334603
0.01,dabur,mean,921,-2.8968493892822575,0.346944817628943,0.7287121192691424,-1.2151381244429418,0.22462516666334603,0.11092168694437717,0.9117026409421392,,
0.01,dabur,min_score,921,-2.9017399202336884,0.7507646772824769,0.4529862665044172,-1.6236300518774613,0.10479734438176112,,,-0.11092168694437717,0.9117026409421392
0.01,dabur,relative_score,921,-2.914055050158706,0.23726775778756756,0.8125018974471399,-1.7277471873533774,0.08436914379074799,-0.8490052318450215,0.3960992371464225,-0.3505051190839514,0.726039884691695
0.01,dabur,r2_linear,921,-2.897457726915702,1.2297173989387322,0.2191173289292049,-1.7477527932655197,0.08084044345467732,0.16033813224867677,0.8726499196135719,-0.009146143589222125,0.9927045178281595
0.01,dabur,r2_mlp,921,-2.914292518812465,0.18163711829912105,0.855907527233747,-1.7844189493978346,0.07468507147259888,-0.4516395735407067,0.6516351046708765,-0.27057523525252625,0.7867784333053484
0.01,dabur,gate_v2,921,-2.8451649930782574,2.0404719001920077,0.04158841066438476,-1.1442525810636215,0.25281651902189434,1.9173422717704134,0.055503881599726225,1.1100857927665908,0.26725211755506356
0.01,marico,r0,921,-3.1491770763044853,,,-1.1796883573736532,0.23842914185256195,-0.11034904460381263,0.9121566292869564,-0.13248999575916037,0.8946257063377115
0.01,marico,r1,921,-3.078384416356303,1.1796883573736532,0.23842914185256195,,,1.1565279005792324,0.2477655124478203,0.844557200268694,0.3985776768636375
0.01,marico,mean,921,-3.1428242252491665,0.13248999575916037,0.8946257063377115,-0.844557200268694,0.3985776768636375,0.13340522233170812,0.8939020898966628,,
0.01,marico,min_score,921,-3.146875001094411,0.11034904460381263,0.9121566292869564,-1.1565279005792324,0.2477655124478203,,,-0.13340522233170812,0.8939020898966628
0.01,marico,relative_score,921,-3.1383083039999,0.5039462781953218,0.6144197823976559,-1.0252339023839723,0.30552232260609724,0.8163358768577771,0.4145193764045614,0.13546670088221316,0.8922725235161315
0.01,marico,r2_linear,921,-3.1620386911057174,-0.7980751341889143,0.42503283902844763,-1.3882774580128951,0.1653886295518021,-0.5697154330232805,0.5690098020151937,-0.3936276260747533,0.6939471883892998
0.01,marico,r2_mlp,921,-3.167642734624395,-0.8959350870309969,0.37052179105205485,-1.51007648995431,0.13136726779717825,-0.7046022253070656,0.48123613603818716,-0.49854502883515656,0.6182191069715264
0.01,marico,gate_v2,921,-3.138365143909041,0.3709590234837247,0.7107534533121695,-0.9879953557286216,0.3234146883295304,0.5463036806171223,0.5849896613429382,0.1404896782161136,0.8883038596128493
0.01,ntpc,r0,921,-3.0754274912973116,,,-1.1750313211972223,0.24028620674186849,-0.6679434993220715,0.5043371836569276,-0.4794815058391024,0.6317100788002044
0.01,ntpc,r1,921,-2.992613566710395,1.1750313211972223,0.24028620674186849,,,0.9395962975321008,0.3476712958632016,0.6378325931654296,0.5237413742097687
0.01,ntpc,mean,921,-3.055206610206165,0.4794815058391024,0.6317100788002044,-0.6378325931654296,0.5237413742097687,0.3492399968375063,0.7269890595420762,,
0.01,ntpc,min_score,921,-3.0658395803581957,0.6679434993220715,0.5043371836569276,-0.9395962975321008,0.3476712958632016,,,-0.3492399968375063,0.7269890595420762
0.01,ntpc,relative_score,921,-3.067128242391556,0.3673283674015571,0.7134585759891616,-0.8812156609481133,0.3784312583371638,-0.12106163647310549,0.9036686500470785,-0.5587322531936046,0.5764804277013412
0.01,ntpc,r2_linear,921,-3.044727858841397,1.0740351997287725,0.28308851832826637,-0.7995983888535286,0.4241499184501794,0.5100447565225676,0.6101424433952799,0.1509121020520445,0.8800781356920007
0.01,ntpc,r2_mlp,921,-3.0417997368895726,0.8192123558900286,0.4128774262071668,-0.7408438673940982,0.4589771535029163,0.4469800150543444,0.6549946935430119,0.16409400314331868,0.8696931853083739
0.01,ntpc,gate_v2,921,-3.039045536118986,3.867999111378001,0.00011746123250862529,-0.6372710120987843,0.5241068795581905,1.508051288178423,0.1318847088570892,0.35449290228259966,0.7230507596746587
0.01,powergrid,r0,921,-2.9908496256287127,,,-2.471562553282639,0.013632475665422179,0.24237834247468992,0.8085410349907345,1.4984249211013305,0.13436591304080417
0.01,powergrid,r1,921,-2.7918899824487657,2.471562553282639,0.013632475665422179,,,2.196403484233703,0.02831194762861356,2.3593593652083786,0.018514614178685666
0.01,powergrid,mean,921,-3.0515939333438045,-1.4984249211013305,0.13436591304080417,-2.3593593652083786,0.018514614178685666,-0.9227255269012916,0.356392181233109,,
0.01,powergrid,min_score,921,-3.0057630039765098,-0.24237834247468992,0.8085410349907345,-2.196403484233703,0.02831194762861356,,,0.9227255269012916,0.356392181233109
0.01,powergrid,relative_score,921,-3.005737380284176,-0.27580846856793484,0.7827571172631914,-2.164974812079544,0.030646113638822716,0.0012024895565830788,0.999040813063741,1.0669437351679862,0.2862771420734144
0.01,powergrid,r2_linear,921,-2.9675298264426053,0.9697985262531001,0.332401812971225,-2.234498720404282,0.02568975249960689,0.5044091373585056,0.6140946795552273,1.4410560932260348,0.14990909262125013
0.01,powergrid,r2_mlp,921,-2.964140412919473,0.893322750369433,0.3719179720824292,-2.13035405179591,0.03340713284381384,0.5273404618560944,0.5980843211108655,1.402897315209361,0.1609848377806836
0.01,powergrid,gate_v2,921,-3.006252402103006,-0.6591192844785931,0.5099841089762761,-2.256158637332088,0.02429477617960803,-0.007681004118167551,0.9938731708546411,1.281273892128901,0.2004203321127189
0.01,bpcl,r0,921,-2.852441756786052,,,-1.2801651851112077,0.20080973130349336,1.3876702514752757,0.1655734770963175,0.8803234583524184,0.3789140062682335
0.01,bpcl,r1,921,-2.7786527478096326,1.2801651851112077,0.20080973130349336,,,2.174509275993093,0.02992110833073249,1.6676305572663959,0.0957294017268896
0.01,bpcl,mean,921,-2.8722444684140176,-0.8803234583524184,0.3789140062682335,-1.6676305572663959,0.0957294017268896,1.592679433539363,0.11157562040189858,,
0.01,bpcl,min_score,921,-2.898366679117622,-1.3876702514752757,0.1655734770963175,-2.174509275993093,0.02992110833073249,,,-1.592679433539363,0.11157562040189858
0.01,bpcl,relative_score,921,-2.869464528372611,-0.5362731891374614,0.5918993948796974,-1.579324603924228,0.11460535819874638,3.988920598836781,7.164507225945478e-05,0.20598532179492504,0.83684794925653
0.01,bpcl,r2_linear,921,-2.85532209386614,-0.10782596390125311,0.9141572566864306,-1.3401375628814132,0.18053150052855677,2.2091773390184657,0.027408045299637796,1.3128795807198606,0.18955091383101463
0.01,bpcl,r2_mlp,921,-2.8466813764347365,0.21249701014742364,0.8317663817326756,-1.1394914645094512,0.25479481719890223,2.356793049407507,0.01864225987715929,1.676136189609598,0.09405127875628737
0.01,bpcl,gate_v2,921,-2.874395800333307,-1.463916735425422,0.14355828612352733,-1.6942443636860172,0.09055730984042502,1.0864119599836597,0.27758133689315484,-0.21424151182959109,0.8304061999786684
0.01,ultracemco,r0,921,-3.1716156318268847,,,0.5776718033949669,0.5636270678340999,1.918326774729966,0.05537883321685739,0.8215982181754306,0.4115184625428573
0.01,ultracemco,r1,921,-3.2077272888958794,-0.5776718033949669,0.5636270678340999,,,1.1606476168539388,0.2460863102282259,0.16267480646423593,0.8708102073728358
0.01,ultracemco,mean,921,-3.221767093588552,-0.8215982181754306,0.4115184625428573,-0.16267480646423593,0.8708102073728358,3.3534938841842155,0.0008305560400660464,,
0.01,ultracemco,min_score,921,-3.2975933038322784,-1.918326774729966,0.05537883321685739,-1.1606476168539388,0.2460863102282259,,,-3.3534938841842155,0.0008305560400660464
0.01,ultracemco,relative_score,921,-3.298006601712379,-1.8049100876700983,0.07141561816871138,-1.1709613253608009,0.24191752048376794,-0.048208548429234756,0.9615605005549073,-2.88226447389197,0.004040163135654132
0.01,ultracemco,r2_linear,921,-3.1888765122586262,-0.627637666135249,0.5303970746423642,0.3195744013951332,0.7493635352509169,1.6900595171025026,0.09135533816131028,0.5540429853871576,0.5796840654401562
0.01,ultracemco,r2_mlp,921,-3.167005453609792,0.19182596891317455,0.8479208578820576,0.6472166319247491,0.5176532011802585,1.7039602351720062,0.08872619620344493,0.7608112243750669,0.44696477684020375
0.01,ultracemco,gate_v2,921,-3.2252015484695256,-1.2106048470145536,0.22635780004294342,-0.22630075233478752,0.8210177807180927,2.1214893169406785,0.03414746238582712,-0.16344644348054846,0.8702028347398341
0.01,grasim,r0,921,-3.0697954325106034,,,-0.6350356786390834,0.5255630445465568,1.2499488990151137,0.21163607477380114,1.3176349157722267,0.18795391388355182
0.01,grasim,r1,921,-3.0317920056061114,0.6350356786390834,0.5255630445465568,,,1.2340538847282485,0.21749796808508556,1.2104416038458319,0.22642036977927024
0.01,grasim,mean,921,-3.1306408353731174,-1.3176349157722267,0.18795391388355182,-1.2104416038458319,0.22642036977927024,0.07205520268168393,0.9425736376042428,,
0.01,grasim,min_score,921,-3.1317939954015044,-1.2499488990151137,0.21163607477380114,-1.2340538847282485,0.21749796808508556,,,-0.07205520268168393,0.9425736376042428
0.01,grasim,relative_score,921,-3.1425331273206427,-1.330889030509903,0.1835552621855247,-1.2960673491176666,0.19527732094495417,-1.129132309793101,0.2591363513422144,-0.6893900942454628,0.4907516498356587
0.01,grasim,r2_linear,921,-3.0816530566270983,-0.8626778294713999,0.38853944328152185,-0.7642052662412566,0.44494088010194394,0.9635817514287386,0.3355088597102309,1.0518684513573404,0.29313610630522857
0.01,grasim,r2_mlp,921,-3.0817901952226063,-0.7749366015577923,0.43857624597545797,-0.7523849890721813,0.4520120260563279,0.9448088453298467,0.34500453526259806,1.0312784930529721,0.3026812700170915
0.01,grasim,gate_v2,921,-3.088280305426026,-0.6767299955874385,0.4987473880544554,-0.784991107042476,0.43266087444142015,1.1762414946800035,0.23980265252826435,1.3688008003779821,0.1713956632530775
0.01,ambujacem,r0,921,-2.279854918044084,,,-1.4873953848195987,0.13725305599296322,-0.9295708064577979,0.35283718297789285,0.8802184216075245,0.3789708639197812
0.01,ambujacem,r1,921,-1.9673992756032581,1.4873953848195987,0.13725305599296322,,,1.3726505337614558,0.17019552732792267,1.5975552447656514,0.11048537768616908
0.01,ambujacem,mean,921,-2.3340073467770273,-0.8802184216075245,0.3789708639197812,-1.5975552447656514,0.11048537768616908,-1.3535189174431597,0.17622235249085463,,
0.01,ambujacem,min_score,921,-2.142911142223632,0.9295708064577979,0.35283718297789285,-1.3726505337614558,0.17019552732792267,,,1.3535189174431597,0.17622235249085463
0.01,ambujacem,relative_score,921,-2.091740764521111,1.0175864104322507,0.3091420701264497,-1.14705010029565,0.25165913024416586,1.1541055644511626,0.24875660218328155,1.3270919768024032,0.18480751295558048
0.01,ambujacem,r2_linear,921,-2.2655555336295294,0.4398305178286873,0.6601631639203515,-1.3279694897093046,0.1845175521683704,-0.7240589285552647,0.46921363175950315,0.8108469234790293,0.41766328873345804
0.01,ambujacem,r2_mlp,921,-2.305105519430036,-0.6212997388041688,0.5345563319435063,-1.4579771625010807,0.14518810710020638,-0.9390145245363488,0.3479697457482217,0.36291180460379496,0.7167541290178129
0.01,ambujacem,gate_v2,921,-2.335697641295292,-1.6061659929159655,0.10858059585937661,-1.5980677681326334,0.11037126747783547,-1.2307876472400103,0.21871686561232617,-0.035355716370273474,0.9718037652765462
0.01,asianpaint,r0,921,-3.0827625737853004,,,-1.4865591715269366,0.13747388663932253,-1.1847748127664968,0.23641245890939533,-1.9043335564551025,0.05717845274500641
0.01,asianpaint,r1,921,-2.9559785803346124,1.4865591715269366,0.13747388663932253,,,1.0227601478184778,0.30669011839473576,0.8677708845192006,0.38574606025030406
0.01,asianpaint,mean,921,-3.0327285136126765,1.9043335564551025,0.05717845274500641,-0.8677708845192006,0.38574606025030406,0.06098447047216998,0.9513848219512069,,
0.01,asianpaint,min_score,921,-3.034889481452417,1.1847748127664968,0.23641245890939533,-1.0227601478184778,0.30669011839473576,,,-0.06098447047216998,0.9513848219512069
0.01,asianpaint,relative_score,921,-3.020713130972968,1.266176618405711,0.20577036367626123,-0.8396797271670184,0.40130612628781015,1.2792190562696129,0.20114246697313254,0.27105492796037256,0.786409589299564
0.01,asianpaint,r2_linear,921,-3.083438365040291,-0.040641645921231144,0.9675904007685867,-1.4498113937296653,0.14745192206682922,-1.2561190833811227,0.2093916797963222,-1.694415556370889,0.09052478426580278
0.01,asianpaint,r2_mlp,921,-3.0880903437272536,-0.2708727063357863,0.7865496970032819,-1.4831789888804348,0.1383693367118299,-1.3259249228141068,0.18519367126597583,-1.7994912887049774,0.07226857015151737
0.01,asianpaint,gate_v2,921,-3.0775648738376646,0.30652542631816704,0.7592739809733583,-1.38947622820082,0.1650241532816809,-1.2389100414175283,0.21569479996037627,-2.5077104516445043,0.012322868924784956
0.01,upl,r0,921,-2.5751876125146462,,,-0.6700653913619319,0.5029842535019687,-0.6715900685523948,0.5020132982113287,-2.062181421185698,0.03947078550904426
0.01,upl,r1,921,-2.5023827534503615,0.6700653913619319,0.5029842535019687,,,0.32239523031286155,0.7472265444722913,-0.2860207908420994,0.7749265868262496
0.01,upl,mean,921,-2.471056243497525,2.062181421185698,0.03947078550904426,0.2860207908420994,0.7749265868262496,2.026304382621357,0.04302169814767742,,
0.01,upl,min_score,921,-2.535467997777953,0.6715900685523948,0.5020132982113287,-0.32239523031286155,0.7472265444722913,,,-2.026304382621357,0.04302169814767742
0.01,upl,relative_score,921,-2.5059398486952538,0.8719863437538048,0.3834433304302474,-0.036743233957261014,0.9706977070123828,1.2237076470910695,0.22137584238206306,-0.7369105931134101,0.461364597667487
0.01,upl,r2_linear,921,-2.568234252101429,0.5718685443929578,0.5675507297811035,-0.6019889671152249,0.5473298048056577,-0.520172123454304,0.6030687572842276,-1.798543739835502,0.07241857496190711
0.01,upl,r2_mlp,921,-2.588282338777451,-0.7047870542176738,0.48112114348142343,-0.7336651671614953,0.4633397486328859,-0.7449945026317055,0.4564653113842064,-1.889361084093203,0.059157700100811464
0.01,upl,gate_v2,921,-2.515780021264132,2.0855482234077742,0.03729465298528807,-0.13209360363630596,0.8949391378404371,0.41227148123319984,0.6802364940279519,-1.294065034962006,0.1959677066612348
0.01,pidilitind,r0,921,-3.0563166919969276,,,-1.1664014905009013,0.24375442199926564,1.48500918111029,0.13788394011396676,1.5681498070615643,0.11719003575034541
0.01,pidilitind,r1,921,-2.93281727874428,1.1664014905009013,0.24375442199926564,,,1.4682560636464266,0.14237648533080555,1.4817400121607456,0.13875190181782193
0.01,pidilitind,mean,921,-3.152383819415191,-1.5681498070615643,0.11719003575034541,-1.4817400121607456,0.13875190181782193,-0.9907931539863382,0.3220471016239319,,
0.01,pidilitind,min_score,921,-3.1037119916186984,-1.48500918111029,0.13788394011396676,-1.4682560636464266,0.14237648533080555,,,0.9907931539863382,0.3220471016239319
0.01,pidilitind,relative_score,921,-3.142363864349901,-1.6509046357240125,0.09909933907168139,-1.5180116153373784,0.12935501269277772,-1.182443698197413,0.23733519690531343,0.5091346095815037,0.610779959366819
0.01,pidilitind,r2_linear,921,-3.074277218524539,-0.6992432296943006,0.4845767792266795,-1.373672156533678,0.16987810295266018,0.960704183053609,0.33695334465594357,1.202801017959878,0.22936278157331483
0.01,pidilitind,r2_mlp,921,-3.1034242420314055,-1.497416057344213,0.1346280276745775,-1.5971421415543654,0.11057742051655266,0.010585568807716212,0.9915563907563664,0.832463306682322,0.4053635185831505
0.01,pidilitind,gate_v2,921,-3.0897867729101756,-0.9112347917806263,0.3624103681733963,-1.2155303288021946,0.22447571225166657,0.6115279513753654,0.5410011963044948,1.4928388294403605,0.13582222083693085
0.01,ALL,r0,919,-2.9166181095251136,,,-3.8811888131784977,0.00011138271783745223,-0.6677738990556238,0.5044457694355244,-0.4378457018610545,0.6616011371672609
0.01,ALL,r1,919,-2.8380071088023224,3.8811888131784977,0.00011138271783745223,,,3.707025596162959,0.0002222705497643775,3.266606980125371,0.0011287936236661618
0.01,ALL,mean,919,-2.9105965890607814,0.4378457018610545,0.6616011371672609,-3.266606980125371,0.0011287936236661618,-0.43269684364205724,0.6653366550207518,,
0.01,ALL,min_score,919,-2.906453037330517,0.6677738990556238,0.5044457694355244,-3.707025596162959,0.0002222705497643775,,,0.43269684364205724,0.6653366550207518
0.01,ALL,relative_score,919,-2.902745218252415,0.9345647058538099,0.3502584334467891,-3.5128225414206997,0.00046499562210549126,0.8626747717415765,0.38854161372721263,0.8184814675495617,0.41329472695670355
0.01,ALL,r2_linear,919,-2.9090075448587847,0.9161293596726783,0.35983964395145496,-3.013458372353505,0.0026538197735844577,-0.12340747004707228,0.9018114552569204,0.08356590269054252,0.9334197962992214
0.01,ALL,r2_mlp,919,-2.910697008568103,0.6428664275053009,0.5204713064468302,-2.961165033211821,0.0031436920883290403,-0.19751730073907825,0.8434664692079454,-0.005121533774158307,0.9959147378532203
0.01,ALL,gate_v2,919,-2.9037129332098557,1.6620063896755786,0.09685289397199921,-2.9243629699120137,0.0035365083761187805,0.19066926917174426,0.8488268737652155,0.6450913149274576,0.5190291938536782
0.025,hdfcbank,r0,921,-3.2838674296889585,,,-1.5849418615862705,0.11332319238444347,-2.351301389364236,0.018918002523005784,-1.7233578451640552,0.08515982570909102
0.025,hdfcbank,r1,921,-3.213129371309991,1.5849418615862705,0.11332319238444347,,,-0.09819405114347217,0.9217995951935242,0.5970361064616861,0.5506301719904397
0.025,hdfcbank,mean,921,-3.24306673351663,1.7233578451640552,0.08515982570909102,-0.5970361064616861,0.5506301719904397,-1.4280556368774868,0.15361521260695885,,
0.025,hdfcbank,min_score,921,-3.2099054728450858,2.351301389364236,0.018918002523005784,0.09819405114347217,0.9217995951935242,,,1.4280556368774868,0.15361521260695885
0.025,hdfcbank,relative_score,921,-3.2183183815333622,2.379501847183257,0.01753907691976716,-0.14142877557633682,0.8875621850236077,-0.829176822984221,0.4072194346204498,1.3530528339621857,0.1763711410474352
0.025,hdfcbank,r2_linear,921,-3.2727339220177534,1.2290102786307349,0.21938220692297267,-1.3682321750339723,0.17157346604568685,-2.180256381070755,0.02949126854321079,-1.3938225221549347,0.16370777593296676
0.025,hdfcbank,r2_mlp,921,-3.270212787302437,0.9228571472968574,0.35632361355130604,-1.180053134383461,0.23828411111028397,-1.8323195687607676,0.06722692394990964,-1.1876423375956349,0.23528087966786448
0.025,hdfcbank,gate,921,-3.197379848905552,2.089198774658921,0.036964092925485824,0.33406118172454646,0.738409523651299,0.3506535528777133,0.7259285478395483,1.2038595945215584,0.22895350208953144
0.025,hdfcbank,gate_v2,921,-3.248920883176725,2.089763291570993,0.0369131992831017,-0.865040131426363,0.3872422627735441,-1.6360969379289303,0.10216132914422643,-0.333692004439057,0.7386880241603861
0.025,kotakbank,r0,921,-3.194635417685012,,,-1.130861765412054,0.25840798697739126,-0.8511795718440849,0.3948910962599048,-0.8719208627094247,0.38347903540489015
0.025,kotakbank,r1,921,-3.1375680012456924,1.130861765412054,0.25840798697739126,,,1.0413434999698201,0.297989726771255,0.5949404106404601,0.5520295987418122
0.025,kotakbank,mean,921,-3.1699782090827067,0.8719208627094247,0.38347903540489015,-0.5949404106404601,0.5520295987418122,-0.056973805264076895,0.9545784327801735,,
0.025,kotakbank,min_score,921,-3.168265414476994,0.8511795718440849,0.3948910962599048,-1.0413434999698201,0.297989726771255,,,0.056973805264076895,0.9545784327801735
0.025,kotakbank,relative_score,921,-3.158856078131516,1.1814599561977779,0.23772536070956418,-0.6989311280972234,0.4847717215180376,1.095323558251489,0.27366156652942764,0.3828947287825798,0.7018862672124733
0.025,kotakbank,r2_linear,921,-3.1887863043302214,0.3918862336314196,0.6952330326090723,-1.2671042778212298,0.20543866065943298,-0.88356898466257,0.3771597560654493,-0.6073323146079155,0.5437802617175109
0.025,kotakbank,r2_mlp,921,-3.170720419385124,0.9400827752190236,0.34742185775462203,-1.0535414557848537,0.29236951719687027,-0.11064275076916648,0.9119237767259117,-0.01904715505853615,0.984807617848142
0.025,kotakbank,gate,921,-3.104798958498981,2.339532262058085,0.019521002601716228,0.6340584556703643,0.5262002881451335,1.8328140292010955,0.06715326180787803,1.5627435673211263,0.11845681767208671
0.025,kotakbank,gate_v2,921,-3.15668486328117,1.8529371409119106,0.06421142189425456,-0.4303970502370407,0.6670076440258164,0.5221015199465722,0.6017253290663178,0.5568474928165192,0.577767062288664
0.025,axisbank,r0,921,-3.154976037834593,,,0.049206956345518305,0.9607650479373254,0.33677921105849695,0.7363601531219887,-0.8505929354825605,0.3952168323055162
0.025,axisbank,r1,921,-3.156678439795418,-0.049206956345518305,0.9607650479373254,,,0.2632312788646524,0.7924312645479776,-0.6012294507455096,0.5478352759082895
0.025,axisbank,mean,921,-3.1360071156871743,0.8505929354825605,0.3952168323055162,0.6012294507455096,0.5478352759082895,1.6484932278407385,0.09959291755864606,,
0.025,axisbank,min_score,921,-3.164036554081308,-0.33677921105849695,0.7363601531219887,-0.2632312788646524,0.7924312645479776,,,-1.6484932278407385,0.09959291755864606
0.025,axisbank,relative_score,921,-3.156903305107749,-0.05945902042613683,0.9525994173223963,-0.007441201853780449,0.9940644479188762,1.1439583949606946,0.2529384451145444,-0.9812526529917087,0.3267261314938391
0.025,axisbank,r2_linear,921,-3.1495777437048424,0.581742397766811,0.5608827202051458,0.21395450574921465,0.8306299427360657,0.5310171094461207,0.5955350897087746,-0.5786222691226387,0.5629856951389136
0.025,axisbank,r2_mlp,921,-3.1439312457408413,0.8436742953997695,0.3990707410964833,0.3889188875261328,0.6974261434002942,0.7053492198947884,0.4807714804241415,-0.2861632123373116,0.7748175418015828
0.025,axisbank,gate,921,-3.0939762138537454,1.5509537969328484,0.12125666958847664,1.4447758968707656,0.14886133630945433,1.6263087369506057,0.10422644443059186,0.9844785271025881,0.32513911293036046
0.025,axisbank,gate_v2,921,-3.150626954105563,0.3444684466725402,0.7305727457382035,0.18203059774514105,0.855598812923513,0.5503703406416343,0.5821989880340396,-0.7427765478597548,0.4578065881921692
0.025,tcs,r0,921,-3.2862795806032774,,,-2.364362395747234,0.018267969973946876,-1.1910918390568228,0.23392473645321069,-0.6430831972172092,0.520330362177278
0.025,tcs,r1,921,-3.190737600602144,2.364362395747234,0.018267969973946876,,,1.9466711584665768,0.05187823106064538,1.5472755033805157,0.12214072830208432
0.025,tcs,mean,921,-3.2671298294258815,0.6430831972172092,0.520330362177278,-1.5472755033805157,0.12214072830208432,-0.4835195888844285,0.6288419102172572,,
0.025,tcs,min_score,921,-3.2513144784453964,1.1910918390568228,0.23392473645321069,-1.9466711584665768,0.05187823106064538,,,0.4835195888844285,0.6288419102172572
0.025,tcs,relative_score,921,-3.248762774449954,1.1314635443918355,0.25815487999973624,-1.7427720765093546,0.08170754884920654,0.47163145983293486,0.6373016947886873,0.5384060377572049,0.5904269943779927
0.025,tcs,r2_linear,921,-3.2815624863717074,0.649275205531953,0.5163225633738248,-2.322809892295167,0.020406686677166875,-1.0345108848364015,0.30116923997657685,-0.47495170223153654,0.634934125553678
0.025,tcs,r2_mlp,921,-3.271669499554022,0.8093638269732376,0.4185151718842651,-2.2111113749646365,0.02727338625030288,-0.6820686036194686,0.4953672498543972,-0.12467179507732438,0.9008106222042015
0.025,tcs,gate,921,-3.2175016301437616,1.622193083610827,0.10510462425764504,-0.6284166292411368,0.5298870191760815,0.8595353796961,0.3902691185587854,1.0873777355029508,0.277154699088647
0.025,tcs,gate_v2,921,-3.243056491003602,2.060086060017441,0.0396710959338591,-1.4239511365736777,0.15479968434172867,0.336547173210353,0.7365350345598085,0.9629929987071553,0.3358040770001777
0.025,wipro,r0,921,-3.164302119990407,,,-2.282879233062322,0.02266486269852869,-1.3883232847363536,0.16537468516562012,0.25229555090889416,0.800868979890174
0.025,wipro,r1,921,-3.0603314552931704,2.282879233062322,0.02266486269852869,,,1.1804451295023652,0.23812832833650444,1.86789152299506,0.0620949234940107
0.025,wipro,mean,921,-3.1714790138728812,-0.25229555090889416,0.800868979890174,-1.86789152299506,0.0620949234940107,-1.5134929712615757,0.13049792811095529,,
0.025,wipro,min_score,921,-3.1178246501724938,1.3883232847363536,0.16537468516562012,-1.1804451295023652,0.23812832833650444,,,1.5134929712615757,0.13049792811095529
0.025,wipro,relative_score,921,-3.140662298550653,0.7044848697258501,0.4813091573846389,-1.6051402810832949,0.10880611876069932,-1.5544767868578984,0.12041464539980158,1.0431112833840155,0.2971707710138752
0.025,wipro,r2_linear,921,-3.1655687838994298,-0.13064849404721146,0.896081940257971,-2.328585927482489,0.020096873851780245,-1.3848974363237478,0.16641956476918648,0.20158152818842756,0.8402884483404928
0.025,wipro,r2_mlp,921,-3.163629851930617,0.03375854061487948,0.973077019460033,-2.247393764130622,0.024851139668386885,-1.1743481885289948,0.2405594726963716,0.22594535797874807,0.8212941041522506
0.025,wipro,gate,921,-3.142179076323315,0.7416128212983352,0.4585112205808,-1.537459620868844,0.12452463184790537,-0.6505235474573933,0.5155165158304106,0.8920811070232176,0.37258272082931965
0.025,wipro,gate_v2,921,-3.1430028012093603,1.074704966476834,0.28278861334356664,-1.608085368311272,0.10815957876589079,-0.8569040542230982,0.39172105943514063,1.217311214582826,0.2237979787339581
0.025,hcltech,r0,921,-3.119425078511798,,,-1.6967154109537066,0.09008873787258122,-0.40788487963193987,0.6834530952697394,-0.42999261638721864,0.6673017087897587
0.025,hcltech,r1,921,-3.070655536237456,1.6967154109537066,0.09008873787258122,,,1.2501483167866456,0.21156326556987556,0.8580701820324883,0.3910771963046867
0.025,hcltech,mean,921,-3.1074831809557097,0.42999261638721864,0.6673017087897587,-0.8580701820324883,0.3910771963046867,0.3184675251383596,0.7502026054091513,,
0.025,hcltech,min_score,921,-3.1120406241049734,0.40788487963193987,0.6834530952697394,-1.2501483167866456,0.21156326556987556,,,-0.3184675251383596,0.7502026054091513
0.025,hcltech,relative_score,921,-3.1169856714010518,0.1340692229111604,0.8933771585653335,-1.2919967498798965,0.1966827180834657,-0.5040721469419706,0.6143313672393511,-0.7652667191200284,0.4443090027122425
0.025,hcltech,r2_linear,921,-3.1238957444559357,-0.5172685616499787,0.6050930348991475,-1.5399589149907877,0.1239142264367223,-0.6004583738572818,0.5483486770668812,-0.6051661028283214,0.5452178754953255
0.025,hcltech,r2_mlp,921,-3.107033709055853,0.6213286584413553,0.5345373160939041,-0.8523521105756428,0.39424051922337844,0.17583330195059618,0.8604636000067585,0.013129319342068659,0.9895274662703943
0.025,hcltech,gate,921,-3.0825121379061566,0.8905920946634244,0.37338087723960095,-0.201238220584631,0.8405567895082946,0.7398321961318328,0.45959056098892515,0.6307094175680079,0.5283871798627563
0.025,hcltech,gate_v2,921,-3.1212873632566756,-0.11793331332469002,0.906146239525844,-1.3772699444800964,0.16876378731145814,-0.5267118840911572,0.5985206465489304,-0.6211875969117786,0.5346300730784047
0.025,mm,r0,920,-3.1897880779544514,,,-1.833919643947449,0.06698914518864921,-0.27933608859997716,0.7800497648501179,-0.6885518582234903,0.49127910164221944
0.025,mm,r1,920,-3.125569317087968,1.833919643947449,0.06698914518864921,,,1.6932084612595228,0.09075469432619224,0.9851615042641919,0.3248040390134813
0.025,mm,mean,920,-3.167222175548372,0.6885518582234903,0.49127910164221944,-0.9851615042641919,0.3248040390134813,0.7007489699669641,0.4836370672659168,,
0.025,mm,min_score,920,-3.186439765251742,0.27933608859997716,0.7800497648501179,-1.6932084612595228,0.09075469432619224,,,-0.7007489699669641,0.4836370672659168
0.025,mm,relative_score,920,-3.1884230843208425,0.20689998417642985,0.8361338012797503,-1.8232997250086798,0.06858273722141942,-0.22963537186544417,0.8184262171159491,-0.7045351884233989,0.4812780411701256
0.025,mm,r2_linear,920,-3.195276282856143,-0.5033600136221996,0.6148318027236807,-1.8692659764600341,0.061903677523277655,-0.6748485342017567,0.49994173917643214,-0.9259244286463169,0.3547283358307713
0.025,mm,r2_mlp,920,-3.1904280519974573,-0.04508664959096629,0.9640480374449925,-1.6925751799801378,0.09087530681319049,-0.3014118282107248,0.7631686623646008,-0.7384267770294128,0.4604436773358013
0.025,mm,gate,920,-3.1661718971074198,0.6853614323361092,0.4932887102146341,-0.8667216503301356,0.38632077141271015,0.718189506574299,0.4728229835204062,0.03253689284851158,0.974050960338504
0.025,mm,gate_v2,920,-3.192185486064673,-0.10375394578323802,0.9173872522520269,-1.6755878286784625,0.09415912032157862,-0.34262267941099617,0.7319606863211233,-1.326231021329614,0.1850926887368847
0.025,eichermot,r0,921,-3.241879202666386,,,1.2370746888282782,0.21637502362283811,0.18419469241627265,0.8539013142649123,-0.570616729007892,0.5683988136116015
0.025,eichermot,r1,921,-3.28072566353627,-1.2370746888282782,0.21637502362283811,,,-1.3026220346009225,0.1930298021340436,-2.090311365371702,0.03686384525781525
0.025,eichermot,mean,921,-3.226793072051045,0.570616729007892,0.5683988136116015,2.090311365371702,0.03686384525781525,1.2945731725949938,0.19579233449888037,,
0.025,eichermot,min_score,921,-3.2449845362768226,-0.18419469241627265,0.8539013142649123,1.3026220346009225,0.1930298021340436,,,-1.2945731725949938,0.19579233449888037
0.025,eichermot,relative_score,921,-3.241287767769538,0.060195229391088324,0.9520132183356651,1.3794764554213932,0.16808310439539736,0.46724920919807506,0.640432233328483,-0.7648348623077867,0.4445660229129055
0.025,eichermot,r2_linear,921,-3.2471435626052343,-0.5102143055287766,0.6100237148406767,1.1912588264072925,0.23385922784135224,-0.13023048598510273,0.8964125442373914,-0.86433253886931,0.38763053618543836
0.025,eichermot,r2_mlp,921,-3.2515099555064864,-0.9229009122962679,0.356300816007931,0.9755213475195733,0.32955814652367754,-0.33208383108930895,0.7399016005743494,-0.8792838868205802,0.37947697032557853
0.025,eichermot,gate,921,-3.1908398523704458,1.5970295363533935,0.11060252040927208,2.152666607410679,0.03160433969854023,1.5539316353294033,0.120544640540268,0.8441368958629805,0.398812352876988
0.025,eichermot,gate_v2,921,-3.2289056752771064,0.8042308402806188,0.42147143110880436,1.8504501794778239,0.06456912257169269,1.2512471205081563,0.21116240781820259,-0.10232218013331457,0.9185232478090447
0.025,heromotoco,r0,921,-3.278341890427159,,,-1.1205949499112646,0.2627527471779645,1.3623032371020187,0.17343562428965822,0.5290330741423023,0.596910119065741
0.025,heromotoco,r1,921,-3.243164843329759,1.1205949499112646,0.2627527471779645,,,1.9276240857347846,0.05420947540775411,1.237596508617431,0.2161814681049445
0.025,heromotoco,mean,921,-3.287045417605566,-0.5290330741423023,0.596910119065741,-1.237596508617431,0.2161814681049445,0.3607583137981252,0.7183629443653047,,
0.025,heromotoco,min_score,921,-3.2929241960362376,-1.3623032371020187,0.17343562428965822,-1.9276240857347846,0.05420947540775411,,,-0.3607583137981252,0.7183629443653047
0.025,heromotoco,relative_score,921,-3.288854010699138,-1.1743591070950448,0.24055510334018818,-1.6986335725328898,0.08972635586018989,1.060801031361958,0.2890587328214683,-0.126519208477522,0.8993485896228114
0.025,heromotoco,r2_linear,921,-3.271905681330209,1.005180916208045,0.3150740413344657,-0.9506200574948587,0.342046942193895,1.9944260171636845,0.04640023436304948,0.8179442753874319,0.4136007950091509
0.025,heromotoco,r2_mlp,921,-3.267922425944987,0.7282431478739543,0.466650068786713,-0.9435981410444465,0.3456227685417913,2.2023960542886303,0.02788474732853684,0.8461845102854666,0.39766985784923803
0.025,heromotoco,gate,921,-3.2278801647142923,1.4465382117095038,0.14836690465688895,0.4501465374318922,0.6527108319966071,2.2214868050024648,0.02656070803597613,1.8117909777933807,0.07034445136784624
0.025,heromotoco,gate_v2,921,-3.2646819251889765,0.9985826689736415,0.318259466475017,-0.7641578463991102,0.4449691208609419,2.6440822103602257,0.008330734643047852,1.4745060724450987,0.14068748473811296
0.025,cipla,r0,921,-3.2674681548505387,,,0.41375207977141953,0.6791521132641893,-1.0737828241873693,0.28320158182554334,-0.46040673879419025,0.6453330981602539
0.025,cipla,r1,921,-3.282220884424451,-0.41375207977141953,0.6791521132641893,,,-0.5660245544172774,0.5715151206276392,-0.8089337394913403,0.4187624034452508
0.025,cipla,mean,921,-3.2514418211127234,0.46040673879419025,0.6453330981602539,0.8089337394913403,0.4187624034452508,0.3495339541886872,0.7267684766220247,,
0.025,cipla,min_score,921,-3.2629319986016516,1.0737828241873693,0.28320158182554334,0.5660245544172774,0.5715151206276392,,,-0.3495339541886872,0.7267684766220247
0.025,cipla,relative_score,921,-3.262734623734019,1.7943064585454358,0.07309249855369511,0.5530607543007484,0.5803561691448155,0.07743790542593242,0.9382920247584077,-0.3313234260320277,0.7404756514323468
0.025,cipla,r2_linear,921,-3.263824367408217,0.5701262513229564,0.56873126938681,0.4588626520127242,0.6464411848013998,-0.10215086620368337,0.9186591863422773,-0.3358562760622794,0.7370558283168094
0.025,cipla,r2_mlp,921,-3.2801900822031103,-1.46734895737376,0.14262291195477494,0.05587767600683013,0.9554513874192017,-1.8230742520062817,0.06861655338153538,-0.8932335905926324,0.3719656817194409
0.025,cipla,gate,921,-3.2560299770013836,0.4080444913986118,0.6833359539807875,0.5418098112310593,0.5880807227050329,0.24301108049717007,0.8080509827821906,-0.15141786145706357,0.879679295718644
0.025,cipla,gate_v2,921,-3.2688751199282526,-0.06259316135824068,0.950104071066127,0.28930510536808035,0.7724130864295048,-0.25752220663812725,0.7968332626417861,-0.638216161637418,0.5234918037371982
0.025,lupin,r0,921,-3.2120605987209907,,,-1.1958535114334692,0.23206185403683918,-1.5186782452439993,0.12918706093872223,-2.992508895795372,0.002840844845708168
0.025,lupin,r1,921,-3.182634132540909,1.1958535114334692,0.23206185403683918,,,0.8306297748122419,0.40639831047427694,0.06231820169164921,0.950322969719609
0.025,lupin,mean,921,-3.1843254777290366,2.992508895795372,0.002840844845708168,-0.06231820169164921,0.950322969719609,2.639931247444876,0.008432669212004612,,
0.025,lupin,min_score,921,-3.2028104451738133,1.5186782452439993,0.12918706093872223,-0.8306297748122419,0.40639831047427694,,,-2.639931247444876,0.008432669212004612
0.025,lupin,relative_score,921,-3.208738536119513,2.3874729736395244,0.017165665689140606,-1.0614817856888412,0.28874957233255366,-1.1232892909882395,0.2616076836337421,-2.7662070131033047,0.005784889538515735
0.025,lupin,r2_linear,921,-3.2119690710070747,0.021319068626725227,0.9829957554768837,-1.20678381545213,0.22782561172300203,-1.3129380927456975,0.18953120287019853,-2.430055393764138,0.015286868356272612
0.025,lupin,r2_mlp,921,-3.217229780554189,-0.5142178312052482,0.6072231943492561,-1.324058361351383,0.18581252693115455,-1.3679802192842825,0.17165229399326695,-2.204362188549737,0.027745803024444328
0.025,lupin,gate,921,-3.2145389460083216,-0.12282824210314244,0.9022699357484951,-0.9958846267879718,0.3195680616733785,-0.6447976890549557,0.5192190457050283,-1.5660861789735003,0.11767231908427683
0.025,lupin,gate_v2,921,-3.207453882288391,0.7068215567528403,0.47985635481864,-1.0198512733329974,0.3080671075461799,-1.282662056111332,0.19993356101695026,-3.312393047649215,0.0009610628285493091
0.025,auropharma,r0,921,-3.0968461537826575,,,-0.956507476916906,0.33906718083207454,-1.660387425934422,0.09717729281111055,-0.8315945571377555,0.4058536187387053
0.025,auropharma,r1,921,-3.0745682596008903,0.956507476916906,0.33906718083207454,,,-0.3197173058454435,0.7492552278260984,0.25052431663461866,0.8022378377006716
0.025,auropharma,mean,921,-3.082165176442784,0.8315945571377555,0.4058536187387053,-0.25052431663461866,0.8022378377006716,-1.8252487253651442,0.06828760757079809,,
0.025,auropharma,min_score,921,-3.064439755031538,1.660387425934422,0.09717729281111055,0.3197173058454435,0.7492552278260984,,,1.8252487253651442,0.06828760757079809
0.025,auropharma,relative_score,921,-3.070148250711752,1.4916790618438964,0.1361260999803443,0.14398869400596706,0.8855409308676149,-2.0000262555263246,0.045791003541007826,1.503551068522138,0.133040181642422
0.025,auropharma,r2_linear,921,-3.0957742553403107,0.1956992087887311,0.8448888179170597,-0.9550134218467915,0.33982177305362343,-1.5332970542128648,0.1255464713542481,-0.7167732749952304,0.4736959236520302
0.025,auropharma,r2_mlp,921,-3.1016758520054277,-0.3717685619724594,0.710150779630887,-1.233571467878862,0.2176776882505767,-1.5497662087417134,0.12154155052312733,-0.8070388955371959,0.4198526604826524
0.025,auropharma,gate,921,-3.0856215203829542,0.38090177012995086,0.703364076007379,-0.3431101219294712,0.7315940014946222,-0.8813347295691965,0.3783668620614484,-0.12185711160524725,0.9030387933549268
0.025,auropharma,gate_v2,921,-3.091316817161219,0.6522669240197921,0.5143919229326666,-0.7125108038378436,0.4763291829583614,-1.8888691725269955,0.059223681578957105,-0.6836989797620656,0.49433742560022065
0.025,jswsteel,r0,921,-3.162891952779817,,,1.222833423966822,0.22170576969840577,1.275292040817493,0.20252783063461557,1.0465051056728127,0.295602753150088
0.025,jswsteel,r1,921,-3.212353333231716,-1.222833423966822,0.22170576969840577,,,0.02380902011780923,0.9810101080235631,-0.4976004395711675,0.6188846017302719
0.025,jswsteel,mean,921,-3.1960550864044186,-1.0465051056728127,0.295602753150088,0.4976004395711675,0.6188846017302719,1.1193303055752448,0.2632913998113068,,
0.025,jswsteel,min_score,921,-3.213119533643293,-1.275292040817493,0.20252783063461557,-0.02380902011780923,0.9810101080235631,,,-1.1193303055752448,0.2632913998113068
0.025,jswsteel,relative_score,921,-3.2055728483472317,-0.9406864089872184,0.34711250724238946,0.19893426226125796,0.8423581222008906,0.927172187518036,0.35408030593345813,-0.48808764694907003,0.6256040627872148
0.025,jswsteel,r2_linear,921,-3.1767535721726845,-1.4303709150255144,0.15295012405938604,0.8710571073204132,0.38395020780302674,0.9543178872939515,0.3401734295484334,0.6221034053685844,0.5340280154631155
0.025,jswsteel,r2_mlp,921,-3.1997015505145807,-1.7247597864980206,0.08490663481192882,0.30972255880135874,0.75684208427292,0.40147396306796046,0.6881644396628506,-0.12379152552575604,0.9015073814735298
0.025,jswsteel,gate,921,-3.1812890143407087,-0.7249726223912282,0.46865317027387887,0.7924477762380052,0.42830392204163925,0.988376519316209,0.3232281497011449,0.5840273680519823,0.5593450642710155
0.025,jswsteel,gate_v2,921,-3.1903539175023807,-1.0901882435521832,0.27591568529973376,0.6558262908792386,0.5120998695661205,0.9587435325163566,0.3379398449353963,0.3700166715513592,0.7114552302394349
0.025,vedl,r0,920,-2.841888983611716,,,-0.3194964332394228,0.7494227083965558,-1.6550546317590946,0.09825484932813787,-1.1709082082736755,0.24193919187467883
0.025,vedl,r1,920,-2.834991040438149,0.3194964332394228,0.7494227083965558,,,-0.2229809659461926,0.8235998710500891,-0.5172833437553214,0.6050828568074434
0.025,vedl,mean,920,-2.8208069388048527,1.1709082082736755,0.24193919187467883,0.5172833437553214,0.6050828568074434,0.565876696587253,0.5716157440390118,,
0.025,vedl,min_score,920,-2.8295463385169195,1.6550546317590946,0.09825484932813787,0.2229809659461926,0.8235998710500891,,,-0.565876696587253,0.5716157440390118
0.025,vedl,relative_score,920,-2.841817856853845,0.43935793078995067,0.6605054922799943,-0.3161457522530155,0.7519636697493834,-1.646368902188196,0.10002973190176007,-1.1686122472496883,0.24286293950061794
0.025,vedl,r2_linear,920,-2.842850174296352,-0.14116315266970564,0.8877719907126568,-0.3840582048209127,0.7010241501017472,-1.1052315636144519,0.26934852649920243,-1.0759771313764628,0.28221987031302986
0.025,vedl,r2_mlp,920,-2.852680922963263,-0.8583987803069518,0.39089612435093074,-0.8921205954541461,0.37256182200751425,-1.4275996286562436,0.15374683424756935,-1.3669013966354064,0.17199048932485797
0.025,vedl,gate,920,-2.808068436649898,1.168958175955129,0.24272360126234965,0.8889924059335411,0.3742397927918059,0.644813761493349,0.5192088084061993,0.3673523301874718,0.7134408018778616
0.025,vedl,gate_v2,920,-2.8202073213126613,1.9517945164076873,0.051266028245717105,0.6873670282967638,0.49202489643485786,0.6910630257029614,0.4897004519597149,0.03873172069209491,0.969112694885424
0.025,sail,r0,921,-2.804430869046044,,,-0.34564462336992885,0.7296888241401349,0.2700850517826975,0.7871553933468752,-0.6670131833993407,0.5049309639037562
0.025,sail,r1,921,-2.7951905729498505,0.34564462336992885,0.7296888241401349,,,0.6892061045582573,0.49086735599263054,-0.36070451544816884,0.7184031517232697
0.025,sail,mean,921,-2.78680310168245,0.6670131833993407,0.5049309639037562,0.36070451544816884,0.7184031517232697,1.275878064738603,0.2023206535358919,,
0.025,sail,min_score,921,-2.8088083216143502,-0.2700850517826975,0.7871553933468752,-0.6892061045582573,0.49086735599263054,,,-1.275878064738603,0.2023206535358919
0.025,sail,relative_score,921,-2.7919797166209226,1.4335256415122946,0.15204742957892792,0.1279332429376046,0.8982297615409113,0.9947193043585651,0.32013435114464867,-0.2356093713805846,0.8137882371636489
0.025,sail,r2_linear,921,-2.803634461553392,0.061417590076465155,0.9510399835179766,-0.24119571426299327,0.8094571757919704,0.18643369360831138,0.852145772410243,-0.46844147704872485,0.6395798777092155
0.025,sail,r2_mlp,921,-2.810936286715276,-0.37611245658940684,0.7069200076066189,-0.42169038034438205,0.6733495376206657,-0.06902861107034225,0.9449818454916662,-0.6245968123891992,0.5323905755202154
0.025,sail,gate,921,-2.785720313235622,0.9084527361867891,0.3638769809385451,0.25443658299928007,0.7992151499430827,0.7434054920736238,0.457426018186574,0.03081126907824786,0.9754267359119992
0.025,sail,gate_v2,921,-2.791998083855306,1.157369698489646,0.2474217430456884,0.11828006943964714,0.9058715678511984,0.9058305391586818,0.3652627195388175,-0.23480064308554432,0.8144157160098043
0.025,britannia,r0,921,-3.4523812996181746,,,-0.8956981100180375,0.37064831040872015,-1.0168056198279387,0.3095132284538666,-1.6990097467418406,0.08965542650920225
0.025,britannia,r1,921,-3.4245405443607266,0.8956981100180375,0.37064831040872015,,,0.5459237755796802,0.5852506821765726,-0.2529515430269158,0.8003621665549271
0.025,britannia,mean,921,-3.414167381508919,1.6990097467418406,0.08965542650920225,0.2529515430269158,0.8003621665549271,1.2164735119418455,0.22411659189263458,,
0.025,britannia,min_score,921,-3.4410382470965497,1.0168056198279387,0.3095132284538666,-0.5459237755796802,0.5852506821765726,,,-1.2164735119418455,0.22411659189263458
0.025,britannia,relative_score,921,-3.4403510388256193,3.7349434087697246,0.00019930898549587057,-0.5022401181116659,0.6156188096233489,0.06576292241833132,0.9475808631963374,-1.2280413851806795,0.21974551546496537
0.025,britannia,r2_linear,921,-3.4351985632972237,2.1368402593877502,0.03287419609708468,-0.3681047990361303,0.7128797689097166,0.5501776728391254,0.5823310622507406,-0.8452548949549756,0.3981883045577607
0.025,britannia,r2_mlp,921,-3.43353311524474,1.205370858289549,0.22837010205361755,-0.318126499106387,0.7504611807111147,0.5399374002894148,0.5893708692791505,-0.6510867849372868,0.5151530507721993
0.025,britannia,gate,921,-3.361433161510885,2.906176203555623,0.0037465101248378035,1.7775603088525256,0.07580637872681828,2.6652339182781883,0.007828267107668823,1.4004297325011419,0.161721833369492
0.025,britannia,gate_v2,921,-3.426644011230902,3.4902426289512065,0.0005054961273858157,-0.06912050395542563,0.944908720347289,1.3501003660735844,0.17731584161449973,-0.5438500286761939,0.5866764430234187
0.025,dabur,r0,921,-3.183348969287921,,,-1.193587262245842,0.23294714637959993,-0.452707127344758,0.650866380747789,-0.46078581978758115,0.6450611777903493
0.025,dabur,r1,921,-3.125414321224182,1.193587262245842,0.23294714637959993,,,0.9424954032129572,0.3461864849391694,0.5782409754738277,0.5632429490943811
0.025,dabur,mean,921,-3.1681006217626,0.46078581978758115,0.6450611777903493,-0.5782409754738277,0.5632429490943811,0.32011799202646707,0.7489515737921899,,
0.025,dabur,min_score,921,-3.1757472744270876,0.452707127344758,0.650866380747789,-0.9424954032129572,0.3461864849391694,,,-0.32011799202646707,0.7489515737921899
0.025,dabur,relative_score,921,-3.1758086981202793,1.0107393798963433,0.31240693187831037,-0.9652926164135792,0.33465193385005626,-0.004613209748027377,0.9963202043162569,-0.2750821468248115,0.7833148920372847
0.025,dabur,r2_linear,921,-3.1768298873190908,0.8596223519998549,0.3902211840544258,-1.0687736894298852,0.28545199984542646,-0.0595676502658804,0.952512920281424,-0.24802110326224402,0.8041734249277244
0.025,dabur,r2_mlp,921,-3.166405814662407,1.3721686425331407,0.17034540829236464,-0.9013649718163443,0.36763019949038117,0.48748533618404016,0.6260305697466945,0.04460506944201873,0.9644317812539602
0.025,dabur,gate,921,-3.0793066635719195,2.2694235874744244,0.023473336623882082,0.8186277681471879,0.41321080740353777,2.6066542506206583,0.009291071918611041,1.8574460853064707,0.06356707758190094
0.025,dabur,gate_v2,921,-3.146437451531426,2.6854485729956123,0.007373651375369116,-0.44046139897603037,0.6597064327028622,1.866823437904282,0.06224414801712301,0.6848452428250259,0.493614077707443
0.025,marico,r0,921,-3.4016423871668984,,,-1.261647191813226,0.2073955481574691,-0.27917195781679643,0.7801756066662145,-1.162139846798281,0.24548005109352278
0.025,marico,r1,921,-3.3742830529988272,1.261647191813226,0.2073955481574691,,,0.9720257419762224,0.33129322931745603,0.01626234926394045,0.9870286204329098
0.025,marico,mean,921,-3.3748101590493866,1.162139846798281,0.24548005109352278,-0.01626234926394045,0.9870286204329098,1.922219080996621,0.05488674564297899,,
0.025,marico,min_score,921,-3.3976487823189596,0.27917195781679643,0.7801756066662145,-0.9720257419762224,0.33129322931745603,,,-1.922219080996621,0.05488674564297899
0.025,marico,relative_score,921,-3.386246635783297,1.7562126970433438,0.07938479976468286,-0.5252571495632555,0.5995310006620399,1.404372006879404,0.16054560489793493,-0.6562077373437568,0.511854554165441
0.025,marico,r2_linear,921,-3.4073503184351055,-1.0023442678511856,0.316440904992752,-1.5757398910601292,0.11542954448870449,-0.6372786698445663,0.5241018946295416,-1.3822396355473128,0.167233609745135
0.025,marico,r2_mlp,921,-3.403319798487287,-0.19734870368095278,0.8435982601566338,-1.4690846475340327,0.14215167655899164,-0.34271353921172865,0.7318922619553723,-1.1431336181611662,0.2532804944695282
0.025,marico,gate,921,-3.4067800474136654,-0.20951515297785991,0.8340924919318157,-1.0095781060789109,0.3129629093856913,-0.4183878301680478,0.6757612273618063,-1.6237928260579289,0.10476258200257658
0.025,marico,gate_v2,921,-3.3985765255213436,0.21729362760360468,0.8280277023261134,-0.999012392088222,0.3180513686883731,-0.10987562880330183,0.9125319729568544,-1.6036303770571947,0.10913877592378529
0.025,ntpc,r0,921,-3.365649285885487,,,-0.9380300768454692,0.34847513949799513,-0.746387476088416,0.45562406284868984,-0.8587322599844102,0.39071192475966177
0.025,ntpc,r1,921,-3.334664660003226,0.9380300768454692,0.34847513949799513,,,0.7650940945855985,0.44441173025883807,0.26923491720393655,0.7878092807761421
0.025,ntpc,mean,921,-3.3465829528362447,0.8587322599844102,0.39071192475966177,-0.26923491720393655,0.7878092807761421,0.5080553034948004,0.6115363467647946,,
0.025,ntpc,min_score,921,-3.35839995115024,0.746387476088416,0.45562406284868984,-0.7650940945855985,0.44441173025883807,,,-0.5080553034948004,0.6115363467647946
0.025,ntpc,relative_score,921,-3.3613251310034427,0.5060864499822856,0.6129172060735057,-0.7389074659558716,0.4601516553955007,-0.2910548590548134,0.7710749662561139,-0.9397156410038595,0.3476100927554022
0.025,ntpc,r2_linear,921,-3.360984592318159,0.35129034349318056,0.7254509713580966,-0.7078516214646645,0.479216688013405,-0.15429875871045878,0.877408017010469,-0.45584173123864846,0.6486113667068532
0.025,ntpc,r2_mlp,921,-3.3634833575641165,0.13696177514894387,0.8910909753903545,-0.8016038224775707,0.422989153239956,-0.28385339719263014,0.7765865994143546,-0.5098464943303643,0.6102812917074903
0.025,ntpc,gate,921,-3.3464091090522756,0.8371299935620815,0.40273690189383893,-0.2916031576750244,0.7706557962835094,0.551597812169988,0.581357882719168,0.004550284429897594,0.9963703972872686
0.025,ntpc,gate_v2,921,-3.3543250041267325,1.2508577193507715,0.21130440339593984,-0.5399901926322443,0.5893344758850061,0.386577111687752,0.6991586970924332,-0.34983570780291906,0.7265420670526839
0.025,powergrid,r0,921,-3.2021828712118015,,,-2.5825749628053294,0.009960068426229434,0.7057073595784764,0.4805487924078524,1.5565631271732479,0.11991815823886495
0.025,powergrid,r1,921,-3.0951127177324786,2.5825749628053294,0.009960068426229434,,,2.325933256330614,0.02023864260826421,2.5373291524394976,0.011334313406797874
0.025,powergrid,mean,921,-3.258626678750694,-1.5565631271732479,0.11991815823886495,-2.5373291524394976,0.011334313406797874,-1.2249107889086235,0.22092235932427687,,
0.025,powergrid,min_score,921,-3.229434704411794,-0.7057073595784764,0.4805487924078524,-2.325933256330614,0.02023864260826421,,,1.2249107889086235,0.22092235932427687
0.025,powergrid,relative_score,921,-3.2378004485389433,-0.9361020983779272,0.3494662739160219,-2.4726980438086605,0.013589534228388536,-0.7701009871641895,0.44143768476040124,0.9870609071920599,0.32387229777589266
0.025,powergrid,r2_linear,921,-3.1963290277878347,0.511107935584111,0.6093981104889953,-2.296168884764825,0.02189026300493535,0.7601772808829088,0.44734338341391494,1.485592996071205,0.13772937982509792
0.025,powergrid,r2_mlp,921,-3.2262076377509357,-1.6530907023208674,0.09865357619780243,-2.7821499511041723,0.0055104899117492155,0.09685015707627612,0.9228664851453154,0.9768242452821203,0.3289129497711695
0.025,powergrid,gate,921,-3.2087067068592794,-0.27819667007764615,0.7809239009846142,-2.1863442582951564,0.029041754709787183,0.6101613278468141,0.5419056261564422,1.524513101451173,0.1277242510300695
0.025,powergrid,gate_v2,921,-3.226129053401578,-1.4783549693861606,0.13965506367436703,-2.693722872462097,0.007194513104950642,0.091043934562462,0.9274774996778564,1.1125837504683318,0.26617786908776214
0.025,bpcl,r0,921,-3.0261400341721933,,,-0.8643049830443341,0.38764566155027425,1.669399616254149,0.09537841093648922,1.383001814135777,0.16699985987873528
0.025,bpcl,r1,921,-2.9924731449945927,0.8643049830443341,0.38764566155027425,,,1.5620173120246168,0.11862780914134853,1.3601749985748495,0.17410773748055378
0.025,bpcl,mean,921,-3.052179729678586,-1.383001814135777,0.16699985987873528,-1.3601749985748495,0.17410773748055378,0.17160510167926085,0.8637857338018389,,
0.025,bpcl,min_score,921,-3.054028036012458,-1.669399616254149,0.09537841093648922,-1.5620173120246168,0.11862780914134853,,,-0.17160510167926085,0.8637857338018389
0.025,bpcl,relative_score,921,-3.0463082898280702,-1.1359290019668973,0.2562820968104391,-1.2512611498458486,0.2111572932943313,0.7680366203192558,0.44266251305540155,2.078587057139122,0.03793198022610678
0.025,bpcl,r2_linear,921,-3.0344621657453787,-0.7241126207144721,0.46918068662493084,-1.0174529467237965,0.3092054928398399,1.435370554875299,0.15152141141273695,1.0577335948716944,0.2904545610233809
0.025,bpcl,r2_mlp,921,-3.035001283226732,-0.6126744680920634,0.5402430160468303,-1.0165412130056368,0.3096389842709883,1.1703229087267386,0.24217411372808134,0.8797562508139856,0.3792211049903699
0.025,bpcl,gate,921,-2.9850607283626616,1.137188947900762,0.2557553977581546,0.13315009345297535,0.8941037966032884,1.8476582928291232,0.06497264163394598,1.7288264213467064,0.08417564821084542
0.025,bpcl,gate_v2,921,-3.0461476377512318,-1.3116992695904652,0.18994884870539025,-1.3241742297347574,0.18577406641540212,0.7783218547439625,0.43657941769667574,0.549303513340748,0.5829304765262991
0.025,ultracemco,r0,921,-3.388736350198494,,,1.4183437620252193,0.15642906698656425,1.5093650439315651,0.1315488630372664,0.8074513934912192,0.4196151748570966
0.025,ultracemco,r1,921,-3.436876460697892,-1.4183437620252193,0.15642906698656425,,,0.6607756023388373,0.5089216527781859,-0.2415950599012418,0.8091477873463409
0.025,ultracemco,mean,921,-3.427083391145111,-0.8074513934912192,0.4196151748570966,0.2415950599012418,0.8091477873463409,2.837330200642457,0.0046492199330822395,,
0.025,ultracemco,min_score,921,-3.4627994164311353,-1.5093650439315651,0.1315488630372664,-0.6607756023388373,0.5089216527781859,,,-2.837330200642457,0.0046492199330822395
0.025,ultracemco,relative_score,921,-3.4589574494974205,-1.3959494304110955,0.16306648752702255,-0.5964299361504503,0.5510347698745435,0.4042332284887537,0.6861351727776873,-1.7870828185221148,0.07425323532772202
0.025,ultracemco,r2_linear,921,-3.407083737446749,-1.3043350376480005,0.19244558479737356,1.0970927513402193,0.27288791696427095,1.210441295004647,0.2264204881672165,0.4536016946701702,0.6502225071342475
0.025,ultracemco,r2_mlp,921,-3.394709744229729,-0.40097536286124746,0.6885313694188969,1.1989216475680489,0.23086712640546633,1.246218045448261,0.2130015886964678,0.5939509792631668,0.5526909111544104
0.025,ultracemco,gate,921,-3.3816853137169,0.30132921486677877,0.7632315576607673,1.3233183041557588,0.18605831529078806,1.6591781320993564,0.09742072847100833,0.9280927182187757,0.35360289867687633
0.025,ultracemco,gate_v2,921,-3.4138794748013157,-0.9099427977443149,0.36309100527252325,0.9053989678094315,0.36549110569328735,1.5644022156760626,0.11806702708165917,0.4524329816155073,0.6510637521013408
0.025,grasim,r0,921,-3.312647567837678,,,0.5034973567508303,0.6147351681796371,1.3980056249268267,0.1624483257692745,0.9013766345902585,0.3676240038727706
0.025,grasim,r1,921,-3.3263908323807896,-0.5034973567508303,0.6147351681796371,,,0.804270832705123,0.42144835080787796,0.3724768266113741,0.709623649731997
0.025,grasim,mean,921,-3.3426758373948386,-0.9013766345902585,0.3676240038727706,-0.3724768266113741,0.709623649731997,1.7083968156107132,0.08790004863750678,,
0.025,grasim,min_score,921,-3.3640642877921,-1.3980056249268267,0.1624483257692745,-0.804270832705123,0.42144835080787796,,,-1.7083968156107132,0.08790004863750678
0.025,grasim,relative_score,921,-3.367600658050293,-1.3991436991886723,0.162106944289069,-0.83316378328582,0.40496860675538154,-0.7688620339254675,0.4421725459768673,-1.9424867369088459,0.052383046606207816
0.025,grasim,r2_linear,921,-3.325063261406162,-1.7525629242848124,0.08001015416470804,0.045863067544348296,0.9634293439677577,1.1082057860257408,0.2680625825369123,0.5447791021674765,0.5860374788366872
0.025,grasim,r2_mlp,921,-3.336399708430281,-2.128970029825228,0.03352180400986653,-0.3386416819478921,0.7349569491070798,0.7977268484282619,0.42523486604040284,0.20007130493339814,0.8414690299499714
0.025,grasim,gate,921,-3.3209288161851,-0.4533673556164748,0.6503911497120161,0.1981647965228365,0.8429599078711026,1.259879000162931,0.20803251046771712,0.7202792458235704,0.4715360363852759
0.025,grasim,gate_v2,921,-3.32191382176621,-0.5298511897497582,0.596342951331749,0.1624775603937708,0.8709654763985639,1.6333849109569412,0.10273021891952755,0.907708642458364,0.36426987316897164
0.025,ambujacem,r0,921,-2.7312914154609667,,,-2.495068744383878,0.012767593327137828,0.635071638949045,0.5255396025013483,0.9489998677734366,0.3428698933971514
0.025,ambujacem,r1,921,-2.6519446547309524,2.495068744383878,0.012767593327137828,,,1.8305831864187947,0.06748612900696109,2.013458632065115,0.04435720103880612
0.025,ambujacem,mean,921,-2.7674084566874297,-0.9489998677734366,0.3428698933971514,-2.013458632065115,0.04435720103880612,-0.37400187454237593,0.7084890970888479,,
0.025,ambujacem,min_score,921,-2.7603333097509353,-0.635071638949045,0.5255396025013483,-1.8305831864187947,0.06748612900696109,,,0.37400187454237593,0.7084890970888479
0.025,ambujacem,relative_score,921,-2.753591022864722,-0.5375226029718227,0.5910366639037212,-1.6518302420067181,0.09891040168433116,0.3033460508426943,0.7616947377913968,1.0889099624513425,0.27647874616084
0.025,ambujacem,r2_linear,921,-2.731017477922388,0.019637975908515782,0.9843364273513016,-2.251062861652443,0.024616907295980248,0.5365034986591901,0.5917403206449808,0.7961864457133854,0.4261290670495316
0.025,ambujacem,r2_mlp,921,-2.7360924462588425,-0.23896219205886635,0.8111881201690504,-2.229114984419149,0.026047067042631794,0.4773456869359799,0.6332293594540093,0.7357016671575763,0.46209979313591243
0.025,ambujacem,gate,921,-2.713925572566151,0.4985934872168693,0.6181849748715945,-1.404575559961353,0.16048504848687356,1.2302552233333384,0.21891602102740626,1.3263067599453624,0.18506726210743654
0.025,ambujacem,gate_v2,921,-2.764736002817703,-1.473096816368457,0.1410669677561615,-2.3718149773723463,0.017905908571640816,-0.10954062875412535,0.9127975866956575,0.09583456638917237,0.9236728341033443
0.025,asianpaint,r0,921,-3.29582817047762,,,-2.0414778187528793,0.04148820281735159,-1.2111153034909694,0.22616222609450173,-1.0562243038080197,0.2911430243719469
0.025,asianpaint,r1,921,-3.2175828432718134,2.0414778187528793,0.04148820281735159,,,1.051501503046781,0.2933044265981113,1.0097837796973463,0.3128643924860987
0.025,asianpaint,mean,921,-3.263792634772339,1.0562243038080197,0.2911430243719469,-1.0097837796973463,0.3128643924860987,-0.29475716283843556,0.7682458905142014,,
0.025,asianpaint,min_score,921,-3.256043832593102,1.2111153034909694,0.22616222609450173,-1.051501503046781,0.2933044265981113,,,0.29475716283843556,0.7682458905142014
0.025,asianpaint,relative_score,921,-3.227995070302089,1.5382167876948836,0.12433946061904434,-0.2396058068972424,0.8106892336167217,2.13155186901639,0.033308160922072894,1.0516643283258276,0.2932297301373727
0.025,asianpaint,r2_linear,921,-3.309229417767242,-1.6170235396472115,0.10621600183101206,-2.26522197104332,0.023730871930767772,-1.6152425417177285,0.10660104522374579,-1.4558873160836656,0.1457649254454262
0.025,asianpaint,r2_mlp,921,-3.310238760507329,-0.8899649514088367,0.37371736238677944,-2.2582984208496186,0.024160603952288758,-1.6153187995259077,0.10658453596611785,-1.4583117240033443,0.14509592763549062
0.025,asianpaint,gate,921,-3.2478922246512254,1.518310565097305,0.12927967384079106,-0.7072265530706697,0.4796047978071533,0.25089138712239895,0.8019541055962801,0.44397719307145544,0.6571634769736522
0.025,asianpaint,gate_v2,921,-3.2745354652377463,1.2026177103237066,0.2294337070906564,-1.4476122982951423,0.14806617778577866,-0.8202313422684071,0.41229669606132746,-0.45975054600375875,0.6458039071625705
0.025,upl,r0,921,-2.921394337723014,,,-0.41347347892507386,0.679356108007197,-0.5919692007297148,0.5540166543338354,-2.1302053024333047,0.03341944111589603
0.025,upl,r1,921,-2.9009364392704025,0.41347347892507386,0.679356108007197,,,0.038167808734316896,0.9695621673959718,-0.7581526287617011,0.448553777639388
0.025,upl,mean,921,-2.8595155384409767,2.1302053024333047,0.03341944111589603,0.7581526287617011,0.448553777639388,2.055232824867741,0.04013837203697257,,
0.025,upl,min_score,921,-2.902700912729833,0.5919692007297148,0.5540166543338354,-0.038167808734316896,0.9695621673959718,,,-2.055232824867741,0.04013837203697257
0.025,upl,relative_score,921,-2.886128424439391,0.9326687669655592,0.35123571293538436,0.30640971790304306,0.7593620393917879,2.1232028713395255,0.03400327130867658,-1.1412035301498027,0.2540821963693684
0.025,upl,r2_linear,921,-2.9303142930766874,-1.4885479183737982,0.13694913944611956,-0.5776779961890387,0.5636228878056341,-0.813543616224102,0.4161169467223364,-2.308548305149619,0.02118957612160747
0.025,upl,r2_mlp,921,-2.9564513042132288,-2.9726647510861355,0.003029208005198516,-1.0249183176628405,0.3056711374132258,-1.4486505484443661,0.14777592811600282,-2.960905435399775,0.003146144766028714
0.025,upl,gate,921,-2.884812285952144,1.118004752780575,0.26385681413329065,0.3517453816967843,0.7251097699731767,0.43656262370018767,0.6625310080313941,-0.7318696570924039,0.4644345123207028
0.025,upl,gate_v2,921,-2.900102287303384,1.1625576464849012,0.24531049674615746,0.016391946067861096,0.9869252590316161,0.08826762281299053,0.9296831811020446,-1.9959818699802265,0.04623029664837528
0.025,pidilitind,r0,921,-3.3145362400131275,,,-1.2418210856462684,0.2146190665873862,1.401297107370436,0.1614624833319819,1.4592560871159757,0.14483597590974515
0.025,pidilitind,r1,921,-3.2604505288024885,1.2418210856462684,0.2146190665873862,,,1.7578815759174524,0.07910018223170999,1.5912219191817218,0.11190316950973789
0.025,pidilitind,mean,921,-3.3700773676993845,-1.4592560871159757,0.14483597590974515,-1.5912219191817218,0.11190316950973789,-1.0634653985995621,0.28784999961567803,,
0.025,pidilitind,min_score,921,-3.3395638798462253,-1.401297107370436,0.1614624833319819,-1.7578815759174524,0.07910018223170999,,,1.0634653985995621,0.28784999961567803
0.025,pidilitind,relative_score,921,-3.3549420591461976,-1.32166773889095,0.18660736926077945,-1.7770585810716775,0.07588894255466473,-1.1131140812815539,0.26595018357830763,0.6014313251943474,0.5477009024678867
0.025,pidilitind,r2_linear,921,-3.331489952648477,-1.2984536458442133,0.19445687542664802,-1.5352458165638743,0.12506727139168622,0.4336142665140337,0.6646702266520643,1.0356401036015015,0.30064221005221525
0.025,pidilitind,r2_mlp,921,-3.33236870440839,-0.9547813573408718,0.33993907698154086,-1.5369045488658253,0.12466051596948328,0.2978880208328905,0.7658558879020322,0.9056882882971743,0.36533798836813186
0.025,pidilitind,gate,921,-3.2673993657420217,1.4104990269061193,0.1587303989811661,-0.1219177589378947,0.9029907753388458,1.8215963826548887,0.06884086335064805,1.8899097393144715,0.05908417954232075
0.025,pidilitind,gate_v2,921,-3.324402829375228,-0.522575450349093,0.601395540876018,-1.2454569790040824,0.21328092406663418,0.9187400165803691,0.35847237782999586,1.435040949625887,0.1516152858275115
0.025,ALL,r0,919,-3.1808255228389246,,,-3.571953978269732,0.0003727415232893122,-0.09318272022892482,0.9257787340228049,-0.5252436622218233,0.5995406472920267
0.025,ALL,r1,919,-3.1479459729028036,3.571953978269732,0.0003727415232893122,,,3.547647564079865,0.0004083684062873779,2.2388981185940335,0.025401448307729235
0.025,ALL,mean,919,-3.17516442417517,0.5252436622218233,0.5995406472920267,-2.2388981185940335,0.025401448307729235,0.9311597048106355,0.3520157674725246,,
0.025,ALL,min_score,919,-3.1799465719541757,0.09318272022892482,0.9257787340228049,-3.547647564079865,0.0004083684062873779,,,-0.9311597048106355,0.3520157674725246
0.025,ALL,relative_score,919,-3.178698062989973,0.24060176079419218,0.8099175063542781,-3.318910118825487,0.0009392515648683904,0.5598381835516323,0.5757263901872437,-0.7669013204309281,0.4433373655523926
0.025,ALL,r2_linear,919,-3.1823928099119647,-0.39326803727357307,0.6942128350991305,-3.372193369717265,0.0007768749289349547,-0.22853164202094572,0.8192838569136265,-0.604341373015297,0.5457660310284812
0.025,ALL,r2_mlp,919,-3.184446682666865,-0.8078467340593724,0.4193880962740503,-3.7116619548815906,0.00021829713765325487,-0.43358068781100606,0.6646948273301113,-0.7812654424177568,0.4348478206929482
0.025,ALL,gate,919,-3.146024738989111,3.471182298010523,0.0005423231404259297,0.16083654093685482,0.872257530762332,2.761951491513755,0.005860440628668218,2.083945385116346,0.03744118605397997
0.025,ALL,gate_v2,919,-3.1742554127581792,1.1127907295694996,0.26608962441271655,-2.812758833139649,0.005016646120215564,0.8278330290105951,0.407980218090411,0.12028182455465562,0.9042862207695967
0.05,hdfcbank,r0,921,-3.540253967207802,,,-2.396187243375955,0.016765451238387744,-2.168880756187511,0.030347296534673076,-1.46283065551407,0.14385525207802216
0.05,hdfcbank,r1,921,-3.4740477487456904,2.396187243375955,0.016765451238387744,,,0.8995305026803894,0.36860553577071875,1.2234806018864743,0.22146149417766714
0.05,hdfcbank,mean,921,-3.5124240219105554,1.46283065551407,0.14385525207802216,-1.2234806018864743,0.22146149417766714,-1.0973393875194326,0.2727801846810628,,
0.05,hdfcbank,min_score,921,-3.492168410654624,2.168880756187511,0.030347296534673076,-0.8995305026803894,0.36860553577071875,,,1.0973393875194326,0.2727801846810628
0.05,hdfcbank,relative_score,921,-3.5005951002655378,2.2160793419398455,0.026930105002046904,-1.2517214092819742,0.21098955124527755,-1.0103704293396312,0.31258350188297146,0.7556451052571609,0.4500554244124813
0.05,hdfcbank,r2_linear,921,-3.5382142162569363,0.3405164555889814,0.7335453704677606,-2.450645716633344,0.014445260153721549,-2.2774058689924597,0.02299075460900345,-1.5017885643312678,0.13349485408462178
0.05,hdfcbank,r2_mlp,921,-3.5417634272176683,-0.13527048461917168,0.8924276098795135,-2.236320510294912,0.02556980709186865,-2.076610256641419,0.03811464835134158,-1.6549297512439467,0.09827981719502611
0.05,hdfcbank,gate_v2,921,-3.5218446757435817,1.522612068379341,0.12819941984151237,-2.0629197188717003,0.039400411594241826,-1.9880098240284854,0.0471066171714946,-0.6434009580633252,0.520124300103558
0.05,kotakbank,r0,921,-3.4642227669998165,,,-1.297638146506496,0.1947369712018318,-0.5975088435374202,0.5503147378861696,-1.2601975414368924,0.20791765634595408
0.05,kotakbank,r1,921,-3.4243411751447748,1.297638146506496,0.1947369712018318,,,1.508688978608855,0.1317216079631504,0.5326832857733561,0.5943814707559225
0.05,kotakbank,mean,921,-3.4408839286407993,1.2601975414368924,0.20791765634595408,-0.5326832857733561,0.5943814707559225,0.712557049888502,0.4763005701389833,,
0.05,kotakbank,min_score,921,-3.45360776029865,0.5975088435374202,0.5503147378861696,-1.508688978608855,0.1317216079631504,,,-0.712557049888502,0.4763005701389833
0.05,kotakbank,relative_score,921,-3.4502746053127242,0.9080968780078825,0.3640648460661826,-1.2065278553018677,0.22792417850561414,0.5298059867745004,0.5963742823786315,-0.6012836359505174,0.5477992070744578
0.05,kotakbank,r2_linear,921,-3.4631419204239435,0.14772497575561686,0.8825921886172007,-1.450021888006893,0.14739322885153408,-0.6931204229969417,0.4884089162296366,-1.212572466037356,0.2256046001164619
0.05,kotakbank,r2_mlp,921,-3.4514135571116986,1.0095051479762285,0.31299786096165194,-1.1593289207964224,0.24662294084904493,0.16842666413403792,0.8662846523431126,-0.49699373293086196,0.6193122120489727
0.05,kotakbank,gate_v2,921,-3.450135871206619,1.1812409009631772,0.23781230236164022,-1.0126361247796285,0.311500238942123,0.29132011317348555,0.7708721732045805,-0.6217175516976049,0.5342816360176397
0.05,axisbank,r0,921,-3.389387182716151,,,0.16251430833087938,0.8709365486187104,0.78462002801339,0.43287836609733676,-0.2307381335008769,0.817569546435528
0.05,axisbank,r1,921,-3.3920834419796475,-0.16251430833087938,0.8709365486187104,,,0.661019906737079,0.5087650404559256,-0.3475139879980844,0.7282846976164348
0.05,axisbank,mean,921,-3.3853077170975014,0.2307381335008769,0.817569546435528,0.3475139879980844,0.7282846976164348,1.6712821102125706,0.095006048516146,,
0.05,axisbank,min_score,921,-3.4025058368829106,-0.78462002801339,0.43287836609733676,-0.661019906737079,0.5087650404559256,,,-1.6712821102125706,0.095006048516146
0.05,axisbank,relative_score,921,-3.3992471548480614,-0.5012086864029178,0.6163441613940687,-0.4066989395786033,0.6843237120226137,0.9655751570198335,0.3345105529729463,-1.2212542241389048,0.22230264569453762
0.05,axisbank,r2_linear,921,-3.3907624127312426,-0.27346180160444655,0.7845596288731308,0.08613677584687443,0.9313764315588725,0.7497385770498542,0.45360384062390524,-0.3232273944373295,0.7465964880865315
0.05,axisbank,r2_mlp,921,-3.386575601053316,0.30438928849807867,0.7609001642775692,0.3381703752411517,0.7353119527222588,0.8510852763004394,0.3949434438873306,-0.06035234451269275,0.9518881203560727
0.05,axisbank,gate_v2,921,-3.3989674416502127,-0.836181928858108,0.40326968576509814,-0.43865045683618537,0.6610178185396535,0.2676287404374113,0.7890450923666443,-1.052423481598069,0.29288163567949965
0.05,tcs,r0,921,-3.4774674819086626,,,-1.842859990826162,0.0656710203921123,-0.9720591021222421,0.3312766427229017,-0.4392182548649172,0.6606065376654715
0.05,tcs,r1,921,-3.4324467612859726,1.842859990826162,0.0656710203921123,,,2.1780143475553393,0.02965831854994286,1.3367732185564392,0.18162713898290736
0.05,tcs,mean,921,-3.4683810165554974,0.4392182548649172,0.6606065376654715,-1.3367732185564392,0.18162713898290736,-0.27105238473146454,0.7864115447056768,,
0.05,tcs,min_score,921,-3.463510788263896,0.9720591021222421,0.3312766427229017,-2.1780143475553393,0.02965831854994286,,,0.27105238473146454,0.7864115447056768
0.05,tcs,relative_score,921,-3.4627297632140634,0.7489404036873615,0.454084562291161,-1.8565731263977465,0.0636914071618455,0.09498663197811784,0.9243461291575022,0.28777604236626114,0.7735829893320224
0.05,tcs,r2_linear,921,-3.4754395622776397,0.49072972913975343,0.6237346413341225,-1.850918032449173,0.06450170558270357,-0.8637379814050734,0.387956968169499,-0.3426593182574284,0.7319330434039713
0.05,tcs,r2_mlp,921,-3.4715162000405853,0.5545757492129303,0.5793196682796526,-1.969292433346773,0.049219244431223955,-0.6024352248169417,0.5470329205171218,-0.1376837212563864,0.8905205123063232
0.05,tcs,gate_v2,921,-3.4344347400784856,2.1490383870120104,0.03189167259756335,-0.13817522386737127,0.8901321721529242,2.752200857453035,0.006036072749925749,1.8539477828034348,0.06406652987279857
0.05,wipro,r0,921,-3.338249628619419,,,-2.2799875623759207,0.022836532390559425,-0.9575664202594474,0.338533000135088,0.26979806277121554,0.7873761163315771
0.05,wipro,r1,921,-3.2594457648272206,2.2799875623759207,0.022836532390559425,,,1.6402283094059444,0.1012995394788038,1.908761780359399,0.05660375728468985
0.05,wipro,mean,921,-3.3440223260965767,-0.26979806277121554,0.7873761163315771,-1.908761780359399,0.05660375728468985,-1.1749702512487992,0.24031062695170846,,
0.05,wipro,min_score,921,-3.316872694916288,0.9575664202594474,0.338533000135088,-1.6402283094059444,0.1012995394788038,,,1.1749702512487992,0.24031062695170846
0.05,wipro,relative_score,921,-3.3175582073842804,0.89940000986732,0.36867497656070247,-1.6915515407901407,0.09107016999357276,-0.11944700366596514,0.9049473015570698,1.2308961580590403,0.21867629267748578
0.05,wipro,r2_linear,921,-3.337526515752008,0.13664151921399448,0.8913440514199549,-2.3100369617029854,0.021106649279941457,-0.9477430731845703,0.3435091356956297,0.3066558771266259,0.759174706793026
0.05,wipro,r2_mlp,921,-3.34387248391726,-0.42711492508884463,0.6693955602201728,-2.417498570863237,0.015821082400074883,-1.0947865162853,0.27389670615922956,0.006578507240367645,0.9947525746641123
0.05,wipro,gate_v2,921,-3.326263908732037,0.6282076735539491,0.5300238162842091,-1.7438631504633977,0.08151695741842227,-0.5089572572650507,0.6109042209271288,0.9345237584367831,0.35027899930360956
0.05,hcltech,r0,921,-3.3520392786928626,,,-1.0291350235080279,0.30368671389844787,-0.37478355228624255,0.7079078222655104,-0.32127193710884494,0.7480772917133076
0.05,hcltech,r1,921,-3.338093850912794,1.0291350235080279,0.30368671389844787,,,0.7771685598940417,0.4372591112515344,0.3069241095675779,0.758970592104486
0.05,hcltech,mean,921,-3.3458571571868636,0.32127193710884494,0.7480772917133076,-0.3069241095675779,0.758970592104486,0.24880058727223697,0.8035705663822983,,
0.05,hcltech,min_score,921,-3.349634447082333,0.37478355228624255,0.7079078222655104,-0.7771685598940417,0.4372591112515344,,,-0.24880058727223697,0.8035705663822983
0.05,hcltech,relative_score,921,-3.3567854400912394,-0.7297372981653073,0.4657365312852973,-1.1528668026369722,0.24926450868152675,-1.2624769702986618,0.20709712303226605,-0.8110064529795189,0.41757171679165933
0.05,hcltech,r2_linear,921,-3.351684143514324,0.07852870121340128,0.937424576682474,-0.8833613976382807,0.37727180924994236,-0.2584500352795245,0.7961174127115547,-0.2981562482027218,0.7656512346280999
0.05,hcltech,r2_mlp,921,-3.3481119232172247,0.3606939276730849,0.7184110648174719,-0.508065575430287,0.6115291461421121,0.11906174199916113,0.9052524325540838,-0.10253220630551534,0.9183565941564766
0.05,hcltech,gate_v2,921,-3.3536093891141445,-0.17657724897678187,0.8598793283996039,-0.8967733150981988,0.37007448611725685,-0.45546298504323857,0.6488836634849613,-0.5240274742572343,0.6003856476749442
0.05,mm,r0,920,-3.340810087436675,,,-2.4056516021595833,0.016340318715805748,-0.31179853682306713,0.7552643585373398,-0.2254701504357806,0.8216636729782588
0.05,mm,r1,920,-3.2880934554424535,2.4056516021595833,0.016340318715805748,,,2.2491857371505333,0.024736757988996248,1.5074619140290204,0.1320359648017689
0.05,mm,mean,920,-3.335713446484087,0.2254701504357806,0.8216636729782588,-1.5074619140290204,0.1320359648017689,0.08224307525166323,0.9344713290173039,,
0.05,mm,min_score,920,-3.337226815546288,0.31179853682306713,0.7552643585373398,-2.2491857371505333,0.024736757988996248,,,-0.08224307525166323,0.9344713290173039
0.05,mm,relative_score,920,-3.343780773541364,-0.44379567642955686,0.6572947835897628,-2.5890507876334876,0.009776216318124968,-1.0223051239912182,0.3069055378595118,-0.40256224617151976,0.6873639077737597
0.05,mm,r2_linear,920,-3.345532552027193,-0.7564027323866526,0.4496016245598194,-2.4870813920161363,0.013056054529387651,-0.7159585817207823,0.47419880001651393,-0.45969476507770807,0.6458440539049691
0.05,mm,r2_mlp,920,-3.334972737974785,0.5529074674904187,0.5804612366406903,-1.9898471592383615,0.0469037400910714,0.1680814200772938,0.8665562078653081,0.030271785705460616,0.9758568706779008
0.05,mm,gate_v2,920,-3.3460499409414264,-0.39133990436912447,0.6956367219547923,-2.32369314240915,0.020359279263702894,-0.8053747926858765,0.4208117565590625,-0.7379749775693714,0.4607180505029934
0.05,eichermot,r0,921,-3.4273708059329837,,,1.9358797007669983,0.053188503114208134,0.927512770463572,0.3539036246857028,0.44936651594318205,0.6532731227575933
0.05,eichermot,r1,921,-3.4819501910804123,-1.9358797007669983,0.053188503114208134,,,-1.777696260972147,0.07578401922650962,-1.9861151976391906,0.04731692843106538
0.05,eichermot,mean,921,-3.438361548713895,-0.44936651594318205,0.6532731227575933,1.9861151976391906,0.04731692843106538,0.48404074785259676,0.6284721487585617,,
0.05,eichermot,min_score,921,-3.444168023544595,-0.927512770463572,0.3539036246857028,1.777696260972147,0.07578401922650962,,,-0.48404074785259676,0.6284721487585617
0.05,eichermot,relative_score,921,-3.4382204113053447,-0.879629845323264,0.3792895646144337,1.9025245203278134,0.057414624217510785,0.7516540332547702,0.4524513789095883,0.010204184701896648,0.9918605921118766
0.05,eichermot,r2_linear,921,-3.432968922603911,-0.9428558113449436,0.3460021808462098,1.9507079966764413,0.05139509006205144,0.691187522670202,0.48962206824928856,0.25022477558334566,0.8024693913682396
0.05,eichermot,r2_mlp,921,-3.424488525675755,0.4438744118816381,0.6572377618711167,2.0486569180788257,0.040778963071204224,0.9808511020325335,0.32692403284971994,0.5050168794478883,0.6136679292447234
0.05,eichermot,gate_v2,921,-3.4368115691578818,-0.5619910405381081,0.5742590106036113,2.047419688972273,0.040900452612002446,0.5711515864490037,0.5680363824529558,0.10744531471532033,0.914459132616715
0.05,heromotoco,r0,921,-3.4194688088282033,,,-0.18612726878579472,0.8523859889131905,0.7680692818691053,0.442643119189905,1.1185588222398355,0.26362037394159327
0.05,heromotoco,r1,921,-3.4153202439390085,0.18612726878579472,0.8523859889131905,,,1.4550574046979419,0.1459944760689988,1.0482110768775947,0.29481665772211213
0.05,heromotoco,mean,921,-3.435178506049548,-1.1185588222398355,0.26362037394159327,-1.0482110768775947,0.29481665772211213,-0.20992776542029723,0.8337705308304592,,
0.05,heromotoco,min_score,921,-3.4323805166973003,-0.7680692818691053,0.442643119189905,-1.4550574046979419,0.1459944760689988,,,0.20992776542029723,0.8337705308304592
0.05,heromotoco,relative_score,921,-3.4273817708898324,-0.4435723905245676,0.6574560668233945,-1.0277692876037878,0.3043285018428876,2.1357443481720706,0.0329637260327101,0.579205354249829,0.5625924048864813
0.05,heromotoco,r2_linear,921,-3.4204442034843923,-0.24797108687718306,0.8042121119473449,-0.24247191844472224,0.8084685561581088,0.7639036833971246,0.445120504399983,1.0604143567103883,0.2892344382352264
0.05,heromotoco,r2_mlp,921,-3.4122206545009828,0.6939175172750424,0.48790910669822374,0.1635964121300466,0.8700847999736335,1.3630528211813435,0.1731993632576355,1.3658208121650801,0.17232900918196006
0.05,heromotoco,gate_v2,921,-3.4197846999363595,-0.02952628305556046,0.9764512609304136,-0.26309254634211926,0.7925381567916857,1.1366149993055628,0.2559952337412279,1.440659802834296,0.1500210469249161
0.05,cipla,r0,921,-3.502355558592832,,,0.49608355513923746,0.6199539525795159,-1.7807476920167105,0.07528357922815246,-1.2234904166772413,0.22145779109959857
0.05,cipla,r1,921,-3.512493045741251,-0.49608355513923746,0.6199539525795159,,,-0.5857189737098802,0.5582080308576914,-1.6422458754003137,0.10088079506313731
0.05,cipla,mean,921,-3.476108029144881,1.2234904166772413,0.22145779109959857,1.6422458754003137,0.10088079506313731,1.1686586852550174,0.24284390193310507,,
0.05,cipla,min_score,921,-3.500643009196067,1.7807476920167105,0.07528357922815246,0.5857189737098802,0.5582080308576914,,,-1.1686586852550174,0.24284390193310507
0.05,cipla,relative_score,921,-3.502035378223479,1.129786471955577,0.25886068205417173,0.5128654211775548,0.6081685804579067,-1.750216106475917,0.08041437328492756,-1.2144413390427098,0.22489086115244306
0.05,cipla,r2_linear,921,-3.503781472239322,-0.3331010870798381,0.739133872743146,0.4021844383792846,0.6876417138470355,-0.7165846249444594,0.4738122976189423,-1.2480527480081656,0.2123292828713332
0.05,cipla,r2_mlp,921,-3.5101004377558356,-1.2461991858970878,0.21300850754789685,0.1102646183617578,0.9122235644754293,-1.5298545767611293,0.12639647570938592,-1.5834133717326235,0.11367095130720174
0.05,cipla,gate_v2,921,-3.4994644651396265,0.2639521621416395,0.7918758929829434,0.5507385478625536,0.5819466201348198,0.10691815562005577,0.9148772194385254,-1.3088232976954037,0.19092104578075722
0.05,lupin,r0,921,-3.41828919509233,,,-2.7818270536660483,0.005515928607532706,-1.3106940393084134,0.19028824187935883,-3.2145311468879174,0.0013520834713742667
0.05,lupin,r1,921,-3.3713666884433686,2.7818270536660483,0.005515928607532706,,,2.5425797767129064,0.011166622187168969,0.9142123461355621,0.3608448092612057
0.05,lupin,mean,921,-3.3892330944407765,3.2145311468879174,0.0013520834713742667,-0.9142123461355621,0.3608448092612057,3.3277369571523483,0.0009102630516756001,,
0.05,lupin,min_score,921,-3.4149630674112417,1.3106940393084134,0.19028824187935883,-2.5425797767129064,0.011166622187168969,,,-3.3277369571523483,0.0009102630516756001
0.05,lupin,relative_score,921,-3.4169302065033307,2.381668255884457,0.017436891138585466,-2.7020688217886133,0.007017796709148274,-0.8025631957163171,0.4224345178128451,-3.08745359890923,0.0020793056068050086
0.05,lupin,r2_linear,921,-3.418348852137328,-0.02151447884467591,0.9828399188259753,-2.78827171373171,0.005408291530308814,-1.1544213297232806,0.24862725083721057,-3.0671113332143953,0.002224603308886667
0.05,lupin,r2_mlp,921,-3.4217154816720354,-0.4741417768166063,0.6355113165057086,-2.726551554314875,0.006521704919257074,-1.0611516971327162,0.2888994521808381,-2.755901072052028,0.005968774743958841
0.05,lupin,gate_v2,921,-3.415846985487554,0.3668147496156625,0.7138415538661779,-2.5319184038470968,0.01150945788814452,-0.1682664927975174,0.8664106162652286,-4.081471628347759,4.8638951175962136e-05
0.05,auropharma,r0,921,-3.311965436974064,,,-0.009734368862359913,0.9922353304206025,-2.654646205842999,0.00807627908712418,-1.2981294164758905,0.1945682015037686
0.05,auropharma,r1,921,-3.3118539011770958,0.009734368862359913,0.9922353304206025,,,-1.3004504651265465,0.19377228753980413,-0.8970589050251214,0.3699221631040168
0.05,auropharma,mean,921,-3.296832255358653,1.2981294164758905,0.1945682015037686,0.8970589050251214,0.3699221631040168,-0.24789702895461174,0.8042693956638454,,
0.05,auropharma,min_score,921,-3.29470952927746,2.654646205842999,0.00807627908712418,1.3004504651265465,0.19377228753980413,,,0.24789702895461174,0.8042693956638454
0.05,auropharma,relative_score,921,-3.2891774043591613,2.594871985923491,0.009613230965682487,1.4792707891360426,0.139410268175267,1.1820146821663593,0.23750529402080223,1.3002907815323514,0.19382696804447466
0.05,auropharma,r2_linear,921,-3.315844651229683,-1.254105648884507,0.21012215763359393,-0.3525334788062187,0.724518960311483,-3.1730613523583995,0.0015584575500396966,-1.6053435165379748,0.10876140399398786
0.05,auropharma,r2_mlp,921,-3.3218613613285397,-1.2136499876370668,0.22519288769711526,-0.8438765795217814,0.3989577416915672,-2.7585373849344546,0.005921240482072648,-1.7087548700854458,0.08783364623919979
0.05,auropharma,gate_v2,921,-3.3080866462603495,0.540906418699961,0.5887030236555625,0.30823216350360877,0.7579754540512894,-2.148228098537602,0.03195614804553462,-1.448235741193813,0.14789183793266472
0.05,jswsteel,r0,921,-3.369573330278479,,,1.395846659495483,0.16309743050333614,1.0151466455948974,0.3103028206149742,0.6256407998411996,0.531705737720802
0.05,jswsteel,r1,921,-3.409720517473686,-1.395846659495483,0.16309743050333614,,,-0.6272734957869114,0.530635614540871,-0.9870210196300176,0.3238918405393608
0.05,jswsteel,mean,921,-3.3826709574387848,-0.6256407998411996,0.531705737720802,0.9870210196300176,0.3238918405393608,1.1098656175589459,0.2673469470488091,,
0.05,jswsteel,min_score,921,-3.3934327435232903,-1.0151466455948974,0.3103028206149742,0.6272734957869114,0.530635614540871,,,-1.1098656175589459,0.2673469470488091
0.05,jswsteel,relative_score,921,-3.3900429235773673,-0.7342646501055438,0.4629745511260975,0.6846562313318038,0.49373331408684196,0.6022921177616548,0.547128117429512,-0.7142361447957103,0.4752623392040476
0.05,jswsteel,r2_linear,921,-3.376688622604653,-1.5225174904297614,0.12822309577577157,1.1511859606011783,0.2499548334187958,0.7453781659687052,0.4562335210881041,0.2990734322532137,0.7649515614574527
0.05,jswsteel,r2_mlp,921,-3.3873966033152394,-1.3843504837814515,0.16658684388284145,0.7570312967663531,0.44922494215177483,0.31031574812128415,0.7563911395162628,-0.25069725535711196,0.8021041591169042
0.05,jswsteel,gate_v2,921,-3.391719780444097,-1.3656046503924506,0.172396859886248,0.6797424817767809,0.4968385250806829,0.13264162893787476,0.8945058127117486,-0.8786809339573849,0.37980372618542557
0.05,vedl,r0,920,-3.0788627337373584,,,-0.5850334102094066,0.5586688611330877,-1.788126819322341,0.07408491025979687,-0.8353128518053357,0.4037586881986429
0.05,vedl,r1,920,-3.0697176571457487,0.5850334102094066,0.5586688611330877,,,0.5606099834534451,0.5752000883798601,-0.24292830772153828,0.8081151444834611
0.05,vedl,mean,920,-3.065467157766196,0.8353128518053357,0.4037586881986429,0.24292830772153828,0.8081151444834611,0.8128839757938127,0.4164951145625226,,
0.05,vedl,min_score,920,-3.0784877297664996,1.788126819322341,0.07408491025979687,-0.5606099834534451,0.5752000883798601,,,-0.8128839757938127,0.4164951145625226
0.05,vedl,relative_score,920,-3.078862733335834,0.7148452219850541,0.4748862348321594,-0.5850333845033879,0.5586688784100748,-1.7881271152928564,0.07408486248321913,-0.8353128289855438,0.40375870103708505
0.05,vedl,r2_linear,920,-3.0789960267316,-0.029679404056822265,0.9763291818092904,-0.5917141460045791,0.5541875486991624,-0.11340476019420147,0.9097344340996804,-0.7603895274929702,0.44721681615539116
0.05,vedl,r2_mlp,920,-3.0826684653124343,-0.42013270752633086,0.6744867188532373,-0.798668915208692,0.42468876352862894,-0.4591640676682244,0.646224935369139,-0.8885359984374656,0.374485002012949
0.05,vedl,gate_v2,920,-3.0648622534976973,1.4598898826581832,0.14466208499077882,0.31519696732128444,0.7526836638440658,1.4201412690828545,0.15590570579002783,0.04642005616832842,0.9629855362780112
0.05,sail,r0,921,-3.0102433566840263,,,-0.4920529621286609,0.6227992901956978,0.19913460998371552,0.8422014488736155,-1.0932187032370224,0.2745839518888494
0.05,sail,r1,921,-3.001136722293056,0.4920529621286609,0.6227992901956978,,,0.7702273781021443,0.4413627578161003,-0.5145688991664685,0.6069778919574758
0.05,sail,mean,921,-2.9918636611790714,1.0932187032370224,0.2745839518888494,0.5145688991664685,0.6069778919574758,1.645893262195101,0.10012728955870055,,
0.05,sail,min_score,921,-3.011963419808869,-0.19913460998371552,0.8422014488736155,-0.7702273781021443,0.4413627578161003,,,-1.645893262195101,0.10012728955870055
0.05,sail,relative_score,921,-3.007173908647501,1.036900459336671,0.3000547031498653,-0.33673968560270934,0.7363899415567834,0.6020552802421861,0.5472856832606872,-1.0107043378157994,0.312423699264414
0.05,sail,r2_linear,921,-3.014178621659638,-0.6665713519872372,0.5052130948890226,-0.6270368505767339,0.5307906517934301,-0.1715872160136812,0.863799791892908,-1.1168663428213648,0.2643430718456378
0.05,sail,r2_mlp,921,-3.0244087724493784,-1.5135803423536147,0.13047575489705945,-1.1846048309921136,0.23647965772901045,-0.9034574044446478,0.3665196788606589,-1.6255755864913766,0.10438245204015215
0.05,sail,gate_v2,921,-3.0118361407194434,-0.21995701237305232,0.8259534297225213,-0.5905492168993819,0.5549675336336193,0.013420423445015749,0.9892952823905768,-1.5976716825731105,0.11045944532712605
0.05,britannia,r0,921,-3.6405785785946105,,,-0.647509508156825,0.5174637810348448,-0.4640750720033241,0.6427037477412285,-1.7688421281906097,0.07725152051791177
0.05,britannia,r1,921,-3.6293279551327053,0.647509508156825,0.5174637810348448,,,0.5631150271352572,0.5734937654334413,-0.7215709053324394,0.47074167023958324
0.05,britannia,mean,921,-3.6124585983584265,1.7688421281906097,0.07725152051791177,0.7215709053324394,0.47074167023958324,1.8108319908327815,0.07049294290760197,,
0.05,britannia,min_score,921,-3.638193749025195,0.4640750720033241,0.6427037477412285,-0.5631150271352572,0.5734937654334413,,,-1.8108319908327815,0.07049294290760197
0.05,britannia,relative_score,921,-3.6369547516167278,2.427206964277363,0.015406636170539119,-0.4332705348558992,0.6649198041630534,0.25040367576904243,0.8023310943961216,-1.6424344204801162,0.10084173334840207
0.05,britannia,r2_linear,921,-3.6337877304417288,1.7797586063257922,0.07544549415717396,-0.26614488112699397,0.7901872641726309,0.9581443112562528,0.3382417131664313,-1.3551296725370718,0.17570887030409035
0.05,britannia,r2_mlp,921,-3.625739521715462,1.730408222263203,0.08389269775014606,0.23541245275841025,0.8139410120432203,1.5432483119057123,0.12311442107966335,-0.7104975018987502,0.4775757438046475
0.05,britannia,gate_v2,921,-3.62978534892731,1.52293744,0.12811799475124308,-0.028779122839235827,0.9770469930636116,1.4242685252470253,0.15470784555862188,-1.201252339524964,0.22996248915417591
0.05,dabur,r0,921,-3.4454200015332894,,,-1.0855688160124162,0.2779541674972717,-0.29440650509887656,0.7685137100040241,-1.0017140681007082,0.31674510058156535
0.05,dabur,r1,921,-3.4148954421186484,1.0855688160124162,0.2779541674972717,,,0.9363955095380765,0.3493153216912792,0.1551512461061983,0.8767361149848865
0.05,dabur,mean,921,-3.4218861628929917,1.0017140681007082,0.31674510058156535,-0.1551512461061983,0.8767361149848865,1.150993685046799,0.25003388650199615,,
0.05,dabur,min_score,921,-3.4429664365245363,0.29440650509887656,0.7685137100040241,-0.9363955095380765,0.3493153216912792,,,-1.150993685046799,0.25003388650199615
0.05,dabur,relative_score,921,-3.4417723934732805,1.4130015661943964,0.15799348234483448,-0.9157211574930103,0.3600531209155,0.17336900013330026,0.8623995266461955,-0.9168673873602358,0.3594524134280001
0.05,dabur,r2_linear,921,-3.4462693014609034,-0.17254319803273707,0.8630484529245751,-1.1210048605894987,0.2625783167189804,-0.38930819524423205,0.6971382684294573,-1.045377467932888,0.296123128985453
0.05,dabur,r2_mlp,921,-3.4298115829851383,1.620094562250978,0.10555465633311154,-0.5705744509900165,0.5684274668482173,1.2031433791139037,0.2292303568107798,-0.3033105088741784,0.7617218124827698
0.05,dabur,gate_v2,921,-3.4216725992432897,2.7547543863351684,0.0059895574276414365,-0.24363736684670032,0.8075660016323525,2.6039385123774785,0.009364459584691317,0.009843042259293156,0.9921486493114887
0.05,marico,r0,921,-3.6192952006306554,,,-0.1908777547116989,0.8486634819839147,-0.5790196543581873,0.5627176448328453,-1.7037858607303988,0.08875879451145904
0.05,marico,r1,921,-3.6175815620492533,0.1908777547116989,0.8486634819839147,,,-0.15149011635602191,0.879622318269546,-1.3704061587414902,0.17089443134447518
0.05,marico,mean,921,-3.591030891774486,1.7037858607303988,0.08875879451145904,1.3704061587414902,0.17089443134447518,2.033379295574304,0.04230080563583887,,
0.05,marico,min_score,921,-3.6159042016509217,0.5790196543581873,0.5627176448328453,0.15149011635602191,0.879622318269546,,,-2.033379295574304,0.04230080563583887
0.05,marico,relative_score,921,-3.609664985962414,2.3326673597013228,0.019880442009076436,0.7561440454358413,0.4497564036384313,1.4515632608751825,0.14696398479396097,-1.2565526012576362,0.20923464000878012
0.05,marico,r2_linear,921,-3.6125501236940525,1.9320504785062476,0.05366004485974739,0.5756780746330342,0.564973577460053,0.5005575118770603,0.6168022915927184,-1.2504655227366055,0.21144748822493323
0.05,marico,r2_mlp,921,-3.609431709668776,1.8007465648697396,0.07207024209101466,0.8854163522284645,0.3761634729920908,0.857128802795097,0.3915969171773393,-1.0442264179985616,0.29665494191531117
0.05,marico,gate_v2,921,-3.6043024509474195,2.1079073989835186,0.03530897191305373,1.1633942856804125,0.24497121347708276,2.2337008358689694,0.02574243798122989,-1.0635657752656948,0.2878045289685617
0.05,ntpc,r0,921,-3.5642994016530167,,,-1.2091319949844435,0.226922779196706,-0.9019637031607871,0.3673122194990918,-1.5477153030338406,0.12203475988832602
0.05,ntpc,r1,921,-3.5432819239989772,1.2091319949844435,0.226922779196706,,,0.9653963169009858,0.3346000385425194,-0.10636136139501436,0.915318835324701
0.05,ntpc,mean,921,-3.540242951470152,1.5477153030338406,0.12203475988832602,0.10636136139501436,0.915318835324701,1.1545432903960378,0.24857730299695446,,
0.05,ntpc,min_score,921,-3.5587761958717588,0.9019637031607871,0.3673122194990918,-0.9653963169009858,0.3346000385425194,,,-1.1545432903960378,0.24857730299695446
0.05,ntpc,relative_score,921,-3.5622097273860924,0.6548709843562129,0.512714514631709,-1.0066766119424926,0.3143548943830859,-0.5629279561076307,0.5736210956355667,-1.725876946499108,0.08470531237170804
0.05,ntpc,r2_linear,921,-3.55982216364001,0.7631764316643886,0.44555382958270645,-1.0033300094343502,0.3159654756156429,-0.1352672518263778,0.8924301650645116,-1.0190607266352079,0.30844203972320655
0.05,ntpc,r2_mlp,921,-3.5590408776940583,0.544480833529018,0.5862425758860557,-0.9153867118585733,0.3602285135708386,-0.02505528315871128,0.9800163012057141,-0.8564824149939447,0.39195402085939823
0.05,ntpc,gate_v2,921,-3.5556658799074423,1.3079921829073478,0.19120267892237344,-0.624049725114807,0.5327496338847985,0.5001427180444643,0.6170941954169145,-1.1294241394651099,0.25901334677391263
0.05,powergrid,r0,921,-3.4088362856527388,,,-2.4810209242489116,0.013278420753410606,0.9153440625168708,0.36025088394148813,1.2886235326272077,0.19785295048439688
0.05,powergrid,r1,921,-3.3497645148487702,2.4810209242489116,0.013278420753410606,,,2.6482594461810596,0.008229270900992652,2.2586820309026656,0.024136618344028783
0.05,powergrid,mean,921,-3.4372330658968644,-1.2886235326272077,0.19785295048439688,-2.2586820309026656,0.024136618344028783,-0.8135483166635663,0.41611425434707766,,
0.05,powergrid,min_score,921,-3.423740088854709,-0.9153440625168708,0.36025088394148813,-2.6482594461810596,0.008229270900992652,,,0.8135483166635663,0.41611425434707766
0.05,powergrid,relative_score,921,-3.4278153340257984,-0.8783423082324756,0.37998731223882315,-2.2849404808660365,0.0225431794424205,-0.3842070174479698,0.7009138012153652,0.7942311469705423,0.42726569550395027
0.05,powergrid,r2_linear,921,-3.403663949077875,0.9111576906860903,0.3624509634317018,-2.188244553732372,0.028902656713089107,1.101967570107734,0.2707639682255044,1.3823976591083367,0.1671851258336126
0.05,powergrid,r2_mlp,921,-3.4118152716523467,-0.31709407460800243,0.7512441643984479,-2.417691512547774,0.015812751101075335,0.7087741761128281,0.4786441805884389,1.1055508289579845,0.2692100046511545
0.05,powergrid,gate_v2,921,-3.424312451275357,-1.4825416703004173,0.13853867312961327,-2.702023167219695,0.007018752678896413,-0.0418659616196198,0.966614635223957,0.8089023377988481,0.4187804577708655
0.05,bpcl,r0,921,-3.221810378496079,,,-1.1591570912940095,0.246692925636695,1.8952095971834313,0.0583778947997767,1.2987581699750357,0.1943523579009774
0.05,bpcl,r1,921,-3.193706609751517,1.1591570912940095,0.246692925636695,,,2.0821306179280974,0.037606400647772584,1.631874121919821,0.10304822332042926
0.05,bpcl,mean,921,-3.240235977945754,-1.2987581699750357,0.1943523579009774,-1.631874121919821,0.10304822332042926,0.23918962766332028,0.811011818734417,,
0.05,bpcl,min_score,921,-3.2424622875250537,-1.8952095971834313,0.0583778947997767,-2.0821306179280974,0.037606400647772584,,,-0.23918962766332028,0.811011818734417
0.05,bpcl,relative_score,921,-3.2305066204016315,-1.5738224704573072,0.11587230438116845,-1.5079618287499712,0.1319076022606116,1.4453227131855155,0.14870778793788533,0.9499716611565073,0.34237613343087875
0.05,bpcl,r2_linear,921,-3.225053645357584,-0.5707172878239988,0.568330664294595,-1.2720558220469627,0.20367472020109595,1.7753920188676384,0.07616371799511014,1.101602229693519,0.2709227518252868
0.05,bpcl,r2_mlp,921,-3.220367480308583,0.1454323249208253,0.8844014002891633,-1.0776854936910314,0.2814566231164382,1.870137229711263,0.0617821378050068,1.160532461908424,0.24613313872355078
0.05,bpcl,gate_v2,921,-3.229388505727062,-0.8837675161353495,0.37705261019773745,-1.4188213910352168,0.15628977263706453,1.5876468437290165,0.11270981838218208,1.0324241049985925,0.30214480461063814
0.05,ultracemco,r0,921,-3.5778570112825516,,,0.3038862080946103,0.7612832999163437,1.361292704999496,0.1737545151224476,0.7682575878756386,0.44253131582072003
0.05,ultracemco,r1,921,-3.5838902508598114,-0.3038862080946103,0.7612832999163437,,,1.0851765977358112,0.2781277191781952,0.5365203434552113,0.5917286867565875
0.05,ultracemco,mean,921,-3.6001146963558694,-0.7682575878756386,0.44253131582072003,-0.5365203434552113,0.5917286867565875,1.4568976653729537,0.14548583998852263,,
0.05,ultracemco,min_score,921,-3.6122116049650623,-1.361292704999496,0.1737545151224476,-1.0851765977358112,0.2781277191781952,,,-1.4568976653729537,0.14548583998852263
0.05,ultracemco,relative_score,921,-3.610290830461032,-1.2016379028375135,0.22981307995248107,-0.9948948071650706,0.3200490233888591,0.49904077811461134,0.6178699604538707,-1.2504191029091365,0.21146442818195893
0.05,ultracemco,r2_linear,921,-3.589135269958003,-1.688563962050243,0.09164190236697212,-0.29708555917671675,0.7664682512398309,0.9950730855672782,0.3199623614184117,0.4136214133051749,0.6792477858234304
0.05,ultracemco,r2_mlp,921,-3.5813533186626594,-0.3614418909756087,0.7178521262576313,0.11718761591031056,0.9067369577360355,1.0621491743754532,0.2884466985265802,0.5564413053807492,0.5780445239707389
0.05,ultracemco,gate_v2,921,-3.6011259350817686,-1.433223521475477,0.15213370200036638,-0.865686118022565,0.3868880015808976,0.7285033819607621,0.4664908876358453,-0.058666197543350375,0.9532307232908513
0.05,grasim,r0,921,-3.509757415660256,,,0.753202215791498,0.45152110482500446,1.2977790117508954,0.19468856770007725,1.2260184770167775,0.2205054444082809
0.05,grasim,r1,921,-3.5252392071635006,-0.753202215791498,0.45152110482500446,,,0.5676842428456873,0.5703878963548866,0.42405665706607115,0.6716236267734623
0.05,grasim,mean,921,-3.5373417278327235,-1.2260184770167775,0.2205054444082809,-0.42405665706607115,0.6716236267734623,0.8645585260249531,0.3875065056568667,,
0.05,grasim,min_score,921,-3.541959970770743,-1.2977790117508954,0.19468856770007725,-0.5676842428456873,0.5703878963548866,,,-0.8645585260249531,0.3875065056568667
0.05,grasim,relative_score,921,-3.5429654380310143,-1.3633449464406968,0.17310735372373257,-0.6122217824493726,0.5405423090081997,-0.43590971071422285,0.663004500586837,-0.9635648460014998,0.33551733423531227
0.05,grasim,r2_linear,921,-3.5168165378634226,-1.6573097932824414,0.09779779212413504,0.40769910235884926,0.6835894493995781,1.0489182669321913,0.2944912029611544,0.9360527595573039,0.349491661498018
0.05,grasim,r2_mlp,921,-3.524551102759128,-2.0992938753189874,0.03606295755797035,0.03242140517554328,0.9741430248263395,0.723676693030397,0.4694482058443071,0.5784323496558136,0.5631138242805062
0.05,grasim,gate_v2,921,-3.5278701531159387,-1.581453334500488,0.11411812630795466,-0.13543000870410557,0.8923015241446368,0.8467116092046272,0.3973760757998847,0.6340185158813221,0.5262263411476902
0.05,ambujacem,r0,921,-3.027287370239703,,,-2.1318524798814074,0.03328336186288298,0.6373906804599805,0.5240289823605467,1.0259882077254219,0.3051668229686534
0.05,ambujacem,r1,921,-2.9880653983933163,2.1318524798814074,0.03328336186288298,,,1.7044850395016224,0.08862814533064862,1.7855091768816846,0.07450808844058095
0.05,ambujacem,mean,921,-3.051494054375767,-1.0259882077254219,0.3051668229686534,-1.7855091768816846,0.07450808844058095,-0.8384009514192674,0.4020233251418685,,
0.05,ambujacem,min_score,921,-3.0411473875596386,-0.6373906804599805,0.5240289823605467,-1.7044850395016224,0.08862814533064862,,,0.8384009514192674,0.4020233251418685
0.05,ambujacem,relative_score,921,-3.036668359271595,-0.44836551001673736,0.6539950026471214,-1.4298072353324018,0.1531118446921509,0.3380043876798044,0.7354369934686188,1.733856782234926,0.08327849733068467
0.05,ambujacem,r2_linear,921,-3.0321930640606176,-0.73623834060333,0.46177334007153853,-2.1756699820868346,0.0298338642004042,0.35555510932618356,0.7222552716418039,0.7244518638098113,0.46897255905666985
0.05,ambujacem,r2_mlp,921,-3.0372002428110347,-0.8376496361946004,0.4024450577283508,-2.18944256943562,0.02881525981243751,0.1563427762698845,0.8757971399672787,0.5237406167582495,0.6005850982695161
0.05,ambujacem,gate_v2,921,-3.0456546608556554,-1.5341231534959021,0.12534315913720623,-2.1292993642128457,0.033494486945537354,-0.20319637738437238,0.8390264758949656,0.3015838852990899,0.7630374482400734
0.05,asianpaint,r0,921,-3.4907066330882044,,,-1.01663277986413,0.30959542988499195,-1.225750458792802,0.22060627002717972,-1.5455562963305025,0.12255565746101368
0.05,asianpaint,r1,921,-3.465473332306629,1.01663277986413,0.30959542988499195,,,-0.332687651966306,0.7394458627838063,-0.29532496784123646,0.7678122806984796
0.05,asianpaint,mean,921,-3.4566590029297277,1.5455562963305025,0.12255565746101368,0.29532496784123646,0.7678122806984796,0.0010938056348369684,0.9991275066684064,,
0.05,asianpaint,min_score,921,-3.456680692930011,1.225750458792802,0.22060627002717972,0.332687651966306,0.7394458627838063,,,-0.0010938056348369684,0.9991275066684064
0.05,asianpaint,relative_score,921,-3.4432171857379785,1.3955619784386806,0.16318316739677652,0.7271826768724748,0.467299054515428,1.8711648463656845,0.06163944590529803,0.5587232423935747,0.5764865757163388
0.05,asianpaint,r2_linear,921,-3.5035629748691846,-2.6459419903043875,0.008285423537133742,-1.485468913043892,0.13776221860249957,-1.6456631934990256,0.10017468574015495,-2.0276256906297947,0.04288628012407338
0.05,asianpaint,r2_mlp,921,-3.509289000930252,-1.617889123438942,0.1060292659552378,-1.6402800400342645,0.1012887855286782,-1.677078988712084,0.09386673231282334,-1.9754272912997395,0.048518198796265705
0.05,asianpaint,gate_v2,921,-3.4716367359117783,1.2998399789399884,0.19398139775478265,-0.2613099483297479,0.7939119804138026,-0.8237799915622749,0.41027807618922124,-0.9470562349338925,0.34385880360834115
0.05,upl,r0,921,-3.170938955234207,,,0.5980117309727462,0.5499792837955311,-0.6052173504382113,0.5451838430342965,-2.4871729709008545,0.013052524680869667
0.05,upl,r1,921,-3.1853388609953317,-0.5980117309727462,0.5499792837955311,,,-0.9005644564555375,0.3680556131013004,-2.0194864883030363,0.04372621603612391
0.05,upl,mean,921,-3.1181116925581964,2.4871729709008545,0.013052524680869667,2.0194864883030363,0.04372621603612391,3.013067873631258,0.0026570476809089794,,
0.05,upl,min_score,921,-3.1589892330855065,0.6052173504382113,0.5451838430342965,0.9005644564555375,0.3680556131013004,,,-3.013067873631258,0.0026570476809089794
0.05,upl,relative_score,921,-3.147095937082329,0.8834579870108646,0.37721966881572094,1.1240896403787253,0.26126821099076397,1.560886872420332,0.11889434844568104,-1.8144210527985216,0.06993852381521952
0.05,upl,r2_linear,921,-3.1765896717621844,-1.4558365316777726,0.14577896428262405,0.37031039363529006,0.7112364667802212,-0.8713723986288379,0.3837781775312046,-2.7588994716559534,0.005914738605985152
0.05,upl,r2_mlp,921,-3.1934936806503527,-2.4147161452501265,0.015941659332571276,-0.3433725848332353,0.7313966317015448,-1.4690347809106932,0.14216519848790168,-3.164129891357839,0.0016065473296031161
0.05,upl,gate_v2,921,-3.1564018943104983,1.2931846700730871,0.19627181748378109,1.144655257690933,0.252649695291036,0.16071716588295057,0.8723514513937235,-2.665380121090635,0.007824890748140386
0.05,pidilitind,r0,921,-3.5511752633806384,,,-1.6132883273590435,0.10702481137915008,1.1388235789239376,0.2550731914044145,0.9265793248074191,0.3543879932855906
0.05,pidilitind,r1,921,-3.514074062712525,1.6132883273590435,0.10702481137915008,,,2.224547577781445,0.026353568543994906,1.5767327712063026,0.1152007984543508
0.05,pidilitind,mean,921,-3.5724744936361486,-0.9265793248074191,0.3543879932855906,-1.5767327712063026,0.1152007984543508,-0.40655236854168153,0.6844313412753071,,
0.05,pidilitind,min_score,921,-3.5646350538707505,-1.1388235789239376,0.2550731914044145,-2.224547577781445,0.026353568543994906,,,0.40655236854168153,0.6844313412753071
0.05,pidilitind,relative_score,921,-3.5711274449733033,-1.0577720658837326,0.2904370268174207,-1.8329704730759961,0.06712996947611935,-0.6002827009028849,0.5484656775435465,0.125387089677217,0.9002445018119033
0.05,pidilitind,r2_linear,921,-3.5583310283968133,-1.2302280573459696,0.2189261860766758,-1.8468600753024558,0.06508839249757051,0.615842205097601,0.5381509939538205,0.63785517994519,0.5237266763311972
0.05,pidilitind,r2_mlp,921,-3.5613482875964135,-0.8437223528109331,0.399043893649151,-1.901640357903817,0.057530347767311606,0.25641584572950704,0.7976870797967822,0.44669615175806726,0.655199588997399
0.05,pidilitind,gate_v2,921,-3.5467719214438214,0.5617929504584774,0.5743939266891749,-1.4111218046447185,0.1585467680336668,2.307861045292819,0.021227956320294623,1.2308845100518033,0.2186806476873069
0.05,ALL,r0,919,-3.394755917441308,,,-2.933884865327298,0.0034307981320503846,0.1134360564309767,0.9097096573198429,-0.8428518868903093,0.3995308284989827
0.05,ALL,r1,919,-3.3771877303412094,2.933884865327298,0.0034307981320503846,,,3.3301719092293998,0.0009025106134364377,1.2497418388053632,0.2117123857233426
0.05,ALL,mean,919,-3.3880753802929613,0.8428518868903093,0.3995308284989827,-1.2497418388053632,0.2117123857233426,1.6755927657036331,0.0941585228111108,,
0.05,ALL,min_score,919,-3.3954149734472634,-0.1134360564309767,0.9097096573198429,-3.3301719092293998,0.0009025106134364377,,,-1.6755927657036331,0.0941585228111108
0.05,ALL,relative_score,919,-3.393868126049494,0.15908697859669804,0.8736353392943962,-2.76564177698683,0.0057950896571900825,1.004017705509414,0.3156346487666989,-1.4739423940025995,0.14083992211930849
0.05,ALL,r2_linear,919,-3.3967364882916398,-0.9562764250737995,0.33918435332391395,-3.3608113325612026,0.0008091944928898077,-0.23010807656274374,0.818059053676323,-1.087861104585318,0.27694195621365164
0.05,ALL,r2_mlp,919,-3.3969531182826342,-0.7512318322444551,0.4527056782038016,-3.3925175624350397,0.0007221306872982631,-0.24709412705241826,0.8048906269472806,-1.0342507027613304,0.30129135164026594
0.05,ALL,gate_v2,919,-3.3920176055561857,0.671738192667608,0.5019193891086589,-2.64820727500047,0.00823083420274933,0.9449835802720636,0.34491590748906853,-0.7185120292604499,0.47262446418987497
