date,open,high,low,close,adj_close,volume
2015-01-01,229.0,229.4499969482422,227.5,227.75,194.80873107910156,208341
2015-01-02,228.0,231.6999969482422,228.0,230.9499969482422,197.54586791992188,582581
2015-01-05,230.9499969482422,233.3000030517578,229.5500030517578,230.64999389648438,197.28924560546875,967248
2015-01-06,230.0,230.0,220.75,222.14999389648438,190.01869201660156,1479156
2015-01-07,222.0,222.9499969482422,218.10000610351562,220.10000610351562,188.26519775390625,1172388
2015-01-08,221.9499969482422,227.5,221.1999969482422,226.39999389648438,193.65394592285156,1084102
2015-01-09,226.6999969482422,228.39999389648438,222.0500030517578,223.8000030517578,191.43002319335938,1225314
2015-01-12,223.89999389648438,228.60000610351562,223.0500030517578,228.0,195.02255249023438,1035171
2015-01-13,228.0,232.75,226.1999969482422,230.10000610351562,196.81881713867188,2105508
2015-01-14,231.25,233.85000610351562,230.0500030517578,232.85000610351562,199.17105102539062,3179578
2015-01-15,235.14999389648438,243.5,233.89999389648438,240.4499969482422,205.6718292236328,3732809
2015-01-16,239.5,242.10000610351562,237.0500030517578,239.35000610351562,204.7309112548828,1204955
2015-01-19,239.3000030517578,247.5,238.5,246.8000030517578,211.10336303710938,2395181
2015-01-20,247.0,248.9499969482422,245.5,247.1999969482422,211.4455108642578,1960237
2015-01-21,248.0,248.39999389648438,243.35000610351562,246.64999389648438,210.97503662109375,1033591
2015-01-22,247.10000610351562,249.9499969482422,245.10000610351562,249.0,212.9851531982422,2518070
2015-01-23,250.10000610351562,253.39999389648438,245.3000030517578,252.5,215.97894287109375,2926698
2015-01-27,250.5,251.5,245.1999969482422,250.1999969482422,214.01158142089844,2395358
2015-01-28,248.25,252.0,247.0,249.0500030517578,213.0279083251953,2733606
2015-01-29,248.10000610351562,257.04998779296875,247.35000610351562,255.9499969482422,218.929931640625,2751278
2015-01-30,255.0,256.29998779296875,241.0,248.75,212.77130126953125,2568740
2015-02-02,250.0,250.8000030517578,243.5500030517578,249.25,213.19900512695312,845482
2015-02-03,249.75,252.39999389648438,242.5,245.0500030517578,209.60647583007812,2247358
2015-02-04,246.0500030517578,250.9499969482422,243.0,248.75,212.77130126953125,2304210
2015-02-05,248.0,251.5,245.8000030517578,247.5500030517578,211.74485778808594,1218994
2015-02-06,246.10000610351562,250.25,246.0,248.25,212.34365844726562,864075
2015-02-09,247.14999389648438,251.3000030517578,244.0,246.0,210.4190673828125,807547
2015-02-10,245.0,252.5,245.0,249.60000610351562,213.49839782714844,1479339
2015-02-11,250.0,252.0,248.85000610351562,250.85000610351562,214.56759643554688,1570176
2015-02-12,251.5500030517578,262.0,251.39999389648438,259.70001220703125,222.13754272460938,2027412
2015-02-13,261.79998779296875,266.0,259.0,265.1000061035156,226.75648498535156,1674012
2015-02-16,264.95001220703125,268.0,263.3999938964844,266.20001220703125,227.69737243652344,955073
2015-02-18,265.0,271.5,265.0,270.1000061035156,231.03330993652344,2423402
2015-02-19,273.0,273.0,262.1000061035156,265.04998779296875,226.71372985839844,2789435
2015-02-20,265.25,266.0,261.1499938964844,263.1000061035156,225.04579162597656,830196
2015-02-23,264.04998779296875,265.0,259.25,262.1499938964844,224.23313903808594,1068181
2015-02-24,262.25,263.45001220703125,254.0,257.29998779296875,220.08462524414062,1165496
2015-02-25,259.8999938964844,264.79998779296875,258.3500061035156,261.04998779296875,223.29226684570312,1385462
2015-02-26,262.0,264.0,255.5500030517578,259.75,222.18032836914062,3015768
2015-02-27,260.5,270.3500061035156,260.5,269.45001220703125,230.47727966308594,1907559
2015-03-02,272.0,287.0,270.3999938964844,285.45001220703125,244.1630859375,2832881
2015-03-03,285.54998779296875,286.0,277.25,281.0,240.35670471191406,1657278
2015-03-04,282.1000061035156,283.75,273.0,274.6499938964844,234.92520141601562,3325192
2015-03-05,275.0,276.0,269.04998779296875,273.3500061035156,233.813232421875,1196807
2015-03-09,274.6000061035156,275.0,261.54998779296875,263.75,225.60174560546875,1477604
2015-03-10,264.79998779296875,266.04998779296875,258.5,259.5,221.96646118164062,1755355
2015-03-11,260.8500061035156,263.79998779296875,256.1499938964844,259.8500061035156,222.2658233642578,1390394
2015-03-12,261.0,268.70001220703125,261.0,264.04998779296875,225.8583526611328,1700626
2015-03-13,268.0,268.75,254.0,256.0,218.9727020263672,1480291
2015-03-16,257.8999938964844,259.6499938964844,255.14999389648438,256.6499938964844,219.52867126464844,976672
2015-03-17,259.6499938964844,260.6000061035156,254.14999389648438,258.70001220703125,221.28221130371094,1014172
2015-03-18,259.95001220703125,259.95001220703125,251.0,252.6999969482422,216.14999389648438,1030832
2015-03-19,256.79998779296875,256.79998779296875,250.1999969482422,251.6999969482422,215.29466247558594,1354373
2015-03-20,254.1999969482422,258.5,243.0,255.1999969482422,218.28842163085938,1780884
2015-03-23,256.04998779296875,259.0,252.1999969482422,256.1499938964844,219.10098266601562,1117431
2015-03-24,254.89999389648438,258.5,251.85000610351562,253.35000610351562,216.7060089111328,662042
2015-03-25,254.89999389648438,255.5,246.5500030517578,248.8000030517578,212.81410217285156,1470418
2015-03-26,246.9499969482422,251.9499969482422,245.39999389648438,250.10000610351562,213.92605590820312,1416055
2015-03-27,251.25,252.89999389648438,247.0500030517578,250.4499969482422,214.22543334960938,769766
2015-03-30,252.85000610351562,257.8999938964844,249.85000610351562,257.1000061035156,219.91358947753906,789976
2015-03-31,257.6000061035156,258.70001220703125,254.0,255.3000030517578,218.3739471435547,1383023
2015-04-01,254.9499969482422,261.3999938964844,253.39999389648438,260.25,222.60797119140625,1346375
2015-04-06,263.70001220703125,264.45001220703125,259.20001220703125,261.5,223.67715454101562,2100720
2015-04-07,261.5,263.54998779296875,254.25,260.1000061035156,222.47962951660156,1385846
2015-04-08,260.29998779296875,266.3500061035156,256.6000061035156,257.6499938964844,220.384033203125,1722699
2015-04-09,260.0,260.0,253.5500030517578,256.1499938964844,219.10098266601562,1162924
2015-04-10,256.20001220703125,259.29998779296875,255.35000610351562,258.29998779296875,220.9400177001953,771330
2015-04-13,259.79998779296875,260.20001220703125,254.5,257.6000061035156,220.34127807617188,1109353
2015-04-15,260.3999938964844,262.0,257.6000061035156,259.95001220703125,222.3513946533203,2877879
2015-04-16,260.8999938964844,260.8999938964844,250.0,252.5,215.97894287109375,3346874
2015-04-17,250.39999389648438,250.9499969482422,245.75,246.85000610351562,211.14614868164062,1579668
2015-04-20,246.25,253.25,243.8000030517578,248.0500030517578,212.17257690429688,1651654
2015-04-21,247.0,247.9499969482422,239.25,240.0,205.2869110107422,1187332
2015-04-22,240.6999969482422,243.60000610351562,236.14999389648438,242.0500030517578,207.0404052734375,2817535
2015-04-23,243.85000610351562,246.89999389648438,236.10000610351562,237.60000610351562,203.23402404785156,1605610
2015-04-24,238.0,238.0,231.6999969482422,233.35000610351562,199.59877014160156,1431828
2015-04-27,234.4499969482422,234.4499969482422,228.6999969482422,230.14999389648438,196.86160278320312,1045609
2015-04-28,229.89999389648438,231.9499969482422,224.0500030517578,230.5500030517578,197.2037353515625,3076993
2015-04-29,230.0,241.5,228.1999969482422,238.3000030517578,203.83279418945312,4216759
2015-04-30,235.5500030517578,240.8000030517578,231.5,232.39999389648438,198.78616333007812,2718627
2015-05-04,234.3000030517578,243.0,232.0,241.3000030517578,206.3988800048828,1225037
2015-05-05,241.0,241.0,235.8000030517578,239.1999969482422,204.60260009765625,1425990
2015-05-06,239.1999969482422,239.39999389648438,224.5500030517578,226.8000030517578,193.99612426757812,1784868
2015-05-07,225.0,232.4499969482422,222.3000030517578,231.39999389648438,197.93081665039062,1204512
2015-05-08,232.75,239.9499969482422,231.64999389648438,233.1999969482422,199.47044372558594,1726625
2015-05-11,233.9499969482422,239.39999389648438,230.5500030517578,238.5,204.00387573242188,966021
2015-05-12,239.39999389648438,239.39999389648438,227.5500030517578,228.85000610351562,195.74961853027344,1408233
2015-05-13,230.75,236.25,228.0,235.14999389648438,201.1383819580078,1485322
2015-05-14,234.5500030517578,237.5500030517578,231.14999389648438,235.0500030517578,201.05287170410156,1388619
2015-05-15,234.9499969482422,236.9499969482422,232.35000610351562,234.6999969482422,200.75350952148438,688530
2015-05-18,235.4499969482422,242.89999389648438,233.60000610351562,240.6999969482422,205.88563537597656,1454344
2015-05-19,241.6999969482422,242.9499969482422,237.10000610351562,239.0,204.4315643310547,1281230
2015-05-20,239.3000030517578,241.8000030517578,237.5,238.8000030517578,204.26048278808594,1327514
2015-05-21,238.8000030517578,241.60000610351562,235.39999389648438,241.1999969482422,206.3133544921875,1900169
2015-05-22,241.1999969482422,244.64999389648438,240.10000610351562,241.60000610351562,206.6554718017578,1215616
2015-05-25,241.5,241.6999969482422,231.1999969482422,232.3000030517578,198.70062255859375,1474372
2015-05-26,233.25,233.89999389648438,226.10000610351562,226.8000030517578,193.99612426757812,2058074
2015-05-27,225.6999969482422,230.4499969482422,225.0,227.60000610351562,194.68040466308594,1051814
2015-05-28,228.14999389648438,232.10000610351562,225.8000030517578,229.9499969482422,196.6905059814453,1925339
2015-05-29,230.4499969482422,239.8000030517578,229.75,237.60000610351562,203.23402404785156,3367891
2015-06-01,237.60000610351562,241.0500030517578,237.5500030517578,239.89999389648438,205.20135498046875,896412
2015-06-02,239.0500030517578,240.10000610351562,229.0500030517578,231.3000030517578,197.8452606201172,1281246
2015-06-03,230.1999969482422,230.85000610351562,224.25,225.8000030517578,193.14077758789062,1280160
2015-06-04,225.8000030517578,229.8000030517578,221.10000610351562,229.0,195.87794494628906,1682455
2015-06-05,228.39999389648438,228.89999389648438,220.1999969482422,221.8000030517578,189.71932983398438,2306031
2015-06-08,221.1999969482422,225.35000610351562,220.1999969482422,223.0500030517578,190.78855895996094,1452746
2015-06-09,222.60000610351562,226.75,221.39999389648438,225.75,193.09799194335938,1635006
2015-06-10,225.60000610351562,227.89999389648438,222.5,225.85000610351562,193.1835479736328,1326034
2015-06-11,227.1999969482422,232.89999389648438,220.1999969482422,221.89999389648438,189.80484008789062,2285209
2015-06-12,220.0,221.5,214.8000030517578,218.4499969482422,186.8538360595703,2071964
2015-06-15,218.5,219.8000030517578,215.10000610351562,215.64999389648438,184.45884704589844,1311042
2015-06-16,215.64999389648438,221.0,214.3000030517578,219.5500030517578,187.79473876953125,1211923
2015-06-17,219.10000610351562,224.0,216.5,222.0500030517578,189.9331512451172,1548357
2015-06-18,221.6999969482422,224.5,220.5,222.14999389648438,190.01869201660156,1018469
2015-06-19,222.5500030517578,228.0,221.60000610351562,226.60000610351562,193.82505798339844,1392473
2015-06-22,227.85000610351562,230.85000610351562,225.3000030517578,228.4499969482422,195.407470703125,1162719
2015-06-23,228.4499969482422,231.35000610351562,227.0,230.64999389648438,197.28924560546875,1256867
2015-06-24,229.89999389648438,232.60000610351562,225.8000030517578,227.0,194.16717529296875,1613338
2015-06-25,227.0,228.60000610351562,224.39999389648438,226.60000610351562,193.82505798339844,2082661
2015-06-26,226.5,229.8000030517578,225.0500030517578,227.0,194.16717529296875,1388968
2015-06-29,224.0,228.25,220.25,227.4499969482422,194.55209350585938,980547
2015-06-30,227.0,230.85000610351562,225.0,229.89999389648438,196.64776611328125,1597249
2015-07-01,230.0,239.8000030517578,229.0,238.14999389648438,203.70448303222656,2913864
2015-07-02,238.25,241.89999389648438,235.8000030517578,239.85000610351562,205.15859985351562,2573710
2015-07-03,239.0500030517578,243.0,239.0,242.35000610351562,207.2969970703125,1396131
2015-07-06,237.10000610351562,246.6999969482422,237.0,245.75,210.20526123046875,1515391
2015-07-07,245.5,247.6999969482422,243.60000610351562,245.8000030517578,210.2480010986328,2317825
2015-07-08,244.64999389648438,244.64999389648438,237.10000610351562,241.0,206.1422576904297,1262638
2015-07-09,239.5,244.64999389648438,239.5,242.14999389648438,207.1259002685547,634397
2015-07-10,242.14999389648438,244.5,238.60000610351562,241.9499969482422,206.95484924316406,1117210
2015-07-13,241.0,248.39999389648438,240.60000610351562,247.85000610351562,212.00148010253906,882744
2015-07-14,248.39999389648438,253.85000610351562,246.4499969482422,252.35000610351562,215.8506317138672,1491806
2015-07-15,252.64999389648438,257.29998779296875,250.1999969482422,255.1999969482422,218.28842163085938,1257139
2015-07-16,255.0,255.9499969482422,250.85000610351562,254.3000030517578,217.5185546875,821358
2015-07-17,256.6000061035156,256.6000061035156,250.0500030517578,250.60000610351562,214.35374450683594,6722087
2015-07-20,250.0,252.39999389648438,245.39999389648438,251.35000610351562,214.99525451660156,2520171
2015-07-21,251.0,253.1999969482422,241.14999389648438,242.10000610351562,207.08316040039062,1874950
2015-07-22,241.3000030517578,247.35000610351562,239.0500030517578,246.5500030517578,210.88955688476562,928326
2015-07-23,247.5,247.60000610351562,242.89999389648438,244.4499969482422,209.09324645996094,609596
2015-07-24,242.60000610351562,245.6999969482422,239.0,240.14999389648438,205.4152069091797,1229746
2015-07-27,237.10000610351562,241.64999389648438,232.14999389648438,234.0500030517578,200.19747924804688,2260013
2015-07-28,229.75,237.6999969482422,228.10000610351562,230.1999969482422,196.90435791015625,3148609
2015-07-29,230.3000030517578,234.89999389648438,226.75,233.5500030517578,199.76979064941406,1599267
2015-07-30,233.5,235.8000030517578,229.6999969482422,231.0500030517578,197.63140869140625,2314400
2015-07-31,231.5,234.39999389648438,230.89999389648438,232.3000030517578,198.70062255859375,1135189
2015-08-03,231.25,232.60000610351562,228.5,229.60000610351562,196.39114379882812,1027084
2015-08-04,230.5,231.39999389648438,226.0,229.10000610351562,195.9634552001953,985064
2015-08-05,230.0,232.5,228.89999389648438,229.64999389648438,196.4338836669922,741013
2015-08-06,230.1999969482422,233.14999389648438,227.9499969482422,230.35000610351562,197.0326385498047,1552864
2015-08-07,231.3000030517578,231.64999389648438,227.9499969482422,228.5,195.45025634765625,1059600
2015-08-10,228.89999389648438,230.39999389648438,225.0,226.64999389648438,193.86782836914062,833181
2015-08-11,226.0500030517578,226.5,221.1999969482422,222.60000610351562,190.40357971191406,1663784
2015-08-12,222.0500030517578,224.8000030517578,219.25,223.25,190.95956420898438,1937108
2015-08-13,223.8000030517578,225.8000030517578,205.0,222.10000610351562,189.97592163085938,1686056
2015-08-14,222.64999389648438,227.1999969482422,221.0500030517578,226.3000030517578,193.56845092773438,754609
2015-08-17,225.85000610351562,227.6999969482422,221.4499969482422,226.3000030517578,193.56845092773438,1935464
2015-08-18,226.10000610351562,228.6999969482422,225.10000610351562,227.10000610351562,194.2527313232422,930090
2015-08-19,226.5500030517578,232.3000030517578,225.3000030517578,231.0,197.588623046875,2290638
2015-08-20,228.10000610351562,230.5,222.0,223.9499969482422,191.55831909179688,1763388
2015-08-21,221.1999969482422,237.89999389648438,220.89999389648438,227.0500030517578,194.20997619628906,3353922
2015-08-24,223.4499969482422,223.4499969482422,209.5,212.14999389648438,181.46507263183594,3420210
2015-08-25,213.0,216.0,202.10000610351562,207.60000610351562,177.57318115234375,5337022
2015-08-26,207.0,207.5,197.39999389648438,198.1999969482422,169.5327911376953,13203158
2015-08-27,204.0,211.0,200.3000030517578,209.89999389648438,179.5404815673828,9588672
2015-08-28,212.0,212.89999389648438,204.85000610351562,206.10000610351562,176.29014587402344,2305680
2015-08-31,206.0,211.5,202.39999389648438,207.1999969482422,177.23098754882812,2519792
2015-09-01,207.0,209.64999389648438,203.5500030517578,207.60000610351562,177.57318115234375,2862960
2015-09-02,209.0500030517578,214.5,208.14999389648438,209.89999389648438,179.5404815673828,3979719
2015-09-03,212.25,221.5,212.25,218.4499969482422,186.8538360595703,3757279
2015-09-04,216.85000610351562,218.10000610351562,209.60000610351562,211.5,180.90908813476562,4209879
2015-09-07,212.0,213.5500030517578,206.5,206.89999389648438,176.97439575195312,2205149
2015-09-08,207.5500030517578,209.60000610351562,205.0500030517578,208.5500030517578,178.38577270507812,2767023
2015-09-09,211.0,216.5,209.5500030517578,212.14999389648438,181.46507263183594,2977388
2015-09-10,209.9499969482422,213.10000610351562,206.25,211.3000030517578,180.73800659179688,3337613
2015-09-11,213.89999389648438,213.89999389648438,206.35000610351562,207.0,177.05992126464844,3237366
2015-09-14,207.89999389648438,212.0,205.8000030517578,211.25,180.69525146484375,3455014
2015-09-15,211.0500030517578,211.60000610351562,203.10000610351562,204.39999389648438,174.8360137939453,5716055
2015-09-16,207.6999969482422,211.39999389648438,206.0,210.4499969482422,180.01092529296875,3528310
2015-09-18,212.0,212.4499969482422,208.14999389648438,209.75,179.4121856689453,3986002
2015-09-21,208.6999969482422,210.64999389648438,203.5500030517578,209.89999389648438,179.5404815673828,2320677
2015-09-22,210.25,211.75,205.10000610351562,207.85000610351562,177.7870330810547,2351761
2015-09-23,204.0500030517578,209.35000610351562,204.0500030517578,208.6999969482422,178.51405334472656,2097301
2015-09-24,206.3000030517578,208.89999389648438,204.5500030517578,207.0,177.05992126464844,4214954
2015-09-28,206.9499969482422,206.9499969482422,202.10000610351562,203.0500030517578,173.6812744140625,816802
2015-09-29,200.5,207.64999389648438,196.25,203.0,173.63851928710938,2655447
2015-09-30,204.0,206.5,203.64999389648438,205.8000030517578,176.0335235595703,1873748
2015-10-01,207.1999969482422,211.0,206.8000030517578,209.9499969482422,179.583251953125,3720910
2015-10-05,211.0,212.60000610351562,209.1999969482422,209.9499969482422,179.583251953125,2664054
2015-10-06,212.0,212.85000610351562,207.60000610351562,209.8000030517578,179.45497131347656,2279449
2015-10-07,210.10000610351562,210.14999389648438,207.64999389648438,209.14999389648438,178.89898681640625,1205766
2015-10-08,209.0,211.35000610351562,208.14999389648438,209.89999389648438,179.5404815673828,2837012
2015-10-09,211.14999389648438,211.8000030517578,206.25,209.14999389648438,178.89898681640625,4634135
2015-10-12,209.39999389648438,210.5,208.35000610351562,209.9499969482422,179.583251953125,1486928
2015-10-13,210.0,210.75,209.5,209.9499969482422,179.583251953125,2682919
2015-10-14,210.10000610351562,210.75,209.0,209.9499969482422,179.583251953125,2170530
2015-10-15,210.5,211.1999969482422,209.10000610351562,209.64999389648438,179.32664489746094,2993217
2015-10-16,210.9499969482422,214.75,209.35000610351562,212.14999389648438,181.46507263183594,3865670
2015-10-19,214.5,214.5,209.5500030517578,210.0500030517578,179.66880798339844,3187045
2015-10-20,210.39999389648438,210.39999389648438,208.89999389648438,209.9499969482422,179.583251953125,2407020
2015-10-21,208.14999389648438,210.0500030517578,208.14999389648438,209.1999969482422,178.9417266845703,1299281
2015-10-23,210.5,211.5,208.0,208.9499969482422,178.7279052734375,1604359
2015-10-26,209.85000610351562,209.85000610351562,206.3000030517578,208.64999389648438,178.47129821777344,874211
2015-10-27,208.60000610351562,210.0,204.10000610351562,205.39999389648438,175.69137573242188,4472757
2015-10-28,204.0,209.5,203.10000610351562,208.75,178.5568389892578,3866274
2015-10-29,204.0,210.0,202.6999969482422,207.4499969482422,177.44485473632812,4392554
2015-10-30,207.4499969482422,210.39999389648438,206.14999389648438,206.9499969482422,177.01718139648438,2865884
2015-11-02,207.64999389648438,210.25,205.0,210.0,179.6260528564453,965211
2015-11-03,211.1999969482422,231.0,208.85000610351562,209.6999969482422,179.3694305419922,4046742
2015-11-04,211.0,211.4499969482422,208.0,209.0500030517578,178.81344604492188,2195061
2015-11-05,209.0,209.6999969482422,206.8000030517578,208.14999389648438,178.04360961914062,1127252
2015-11-06,208.10000610351562,210.0,205.85000610351562,209.85000610351562,179.49774169921875,1717509
2015-11-09,203.3000030517578,207.60000610351562,203.3000030517578,205.0,175.34925842285156,3763169
2015-11-10,204.0,204.39999389648438,195.6999969482422,196.6999969482422,168.24972534179688,5616108
2015-11-13,195.25,196.85000610351562,191.5,192.64999389648438,164.78550720214844,3043549
2015-11-16,192.3000030517578,196.0,188.75,194.14999389648438,166.06854248046875,3882134
2015-11-17,195.10000610351562,199.6999969482422,194.8000030517578,199.0,170.21707153320312,3433667
2015-11-18,198.6999969482422,202.75,196.10000610351562,197.4499969482422,168.8912353515625,3293580
2015-11-19,198.14999389648438,199.0,195.3000030517578,198.0500030517578,169.4044647216797,1583080
2015-11-20,198.0,203.75,197.9499969482422,201.9499969482422,172.74038696289062,1408094
2015-11-23,203.89999389648438,203.89999389648438,199.64999389648438,200.6999969482422,171.67120361328125,825259
2015-11-24,200.10000610351562,205.0500030517578,200.0500030517578,202.60000610351562,173.29635620117188,2351546
2015-11-26,201.6999969482422,204.5,201.10000610351562,203.1999969482422,173.80958557128906,2387706
2015-11-27,203.5,205.0,201.3000030517578,202.60000610351562,173.29635620117188,772024
2015-11-30,202.60000610351562,203.0,198.10000610351562,198.89999389648438,170.13148498535156,3352994
2015-12-01,200.10000610351562,203.5,200.0,200.8000030517578,171.7567138671875,1088925
2015-12-02,203.35000610351562,203.75,199.14999389648438,200.14999389648438,171.20068359375,2388672
2015-12-03,199.1999969482422,200.4499969482422,197.1999969482422,197.6999969482422,169.1050567626953,1969587
2015-12-04,197.0,197.5500030517578,194.5,195.0500030517578,166.83837890625,2711059
2015-12-07,196.5,198.5,195.14999389648438,195.89999389648438,167.56544494628906,1962362
2015-12-08,195.0,195.10000610351562,193.25,194.64999389648438,166.49623107910156,1650962
2015-12-09,194.10000610351562,195.0,188.25,189.39999389648438,162.00555419921875,2732209
2015-12-10,190.5500030517578,191.89999389648438,188.10000610351562,189.89999389648438,162.43325805664062,1553164
2015-12-11,190.0,194.4499969482422,187.60000610351562,189.0,161.66343688964844,2526945
2015-12-14,190.4499969482422,194.5,189.0500030517578,193.25,165.2987060546875,1484031
2015-12-15,194.0,194.10000610351562,190.14999389648438,193.35000610351562,165.38426208496094,955636
2015-12-16,194.0,194.75,192.0500030517578,194.35000610351562,166.23959350585938,1968396
2015-12-17,194.5500030517578,198.85000610351562,194.1999969482422,198.14999389648438,169.489990234375,1386966
2015-12-18,198.0,202.5,195.0,199.5,170.6447296142578,2885447
2015-12-21,200.0,202.39999389648438,198.14999389648438,200.8000030517578,171.7567138671875,928789
2015-12-22,200.0,202.0,199.3000030517578,200.0,171.07241821289062,1053432
2015-12-23,200.9499969482422,201.6999969482422,200.4499969482422,201.4499969482422,172.31268310546875,810750
2015-12-24,201.85000610351562,204.1999969482422,200.6999969482422,203.3000030517578,173.8950958251953,494077
2015-12-28,203.0,204.5,201.60000610351562,202.6999969482422,173.3818817138672,1402316
2015-12-29,202.8000030517578,206.3000030517578,201.89999389648438,205.5500030517578,175.81968688964844,1357720
2015-12-30,205.89999389648438,206.0,204.3000030517578,204.9499969482422,175.30645751953125,685334
2015-12-31,205.0,205.89999389648438,202.39999389648438,203.0500030517578,173.6812744140625,1177258
2016-01-01,203.5,206.39999389648438,203.0,205.64999389648438,175.9051971435547,553703
2016-01-04,204.0500030517578,205.60000610351562,200.25,202.14999389648438,172.91146850585938,1079102
2016-01-05,203.0,204.6999969482422,201.8000030517578,204.0,174.49386596679688,1097743
2016-01-06,204.9499969482422,204.9499969482422,200.5,203.0500030517578,173.6812744140625,1593489
2016-01-07,202.0,202.5,195.75,197.60000610351562,169.01953125,2114333
2016-01-08,199.0,199.64999389648438,194.10000610351562,198.35000610351562,169.66110229492188,1860881
2016-01-11,196.0,198.8000030517578,194.5500030517578,197.9499969482422,169.3189239501953,1818961
2016-01-12,198.39999389648438,199.1999969482422,194.1999969482422,195.1999969482422,166.96669006347656,1601848
2016-01-13,196.9499969482422,198.85000610351562,194.0500030517578,197.9499969482422,169.3189239501953,1692489
2016-01-14,194.10000610351562,199.5,192.5,197.9499969482422,169.3189239501953,1391517
2016-01-15,196.5500030517578,198.9499969482422,192.60000610351562,193.89999389648438,165.85470581054688,1561732
2016-01-18,194.39999389648438,194.8000030517578,189.0500030517578,191.10000610351562,163.459716796875,2315714
2016-01-19,190.0,192.60000610351562,189.0,191.35000610351562,163.673583984375,2220899
2016-01-20,189.0,196.0,185.1999969482422,186.9499969482422,159.90994262695312,1976025
2016-01-21,189.0,194.39999389648438,187.3000030517578,192.10000610351562,164.31504821777344,1546722
2016-01-22,193.8000030517578,196.64999389648438,191.64999389648438,193.0,165.08486938476562,1064284
2016-01-25,194.1999969482422,199.35000610351562,193.5500030517578,196.9499969482422,168.4635772705078,1102255
2016-01-27,196.9499969482422,197.39999389648438,190.89999389648438,191.89999389648438,164.14398193359375,1409030
2016-01-28,191.89999389648438,195.0,191.0,193.1999969482422,165.2559356689453,2728142
2016-01-29,193.9499969482422,196.5,193.0,195.35000610351562,167.09498596191406,1857531
2016-02-01,196.5,200.8000030517578,195.35000610351562,199.9499969482422,171.0296173095703,1699676
2016-02-02,200.8000030517578,201.9499969482422,195.60000610351562,196.60000610351562,168.1641845703125,1122874
2016-02-03,195.8000030517578,197.5500030517578,191.10000610351562,191.89999389648438,164.14398193359375,954604
2016-02-04,192.75,197.0,192.75,195.64999389648438,167.35157775878906,802383
2016-02-05,194.10000610351562,199.39999389648438,194.10000610351562,195.5,167.2232666015625,1742979
2016-02-08,195.5,201.0,195.39999389648438,197.14999389648438,168.63465881347656,924357
2016-02-09,196.5,198.3000030517578,195.0,197.64999389648438,169.06228637695312,962190
2016-02-10,197.0,197.0,191.0,195.60000610351562,167.30885314941406,2357622
2016-02-11,188.5,195.75,188.10000610351562,193.35000610351562,165.38426208496094,3151319
2016-02-12,195.0,196.35000610351562,190.39999389648438,194.64999389648438,166.49623107910156,1650757
2016-02-15,196.0,199.35000610351562,195.3000030517578,198.0,169.3616943359375,1061877
2016-02-16,198.89999389648438,199.1999969482422,192.39999389648438,194.0,165.94024658203125,704409
2016-02-17,194.0,194.60000610351562,188.5,193.39999389648438,165.42701721191406,986654
2016-02-18,195.0,196.39999389648438,192.6999969482422,195.35000610351562,167.09498596191406,1106473
2016-02-19,194.6999969482422,195.64999389648438,194.0,194.9499969482422,166.75283813476562,1086947
2016-02-22,195.75,197.0,195.0,196.0,168.68930053710938,1609745
2016-02-23,195.8000030517578,196.35000610351562,192.6999969482422,193.60000610351562,166.6237335205078,1271281
2016-02-24,193.0,194.3000030517578,190.75,191.39999389648438,164.73028564453125,905452
2016-02-25,190.85000610351562,192.64999389648438,187.89999389648438,188.8000030517578,162.49258422851562,2832446
2016-02-26,190.89999389648438,192.35000610351562,186.39999389648438,189.0,162.66470336914062,1864015
2016-02-29,190.0,192.0,185.0,187.9499969482422,161.76100158691406,2396243
2016-03-01,189.25,191.4499969482422,188.1999969482422,190.39999389648438,163.86961364746094,1759654
2016-03-02,193.0,197.0,191.64999389648438,195.64999389648438,168.38807678222656,1346291
2016-03-03,197.89999389648438,200.6999969482422,195.8000030517578,199.64999389648438,171.83071899414062,2223554
2016-03-04,201.8000030517578,203.1999969482422,199.5500030517578,202.39999389648438,174.19752502441406,1767133
2016-03-08,202.0,204.4499969482422,199.75,201.64999389648438,173.5520477294922,3088272
2016-03-09,201.8000030517578,205.35000610351562,201.5,204.35000610351562,175.87582397460938,4723889
2016-03-10,204.39999389648438,204.60000610351562,200.75,201.5,173.4229736328125,5056909
2016-03-11,200.0,202.64999389648438,199.64999389648438,200.6999969482422,172.7344512939453,3751968
2016-03-14,201.89999389648438,206.0,201.89999389648438,203.6999969482422,175.31640625,2540418
2016-03-15,204.0500030517578,206.39999389648438,202.5500030517578,204.89999389648438,176.3491973876953,2283229
2016-03-16,205.0,207.6999969482422,203.14999389648438,206.1999969482422,177.46804809570312,2060089
2016-03-17,207.5,219.89999389648438,207.5,218.14999389648438,187.75294494628906,4253989
2016-03-18,219.0,223.14999389648438,216.64999389648438,222.0500030517578,191.10951232910156,2980833
2016-03-21,222.3000030517578,233.9499969482422,221.5,231.9499969482422,199.63003540039062,5598530
2016-03-22,231.25,231.89999389648438,224.39999389648438,229.85000610351562,197.8226776123047,4129162
2016-03-23,229.8000030517578,232.89999389648438,226.25,228.25,196.44558715820312,2525210
2016-03-28,228.0,235.64999389648438,225.14999389648438,229.6999969482422,197.6935577392578,4176299
2016-03-29,231.0,233.5,226.3000030517578,230.89999389648438,198.72633361816406,2206647
2016-03-30,231.75,234.60000610351562,230.10000610351562,231.39999389648438,199.15670776367188,2195098
2016-03-31,231.6999969482422,234.0,229.6999969482422,232.5500030517578,200.14645385742188,3951966
2016-04-01,231.89999389648438,236.39999389648438,229.14999389648438,235.35000610351562,202.55628967285156,1438907
2016-04-04,236.35000610351562,236.89999389648438,230.5500030517578,231.1999969482422,198.9845428466797,1587549
2016-04-05,230.0,231.10000610351562,225.25,226.10000610351562,194.59519958496094,2201058
2016-04-06,226.85000610351562,231.0,225.75,229.0500030517578,197.13412475585938,1630990
2016-04-07,229.0500030517578,230.3000030517578,225.10000610351562,226.4499969482422,194.8964385986328,1036460
2016-04-08,225.6999969482422,231.35000610351562,223.0500030517578,225.75,194.29396057128906,2292188
2016-04-11,226.9499969482422,227.64999389648438,221.5,224.5500030517578,193.26116943359375,1953589
2016-04-12,224.5500030517578,226.35000610351562,221.5,223.75,192.5726318359375,1992521
2016-04-13,227.0,232.5,226.0500030517578,231.10000610351562,198.89849853515625,4045604
2016-04-18,234.64999389648438,234.64999389648438,227.89999389648438,228.60000610351562,196.74685668945312,2161949
2016-04-20,228.6999969482422,231.4499969482422,225.5500030517578,226.25,194.7242889404297,2229815
2016-04-21,228.10000610351562,228.39999389648438,220.10000610351562,221.14999389648438,190.33489990234375,1539176
2016-04-22,219.75,222.25,216.5,220.89999389648438,190.11973571777344,2644190
2016-04-25,223.0,224.39999389648438,221.35000610351562,223.35000610351562,192.22836303710938,1167120
2016-04-26,224.89999389648438,226.5,222.25,224.4499969482422,193.17506408691406,1853159
2016-04-27,225.60000610351562,227.6999969482422,224.0500030517578,225.3000030517578,193.9066925048828,1052496
2016-04-28,225.8000030517578,228.6999969482422,219.10000610351562,219.85000610351562,189.21604919433594,2041651
2016-04-29,223.0,224.39999389648438,219.5500030517578,221.0,190.205810546875,2815037
2016-05-02,221.0500030517578,224.35000610351562,218.9499969482422,223.8000030517578,192.61566162109375,1083922
2016-05-03,224.35000610351562,225.9499969482422,217.8000030517578,218.60000610351562,188.14022827148438,2144066
2016-05-04,217.89999389648438,218.4499969482422,214.0500030517578,214.89999389648438,184.955810546875,1684800
2016-05-05,214.75,217.39999389648438,212.75,215.85000610351562,185.7734375,1192764
2016-05-06,216.9499969482422,221.0500030517578,215.5,219.9499969482422,189.30210876464844,2109197
2016-05-09,221.25,222.5,219.60000610351562,220.3000030517578,189.6033477783203,2535941
2016-05-10,219.25,222.75,217.5,220.39999389648438,189.68942260742188,2697582
2016-05-11,218.25,221.85000610351562,217.0,220.5500030517578,189.81849670410156,1385627
2016-05-12,220.3000030517578,222.60000610351562,219.14999389648438,221.0,190.205810546875,702627
2016-05-13,220.0,221.6999969482422,216.89999389648438,217.25,186.9783477783203,1070227
2016-05-16,217.75,219.0,215.1999969482422,217.25,186.9783477783203,965999
2016-05-17,218.0,218.85000610351562,215.0,216.89999389648438,186.67709350585938,2549385
2016-05-18,216.1999969482422,217.25,214.35000610351562,216.64999389648438,186.46192932128906,816161
2016-05-19,217.0,217.0,212.14999389648438,213.64999389648438,183.87997436523438,1695453
2016-05-20,213.85000610351562,214.89999389648438,207.5500030517578,208.85000610351562,179.7488250732422,1384674
2016-05-23,210.3000030517578,213.4499969482422,208.85000610351562,212.60000610351562,182.97630310058594,1347184
2016-05-24,213.60000610351562,216.8000030517578,212.0,215.4499969482422,185.4291534423828,2405753
2016-05-25,217.25,223.25,216.1999969482422,222.39999389648438,191.4107208251953,2306509
2016-05-26,223.0,229.5,223.0,224.60000610351562,193.30419921875,8149868
2016-05-27,226.0,232.0,226.0,230.25,198.16693115234375,5155370
2016-05-30,232.0,232.60000610351562,228.10000610351562,229.14999389648438,197.22018432617188,1338209
2016-05-31,228.5,232.85000610351562,227.25,228.39999389648438,196.57467651367188,4144610
2016-06-01,229.0,232.8000030517578,228.5500030517578,231.35000610351562,199.11367797851562,5666522
2016-06-02,231.35000610351562,231.35000610351562,229.0,229.75,197.736572265625,1578557
2016-06-03,230.14999389648438,233.75,228.10000610351562,228.64999389648438,196.78985595703125,2388282
2016-06-06,228.6999969482422,231.75,228.0500030517578,228.89999389648438,197.00503540039062,1874667
2016-06-07,230.0,235.0,228.64999389648438,234.25,201.6095428466797,2061597
2016-06-08,235.35000610351562,239.0,233.1999969482422,238.1999969482422,205.00918579101562,2491761
2016-06-09,239.0500030517578,239.89999389648438,231.5500030517578,231.89999389648438,199.58702087402344,1986233
2016-06-10,231.0,235.89999389648438,230.89999389648438,235.3000030517578,202.5132598876953,4770107
2016-06-13,232.0,238.8000030517578,231.5,237.35000610351562,204.277587890625,7155871
2016-06-14,237.3000030517578,238.10000610351562,233.4499969482422,233.89999389648438,201.30831909179688,2441739
2016-06-15,234.60000610351562,239.4499969482422,233.89999389648438,238.60000610351562,205.35342407226562,2439469
2016-06-16,238.39999389648438,239.35000610351562,233.89999389648438,234.5,201.82472229003906,1589162
2016-06-17,235.10000610351562,237.1999969482422,234.0,235.89999389648438,203.0296630859375,978870
2016-06-20,234.75,242.6999969482422,234.39999389648438,242.0,208.2796630859375,3103000
2016-06-21,242.35000610351562,242.85000610351562,238.10000610351562,240.1999969482422,206.73049926757812,2247740
2016-06-22,240.4499969482422,243.8000030517578,239.5,242.85000610351562,209.01123046875,5593979
2016-06-23,242.8000030517578,250.89999389648438,242.75,249.89999389648438,215.07888793945312,10068647
2016-06-24,244.5,249.25,237.8000030517578,248.10000610351562,213.5297088623047,2400680
2016-06-27,247.89999389648438,255.4499969482422,247.85000610351562,254.39999389648438,218.9518585205078,3601057
2016-06-28,253.0,255.35000610351562,250.9499969482422,251.89999389648438,216.80020141601562,2876613
2016-06-29,252.8000030517578,258.5,251.75,255.89999389648438,220.24282836914062,3730629
2016-06-30,255.10000610351562,257.3999938964844,252.39999389648438,254.8000030517578,219.29612731933594,2354039
2016-07-01,255.6999969482422,257.3999938964844,252.14999389648438,252.9499969482422,217.70388793945312,1201416
2016-07-04,253.0,255.6999969482422,252.3000030517578,253.14999389648438,217.8760223388672,1619285
2016-07-05,252.60000610351562,255.9499969482422,251.75,253.5500030517578,218.22032165527344,2790794
2016-07-07,255.0,259.0,253.0,256.95001220703125,221.1465301513672,2048744
2016-07-08,257.1000061035156,261.0,256.8500061035156,258.1000061035156,222.13632202148438,1621615
2016-07-11,261.70001220703125,261.75,259.54998779296875,260.6499938964844,224.3310089111328,1927776
2016-07-12,260.1000061035156,263.8500061035156,259.20001220703125,260.79998779296875,224.4600830078125,1576218
2016-07-13,260.79998779296875,262.95001220703125,258.79998779296875,260.6000061035156,224.28797912597656,1366007
2016-07-14,260.04998779296875,263.5,258.6499938964844,262.6499938964844,226.05230712890625,790661
2016-07-15,263.95001220703125,265.0,259.79998779296875,260.8500061035156,224.50314331054688,1179457
2016-07-18,261.5,262.75,258.8999938964844,259.95001220703125,223.72854614257812,1575126
2016-07-19,260.25,264.0,258.6499938964844,262.70001220703125,226.09535217285156,1137771
2016-07-20,263.20001220703125,267.1499938964844,259.6499938964844,262.0,225.4928741455078,2450710
2016-07-21,263.0,267.70001220703125,262.79998779296875,265.8999938964844,228.8494415283203,2164365
2016-07-22,267.0,267.04998779296875,262.29998779296875,265.04998779296875,228.11788940429688,628541
2016-07-25,265.45001220703125,269.3999938964844,264.29998779296875,269.0,231.5174560546875,983068
2016-07-26,271.20001220703125,274.0,268.20001220703125,269.79998779296875,232.20602416992188,2261427
2016-07-27,278.0,278.0,266.3999938964844,268.0,230.65679931640625,5029755
2016-07-28,269.0,273.8500061035156,266.20001220703125,271.54998779296875,233.71212768554688,2946512
2016-07-29,272.3999938964844,274.8999938964844,269.1499938964844,271.25,233.4539794921875,1313996
2016-08-01,271.6499938964844,272.95001220703125,269.3500061035156,271.0,233.2388153076172,1126254
2016-08-02,269.79998779296875,270.6000061035156,262.95001220703125,263.8500061035156,228.43377685546875,1581110
2016-08-03,265.20001220703125,266.95001220703125,259.8500061035156,262.5,227.2649688720703,2730261
2016-08-04,265.8999938964844,265.8999938964844,261.8999938964844,264.3999938964844,228.90994262695312,1128677
2016-08-05,265.1000061035156,276.6499938964844,265.1000061035156,275.8999938964844,238.86627197265625,2703051
2016-08-08,275.3999938964844,277.75,271.8999938964844,276.5,239.38577270507812,2391360
2016-08-09,277.0,277.0,267.70001220703125,270.5,234.191162109375,2564563
2016-08-10,271.20001220703125,271.20001220703125,259.0,260.45001220703125,225.4901885986328,3625493
2016-08-11,263.0,264.0,256.25,259.70001220703125,224.84085083007812,3841083
2016-08-12,260.45001220703125,265.5,260.45001220703125,264.5,228.99655151367188,1527202
2016-08-16,265.25,270.45001220703125,263.20001220703125,269.6499938964844,233.4552459716797,7699939
2016-08-17,268.0,271.95001220703125,264.8999938964844,269.75,233.54180908203125,1319046
2016-08-18,272.25,274.8500061035156,269.6499938964844,272.1000061035156,235.576416015625,1825211
2016-08-19,272.75,277.6000061035156,272.0,276.45001220703125,239.34249877929688,2054831
2016-08-22,275.3500061035156,277.3500061035156,270.0,271.29998779296875,234.88380432128906,1097012
2016-08-23,269.79998779296875,273.95001220703125,265.3999938964844,271.0,234.6240692138672,1487494
2016-08-24,270.79998779296875,270.95001220703125,265.0,267.1000061035156,231.24754333496094,1248576
2016-08-25,267.6000061035156,270.5,262.54998779296875,265.0,229.42941284179688,5272138
2016-08-26,265.0,268.8999938964844,262.20001220703125,266.1499938964844,230.42506408691406,1427315
2016-08-29,265.0,265.8999938964844,262.45001220703125,264.20001220703125,228.73681640625,804577
2016-08-30,265.79998779296875,278.3999938964844,264.79998779296875,275.04998779296875,238.13040161132812,3635226
2016-08-31,275.04998779296875,281.70001220703125,275.0,277.95001220703125,240.64117431640625,8488820
2016-09-01,273.70001220703125,278.8500061035156,272.3999938964844,277.0,239.81871032714844,3369272
2016-09-02,275.1000061035156,278.75,273.3500061035156,276.3500061035156,239.25595092773438,1481785
2016-09-06,279.0,279.3500061035156,275.70001220703125,277.3999938964844,240.1649932861328,1601423
2016-09-07,277.5,278.8500061035156,273.20001220703125,274.0,237.2213592529297,3232463
2016-09-08,274.04998779296875,278.0,273.6499938964844,275.95001220703125,238.9096221923828,2096981
2016-09-09,275.5,276.1000061035156,271.5,272.6499938964844,236.05262756347656,1727563
2016-09-12,269.1000061035156,269.8500061035156,259.0,259.8500061035156,224.970703125,1068330
2016-09-14,260.0,266.0,260.0,264.04998779296875,228.60693359375,2426881
2016-09-15,263.20001220703125,264.79998779296875,257.6000061035156,260.6499938964844,225.66331481933594,1956420
2016-09-16,262.75,266.95001220703125,261.54998779296875,262.3999938964844,227.1783905029297,2048885
2016-09-19,263.5,268.6000061035156,262.75,267.1000061035156,231.24754333496094,1626067
2016-09-20,267.3500061035156,269.29998779296875,264.54998779296875,267.20001220703125,231.3341064453125,1718370
2016-09-21,267.1000061035156,269.29998779296875,263.0,264.3999938964844,228.90994262695312,1487530
2016-09-22,266.6000061035156,268.6000061035156,263.6000061035156,265.54998779296875,229.90557861328125,1727116
2016-09-23,266.0,266.0,258.1499938964844,259.0,224.2347869873047,2209059
2016-09-26,256.3999938964844,257.70001220703125,253.4499969482422,254.85000610351562,220.64186096191406,2197248
2016-09-27,254.85000610351562,261.3999938964844,252.3000030517578,258.1499938964844,223.4988555908203,3217108
2016-09-28,256.79998779296875,262.0,256.79998779296875,260.79998779296875,225.7931671142578,1300572
2016-09-29,263.0,263.0,253.35000610351562,254.5,220.3388214111328,3691665
2016-09-30,255.8000030517578,255.8000030517578,249.5500030517578,251.75,217.9579620361328,2507938
2016-10-03,253.39999389648438,259.5,253.0,258.8999938964844,224.14820861816406,1887091
2016-10-04,261.0,261.0,254.35000610351562,256.1499938964844,221.76731872558594,1959624
2016-10-05,257.0,257.75,253.0500030517578,256.1499938964844,221.76731872558594,2378894
2016-10-06,258.04998779296875,258.79998779296875,250.25,252.64999389648438,218.73715209960938,2156677
2016-10-07,252.0,254.0,249.25,252.8000030517578,218.8670196533203,944786
2016-10-10,254.0,258.29998779296875,253.5500030517578,257.0,222.50326538085938,2052030
2016-10-13,255.0,255.64999389648438,250.3000030517578,252.5500030517578,218.6505584716797,1326731
2016-10-14,252.5,254.9499969482422,251.75,252.9499969482422,218.99685668945312,741714
2016-10-17,253.1999969482422,253.75,245.10000610351562,246.39999389648438,213.3260498046875,1089984
2016-10-18,246.1999969482422,252.3000030517578,244.10000610351562,251.10000610351562,217.39523315429688,2689051
2016-10-19,251.5,253.6999969482422,249.0,251.14999389648438,217.4384765625,1045041
2016-10-20,252.39999389648438,255.3000030517578,251.10000610351562,253.0500030517578,219.0834503173828,2187759
2016-10-21,252.0500030517578,253.89999389648438,245.10000610351562,247.0,213.8455352783203,1340192
2016-10-24,247.9499969482422,249.3000030517578,245.8000030517578,247.39999389648438,214.19183349609375,764022
2016-10-25,248.25,249.5,246.25,248.35000610351562,215.0143280029297,868665
2016-10-26,248.0,249.5500030517578,246.3000030517578,248.64999389648438,215.2740478515625,1378812
2016-10-27,249.25,249.25,242.5500030517578,243.35000610351562,210.68545532226562,9951930
2016-10-28,243.1999969482422,243.1999969482422,240.39999389648438,241.39999389648438,208.99720764160156,8345630
2016-11-01,239.6999969482422,245.6999969482422,238.5,244.5,211.68112182617188,4536782
2016-11-02,242.75,244.5,239.89999389648438,240.60000610351562,208.30458068847656,2117728
2016-11-03,240.0,245.39999389648438,235.5500030517578,243.10000610351562,210.46905517578125,8480593
2016-11-04,242.9499969482422,245.89999389648438,238.0500030517578,240.85000610351562,208.5210418701172,3607951
2016-11-07,242.4499969482422,247.4499969482422,241.14999389648438,241.6999969482422,209.25694274902344,1864133
2016-11-08,242.4499969482422,245.35000610351562,241.8000030517578,244.64999389648438,211.81097412109375,1154383
2016-11-09,230.0,235.0,221.0,230.8000030517578,199.8200225830078,3758610
2016-11-10,234.5,236.0,230.0500030517578,230.9499969482422,199.94989013671875,2307162
2016-11-11,229.39999389648438,229.39999389648438,218.64999389648438,219.5500030517578,190.08010864257812,3015979
2016-11-15,222.1999969482422,228.0,207.60000610351562,208.5500030517578,180.55661010742188,6762551
2016-11-16,212.5,213.0,201.25,202.25,175.10226440429688,6974899
2016-11-17,200.75,201.64999389648438,192.60000610351562,194.0500030517578,168.00294494628906,5780478
2016-11-18,195.25,199.9499969482422,191.85000610351562,198.8000030517578,172.11534118652344,3710895
2016-11-21,200.9499969482422,200.9499969482422,193.0,193.60000610351562,167.61334228515625,2867373
2016-11-22,196.64999389648438,197.0500030517578,191.0,195.4499969482422,169.2150115966797,1928825
2016-11-23,198.0500030517578,199.3000030517578,193.75,198.0500030517578,171.46603393554688,2378798
2016-11-24,196.0,207.0,195.10000610351562,201.25,174.23651123046875,4846094
2016-11-25,200.5,204.0,198.5,203.0,175.75160217285156,3346339
2016-11-28,203.0,205.8000030517578,200.0,204.1999969482422,176.79051208496094,2608101
2016-11-29,205.39999389648438,207.3000030517578,203.9499969482422,205.0500030517578,177.5264129638672,3137705
2016-11-30,208.0,211.4499969482422,205.39999389648438,210.8000030517578,182.50460815429688,5187692
2016-12-01,211.89999389648438,212.64999389648438,206.0500030517578,206.89999389648438,179.1280975341797,1385541
2016-12-02,205.0,207.8000030517578,204.0,205.0500030517578,177.5264129638672,2361842
2016-12-05,205.39999389648438,211.35000610351562,204.3000030517578,210.14999389648438,181.9418487548828,1735522
2016-12-06,210.89999389648438,212.0,209.3000030517578,210.60000610351562,182.33145141601562,1484899
2016-12-07,211.0,214.39999389648438,208.39999389648438,209.25,181.1626434326172,1400139
2016-12-08,210.25,216.6999969482422,210.25,213.89999389648438,185.18850708007812,1977604
2016-12-09,214.5,217.1999969482422,212.0,216.0500030517578,187.0499267578125,1771357
2016-12-12,212.9499969482422,214.8000030517578,207.3000030517578,208.35000610351562,180.38348388671875,1120383
2016-12-13,209.0,209.85000610351562,205.89999389648438,206.39999389648438,178.69522094726562,1061287
2016-12-14,206.14999389648438,207.0,204.6999969482422,205.25,177.69956970214844,1515452
2016-12-15,203.8000030517578,206.4499969482422,200.5500030517578,201.85000610351562,174.7559814453125,1431281
2016-12-16,202.60000610351562,203.4499969482422,199.89999389648438,202.4499969482422,175.27542114257812,1623830
2016-12-19,201.10000610351562,204.0,200.3000030517578,201.14999389648438,174.14991760253906,1049084
2016-12-20,201.6999969482422,206.0,201.14999389648438,205.35000610351562,177.78614807128906,1657227
2016-12-21,205.0,205.89999389648438,201.60000610351562,202.14999389648438,175.0157012939453,933162
2016-12-22,201.6999969482422,203.4499969482422,198.14999389648438,199.9499969482422,173.1109619140625,855815
2016-12-23,199.89999389648438,202.14999389648438,198.60000610351562,200.0500030517578,173.1975860595703,1270774
2016-12-26,199.8000030517578,200.89999389648438,197.0,198.35000610351562,171.72576904296875,688512
2016-12-27,198.39999389648438,203.25,198.0,202.89999389648438,175.66502380371094,811268
2016-12-28,203.10000610351562,204.75,200.8000030517578,201.25,174.23651123046875,1319957
2016-12-29,202.25,204.6999969482422,200.60000610351562,203.89999389648438,176.53076171875,1088592
2016-12-30,202.5,207.64999389648438,202.5,206.3000030517578,178.608642578125,835096
2017-01-02,209.0,215.4499969482422,209.0,214.60000610351562,185.79457092285156,1715063
2017-01-03,215.0,216.85000610351562,214.0,215.1999969482422,186.3140106201172,1544119
2017-01-04,215.6999969482422,218.1999969482422,211.25,212.14999389648438,183.6733856201172,2063229
2017-01-05,213.10000610351562,214.85000610351562,210.89999389648438,214.35000610351562,185.5780792236328,1267500
2017-01-06,214.6999969482422,215.4499969482422,212.0,212.60000610351562,184.06301879882812,836675
2017-01-09,214.60000610351562,214.60000610351562,210.35000610351562,210.6999969482422,182.41802978515625,484422
2017-01-10,212.64999389648438,212.64999389648438,208.10000610351562,209.39999389648438,181.2925262451172,1300113
2017-01-11,211.5,216.5,210.35000610351562,215.85000610351562,186.87677001953125,2074058
2017-01-12,217.10000610351562,217.89999389648438,213.3000030517578,214.25,185.49151611328125,1073953
2017-01-13,213.9499969482422,215.0,211.6999969482422,213.25,184.62574768066406,498983
2017-01-16,216.0,216.0,211.60000610351562,212.5,183.97642517089844,851558
2017-01-17,213.10000610351562,213.60000610351562,210.5500030517578,212.89999389648438,184.32272338867188,1035770
2017-01-18,213.60000610351562,219.5,213.3000030517578,217.5500030517578,188.3485870361328,2843646
2017-01-19,218.3000030517578,221.35000610351562,216.75,220.35000610351562,190.77272033691406,2242082
2017-01-20,218.10000610351562,220.64999389648438,216.0,217.6999969482422,188.47842407226562,3285021
2017-01-23,217.39999389648438,221.8000030517578,217.0500030517578,220.10000610351562,190.5563201904297,1106903
2017-01-24,221.8000030517578,224.0,220.25,223.39999389648438,193.41331481933594,2036543
2017-01-25,225.4499969482422,230.0,223.89999389648438,229.14999389648438,198.39151000976562,2727761
2017-01-27,229.6999969482422,233.5,229.60000610351562,232.8000030517578,201.55157470703125,2174191
2017-01-30,231.35000610351562,233.14999389648438,228.10000610351562,229.4499969482422,198.6512451171875,874850
2017-01-31,231.14999389648438,231.14999389648438,226.14999389648438,229.0500030517578,198.30494689941406,1633654
2017-02-01,229.35000610351562,236.5,229.0,234.39999389648438,202.9368133544922,2228274
2017-02-02,235.0,235.60000610351562,230.5,231.60000610351562,200.51268005371094,1488349
2017-02-03,231.5,231.9499969482422,228.1999969482422,229.25,198.47808837890625,831310
2017-02-06,230.3000030517578,242.8000030517578,228.5,239.60000610351562,207.43882751464844,5393544
2017-02-07,240.89999389648438,242.0,234.14999389648438,234.85000610351562,203.32643127441406,1433247
2017-02-08,235.10000610351562,242.0,235.0,238.64999389648438,206.61634826660156,2588609
2017-02-09,239.10000610351562,244.89999389648438,237.0,238.39999389648438,206.39991760253906,1958912
2017-02-10,238.39999389648438,241.3000030517578,235.6999969482422,237.5500030517578,205.6639862060547,1136518
2017-02-13,238.0,241.6999969482422,233.5,239.1999969482422,207.092529296875,1610639
2017-02-14,239.14999389648438,239.6999969482422,234.64999389648438,237.8000030517578,205.8804473876953,1109494
2017-02-15,237.60000610351562,238.85000610351562,232.8000030517578,235.0500030517578,203.4995880126953,1068726
2017-02-16,232.85000610351562,236.85000610351562,232.85000610351562,235.64999389648438,204.01901245117188,1253416
2017-02-17,236.1999969482422,239.8000030517578,234.39999389648438,238.1999969482422,206.22674560546875,994116
2017-02-20,239.0,241.39999389648438,237.25,239.39999389648438,207.26565551757812,1414109
2017-02-21,238.0,239.60000610351562,232.75,238.9499969482422,206.87608337402344,3463345
2017-02-22,238.39999389648438,239.0,232.8000030517578,233.14999389648438,201.85459899902344,1424660
2017-02-23,233.5500030517578,234.4499969482422,231.0500030517578,232.0,200.85894775390625,2648601
2017-02-27,231.8000030517578,232.0,226.60000610351562,229.89999389648438,199.0408477783203,1944289
2017-02-28,230.64999389648438,230.64999389648438,226.25,229.35000610351562,198.5646514892578,3643448
2017-03-01,228.8000030517578,230.89999389648438,228.0,228.85000610351562,198.1317901611328,1500099
2017-03-02,229.25,233.5,227.5500030517578,228.60000610351562,197.9153289794922,2028929
2017-03-03,228.0,230.1999969482422,224.5,225.39999389648438,195.14488220214844,1834150
2017-03-06,225.0,227.25,224.39999389648438,224.9499969482422,194.75527954101562,1354047
2017-03-07,224.9499969482422,225.89999389648438,223.6999969482422,224.8000030517578,194.62539672851562,1237467
2017-03-08,225.0,227.6999969482422,222.89999389648438,225.25,195.0150146484375,1509986
2017-03-09,223.89999389648438,227.6999969482422,223.10000610351562,227.14999389648438,196.6599578857422,1284718
2017-03-10,227.5,230.0,227.0,229.0500030517578,198.30494689941406,1069153
2017-03-14,234.0,234.89999389648438,231.0,233.6999969482422,202.33078002929688,1695627
2017-03-15,233.8000030517578,235.35000610351562,232.0,233.0,201.72476196289062,1878148
2017-03-16,233.8000030517578,236.1999969482422,232.75,235.39999389648438,204.85763549804688,1385524
2017-03-17,236.25,236.39999389648438,231.8000030517578,234.10000610351562,203.72630310058594,2156569
2017-03-20,234.1999969482422,235.14999389648438,232.3000030517578,234.1999969482422,203.8133544921875,938903
2017-03-21,234.1999969482422,238.35000610351562,234.1999969482422,237.14999389648438,206.38058471679688,1673926
2017-03-22,236.0,236.0,231.5500030517578,233.0,202.76904296875,1517447
2017-03-23,233.39999389648438,234.89999389648438,230.89999389648438,232.64999389648438,202.4644317626953,1252511
2017-03-24,233.10000610351562,234.4499969482422,228.85000610351562,229.89999389648438,200.0712432861328,1614604
2017-03-27,229.8000030517578,230.0,226.9499969482422,227.60000610351562,198.06967163085938,1781771
2017-03-28,227.9499969482422,230.25,227.35000610351562,228.35000610351562,198.72238159179688,1396538
2017-03-29,228.60000610351562,231.8000030517578,228.5,230.64999389648438,200.72393798828125,1942783
2017-03-30,230.64999389648438,236.0,228.75,234.0,203.6392822265625,3539094
2017-03-31,234.0,237.4499969482422,232.5500030517578,236.64999389648438,205.94546508789062,2172143
2017-04-03,239.14999389648438,242.0,235.0,237.5500030517578,206.72866821289062,2178311
2017-04-05,238.9499969482422,240.14999389648438,236.5500030517578,238.75,207.77301025390625,1693179
2017-04-06,239.25,245.3000030517578,236.25,243.35000610351562,211.77613830566406,2881107
2017-04-07,242.60000610351562,246.5,241.0500030517578,242.4499969482422,210.99293518066406,2654510
2017-04-10,244.25,245.60000610351562,242.0,244.89999389648438,213.1250457763672,1886939
2017-04-11,243.5,250.5,242.85000610351562,248.89999389648438,216.60606384277344,1952615
2017-04-12,249.39999389648438,252.75,246.5,249.10000610351562,216.7801055908203,3115592
2017-04-13,248.0,250.6999969482422,244.39999389648438,245.1999969482422,213.3861083984375,1148283
2017-04-17,244.60000610351562,247.75,240.64999389648438,246.85000610351562,214.82203674316406,1336022
2017-04-18,247.1999969482422,248.85000610351562,239.5500030517578,240.75,209.51348876953125,1923359
2017-04-19,240.6999969482422,241.89999389648438,236.8000030517578,240.14999389648438,208.9913330078125,3524341
2017-04-20,241.10000610351562,246.1999969482422,240.14999389648438,241.10000610351562,209.81808471679688,4090611
2017-04-21,241.5,243.0,238.0,239.39999389648438,208.33865356445312,2063116
2017-04-24,240.35000610351562,250.0,240.35000610351562,246.6999969482422,214.69149780273438,8783579
2017-04-25,248.0,250.0,245.5,246.39999389648438,214.430419921875,3652900
2017-04-26,247.3000030517578,251.0,243.39999389648438,246.0,214.0823211669922,3337224
2017-04-27,246.35000610351562,250.5500030517578,243.64999389648438,249.5,217.12823486328125,4294652
2017-04-28,249.8000030517578,249.8000030517578,243.8000030517578,245.89999389648438,213.99530029296875,5255357
2017-05-02,244.60000610351562,245.0,235.5500030517578,241.8000030517578,210.42730712890625,4524291
2017-05-03,242.75,247.5,240.8000030517578,242.5500030517578,211.0799560546875,2293214
2017-05-04,243.0,245.0,240.10000610351562,243.89999389648438,212.2548065185547,1670754
2017-05-05,243.35000610351562,247.89999389648438,240.25,246.5500030517578,214.56097412109375,2543955
2017-05-08,258.8999938964844,270.8500061035156,258.0,260.75,226.9185791015625,24262308
2017-05-09,259.0,262.3999938964844,256.3999938964844,257.54998779296875,224.13372802734375,5049653
2017-05-10,258.8500061035156,260.3999938964844,255.14999389648438,259.70001220703125,226.0048065185547,3553905
2017-05-11,260.20001220703125,264.20001220703125,257.29998779296875,260.29998779296875,226.5269317626953,3705195
2017-05-12,260.0,260.0,255.85000610351562,258.3999938964844,224.87344360351562,1880787
2017-05-15,258.29998779296875,263.5,255.60000610351562,258.1499938964844,224.6558837890625,8669217
2017-05-16,258.5,262.54998779296875,258.5,260.6499938964844,226.83154296875,3788577
2017-05-17,260.25,260.25,257.0,258.0,224.52536010742188,4352685
2017-05-18,256.1000061035156,256.1499938964844,251.10000610351562,252.1999969482422,219.47789001464844,1506862
2017-05-19,252.3000030517578,256.0,250.25,251.25,218.65115356445312,2197778
2017-05-22,252.25,253.0,242.10000610351562,243.35000610351562,211.77613830566406,2517117
2017-05-23,244.0,244.6999969482422,237.64999389648438,239.8000030517578,208.68678283691406,2556514
2017-05-24,239.8000030517578,240.39999389648438,233.0500030517578,235.3000030517578,204.7706298828125,2125257
2017-05-25,235.3000030517578,241.89999389648438,233.14999389648438,240.0500030517578,208.90431213378906,1912885
2017-05-26,240.0,243.0,238.1999969482422,240.39999389648438,209.20892333984375,2050152
2017-05-29,240.10000610351562,243.75,239.10000610351562,240.25,209.07835388183594,1067127
2017-05-30,240.0,244.25,237.3000030517578,242.4499969482422,210.99293518066406,2348911
2017-05-31,243.64999389648438,244.8000030517578,240.0,241.25,209.94863891601562,3097509
2017-06-01,240.0,243.3000030517578,239.75,240.35000610351562,209.1654052734375,1610540
2017-06-02,241.60000610351562,243.0,239.5,240.4499969482422,209.25241088867188,2142258
2017-06-05,241.9499969482422,241.9499969482422,239.5500030517578,240.35000610351562,209.1654052734375,966410
2017-06-06,241.14999389648438,241.1999969482422,234.0,235.0500030517578,204.55307006835938,1884219
2017-06-07,234.1999969482422,237.89999389648438,234.1999969482422,236.60000610351562,205.90196228027344,1376882
2017-06-08,237.10000610351562,239.14999389648438,234.60000610351562,235.0,204.5095672607422,1605121
2017-06-09,235.39999389648438,236.0,232.0500030517578,235.0500030517578,204.55307006835938,1013263
2017-06-12,234.5500030517578,236.14999389648438,230.0500030517578,230.64999389648438,200.72393798828125,2245461
2017-06-13,231.5500030517578,233.9499969482422,230.4499969482422,231.25,201.24607849121094,1295348
2017-06-14,231.89999389648438,234.6999969482422,228.6999969482422,234.0500030517578,203.68280029296875,1635872
2017-06-15,236.0,236.60000610351562,231.3000030517578,236.10000610351562,205.46682739257812,4396221
2017-06-16,235.5,238.5500030517578,234.0,237.25,206.46759033203125,4001169
2017-06-19,238.3000030517578,239.64999389648438,237.14999389648438,237.8000030517578,206.94625854492188,865666
2017-06-20,238.0,242.10000610351562,236.5,241.1999969482422,209.9051055908203,2335353
2017-06-21,240.0,241.35000610351562,237.5,240.35000610351562,209.1654052734375,2413141
2017-06-22,240.85000610351562,246.89999389648438,240.85000610351562,244.9499969482422,213.1685791015625,4917780
2017-06-23,243.5,245.25,240.4499969482422,243.3000030517578,211.73263549804688,2469136
2017-06-27,243.1999969482422,244.64999389648438,237.9499969482422,240.75,209.51348876953125,2654226
2017-06-28,240.8000030517578,246.4499969482422,237.0500030517578,245.64999389648438,213.7777557373047,3461166
2017-06-29,245.64999389648438,248.89999389648438,244.1999969482422,246.89999389648438,214.86553955078125,6508472
2017-06-30,246.39999389648438,247.75,244.39999389648438,246.5500030517578,214.56097412109375,3444695
2017-07-03,246.39999389648438,249.64999389648438,245.60000610351562,247.4499969482422,215.3441925048828,3166023
2017-07-04,252.0,252.6999969482422,248.10000610351562,249.10000610351562,216.7801055908203,3624710
2017-07-05,249.64999389648438,254.5,248.5500030517578,253.25,220.39166259765625,2653067
2017-07-06,254.8000030517578,258.20001220703125,253.1999969482422,256.6000061035156,223.30702209472656,2680640
2017-07-07,256.5,256.5,251.35000610351562,253.4499969482422,220.56570434570312,1668483
2017-07-10,254.0,255.3000030517578,230.75,254.39999389648438,221.3924560546875,179284
2017-07-11,254.60000610351562,257.29998779296875,253.14999389648438,255.14999389648438,222.04513549804688,2464271
2017-07-12,256.0,261.79998779296875,256.0,261.0,227.1361083984375,1859209
2017-07-13,262.0,263.95001220703125,260.3500061035156,263.1499938964844,229.0071563720703,2101852
2017-07-14,262.8999938964844,263.8999938964844,259.70001220703125,261.8999938964844,227.9193572998047,2298401
2017-07-17,262.54998779296875,267.5,262.29998779296875,266.1499938964844,231.61798095703125,1049035
2017-07-18,268.3999938964844,271.0,265.0,266.25,231.7050018310547,2615130
2017-07-19,267.04998779296875,268.0,262.0,264.6000061035156,230.26902770996094,2569184
2017-07-20,265.0,270.79998779296875,260.5,261.6000061035156,227.6582794189453,3702155
2017-07-21,262.1000061035156,268.3999938964844,260.1000061035156,266.1000061035156,231.5744171142578,1399985
2017-07-24,267.70001220703125,269.0,264.75,268.1000061035156,233.3148956298828,1786012
2017-07-25,275.0,275.0,265.3999938964844,267.79998779296875,233.0538330078125,5705127
2017-07-26,267.45001220703125,267.6499938964844,264.0,264.8999938964844,230.5301055908203,1699994
2017-07-27,264.8999938964844,266.5,263.79998779296875,264.6000061035156,230.26902770996094,2277932
2017-07-28,264.25,267.70001220703125,260.8500061035156,262.6000061035156,228.52853393554688,1754006
2017-07-31,262.5,265.0,261.5,263.1499938964844,229.0071563720703,1524550
2017-08-01,264.3999938964844,266.5,259.79998779296875,260.79998779296875,226.96205139160156,2370928
2017-08-02,259.8999938964844,267.8999938964844,258.1000061035156,266.6000061035156,233.44166564941406,2324968
2017-08-03,266.5,273.0,264.0,272.1000061035156,238.2576446533203,3813836
2017-08-04,271.3500061035156,278.20001220703125,269.29998779296875,277.45001220703125,242.9422607421875,4142004
2017-08-07,276.70001220703125,281.45001220703125,272.5,279.5,244.7372589111328,1632831
2017-08-08,278.0,280.75,273.3500061035156,274.1499938964844,240.0526580810547,921821
2017-08-09,272.8999938964844,274.79998779296875,270.25,273.20001220703125,239.22085571289062,949202
2017-08-10,272.0,273.6000061035156,266.04998779296875,267.45001220703125,234.1859893798828,1402846
2017-08-11,263.1000061035156,268.5,262.54998779296875,263.3500061035156,230.595947265625,1515060
2017-08-14,264.8500061035156,266.3999938964844,262.75,265.1000061035156,232.12826538085938,2162725
2017-08-16,265.6000061035156,270.75,264.29998779296875,270.04998779296875,236.46263122558594,1804763
2017-08-17,273.25,274.8999938964844,269.3500061035156,270.8999938964844,237.20687866210938,2464131
2017-08-18,270.20001220703125,276.75,267.1000061035156,274.95001220703125,240.75318908691406,2173179
2017-08-21,274.70001220703125,277.70001220703125,272.54998779296875,274.3999938964844,240.27159118652344,1420376
2017-08-22,276.8999938964844,276.8999938964844,271.5,273.1499938964844,239.17703247070312,1561082
2017-08-23,274.0,277.3999938964844,272.6000061035156,276.6499938964844,242.24176025390625,1018756
2017-08-24,277.20001220703125,278.0,273.20001220703125,275.3999938964844,241.14720153808594,1073190
2017-08-28,277.20001220703125,281.8999938964844,274.6000061035156,279.3500061035156,244.60594177246094,2031129
2017-08-29,278.70001220703125,278.8500061035156,273.6000061035156,275.0,240.7969512939453,2313805
2017-08-30,278.04998779296875,281.8500061035156,277.1499938964844,280.1499938964844,245.30641174316406,1271563
2017-08-31,282.0,282.0,278.5,280.3500061035156,245.4815673828125,2076018
2017-09-01,281.8999938964844,284.95001220703125,280.54998779296875,282.6000061035156,247.4517364501953,1197940
2017-09-04,282.3500061035156,283.3999938964844,275.1000061035156,276.79998779296875,242.3730926513672,2196967
2017-09-05,276.8500061035156,283.04998779296875,274.5,282.45001220703125,247.32034301757812,2029499
2017-09-06,281.3999938964844,286.79998779296875,280.1499938964844,282.6000061035156,247.4517364501953,2217173
2017-09-07,283.6000061035156,285.3999938964844,280.3999938964844,281.04998779296875,246.094482421875,1675064
2017-09-08,284.54998779296875,284.54998779296875,280.3500061035156,282.54998779296875,247.40792846679688,1275740
2017-09-11,282.1000061035156,288.0,282.1000061035156,285.1000061035156,249.6407928466797,1599816
2017-09-12,285.5,289.3999938964844,284.6499938964844,288.79998779296875,252.88059997558594,1258233
2017-09-13,288.5,291.5,283.75,285.75,250.2099151611328,1322504
2017-09-14,285.0,287.79998779296875,283.54998779296875,284.70001220703125,249.29054260253906,791428
2017-09-15,283.8999938964844,286.5,280.5,284.3500061035156,248.98406982421875,1184804
2017-09-18,285.5,286.95001220703125,281.5,282.29998779296875,247.18898010253906,916191
2017-09-19,285.5,287.0,281.5,285.1000061035156,249.6407928466797,1731903
2017-09-20,286.0,286.0,278.3500061035156,279.8999938964844,245.08753967285156,2413483
2017-09-21,279.5,279.70001220703125,274.1000061035156,276.75,242.3292694091797,2685318
2017-09-22,275.25,275.25,268.0,269.8999938964844,236.33128356933594,3292766
2017-09-25,269.0,269.8999938964844,260.1000061035156,262.25,229.6327362060547,3633108
2017-09-26,263.0,263.70001220703125,260.0,261.29998779296875,228.80087280273438,1308037
2017-09-27,262.95001220703125,268.0,260.1000061035156,262.3999938964844,229.76406860351562,4003318
2017-09-28,261.1000061035156,270.6499938964844,260.0,268.04998779296875,234.71136474609375,5296128
2017-09-29,268.1499938964844,274.0,265.0,266.45001220703125,233.31039428710938,2334479
2017-10-03,268.29998779296875,271.70001220703125,266.04998779296875,268.3500061035156,234.97406005859375,1314526
2017-10-04,268.20001220703125,271.0,266.3500061035156,269.54998779296875,236.0247802734375,1029485
2017-10-05,270.04998779296875,275.0,269.6499938964844,273.95001220703125,239.8775634765625,2205375
2017-10-06,275.1000061035156,280.5,273.79998779296875,278.75,244.08050537109375,2113361
2017-10-09,276.1000061035156,282.3500061035156,276.1000061035156,280.25,245.39401245117188,2399561
2017-10-10,280.3999938964844,280.8999938964844,276.6000061035156,277.6499938964844,243.11737060546875,1111212
2017-10-11,279.1499938964844,279.5,272.0,274.0,239.92138671875,915071
2017-10-12,274.95001220703125,277.8999938964844,272.45001220703125,277.3999938964844,242.89846801757812,773049
2017-10-13,276.0,279.6000061035156,275.6499938964844,277.54998779296875,243.02981567382812,1798301
2017-10-16,279.3999938964844,281.3999938964844,277.6499938964844,279.79998779296875,244.9999542236328,1535618
2017-10-17,279.0,283.3999938964844,277.75,280.8500061035156,245.91940307617188,1548583
2017-10-18,281.25,282.1499938964844,276.3999938964844,277.8999938964844,243.33627319335938,1225832
2017-10-19,277.5,279.70001220703125,271.95001220703125,274.04998779296875,239.96514892578125,143094
2017-10-23,274.20001220703125,282.95001220703125,274.20001220703125,281.79998779296875,246.75115966796875,3075417
2017-10-24,284.0,286.8999938964844,281.3500061035156,282.20001220703125,247.1014862060547,2847254
2017-10-25,284.04998779296875,285.79998779296875,280.3999938964844,281.75,246.7074432373047,2019634
2017-10-26,282.1000061035156,282.79998779296875,273.3500061035156,276.45001220703125,242.066650390625,2537382
2017-10-27,278.45001220703125,280.0,276.45001220703125,278.8999938964844,244.2118682861328,1799125
2017-10-30,279.0,286.3500061035156,278.5,283.54998779296875,248.28353881835938,1982624
2017-10-31,282.95001220703125,288.79998779296875,280.75,281.5,246.48851013183594,3084319
2017-11-01,282.1000061035156,287.5,282.04998779296875,283.04998779296875,247.8457489013672,2056294
2017-11-02,284.45001220703125,285.70001220703125,278.95001220703125,279.54998779296875,244.7810821533203,1519341
2017-11-03,280.0,283.6000061035156,280.0,282.6000061035156,247.4517364501953,1336410
2017-11-06,282.0,282.45001220703125,277.6499938964844,280.04998779296875,245.2188720703125,2012960
2017-11-07,280.54998779296875,283.3999938964844,274.6499938964844,276.6499938964844,242.24176025390625,2025509
2017-11-08,276.5,279.70001220703125,272.45001220703125,273.5,239.4835205078125,1707405
2017-11-09,272.8500061035156,277.45001220703125,270.1000061035156,271.0,237.2944793701172,1331818
2017-11-10,269.5,274.0,268.5,270.1000061035156,236.5063934326172,1686868
2017-11-13,270.8999938964844,274.3500061035156,269.04998779296875,271.20001220703125,237.46961975097656,1685529
2017-11-14,271.0,275.3500061035156,269.20001220703125,271.3500061035156,237.60093688964844,1691237
2017-11-15,271.3500061035156,278.0,271.29998779296875,276.1499938964844,241.80392456054688,3970046
2017-11-16,279.45001220703125,281.79998779296875,274.54998779296875,275.1499938964844,240.92828369140625,2588111
2017-11-17,278.1499938964844,279.8999938964844,273.5,274.5,240.359130859375,1670648
2017-11-20,272.79998779296875,272.79998779296875,263.0,264.70001220703125,231.77806091308594,3261832
2017-11-21,264.5,267.3999938964844,260.8500061035156,261.6499938964844,229.1073760986328,3037842
2017-11-22,263.3999938964844,267.3999938964844,262.1499938964844,265.6000061035156,232.56610107421875,2773825
2017-11-23,267.25,269.5,264.1000061035156,264.95001220703125,231.99696350097656,2837249
2017-11-24,265.95001220703125,268.1000061035156,264.5,264.95001220703125,231.99696350097656,1999089
2017-11-27,264.5,266.0,261.6499938964844,262.3999938964844,229.76406860351562,2787181
2017-11-28,263.04998779296875,265.6499938964844,262.0,263.04998779296875,230.33323669433594,1485419
2017-11-29,263.29998779296875,265.79998779296875,262.29998779296875,263.04998779296875,230.33323669433594,1398926
2017-11-30,262.45001220703125,264.8500061035156,259.25,262.5,229.8516387939453,2858463
2017-12-01,263.6499938964844,268.25,262.29998779296875,263.54998779296875,230.7710418701172,2069676
2017-12-04,265.0,266.1000061035156,259.45001220703125,261.1000061035156,228.62576293945312,1260611
2017-12-05,261.0,262.0,256.25,260.45001220703125,228.056640625,2016019
2017-12-06,259.8999938964844,263.25,257.70001220703125,261.70001220703125,229.1511688232422,3182304
2017-12-07,262.70001220703125,266.70001220703125,261.45001220703125,265.8500061035156,232.78500366210938,1345304
2017-12-08,265.70001220703125,270.0,263.70001220703125,268.1000061035156,234.755126953125,1272951
2017-12-11,269.5,270.95001220703125,268.5,269.1000061035156,235.63079833984375,1199568
2017-12-12,268.5,269.6499938964844,264.1499938964844,265.29998779296875,232.30337524414062,2006310
2017-12-13,265.79998779296875,270.29998779296875,263.25,264.1000061035156,231.25267028808594,3204666
2017-12-14,266.3999938964844,267.0,259.6000061035156,264.75,231.82177734375,1666551
2017-12-15,267.0,267.54998779296875,263.29998779296875,264.3999938964844,231.5153350830078,1808962
2017-12-18,262.95001220703125,266.54998779296875,255.0,264.0,231.16510009765625,1221276
2017-12-19,264.0,272.0,264.0,270.6499938964844,236.98797607421875,1565382
2017-12-20,272.3999938964844,272.3999938964844,267.1499938964844,267.45001220703125,234.1859893798828,1553248
2017-12-21,268.0,272.0,266.1000061035156,268.6000061035156,235.19296264648438,1597801
2017-12-22,269.6000061035156,269.6000061035156,266.6499938964844,267.6000061035156,234.31736755371094,1112049
2017-12-26,267.5,274.0,266.70001220703125,273.29998779296875,239.3083953857422,2217661
2017-12-27,273.5,273.75,268.3999938964844,271.29998779296875,237.55714416503906,1652849
2017-12-28,272.0,273.5,268.79998779296875,271.6000061035156,237.8198699951172,1463113
2017-12-29,272.3999938964844,274.0,270.54998779296875,272.04998779296875,238.2138671875,1948608
2018-01-01,271.1000061035156,273.1000061035156,264.3500061035156,268.04998779296875,234.71136474609375,1408955
2018-01-02,270.0,270.29998779296875,265.1000061035156,268.1499938964844,234.79891967773438,981714
2018-01-03,268.3999938964844,273.29998779296875,267.3500061035156,272.6000061035156,238.6954803466797,1906004
2018-01-04,271.6000061035156,274.3999938964844,270.70001220703125,273.45001220703125,239.4397735595703,2142231
2018-01-05,274.5,277.6000061035156,272.25,273.8999938964844,239.83375549316406,1304360
2018-01-08,272.25,275.3999938964844,271.3500061035156,274.6000061035156,240.4467315673828,1215089
2018-01-09,275.3999938964844,279.3500061035156,272.6000061035156,277.1499938964844,242.6795196533203,3305059
2018-01-10,278.0,278.0,273.3999938964844,276.1000061035156,241.76016235351562,1860881
2018-01-11,278.5,278.8999938964844,271.0,271.75,237.95115661621094,2869673
2018-01-12,271.1000061035156,274.3999938964844,267.70001220703125,269.3999938964844,235.8934783935547,2131954
2018-01-15,270.1000061035156,278.20001220703125,269.3999938964844,276.95001220703125,242.50445556640625,2520552
2018-01-16,278.1000061035156,280.0,275.1000061035156,277.8500061035156,243.2925262451172,2689358
2018-01-17,275.3500061035156,278.95001220703125,272.8500061035156,277.1499938964844,242.6795196533203,2384660
2018-01-18,277.5,278.0,273.54998779296875,275.6499938964844,241.36610412597656,1271915
2018-01-19,276.0,276.54998779296875,266.3999938964844,268.6000061035156,235.19296264648438,1942776
2018-01-22,269.0,269.20001220703125,265.29998779296875,268.45001220703125,235.06163024902344,1955296
2018-01-23,268.45001220703125,269.3999938964844,262.0,262.70001220703125,230.0267791748047,3127752
2018-01-24,262.95001220703125,265.5,259.3500061035156,260.1499938964844,227.79393005371094,2345935
2018-01-25,260.79998779296875,264.5,259.6000061035156,263.0,230.2894744873047,3313959
2018-01-29,263.95001220703125,266.3999938964844,260.6000061035156,263.6499938964844,230.85861206054688,1420895
2018-01-30,261.79998779296875,263.75,258.3999938964844,261.5,228.9760284423828,1787102
2018-01-31,261.70001220703125,263.29998779296875,257.1499938964844,261.79998779296875,229.2386932373047,2708846
2018-02-01,263.3999938964844,269.5,260.8999938964844,266.45001220703125,233.31039428710938,3355964
2018-02-02,264.29998779296875,265.45001220703125,257.1000061035156,259.54998779296875,227.2685546875,3017102
2018-02-05,257.0,260.0,252.0500030517578,259.1000061035156,226.87451171875,2745947
2018-02-06,250.0500030517578,256.3999938964844,247.5,255.3000030517578,223.54714965820312,1907347
2018-02-07,255.3000030517578,257.95001220703125,246.5500030517578,248.3000030517578,217.41775512695312,3906454
2018-02-08,247.8000030517578,266.3999938964844,245.5500030517578,261.8999938964844,229.32626342773438,4063203
2018-02-09,258.5,261.70001220703125,255.10000610351562,258.8999938964844,226.6993865966797,1742418
2018-02-12,260.20001220703125,263.1000061035156,255.64999389648438,256.8999938964844,224.9481201171875,1200752
2018-02-14,257.6000061035156,258.3999938964844,252.8000030517578,254.14999389648438,222.54017639160156,1060437
2018-02-15,254.89999389648438,257.8500061035156,251.6999969482422,253.39999389648438,221.8834228515625,1620357
2018-02-16,254.3000030517578,261.5,254.3000030517578,257.04998779296875,225.07948303222656,4870752
2018-02-19,257.5,260.8500061035156,255.10000610351562,257.54998779296875,225.51727294921875,2519233
2018-02-20,259.3999938964844,269.70001220703125,257.1000061035156,263.70001220703125,230.9024200439453,7529895
2018-02-21,268.0,268.8500061035156,260.1000061035156,261.70001220703125,229.1511688232422,6498774
2018-02-22,258.29998779296875,259.0,254.8000030517578,256.8999938964844,224.9481201171875,3842909
2018-02-23,257.1000061035156,262.0,255.60000610351562,260.20001220703125,227.83770751953125,2201036
2018-02-26,261.1499938964844,265.0,260.3500061035156,262.95001220703125,230.2456817626953,1668982
2018-02-27,258.29998779296875,260.8999938964844,249.5500030517578,251.39999389648438,220.1322021484375,10403386
2018-02-28,250.0,253.5,247.0,252.35000610351562,220.9640655517578,3500262
2018-03-01,252.89999389648438,256.25,251.35000610351562,253.14999389648438,221.66453552246094,3184053
2018-03-05,252.5,252.5,244.0,246.10000610351562,215.4913787841797,2291003
2018-03-06,247.5,249.0,239.9499969482422,240.64999389648438,210.71922302246094,2727521
2018-03-07,240.0,240.0,234.4499969482422,235.1999969482422,205.9470977783203,3023002
2018-03-08,236.0,237.5,231.5500030517578,236.25,206.866455078125,2111425
2018-03-09,237.5,237.9499969482422,234.1999969482422,235.39999389648438,206.1221923828125,1257500
2018-03-12,237.0,242.3000030517578,232.5,240.85000610351562,210.8943634033203,1926518
2018-03-13,242.0500030517578,244.39999389648438,237.6999969482422,238.8000030517578,209.09934997558594,1942169
2018-03-14,238.89999389648438,245.0,238.5500030517578,243.89999389648438,213.56503295898438,2973976
2018-03-15,244.10000610351562,245.5500030517578,241.5500030517578,242.3000030517578,212.1640167236328,3060758
2018-03-16,242.3000030517578,243.10000610351562,234.0500030517578,234.75,205.55303955078125,3348952
2018-03-19,235.89999389648438,236.75,229.10000610351562,231.14999389648438,202.4008026123047,2932815
2018-03-20,228.5,233.9499969482422,228.5,230.39999389648438,201.7440643310547,1711628
2018-03-21,230.85000610351562,234.5500030517578,228.5,229.85000610351562,201.2624969482422,2202091
2018-03-22,230.3000030517578,232.85000610351562,227.1999969482422,228.25,199.86148071289062,3027467
2018-03-23,225.89999389648438,228.1999969482422,223.0,227.1999969482422,198.9420623779297,1842220
2018-03-26,227.35000610351562,232.85000610351562,226.9499969482422,231.10000610351562,202.35699462890625,2279430
2018-03-27,232.1999969482422,235.1999969482422,230.5,231.6999969482422,202.88238525390625,2987115
2018-03-28,230.1999969482422,236.89999389648438,228.25,232.9499969482422,203.97689819335938,17268096
2018-04-02,234.10000610351562,242.0,231.5500030517578,240.1999969482422,210.32522583007812,2609084
2018-04-03,239.60000610351562,242.60000610351562,238.64999389648438,240.64999389648438,210.71922302246094,1586599
2018-04-04,240.60000610351562,244.0,236.0,236.60000610351562,207.17295837402344,1640569
2018-04-05,238.0,239.85000610351562,235.5500030517578,238.0,210.17547607421875,2110899
2018-04-06,238.0,239.1999969482422,236.10000610351562,238.64999389648438,210.74948120117188,664865
2018-04-09,238.8000030517578,240.1999969482422,236.0500030517578,236.60000610351562,208.9391326904297,857711
2018-04-10,237.8000030517578,238.5,234.3000030517578,235.0,207.5261993408203,899391
2018-04-11,234.9499969482422,238.0500030517578,233.60000610351562,237.5,209.73391723632812,1288646
2018-04-12,236.75,239.9499969482422,235.5,236.0,208.40928649902344,2341840
2018-04-13,236.1999969482422,239.1999969482422,235.1999969482422,236.64999389648438,208.98329162597656,986965
2018-04-16,236.0,242.5,235.14999389648438,241.64999389648438,213.3987274169922,1117203
2018-04-17,242.0500030517578,245.9499969482422,240.25,244.85000610351562,216.224609375,2079834
2018-04-18,246.25,246.9499969482422,242.75,244.89999389648438,216.26878356933594,1693395
2018-04-19,247.0,250.60000610351562,245.35000610351562,247.0,218.12326049804688,2315449
2018-04-20,246.60000610351562,247.9499969482422,244.10000610351562,246.60000610351562,217.77001953125,894175
2018-04-23,245.39999389648438,249.0,245.25,247.60000610351562,218.6531219482422,1051719
2018-04-24,247.39999389648438,249.5,245.5500030517578,247.8000030517578,218.82974243164062,1321262
2018-04-25,247.25,249.75,243.8000030517578,245.6999969482422,216.97523498535156,1575990
2018-04-26,245.1999969482422,247.89999389648438,241.35000610351562,242.5,214.1493682861328,1013598
2018-04-27,243.0,246.0,241.8000030517578,244.89999389648438,216.26878356933594,1464396
2018-04-30,245.5,252.75,245.5,250.64999389648438,221.3465576171875,2454697
2018-05-02,250.89999389648438,251.75,244.8000030517578,245.4499969482422,216.7544708251953,1602224
2018-05-03,244.14999389648438,245.89999389648438,239.39999389648438,239.9499969482422,211.89749145507812,1148958
2018-05-04,241.0500030517578,244.6999969482422,233.39999389648438,236.6999969482422,209.0274200439453,4083676
2018-05-07,235.64999389648438,238.14999389648438,233.10000610351562,235.25,207.7469482421875,2213157
2018-05-08,235.60000610351562,236.25,228.75,229.4499969482422,202.62503051757812,2782140
2018-05-09,229.60000610351562,230.64999389648438,224.14999389648438,224.64999389648438,198.38619995117188,2975035
2018-05-10,225.14999389648438,225.8000030517578,219.0,220.0500030517578,194.323974609375,3566843
2018-05-11,220.5,221.14999389648438,216.14999389648438,217.14999389648438,191.7630157470703,3917464
2018-05-14,217.64999389648438,219.8000030517578,215.3000030517578,217.4499969482422,192.02793884277344,1683423
2018-05-15,217.6999969482422,219.4499969482422,210.8000030517578,214.10000610351562,189.06961059570312,2421775
2018-05-16,213.10000610351562,214.39999389648438,210.0,211.8000030517578,187.03851318359375,2481091
2018-05-17,212.0,220.6999969482422,212.0,217.64999389648438,192.20455932617188,3620351
2018-05-18,217.8000030517578,217.8000030517578,209.1999969482422,210.4499969482422,185.8463134765625,1556445
2018-05-21,210.4499969482422,212.8000030517578,204.25,208.0500030517578,183.72689819335938,1715130
2018-05-22,208.5,210.3000030517578,206.35000610351562,208.0,183.6827392578125,1483612
2018-05-23,207.5500030517578,209.10000610351562,206.5,207.5,183.2412109375,1418518
2018-05-24,209.0,214.25,204.25,212.8000030517578,187.9215850830078,2792312
2018-05-25,213.5,214.5,209.5500030517578,211.60000610351562,186.8618927001953,1499518
2018-05-28,211.89999389648438,214.4499969482422,211.5500030517578,212.10000610351562,187.30343627929688,1181241
2018-05-29,212.39999389648438,214.0,207.85000610351562,208.3000030517578,183.94769287109375,1459474
2018-05-30,207.5500030517578,210.39999389648438,205.6999969482422,206.1999969482422,182.09320068359375,1963564
2018-05-31,207.1999969482422,209.0,204.60000610351562,205.39999389648438,181.38670349121094,6571778
2018-06-01,205.4499969482422,209.25,202.6999969482422,203.5500030517578,179.7529754638672,2911603
2018-06-04,204.5,205.4499969482422,200.35000610351562,201.4499969482422,177.8985137939453,6313873
2018-06-05,201.0,203.25,199.10000610351562,202.0500030517578,178.42837524414062,2631652
2018-06-06,201.5,206.8000030517578,200.4499969482422,204.14999389648438,180.28282165527344,2884900
2018-06-07,205.0,207.3000030517578,204.75,206.0,181.91656494140625,4036226
2018-06-08,205.3000030517578,207.60000610351562,204.75,206.0,181.91656494140625,2601050
2018-06-11,206.9499969482422,210.60000610351562,205.14999389648438,206.0500030517578,181.96072387695312,4756149
2018-06-12,205.89999389648438,207.5,204.9499969482422,206.89999389648438,182.71133422851562,2857333
2018-06-13,207.0,211.60000610351562,206.1999969482422,210.0,185.44891357421875,4884946
2018-06-14,210.6999969482422,210.6999969482422,204.8000030517578,206.0500030517578,181.96072387695312,4024884
2018-06-15,204.5,207.64999389648438,202.0,204.9499969482422,180.9893341064453,6832521
2018-06-18,204.5,205.89999389648438,202.5,202.89999389648438,179.17898559570312,803881
2018-06-19,202.25,203.25,198.85000610351562,200.25,176.83880615234375,1605387
2018-06-20,200.9499969482422,201.8000030517578,196.5500030517578,197.75,174.63107299804688,1716864
2018-06-21,198.0,198.25,195.5500030517578,197.0,173.96876525878906,2532830
2018-06-22,197.10000610351562,206.0,195.64999389648438,204.9499969482422,180.9893341064453,3167408
2018-06-25,205.0,209.0,204.8000030517578,206.8000030517578,182.62306213378906,3363586
2018-06-26,207.0,215.14999389648438,206.64999389648438,211.9499969482422,187.1709747314453,7976623
2018-06-27,213.39999389648438,213.39999389648438,204.0500030517578,205.3000030517578,181.2984161376953,3049747
2018-06-28,205.5500030517578,208.25,200.10000610351562,200.89999389648438,177.4127960205078,3785931
2018-06-29,201.89999389648438,208.0,201.6999969482422,207.4499969482422,183.19703674316406,3749070
2018-07-02,207.8000030517578,207.9499969482422,198.25,199.89999389648438,176.52972412109375,3041228
2018-07-03,200.35000610351562,202.3000030517578,197.85000610351562,200.89999389648438,177.4127960205078,4134828
2018-07-04,201.39999389648438,204.3000030517578,199.6999969482422,201.0,177.50111389160156,2262034
2018-07-05,201.8000030517578,208.85000610351562,201.5,207.4499969482422,183.19703674316406,4657759
2018-07-06,207.75,212.3000030517578,206.6999969482422,207.5500030517578,183.2853546142578,3029745
2018-07-09,209.0500030517578,210.0,205.39999389648438,206.14999389648438,182.0490264892578,2007632
2018-07-10,208.89999389648438,208.89999389648438,203.5500030517578,204.35000610351562,180.45947265625,3550279
2018-07-11,204.60000610351562,205.10000610351562,201.1999969482422,202.5500030517578,178.8699188232422,2524353
2018-07-12,203.0,206.1999969482422,201.25,201.6999969482422,178.11929321289062,4308979
2018-07-13,202.89999389648438,203.5,196.3000030517578,196.89999389648438,173.8804473876953,2220084
2018-07-16,196.5500030517578,197.9499969482422,189.5500030517578,190.5500030517578,168.27281188964844,1994603
2018-07-17,191.0,195.89999389648438,189.0,195.60000610351562,172.73245239257812,1248112
2018-07-18,196.4499969482422,198.60000610351562,192.9499969482422,195.64999389648438,172.77658081054688,1675322
2018-07-19,195.4499969482422,196.0,191.39999389648438,193.35000610351562,170.7454833984375,1596782
2018-07-20,193.39999389648438,195.4499969482422,191.6999969482422,194.3000030517578,171.58441162109375,1105960
2018-07-23,194.8000030517578,200.64999389648438,194.14999389648438,198.0,174.8518524169922,3302774
2018-07-24,202.5,216.8000030517578,202.5,212.64999389648438,187.7891082763672,11675077
2018-07-25,214.25,216.8000030517578,206.60000610351562,208.4499969482422,184.08013916015625,7567233
2018-07-26,214.0,225.75,214.0,223.5,197.37066650390625,18529989
2018-07-27,223.25,227.5,222.64999389648438,225.10000610351562,198.78363037109375,4962191
2018-07-30,225.5,228.4499969482422,222.9499969482422,227.0,200.46145629882812,2775674
2018-07-31,226.0,231.6999969482422,224.14999389648438,230.6999969482422,203.72891235351562,2919886
2018-08-01,229.5,235.5,228.85000610351562,234.0,206.64309692382812,6542652
2018-08-02,233.0,233.60000610351562,228.0500030517578,228.8000030517578,202.05105590820312,1820808
2018-08-03,229.0,230.5500030517578,224.85000610351562,226.10000610351562,199.6666717529297,1909383
2018-08-06,226.6999969482422,229.9499969482422,222.35000610351562,228.5,201.78611755371094,1628672
2018-08-07,230.0,233.0500030517578,228.0500030517578,230.10000610351562,203.1990509033203,4307531
2018-08-08,229.6999969482422,233.25,226.6999969482422,230.9499969482422,203.94967651367188,2470588
2018-08-09,231.89999389648438,233.14999389648438,229.89999389648438,232.39999389648438,205.23016357421875,1211459
2018-08-10,233.0500030517578,233.1999969482422,224.0,227.6999969482422,201.0796356201172,1723589
2018-08-13,225.0,225.0,220.1999969482422,220.89999389648438,195.0745849609375,1728996
2018-08-14,222.0,227.5,221.5,226.35000610351562,199.887451171875,1810299
2018-08-16,225.0,226.10000610351562,222.5,224.5,198.25376892089844,1030961
2018-08-17,226.25,229.64999389648438,225.10000610351562,228.64999389648438,201.91854858398438,1721617
2018-08-20,229.3000030517578,233.0,227.5,229.75,202.8899383544922,1591893
2018-08-21,231.0,241.39999389648438,230.39999389648438,239.35000610351562,211.36764526367188,6380758
2018-08-23,240.0,241.9499969482422,235.10000610351562,237.25,209.5131072998047,2837007
2018-08-24,236.5,241.25,235.10000610351562,236.6999969482422,209.0274200439453,1731653
2018-08-27,237.0,242.5500030517578,235.10000610351562,241.6999969482422,213.44290161132812,2145678
2018-08-28,243.0,243.4499969482422,233.64999389648438,236.39999389648438,208.76251220703125,2900755
2018-08-29,237.3000030517578,238.64999389648438,232.1999969482422,233.14999389648438,205.8924560546875,1711404
2018-08-30,233.35000610351562,240.4499969482422,232.0500030517578,237.89999389648438,210.087158203125,5025712
2018-08-31,238.0,243.39999389648438,236.60000610351562,241.35000610351562,213.13381958007812,2735230
2018-09-03,242.9499969482422,245.39999389648438,238.35000610351562,240.0,211.94163513183594,2393818
2018-09-04,230.0,239.89999389648438,225.89999389648438,227.9499969482422,201.3004150390625,3810744
2018-09-05,227.39999389648438,229.25,218.85000610351562,223.1999969482422,197.10572814941406,3947663
2018-09-06,227.0500030517578,233.0500030517578,222.75,226.60000610351562,200.10824584960938,4887812
2018-09-07,228.1999969482422,229.1999969482422,222.75,227.5,200.9030303955078,2406640
2018-09-10,226.89999389648438,228.0,219.0,219.6999969482422,194.01490783691406,2611742
2018-09-11,220.5500030517578,223.4499969482422,218.60000610351562,220.1999969482422,194.4564666748047,3757737
2018-09-12,221.0,227.5500030517578,218.85000610351562,226.60000610351562,200.10824584960938,2404591
2018-09-14,228.10000610351562,232.60000610351562,227.0500030517578,229.8000030517578,202.9341278076172,2588077
2018-09-17,228.5,231.8000030517578,225.0500030517578,225.89999389648438,199.49005126953125,1802238
2018-09-18,226.0,227.85000610351562,223.10000610351562,224.39999389648438,198.1654052734375,1344871
2018-09-19,225.0,226.39999389648438,222.0,225.0,198.69528198242188,2120702
2018-09-21,226.0500030517578,227.14999389648438,208.1999969482422,225.4499969482422,199.09266662597656,3464829
2018-09-24,223.64999389648438,228.0,216.9499969482422,218.64999389648438,193.08766174316406,1734859
2018-09-25,218.0,227.39999389648438,215.89999389648438,225.64999389648438,199.269287109375,1801355
2018-09-26,227.64999389648438,229.1999969482422,223.4499969482422,226.10000610351562,199.6666717529297,2420982
2018-09-27,226.1999969482422,234.8000030517578,225.0,227.25,200.68222045898438,8039387
2018-09-28,226.60000610351562,230.9499969482422,221.1999969482422,223.5500030517578,197.41477966308594,4202032
2018-10-01,223.0,226.89999389648438,216.85000610351562,222.6999969482422,196.66416931152344,2070915
2018-10-03,221.5,222.1999969482422,211.0,213.3000030517578,188.36312866210938,4433444
2018-10-04,210.75,216.4499969482422,207.25,213.6999969482422,188.71636962890625,4756385
2018-10-05,213.0,214.25,207.0,208.4499969482422,184.08013916015625,3007099
2018-10-08,206.4499969482422,210.64999389648438,202.39999389648438,208.10000610351562,183.77108764648438,2483769
2018-10-09,210.0,211.9499969482422,202.4499969482422,204.6999969482422,180.76853942871094,1790998
2018-10-10,204.10000610351562,210.60000610351562,203.14999389648438,209.89999389648438,185.36062622070312,2655944
2018-10-11,204.0,208.8000030517578,200.35000610351562,207.85000610351562,183.55029296875,3596264
2018-10-12,210.0,220.8000030517578,208.89999389648438,219.60000610351562,193.92660522460938,5695694
2018-10-15,218.8000030517578,218.89999389648438,209.60000610351562,217.0,191.6305694580078,5976849
2018-10-16,218.0,223.8000030517578,217.0,221.5,195.60447692871094,3761860
2018-10-17,223.5,227.85000610351562,217.39999389648438,219.3000030517578,193.66168212890625,5346216
2018-10-19,214.89999389648438,215.0,207.85000610351562,209.1999969482422,184.74246215820312,5427052
2018-10-22,212.0500030517578,213.4499969482422,204.6999969482422,206.0,181.91656494140625,3803442
2018-10-23,202.8000030517578,206.0,196.8000030517578,200.60000610351562,177.14788818359375,8424281
2018-10-24,202.0,204.4499969482422,192.9499969482422,196.39999389648438,173.43890380859375,14849782
2018-10-25,194.0,197.4499969482422,191.8000030517578,192.5500030517578,170.0390167236328,7180208
2018-10-26,193.64999389648438,193.64999389648438,188.5,190.4499969482422,168.18450927734375,16413375
2018-10-29,192.0,194.35000610351562,189.0500030517578,193.10000610351562,170.52471923828125,16772923
2018-10-30,193.10000610351562,197.10000610351562,192.0500030517578,192.4499969482422,169.95069885253906,3981871
2018-10-31,193.0,198.6999969482422,188.35000610351562,197.14999389648438,174.10121154785156,8628188
2018-11-01,197.60000610351562,201.0,197.1999969482422,199.9499969482422,176.57388305664062,3416848
2018-11-02,202.0,208.0,201.39999389648438,204.0500030517578,180.1945343017578,4174804
2018-11-05,203.89999389648438,206.10000610351562,202.39999389648438,205.4499969482422,181.4308624267578,2629132
2018-11-06,206.0,206.9499969482422,203.25,204.1999969482422,180.32701110839844,1757806
2018-11-07,205.60000610351562,206.35000610351562,204.5500030517578,205.60000610351562,181.5633544921875,172463
2018-11-09,207.35000610351562,207.4499969482422,204.75,205.3000030517578,181.2984161376953,1849981
2018-11-12,205.89999389648438,208.39999389648438,201.8000030517578,203.35000610351562,179.57638549804688,3828786
2018-11-13,202.9499969482422,206.39999389648438,201.39999389648438,205.85000610351562,181.7841033935547,2024625
2018-11-14,207.0,214.35000610351562,206.5500030517578,211.1999969482422,186.50863647460938,5341589
2018-11-15,211.39999389648438,219.0,208.1999969482422,217.85000610351562,192.38119506835938,3028344
2018-11-16,217.89999389648438,219.0,215.0,217.25,191.85133361816406,1845708
2018-11-19,218.0,221.64999389648438,214.9499969482422,220.39999389648438,194.633056640625,3289421
2018-11-20,219.25,219.25,214.0500030517578,215.0,189.8643798828125,1207441
2018-11-21,216.0,218.1999969482422,214.0500030517578,217.60000610351562,192.16041564941406,1599264
2018-11-22,218.8000030517578,218.8000030517578,213.8000030517578,214.64999389648438,189.55528259277344,1093305
2018-11-26,214.1999969482422,217.0,211.64999389648438,216.4499969482422,191.1448516845703,2129029
2018-11-27,215.9499969482422,218.14999389648438,214.3000030517578,215.85000610351562,190.614990234375,1843182
2018-11-28,216.5,217.5,213.64999389648438,214.5500030517578,189.46701049804688,1252402
2018-11-29,217.60000610351562,220.0,214.89999389648438,216.8000030517578,191.45396423339844,2647720
2018-11-30,217.60000610351562,220.89999389648438,215.6999969482422,217.4499969482422,192.02793884277344,4396332
2018-12-03,218.60000610351562,222.8000030517578,217.60000610351562,220.0,194.2798309326172,2823065
2018-12-04,220.0,223.60000610351562,217.5,219.0,193.39675903320312,1995824
2018-12-05,218.8000030517578,218.8000030517578,215.35000610351562,216.64999389648438,191.3214874267578,1836318
2018-12-06,214.6999969482422,215.5500030517578,206.85000610351562,208.14999389648438,183.8152313232422,1873533
2018-12-07,209.8000030517578,213.5,207.60000610351562,212.4499969482422,187.6125030517578,1040049
2018-12-10,209.39999389648438,209.9499969482422,204.5,204.89999389648438,180.94517517089844,1114367
2018-12-11,200.25,215.6999969482422,200.25,213.10000610351562,188.18653869628906,4298081
2018-12-12,213.0,218.60000610351562,212.64999389648438,215.9499969482422,190.7033233642578,3558108
2018-12-13,216.1999969482422,220.64999389648438,216.14999389648438,218.6999969482422,193.13180541992188,2819659
2018-12-14,223.60000610351562,224.85000610351562,218.1999969482422,219.4499969482422,193.79412841796875,5023903
2018-12-17,219.5500030517578,221.14999389648438,217.35000610351562,218.75,193.17596435546875,1236838
2018-12-18,219.25,220.9499969482422,218.0,219.64999389648438,193.97073364257812,1565567
2018-12-19,221.10000610351562,230.64999389648438,220.5500030517578,227.25,200.68222045898438,6142902
2018-12-20,225.9499969482422,229.5,223.4499969482422,225.10000610351562,198.78363037109375,2215666
2018-12-21,225.25,226.1999969482422,219.3000030517578,220.6999969482422,194.8979949951172,1677202
2018-12-24,216.0,219.60000610351562,212.5500030517578,213.25,188.3189697265625,2431010
2018-12-26,212.64999389648438,222.0,209.89999389648438,221.10000610351562,195.25125122070312,3303641
2018-12-27,217.4499969482422,222.8000030517578,216.0500030517578,216.85000610351562,191.49807739257812,1684054
2018-12-28,217.10000610351562,222.8000030517578,217.10000610351562,220.9499969482422,195.1187744140625,2241527
2018-12-31,222.0,225.85000610351562,219.60000610351562,225.10000610351562,198.78363037109375,2836456
2019-01-01,224.5,229.0,221.0500030517578,222.89999389648438,196.84078979492188,1594627
2019-01-02,222.89999389648438,223.8000030517578,218.0500030517578,218.9499969482422,193.35260009765625,1826162
2019-01-03,219.0,220.89999389648438,213.14999389648438,213.85000610351562,188.84881591796875,1612955
2019-01-04,214.5,216.9499969482422,211.1999969482422,216.5500030517578,191.23316955566406,2344100
2019-01-07,218.5,220.25,216.39999389648438,218.0,192.513671875,1280088
2019-01-08,217.10000610351562,219.64999389648438,215.1999969482422,218.6999969482422,193.13180541992188,1678459
2019-01-09,219.5,219.5,211.60000610351562,212.85000610351562,187.9657440185547,2005058
2019-01-10,213.85000610351562,215.39999389648438,211.3000030517578,213.14999389648438,188.2306671142578,2033769
2019-01-11,213.85000610351562,214.14999389648438,211.5,212.85000610351562,187.9657440185547,1279076
2019-01-14,213.0,215.3000030517578,211.5500030517578,214.85000610351562,189.73193359375,1231366
2019-01-15,215.4499969482422,217.5,214.85000610351562,216.75,191.4097900390625,1294415
2019-01-16,217.0,220.0,215.6999969482422,216.85000610351562,191.49807739257812,975644
2019-01-17,218.0,218.39999389648438,214.1999969482422,215.25,190.08514404296875,934332
2019-01-18,215.6999969482422,216.0,212.1999969482422,212.64999389648438,187.7891082763672,787152
2019-01-21,213.0,214.8000030517578,211.1999969482422,212.3000030517578,187.4800262451172,1028461
2019-01-22,212.1999969482422,215.0,211.39999389648438,213.85000610351562,188.84881591796875,996452
2019-01-23,213.0,215.5500030517578,211.5,212.39999389648438,187.56834411621094,979376
2019-01-24,213.8000030517578,213.8000030517578,208.75,211.1999969482422,186.50863647460938,1682064
2019-01-25,211.89999389648438,213.6999969482422,201.25,202.35000610351562,178.69329833984375,2945463
2019-01-28,201.0,204.35000610351562,197.89999389648438,199.75,176.39723205566406,3278879
2019-01-29,198.6999969482422,204.75,198.3000030517578,200.85000610351562,177.36863708496094,2643774
2019-01-30,201.85000610351562,205.8000030517578,198.5,204.64999389648438,180.7244110107422,1461921
2019-01-31,205.6999969482422,212.0,204.4499969482422,209.89999389648438,185.36062622070312,7669625
2019-02-01,210.8000030517578,215.35000610351562,209.60000610351562,212.5,187.65667724609375,3350137
2019-02-04,212.0,213.0,207.8000030517578,212.5,187.65667724609375,816759
2019-02-05,212.10000610351562,215.3000030517578,206.0500030517578,209.25,184.78663635253906,1990920
2019-02-06,210.3000030517578,215.5500030517578,208.64999389648438,214.5,189.42283630371094,2419386
2019-02-07,214.0500030517578,218.60000610351562,213.5,214.9499969482422,189.82022094726562,1560735
2019-02-08,215.64999389648438,217.39999389648438,212.10000610351562,213.25,188.3189697265625,1071280
2019-02-11,213.3000030517578,213.6999969482422,206.8000030517578,207.60000610351562,183.32949829101562,1168695
2019-02-12,207.5500030517578,209.0,203.75,207.4499969482422,183.19703674316406,1731437
2019-02-14,205.9499969482422,207.5500030517578,203.10000610351562,204.39999389648438,180.50360107421875,1234816
2019-02-15,203.6999969482422,205.9499969482422,200.5,204.8000030517578,180.8568572998047,1516899
2019-02-18,204.0500030517578,204.8000030517578,196.60000610351562,198.0,174.8518524169922,4557434
2019-02-19,198.60000610351562,202.8000030517578,196.64999389648438,199.60000610351562,176.26480102539062,12045263
2019-02-20,199.60000610351562,207.8000030517578,199.60000610351562,206.8000030517578,182.62306213378906,3528149
2019-02-21,206.89999389648438,210.5,205.5,209.60000610351562,185.09571838378906,2197983
2019-02-22,209.9499969482422,211.4499969482422,208.14999389648438,210.9499969482422,186.28787231445312,1375220
2019-02-25,211.85000610351562,212.4499969482422,209.0,210.10000610351562,185.53724670410156,1323218
2019-02-26,208.25,213.0,207.39999389648438,212.35000610351562,187.52420043945312,1651331
2019-02-27,212.10000610351562,219.3000030517578,209.14999389648438,213.9499969482422,190.28123474121094,2325569
2019-02-28,215.25,216.39999389648438,210.6999969482422,212.0500030517578,188.59146118164062,5667560
2019-03-01,212.9499969482422,219.3000030517578,212.75,217.4499969482422,193.39405822753906,1389426
2019-03-05,218.0,223.35000610351562,217.64999389648438,222.0,197.44070434570312,2838170
2019-03-06,222.89999389648438,226.39999389648438,219.5500030517578,220.25,195.88427734375,4240764
2019-03-07,221.5,224.89999389648438,219.14999389648438,221.1999969482422,196.7292022705078,6193867
2019-03-08,221.3000030517578,227.10000610351562,220.5500030517578,226.14999389648438,201.13156127929688,2803088
2019-03-11,226.75,234.6999969482422,226.4499969482422,233.3000030517578,207.49061584472656,4030315
2019-03-12,233.75,237.10000610351562,232.35000610351562,233.14999389648438,207.35719299316406,6903177
2019-03-13,234.0,235.60000610351562,228.60000610351562,229.8000030517578,204.37779235839844,3736991
2019-03-14,230.0,232.9499969482422,223.64999389648438,224.14999389648438,199.35284423828125,2916976
2019-03-15,223.89999389648438,229.5,223.5500030517578,225.35000610351562,200.42010498046875,3226639
2019-03-18,226.89999389648438,229.5500030517578,225.0,226.4499969482422,201.3983917236328,1524697
2019-03-19,226.5500030517578,231.35000610351562,226.5500030517578,229.85000610351562,204.4222869873047,1620753
2019-03-20,230.89999389648438,230.9499969482422,226.8000030517578,227.4499969482422,202.28778076171875,1640049
2019-03-22,228.75,233.39999389648438,227.39999389648438,229.85000610351562,204.4222869873047,2103761
2019-03-25,229.0,232.1999969482422,226.3000030517578,229.35000610351562,203.9775848388672,2495275
2019-03-26,228.4499969482422,232.1999969482422,228.39999389648438,231.39999389648438,205.80079650878906,2582780
2019-03-27,233.0,238.25,230.39999389648438,232.25,206.5567626953125,4639012
2019-03-28,232.3000030517578,234.89999389648438,227.5,231.85000610351562,206.20101928710938,5196003
2019-04-01,237.0,244.0,233.4499969482422,234.5500030517578,208.60232543945312,5454846
2019-04-02,235.0,236.5,228.8000030517578,229.9499969482422,204.51119995117188,3626882
2019-04-03,231.0,235.89999389648438,225.9499969482422,226.75,201.6652069091797,4591977
2019-04-04,226.75,229.35000610351562,222.0500030517578,222.60000610351562,197.9743194580078,11011371
2019-04-05,224.6999969482422,227.89999389648438,222.5500030517578,224.0,199.21942138671875,8983871
2019-04-08,227.75,228.89999389648438,224.4499969482422,225.60000610351562,200.6424560546875,3693810
2019-04-09,225.60000610351562,227.9499969482422,221.8000030517578,227.14999389648438,202.0209503173828,2110961
2019-04-10,226.5,227.64999389648438,223.0500030517578,223.89999389648438,199.1304931640625,1489964
2019-04-11,224.0500030517578,228.8000030517578,222.60000610351562,227.1999969482422,202.0654296875,1907836
2019-04-12,227.10000610351562,230.89999389648438,226.6999969482422,229.14999389648438,203.7997283935547,2171386
2019-04-15,230.1999969482422,230.35000610351562,226.89999389648438,227.4499969482422,202.28778076171875,2875556
2019-04-16,228.39999389648438,233.0,227.64999389648438,232.0,206.3344268798828,4568324
2019-04-18,232.0,235.25,230.0,233.39999389648438,207.5795135498047,2742711
2019-04-22,231.5,232.10000610351562,225.10000610351562,226.10000610351562,201.08712768554688,1348195
2019-04-23,226.4499969482422,228.85000610351562,225.60000610351562,226.8000030517578,201.70970153808594,965185
2019-04-24,223.0,226.35000610351562,216.0500030517578,224.10000610351562,199.30838012695312,6235599
2019-04-25,222.35000610351562,229.85000610351562,219.5,220.5500030517578,196.1510772705078,7167694
2019-04-26,223.0,226.5500030517578,221.75,226.0,200.99818420410156,2114460
2019-04-30,227.0,227.6999969482422,217.60000610351562,220.5,196.1066436767578,9288005
2019-05-02,219.5,225.9499969482422,218.0500030517578,221.0500030517578,196.5957794189453,5897979
2019-05-03,221.5,223.3000030517578,220.14999389648438,221.6999969482422,197.1738739013672,1515314
2019-05-06,220.25,221.25,218.0500030517578,219.6999969482422,195.39511108398438,1376657
2019-05-07,221.25,222.4499969482422,217.5,218.1999969482422,194.06109619140625,1610407
2019-05-08,218.25,219.10000610351562,212.39999389648438,213.35000610351562,189.7476348876953,3350658
2019-05-09,212.5,214.75,210.5500030517578,213.9499969482422,190.28123474121094,1599486
2019-05-10,213.9499969482422,215.89999389648438,213.10000610351562,214.75,190.99276733398438,1105200
2019-05-13,214.10000610351562,215.6999969482422,208.9499969482422,210.0,186.76820373535156,1616073
2019-05-14,209.89999389648438,214.9499969482422,208.0500030517578,213.10000610351562,189.52529907226562,1809112
2019-05-15,213.14999389648438,213.9499969482422,208.75,209.75,186.54588317871094,3417094
2019-05-16,208.60000610351562,216.9499969482422,208.1999969482422,215.25,191.4374237060547,2642018
2019-05-17,214.4499969482422,220.0,213.1999969482422,219.0,194.77256774902344,3107238
2019-05-20,224.0,228.85000610351562,220.0,224.1999969482422,199.39730834960938,6025899
2019-05-21,225.10000610351562,227.0500030517578,219.14999389648438,220.4499969482422,196.06214904785156,3868084
2019-05-22,220.5,223.10000610351562,218.6999969482422,220.5500030517578,196.1510772705078,1891609
2019-05-23,224.35000610351562,230.8000030517578,221.60000610351562,222.5500030517578,197.92984008789062,5029385
2019-05-24,223.1999969482422,232.8000030517578,222.5500030517578,231.64999389648438,206.02316284179688,5347116
2019-05-27,233.0,239.89999389648438,231.14999389648438,239.14999389648438,212.69345092773438,2276077
2019-05-28,238.0,240.25,235.6999969482422,238.39999389648438,212.0264129638672,5089113
2019-05-29,238.1999969482422,238.39999389648438,233.14999389648438,233.85000610351562,207.97976684570312,1736796
2019-05-30,233.89999389648438,235.25,232.10000610351562,233.0,207.2238006591797,2792300
2019-05-31,234.9499969482422,235.0,228.0,230.60000610351562,205.08929443359375,2038520
2019-06-03,232.89999389648438,237.8000030517578,229.39999389648438,237.14999389648438,210.91468811035156,2560455
2019-06-04,235.25,237.85000610351562,226.3000030517578,226.9499969482422,201.8430938720703,3043423
2019-06-06,228.75,228.75,220.0,221.75,197.21836853027344,4193682
2019-06-07,222.5,226.9499969482422,220.89999389648438,222.25,197.6630401611328,2565750
2019-06-10,222.4499969482422,225.0,221.75,223.10000610351562,198.4190216064453,2438810
2019-06-11,224.0,224.89999389648438,221.5500030517578,223.25,198.5524139404297,1805276
2019-06-12,219.5500030517578,222.8000030517578,219.5500030517578,220.5500030517578,196.1510772705078,1890005
2019-06-13,220.9499969482422,222.0,216.14999389648438,220.4499969482422,196.06214904785156,1941299
2019-06-14,220.0,220.8000030517578,213.25,214.1999969482422,190.5035858154297,1998514
2019-06-17,215.39999389648438,215.39999389648438,204.8000030517578,205.60000610351562,182.85501098632812,3979462
2019-06-18,205.6999969482422,210.89999389648438,205.6999969482422,210.0,186.76820373535156,1935444
2019-06-19,211.25,212.4499969482422,205.3000030517578,206.4499969482422,183.6109619140625,3145947
2019-06-20,207.1999969482422,214.3000030517578,204.8000030517578,213.6999969482422,190.05889892578125,1857056
2019-06-21,213.6999969482422,215.1999969482422,211.89999389648438,212.85000610351562,189.3029327392578,4181731
2019-06-24,213.10000610351562,216.89999389648438,212.5,215.0,191.215087890625,2639044
2019-06-25,214.35000610351562,216.0,211.3000030517578,215.14999389648438,191.3484649658203,2274581
2019-06-26,215.0,219.89999389648438,214.5,219.35000610351562,195.0838623046875,2806007
2019-06-27,218.5,219.89999389648438,216.60000610351562,218.4499969482422,194.28343200683594,2614407
2019-06-28,219.5,219.5,212.0500030517578,212.85000610351562,189.3029327392578,1995352
2019-07-01,214.4499969482422,216.0,211.5,212.9499969482422,189.39187622070312,2294542
2019-07-02,213.8000030517578,215.0,213.35000610351562,214.9499969482422,191.17062377929688,1735201
2019-07-03,215.0,215.75,213.10000610351562,214.9499969482422,191.17062377929688,1379872
2019-07-04,215.39999389648438,217.5,214.5,216.10000610351562,192.19342041015625,2031484
2019-07-05,217.3000030517578,218.9499969482422,209.39999389648438,210.1999969482422,186.9460906982422,2278543
2019-07-08,209.85000610351562,209.85000610351562,203.8000030517578,205.39999389648438,182.67710876464844,2756090
2019-07-09,205.75,211.89999389648438,203.75,211.10000610351562,187.7465362548828,2289398
2019-07-10,211.8000030517578,211.9499969482422,207.89999389648438,208.85000610351562,185.74546813964844,1424627
2019-07-11,209.64999389648438,212.8000030517578,209.5500030517578,211.6999969482422,188.28013610839844,874940
2019-07-12,213.3000030517578,216.25,212.5,214.1999969482422,190.5035858154297,2316539
2019-07-15,215.0,219.89999389648438,211.1999969482422,219.60000610351562,195.3061981201172,2672310
2019-07-16,219.75,220.75,216.5500030517578,219.89999389648438,195.57301330566406,3230318
2019-07-17,220.0,221.6999969482422,216.8000030517578,219.25,194.99490356445312,2325693
2019-07-18,219.0,221.1999969482422,215.10000610351562,216.9499969482422,192.94935607910156,3614814
2019-07-19,222.0,223.8000030517578,212.0500030517578,214.0,190.32569885253906,7523729
2019-07-22,213.5,216.6999969482422,210.5500030517578,215.8000030517578,191.9265899658203,2095341
2019-07-23,216.1999969482422,219.14999389648438,215.14999389648438,217.64999389648438,193.5718994140625,3846881
2019-07-24,217.5,218.9499969482422,213.4499969482422,215.6999969482422,191.83766174316406,1690968
2019-07-25,216.10000610351562,220.0,211.0,214.0500030517578,190.37017822265625,4148175
2019-07-26,215.3000030517578,215.60000610351562,209.10000610351562,213.4499969482422,189.8365478515625,4479103
2019-07-29,213.5,213.89999389648438,204.10000610351562,205.14999389648438,182.4547576904297,3642296
2019-07-30,205.89999389648438,208.0,201.10000610351562,202.10000610351562,179.74220275878906,2875238
2019-07-31,201.60000610351562,202.9499969482422,197.8000030517578,201.89999389648438,179.56430053710938,4384931
2019-08-01,201.6999969482422,201.9499969482422,194.10000610351562,196.8000030517578,175.0285186767578,4009344
2019-08-02,194.6999969482422,202.14999389648438,194.25,199.5,177.4298095703125,3109814
2019-08-05,197.60000610351562,199.5,194.85000610351562,197.25,175.42874145507812,2295191
2019-08-06,195.3000030517578,203.3000030517578,195.3000030517578,201.85000610351562,179.5198516845703,4770543
2019-08-07,202.3000030517578,206.25,201.4499969482422,204.89999389648438,182.232421875,6120163
2019-08-08,204.89999389648438,211.4499969482422,203.85000610351562,206.3000030517578,183.47755432128906,5105516
2019-08-09,208.0,214.89999389648438,208.0,212.9499969482422,189.39187622070312,5559737
2019-08-13,212.9499969482422,213.75,207.1999969482422,208.39999389648438,185.34521484375,5125593
2019-08-14,208.4499969482422,215.1999969482422,208.4499969482422,214.0,190.32569885253906,3676384
2019-08-16,213.89999389648438,214.9499969482422,209.64999389648438,213.89999389648438,190.2367706298828,2152191
2019-08-19,214.39999389648438,216.60000610351562,211.3000030517578,212.0,188.54696655273438,1881382
2019-08-20,212.10000610351562,212.5,205.14999389648438,205.85000610351562,183.07733154296875,1823430
2019-08-21,206.0,206.75,200.5,201.10000610351562,178.85279846191406,2235406
2019-08-22,200.8000030517578,200.89999389648438,196.5,197.5500030517578,175.69552612304688,2970844
2019-08-23,196.60000610351562,199.6999969482422,196.0500030517578,197.3000030517578,175.47317504882812,5629349
2019-08-26,202.39999389648438,203.35000610351562,194.60000610351562,202.64999389648438,180.2313232421875,3332737
2019-08-27,203.5,207.6999969482422,202.85000610351562,205.10000610351562,182.4103240966797,2434000
2019-08-28,205.0,207.5,202.75,205.0,182.3213653564453,1674581
2019-08-29,203.5500030517578,205.14999389648438,199.39999389648438,200.0500030517578,177.91897583007812,3138802
2019-08-30,201.0,202.9499969482422,199.14999389648438,202.35000610351562,179.9645233154297,3324682
2019-09-03,200.0,200.64999389648438,192.3000030517578,193.35000610351562,171.96017456054688,5785632
2019-09-04,193.0,193.0,188.4499969482422,190.89999389648438,169.7812042236328,5847593
2019-09-05,192.5500030517578,193.8000030517578,190.39999389648438,193.1999969482422,171.82676696777344,2928347
2019-09-06,193.60000610351562,196.6999969482422,193.3000030517578,194.6999969482422,173.16082763671875,1565369
2019-09-09,195.0,197.8000030517578,193.64999389648438,195.5,173.87232971191406,1534947
2019-09-11,195.75,198.35000610351562,195.75,197.35000610351562,175.51766967773438,1746891
2019-09-12,197.5,200.1999969482422,195.10000610351562,195.75,174.0946807861328,2256605
2019-09-13,196.0,202.14999389648438,193.89999389648438,201.0,178.76385498046875,2245097
2019-09-16,199.5,203.89999389648438,197.35000610351562,201.4499969482422,179.16407775878906,2090311
2019-09-17,200.85000610351562,201.1999969482422,193.5,194.35000610351562,172.8495330810547,2829653
2019-09-18,195.0,196.6999969482422,194.10000610351562,195.8000030517578,174.13914489746094,2266964
2019-09-19,195.5,196.5,190.25,191.8000030517578,170.5816650390625,2032982
2019-09-20,192.1999969482422,217.35000610351562,191.25,215.1999969482422,191.39297485351562,8240226
2019-09-23,216.1999969482422,225.0,216.1999969482422,220.5500030517578,196.1510772705078,5258243
2019-09-24,219.4499969482422,219.4499969482422,212.6999969482422,215.75,191.88211059570312,2701974
2019-09-25,214.9499969482422,215.6999969482422,207.3000030517578,210.10000610351562,186.857177734375,3960724
2019-09-26,210.35000610351562,213.8000030517578,207.60000610351562,210.5,187.212890625,3991305
2019-09-27,210.10000610351562,210.60000610351562,205.85000610351562,207.0500030517578,184.1445770263672,1996223
2019-09-30,207.0,207.0,202.5,203.9499969482422,181.38751220703125,2199055
2019-10-01,204.39999389648438,205.64999389648438,193.6999969482422,199.85000610351562,177.7410888671875,3940452
2019-10-03,198.39999389648438,201.25,193.75,196.35000610351562,174.62831115722656,2884359
2019-10-04,197.5,198.1999969482422,188.85000610351562,189.64999389648438,168.6694793701172,2548653
2019-10-07,190.6999969482422,190.75,185.25,185.9499969482422,165.3788299560547,2614126
2019-10-09,185.5,193.35000610351562,184.10000610351562,192.35000610351562,171.07081604003906,3360027
2019-10-10,191.3000030517578,191.6999969482422,186.85000610351562,188.0,167.2020263671875,1878899
2019-10-11,189.14999389648438,190.75,186.85000610351562,189.1999969482422,168.269287109375,2290001
2019-10-14,189.85000610351562,195.3000030517578,188.75,194.0500030517578,172.5827178955078,2856315
2019-10-15,194.89999389648438,198.5,194.0,196.9499969482422,175.16192626953125,2661814
2019-10-16,199.1999969482422,203.10000610351562,198.6999969482422,202.6999969482422,180.27581787109375,3790120
2019-10-17,203.0,208.1999969482422,202.0500030517578,206.89999389648438,184.0111541748047,3304474
2019-10-18,208.0500030517578,209.8000030517578,206.1999969482422,207.64999389648438,184.67819213867188,3446793
2019-10-22,205.0,205.39999389648438,192.5,195.89999389648438,174.2280731201172,9355044
2019-10-23,196.0,197.8000030517578,193.10000610351562,196.8000030517578,175.0285186767578,2890392
2019-10-24,198.0,199.4499969482422,194.5,197.64999389648438,175.78445434570312,3930744
2019-10-25,198.1999969482422,199.10000610351562,195.3000030517578,197.4499969482422,175.60659790039062,2875494
2019-10-27,197.64999389648438,198.89999389648438,197.0,197.5500030517578,175.69552612304688,178702
2019-10-29,197.89999389648438,200.0,196.89999389648438,199.1999969482422,177.1630096435547,2409517
2019-10-30,199.8000030517578,203.6999969482422,199.64999389648438,200.60000610351562,178.40814208984375,2471767
2019-10-31,202.0,203.0,199.1999969482422,202.3000030517578,179.9200439453125,2177954
2019-11-01,203.0,204.0,199.8000030517578,201.60000610351562,179.2974853515625,2770430
2019-11-04,203.0,206.6999969482422,202.14999389648438,203.35000610351562,180.85389709472656,4243318
2019-11-05,203.85000610351562,204.35000610351562,200.5,201.5500030517578,179.25303649902344,2190913
2019-11-06,201.9499969482422,203.75,199.89999389648438,202.25,179.8756103515625,1636076
2019-11-07,203.5,205.0,201.75,203.1999969482422,180.72048950195312,2560585
2019-11-08,203.1999969482422,204.89999389648438,200.0,202.25,179.8756103515625,2181870
2019-11-11,200.0,201.9499969482422,198.75,200.14999389648438,178.0078887939453,1436622
2019-11-13,200.14999389648438,202.1999969482422,194.5500030517578,195.25,173.64999389648438,2726347
2019-11-14,195.10000610351562,201.0,193.0,200.5500030517578,178.36363220214844,4639427
2019-11-15,200.3000030517578,202.25,199.0,201.0,178.76385498046875,2190854
2019-11-18,202.0,204.14999389648438,200.3000030517578,201.1999969482422,178.94175720214844,1975524
2019-11-19,201.4499969482422,202.4499969482422,198.6999969482422,201.39999389648438,179.11961364746094,2382060
2019-11-20,201.64999389648438,203.0,201.0,201.60000610351562,179.2974853515625,1906946
2019-11-21,201.60000610351562,202.1999969482422,200.3000030517578,201.0500030517578,178.808349609375,1272618
2019-11-22,200.6999969482422,202.1999969482422,198.10000610351562,200.8000030517578,178.58599853515625,4861070
2019-11-25,201.0,201.14999389648438,198.0,200.6999969482422,178.49705505371094,1484115
2019-11-26,200.9499969482422,203.0,198.10000610351562,200.3000030517578,178.14132690429688,3628754
2019-11-27,200.6999969482422,205.1999969482422,200.0500030517578,203.6999969482422,181.16514587402344,2692917
2019-11-28,204.14999389648438,206.25,203.3000030517578,204.9499969482422,182.27688598632812,3042069
2019-11-29,206.0,208.1999969482422,203.89999389648438,204.64999389648438,182.01010131835938,2788327
2019-12-02,205.5,211.0,204.64999389648438,209.85000610351562,186.63482666015625,3517119
2019-12-03,210.4499969482422,210.85000610351562,201.4499969482422,202.0500030517578,179.69772338867188,3310100
2019-12-04,201.14999389648438,206.0,200.8000030517578,205.4499969482422,182.72158813476562,4612402
2019-12-05,204.6999969482422,206.39999389648438,200.89999389648438,201.1999969482422,178.94175720214844,2482546
2019-12-06,202.14999389648438,203.0,199.35000610351562,200.89999389648438,178.67494201660156,1407240
2019-12-09,200.89999389648438,201.85000610351562,198.39999389648438,199.6999969482422,177.60768127441406,1881525
2019-12-10,199.89999389648438,200.35000610351562,195.3000030517578,195.85000610351562,174.18359375,1652751
2019-12-11,196.5,197.25,190.1999969482422,191.5,170.31483459472656,4141191
2019-12-12,192.5,194.35000610351562,191.0500030517578,193.25,171.87124633789062,1583815
2019-12-13,194.1999969482422,199.35000610351562,193.64999389648438,197.89999389648438,176.00682067871094,2466144
2019-12-16,197.5,199.0,193.8000030517578,194.4499969482422,172.9384765625,3104923
2019-12-17,195.25,199.1999969482422,194.1999969482422,198.5500030517578,176.58493041992188,1508604
2019-12-18,198.60000610351562,199.8000030517578,194.1999969482422,196.5500030517578,174.80615234375,2341481
2019-12-19,196.5,198.25,195.64999389648438,197.0,175.2063751220703,931812
2019-12-20,195.75,197.0,193.10000610351562,194.4499969482422,172.9384765625,5153265
2019-12-23,194.0,198.5500030517578,193.89999389648438,197.75,175.8734130859375,2275861
2019-12-24,198.0,198.64999389648438,195.25,196.5500030517578,174.80615234375,938136
2019-12-26,196.60000610351562,197.4499969482422,193.60000610351562,194.10000610351562,172.627197265625,1119466
2019-12-27,195.0,195.85000610351562,194.14999389648438,194.89999389648438,173.3386993408203,2876977
2019-12-30,194.6999969482422,197.39999389648438,193.5,195.64999389648438,174.0057373046875,2510251
2019-12-31,195.6999969482422,198.25,194.64999389648438,196.25,174.53936767578125,1972433
2020-01-01,197.1999969482422,197.75,195.8000030517578,197.0,175.2063751220703,1459556
2020-01-02,197.35000610351562,206.39999389648438,197.1999969482422,205.35000610351562,182.63265991210938,8633553
2020-01-03,204.9499969482422,205.8000030517578,202.25,203.39999389648438,180.89834594726562,2007973
2020-01-06,202.85000610351562,202.85000610351562,196.35000610351562,196.89999389648438,175.117431640625,2119702
2020-01-07,198.10000610351562,202.5500030517578,196.6999969482422,199.0,176.985107421875,3557312
2020-01-08,196.0,204.60000610351562,195.64999389648438,201.64999389648438,179.34197998046875,4943334
2020-01-09,203.89999389648438,209.3000030517578,203.85000610351562,207.9499969482422,184.94503784179688,5537880
2020-01-10,208.5500030517578,214.0,206.8000030517578,211.75,188.32464599609375,5362463
2020-01-13,212.60000610351562,214.8000030517578,210.64999389648438,211.5,188.102294921875,2628821
2020-01-14,212.1999969482422,212.4499969482422,208.8000030517578,209.3000030517578,186.14566040039062,3725008
2020-01-15,209.0,212.89999389648438,206.64999389648438,212.0500030517578,188.59146118164062,3359831
2020-01-16,213.5,214.39999389648438,209.10000610351562,209.75,186.54588317871094,3126006
2020-01-17,209.64999389648438,212.39999389648438,208.60000610351562,210.39999389648438,187.1239776611328,1968147
2020-01-20,211.39999389648438,211.75,206.64999389648438,207.0500030517578,184.1445770263672,1743715
2020-01-21,206.0,209.89999389648438,205.6999969482422,207.60000610351562,184.63372802734375,3142796
2020-01-22,208.89999389648438,212.1999969482422,208.3000030517578,210.35000610351562,187.07949829101562,3780055
2020-01-23,210.0,214.9499969482422,209.4499969482422,213.64999389648438,190.01441955566406,4656562
2020-01-24,214.10000610351562,216.89999389648438,212.60000610351562,215.9499969482422,192.0600128173828,3540793
2020-01-27,214.60000610351562,218.89999389648438,214.3000030517578,215.5500030517578,191.7042236328125,2903622
2020-01-28,215.8000030517578,220.25,214.0500030517578,216.14999389648438,192.23785400390625,5093967
2020-01-29,216.75,218.25,213.25,214.0500030517578,190.37017822265625,3410299
2020-01-30,214.14999389648438,214.1999969482422,208.6999969482422,209.89999389648438,186.67929077148438,2971434
2020-01-31,210.5500030517578,211.75,203.5,204.5,181.876708984375,2906515
2020-02-03,196.0500030517578,202.4499969482422,196.0500030517578,200.75,178.54151916503906,4031740
2020-02-04,202.8000030517578,210.0,202.4499969482422,206.8000030517578,183.9222412109375,3761981
2020-02-05,206.89999389648438,208.75,205.1999969482422,206.39999389648438,183.5664520263672,4000586
2020-02-06,207.25,209.25,204.5500030517578,207.5,184.5447998046875,3569538
2020-02-07,207.60000610351562,212.0,207.14999389648438,209.8000030517578,186.59036254882812,1957283
2020-02-10,209.8000030517578,210.8000030517578,206.14999389648438,207.10000610351562,184.18907165527344,1734578
2020-02-11,208.10000610351562,213.4499969482422,208.0,212.0,188.54696655273438,4444457
2020-02-12,212.0,214.0,210.25,211.39999389648438,188.01333618164062,3036372
2020-02-13,210.60000610351562,211.4499969482422,207.89999389648438,208.5500030517578,185.47865295410156,1177002
2020-02-14,208.39999389648438,212.25,205.0,205.64999389648438,182.8994598388672,3183445
2020-02-17,205.35000610351562,206.35000610351562,202.3000030517578,203.8000030517578,181.2541046142578,1397181
2020-02-18,203.25,203.60000610351562,197.75,200.85000610351562,178.6304473876953,4007197
2020-02-19,202.25,206.39999389648438,201.6999969482422,205.8000030517578,183.03286743164062,1630613
2020-02-20,204.9499969482422,210.25,200.10000610351562,205.39999389648438,182.67710876464844,3826080
2020-02-24,206.85000610351562,212.6999969482422,202.0,209.89999389648438,186.67929077148438,7946307
2020-02-25,211.0,214.0,209.3000030517578,211.60000610351562,188.19122314453125,6147428
2020-02-26,211.89999389648438,216.0500030517578,210.0500030517578,213.60000610351562,189.96998596191406,6034979
2020-02-27,213.60000610351562,215.14999389648438,210.5,211.60000610351562,188.19122314453125,3753324
2020-02-28,207.75,209.39999389648438,203.25,205.0500030517578,182.36582946777344,7650031
2020-03-02,208.60000610351562,216.5500030517578,199.8000030517578,202.25,179.8756103515625,5187934
2020-03-03,203.89999389648438,212.1999969482422,203.64999389648438,211.14999389648438,187.79100036621094,4549626
2020-03-04,211.35000610351562,213.0,204.6999969482422,208.10000610351562,185.07846069335938,3541106
2020-03-05,208.1999969482422,211.89999389648438,203.64999389648438,204.39999389648438,181.78770446777344,2414347
2020-03-06,198.75,206.5500030517578,195.39999389648438,205.10000610351562,182.4103240966797,2587514
2020-03-09,199.8000030517578,203.25,191.4499969482422,193.6999969482422,172.27142333984375,3909789
2020-03-11,194.10000610351562,196.4499969482422,189.8000030517578,190.4499969482422,169.38096618652344,3553042
2020-03-12,183.0,183.75,169.10000610351562,175.5,156.0848846435547,8015838
2020-03-13,166.0,190.6999969482422,152.0500030517578,187.75,166.9796905517578,3970438
2020-03-16,180.0,184.0500030517578,172.14999389648438,179.4499969482422,159.597900390625,5362750
2020-03-17,180.5,181.75,170.10000610351562,171.39999389648438,152.43844604492188,6785864
2020-03-18,174.39999389648438,174.85000610351562,158.14999389648438,159.64999389648438,141.98829650878906,5655031
2020-03-19,154.0,161.14999389648438,149.39999389648438,153.9499969482422,136.9188995361328,11032806
2020-03-20,153.9499969482422,168.5500030517578,151.39999389648438,160.39999389648438,142.6553497314453,14150719
2020-03-23,145.0,150.89999389648438,139.5500030517578,145.85000610351562,129.71499633789062,4517269
2020-03-24,145.10000610351562,155.8000030517578,140.10000610351562,142.14999389648438,126.4242935180664,3874319
2020-03-25,139.0,144.4499969482422,138.0,139.35000610351562,123.9340591430664,6937525
2020-03-26,141.25,146.60000610351562,136.5500030517578,144.0500030517578,128.11410522460938,14408540
2020-03-27,148.5500030517578,152.0,141.0,141.5500030517578,125.89069366455078,7706424
2020-03-30,140.0,154.6999969482422,137.39999389648438,148.25,131.8494873046875,6410760
2020-03-31,152.0,157.0,146.6999969482422,155.6999969482422,138.4752960205078,3947970
2020-04-01,155.39999389648438,158.39999389648438,150.6999969482422,156.64999389648438,139.32020568847656,2690125
2020-04-03,156.60000610351562,156.64999389648438,151.5500030517578,153.0,136.07398986816406,3738943
2020-04-07,154.0,160.5,153.5,159.0,141.41021728515625,6642876
2020-04-08,158.5,159.5,148.1999969482422,149.6999969482422,133.1390838623047,10421305
2020-04-09,151.1999969482422,160.60000610351562,150.75,158.8000030517578,141.23236083984375,8828432
2020-04-13,158.9499969482422,172.35000610351562,157.25,165.0,146.74649047851562,12551498
2020-04-15,167.10000610351562,173.9499969482422,167.10000610351562,168.5500030517578,149.90374755859375,9909012
2020-04-16,167.10000610351562,174.64999389648438,163.85000610351562,169.6999969482422,150.92652893066406,6792496
2020-04-17,174.0,175.5,169.39999389648438,172.9499969482422,153.8169708251953,3706597
2020-04-20,175.89999389648438,175.89999389648438,169.9499969482422,170.3000030517578,151.4601593017578,2682022
2020-04-21,167.75,169.4499969482422,164.10000610351562,167.5500030517578,149.0143585205078,2369603
2020-04-22,167.39999389648438,177.6999969482422,166.35000610351562,176.5,156.97425842285156,5333046
2020-04-23,178.5,179.5,170.39999389648438,171.4499969482422,152.48292541503906,4629629
2020-04-24,169.89999389648438,171.60000610351562,166.1999969482422,167.9499969482422,149.3701171875,2729008
2020-04-27,170.39999389648438,174.0,168.60000610351562,172.3000030517578,153.23887634277344,4140704
2020-04-28,179.0,179.0,166.85000610351562,167.6999969482422,149.1477813720703,13325257
2020-04-29,166.89999389648438,170.75,165.64999389648438,169.5,150.74864196777344,3900447
2020-04-30,171.1999969482422,174.85000610351562,170.5500030517578,171.64999389648438,152.66079711914062,4691743
2020-05-04,167.25,169.8000030517578,161.5,162.35000610351562,144.3896484375,4948952
2020-05-05,165.0,168.85000610351562,163.75,164.8000030517578,146.56858825683594,4097025
2020-05-06,165.60000610351562,170.5500030517578,164.5,167.85000610351562,149.2811737060547,7032421
2020-05-07,167.89999389648438,170.8000030517578,166.8000030517578,168.60000610351562,149.94821166992188,4497992
2020-05-08,170.6999969482422,172.9499969482422,168.75,169.35000610351562,150.615234375,3874840
2020-05-11,170.14999389648438,174.6999969482422,170.14999389648438,173.9499969482422,154.7063446044922,4258713
2020-05-12,173.5,176.3000030517578,170.64999389648438,175.1999969482422,155.8180694580078,3910077
2020-05-13,182.10000610351562,191.0,182.0,183.0,162.7551727294922,14928662
2020-05-14,181.1999969482422,184.1999969482422,178.64999389648438,182.5,162.31048583984375,2891248
2020-05-15,184.0,184.6999969482422,179.85000610351562,181.8000030517578,161.6879425048828,6194720
2020-05-18,182.0,182.4499969482422,171.0,172.14999389648438,153.10546875,3640916
2020-05-19,173.89999389648438,176.8000030517578,170.25,174.60000610351562,156.64939880371094,3512226
2020-05-20,174.5,181.5500030517578,172.35000610351562,179.64999389648438,161.18017578125,2833520
2020-05-21,180.6999969482422,183.6999969482422,177.5,181.0,162.39138793945312,5097083
2020-05-22,180.0,187.85000610351562,177.1999969482422,186.9499969482422,167.72967529296875,6953578
2020-05-26,187.8000030517578,190.0,185.5500030517578,188.5500030517578,169.16517639160156,5800498
2020-05-27,189.89999389648438,189.89999389648438,185.10000610351562,187.4499969482422,168.17825317382812,3151132
2020-05-28,187.25,192.0,185.39999389648438,191.3000030517578,171.6324462890625,3701233
2020-05-29,191.0,194.89999389648438,187.0,191.5500030517578,171.85671997070312,8512956
2020-06-01,191.8000030517578,195.64999389648438,188.3000030517578,188.9499969482422,169.5240478515625,6736796
2020-06-02,189.5,193.75,188.1999969482422,191.1999969482422,171.54273986816406,4978019
2020-06-03,193.25,194.0,186.75,187.75,168.44740295410156,4718925
2020-06-04,188.14999389648438,189.25,182.0500030517578,186.75,167.5502471923828,5769947
2020-06-05,188.0,196.35000610351562,186.3000030517578,195.10000610351562,175.04177856445312,7431679
2020-06-08,198.9499969482422,198.9499969482422,190.39999389648438,191.4499969482422,171.7670135498047,4469383
2020-06-09,192.1999969482422,195.25,186.85000610351562,187.8000030517578,168.49229431152344,4251785
2020-06-10,188.10000610351562,194.35000610351562,188.10000610351562,192.0,172.26048278808594,4235647
2020-06-11,191.5,194.25,189.0,189.5,170.01751708984375,3397620
2020-06-12,181.89999389648438,194.9499969482422,181.64999389648438,193.6999969482422,173.7856903076172,5199081
2020-06-15,192.85000610351562,194.39999389648438,190.10000610351562,191.5,171.8118896484375,1996939
2020-06-16,192.60000610351562,198.39999389648438,187.8000030517578,190.60000610351562,171.00442504882812,5481750
2020-06-17,188.5500030517578,191.5,185.35000610351562,187.14999389648438,167.9091033935547,3189979
2020-06-18,187.1999969482422,189.0,185.6999969482422,187.35000610351562,168.08856201171875,3259969
2020-06-19,188.39999389648438,194.0,187.5500030517578,190.8000030517578,171.18385314941406,7723363
2020-06-22,191.4499969482422,193.3000030517578,190.5500030517578,191.10000610351562,171.45301818847656,2476845
2020-06-23,191.8000030517578,196.1999969482422,191.10000610351562,193.25,173.38198852539062,4619623
2020-06-24,194.25,198.1999969482422,186.39999389648438,188.6999969482422,169.29974365234375,6600942
2020-06-25,188.10000610351562,191.35000610351562,185.35000610351562,186.25,167.1016387939453,4477214
2020-06-26,188.0,188.6999969482422,186.14999389648438,188.0,168.67172241210938,3303912
2020-06-29,188.0,188.64999389648438,183.1999969482422,187.5500030517578,168.26797485351562,3555861
2020-06-30,187.64999389648438,194.9499969482422,187.64999389648438,193.60000610351562,173.6959686279297,6481812
2020-07-01,194.14999389648438,195.6999969482422,190.39999389648438,192.1999969482422,172.43994140625,2866671
2020-07-02,192.6999969482422,196.39999389648438,192.0500030517578,193.6999969482422,173.7856903076172,2693150
2020-07-03,194.60000610351562,196.25,192.0500030517578,195.8000030517578,175.6697998046875,4168368
2020-07-06,197.75,198.0,193.35000610351562,193.89999389648438,173.9651336669922,2632204
2020-07-07,194.60000610351562,194.60000610351562,191.10000610351562,193.25,173.38198852539062,2551741
2020-07-08,194.25,196.60000610351562,192.8000030517578,195.5500030517578,175.4455108642578,3253782
2020-07-09,196.39999389648438,202.89999389648438,195.60000610351562,202.0,181.23239135742188,8857415
2020-07-10,202.1999969482422,204.35000610351562,196.5,197.1999969482422,176.9258575439453,6643771
2020-07-13,197.1999969482422,199.6999969482422,193.75,198.4499969482422,178.04736328125,5213191
2020-07-14,197.85000610351562,199.1999969482422,190.0,190.5,170.91468811035156,4391973
2020-07-15,192.5,193.25,187.6999969482422,188.64999389648438,169.25489807128906,4521037
2020-07-16,189.4499969482422,193.0,185.6999969482422,192.5,172.70907592773438,3137329
2020-07-17,193.10000610351562,195.60000610351562,191.3000030517578,193.4499969482422,173.5614013671875,3254793
2020-07-20,195.0,197.0,194.5,195.6999969482422,175.580078125,2204858
2020-07-21,201.0,208.0,200.0,204.9499969482422,183.87908935546875,12976607
2020-07-22,204.9499969482422,204.9499969482422,199.10000610351562,200.89999389648438,180.24545288085938,3320086
2020-07-23,201.5,202.25,197.25,197.9499969482422,177.5987548828125,3302917
2020-07-24,197.9499969482422,202.5,196.5,200.9499969482422,180.2903289794922,5135301
2020-07-27,205.89999389648438,208.9499969482422,202.0500030517578,207.14999389648438,185.85289001464844,11855463
2020-07-28,206.75,218.85000610351562,205.8000030517578,216.6999969482422,194.4210662841797,8290461
2020-07-29,216.5,219.60000610351562,213.75,215.60000610351562,193.43418884277344,5678086
2020-07-30,216.0,222.1999969482422,213.0500030517578,221.25,198.50328063964844,5871670
2020-07-31,221.25,225.5,217.60000610351562,220.10000610351562,197.4715118408203,6638453
2020-08-03,218.5,225.8000030517578,218.5,221.14999389648438,198.41355895996094,6020079
2020-08-04,221.10000610351562,225.14999389648438,220.25,221.5500030517578,198.77243041992188,4706837
2020-08-05,221.60000610351562,224.14999389648438,219.25,220.89999389648438,198.1892547607422,4114590
2020-08-06,221.35000610351562,224.75,221.10000610351562,222.9499969482422,200.02850341796875,3245608
2020-08-07,222.0,226.25,218.60000610351562,219.5500030517578,196.9780731201172,4871444
2020-08-10,221.0,223.5,219.5500030517578,221.85000610351562,199.04161071777344,3306247
2020-08-11,222.85000610351562,229.25,221.35000610351562,222.75,199.8490753173828,6916287
2020-08-12,222.5,223.1999969482422,219.3000030517578,221.8000030517578,198.99673461914062,2396639
2020-08-13,222.3000030517578,224.85000610351562,219.8000030517578,222.0,199.1761932373047,2238706
2020-08-14,221.8000030517578,224.5500030517578,218.85000610351562,220.75,198.05467224121094,2751124
2020-08-17,221.75,222.9499969482422,218.10000610351562,219.35000610351562,196.7986297607422,2479307
2020-08-18,219.5,229.1999969482422,219.5,228.1999969482422,204.73876953125,5469182
2020-08-19,230.1999969482422,231.85000610351562,225.6999969482422,226.9499969482422,203.61727905273438,4820916
2020-08-20,224.8000030517578,228.3000030517578,224.0,225.35000610351562,202.18177795410156,1540485
2020-08-21,226.60000610351562,228.6999969482422,224.39999389648438,225.9499969482422,202.7200927734375,1700347
2020-08-24,226.5,227.25,223.14999389648438,224.1999969482422,201.15000915527344,2503427
2020-08-25,224.60000610351562,226.1999969482422,221.10000610351562,222.35000610351562,199.49020385742188,1638069
2020-08-26,223.60000610351562,223.60000610351562,219.60000610351562,220.85000610351562,198.1444091796875,2595484
2020-08-27,222.0,223.6999969482422,220.1999969482422,221.35000610351562,198.593017578125,2046018
2020-08-28,222.10000610351562,225.14999389648438,220.35000610351562,222.4499969482422,199.57992553710938,4113864
2020-08-31,222.5,224.10000610351562,208.5500030517578,210.5500030517578,188.90335083007812,4230643
2020-09-01,211.0,214.35000610351562,208.39999389648438,213.0,191.10147094726562,4386376
2020-09-02,213.25,218.5,211.25,217.25,194.91452026367188,3871634
2020-09-03,218.3000030517578,220.0,213.5,214.60000610351562,192.5369873046875,3292415
2020-09-04,211.6999969482422,212.60000610351562,207.0,208.5,187.0641326904297,3950168
2020-09-07,208.5,212.35000610351562,206.4499969482422,210.5500030517578,188.90335083007812,4220400
2020-09-08,210.5,210.5,205.64999389648438,206.5,185.26974487304688,2070634
2020-09-09,205.75,210.5,204.3000030517578,209.4499969482422,187.9164276123047,2844517
2020-09-10,210.8000030517578,214.4499969482422,207.3000030517578,212.9499969482422,191.0565948486328,2591774
2020-09-11,212.9499969482422,214.5,211.10000610351562,212.4499969482422,190.60801696777344,1841491
2020-09-14,214.3000030517578,217.0,209.8000030517578,211.10000610351562,189.39683532714844,4594264
2020-09-15,210.9499969482422,217.85000610351562,210.5500030517578,217.4499969482422,195.0939483642578,3027667
2020-09-16,217.9499969482422,221.0,216.0500030517578,218.60000610351562,196.125732421875,4891756
2020-09-17,218.0,222.6999969482422,217.39999389648438,220.3000030517578,197.6509552001953,4404608
2020-09-18,221.75,223.0,217.0500030517578,220.0,197.38180541992188,3567707
2020-09-21,220.0,220.25,207.6999969482422,209.75,188.1855926513672,2412725
2020-09-22,209.5,210.5500030517578,203.0,206.8000030517578,185.5388946533203,3532427
2020-09-23,206.39999389648438,211.39999389648438,204.5500030517578,209.25,187.7370147705078,4129810
2020-09-24,206.14999389648438,208.1999969482422,197.4499969482422,198.25,177.867919921875,3308708
2020-09-25,201.6999969482422,206.6999969482422,199.0,205.5,184.37254333496094,4205656
2020-09-28,206.60000610351562,212.5500030517578,205.5500030517578,211.64999389648438,189.89027404785156,2153072
2020-09-29,214.0500030517578,218.5,210.8000030517578,216.64999389648438,194.376220703125,4723181
2020-09-30,218.0,218.25,213.89999389648438,217.0,194.6902313232422,3645700
2020-10-01,218.5,221.9499969482422,217.5500030517578,221.1999969482422,198.45843505859375,3358699
2020-10-05,221.1999969482422,224.1999969482422,219.4499969482422,221.35000610351562,198.593017578125,3259415
2020-10-06,222.9499969482422,227.75,220.10000610351562,225.3000030517578,202.1369171142578,4929339
2020-10-07,226.0,237.75,225.0,234.8000030517578,210.66021728515625,16914910
2020-10-08,234.8000030517578,239.9499969482422,231.39999389648438,238.14999389648438,213.66580200195312,8142299
2020-10-09,236.5500030517578,240.5500030517578,235.0,239.35000610351562,214.74244689941406,6602984
2020-10-12,238.0,242.35000610351562,233.1999969482422,238.39999389648438,213.89007568359375,6441927
2020-10-13,237.0,249.35000610351562,236.8000030517578,241.75,216.8956756591797,16150050
2020-10-14,241.9499969482422,248.0,240.14999389648438,246.60000610351562,221.24705505371094,10384771
2020-10-15,248.0,250.0,240.8000030517578,243.35000610351562,218.3311767578125,8031726
2020-10-16,243.3000030517578,249.0,240.14999389648438,248.0,222.50311279296875,12591419
2020-10-19,249.1999969482422,249.6999969482422,243.39999389648438,247.60000610351562,222.1442413330078,10966621
2020-10-20,249.89999389648438,254.89999389648438,247.0500030517578,251.4499969482422,225.5984344482422,20195023
2020-10-21,251.89999389648438,254.3000030517578,245.9499969482422,253.35000610351562,227.30308532714844,9477826
2020-10-22,253.0,255.60000610351562,249.5,253.60000610351562,227.5273895263672,11569723
2020-10-23,255.5,256.0,245.0,247.39999389648438,221.9647979736328,15337661
2020-10-26,248.6999969482422,249.0,242.4499969482422,245.0500030517578,219.85641479492188,8116705
2020-10-27,245.0500030517578,257.0,243.64999389648438,255.85000610351562,229.54605102539062,13206984
2020-10-28,253.85000610351562,254.6999969482422,250.35000610351562,251.8000030517578,225.91244506835938,4873497
2020-10-29,250.5,255.0,248.6999969482422,254.0,227.88626098632812,4794121
2020-10-30,254.85000610351562,265.79998779296875,252.39999389648438,259.70001220703125,233.000244140625,18101740
2020-11-02,260.0,261.8999938964844,257.20001220703125,260.5,233.71800231933594,6267645
2020-11-03,262.1000061035156,263.04998779296875,257.6499938964844,262.0,235.06378173828125,5173220
2020-11-04,262.0,265.29998779296875,259.6499938964844,264.3999938964844,237.21702575683594,4122454
2020-11-05,251.85000610351562,258.70001220703125,251.0,255.75,245.22335815429688,12065738
2020-11-06,257.0,257.0,246.64999389648438,248.0,237.79234313964844,8457488
2020-11-09,249.4499969482422,252.0,247.10000610351562,249.3000030517578,239.03883361816406,8012202
2020-11-10,251.0,256.3999938964844,248.39999389648438,249.89999389648438,239.6141357421875,8645746
2020-11-11,251.5,260.8999938964844,251.5,259.70001220703125,249.0107879638672,9322013
2020-11-12,258.1000061035156,264.3500061035156,256.20001220703125,262.8500061035156,252.03111267089844,6698839
2020-11-13,261.5,262.25,255.75,257.70001220703125,247.09310913085938,7158835
2020-11-14,259.8999938964844,260.8999938964844,258.04998779296875,259.0,248.33958435058594,489361
2020-11-17,261.0,272.0,260.0,268.04998779296875,257.01708984375,13207472
2020-11-18,267.20001220703125,267.70001220703125,260.6499938964844,262.0,251.2161102294922,8891945
2020-11-19,259.8500061035156,265.8500061035156,256.45001220703125,258.70001220703125,248.05194091796875,7297426
2020-11-20,259.1000061035156,261.8999938964844,253.75,257.1000061035156,246.51779174804688,4879945
2020-11-23,259.0,262.5,257.5,258.1499938964844,247.52455139160156,6727698
2020-11-24,258.20001220703125,260.45001220703125,254.5500030517578,255.14999389648438,244.6480255126953,4054652
2020-11-25,255.9499969482422,259.20001220703125,255.1999969482422,256.20001220703125,245.65484619140625,6671995
2020-11-26,257.70001220703125,262.6000061035156,253.5500030517578,260.75,250.01756286621094,5364946
2020-11-27,261.3999938964844,263.20001220703125,257.5,261.04998779296875,250.30520629882812,10177429
2020-12-01,262.20001220703125,269.54998779296875,260.8999938964844,262.0,251.2161102294922,6262243
2020-12-02,262.0,264.20001220703125,259.20001220703125,262.5,251.69552612304688,5076458
2020-12-03,264.5,264.5,259.29998779296875,261.1000061035156,250.35313415527344,5223075
2020-12-04,262.0,263.0,249.89999389648438,252.5500030517578,242.15505981445312,11266087
2020-12-07,256.25,256.29998779296875,250.5500030517578,253.10000610351562,242.68243408203125,9578732
2020-12-08,254.5,259.6000061035156,253.0,257.1000061035156,246.51779174804688,9736539
2020-12-09,258.8999938964844,259.6000061035156,251.0,252.85000610351562,242.44271850585938,13190004
2020-12-10,250.6999969482422,251.0,245.1999969482422,248.3000030517578,238.0800018310547,11038230
2020-12-11,249.5,250.4499969482422,243.75,245.8000030517578,235.6829071044922,7933577
2020-12-14,247.0,249.0,245.0500030517578,246.4499969482422,236.30615234375,4162472
2020-12-15,247.9499969482422,248.1999969482422,243.10000610351562,247.60000610351562,237.4088134765625,7713444
2020-12-16,249.10000610351562,249.6999969482422,245.10000610351562,247.25,237.0731964111328,7488289
2020-12-17,248.5,251.5,246.1999969482422,246.75,236.59381103515625,8321438
2020-12-18,247.0500030517578,252.1999969482422,246.5,251.0500030517578,240.71682739257812,7695230
2020-12-21,250.89999389648438,250.89999389648438,225.9499969482422,235.39999389648438,225.71096801757812,12498745
2020-12-22,235.60000610351562,239.14999389648438,227.25,237.60000610351562,227.82040405273438,10098570
2020-12-23,234.89999389648438,238.75,231.5,237.1999969482422,227.43685913085938,8750579
2020-12-24,255.0,260.8999938964844,245.0,246.6999969482422,236.54583740234375,24151514
2020-12-28,247.0,247.85000610351562,244.6999969482422,247.1999969482422,237.0252685546875,4547753
2020-12-29,247.5500030517578,248.25,242.5,244.39999389648438,234.34051513671875,5978220
2020-12-30,245.5,253.0,241.6999969482422,252.39999389648438,242.01124572753906,10481131
2020-12-31,252.0,252.6999969482422,246.89999389648438,248.85000610351562,238.6073760986328,7969910
2021-01-01,249.0,251.6999969482422,248.14999389648438,250.85000610351562,240.52503967285156,4011077
2021-01-04,252.89999389648438,253.8000030517578,250.0,252.89999389648438,242.49066162109375,4860584
2021-01-05,252.0,256.6499938964844,250.4499969482422,254.1999969482422,243.73715209960938,9383253
2021-01-06,255.39999389648438,262.0,253.25,261.1000061035156,250.35313415527344,8653520
2021-01-07,265.0,267.1000061035156,261.20001220703125,263.0,252.17495727539062,7685276
2021-01-08,265.0,271.3999938964844,264.29998779296875,269.95001220703125,258.8388671875,8135272
2021-01-11,268.79998779296875,271.79998779296875,266.0,270.3500061035156,259.222412109375,6276642
2021-01-12,270.0,274.6000061035156,266.70001220703125,268.1000061035156,257.06500244140625,5997355
2021-01-13,268.1000061035156,269.3999938964844,261.1000061035156,264.8999938964844,253.9967498779297,5267492
2021-01-14,265.0,270.5,263.1499938964844,267.04998779296875,256.0582275390625,4747011
2021-01-15,266.3999938964844,267.0,259.6000061035156,264.1000061035156,253.2296905517578,5926799
2021-01-18,264.1000061035156,264.54998779296875,248.0,256.04998779296875,245.51100158691406,7230336
2021-01-19,256.95001220703125,262.79998779296875,256.29998779296875,261.95001220703125,251.1681671142578,3685114
2021-01-20,261.0,263.8500061035156,257.6499938964844,262.1000061035156,251.31198120117188,4999049
2021-01-21,263.5,265.3500061035156,249.10000610351562,252.5500030517578,242.15505981445312,8233030
2021-01-22,255.0,259.8999938964844,250.89999389648438,257.70001220703125,247.09310913085938,6396348
2021-01-25,261.3999938964844,264.25,254.89999389648438,257.0,246.42190551757812,9713572
2021-01-27,256.1000061035156,260.5,251.1999969482422,252.5,242.1071319580078,9165809
2021-01-28,250.0,250.5,246.0,248.0,237.79234313964844,9545181
2021-01-29,251.75,251.75,241.75,243.35000610351562,233.333740234375,9156862
2021-02-01,246.39999389648438,262.0,242.10000610351562,260.79998779296875,250.0654754638672,8108261
2021-02-02,263.70001220703125,279.6000061035156,261.1000061035156,276.25,264.87957763671875,12896237
2021-02-03,276.1000061035156,278.70001220703125,268.0,268.95001220703125,257.8800354003906,8099652
2021-02-04,268.0,275.0,266.1499938964844,272.75,261.5236511230469,7803083
2021-02-05,273.0,275.6000061035156,268.54998779296875,271.29998779296875,260.1333312988281,5119967
2021-02-08,272.5,278.20001220703125,272.0,274.3500061035156,263.0577697753906,5445773
2021-02-09,276.8500061035156,279.45001220703125,269.8500061035156,270.54998779296875,259.4141540527344,4725675
2021-02-10,271.3500061035156,277.79998779296875,271.0,271.8999938964844,260.7086486816406,6276033
2021-02-11,272.20001220703125,277.79998779296875,271.5,276.8999938964844,265.5028381347656,5475278
2021-02-12,275.0,284.8999938964844,274.25,277.45001220703125,266.0301818847656,9937677
2021-02-15,281.0,285.8999938964844,279.0,283.3999938964844,271.73529052734375,7339663
2021-02-16,285.8999938964844,287.29998779296875,280.20001220703125,284.04998779296875,272.3585510253906,6116048
2021-02-17,285.75,290.3999938964844,284.20001220703125,286.6499938964844,274.8515319824219,10058896
2021-02-18,290.0,290.5,280.79998779296875,282.79998779296875,271.1600036621094,7081013
2021-02-19,288.5,288.5,273.04998779296875,275.29998779296875,263.9686584472656,18015854
2021-02-22,275.5,276.8999938964844,265.6499938964844,266.95001220703125,255.96241760253906,7287185
2021-02-23,269.0,270.8500061035156,263.1499938964844,264.70001220703125,253.8050079345703,7106597
2021-02-24,266.0,270.29998779296875,265.04998779296875,268.3999938964844,257.3526916503906,3316417
2021-02-25,271.20001220703125,281.6000061035156,271.1499938964844,279.70001220703125,268.1876220703125,9436339
2021-02-26,277.0,288.5,271.5,273.5,262.24273681640625,21250569
2021-03-01,275.54998779296875,279.6499938964844,273.5,277.8999938964844,266.4616394042969,4095441
2021-03-02,278.8999938964844,283.3999938964844,277.1000061035156,278.79998779296875,267.32464599609375,4657410
2021-03-03,280.70001220703125,285.8999938964844,279.54998779296875,282.1000061035156,270.4888000488281,5079575
2021-03-04,281.5,294.29998779296875,278.75,292.0,279.9812927246094,10478749
2021-03-05,291.95001220703125,298.29998779296875,283.1499938964844,284.79998779296875,273.0776672363281,14706128
2021-03-08,287.0,291.0,284.20001220703125,285.75,273.988525390625,4470385
2021-03-09,287.79998779296875,293.29998779296875,285.20001220703125,291.04998779296875,279.0704040527344,6082622
2021-03-10,292.54998779296875,293.79998779296875,289.0,292.0,279.9812927246094,3837384
2021-03-12,293.0,293.8999938964844,287.5,289.5,277.5841979980469,5744777
2021-03-15,290.8999938964844,290.8999938964844,279.0,283.6499938964844,271.9749755859375,4879115
2021-03-16,284.8999938964844,290.0,284.25,285.54998779296875,273.7967834472656,7122222
2021-03-17,285.8999938964844,287.3500061035156,280.0,280.8500061035156,269.290283203125,5016639
2021-03-18,283.0,285.95001220703125,277.45001220703125,281.04998779296875,269.48199462890625,4353319
2021-03-19,278.0,284.6000061035156,274.04998779296875,283.45001220703125,272.75372314453125,6753108
2021-03-22,284.45001220703125,297.79998779296875,278.0,295.6000061035156,284.4452209472656,11182565
2021-03-23,297.20001220703125,306.3999938964844,293.54998779296875,304.45001220703125,292.96124267578125,11750637
2021-03-24,302.8500061035156,307.5,300.8999938964844,303.79998779296875,292.33575439453125,9936778
2021-03-25,307.0,307.20001220703125,293.0,294.1000061035156,283.0018310546875,6506272
2021-03-26,297.6499938964844,301.6000061035156,293.54998779296875,294.8999938964844,283.7716369628906,7195972
2021-03-30,296.79998779296875,303.5,295.3500061035156,299.8500061035156,288.53485107421875,6088708
2021-03-31,299.25,310.95001220703125,299.0,308.8500061035156,297.1952209472656,7721201
2021-04-01,311.8500061035156,313.45001220703125,307.25,311.0,299.2640686035156,4689185
2021-04-05,310.3999938964844,314.8999938964844,301.54998779296875,306.04998779296875,294.5008850097656,7064466
2021-04-06,307.0,309.6000061035156,303.29998779296875,305.5,293.9716491699219,4010075
2021-04-07,305.70001220703125,311.29998779296875,305.5,308.6499938964844,297.0027770996094,2808495
2021-04-08,310.0,326.8999938964844,309.29998779296875,320.79998779296875,308.6942443847656,7223424
2021-04-09,326.0,329.8999938964844,314.29998779296875,316.3500061035156,304.4122009277344,13515479
2021-04-12,310.8999938964844,312.20001220703125,299.54998779296875,304.29998779296875,292.8169250488281,10520709
2021-04-13,305.0,309.04998779296875,298.5,302.29998779296875,290.8923645019531,5975419
2021-04-15,303.0,306.5,293.0,295.20001220703125,284.060302734375,9069002
2021-04-16,296.95001220703125,305.45001220703125,295.3999938964844,300.70001220703125,289.352783203125,5575878
2021-04-19,295.0,302.25,292.3999938964844,300.95001220703125,289.59332275390625,7452061
2021-04-20,309.20001220703125,313.8500061035156,292.45001220703125,295.70001220703125,284.5414123535156,12222234
2021-04-22,294.8999938964844,297.29998779296875,285.29998779296875,295.6000061035156,284.4452209472656,7474006
2021-04-23,293.20001220703125,298.79998779296875,292.20001220703125,295.20001220703125,284.060302734375,6813166
2021-04-26,297.0,304.5,295.25,303.3500061035156,291.9027404785156,5179998
2021-04-27,303.95001220703125,307.5,302.04998779296875,306.54998779296875,294.9820251464844,3740765
2021-04-28,308.3999938964844,311.25,304.5,308.8500061035156,297.1952209472656,4312684
2021-04-29,311.0,315.0,307.25,314.04998779296875,302.198974609375,6658734
2021-04-30,314.0,319.8500061035156,306.75,309.04998779296875,297.3876647949219,19822885
2021-05-03,304.5,312.79998779296875,301.20001220703125,311.6499938964844,299.8895263671875,6232670
2021-05-04,315.0,315.0,306.20001220703125,306.95001220703125,295.3669738769531,5668182
2021-05-05,310.8999938964844,312.29998779296875,307.1499938964844,311.45001220703125,299.6971130371094,2600385
2021-05-06,313.0,316.20001220703125,310.1000061035156,314.3999938964844,302.5357666015625,3861134
2021-05-07,315.0,317.79998779296875,311.1000061035156,312.25,300.4668884277344,3399984
2021-05-10,314.20001220703125,315.1499938964844,310.0,311.3500061035156,299.6008605957031,4632214
2021-05-11,307.5,316.8999938964844,306.1000061035156,314.8999938964844,303.01690673828125,3809984
2021-05-12,313.8999938964844,314.8999938964844,308.04998779296875,309.04998779296875,297.3876647949219,3974894
2021-05-14,309.1000061035156,311.8500061035156,300.0,307.1000061035156,295.5112609863281,4140603
2021-05-17,307.8999938964844,311.70001220703125,304.54998779296875,310.20001220703125,298.4942932128906,4763864
2021-05-18,314.5,316.95001220703125,310.1000061035156,315.6499938964844,303.7386169433594,4169602
2021-05-19,315.5,324.8999938964844,315.0,317.6499938964844,305.66314697265625,10886866
2021-05-20,319.45001220703125,322.0,314.3500061035156,320.0,307.9244384765625,5608173
2021-05-21,322.70001220703125,324.3500061035156,320.25,321.45001220703125,309.3197326660156,4039119
2021-05-24,321.45001220703125,328.29998779296875,319.5,326.20001220703125,313.8905029296875,4875842
2021-05-25,326.54998779296875,327.1000061035156,321.25,322.29998779296875,310.13763427734375,3511483
2021-05-26,322.29998779296875,325.0,319.3999938964844,323.1000061035156,310.9075012207031,3103367
2021-05-27,322.0,335.0,319.5,330.1000061035156,317.6433410644531,12478623
2021-05-28,330.1000061035156,331.3999938964844,324.25,325.6499938964844,313.3612365722656,2648245
2021-05-31,325.3999938964844,328.45001220703125,322.5,326.79998779296875,314.46783447265625,2664186
2021-06-01,327.0,328.8999938964844,323.1000061035156,324.20001220703125,311.96600341796875,2649537
2021-06-02,324.3999938964844,332.3999938964844,322.54998779296875,331.1000061035156,318.6055603027344,5346766
2021-06-03,332.1000061035156,336.0,331.3999938964844,333.95001220703125,321.3480224609375,3322366
2021-06-04,333.79998779296875,337.29998779296875,331.20001220703125,332.04998779296875,319.5197448730469,1739342
2021-06-07,333.79998779296875,342.79998779296875,333.1499938964844,339.04998779296875,326.2555847167969,4163074
2021-06-08,340.3500061035156,341.79998779296875,336.3999938964844,340.3500061035156,327.5065612792969,2954871
2021-06-09,340.0,341.6000061035156,332.25,334.3500061035156,321.73297119140625,2484987
2021-06-10,335.79998779296875,344.1499938964844,334.79998779296875,341.54998779296875,328.6612243652344,3729387
2021-06-11,341.8999938964844,343.20001220703125,335.95001220703125,337.70001220703125,324.95654296875,1478762
2021-06-14,337.8999938964844,340.8999938964844,332.5,340.3500061035156,327.5065612792969,1670528
2021-06-15,340.0,344.45001220703125,337.45001220703125,341.45001220703125,328.5650329589844,2056457
2021-06-16,341.0,344.0,337.6000061035156,338.8999938964844,326.1112365722656,2006979
2021-06-17,336.6000061035156,348.8999938964844,336.0,346.25,333.1839294433594,7239110
2021-06-18,346.8999938964844,347.5,335.3500061035156,341.29998779296875,328.4206848144531,3129778
2021-06-21,337.8999938964844,345.8500061035156,335.0,344.75,331.7405090332031,2879360
2021-06-22,345.3500061035156,351.5,343.20001220703125,346.25,333.1839294433594,2549800
2021-06-23,346.8999938964844,348.5,343.5,345.1499938964844,332.1253967285156,1690045
2021-06-24,345.1499938964844,347.8500061035156,342.54998779296875,346.5,333.4244689941406,3375247
2021-06-25,346.8999938964844,349.5,345.1499938964844,348.04998779296875,334.91595458984375,2206671
2021-06-28,349.75,350.8500061035156,343.75,344.3500061035156,331.3555603027344,2552962
2021-06-29,344.29998779296875,345.79998779296875,342.0,344.3999938964844,331.4037170410156,1671869
2021-06-30,343.54998779296875,346.45001220703125,339.6499938964844,340.6499938964844,327.79522705078125,2767540
2021-07-01,341.29998779296875,342.6000061035156,338.6000061035156,340.29998779296875,327.4583740234375,1909998
2021-07-02,341.5,341.95001220703125,337.25,339.25,326.4480895996094,955697
2021-07-05,340.79998779296875,345.25,339.5,340.29998779296875,327.4583740234375,1403833
2021-07-06,341.29998779296875,359.95001220703125,341.29998779296875,351.8500061035156,338.57257080078125,12291310
2021-07-07,353.79998779296875,358.54998779296875,350.6499938964844,357.45001220703125,343.96124267578125,4334221
2021-07-08,357.70001220703125,361.8500061035156,355.75,360.75,347.1367492675781,5505696
2021-07-09,360.8999938964844,364.45001220703125,357.54998779296875,363.6000061035156,349.8791809082031,2443343
2021-07-12,364.1000061035156,376.3999938964844,363.6499938964844,371.75,357.7215881347656,6429310
2021-07-13,373.54998779296875,374.29998779296875,367.20001220703125,368.95001220703125,355.0272521972656,3725976
2021-07-14,370.95001220703125,375.8500061035156,368.1000061035156,373.0,358.9244384765625,4877918
2021-07-15,374.0,389.0,373.70001220703125,386.20001220703125,371.6263427734375,7207046
2021-07-16,387.45001220703125,387.70001220703125,381.70001220703125,383.04998779296875,368.5951843261719,3141218
2021-07-19,382.29998779296875,388.3500061035156,380.3999938964844,386.54998779296875,371.963134765625,3708612
2021-07-20,391.0,408.8999938964844,387.6499938964844,404.45001220703125,389.1876525878906,16347083
2021-07-22,407.25,407.25,398.1000061035156,400.20001220703125,385.0980224609375,4093799
2021-07-23,403.25,409.5,400.5,402.29998779296875,387.1187744140625,7785242
2021-07-26,402.5,409.5,390.95001220703125,408.1000061035156,392.69989013671875,8586195
2021-07-27,408.8500061035156,414.0,401.54998779296875,408.79998779296875,393.37347412109375,7469960
2021-07-28,410.45001220703125,411.70001220703125,402.95001220703125,409.3999938964844,393.95086669921875,3242782
2021-07-29,411.3999938964844,413.20001220703125,405.04998779296875,408.75,393.32537841796875,3312853
2021-07-30,411.79998779296875,415.3500061035156,406.0,411.1499938964844,395.6347961425781,2700828
2021-08-02,412.0,419.95001220703125,410.45001220703125,418.1000061035156,402.3225402832031,2758639
2021-08-03,420.8500061035156,423.04998779296875,414.6000061035156,422.20001220703125,406.2678527832031,2912201
2021-08-04,424.5,427.3999938964844,418.0,419.04998779296875,403.2366943359375,3559071
2021-08-05,417.54998779296875,421.6000061035156,414.70001220703125,418.8999938964844,403.09234619140625,2472169
2021-08-06,419.0,419.0,402.29998779296875,403.8999938964844,388.65838623046875,5940472
2021-08-09,407.8500061035156,409.95001220703125,403.0,405.45001220703125,390.14990234375,1861592
2021-08-10,407.1499938964844,407.20001220703125,395.29998779296875,400.70001220703125,385.5791931152344,3317325
2021-08-11,399.8999938964844,405.0,391.79998779296875,398.25,383.22161865234375,3337019
2021-08-12,400.29998779296875,408.0,395.45001220703125,399.79998779296875,384.7131042480469,4066743
2021-08-13,401.5,404.95001220703125,396.20001220703125,402.45001220703125,387.2631530761719,2351561
2021-08-16,402.45001220703125,404.1499938964844,395.3999938964844,396.25,381.2970886230469,1762903
2021-08-17,398.3999938964844,402.79998779296875,392.25,401.5,386.34893798828125,2736839
2021-08-18,404.8999938964844,411.0,400.8999938964844,409.3999938964844,393.95086669921875,7112861
2021-08-20,407.8999938964844,413.6499938964844,390.0,391.79998779296875,377.0149841308594,6967987
2021-08-23,396.70001220703125,396.70001220703125,381.25,390.6499938964844,375.9084167480469,5438059
2021-08-24,392.70001220703125,396.5,386.29998779296875,395.3500061035156,380.4310302734375,3978409
2021-08-25,396.8999938964844,399.3500061035156,393.0,397.04998779296875,382.06689453125,2891821
2021-08-26,398.0,400.8999938964844,391.1499938964844,398.3500061035156,383.3178405761719,3558058
2021-08-27,401.0,411.45001220703125,397.5,410.04998779296875,394.5763244628906,4555890
2021-08-30,412.1000061035156,420.3999938964844,412.0,417.70001220703125,401.93768310546875,5235500
2021-08-31,417.70001220703125,422.45001220703125,413.45001220703125,421.04998779296875,405.1612243652344,6342929
2021-09-01,423.0,424.04998779296875,418.79998779296875,421.5,405.5942687988281,1910281
2021-09-02,421.54998779296875,432.0,421.5,428.70001220703125,412.5225524902344,4193528
2021-09-03,430.8500061035156,437.8500061035156,425.5,437.1000061035156,420.6055603027344,4507212
2021-09-06,440.8500061035156,442.0,436.6499938964844,438.29998779296875,421.76031494140625,3574072
2021-09-07,437.1499938964844,442.5,434.0,441.5,424.8395080566406,2060092
2021-09-08,441.45001220703125,441.45001220703125,433.5,435.95001220703125,419.49896240234375,3195625
2021-09-09,432.95001220703125,440.3500061035156,432.1000061035156,438.3500061035156,421.80841064453125,1362416
2021-09-13,437.1000061035156,439.70001220703125,434.3999938964844,436.25,419.7876281738281,1790853
2021-09-14,436.54998779296875,436.8500061035156,428.5,432.45001220703125,416.13104248046875,2872240
2021-09-15,432.45001220703125,438.04998779296875,431.45001220703125,437.04998779296875,420.55743408203125,2587288
2021-09-16,437.04998779296875,439.70001220703125,427.79998779296875,430.20001220703125,413.9659423828125,3329646
2021-09-17,431.8999938964844,432.3500061035156,418.45001220703125,419.79998779296875,403.9584045410156,5274442
2021-09-20,416.8999938964844,419.20001220703125,408.25,409.79998779296875,394.33575439453125,4182620
2021-09-21,407.75,414.0,402.3999938964844,413.20001220703125,397.60748291015625,4386443
2021-09-22,414.6499938964844,422.8500061035156,413.04998779296875,419.5,403.66973876953125,3233311
2021-09-23,421.8999938964844,422.8999938964844,415.1000061035156,419.54998779296875,403.71783447265625,2177190
2021-09-24,421.0,423.5,408.8500061035156,410.70001220703125,395.2017822265625,2871092
2021-09-27,412.0,420.0,407.45001220703125,418.0,402.226318359375,4682546
2021-09-28,421.0,424.5,411.1000061035156,413.1000061035156,397.5111999511719,4657118
2021-09-29,410.0,410.0,401.1499938964844,406.45001220703125,391.1121826171875,5728780
2021-09-30,408.0,408.3500061035156,398.3999938964844,400.20001220703125,385.0980224609375,9312005
2021-10-01,399.8999938964844,404.79998779296875,396.0,402.25,387.0706787109375,4662848
2021-10-04,404.8999938964844,409.95001220703125,402.5,406.5,391.1602783203125,4122450
2021-10-05,406.45001220703125,407.6000061035156,402.79998779296875,403.6499938964844,388.4178161621094,2505330
2021-10-06,404.0,405.79998779296875,393.5,394.8999938964844,379.9980163574219,4685363
2021-10-07,398.95001220703125,404.70001220703125,397.29998779296875,402.8999938964844,387.6961669921875,5508787
2021-10-08,404.8999938964844,406.0,401.25,403.04998779296875,387.8404235839844,3321119
2021-10-11,404.0,406.95001220703125,400.29998779296875,402.95001220703125,387.7442626953125,3522402
2021-10-12,402.8500061035156,405.0,398.54998779296875,403.6000061035156,388.3697509765625,2117480
2021-10-13,406.0,407.8999938964844,403.04998779296875,404.0,388.7546691894531,3780216
2021-10-14,407.0,414.79998779296875,405.25,408.75,393.32537841796875,5426954
2021-10-18,418.0,418.0,409.54998779296875,410.6000061035156,395.1055908203125,5319195
2021-10-19,412.25,412.79998779296875,387.04998779296875,389.3500061035156,374.657470703125,8255248
2021-10-20,391.0,399.8999938964844,387.6000061035156,392.75,377.9291687011719,5245333
2021-10-21,394.8500061035156,394.8500061035156,378.20001220703125,379.8999938964844,365.5640563964844,9834178
2021-10-22,380.20001220703125,381.70001220703125,372.0,376.1000061035156,361.907470703125,5253226
2021-10-25,378.0,378.20001220703125,365.75,375.8999938964844,361.7149963378906,3368928
2021-10-26,377.70001220703125,381.29998779296875,373.25,380.3500061035156,365.9971008300781,3427318
2021-10-27,375.0,387.04998779296875,373.70001220703125,381.8500061035156,367.44049072265625,5357395
2021-10-28,383.6000061035156,392.5,380.79998779296875,390.04998779296875,375.3310241699219,7419992
2021-10-29,392.0,406.8500061035156,382.25,404.79998779296875,389.5244140625,10104769
2021-11-01,406.0,412.6499938964844,402.95001220703125,409.79998779296875,394.33575439453125,3997407
2021-11-02,410.0,414.45001220703125,405.1000061035156,407.25,391.88201904296875,1970517
2021-11-03,408.75,414.70001220703125,403.5,412.8999938964844,397.3187561035156,2147236
2021-11-04,413.20001220703125,414.70001220703125,412.25,413.20001220703125,397.60748291015625,320391
2021-11-08,415.0,430.3500061035156,413.45001220703125,429.75,413.53289794921875,7089536
2021-11-09,430.8999938964844,435.0,426.5,431.25,414.976318359375,2378131
2021-11-10,427.6000061035156,433.3999938964844,424.79998779296875,428.3500061035156,412.1857604980469,2202717
2021-11-11,426.5,426.75,416.8500061035156,421.20001220703125,405.3055725097656,1653866
2021-11-12,424.0,427.1499938964844,419.70001220703125,422.8500061035156,406.893310546875,1246774
2021-11-15,423.0,425.1000061035156,418.1000061035156,421.25,405.3537292480469,1057472
2021-11-16,421.29998779296875,424.0,407.75,409.79998779296875,394.33575439453125,1933354
2021-11-17,407.79998779296875,410.95001220703125,405.04998779296875,409.1499938964844,393.7102966308594,1448686
2021-11-18,408.0,411.8500061035156,396.5,400.8500061035156,385.7234802246094,1868114
2021-11-22,400.8500061035156,402.8500061035156,385.0,388.70001220703125,374.031982421875,3484890
2021-11-23,387.0,396.79998779296875,383.20001220703125,395.79998779296875,380.86407470703125,2061119
2021-11-24,397.04998779296875,398.54998779296875,390.79998779296875,393.5,378.65087890625,2461617
2021-11-25,392.8999938964844,393.5,389.0,390.6000061035156,375.8603210449219,997067
2021-11-26,386.0,387.75,370.8999938964844,372.3500061035156,358.2989501953125,5577674
2021-11-29,370.0,375.3999938964844,360.04998779296875,369.1499938964844,355.2197265625,2691096
2021-11-30,370.0,378.1000061035156,367.0,374.6000061035156,360.46405029296875,4809537
2021-12-01,379.6000061035156,380.45001220703125,368.04998779296875,371.3999938964844,357.38482666015625,4416048
2021-12-02,371.8999938964844,379.3999938964844,368.0,377.3500061035156,363.11029052734375,2307562
2021-12-03,377.29998779296875,387.3999938964844,375.79998779296875,376.6000061035156,362.3885803222656,5101471
2021-12-06,378.6000061035156,378.95001220703125,368.29998779296875,370.1499938964844,356.1820068359375,1157264
2021-12-07,372.8999938964844,377.25,370.8999938964844,372.75,358.68389892578125,1229614
2021-12-08,376.3999938964844,380.3999938964844,375.20001220703125,376.95001220703125,362.72540283203125,1526507
2021-12-09,379.3999938964844,381.0,375.1000061035156,377.54998779296875,363.3027648925781,1862168
2021-12-10,377.6000061035156,381.3500061035156,376.6499938964844,377.6499938964844,363.3989562988281,1486593
2021-12-13,382.6499938964844,382.6499938964844,378.6000061035156,379.8500061035156,365.5159912109375,2654339
2021-12-14,377.8999938964844,380.8500061035156,374.0,378.54998779296875,364.2649841308594,1789446
2021-12-15,378.6000061035156,381.8999938964844,375.29998779296875,378.8999938964844,364.601806640625,1796520
2021-12-16,380.0,381.6000061035156,374.6000061035156,375.70001220703125,361.5225524902344,2366346
2021-12-17,375.6000061035156,377.20001220703125,367.0,368.6000061035156,354.69049072265625,1784077
2021-12-20,361.20001220703125,364.20001220703125,347.0,350.29998779296875,337.0810546875,6661464
2021-12-21,353.04998779296875,363.79998779296875,351.25,361.45001220703125,347.8103332519531,2065774
2021-12-22,361.25,367.0,359.70001220703125,363.75,350.02349853515625,1383949
2021-12-23,367.0,370.5,365.0,369.3999938964844,355.4602966308594,1546807
2021-12-24,369.5,370.79998779296875,363.20001220703125,367.8999938964844,354.0168762207031,1174085
2021-12-27,367.0,370.75,364.0,369.95001220703125,355.98956298828125,635418
2021-12-28,370.20001220703125,381.20001220703125,368.70001220703125,380.20001220703125,365.8527526855469,2526008
2021-12-29,380.75,382.1499938964844,374.5,375.79998779296875,361.6188049316406,935759
2021-12-30,375.70001220703125,377.95001220703125,369.6000061035156,370.95001220703125,356.9518127441406,2179706
2021-12-31,372.3999938964844,384.29998779296875,372.0,377.5,363.2546081542969,1907096
2022-01-03,378.75,389.45001220703125,378.20001220703125,387.0,372.3961486816406,1643912
2022-01-04,387.54998779296875,391.70001220703125,383.29998779296875,390.45001220703125,375.7159729003906,3034913
2022-01-05,389.95001220703125,394.6499938964844,388.75,393.70001220703125,378.8433532714844,1521048
2022-01-06,390.1000061035156,393.0,383.54998779296875,387.04998779296875,372.4442443847656,2579347
2022-01-07,387.04998779296875,401.95001220703125,387.04998779296875,397.25,382.25933837890625,2731750
2022-01-10,400.0,401.95001220703125,397.29998779296875,399.3500061035156,384.2801208496094,2408661
2022-01-11,401.0,405.0,393.3500061035156,397.6499938964844,382.6442565917969,2105501
2022-01-12,398.25,402.70001220703125,395.6499938964844,397.8999938964844,382.88482666015625,1370663
2022-01-13,399.0,400.5,394.6499938964844,396.3999938964844,381.4414367675781,2490304
2022-01-14,395.1000061035156,405.0,394.20001220703125,402.70001220703125,387.50372314453125,2146874
2022-01-17,403.5,408.70001220703125,395.0,407.79998779296875,392.4112243652344,3057067
2022-01-18,410.0,410.0,379.0,380.6499938964844,366.2857666015625,7265319
2022-01-19,381.95001220703125,382.0,373.1000061035156,374.8500061035156,360.7046203613281,3999114
2022-01-20,375.25,379.79998779296875,372.45001220703125,375.1000061035156,360.9451904296875,3354873
2022-01-21,374.6000061035156,374.6000061035156,364.04998779296875,368.6499938964844,354.73858642578125,1426135
2022-01-24,368.0,371.20001220703125,349.0,352.8500061035156,339.53485107421875,4250468
2022-01-25,351.95001220703125,356.5,343.45001220703125,351.5,338.23577880859375,3178488
2022-01-27,350.8999938964844,354.29998779296875,340.45001220703125,351.6499938964844,338.38006591796875,2852549
2022-01-28,354.3999938964844,367.1000061035156,353.0,360.70001220703125,347.0885925292969,3157848
2022-01-31,364.6000061035156,369.25,363.0,365.1499938964844,351.3706359863281,1955762
2022-02-01,370.0,382.8500061035156,366.5,380.3999938964844,366.0451965332031,6354846
2022-02-02,383.70001220703125,386.29998779296875,377.8500061035156,380.0,365.6602783203125,3322525
2022-02-03,377.29998779296875,384.29998779296875,377.29998779296875,381.8999938964844,367.4886169433594,3772405
2022-02-04,383.0,384.8999938964844,378.0,380.3999938964844,366.0451965332031,5637748
2022-02-07,380.0,383.8999938964844,374.20001220703125,382.6499938964844,368.2102966308594,2535377
2022-02-08,383.0,386.1000061035156,373.25,376.29998779296875,362.09991455078125,2089451
2022-02-09,379.3500061035156,385.8999938964844,376.8500061035156,382.79998779296875,368.3546447753906,2140597
2022-02-10,381.75,384.3999938964844,373.3999938964844,374.8500061035156,360.7046203613281,4638095
2022-02-11,375.0,375.8500061035156,366.6000061035156,367.8999938964844,354.0168762207031,2050063
2022-02-14,362.0,365.0,354.04998779296875,355.1000061035156,341.69989013671875,1341336
2022-02-15,357.0,365.0,353.75,363.54998779296875,349.8310546875,2027130
2022-02-16,365.1000061035156,367.8500061035156,359.5,360.70001220703125,347.0885925292969,1368175
2022-02-17,362.5,364.5,357.5,359.79998779296875,346.2225646972656,1439893
2022-02-18,352.70001220703125,354.0,337.20001220703125,338.3500061035156,325.5820007324219,11901556
2022-02-21,334.20001220703125,341.29998779296875,331.25,338.54998779296875,325.7744445800781,5812598
2022-02-22,334.0,338.45001220703125,331.1000061035156,337.3500061035156,324.6197204589844,3078034
2022-02-23,338.8999938964844,340.5,329.6000061035156,330.95001220703125,318.4612731933594,5312647
2022-02-24,316.0,322.3500061035156,302.04998779296875,306.95001220703125,295.3669738769531,12821969
2022-02-25,311.0,315.95001220703125,306.1000061035156,308.70001220703125,297.0508728027344,5240212
2022-02-28,306.29998779296875,315.95001220703125,302.95001220703125,314.25,302.3914489746094,7116898
2022-03-02,312.79998779296875,314.8500061035156,301.0,304.1499938964844,292.6725769042969,6623505
2022-03-03,308.6000061035156,311.1000061035156,287.8999938964844,290.20001220703125,279.2490234375,11872107
2022-03-04,285.20001220703125,296.20001220703125,283.70001220703125,292.6000061035156,281.5584411621094,6171233
2022-03-07,287.95001220703125,289.0,278.0,281.20001220703125,270.5886535644531,6936569
2022-03-08,281.04998779296875,284.54998779296875,274.0,282.8999938964844,272.2244567871094,6513565
2022-03-09,285.79998779296875,292.6499938964844,281.0,291.6499938964844,280.6442565917969,7788795
2022-03-10,300.0,302.0,291.0,293.20001220703125,282.1357727050781,5031572
2022-03-11,293.0,296.0,290.29998779296875,293.45001220703125,282.3763732910156,4357253
2022-03-14,294.6499938964844,297.5,289.04998779296875,291.20001220703125,280.2112731933594,2658414
2022-03-15,293.6000061035156,301.8500061035156,292.8500061035156,295.1000061035156,283.964111328125,6826748
2022-03-16,300.0,311.45001220703125,297.0,309.3500061035156,297.6763610839844,6876362
2022-03-17,314.20001220703125,314.8999938964844,305.45001220703125,306.20001220703125,294.6452331542969,9901093
2022-03-21,306.0,309.20001220703125,300.0,300.3500061035156,289.0159912109375,4583683
2022-03-22,300.45001220703125,302.8999938964844,296.04998779296875,300.8999938964844,289.5451965332031,3537814
2022-03-23,303.0,303.3500061035156,295.54998779296875,297.8500061035156,286.6103210449219,4697043
2022-03-24,296.95001220703125,299.6499938964844,295.0,297.04998779296875,285.8404846191406,4048136
2022-03-25,299.8999938964844,299.8999938964844,294.54998779296875,297.79998779296875,286.56219482421875,3115402
2022-03-28,299.3999938964844,299.3999938964844,288.5,291.79998779296875,280.7886047363281,4811353
2022-03-29,293.04998779296875,303.25,293.04998779296875,302.45001220703125,291.0367126464844,8193664
2022-03-30,300.79998779296875,304.79998779296875,298.79998779296875,303.04998779296875,297.8175964355469,6489029
2022-03-31,303.04998779296875,303.70001220703125,298.75,299.25,294.0832214355469,4950492
2022-04-01,298.8999938964844,306.5,298.5,304.95001220703125,299.684814453125,3456879
2022-04-04,305.5,313.5,305.1000061035156,311.6499938964844,306.26910400390625,3638554
2022-04-05,314.45001220703125,317.70001220703125,310.3500061035156,316.79998779296875,311.3302001953125,5323145
2022-04-06,316.79998779296875,325.0,315.45001220703125,320.70001220703125,315.162841796875,7255760
2022-04-07,320.20001220703125,327.3999938964844,320.04998779296875,325.6000061035156,319.978271484375,5192205
2022-04-08,327.25,339.79998779296875,323.45001220703125,337.3500061035156,331.525390625,8276853
2022-04-11,338.45001220703125,369.5,338.29998779296875,360.20001220703125,353.9808654785156,30662312
2022-04-12,364.0,371.6000061035156,355.75,359.6499938964844,353.44036865234375,19884358
2022-04-13,359.95001220703125,374.20001220703125,359.0,369.20001220703125,362.82550048828125,17817591
2022-04-18,369.0,379.6499938964844,360.5,363.3999938964844,357.1256408691406,10936057
2022-04-19,366.75,370.0,351.0,354.25,348.13360595703125,9971239
2022-04-20,355.0,375.79998779296875,355.0,371.29998779296875,364.8891906738281,13525255
2022-04-21,378.8999938964844,384.3500061035156,374.79998779296875,377.3500061035156,370.8347473144531,14385266
2022-04-22,378.0,381.0,371.04998779296875,374.20001220703125,367.7391662597656,5946333
2022-04-25,371.79998779296875,387.6000061035156,370.0,376.3500061035156,369.8520202636719,12835090
2022-04-26,382.0,391.0,381.29998779296875,385.1499938964844,378.5000915527344,11192640
2022-04-27,385.0,387.70001220703125,376.25,384.54998779296875,377.910400390625,11121579
2022-04-28,389.8999938964844,389.8999938964844,380.45001220703125,383.3500061035156,376.73114013671875,7163762
2022-04-29,384.70001220703125,385.5,370.75,372.20001220703125,365.773681640625,10529413
2022-05-02,371.6000061035156,380.5,368.75,378.1499938964844,371.6209411621094,5959678
2022-05-04,379.54998779296875,382.0,364.6499938964844,368.1000061035156,361.74444580078125,5415006
2022-05-05,371.0,375.3500061035156,364.95001220703125,366.3500061035156,360.0246887207031,5794511
2022-05-06,360.54998779296875,372.3500061035156,360.54998779296875,365.3999938964844,359.0910949707031,5868878
2022-05-09,363.3500061035156,369.0,359.45001220703125,366.75,360.41778564453125,3690073
2022-05-10,368.54998779296875,373.8999938964844,355.0,358.20001220703125,352.0154113769531,6322735
2022-05-11,360.0,365.79998779296875,351.20001220703125,359.04998779296875,352.8507080078125,5728451
2022-05-12,356.8500061035156,382.0,349.29998779296875,373.54998779296875,367.100341796875,7493279
2022-05-13,378.0,378.54998779296875,356.1000061035156,359.1000061035156,352.8998718261719,10195371
2022-05-16,367.0,377.70001220703125,360.3500061035156,368.0,361.6461486816406,50459752
2022-05-17,371.0,372.1499938964844,364.0,368.79998779296875,362.4323425292969,9431128
2022-05-18,369.25,372.6000061035156,359.70001220703125,361.1000061035156,354.8653259277344,11887905
2022-05-19,358.1499938964844,364.95001220703125,357.25,364.0,357.7152404785156,9179791
2022-05-20,368.0,368.0,362.04998779296875,363.0,356.7325439453125,4308673
2022-05-23,365.6499938964844,367.29998779296875,362.3999938964844,363.45001220703125,357.1747741699219,3889679
2022-05-24,364.79998779296875,365.70001220703125,360.45001220703125,361.45001220703125,355.2093200683594,4200025
2022-05-25,362.3999938964844,364.25,360.6499938964844,361.70001220703125,355.4549560546875,2440985
2022-05-26,362.1499938964844,366.29998779296875,359.70001220703125,365.3999938964844,359.0910949707031,3900318
2022-05-27,368.0,368.1499938964844,363.75,366.29998779296875,359.97552490234375,1603075
2022-05-30,368.5,372.5,366.75,371.54998779296875,365.1348876953125,5001959
2022-05-31,371.54998779296875,372.79998779296875,368.6499938964844,369.3999938964844,363.0220031738281,11507115
2022-06-01,370.0,373.0,369.1499938964844,371.6499938964844,365.233154296875,2369910
2022-06-02,371.3999938964844,376.3500061035156,370.95001220703125,373.5,367.05120849609375,5215564
2022-06-03,375.0,375.3500061035156,365.3500061035156,366.8999938964844,360.5651550292969,8010976
2022-06-06,366.0,369.5,363.8500061035156,364.8999938964844,358.5997009277344,10390245
2022-06-07,363.6000061035156,367.5,361.70001220703125,363.3500061035156,357.0765075683594,5708056
2022-06-08,363.3999938964844,364.54998779296875,361.79998779296875,363.04998779296875,356.7816467285156,5020929
2022-06-09,363.0,368.5,362.5,365.29998779296875,358.9927978515625,5238450
2022-06-10,363.25,366.6000061035156,363.25,365.1499938964844,358.8453674316406,3916129
2022-06-13,363.04998779296875,364.95001220703125,361.8999938964844,362.70001220703125,356.4377136230469,4509163
2022-06-14,362.1000061035156,363.29998779296875,358.0,359.54998779296875,353.3420715332031,6976071
2022-06-15,359.8999938964844,362.45001220703125,359.0,361.95001220703125,355.7006530761719,4077501
2022-06-16,363.8500061035156,364.1499938964844,358.6499938964844,359.3999938964844,353.19464111328125,2940387
2022-06-17,359.0,361.04998779296875,356.6499938964844,357.3500061035156,351.1800537109375,4012167
2022-06-20,357.5,359.95001220703125,356.1000061035156,357.29998779296875,351.13092041015625,2297837
2022-06-21,358.1000061035156,360.95001220703125,358.1000061035156,358.8999938964844,352.70330810546875,3693727
2022-06-22,358.8999938964844,358.8999938964844,355.5,357.95001220703125,351.76971435546875,2588905
2022-06-23,358.3999938964844,362.0,358.04998779296875,358.95001220703125,352.75244140625,2799410
2022-06-24,362.0,362.0,359.20001220703125,360.6000061035156,354.37396240234375,2713333
2022-06-27,362.25,365.70001220703125,360.5,365.1499938964844,358.8453674316406,3073581
2022-06-28,365.8500061035156,367.3500061035156,363.5,366.45001220703125,360.1229553222656,4285971
2022-06-29,364.95001220703125,367.5,364.1000061035156,365.5,359.1893615722656,4586257
2022-06-30,365.54998779296875,365.95001220703125,362.1000061035156,363.0,356.7325439453125,4383329
2022-07-01,363.95001220703125,368.6000061035156,362.1000061035156,367.54998779296875,361.2039489746094,2763265
2022-07-04,366.95001220703125,369.8999938964844,366.04998779296875,368.54998779296875,362.1866760253906,2275112
2022-07-05,368.95001220703125,371.25,365.6000061035156,366.6499938964844,360.31951904296875,3120800
2022-07-06,367.0,370.3500061035156,366.95001220703125,368.25,361.8918762207031,2209031
2022-07-07,369.8999938964844,369.8999938964844,366.1000061035156,366.95001220703125,360.61431884765625,2378264
2022-07-08,367.0,369.04998779296875,366.0,368.45001220703125,362.0884094238281,2126285
2022-07-11,367.1000061035156,369.95001220703125,366.8500061035156,369.20001220703125,362.82550048828125,3135297
2022-07-12,368.79998779296875,372.8500061035156,367.75,370.8999938964844,364.4961242675781,2870836
2022-07-13,372.95001220703125,373.95001220703125,370.29998779296875,371.20001220703125,364.79095458984375,2291028
2022-07-14,372.79998779296875,372.79998779296875,368.5,369.8999938964844,363.5133972167969,2772420
2022-07-15,368.0,371.29998779296875,368.0,369.1499938964844,362.7763366699219,3856534
2022-07-18,370.6000061035156,372.3999938964844,369.6000061035156,370.70001220703125,364.2995910644531,1745124
2022-07-19,369.29998779296875,371.5,369.29998779296875,370.95001220703125,364.5452575683594,1567448
2022-07-20,369.95001220703125,371.95001220703125,366.6000061035156,367.8500061035156,361.4988098144531,7381308
2022-07-21,368.0,371.3500061035156,366.25,370.75,364.34869384765625,3275734
2022-07-22,370.0,373.1000061035156,368.95001220703125,372.54998779296875,366.11761474609375,3091493
2022-07-25,372.54998779296875,373.5,370.3999938964844,371.1499938964844,364.7417907714844,3224932
2022-07-26,371.04998779296875,371.1499938964844,368.54998779296875,369.95001220703125,363.56256103515625,3457867
2022-07-27,369.25,372.20001220703125,368.70001220703125,370.8500061035156,364.44696044921875,2093379
2022-07-28,372.5,372.5,369.6000061035156,370.8500061035156,364.44696044921875,2711190
2022-07-29,372.3999938964844,376.0,370.0,374.79998779296875,368.3287658691406,6522804
2022-08-01,377.0,378.0,374.25,375.3999938964844,368.91839599609375,2858911
2022-08-02,375.3999938964844,382.79998779296875,374.95001220703125,378.6499938964844,372.1123046875,9280180
2022-08-03,380.0,382.3999938964844,376.5,381.75,375.1587829589844,4871595
2022-08-04,382.0,383.75,378.0,381.25,374.6673889160156,6766464
2022-08-05,381.1000061035156,383.04998779296875,380.04998779296875,382.6499938964844,376.0432434082031,5063415
2022-08-08,382.8500061035156,382.95001220703125,378.8500061035156,380.20001220703125,373.63555908203125,3347503
2022-08-10,380.0,381.6499938964844,378.3999938964844,380.04998779296875,373.4881286621094,4144801
2022-08-11,382.0,382.0,378.6000061035156,380.20001220703125,373.63555908203125,2409612
2022-08-12,380.0,388.0,378.8500061035156,384.79998779296875,378.1561279296875,5187959
2022-08-16,388.8999938964844,399.0,385.45001220703125,396.1000061035156,389.2610168457031,11560886
2022-08-17,398.75,404.95001220703125,397.0,398.29998779296875,391.42303466796875,9431378
2022-08-18,398.29998779296875,414.5,396.5,409.6000061035156,402.5279541015625,15635959
2022-08-19,412.0,427.0,410.29998779296875,420.45001220703125,413.1905822753906,25171485
2022-08-22,418.1000061035156,420.25,404.3500061035156,408.0,400.9555358886719,11430999
2022-08-23,400.0,414.45001220703125,398.0,405.45001220703125,398.4495849609375,15303452
2022-08-24,405.45001220703125,407.54998779296875,398.1000061035156,404.1499938964844,397.1720275878906,15732854
2022-08-25,404.1499938964844,408.29998779296875,395.8999938964844,397.1499938964844,390.2928771972656,11274377
2022-08-26,400.0,406.70001220703125,392.20001220703125,402.8500061035156,395.89447021484375,13259855
2022-08-29,397.0,405.5,395.1000061035156,403.45001220703125,396.4841003417969,7557377
2022-08-30,406.6499938964844,412.8500061035156,404.5,411.25,404.1494140625,7851221
2022-09-01,409.6000061035156,413.79998779296875,407.6499938964844,409.79998779296875,402.7244873046875,10762759
2022-09-02,411.45001220703125,418.29998779296875,405.54998779296875,415.6000061035156,408.4243469238281,8068140
2022-09-05,417.1499938964844,419.6499938964844,414.04998779296875,417.95001220703125,410.7337341308594,6074232
2022-09-06,419.3999938964844,441.0,417.5,436.5,428.9634704589844,23184248
2022-09-07,440.04998779296875,457.5,436.0,448.8999938964844,441.1494140625,28272706
2022-09-08,453.95001220703125,464.0,446.25,461.8999938964844,453.9248962402344,14949706
2022-09-09,465.29998779296875,484.70001220703125,451.8500061035156,454.70001220703125,446.8492431640625,29429693
2022-09-12,454.6000061035156,479.5,440.6000061035156,475.6499938964844,467.4375305175781,27759936
2022-09-13,483.25,488.6499938964844,476.25,486.5,478.1001892089844,17846212
2022-09-14,482.0,533.7000122070312,482.0,524.5999755859375,515.5422973632812,57236617
2022-09-15,529.0,544.6500244140625,509.3999938964844,538.75,529.4480590820312,37879876
2022-09-16,530.9500122070312,550.0,511.04998779296875,516.7000122070312,507.77874755859375,42869715
2022-09-19,517.0,572.9500122070312,514.0,564.9000244140625,555.1465454101562,75771183
2022-09-20,579.0,585.7000122070312,567.5,574.3499755859375,564.433349609375,43803577
2022-09-21,572.0,575.7999877929688,532.7999877929688,541.3499755859375,532.0031127929688,48990918
2022-09-22,524.5,548.7999877929688,516.0999755859375,534.0499877929688,524.8291625976562,24714675
2022-09-23,535.0,555.0,535.0,539.3499755859375,530.0376586914062,17014661
2022-09-26,537.0,544.0,499.1000061035156,511.20001220703125,502.3737487792969,17756139
2022-09-27,507.95001220703125,524.0,474.0,504.3500061035156,495.6419677734375,29131156
2022-09-28,495.0,514.3499755859375,491.04998779296875,500.04998779296875,491.4162292480469,12029150
2022-09-29,509.6000061035156,519.0,495.20001220703125,506.3500061035156,497.6074523925781,11297808
2022-09-30,507.0,523.1500244140625,501.0,515.5999755859375,506.69775390625,11027478
2022-10-03,516.0999755859375,519.9500122070312,471.04998779296875,488.6499938964844,480.21307373046875,14296197
2022-10-04,502.3999938964844,506.3999938964844,482.8999938964844,492.20001220703125,483.7017822265625,12515966
2022-10-06,497.8999938964844,513.7999877929688,496.1499938964844,506.8999938964844,498.14794921875,9447220
2022-10-07,506.79998779296875,527.0,499.79998779296875,521.7999877929688,512.7907104492188,9384553
2022-10-10,517.0,537.9500122070312,515.3499755859375,522.6500244140625,513.6260375976562,12806265
2022-10-11,525.0,526.5999755859375,498.29998779296875,500.20001220703125,491.5636291503906,7659702
2022-10-12,502.75,507.45001220703125,484.20001220703125,505.45001220703125,496.7230529785156,11786907
2022-10-13,505.3999938964844,505.3999938964844,491.5,496.8500061035156,488.271484375,6212954
2022-10-14,508.0,512.0,497.5,501.8500061035156,493.1851501464844,6337662
2022-10-17,499.0,522.7000122070312,497.45001220703125,520.5499877929688,511.5622863769531,9626670
2022-10-18,523.0,524.2000122070312,506.04998779296875,507.8500061035156,499.08160400390625,10116195
2022-10-19,511.0,519.0,506.70001220703125,510.70001220703125,501.88238525390625,6646701
2022-10-20,509.0,519.0,507.0,517.7000122070312,508.761474609375,5223412
2022-10-21,518.0,522.9000244140625,503.79998779296875,512.5999755859375,503.74951171875,9693780
2022-10-24,518.0,521.0499877929688,516.0,516.9000244140625,507.975341796875,1415497
2022-10-25,516.2000122070312,521.7999877929688,511.6499938964844,513.0999755859375,504.24090576171875,5007924
2022-10-27,515.3499755859375,532.5999755859375,513.25,527.5999755859375,518.4906005859375,10067299
2022-10-28,530.2000122070312,530.2000122070312,515.6500244140625,520.0999755859375,511.1201171875,6679582
2022-10-31,522.4500122070312,538.5999755859375,521.3499755859375,532.9500122070312,523.7482299804688,8601980
2022-11-01,535.0,545.5999755859375,533.75,544.0499877929688,534.656494140625,8669246
2022-11-02,546.75,549.0,539.2999877929688,545.0,535.5901489257812,7740170
2022-11-03,540.0,547.5,538.5,539.5,530.18505859375,3945015
2022-11-04,540.9000244140625,560.2999877929688,538.8499755859375,558.5999755859375,548.9553833007812,8028860
2022-11-07,561.0,573.0,553.1500244140625,568.0999755859375,558.291259765625,9287441
2022-11-09,570.0,580.7000122070312,561.2000122070312,564.5,554.7534790039062,10307830
2022-11-10,563.0,568.4000244140625,551.5,558.1500244140625,548.5131225585938,5700059
2022-11-11,565.0,566.9000244140625,553.8499755859375,557.5499877929688,547.9234619140625,5254274
2022-11-14,558.9000244140625,586.5499877929688,557.5499877929688,580.2999877929688,570.2807006835938,9070550
2022-11-15,583.9000244140625,593.0,575.2999877929688,586.4500122070312,576.324462890625,11897606
2022-11-16,586.5,593.5,568.2000122070312,577.2000122070312,567.234130859375,8557056
2022-11-17,578.0,581.2999877929688,570.25,574.2000122070312,564.2859497070312,3652873
2022-11-18,574.5,576.0,563.9000244140625,574.0999755859375,564.1876831054688,4114267
2022-11-21,573.0,573.7999877929688,562.7000122070312,564.0499877929688,554.3112182617188,3480076
2022-11-22,564.0,578.4500122070312,560.5,565.8499755859375,556.0801391601562,7405911
2022-11-23,567.7999877929688,571.0,560.2000122070312,562.9000244140625,553.18115234375,2782614
2022-11-24,564.25,565.9500122070312,554.5499877929688,557.8499755859375,548.21826171875,3977412
2022-11-25,560.4000244140625,567.4000244140625,556.5499877929688,564.6500244140625,554.90087890625,4010892
2022-11-28,564.0,572.5,562.7999877929688,568.4500122070312,558.63525390625,4078114
2022-11-29,569.5999755859375,574.4000244140625,563.75,564.9500122070312,555.1956787109375,3646853
2022-11-30,565.9000244140625,573.9500122070312,560.5499877929688,570.75,560.8955688476562,6139270
2022-12-01,573.5,585.0,569.5,580.9500122070312,570.9193725585938,8400806
2022-12-02,582.5499877929688,584.1500244140625,573.4000244140625,577.9500122070312,567.9712524414062,7097523
2022-12-05,580.8499755859375,582.3499755859375,571.7999877929688,573.3499755859375,563.4506225585938,5491648
2022-12-06,572.5,585.0,570.5999755859375,581.0,570.9685668945312,6009003
2022-12-07,582.9000244140625,588.3499755859375,575.0999755859375,582.0,571.9512939453125,5406859
2022-12-08,583.9500122070312,590.7999877929688,581.5999755859375,587.75,577.6019897460938,2897290
2022-12-09,593.9000244140625,598.0,572.25,581.0,570.9685668945312,7795856
2022-12-12,580.0,587.2999877929688,573.4000244140625,585.0499877929688,574.9486083984375,4062852
2022-12-13,587.0,589.0,583.0499877929688,584.5499877929688,574.4573364257812,2436178
2022-12-14,585.0999755859375,589.5,581.0499877929688,582.2000122070312,572.1478881835938,1682787
2022-12-15,583.0,584.0,558.75,561.2000122070312,551.5104370117188,5047769
2022-12-16,558.0,568.5999755859375,553.5,556.0499877929688,546.4493408203125,4854309
2022-12-19,556.9500122070312,566.3499755859375,555.0,563.8499755859375,554.1146240234375,2341796
2022-12-20,563.9000244140625,565.0,554.0999755859375,560.0999755859375,550.4293823242188,2314297
2022-12-21,562.0,564.0,532.2000122070312,539.2000122070312,529.8903198242188,6698446
2022-12-22,543.5,544.5999755859375,525.25,532.8499755859375,523.64990234375,7913985
2022-12-23,528.9500122070312,531.7999877929688,486.0,491.25,482.76812744140625,10542194
2022-12-26,493.95001220703125,522.3499755859375,489.8999938964844,514.1500244140625,505.2728271484375,8583591
2022-12-27,520.0,527.2999877929688,509.3500061035156,523.2999877929688,514.2648315429688,5808135
2022-12-28,525.0,527.5,516.4500122070312,518.4000244140625,509.4494323730469,3959786
2022-12-29,517.2000122070312,534.4000244140625,504.6000061035156,522.75,513.7243041992188,7354986
2022-12-30,525.0,531.9000244140625,522.0999755859375,524.0999755859375,515.051025390625,3361557
2023-01-02,526.75,530.9000244140625,523.0,526.5,517.4096069335938,2226882
2023-01-03,527.5,533.4000244140625,523.0499877929688,530.9500122070312,521.78271484375,3247177
2023-01-04,532.2000122070312,536.75,517.4000244140625,518.8499755859375,509.8916015625,7145153
2023-01-05,518.9500122070312,525.9500122070312,513.5499877929688,524.75,515.6897583007812,3166328
2023-01-06,525.8499755859375,528.4500122070312,514.3499755859375,519.7999877929688,510.8252258300781,3454408
2023-01-09,523.0,527.5,520.6500244140625,524.75,515.6897583007812,1841059
2023-01-10,526.5,526.5,502.70001220703125,514.4500122070312,505.5676574707031,5366443
2023-01-11,515.9500122070312,515.9500122070312,505.6499938964844,508.1000061035156,499.3272399902344,3308303
2023-01-12,509.8999938964844,514.5,507.0,510.3999938964844,501.5875549316406,4129397
2023-01-13,511.3999938964844,520.5,511.3999938964844,518.6500244140625,509.6950988769531,4195766
2023-01-16,521.0,521.5999755859375,512.9000244140625,517.0,508.0735778808594,2181662
2023-01-17,517.25,520.5,511.29998779296875,517.5,508.5649108886719,2346252
2023-01-18,517.9000244140625,522.4500122070312,513.0,520.4500122070312,511.4639892578125,2338626
2023-01-19,519.0,525.4000244140625,517.0499877929688,519.25,510.28472900390625,2809131
2023-01-20,520.0,523.0,515.4000244140625,517.75,508.8106689453125,2656548
2023-01-23,518.0,518.7000122070312,498.25,501.1000061035156,492.4480895996094,4154237
2023-01-24,502.20001220703125,508.5,497.95001220703125,498.95001220703125,490.33526611328125,2166537
2023-01-25,497.0,498.0,450.70001220703125,460.20001220703125,452.2543029785156,33646469
2023-01-27,457.5,457.5,345.1499938964844,380.45001220703125,373.8812561035156,91035714
2023-01-30,400.0,427.6499938964844,352.0,387.5,380.8094787597656,71717149
2023-01-31,394.0,414.6499938964844,390.1000061035156,401.20001220703125,394.2729797363281,40532400
2023-02-01,409.20001220703125,412.70001220703125,320.5,334.1000061035156,328.3315124511719,78282914
2023-02-02,355.0,367.0,315.29998779296875,352.54998779296875,346.46295166015625,79579639
2023-02-03,351.95001220703125,380.70001220703125,318.5,373.6000061035156,367.1495056152344,58296804
2023-02-06,371.0,383.79998779296875,358.45001220703125,379.75,373.1933288574219,33168803
2023-02-07,384.5,406.70001220703125,371.70001220703125,384.04998779296875,377.4190368652344,42723721
2023-02-08,393.6499938964844,397.6000061035156,382.0,384.6499938964844,378.0086975097656,18573925
2023-02-09,378.0,378.0,354.0,357.79998779296875,351.6222839355469,28134958
2023-02-10,354.75,368.45001220703125,350.0,360.79998779296875,354.57049560546875,12021081
2023-02-13,363.5,366.8999938964844,336.54998779296875,342.45001220703125,336.5373229980469,20202357
2023-02-14,344.0,349.0,325.1000061035156,336.5,330.6900634765625,29650470
2023-02-15,336.5,350.95001220703125,335.0,344.8500061035156,338.8958740234375,14504126
2023-02-16,351.8999938964844,354.29998779296875,346.1499938964844,347.79998779296875,341.7949523925781,13932368
2023-02-17,346.3999938964844,355.95001220703125,343.0,353.29998779296875,347.199951171875,12417704
2023-02-20,349.70001220703125,356.0,345.6499938964844,352.45001220703125,346.36468505859375,10433187
2023-02-21,353.3500061035156,366.5,351.5,352.8500061035156,346.7577819824219,18031338
2023-02-22,352.0,352.0,332.1000061035156,335.3999938964844,329.6090393066406,12696127
2023-02-23,336.0,343.8500061035156,331.3500061035156,336.8999938964844,331.0831604003906,10669135
2023-02-24,339.29998779296875,346.95001220703125,338.70001220703125,345.25,339.2889709472656,10758533
2023-02-27,340.3999938964844,344.45001220703125,326.0,329.8999938964844,324.2040100097656,8739164
2023-02-28,330.0,353.45001220703125,324.29998779296875,342.1000061035156,336.193359375,21986286
2023-03-01,344.20001220703125,354.8999938964844,344.20001220703125,353.6000061035156,347.49481201171875,14144946
2023-03-02,354.45001220703125,372.0,347.29998779296875,370.70001220703125,364.2995910644531,24526040
2023-03-03,382.70001220703125,399.3999938964844,375.6000061035156,391.8500061035156,385.0843811035156,40022359
2023-03-06,397.79998779296875,404.8999938964844,381.29998779296875,385.5,378.8440246582031,24525562
2023-03-08,384.79998779296875,393.5,378.6499938964844,392.1000061035156,385.330078125,12403307
2023-03-09,394.8500061035156,395.0,383.0,384.70001220703125,378.0578918457031,10496900
2023-03-10,380.0,382.3500061035156,373.3999938964844,378.3500061035156,371.8174743652344,8021603
2023-03-13,382.8999938964844,389.1499938964844,366.3999938964844,368.0,361.6461486816406,12295435
2023-03-14,366.04998779296875,367.8500061035156,340.79998779296875,353.3999938964844,347.2982482910156,18116432
2023-03-15,354.5,367.0,347.6499938964844,365.1499938964844,358.8453674316406,17244370
2023-03-16,365.8999938964844,384.0,360.25,378.79998779296875,372.2596740722656,17263261
2023-03-17,384.0,386.6499938964844,371.04998779296875,378.45001220703125,371.915771484375,12121438
2023-03-20,376.1000061035156,376.54998779296875,360.29998779296875,365.3999938964844,359.0910949707031,9301805
2023-03-21,369.70001220703125,374.70001220703125,366.20001220703125,370.8999938964844,364.4961242675781,7159231
2023-03-22,373.3999938964844,378.20001220703125,371.3999938964844,375.54998779296875,369.0657958984375,6498593
2023-03-23,373.0,377.29998779296875,370.3999938964844,372.1499938964844,365.7245178222656,8428310
2023-03-24,373.0,376.5,368.04998779296875,371.79998779296875,365.38055419921875,9512792
2023-03-27,372.6000061035156,374.79998779296875,367.45001220703125,370.0,363.6116943359375,6288107
2023-03-28,371.79998779296875,373.6499938964844,354.29998779296875,358.95001220703125,352.75244140625,15688794
2023-03-29,360.0,367.04998779296875,358.20001220703125,363.8999938964844,357.6169738769531,9558023
2023-03-31,367.5,370.6000061035156,364.0,365.54998779296875,359.23846435546875,5945285
2023-04-03,368.95001220703125,376.6499938964844,363.5,374.79998779296875,368.3287658691406,6083504
2023-04-05,374.5,380.8999938964844,371.25,379.95001220703125,373.389892578125,6528840
2023-04-06,378.8500061035156,386.5,377.20001220703125,383.6000061035156,376.9768371582031,5658596
2023-04-10,385.70001220703125,389.6000061035156,383.25,384.3500061035156,377.7138977050781,3153982
2023-04-11,385.95001220703125,388.5,380.79998779296875,384.3999938964844,377.7630310058594,3415299
2023-04-12,385.8999938964844,397.75,382.70001220703125,396.04998779296875,389.21185302734375,9415387
2023-04-13,394.8999938964844,396.6000061035156,390.04998779296875,392.6499938964844,385.87060546875,6239974
2023-04-17,392.0,395.04998779296875,387.04998779296875,391.54998779296875,384.78955078125,4916449
2023-04-18,391.54998779296875,394.29998779296875,379.8999938964844,383.04998779296875,376.43634033203125,3986619
2023-04-19,384.0,388.20001220703125,377.6499938964844,380.04998779296875,373.4881286621094,3600019
2023-04-20,380.5,382.29998779296875,378.1000061035156,380.70001220703125,374.1269226074219,4345525
2023-04-21,381.25,382.0,373.3999938964844,375.1000061035156,368.6235656738281,4286701
2023-04-24,375.1000061035156,382.8999938964844,373.3500061035156,380.29998779296875,373.7337951660156,3030412
2023-04-25,381.6499938964844,387.54998779296875,380.6000061035156,382.5,375.8958435058594,4790001
2023-04-26,382.0,390.0,380.1499938964844,386.45001220703125,379.77764892578125,4369712
2023-04-27,386.45001220703125,390.5,382.75,388.79998779296875,382.0870361328125,5093452
2023-04-28,390.0,399.5,384.1000061035156,396.5,389.65411376953125,11030482
2023-05-02,398.0,399.3999938964844,389.04998779296875,394.3999938964844,387.59033203125,7419371
2023-05-03,392.8999938964844,400.54998779296875,375.75,383.6499938964844,377.0259704589844,13078081
2023-05-04,384.0,390.8500061035156,380.6000061035156,388.29998779296875,381.59564208984375,6828148
2023-05-05,388.5,406.0,387.45001220703125,400.54998779296875,393.6341552734375,11844907
2023-05-08,404.79998779296875,408.8999938964844,400.70001220703125,405.5,398.49871826171875,6282119
2023-05-09,407.8999938964844,412.3999938964844,403.45001220703125,405.6499938964844,398.6461181640625,7401793
2023-05-10,407.8500061035156,409.29998779296875,402.5,408.29998779296875,401.2503662109375,3823364
2023-05-11,410.0,415.0,406.20001220703125,412.20001220703125,405.0830383300781,5043085
2023-05-12,411.0,414.75,407.1000061035156,410.0,402.9210205078125,5365495
2023-05-15,411.0,411.5,403.1000061035156,406.6000061035156,399.5797424316406,2396533
2023-05-16,405.0,409.79998779296875,399.79998779296875,400.8999938964844,393.9781188964844,3189110
2023-05-17,400.0,407.0,399.29998779296875,406.29998779296875,399.284912109375,4399478
2023-05-18,408.0,408.79998779296875,395.5,399.04998779296875,392.1600646972656,4266534
2023-05-19,399.04998779296875,406.0,395.6499938964844,403.1499938964844,396.18927001953125,4401094
2023-05-22,405.5,433.70001220703125,405.0,423.8999938964844,416.5810546875,17691079
2023-05-23,428.79998779296875,440.95001220703125,424.45001220703125,427.29998779296875,419.92230224609375,18654251
2023-05-24,428.1000061035156,430.0,419.6000061035156,422.29998779296875,415.0086364746094,6096592
2023-05-25,421.0,424.6499938964844,415.70001220703125,419.20001220703125,411.9621887207031,4130074
2023-05-26,421.3999938964844,425.6499938964844,417.5,424.54998779296875,417.2197570800781,3769455
2023-05-29,426.8999938964844,430.8999938964844,422.75,427.0,419.6274719238281,7799828
2023-05-30,427.0,432.95001220703125,425.3500061035156,430.8999938964844,423.4601745605469,3733902
2023-05-31,430.3999938964844,430.79998779296875,420.8500061035156,423.6000061035156,416.2862243652344,6180317
2023-06-01,425.0,431.25,424.0,429.25,421.8386535644531,3422014
2023-06-02,431.45001220703125,440.0,431.45001220703125,438.04998779296875,430.4866943359375,5425758
2023-06-05,440.04998779296875,441.6499938964844,437.04998779296875,439.04998779296875,431.469482421875,3391422
2023-06-06,441.79998779296875,460.95001220703125,440.0,459.1499938964844,451.2223815917969,15043392
2023-06-07,461.0,461.5,452.5,455.75,447.881103515625,4545088
2023-06-08,456.0,460.0,445.8500061035156,451.70001220703125,443.90106201171875,4925548
2023-06-09,452.0,458.1499938964844,451.0,455.70001220703125,447.8320007324219,4370589
2023-06-12,456.0,458.3999938964844,453.45001220703125,456.29998779296875,448.421630859375,2768142
2023-06-13,457.5,463.79998779296875,455.54998779296875,458.95001220703125,451.02587890625,2313541
2023-06-14,460.25,465.5,459.3999938964844,464.6000061035156,456.5783386230469,4260531
2023-06-15,466.0,468.8999938964844,457.04998779296875,458.3500061035156,450.4362487792969,2606044
2023-06-16,461.3999938964844,465.6000061035156,457.0,460.8999938964844,452.9421691894531,4270855
2023-06-19,460.8999938964844,464.04998779296875,449.25,452.8500061035156,445.03118896484375,2390979
2023-06-20,453.5,455.6000061035156,446.6000061035156,448.95001220703125,441.19854736328125,3007712
2023-06-21,449.0,452.3500061035156,444.6000061035156,448.1000061035156,440.3631896972656,2653187
2023-06-22,449.3999938964844,452.95001220703125,441.75,444.8500061035156,437.1693115234375,2318198
2023-06-23,445.0,445.0,424.0,425.79998779296875,418.4482116699219,4859137
2023-06-26,425.75,433.8999938964844,419.29998779296875,432.04998779296875,424.5903015136719,3401951
2023-06-27,434.0,440.6499938964844,433.1499938964844,433.8500061035156,426.3592529296875,3022273
2023-06-28,435.3999938964844,441.79998779296875,431.8500061035156,434.25,426.7523498535156,6405277
2023-06-30,436.0,441.0,425.0,425.8999938964844,418.5465087890625,6318237
2023-07-03,428.3999938964844,437.20001220703125,428.0,435.8500061035156,428.32470703125,3025642
2023-07-04,436.45001220703125,438.8999938964844,431.1000061035156,432.70001220703125,425.2290954589844,1585173
2023-07-05,433.3999938964844,434.70001220703125,426.70001220703125,432.3999938964844,424.93426513671875,2057486
2023-07-06,432.0,435.20001220703125,429.54998779296875,431.5,424.0498046875,2151838
2023-07-07,430.0,430.70001220703125,416.5,417.8999938964844,413.0779113769531,3734746
2023-07-10,419.0,424.8500061035156,412.04998779296875,419.5,414.659423828125,3524816
2023-07-11,421.0,422.25,418.45001220703125,419.75,414.90655517578125,2512215
2023-07-12,420.0,423.0,415.0,421.54998779296875,416.68572998046875,2231762
2023-07-13,421.54998779296875,422.6499938964844,414.6499938964844,416.8999938964844,412.0894470214844,2744632
2023-07-14,416.8999938964844,419.20001220703125,414.04998779296875,416.6000061035156,411.7928771972656,7579025
2023-07-17,418.0,422.6000061035156,415.04998779296875,416.6000061035156,411.7928771972656,5100742
2023-07-18,416.95001220703125,424.70001220703125,414.29998779296875,416.20001220703125,411.39752197265625,3809061
2023-07-19,417.6000061035156,421.0,416.20001220703125,419.29998779296875,414.46173095703125,2260225
2023-07-20,420.04998779296875,423.54998779296875,418.54998779296875,420.8999938964844,416.0432434082031,2876080
2023-07-21,419.3999938964844,419.5,415.29998779296875,416.1000061035156,411.29864501953125,1990506
2023-07-24,417.0,428.79998779296875,415.45001220703125,422.75,417.8719482421875,3203223
2023-07-25,423.1499938964844,441.8999938964844,423.1499938964844,440.1000061035156,435.0217590332031,6432788
2023-07-26,443.70001220703125,448.3500061035156,436.70001220703125,443.5,438.38250732421875,5027847
2023-07-27,444.29998779296875,455.0,438.6499938964844,449.75,444.5603942871094,4479151
2023-07-28,455.0,456.6499938964844,448.04998779296875,454.79998779296875,449.5520935058594,4573656
2023-07-31,455.0,468.79998779296875,454.79998779296875,463.0,457.65753173828125,5162855
2023-08-01,464.0,468.3500061035156,452.6499938964844,461.54998779296875,456.2242126464844,3111674
2023-08-02,462.0,469.3500061035156,450.0,460.8999938964844,455.58172607421875,8819107
2023-08-03,465.0,481.1499938964844,458.45001220703125,474.3500061035156,468.8765563964844,12633488
2023-08-04,477.0,477.5,470.1000061035156,471.75,466.3065185546875,2994518
2023-08-07,473.3999938964844,476.0,468.75,474.1000061035156,468.62939453125,2245398
2023-08-08,474.95001220703125,476.0,456.25,466.20001220703125,460.820556640625,5371066
2023-08-09,466.20001220703125,466.75,460.5,462.6499938964844,457.3115234375,2483919
2023-08-10,463.04998779296875,465.8500061035156,454.70001220703125,457.20001220703125,451.9244384765625,2526713
2023-08-11,457.5,463.3999938964844,454.0,456.3999938964844,451.1336364746094,2572588
2023-08-14,450.54998779296875,452.5,437.6499938964844,440.95001220703125,435.8619384765625,4208119
2023-08-16,440.29998779296875,440.29998779296875,432.1000061035156,437.20001220703125,432.1552429199219,1740262
2023-08-17,437.3999938964844,447.0,433.6499938964844,446.0,440.8536376953125,2130151
2023-08-18,445.95001220703125,460.95001220703125,439.79998779296875,453.04998779296875,447.822265625,4745941
2023-08-21,454.1000061035156,469.0,453.6000061035156,465.25,459.88153076171875,3554493
2023-08-22,468.25,470.6499938964844,462.3500061035156,463.79998779296875,458.4482421875,3093757
2023-08-23,464.5,466.79998779296875,450.1000061035156,453.29998779296875,448.06939697265625,3474824
2023-08-24,456.45001220703125,462.0,446.95001220703125,448.95001220703125,443.76959228515625,4316497
2023-08-25,448.20001220703125,448.29998779296875,430.1000061035156,434.6000061035156,429.585205078125,5518417
2023-08-28,439.20001220703125,444.5,432.1000061035156,438.8500061035156,433.7861633300781,3347943
2023-08-29,440.0,447.5,436.45001220703125,441.20001220703125,436.1090393066406,4051913
2023-08-30,444.70001220703125,445.5,440.20001220703125,444.04998779296875,438.9261169433594,2230876
2023-08-31,439.8500061035156,442.3500061035156,425.1000061035156,428.3999938964844,423.45672607421875,12006942
2023-09-01,427.54998779296875,437.3999938964844,425.5,433.8999938964844,428.89324951171875,3846763
2023-09-04,435.3500061035156,443.95001220703125,435.1499938964844,441.1499938964844,436.0596008300781,4347480
2023-09-05,441.29998779296875,444.45001220703125,437.5,440.20001220703125,435.1205749511719,2261743
2023-09-06,441.0,442.0,433.5,437.75,432.6988525390625,2410656
2023-09-07,437.95001220703125,440.6000061035156,435.20001220703125,439.45001220703125,434.3792419433594,2211370
2023-09-08,440.04998779296875,441.20001220703125,436.8999938964844,439.20001220703125,434.1321105957031,1913450
2023-09-11,439.25,453.3999938964844,439.25,450.8999938964844,445.69708251953125,5287778
2023-09-12,453.8999938964844,453.8999938964844,436.6499938964844,445.0,439.8652038574219,5467782
2023-09-13,447.0,449.95001220703125,440.3500061035156,443.8999938964844,438.7778625488281,2583760
2023-09-14,444.79998779296875,446.3999938964844,441.70001220703125,445.20001220703125,440.0628662109375,2000637
2023-09-15,445.0,448.1000061035156,442.5,445.04998779296875,439.91461181640625,2963506
2023-09-18,445.0,445.70001220703125,433.0,436.6499938964844,431.6115417480469,3707587
2023-09-20,436.5,438.3500061035156,425.04998779296875,428.1499938964844,423.2096252441406,2289507
2023-09-21,427.5,430.6000061035156,423.20001220703125,426.1000061035156,421.18328857421875,2680700
2023-09-22,426.0,428.5,418.04998779296875,420.95001220703125,416.0926818847656,2666687
2023-09-25,420.5,425.95001220703125,414.70001220703125,422.8999938964844,418.02020263671875,3913804
2023-09-26,423.29998779296875,434.0,422.45001220703125,429.75,424.7911682128906,6162665
2023-09-27,428.0,431.8500061035156,426.0,430.45001220703125,425.48309326171875,1952178
2023-09-28,431.0,431.5,418.6499938964844,419.8999938964844,415.0548095703125,3461405
2023-09-29,423.79998779296875,428.5,420.0,424.79998779296875,419.89825439453125,2835399
2023-10-03,424.04998779296875,434.3999938964844,422.5,432.20001220703125,427.212890625,2833284
2023-10-04,430.0,434.0,424.29998779296875,429.6499938964844,424.6922912597656,3214525
2023-10-05,430.0,434.8500061035156,428.75,432.8500061035156,427.8553771972656,1287179
2023-10-06,434.0,437.0,431.79998779296875,435.70001220703125,430.6725158691406,1547935
2023-10-09,430.1000061035156,437.5,427.5,430.20001220703125,425.2359924316406,4370429
2023-10-10,430.1499938964844,438.8500061035156,428.0,437.20001220703125,432.1552429199219,3288646
2023-10-11,438.8999938964844,447.0,438.0,445.1000061035156,439.96405029296875,3228077
2023-10-12,449.0,450.3500061035156,444.04998779296875,445.6000061035156,440.4582824707031,1700298
2023-10-13,444.5,445.79998779296875,438.8999938964844,439.8999938964844,434.82403564453125,950920
2023-10-16,439.0,444.79998779296875,438.95001220703125,443.25,438.1353759765625,1353905
2023-10-17,443.54998779296875,444.5,440.1000061035156,442.6499938964844,437.54229736328125,1043674
2023-10-18,442.3999938964844,444.0,431.5,433.0,428.003662109375,1919224
2023-10-19,432.54998779296875,440.04998779296875,430.1000061035156,437.45001220703125,432.4023132324219,1131689
2023-10-20,437.0,439.54998779296875,428.1000061035156,430.8500061035156,425.87847900390625,2066618
2023-10-23,432.75,432.75,411.6000061035156,415.95001220703125,411.150390625,1925177
2023-10-25,417.0,422.75,413.6000061035156,417.95001220703125,413.1273498535156,3289897
2023-10-26,414.6000061035156,422.5,407.75,416.29998779296875,411.4963684082031,2296586
2023-10-27,419.45001220703125,423.95001220703125,415.1000061035156,417.25,412.4353942871094,1693364
2023-10-30,420.20001220703125,423.6000061035156,416.0,421.95001220703125,417.0811767578125,1290400
2023-10-31,423.95001220703125,427.45001220703125,421.0,424.45001220703125,419.55230712890625,1078687
2023-11-01,425.5,425.5,404.04998779296875,406.6499938964844,401.95770263671875,5188883
2023-11-02,411.0,423.3999938964844,410.1499938964844,419.70001220703125,414.8571472167969,3289570
2023-11-03,421.0,423.95001220703125,417.25,420.8999938964844,416.0432434082031,1579359
2023-11-06,421.95001220703125,425.0,420.0,421.25,416.3892517089844,1061040
2023-11-07,421.79998779296875,423.3500061035156,418.1000061035156,419.54998779296875,414.7088317871094,662939
2023-11-08,421.6000061035156,426.0,419.20001220703125,421.0,416.14208984375,1055490
2023-11-09,422.3999938964844,423.54998779296875,415.95001220703125,418.29998779296875,413.4732666015625,882283
2023-11-10,418.75,419.8500061035156,415.45001220703125,418.1000061035156,413.27557373046875,1025880
2023-11-13,421.8500061035156,422.1499938964844,418.3999938964844,419.3999938964844,414.560546875,698694
2023-11-15,421.0,423.5,417.70001220703125,418.1499938964844,413.3249816894531,2736651
2023-11-16,420.0,420.6499938964844,417.0,419.8999938964844,415.0548095703125,1724084
2023-11-17,422.0,428.0,418.0,421.1000061035156,416.2409973144531,2116735
2023-11-20,421.1000061035156,424.25,418.20001220703125,421.5,416.6363525390625,1481395
2023-11-21,422.3999938964844,424.29998779296875,419.1000061035156,420.1499938964844,415.3019104003906,1003554
2023-11-22,420.0,421.20001220703125,413.25,414.25,409.47003173828125,1457858
2023-11-23,416.75,416.75,408.6000061035156,415.6000061035156,410.804443359375,1212949
2023-11-24,415.95001220703125,416.0,411.3500061035156,414.29998779296875,409.5194396972656,1929621
2023-11-28,421.0,435.45001220703125,417.25,431.20001220703125,426.22442626953125,7654493
2023-11-29,435.0,437.29998779296875,428.04998779296875,435.6499938964844,430.6230773925781,4081524
2023-11-30,436.0,443.0,430.70001220703125,439.25,434.1815490722656,6906477
2023-12-01,444.0,444.0,438.0,442.0,436.8998107910156,2478791
2023-12-04,460.0,475.79998779296875,453.25,474.54998779296875,469.0741882324219,13146040
2023-12-05,475.0,513.5,474.54998779296875,509.04998779296875,503.17608642578125,22838581
2023-12-06,515.0,523.6500244140625,499.5,501.1000061035156,495.3178405761719,13223984
2023-12-07,503.70001220703125,508.3999938964844,496.3500061035156,505.1000061035156,499.271728515625,3608185
2023-12-08,508.95001220703125,509.6000061035156,482.3500061035156,494.3500061035156,488.645751953125,4085720
2023-12-11,497.8999938964844,506.5,489.5,504.0,498.18438720703125,4277828
2023-12-12,506.04998779296875,510.5,497.75,501.3500061035156,495.5649719238281,3392736
2023-12-13,504.0,513.4000244140625,502.04998779296875,509.04998779296875,503.17608642578125,3481573
2023-12-14,514.7999877929688,523.4000244140625,511.8500061035156,520.25,514.2468872070312,5858223
2023-12-15,523.7000122070312,529.4000244140625,514.5,522.4000244140625,516.3721313476562,5777967
2023-12-18,530.0,532.5,524.2999877929688,525.6500244140625,519.5845947265625,2875095
2023-12-19,528.4000244140625,530.5499877929688,517.0,522.3499755859375,516.3226318359375,2762093
2023-12-20,524.0,526.2999877929688,486.0,490.45001220703125,484.790771484375,5434428
2023-12-21,481.0,505.8999938964844,480.45001220703125,503.8999938964844,498.0855407714844,3610387
2023-12-22,505.1000061035156,510.3999938964844,498.25,503.79998779296875,497.9866638183594,2571515
2023-12-26,504.0,508.54998779296875,502.6499938964844,505.3500061035156,499.518798828125,1869260
2023-12-27,520.9500122070312,523.0,513.1500244140625,517.0,511.034423828125,5618393
2023-12-28,518.0,519.9500122070312,512.0499877929688,514.25,508.3161315917969,1945694
2023-12-29,514.5999755859375,522.4500122070312,511.6000061035156,520.9000244140625,514.8894653320312,2686563
2024-01-01,520.8499755859375,539.7000122070312,519.7999877929688,534.2999877929688,528.1347045898438,4251624
2024-01-02,537.0,537.0,518.5,530.9000244140625,524.7740478515625,2655551
2024-01-03,538.4500122070312,549.0,528.1500244140625,536.0999755859375,529.9140014648438,13711402
2024-01-04,538.3499755859375,554.5499877929688,536.75,549.4500122070312,543.1099853515625,6112049
2024-01-05,550.0,557.9000244140625,538.4000244140625,542.3499755859375,536.0918579101562,5130749
2024-01-08,544.25,544.25,526.9000244140625,530.2000122070312,524.08203125,3333769
2024-01-09,535.8499755859375,538.7999877929688,523.25,525.2000122070312,519.1398315429688,2741683
2024-01-10,528.7000122070312,528.7000122070312,518.25,526.1500244140625,520.0787963867188,1792977
2024-01-11,529.1500244140625,541.9500122070312,525.4000244140625,538.25,532.0391845703125,2505937
2024-01-12,543.0,544.75,531.0999755859375,532.4000244140625,526.2567138671875,2315342
2024-01-15,537.0,537.2000122070312,526.5,531.4500122070312,525.317626953125,1838608
2024-01-16,533.7999877929688,534.9500122070312,525.0,528.7000122070312,522.599365234375,2732941
2024-01-17,528.0,539.3499755859375,518.25,520.5499877929688,514.5433959960938,6229815
2024-01-18,522.6500244140625,526.9500122070312,509.0,524.1500244140625,518.1019287109375,2084710
2024-01-19,526.8499755859375,538.0,525.25,537.0999755859375,530.9024047851562,2661086
2024-01-23,543.7999877929688,543.7999877929688,517.0499877929688,525.0499877929688,518.9915161132812,2682760
2024-01-24,525.0499877929688,531.0,514.5,527.4500122070312,521.36376953125,3893697
2024-01-25,530.0,566.0,526.3499755859375,560.1500244140625,553.6865234375,8019238
2024-01-29,570.9000244140625,578.9000244140625,562.7999877929688,574.0999755859375,567.4755249023438,7828638
2024-01-30,574.2000122070312,583.9500122070312,568.0499877929688,570.8499755859375,564.2630004882812,4572466
2024-01-31,573.4000244140625,586.4500122070312,547.0,560.2999877929688,553.834716796875,13741694
2024-02-01,568.0,569.7999877929688,554.0499877929688,565.0499877929688,558.5299072265625,6228014
2024-02-02,570.6500244140625,572.25,554.5499877929688,557.4000244140625,550.96826171875,3263916
2024-02-05,560.0,563.1500244140625,551.0,555.0,548.5958862304688,2366641
2024-02-06,558.9500122070312,568.0,549.9500122070312,566.5999755859375,560.06201171875,2969565
2024-02-07,570.0,575.9500122070312,564.2999877929688,568.2000122070312,561.6436767578125,2248160
2024-02-08,570.0,571.25,559.6500244140625,563.3499755859375,556.8495483398438,2089376
2024-02-09,564.7000122070312,582.25,552.5499877929688,576.2000122070312,569.55126953125,6956624
2024-02-12,582.0999755859375,587.2000122070312,560.25,563.5,556.997802734375,3475737
2024-02-13,566.3499755859375,570.0,552.5,568.25,561.6930541992188,2529788
2024-02-14,560.1500244140625,573.3499755859375,559.6500244140625,570.9000244140625,564.3124389648438,2094616
2024-02-15,573.9000244140625,574.7999877929688,568.8499755859375,572.25,565.6468505859375,1240706
2024-02-16,573.2000122070312,590.6500244140625,573.0499877929688,585.0999755859375,578.3485717773438,9619487
2024-02-19,588.7999877929688,594.0,581.9000244140625,584.8499755859375,578.1014404296875,3141571
2024-02-20,584.8499755859375,590.0,579.4500122070312,588.7999877929688,582.005859375,1867263
2024-02-21,591.9000244140625,596.7000122070312,583.25,587.7999877929688,581.0174560546875,4209055
2024-02-22,593.0,595.0,583.0,592.75,585.9103393554688,1838366
2024-02-23,593.7999877929688,608.7000122070312,587.25,602.9500122070312,595.9925537109375,4824640
2024-02-26,602.9500122070312,615.25,602.5999755859375,608.5999755859375,601.5773315429688,5715227
2024-02-27,607.9500122070312,612.5,599.0,603.3499755859375,596.3880004882812,3604237
2024-02-28,603.9000244140625,606.0,585.0999755859375,589.25,582.4507446289062,2831925
2024-02-29,589.25,609.7000122070312,584.0,605.9000244140625,598.9086303710938,3263796
2024-03-01,608.0999755859375,620.0,607.0,617.5999755859375,610.4735717773438,4011709
2024-03-04,621.25,621.75,612.5499877929688,617.1500244140625,610.02880859375,1878206
2024-03-05,625.0,625.0,610.7999877929688,613.0999755859375,606.0254516601562,2430074
2024-03-06,612.9500122070312,613.6500244140625,595.5,598.2999877929688,591.3963012695312,4127035
2024-03-07,598.2999877929688,606.5999755859375,596.5,603.1500244140625,596.1903686523438,2393414
2024-03-11,604.9000244140625,612.4000244140625,600.2000122070312,602.0499877929688,595.10302734375,2547145
2024-03-12,605.0,605.9000244140625,584.0499877929688,587.5499877929688,580.770263671875,2900178
2024-03-13,589.3499755859375,590.3499755859375,550.7999877929688,559.25,552.796875,5946259
2024-03-14,555.5,584.7000122070312,551.7000122070312,582.4500122070312,575.7291870117188,3200499
2024-03-15,583.7999877929688,603.8499755859375,575.8499755859375,600.75,593.8179931640625,3693325
2024-03-18,595.0,595.0,582.2000122070312,584.6500244140625,577.9037475585938,6348109
2024-03-19,582.0,588.5999755859375,572.5499877929688,580.2999877929688,573.6039428710938,2021483
2024-03-20,581.3499755859375,587.5,566.5999755859375,576.3499755859375,569.6995239257812,1678012
2024-03-21,580.0,590.9000244140625,580.0,587.2000122070312,580.42431640625,1977799
2024-03-22,588.0,594.7000122070312,581.5499877929688,589.3499755859375,582.549560546875,1818091
2024-03-26,589.3499755859375,600.4000244140625,586.5,595.0499877929688,588.1837768554688,2175165
2024-03-27,598.0,610.0,596.9500122070312,601.5,594.559326171875,5070366
2024-03-28,607.5,617.0,602.25,612.3499755859375,605.2841186523438,3861492
2024-04-01,619.4000244140625,626.6500244140625,613.2999877929688,621.5,614.3285522460938,3976554
2024-04-02,622.0,637.0999755859375,619.6500244140625,634.7000122070312,627.3762817382812,4503263
2024-04-03,632.0,640.2999877929688,626.5,634.9500122070312,627.6233520507812,4389047
2024-04-04,640.0,640.7999877929688,623.5999755859375,624.7000122070312,617.4916381835938,2100754
2024-04-05,624.75,633.25,618.2000122070312,627.2000122070312,619.9628295898438,2386291
2024-04-08,627.2000122070312,634.5,622.0999755859375,630.5499877929688,623.2741088867188,2965491
2024-04-09,631.4000244140625,633.9500122070312,618.5499877929688,623.0999755859375,615.9100952148438,2431726
2024-04-10,620.4000244140625,628.75,620.4000244140625,625.6500244140625,618.4307861328125,1293786
2024-04-12,623.5,630.2999877929688,605.5999755859375,608.8499755859375,601.8245239257812,4161320
2024-04-15,600.0,615.5999755859375,593.4500122070312,606.8499755859375,599.8475952148438,2647237
2024-04-16,604.9500122070312,622.0,601.25,617.5499877929688,610.4241333007812,1983635
2024-04-18,637.7999877929688,637.7999877929688,611.0,615.25,608.1506958007812,4944023
2024-04-19,612.0,614.1500244140625,601.0499877929688,609.6500244140625,602.6153564453125,2001911
2024-04-22,616.0,621.0999755859375,613.0999755859375,616.2999877929688,609.1885375976562,1566507
2024-04-23,621.25,639.0,618.75,636.5499877929688,629.2048950195312,3751042
2024-04-24,641.0,646.7999877929688,635.0999755859375,644.4500122070312,637.0137329101562,4701815
2024-04-25,644.0,649.0,629.2000122070312,638.3499755859375,630.984130859375,3367321
2024-04-26,642.0,642.0,630.0999755859375,632.3499755859375,625.0533447265625,1663147
2024-04-29,638.0,638.2999877929688,625.0999755859375,629.6500244140625,622.3845825195312,2217374
2024-04-30,634.0,634.0,616.25,619.9000244140625,612.7471313476562,5514688
2024-05-02,615.0,630.9000244140625,609.1500244140625,625.7000122070312,618.4801025390625,6286712
2024-05-03,629.5,634.4500122070312,616.2999877929688,622.4500122070312,615.2676391601562,2566478
2024-05-06,625.0499877929688,625.75,599.8499755859375,607.4500122070312,600.4407348632812,3525659
2024-05-07,610.7000122070312,612.2000122070312,588.7999877929688,593.9500122070312,587.0964965820312,2548462
2024-05-08,590.9500122070312,601.0,588.0,594.5499877929688,587.6895141601562,2526772
2024-05-09,596.0,596.1500244140625,572.0,574.2999877929688,567.6731567382812,2481928
2024-05-10,576.0,586.0,573.2999877929688,581.7999877929688,575.0866088867188,3039660
2024-05-13,584.0499877929688,591.75,569.4000244140625,588.2000122070312,581.412841796875,2203837
2024-05-14,587.0999755859375,616.9500122070312,587.0,610.2000122070312,603.1589965820312,3537595
2024-05-15,612.0,618.25,609.9000244140625,613.25,606.1737670898438,1479399
2024-05-16,613.0999755859375,616.4500122070312,606.2000122070312,615.4000244140625,608.2990112304688,2013842
2024-05-17,616.0,622.1500244140625,611.1500244140625,620.7000122070312,613.5377807617188,2065379
2024-05-21,620.9000244140625,634.75,613.2999877929688,631.7000122070312,624.410888671875,3811359
2024-05-22,631.7000122070312,635.75,621.6500244140625,633.0499877929688,625.7452392578125,2209062
2024-05-23,635.0,648.2999877929688,626.5999755859375,646.5,639.0401000976562,4718924
2024-05-24,648.0,656.9500122070312,627.3499755859375,635.2999877929688,627.9693603515625,4865705
2024-05-27,638.7000122070312,638.7000122070312,626.5999755859375,632.5,625.20166015625,1632214
2024-05-28,633.9000244140625,636.5,627.0,629.6500244140625,622.3845825195312,2482711
2024-05-29,626.5499877929688,633.5,620.4000244140625,630.0999755859375,622.8292846679688,1702062
2024-05-30,628.9500122070312,630.9500122070312,616.3499755859375,619.1500244140625,612.0057373046875,2485481
2024-05-31,625.0,639.8499755859375,622.6500244140625,634.0499877929688,626.7337646484375,3662225
2024-06-03,668.0,676.6500244140625,653.4500122070312,670.7999877929688,663.0596923828125,11189978
2024-06-04,670.7999877929688,670.9500122070312,518.3499755859375,556.5999755859375,550.1774291992188,20044195
2024-06-05,575.0,601.8499755859375,550.25,598.9000244140625,591.9893798828125,6564509
2024-06-06,608.0,622.25,603.75,610.0499877929688,603.0106201171875,3774112
2024-06-07,610.0499877929688,624.0,607.2999877929688,621.2999877929688,614.1309204101562,3023546
2024-06-10,626.0,643.0499877929688,624.0,640.3499755859375,632.9609985351562,4340712
2024-06-11,645.9000244140625,650.0,637.5999755859375,639.75,632.3680419921875,2706589
2024-06-12,644.75,675.75,638.0,668.7000122070312,660.98388671875,5320428
2024-06-13,678.7000122070312,680.4500122070312,654.6500244140625,664.5,656.8323364257812,8012245
2024-06-14,689.0,689.0,672.2000122070312,677.2000122070312,671.4066162109375,15699653
2024-06-18,682.9500122070312,682.9500122070312,670.2999877929688,674.0999755859375,668.3331909179688,2670571
2024-06-19,674.6500244140625,675.2999877929688,654.2999877929688,666.7999877929688,661.0956420898438,3104511
2024-06-20,666.0,669.5,657.0499877929688,659.1500244140625,653.5111083984375,2840525
2024-06-21,659.1500244140625,667.9500122070312,653.0,657.4500122070312,651.8256225585938,3723454
2024-06-24,655.0499877929688,662.4500122070312,643.25,657.75,652.123046875,2151184
2024-06-25,662.4000244140625,666.5499877929688,644.0,648.7999877929688,643.2495727539062,2786086
2024-06-26,648.7999877929688,665.9000244140625,648.0499877929688,657.0499877929688,651.4290771484375,4247865
2024-06-27,658.0,678.1500244140625,652.4500122070312,660.6500244140625,654.9982299804688,6564930
2024-06-28,666.0,674.9500122070312,660.0,670.25,664.51611328125,3948035
2024-07-01,668.0,701.7999877929688,664.0499877929688,695.0,689.0543823242188,6820204
2024-07-02,696.9500122070312,706.9500122070312,679.2999877929688,692.3499755859375,686.427001953125,5783589
2024-07-03,695.0,699.4000244140625,687.6500244140625,692.7000122070312,686.7741088867188,1357858
2024-07-04,693.2999877929688,694.6500244140625,671.75,682.0999755859375,676.2647094726562,4072206
2024-07-05,682.0999755859375,691.0,677.0,686.0,680.13134765625,4592446
2024-07-08,686.4500122070312,688.5499877929688,679.2000122070312,683.5499877929688,677.7023315429688,2099399
2024-07-09,682.0,688.0,671.4000244140625,677.6500244140625,671.8528442382812,2756185
2024-07-10,680.0,681.6500244140625,656.2000122070312,665.0,659.31103515625,7590766
2024-07-11,680.0,687.9500122070312,672.5999755859375,679.1500244140625,673.3399658203125,6139579
2024-07-12,680.5,682.4500122070312,673.75,676.5,670.712646484375,1807744
2024-07-15,686.5499877929688,690.4500122070312,681.5,684.2000122070312,678.3468017578125,2184021
2024-07-16,689.4500122070312,692.0,683.25,685.3499755859375,679.4869384765625,2484802
2024-07-18,685.3499755859375,692.4500122070312,679.0,690.25,684.344970703125,3034365
2024-07-19,691.0499877929688,692.4500122070312,670.4000244140625,677.9000244140625,672.1007080078125,2613915
2024-07-22,677.8499755859375,688.5999755859375,673.75,687.0999755859375,681.2219848632812,3014997
2024-07-23,688.0,695.0,662.5999755859375,691.3499755859375,685.4356079101562,4681258
2024-07-24,691.3499755859375,693.0,680.0999755859375,682.4000244140625,676.5621948242188,1157565
2024-07-25,678.0999755859375,685.0,672.5,675.9000244140625,670.1177978515625,1226783
2024-07-26,676.0499877929688,691.4500122070312,676.0499877929688,686.4000244140625,680.5279541015625,1914855
2024-07-29,692.0,693.5,671.0,679.8499755859375,674.0339965820312,3176753
2024-07-30,679.8499755859375,681.0499877929688,671.2000122070312,674.4500122070312,668.68017578125,1526425
2024-07-31,677.75,686.6500244140625,672.3499755859375,679.9500122070312,674.1331787109375,5007055
2024-08-01,680.0,681.0,655.0,664.0,658.319580078125,7613696
2024-08-02,661.0,662.2999877929688,648.5999755859375,652.7999877929688,647.2153930664062,3552731
2024-08-05,647.0,650.5499877929688,633.75,636.1500244140625,630.7078247070312,3071394
2024-08-06,638.0999755859375,649.0,622.9500122070312,625.5499877929688,620.1985473632812,2519055
2024-08-07,634.0,648.0,633.5499877929688,643.2999877929688,637.796630859375,2259244
2024-08-08,644.9500122070312,645.25,637.0999755859375,638.5,633.0377807617188,1121594
2024-08-09,645.0,645.5,630.0999755859375,632.0,626.5933227539062,2605583
2024-08-12,621.0999755859375,641.0,617.75,635.4500122070312,630.0138549804688,3209718
2024-08-13,635.2999877929688,638.9500122070312,622.0999755859375,624.4000244140625,619.058349609375,1379099
2024-08-14,626.5,628.9000244140625,617.5,623.2000122070312,617.8685913085938,930171
2024-08-16,625.0,641.9500122070312,623.4500122070312,640.5,635.0206298828125,958226
2024-08-19,643.0,643.6500244140625,632.2000122070312,633.7000122070312,628.27880859375,938492
2024-08-20,636.0,639.4500122070312,624.6500244140625,626.4500122070312,621.0908203125,1390850
2024-08-21,627.0,631.75,624.7999877929688,629.25,623.8668823242188,1038309
2024-08-22,629.4500122070312,639.5,622.4500122070312,631.7999877929688,626.39501953125,5299763
2024-08-23,656.0,660.0,631.5999755859375,633.5999755859375,628.1796264648438,14351644
2024-08-26,638.9500122070312,639.9000244140625,625.4000244140625,627.6500244140625,622.2805786132812,3688932
2024-08-27,628.7999877929688,629.8499755859375,622.0499877929688,624.4500122070312,619.10791015625,2374774
2024-08-28,626.0499877929688,627.25,615.0999755859375,616.4000244140625,611.1268310546875,2570418
2024-08-29,617.7000122070312,619.0,600.7000122070312,612.5,607.2601928710938,6301579
2024-08-30,612.6500244140625,621.6500244140625,609.4000244140625,617.0499877929688,611.771240234375,3540177
2024-09-02,620.0,624.2000122070312,616.2999877929688,620.4000244140625,615.0925903320312,2224671
2024-09-03,622.25,622.5,614.1500244140625,617.7999877929688,612.5147705078125,2546441
2024-09-04,615.0,629.0,612.5999755859375,627.0999755859375,621.7352294921875,2347174
2024-09-05,628.9500122070312,636.75,627.4000244140625,631.8499755859375,626.444580078125,2834101
2024-09-06,627.0,631.0,620.2999877929688,623.25,617.9181518554688,2085086
2024-09-09,622.9000244140625,631.5,614.75,630.1500244140625,624.7591552734375,1675042
2024-09-10,630.1500244140625,631.0,623.7000122070312,627.0499877929688,621.6856689453125,1466555
2024-09-11,627.0,632.0,620.6500244140625,623.0,617.6702880859375,1659410
2024-09-12,626.0999755859375,629.7000122070312,620.5999755859375,628.1500244140625,622.7763061523438,1052634
2024-09-13,628.1500244140625,635.75,625.5,629.5999755859375,624.2138671875,1898585
2024-09-16,631.0,633.8499755859375,626.25,627.2999877929688,621.9335327148438,737033
2024-09-17,625.9500122070312,627.4000244140625,620.7000122070312,623.0,617.6702880859375,1091216
2024-09-18,623.0,626.0,615.0,620.0999755859375,614.7951049804688,736543
2024-09-19,624.0,624.0,598.0,608.4000244140625,603.1952514648438,2512582
2024-09-20,611.0,618.7999877929688,607.0499877929688,616.5499877929688,611.2755126953125,1799104
2024-09-23,620.0,624.0,617.0999755859375,622.0499877929688,616.7284545898438,1601273
2024-09-24,620.0,623.9000244140625,615.9000244140625,618.2999877929688,613.0105590820312,1309122
2024-09-25,618.2999877929688,619.5999755859375,610.0,616.0499877929688,610.77978515625,1456337
2024-09-26,616.0499877929688,627.0499877929688,610.8499755859375,625.1500244140625,619.8019409179688,1936586
2024-09-27,625.0,636.4500122070312,623.1500244140625,634.0,628.5762329101562,3874843
2024-09-30,634.0,643.2999877929688,628.0499877929688,632.5499877929688,627.1386108398438,4215188
2024-10-01,630.2000122070312,634.75,623.0,632.4500122070312,627.0394897460938,1508022
2024-10-03,623.0,633.0,613.0499877929688,617.4500122070312,612.1677856445312,1552493
2024-10-04,615.4500122070312,622.0,604.5999755859375,610.7000122070312,605.4755859375,1538542
2024-10-07,615.0,619.3499755859375,586.6500244140625,590.3499755859375,585.2996215820312,3195158
2024-10-08,588.7000122070312,610.4000244140625,584.4500122070312,606.4000244140625,601.2123413085938,3481559
2024-10-09,610.0,617.4000244140625,605.75,607.9500122070312,602.7490844726562,3148946
2024-10-10,610.7999877929688,613.4500122070312,582.0,585.25,580.2432861328125,6417410
2024-10-11,588.9500122070312,592.7999877929688,583.0499877929688,585.2000122070312,580.1937255859375,1939238
2024-10-14,587.9500122070312,590.7999877929688,583.4000244140625,588.9000244140625,583.862060546875,1202564
2024-10-15,590.2000122070312,597.0,586.5499877929688,590.3499755859375,585.2996215820312,1805205
2024-10-16,590.3499755859375,594.4500122070312,576.4000244140625,589.0499877929688,584.0107421875,20191089
2024-10-17,588.0,595.7999877929688,569.2999877929688,571.25,566.363037109375,3483057
2024-10-18,571.5,577.4000244140625,558.9500122070312,573.9500122070312,569.0399780273438,5208678
2024-10-21,574.2999877929688,577.9000244140625,566.2999877929688,571.9000244140625,567.0075073242188,3650658
2024-10-22,569.0,583.25,556.0999755859375,558.5,553.7221069335938,5527745
2024-10-23,561.0,564.5499877929688,551.7000122070312,555.8499755859375,551.0947265625,4336713
2024-10-24,557.0,562.5499877929688,553.5,558.9000244140625,554.1187133789062,1330005
2024-10-25,556.0499877929688,561.0,545.2000122070312,552.7000122070312,547.9718017578125,1607719
2024-10-28,552.7000122070312,582.25,547.0499877929688,569.4000244140625,564.5288696289062,6419282
2024-10-29,570.0,576.25,566.6500244140625,575.0,570.0809936523438,2417223
2024-10-30,574.9000244140625,585.75,570.4500122070312,579.7000122070312,574.7407836914062,2364199
2024-10-31,579.7000122070312,586.7999877929688,574.3499755859375,580.5499877929688,575.5834350585938,2016146
2024-11-01,582.9500122070312,585.5,580.0499877929688,582.4500122070312,577.4672241210938,216563
2024-11-04,579.9500122070312,580.7000122070312,566.0,571.4000244140625,566.5117797851562,1059806
2024-11-05,571.0,575.0,565.3499755859375,572.0,567.1066284179688,625470
2024-11-06,572.0,585.0,572.0,582.6500244140625,577.6655883789062,1682970
2024-11-07,584.2000122070312,585.0499877929688,569.4000244140625,570.7000122070312,565.8177490234375,822608
2024-11-08,574.7000122070312,574.7000122070312,561.5,564.9000244140625,560.0673828125,901220
2024-11-11,564.0,567.7999877929688,558.5499877929688,560.4000244140625,555.6058959960938,745179
2024-11-12,561.9500122070312,565.5,554.5,556.5999755859375,551.83837890625,761972
2024-11-13,554.0,558.25,541.25,545.3499755859375,540.6846313476562,838603
2024-11-14,545.3499755859375,552.2999877929688,541.0499877929688,544.5,539.8418579101562,1535042
2024-11-18,541.0,555.0,537.9000244140625,550.5499877929688,545.840087890625,1707792
2024-11-19,551.0499877929688,560.3499755859375,546.9000244140625,549.5499877929688,544.8486938476562,1267125
2024-11-21,494.6000061035156,500.0,453.04998779296875,484.1499938964844,480.0081787109375,38274180
2024-11-22,477.1499938964844,514.8499755859375,477.1499938964844,499.8500061035156,495.5738525390625,11645446
2024-11-25,513.5,514.2999877929688,503.20001220703125,504.95001220703125,500.6302490234375,5805213
2024-11-26,507.29998779296875,508.29998779296875,491.70001220703125,493.70001220703125,489.47650146484375,4602794
2024-11-27,497.0,523.5,489.04998779296875,515.0,510.5942687988281,8458453
2024-11-28,518.5,522.5499877929688,510.6499938964844,513.0,508.6113586425781,6194006
2024-11-29,515.5,535.7000122070312,513.5,531.5,526.9530639648438,6608627
2024-12-02,532.0,541.0,530.0499877929688,538.7999877929688,534.1906127929688,3153526
2024-12-03,541.0999755859375,571.9500122070312,539.0,566.5499877929688,561.7032470703125,5596923
2024-12-04,572.7000122070312,572.7000122070312,560.4000244140625,564.7000122070312,559.8690795898438,1530852
2024-12-05,569.0,573.3499755859375,563.4000244140625,571.0999755859375,566.2142944335938,3051624
2024-12-06,571.7000122070312,573.5499877929688,564.5,565.2999877929688,560.4639282226562,855417
2024-12-09,568.0,576.75,565.0,571.2999877929688,566.4126586914062,1156965
2024-12-10,571.75,574.5499877929688,566.0999755859375,573.5,568.5938110351562,1086901
2024-12-11,578.0,584.2000122070312,575.4500122070312,578.4500122070312,573.50146484375,2670785
2024-12-12,578.0,579.7000122070312,570.2000122070312,571.75,566.8587646484375,2304456
2024-12-13,570.0,574.9500122070312,564.0499877929688,572.75,567.8502197265625,2266790
2024-12-16,573.25,578.75,571.8499755859375,576.9500122070312,572.0143432617188,1121729
2024-12-17,576.0,578.5,569.5499877929688,571.0999755859375,566.2142944335938,1085240
2024-12-18,577.0,579.0,563.0999755859375,564.5499877929688,559.7203369140625,1635003
2024-12-19,555.75,564.4000244140625,553.6500244140625,563.2999877929688,558.4810180664062,1365391
2024-12-20,563.5,569.5999755859375,547.0,548.7999877929688,544.1050415039062,2113009
2024-12-23,551.0,554.5,547.25,550.6500244140625,545.9392700195312,832775
2024-12-24,552.0,557.0,542.0,543.0999755859375,538.4537963867188,978111
2024-12-26,544.0,550.75,540.4000244140625,548.7999877929688,544.1050415039062,1688865
2024-12-27,550.0,553.4500122070312,546.5,547.9500122070312,543.2623901367188,1167271
2024-12-30,548.0,558.9000244140625,541.4500122070312,544.5999755859375,539.9409790039062,3433945
2024-12-31,545.9500122070312,549.0499877929688,533.5,535.7999877929688,531.2162475585938,1065733
2025-01-01,537.0,542.0,530.5499877929688,538.5999755859375,533.9923095703125,844154
2025-01-02,544.0,550.7000122070312,538.5,549.8499755859375,545.1461181640625,2762768
2025-01-03,551.7999877929688,553.7000122070312,546.0499877929688,548.7000122070312,544.0059204101562,2142459
2025-01-06,547.6500244140625,548.0,526.0999755859375,529.9000244140625,525.3667602539062,3644057
2025-01-07,532.6500244140625,539.7000122070312,525.2999877929688,535.75,531.1666870117188,758887
2025-01-08,537.0,540.5499877929688,530.25,538.0499877929688,533.4470825195312,1397351
2025-01-09,539.0,539.9000244140625,522.1500244140625,525.25,520.756591796875,1332797
2025-01-10,522.0999755859375,523.9500122070312,508.45001220703125,511.25,506.8763427734375,1984355
2025-01-13,504.0,514.0,491.20001220703125,493.20001220703125,488.9807434082031,2284737
2025-01-14,494.1000061035156,517.4000244140625,494.1000061035156,515.3499755859375,510.9412536621094,1755495
2025-01-15,518.0,524.9000244140625,512.75,519.2999877929688,514.8574829101562,1765699
2025-01-16,534.0,543.0999755859375,528.2000122070312,540.1500244140625,535.5291137695312,4303187
2025-01-17,542.0,542.6500244140625,530.2000122070312,536.25,531.6624755859375,964325
2025-01-20,538.75,539.0999755859375,530.0,535.3499755859375,530.7701416015625,669217
2025-01-21,535.3499755859375,548.6500244140625,530.5499877929688,531.75,527.200927734375,2560552
2025-01-22,533.75,538.6500244140625,526.4000244140625,536.6500244140625,532.05908203125,1658282
2025-01-23,535.7999877929688,552.0,530.75,548.7999877929688,544.1050415039062,1841473
2025-01-24,551.9000244140625,561.9000244140625,547.0,551.7999877929688,547.0794067382812,3859868
2025-01-27,548.75,552.2000122070312,533.3499755859375,534.9000244140625,530.3240356445312,1868811
2025-01-28,539.9000244140625,550.9500122070312,526.1500244140625,543.1500244140625,538.50341796875,1310270
2025-01-29,543.0,551.0999755859375,518.0,522.0999755859375,517.6334838867188,11092387
2025-01-30,528.2999877929688,528.2999877929688,497.1000061035156,509.54998779296875,505.19085693359375,10002380
2025-01-31,511.0,518.2999877929688,509.54998779296875,512.7999877929688,508.4130554199219,2315032
2025-02-01,516.0,517.7000122070312,487.0,501.5,497.2097473144531,5527354
2025-02-03,500.0,500.0,486.54998779296875,495.1499938964844,490.9140625,4400205
2025-02-04,498.20001220703125,514.75,497.5,513.7000122070312,509.3053894042969,3229502
2025-02-05,516.9000244140625,526.3499755859375,512.25,521.7999877929688,517.3360595703125,1748997
2025-02-06,521.5,524.4500122070312,512.0,514.1500244140625,509.7515563964844,745901
2025-02-07,514.1500244140625,522.4500122070312,507.29998779296875,512.75,508.3634948730469,2084178
2025-02-10,517.0,519.9500122070312,504.04998779296875,506.75,502.4148254394531,2018861
2025-02-11,508.0,512.0999755859375,493.3500061035156,499.8999938964844,495.6234130859375,2784189
2025-02-12,502.0,505.6000061035156,481.29998779296875,501.1000061035156,496.81317138671875,1909072
2025-02-13,505.0,510.54998779296875,500.04998779296875,502.5,498.201171875,1036149
2025-02-14,502.75,508.1499938964844,483.79998779296875,489.5,485.3123779296875,2619355
2025-02-17,488.0,490.6499938964844,479.20001220703125,488.29998779296875,484.1226501464844,2529934
2025-02-18,491.8999938964844,493.45001220703125,474.1000061035156,486.75,482.5859069824219,2265606
2025-02-19,478.04998779296875,490.3999938964844,474.04998779296875,479.8999938964844,475.7945251464844,1721933
2025-02-20,480.04998779296875,484.29998779296875,477.6000061035156,482.8500061035156,478.71929931640625,1676642
2025-02-21,483.1000061035156,486.5,476.0,481.95001220703125,477.8269958496094,3329038
2025-02-24,477.0,478.8999938964844,469.0,470.3999938964844,466.37579345703125,2118594
2025-02-25,472.0,473.8500061035156,466.70001220703125,469.25,465.23565673828125,3465845
2025-02-27,470.0,472.8500061035156,459.1499938964844,469.79998779296875,465.7809143066406,4261863
2025-02-28,467.8999938964844,468.6499938964844,458.0,464.95001220703125,460.9724426269531,3502154
2025-03-03,465.0,474.1000061035156,455.0,471.79998779296875,467.7637939453125,2019207
2025-03-04,469.8999938964844,480.8500061035156,465.6499938964844,475.0,470.93646240234375,1247846
2025-03-05,474.04998779296875,493.0,474.0,491.1000061035156,486.8987121582031,2223913
2025-03-06,491.1499938964844,500.6499938964844,487.0,498.5,494.23541259765625,3280234
2025-03-07,497.5,505.3999938964844,491.95001220703125,499.79998779296875,495.5242614746094,1851476
2025-03-10,498.0,508.0,486.8999938964844,489.6000061035156,485.4115295410156,1626327
2025-03-11,485.0,497.04998779296875,480.1000061035156,495.54998779296875,491.3106384277344,1903051
2025-03-12,495.54998779296875,501.95001220703125,485.3999938964844,489.20001220703125,485.0149841308594,2004582
2025-03-13,491.8999938964844,493.6000061035156,484.3999938964844,485.79998779296875,481.64404296875,1626551
2025-03-17,488.0,494.75,486.1000061035156,490.54998779296875,486.3533935546875,2759538
2025-03-18,490.54998779296875,490.54998779296875,490.54998779296875,490.54998779296875,486.3533935546875,0
2025-03-19,498.0,508.75,498.0,507.04998779296875,502.7122497558594,1284144
2025-03-20,508.0,512.4500122070312,503.3999938964844,504.70001220703125,500.38238525390625,1239801
2025-03-21,505.0,517.0,505.0,514.5,510.0985412597656,4271244
2025-03-24,516.9000244140625,522.0,510.54998779296875,519.2999877929688,514.8574829101562,2892707
2025-03-25,530.0,538.6500244140625,518.1500244140625,520.5499877929688,516.0967407226562,6690237
2025-03-26,522.0,537.7000122070312,519.5499877929688,532.4500122070312,527.89501953125,4409160
2025-03-27,530.0499877929688,545.2999877929688,526.2000122070312,542.7999877929688,538.1563720703125,3250046
2025-03-28,544.9000244140625,552.0,536.2999877929688,538.3499755859375,533.7445068359375,1557007
2025-04-01,538.0,542.8499755859375,529.2000122070312,529.9000244140625,525.3667602539062,953159
2025-04-02,527.5999755859375,536.5499877929688,524.3499755859375,534.0499877929688,529.4813232421875,1395075
2025-04-03,530.6500244140625,544.2000122070312,530.5,540.7000122070312,536.0744018554688,857218
2025-04-04,540.5999755859375,543.9500122070312,525.5999755859375,528.2000122070312,523.6813354492188,1254580
2025-04-07,495.0,532.0,480.3500061035156,525.2000122070312,520.70703125,3055609
2025-04-08,535.0,539.0999755859375,527.4500122070312,536.7999877929688,532.207763671875,1899103
2025-04-09,536.7999877929688,552.2999877929688,531.1500244140625,547.7999877929688,543.1136474609375,4262270
2025-04-11,553.75,556.7999877929688,544.0,548.6500244140625,543.9563598632812,3541770
2025-04-15,555.0,559.2000122070312,550.25,558.0499877929688,553.2759399414062,2937116
2025-04-16,559.9500122070312,566.5,552.4000244140625,565.75,560.9100952148438,3073452
2025-04-17,565.75,571.0999755859375,562.1500244140625,569.7999877929688,564.9254760742188,2468247
2025-04-21,572.2999877929688,582.2999877929688,567.8499755859375,578.9000244140625,573.9476318359375,3429479
2025-04-22,580.0,584.7999877929688,575.0999755859375,577.9000244140625,572.9561767578125,4202944
2025-04-23,582.6500244140625,582.9000244140625,569.2999877929688,574.3499755859375,569.4364624023438,2666108
2025-04-24,574.3499755859375,580.0,568.4000244140625,572.0,567.1066284179688,4092552
2025-04-25,572.0,574.2000122070312,544.0,548.7000122070312,544.0059204101562,3491060
2025-04-28,548.8499755859375,552.8499755859375,541.0,544.9500122070312,540.2880249023438,2686840
2025-04-29,549.0,552.0999755859375,530.0999755859375,533.9500122070312,529.3821411132812,7512372
2025-04-30,540.0,546.2000122070312,533.0499877929688,539.7000122070312,535.0830078125,5851731
2025-05-02,537.5499877929688,542.5999755859375,527.25,528.4500122070312,523.92919921875,2360666
2025-05-05,535.7999877929688,549.6500244140625,529.5999755859375,541.4000244140625,536.7683715820312,8102588
2025-05-06,542.0,543.7000122070312,532.1500244140625,535.1500244140625,530.5718994140625,3127458
2025-05-07,532.7999877929688,538.3499755859375,526.2999877929688,535.2000122070312,530.6214599609375,4047668
2025-05-08,536.0,538.9500122070312,520.0499877929688,524.4000244140625,519.913818359375,3213287
2025-05-09,516.0,529.2999877929688,512.25,527.4500122070312,522.937744140625,1880094
2025-05-12,540.0,544.0999755859375,536.0,541.6500244140625,537.0162963867188,1225930
2025-05-13,542.2000122070312,542.9000244140625,534.2999877929688,536.9000244140625,532.3069458007812,3438632
2025-05-14,540.0,545.0,536.0499877929688,543.5999755859375,538.9495849609375,2627027
2025-05-15,543.9000244140625,549.0,539.2000122070312,547.5499877929688,542.8657836914062,3683829
2025-05-16,548.2000122070312,565.9000244140625,547.1500244140625,563.5,558.6793212890625,3560785
2025-05-19,566.0,569.5499877929688,559.3499755859375,565.5499877929688,560.7117919921875,2203178
2025-05-20,565.5999755859375,571.6500244140625,560.4000244140625,562.0499877929688,557.2417602539062,1767473
2025-05-21,562.0999755859375,570.4000244140625,561.0,567.7999877929688,562.9425659179688,1295557
2025-05-22,567.4500122070312,569.25,561.5999755859375,567.75,562.8930053710938,1559623
2025-05-23,567.75,576.0,566.25,570.9000244140625,566.0160522460938,1332383
2025-05-26,571.3499755859375,576.3499755859375,564.4000244140625,567.1500244140625,562.298095703125,1001361
2025-05-27,567.1500244140625,568.9000244140625,558.7999877929688,562.7000122070312,557.88623046875,1515100
2025-05-28,562.7000122070312,567.0,558.6500244140625,561.6500244140625,556.8451538085938,1014166
2025-05-29,561.9500122070312,563.7999877929688,555.7000122070312,561.4500122070312,556.6468505859375,1409636
2025-05-30,561.4500122070312,563.25,551.2999877929688,553.5,548.764892578125,2313117
2025-06-02,553.5499877929688,559.5499877929688,549.1500244140625,555.5499877929688,550.79736328125,1040982
2025-06-03,553.7999877929688,557.5,548.0999755859375,552.4000244140625,547.67431640625,1762419
2025-06-04,550.5999755859375,554.7999877929688,547.5,552.4500122070312,547.723876953125,3448423
2025-06-05,552.5,556.5,549.0,550.1500244140625,545.4435424804688,1079232
2025-06-06,551.25,557.2000122070312,549.2999877929688,555.1500244140625,550.4008178710938,2821698
2025-06-09,563.0,563.0,554.1500244140625,560.0,555.209228515625,3268930
2025-06-10,564.0,566.5,558.5,561.0999755859375,556.2998657226562,3239799
2025-06-11,562.5499877929688,567.0,556.5,561.25,556.4486083984375,2553077
2025-06-12,563.0,563.5999755859375,545.0999755859375,548.3499755859375,543.658935546875,1837409
2025-06-13,541.0,546.7000122070312,536.0499877929688,542.5,539.8279418945312,1348657
2025-06-16,543.9500122070312,552.9000244140625,537.2999877929688,550.1500244140625,547.4402465820312,1253497
2025-06-17,551.0,556.5999755859375,546.7999877929688,550.9000244140625,548.1865844726562,1406479
2025-06-18,552.6500244140625,553.1500244140625,543.7000122070312,545.0499877929688,542.3653564453125,568472
2025-06-19,545.0499877929688,546.4500122070312,531.0,532.7999877929688,530.1756591796875,1961693
2025-06-20,532.75,535.6500244140625,528.4500122070312,533.4500122070312,530.822509765625,2656096
2025-06-23,530.0,539.5,528.4500122070312,535.5499877929688,532.9121704101562,1012046
2025-06-24,539.0,562.7999877929688,539.0,554.2000122070312,551.4702758789062,5718874
2025-06-25,556.9000244140625,560.7000122070312,551.2999877929688,559.4000244140625,556.6447143554688,2448107
2025-06-26,562.0,569.4000244140625,558.9500122070312,566.75,563.95849609375,3048051
2025-06-27,569.5,579.75,565.0999755859375,574.9500122070312,572.1181030273438,3563465
2025-06-30,575.0499877929688,579.0499877929688,572.2000122070312,577.4500122070312,574.6057739257812,2003082
2025-07-01,582.0,587.7999877929688,578.5999755859375,580.25,577.3919677734375,2877528
2025-07-02,582.0,597.5999755859375,581.5499877929688,594.2000122070312,591.2733154296875,3821770
2025-07-03,596.4500122070312,597.2000122070312,585.3499755859375,588.75,585.85009765625,1598094
2025-07-04,588.75,601.75,588.75,595.75,592.8156127929688,2859715
2025-07-07,596.0,596.8499755859375,585.2999877929688,592.0,589.0841064453125,2012239
2025-07-08,591.7999877929688,592.9500122070312,580.0,591.5499877929688,588.6362915039062,2642993
2025-07-09,591.0,595.9500122070312,589.0,590.3499755859375,587.4421997070312,1963293
2025-07-10,594.0,594.8499755859375,580.0999755859375,585.4000244140625,582.5166625976562,3219282
2025-07-11,585.0999755859375,591.9000244140625,583.25,587.1500244140625,584.2579956054688,1938933
2025-07-14,586.75,591.4000244140625,584.5,590.1500244140625,587.2432250976562,1926899
2025-07-15,591.6500244140625,594.7999877929688,588.3499755859375,593.0999755859375,590.1786499023438,1498073
2025-07-16,593.0,597.25,586.0499877929688,595.5,592.56689453125,1804740
2025-07-17,595.4000244140625,595.8499755859375,589.5,594.5999755859375,591.6712646484375,1461633
2025-07-18,595.0,599.75,591.0,596.7000122070312,593.760986328125,2212883
2025-07-21,599.3499755859375,614.9000244140625,597.1500244140625,613.25,610.2294311523438,4226198
2025-07-22,615.0,624.9500122070312,613.7999877929688,620.5499877929688,617.4934692382812,5876411
2025-07-23,623.0,623.7000122070312,613.5,620.4000244140625,617.34423828125,1165692
2025-07-24,620.4000244140625,623.3499755859375,616.0,620.4000244140625,617.34423828125,1389419
2025-07-25,617.4000244140625,619.0,609.0,613.0999755859375,610.0801391601562,2413503
2025-07-28,611.9000244140625,619.9500122070312,606.2000122070312,611.0499877929688,608.040283203125,1834138
2025-07-29,610.0,612.4000244140625,602.6500244140625,610.0499877929688,607.045166015625,3278602
2025-07-30,612.9500122070312,620.75,609.0,617.8499755859375,614.8067626953125,2616022
2025-07-31,613.0,624.7999877929688,589.9000244140625,592.7000122070312,589.7807006835938,5782494
2025-08-01,594.8499755859375,615.3499755859375,588.75,607.9500122070312,604.95556640625,4599912
2025-08-04,609.75,615.0,603.7000122070312,605.25,602.2688598632812,1664433
2025-08-05,606.0,607.9500122070312,598.7000122070312,602.7000122070312,599.7314453125,795422
2025-08-06,605.0,606.8499755859375,588.1500244140625,589.9000244140625,586.9945068359375,1895039
2025-08-07,588.0,594.1500244140625,580.2000122070312,592.3499755859375,589.432373046875,1936155
2025-08-08,592.0,595.8499755859375,578.0,580.0,577.1431884765625,1252179
2025-08-11,580.1500244140625,591.2999877929688,580.0499877929688,588.8499755859375,585.9495849609375,839347
2025-08-12,591.6500244140625,591.6500244140625,585.5499877929688,587.1500244140625,584.2579956054688,1053756
2025-08-13,587.5,589.25,574.25,580.8499755859375,577.989013671875,2109517
2025-08-14,580.8499755859375,584.5,571.5499877929688,578.0499877929688,575.2028198242188,1974038
2025-08-18,595.0,605.4500122070312,589.2000122070312,590.0499877929688,587.1436767578125,4190190
2025-08-19,593.0,595.5499877929688,587.2999877929688,592.4000244140625,589.482177734375,1898159
2025-08-20,593.4500122070312,594.0999755859375,589.25,591.9000244140625,588.984619140625,1086467
2025-08-21,593.25,593.2999877929688,585.0499877929688,588.75,585.85009765625,1540533
2025-08-22,588.7999877929688,590.0,576.0,577.1500244140625,574.3072509765625,1671189
2025-08-25,581.0,582.0,577.8499755859375,581.0,578.1383056640625,1458400
2025-08-26,580.0,581.0,571.75,572.7999877929688,569.9786376953125,1527366
2025-08-28,569.5499877929688,569.9500122070312,559.5999755859375,561.7999877929688,559.0328369140625,1815158
2025-08-29,563.0,569.2000122070312,560.0,563.2000122070312,560.4259643554688,1166207
2025-09-01,565.2000122070312,569.9000244140625,563.4500122070312,567.0999755859375,564.3067016601562,1366250
2025-09-02,568.0999755859375,573.0,564.2999877929688,567.25,564.4559936523438,801958
2025-09-03,570.0,576.9500122070312,569.0499877929688,573.75,570.9240112304688,2203149
2025-09-04,590.0,596.2999877929688,566.0499877929688,567.7000122070312,564.90380859375,6090485
2025-09-05,572.0,572.7000122070312,562.5,566.7000122070312,563.9087524414062,923506
2025-09-08,570.0,577.3499755859375,565.0499877929688,570.2999877929688,567.490966796875,938525
2025-09-09,573.0,576.0,566.5,567.5999755859375,564.8042602539062,1107979
2025-09-10,570.0,572.5999755859375,566.4000244140625,566.8499755859375,564.0579833984375,1629387
2025-09-11,566.7999877929688,566.7999877929688,549.0,560.4000244140625,557.6397705078125,39018032
2025-09-12,563.0999755859375,568.0,559.7999877929688,560.5499877929688,557.7890014648438,3773680
2025-09-15,562.6500244140625,571.5,561.0,568.75,565.9486083984375,1812617
2025-09-16,575.75,578.4500122070312,570.5,573.6500244140625,570.8245239257812,2635252
2025-09-17,577.8499755859375,583.5,575.7000122070312,582.0499877929688,579.18310546875,5524985
2025-09-18,583.9000244140625,584.25,576.5,581.0,578.1383056640625,2063929
2025-09-19,588.0,588.5,578.2000122070312,582.4500122070312,579.5811767578125,3482230
2025-09-22,585.0,600.7999877929688,581.2000122070312,590.2999877929688,587.3924560546875,4982920
2025-09-23,591.9500122070312,594.6500244140625,579.1500244140625,591.5999755859375,588.68603515625,2989117
2025-09-24,589.0,598.3499755859375,581.6500244140625,582.6500244140625,579.7802124023438,2053504
2025-09-25,585.0,588.7999877929688,577.7999877929688,579.4000244140625,576.5462036132812,1932523
2025-09-26,580.75,581.7999877929688,564.0499877929688,565.2000122070312,562.4161376953125,1858418
2025-09-29,570.7999877929688,571.4500122070312,561.2000122070312,562.1500244140625,559.3811645507812,1344417
2025-09-30,562.75,573.2000122070312,562.75,569.9500122070312,567.1427001953125,1873402
2025-10-01,572.0,574.4000244140625,565.5,571.0999755859375,568.2870483398438,1195512
2025-10-03,573.9000244140625,579.9500122070312,570.2999877929688,576.1500244140625,573.3121948242188,2062648
2025-10-06,576.1500244140625,577.7999877929688,571.0,573.7999877929688,570.9737548828125,898456
2025-10-07,573.0,575.9000244140625,568.0999755859375,569.9500122070312,567.1427001953125,1122712
2025-10-08,569.9500122070312,571.7000122070312,556.2999877929688,566.2999877929688,563.5106811523438,1866324
2025-10-09,566.4000244140625,569.1500244140625,562.0499877929688,565.9000244140625,563.1126708984375,816362
2025-10-10,565.7999877929688,573.0,564.5,569.25,566.4461669921875,891468
2025-10-13,565.2000122070312,567.9500122070312,563.0,566.75,563.95849609375,1134328
2025-10-14,567.9000244140625,568.0999755859375,557.5499877929688,563.5999755859375,560.823974609375,975792
2025-10-15,563.3499755859375,569.0,563.3499755859375,567.0,564.207275390625,1377329
2025-10-16,569.5,573.4500122070312,566.5499877929688,569.7000122070312,566.8939819335938,1111183
2025-10-17,569.7000122070312,569.7000122070312,562.2999877929688,563.5999755859375,560.823974609375,931716
2025-10-20,570.0,570.0,560.5999755859375,565.5,562.7146606445312,950800
2025-10-21,569.0,569.2000122070312,565.7000122070312,567.5,564.7047729492188,166817
2025-10-23,570.4000244140625,574.5,563.0,564.3499755859375,561.5702514648438,2700038
2025-10-24,565.0,566.5999755859375,552.8499755859375,555.0,552.266357421875,1704636
2025-10-27,557.0999755859375,561.9000244140625,552.25,560.25,557.490478515625,2124784
2025-10-28,563.0,563.25,553.0,554.9000244140625,552.1668701171875,1487028
2025-10-29,555.0,575.0,555.0,571.75,568.933837890625,3787089
2025-10-30,574.0,574.25,565.0,567.9000244140625,565.1028442382812,928349
2025-10-31,567.9000244140625,571.25,563.25,565.4000244140625,562.6151733398438,1161448
2025-11-03,568.3499755859375,582.75,566.7000122070312,577.2000122070312,574.3569946289062,6022756
2025-11-04,582.7999877929688,588.75,565.9000244140625,567.4000244140625,564.6052856445312,4438364
2025-11-06,567.5499877929688,569.3499755859375,557.0999755859375,558.4000244140625,555.649658203125,1388630
2025-11-07,558.5,563.9500122070312,550.5499877929688,558.7999877929688,556.047607421875,1593499
2025-11-10,558.9500122070312,563.0,555.0499877929688,556.0999755859375,553.3609008789062,916236
2025-11-11,558.0,561.0999755859375,552.1500244140625,557.5499877929688,554.8037719726562,1177397
2025-11-12,560.0,570.0499877929688,557.1500244140625,562.5499877929688,559.7791748046875,1748539
2025-11-13,564.5,566.2000122070312,558.5,559.3499755859375,556.5949096679688,685786
2025-11-14,562.5,564.7999877929688,558.7000122070312,563.2000122070312,560.4259643554688,1082167
2025-11-17,564.7000122070312,565.4000244140625,559.25,560.2999877929688,557.5402221679688,618154
2025-11-18,568.0,568.0,556.75,557.7999877929688,555.0525512695312,904843
2025-11-19,557.4000244140625,561.0,554.5,555.2999877929688,552.5648803710938,847533
2025-11-20,562.0,562.0,555.0,555.75,553.0126342773438,1248817
2025-11-21,555.75,556.0499877929688,545.0,547.5499877929688,544.85302734375,1961101
2025-11-24,548.8499755859375,549.5,542.0499877929688,544.5999755859375,541.9175415039062,2247682
2025-11-25,547.0999755859375,548.3499755859375,543.5999755859375,545.8499755859375,543.161376953125,693469
2025-11-26,546.5,552.0,544.5499877929688,550.0,547.2909545898438,948636
2025-11-27,552.4500122070312,553.2999877929688,547.0,548.7000122070312,545.9973754882812,481061
2025-11-28,549.2999877929688,551.8499755859375,546.1500244140625,550.2000122070312,547.489990234375,602009
2025-12-01,551.4000244140625,551.7999877929688,542.9000244140625,543.3499755859375,540.6737060546875,766104
2025-12-02,544.9500122070312,547.0,541.0,543.0,540.325439453125,1754719
2025-12-03,546.9000244140625,546.9000244140625,533.6500244140625,535.3499755859375,532.713134765625,2219149
2025-12-04,535.5999755859375,543.5,527.5999755859375,536.9000244140625,534.2555541992188,2474836
2025-12-05,536.9000244140625,537.5,531.7999877929688,533.7999877929688,531.1707763671875,1243514
2025-12-08,534.7000122070312,540.5499877929688,526.5499877929688,528.9500122070312,526.3446655273438,1893815
2025-12-09,528.0999755859375,534.5,523.4000244140625,533.0499877929688,530.4244384765625,2139922
2025-12-10,533.0499877929688,536.5,528.6500244140625,529.7000122070312,527.0910034179688,904955
2025-12-11,529.6500244140625,537.3499755859375,525.4500122070312,536.0999755859375,533.4594116210938,2781951
2025-12-12,536.9000244140625,549.9500122070312,536.9000244140625,548.1500244140625,545.4501342773438,2488693
2025-12-15,547.75,556.2999877929688,542.9500122070312,553.4500122070312,550.7239990234375,1239318
2025-12-16,553.0,554.7999877929688,544.2000122070312,548.7000122070312,545.9973754882812,1901877
2025-12-17,547.0,549.9000244140625,539.5,541.2999877929688,538.6338500976562,518141
2025-12-18,540.0,542.2999877929688,534.6500244140625,535.7999877929688,533.160888671875,834090
2025-12-19,538.0,540.9000244140625,535.0999755859375,539.6500244140625,536.9920043945312,836741
2025-12-22,542.0,545.2000122070312,538.6500244140625,539.9500122070312,537.2904663085938,872083
2025-12-23,563.0,563.5,544.25,546.9000244140625,544.206298828125,9559898
2025-12-24,550.0,553.4000244140625,547.5999755859375,548.0999755859375,545.4003295898438,2136787
2025-12-26,549.9000244140625,555.0,548.2000122070312,554.6500244140625,551.9180908203125,1919198
2025-12-29,556.9000244140625,556.9000244140625,549.6500244140625,552.0999755859375,549.380615234375,1228806
2025-12-30,553.9000244140625,553.9000244140625,548.9500122070312,550.0,547.2909545898438,2305901
2025-12-31,551.9000244140625,556.9000244140625,550.0499877929688,556.3499755859375,553.6096801757812,1063795
2026-01-01,556.9000244140625,561.0,555.0999755859375,559.6500244140625,556.8934936523438,1568506
2026-01-02,560.0,566.5,558.1500244140625,565.4000244140625,562.6151733398438,1371653
2026-01-05,568.7000122070312,573.0999755859375,567.0499877929688,571.25,568.4363403320312,2369536
2026-01-06,572.0,572.0,561.3499755859375,563.5499877929688,560.7742309570312,1015560
2026-01-07,563.9500122070312,565.7999877929688,560.6500244140625,562.0,559.2318725585938,3920663
2026-01-08,562.0,562.0,545.1500244140625,546.7000122070312,544.0072631835938,1330617
2026-01-09,546.7000122070312,548.5,535.6500244140625,536.9500122070312,534.3052978515625,1242111
2026-01-12,536.9500122070312,540.2000122070312,528.5999755859375,538.7000122070312,536.046630859375,2484225
2026-01-13,540.0,545.2000122070312,533.5499877929688,537.6500244140625,535.0018310546875,1093928
2026-01-14,537.6500244140625,551.3499755859375,533.5,549.5499877929688,546.8432006835938,1736723
2026-01-15,549.5499877929688,549.5499877929688,549.5499877929688,549.5499877929688,546.8432006835938,0
2026-01-16,551.5,558.4500122070312,545.7000122070312,553.75,551.0225219726562,2077235
2026-01-19,551.2999877929688,555.4000244140625,546.9500122070312,552.1500244140625,549.430419921875,1523060
2026-01-20,552.1500244140625,554.3499755859375,534.9000244140625,536.2999877929688,533.658447265625,1184287
2026-01-21,534.0,545.0,531.2000122070312,538.6500244140625,535.9968872070312,1735277
2026-01-22,543.7999877929688,548.5,541.1500244140625,546.5999755859375,543.90771484375,1903090
2026-01-23,546.6500244140625,548.5,511.1000061035156,518.5999755859375,516.0455932617188,6489381
2026-01-27,526.6500244140625,535.9000244140625,524.0499877929688,532.25,529.62841796875,2374373
2026-01-28,533.9500122070312,539.0999755859375,531.0499877929688,533.9500122070312,531.320068359375,1738702
2026-01-29,535.0,538.3499755859375,528.7999877929688,536.0499877929688,533.40966796875,2837060
2026-01-30,536.0499877929688,536.0499877929688,507.8999938964844,510.1499938964844,507.63726806640625,6130082
2026-02-02,499.8500061035156,513.4500122070312,493.3500061035156,510.5,507.98553466796875,2967802
2026-02-03,533.0,540.5,519.5,528.25,525.6481323242188,3149032
2026-02-04,530.9000244140625,538.0,522.5499877929688,536.9500122070312,534.3052978515625,977308
2026-02-05,536.0,536.9500122070312,528.2000122070312,533.0499877929688,530.4244384765625,1363472
2026-02-06,530.0,531.5499877929688,524.0,529.4500122070312,526.8422241210938,554714
2026-02-09,533.8499755859375,544.8499755859375,530.3499755859375,542.4500122070312,539.7781982421875,1236310
2026-02-10,547.0,547.0,533.0,538.5,535.8475952148438,1575847
2026-02-11,540.7999877929688,542.25,535.0,541.25,538.5841064453125,1085688
2026-02-12,541.0,541.0,529.0,532.8499755859375,530.2254028320312,953137
2026-02-13,526.8499755859375,530.5,517.25,519.4500122070312,516.8914794921875,1297366
2026-02-16,520.0,526.4000244140625,513.2000122070312,524.7000122070312,522.1156005859375,705071
2026-02-17,523.7000122070312,528.5,520.8499755859375,522.0,519.4288940429688,2242675
2026-02-18,522.0,525.8499755859375,520.0499877929688,523.0,520.4239501953125,1773473
2026-02-19,522.0,526.3499755859375,510.79998779296875,512.1500244140625,509.62744140625,2535330
2026-02-20,512.1500244140625,517.7999877929688,508.6499938964844,512.0,509.4781494140625,2376908
2026-02-23,512.0,518.6500244140625,510.75,515.2999877929688,512.7619018554688,926117
2026-02-24,514.9500122070312,516.9500122070312,506.95001220703125,514.5,511.9658508300781,1586025
2026-02-25,514.75,518.5,507.3999938964844,511.1000061035156,508.58258056640625,1574610
2026-02-26,513.0,515.7999877929688,510.0,512.1500244140625,509.62744140625,1099252
2026-02-27,512.0,512.0499877929688,499.0,500.3999938964844,497.9352722167969,2428507
2026-03-02,490.1000061035156,493.3999938964844,480.1000061035156,490.75,488.33282470703125,2820015
2026-03-04,482.0,482.20001220703125,471.54998779296875,476.1499938964844,473.8047180175781,2300996
2026-03-05,479.0,482.3999938964844,469.45001220703125,480.0,477.6357727050781,1744314
2026-03-06,475.70001220703125,480.75,463.3500061035156,466.75,464.4510192871094,1326098
2026-03-09,459.0,459.0,443.25,451.95001220703125,449.72393798828125,4222293
2026-03-10,459.1000061035156,465.70001220703125,454.1000061035156,462.1000061035156,459.8239440917969,2249388
2026-03-11,462.5,471.3500061035156,456.0,457.79998779296875,455.54510498046875,1879908
2026-03-12,455.0,455.54998779296875,445.0,446.45001220703125,444.25103759765625,5554429
2026-03-13,445.0,446.29998779296875,424.3999938964844,425.3500061035156,423.25494384765625,4856344
2026-03-16,425.54998779296875,434.95001220703125,424.75,429.0,426.886962890625,6857558
2026-03-17,432.79998779296875,436.29998779296875,428.1000061035156,434.20001220703125,432.0613708496094,2154056
2026-03-18,438.0,444.29998779296875,433.45001220703125,441.25,439.0766296386719,3070154
2026-03-19,433.0,435.75,418.25,419.95001220703125,417.8815612792969,2679767
2026-03-20,425.0,427.6000061035156,419.0,420.54998779296875,418.47857666015625,2282335
2026-03-23,416.79998779296875,416.79998779296875,394.0,395.3500061035156,393.4027099609375,4333904
2026-03-24,407.8999938964844,413.5,395.1000061035156,407.54998779296875,405.5426025390625,5189341
2026-03-25,414.0,427.70001220703125,414.0,421.79998779296875,419.722412109375,4840404
2026-03-27,418.0,418.6000061035156,407.6000061035156,408.8500061035156,406.8362121582031,6114057
2026-03-30,405.0,411.0,399.3999938964844,401.25,399.2736511230469,4653934
2026-04-01,415.0,422.79998779296875,409.1000061035156,420.3500061035156,418.2795715332031,3593392
2026-04-02,414.5,420.0,406.70001220703125,418.45001220703125,416.3889465332031,2016351
2026-04-06,420.45001220703125,431.1000061035156,412.3999938964844,430.04998779296875,427.9317932128906,2653255
2026-04-07,426.95001220703125,426.95001220703125,418.0,420.45001220703125,418.37908935546875,3100760
2026-04-08,438.0,462.45001220703125,435.0,446.75,444.5495300292969,7851973
2026-04-09,446.95001220703125,446.95001220703125,432.0,434.04998779296875,431.9120788574219,4904296
2026-04-10,437.0,447.0,435.25,445.20001220703125,443.0071716308594,3576120
2026-04-13,432.95001220703125,443.79998779296875,427.5,441.0,438.8278503417969,2307559
2026-04-15,449.8999938964844,457.5,448.04998779296875,454.0,451.7638244628906,2825450
2026-04-16,457.0,460.25,451.1000061035156,458.04998779296875,455.7938537597656,2057087
2026-04-17,459.20001220703125,461.95001220703125,456.1000061035156,459.0,456.73919677734375,1899655
2026-04-20,459.0,464.0,453.0,454.8999938964844,452.6593933105469,1733571
2026-04-21,455.95001220703125,460.0,453.54998779296875,456.25,454.00274658203125,1471622
2026-04-22,453.5,463.6499938964844,451.0,460.8999938964844,458.62982177734375,1475937
2026-04-23,457.95001220703125,457.95001220703125,449.0,450.3999938964844,448.1815490722656,2393788
2026-04-24,451.0,457.70001220703125,440.3999938964844,451.20001220703125,448.9776306152344,3729295
2026-04-27,453.5,468.79998779296875,453.45001220703125,460.5,458.2318115234375,3444150
2026-04-28,462.8500061035156,465.0,456.0,458.79998779296875,456.5401611328125,1789522
2026-04-29,463.70001220703125,465.5,453.0,454.6000061035156,452.3608703613281,1778884
2026-04-30,450.20001220703125,450.20001220703125,440.1000061035156,444.20001220703125,442.0121154785156,3322936
2026-05-01,444.20001220703125,444.20001220703125,444.20001220703125,444.20001220703125,442.0121154785156,0
2026-05-04,446.0,460.75,438.04998779296875,445.29998779296875,443.1066589355469,12403895
2026-05-05,439.0,441.1000061035156,431.5,433.1000061035156,430.9667663574219,8250228
2026-05-06,438.54998779296875,449.6000061035156,435.79998779296875,446.8999938964844,444.69879150390625,5333664
2026-05-07,446.5,454.20001220703125,445.1000061035156,450.6499938964844,448.4303283691406,4351743
2026-05-08,449.0,457.95001220703125,442.5,444.29998779296875,442.1116027832031,5045246
2026-05-11,441.75,441.75,432.3999938964844,436.20001220703125,434.051513671875,4019675
2026-05-12,434.8999938964844,442.0,425.20001220703125,426.95001220703125,424.8470764160156,3306821
2026-05-13,428.1499938964844,441.1499938964844,425.3999938964844,438.3999938964844,436.24066162109375,3622406
2026-05-14,438.8999938964844,447.1499938964844,433.25,443.8999938964844,441.71356201171875,3486802
2026-05-15,449.0,451.54998779296875,431.3999938964844,433.75,431.6135559082031,2812091
2026-05-18,430.0,431.70001220703125,421.1000061035156,430.1499938964844,428.0312805175781,2003511
2026-05-19,430.5,434.6000061035156,428.79998779296875,431.70001220703125,429.57366943359375,1856159
2026-05-20,428.20001220703125,431.6000061035156,425.1499938964844,430.25,428.13079833984375,1976324
2026-05-21,435.0,438.0,430.95001220703125,436.45001220703125,434.30029296875,2915980
2026-05-22,438.6000061035156,441.0,435.1000061035156,436.3500061035156,434.2007751464844,2717748
2026-05-25,437.1000061035156,444.6499938964844,437.1000061035156,441.95001220703125,439.773193359375,3029764
2026-05-26,442.04998779296875,455.95001220703125,440.6000061035156,449.70001220703125,447.4850158691406,4449009
2026-05-27,450.0,462.0,449.70001220703125,459.75,457.4855041503906,4281809
2026-05-28,459.75,459.75,459.75,459.75,457.4855041503906,0
2026-05-29,460.95001220703125,461.95001220703125,445.45001220703125,447.8500061035156,445.6441345214844,3804649
2026-06-01,448.6000061035156,452.0,433.1000061035156,434.8999938964844,432.7579040527344,2903380
2026-06-02,432.0,441.6000061035156,429.6499938964844,439.3500061035156,437.1860046386719,4263528
2026-06-03,438.20001220703125,440.5,424.0,426.95001220703125,424.8470764160156,8611792
2026-06-04,425.8999938964844,429.79998779296875,423.6499938964844,426.3500061035156,424.2500305175781,2808700
2026-06-05,430.0,430.45001220703125,415.0,417.54998779296875,415.49334716796875,7371968
2026-06-08,415.20001220703125,422.75,411.1000061035156,415.29998779296875,413.2544250488281,3402602
2026-06-09,416.5,417.75,412.6000061035156,416.0,413.95098876953125,1816420
2026-06-10,416.0,417.6499938964844,408.25,409.79998779296875,407.7815246582031,2195127
2026-06-11,407.54998779296875,410.1499938964844,404.79998779296875,406.04998779296875,404.04998779296875,1605560
2026-06-12,412.25,426.04998779296875,408.70001220703125,423.1000061035156,423.1000061035156,2885819
2026-06-15,431.3999938964844,435.8999938964844,427.0,428.8500061035156,428.8500061035156,3311686
2026-06-16,431.6000061035156,431.6000061035156,424.1000061035156,426.04998779296875,426.04998779296875,2106091
2026-06-17,427.95001220703125,428.25,422.5,426.45001220703125,426.45001220703125,2960337
2026-06-18,428.0,433.8500061035156,423.20001220703125,430.0,430.0,3210633
2026-06-19,429.95001220703125,433.0,421.79998779296875,423.95001220703125,423.95001220703125,2145518
2026-06-22,426.1499938964844,429.0,422.6000061035156,428.0,428.0,3536363
2026-06-23,428.95001220703125,429.3999938964844,414.0,414.8500061035156,414.8500061035156,3043505
2026-06-24,416.0,428.0,415.1499938964844,426.8500061035156,426.8500061035156,4347023
2026-06-25,429.8999938964844,434.29998779296875,422.54998779296875,423.75,423.75,3173028
2026-06-26,423.75,423.75,423.75,423.75,423.75,0
2026-06-29,421.54998779296875,427.25,420.3500061035156,424.25,424.25,2985056
2026-06-30,425.0,425.8500061035156,419.6499938964844,421.8500061035156,421.8500061035156,3012504
2026-07-01,420.29998779296875,423.0,418.1000061035156,418.8500061035156,418.8500061035156,3312629
2026-07-02,422.20001220703125,431.5,421.3500061035156,428.95001220703125,428.95001220703125,6105874
2026-07-03,431.70001220703125,444.20001220703125,430.0,443.3999938964844,443.3999938964844,6168156
2026-07-06,445.0,445.04998779296875,438.6000061035156,441.3999938964844,441.3999938964844,2292569
2026-07-07,444.0,444.0,434.54998779296875,435.8999938964844,435.8999938964844,1295358
2026-07-08,431.04998779296875,435.70001220703125,419.0,421.1000061035156,421.1000061035156,1658779
2026-07-09,422.3500061035156,429.79998779296875,421.8999938964844,428.1499938964844,428.1499938964844,2408597
2026-07-10,432.0,440.79998779296875,431.1000061035156,436.45001220703125,436.45001220703125,2035547
2026-07-13,430.0,434.45001220703125,429.3999938964844,432.1499938964844,432.1499938964844,733484
2026-07-14,429.75,436.45001220703125,427.20001220703125,429.79998779296875,429.79998779296875,2665735
2026-07-15,430.0,439.8999938964844,430.0,435.25,435.25,2405317
2026-07-16,438.0,440.29998779296875,432.5,433.6000061035156,433.6000061035156,1467915
2026-07-17,433.54998779296875,439.70001220703125,431.1499938964844,438.5,438.5,1898550
2026-07-20,436.79998779296875,442.3500061035156,432.0,437.79998779296875,437.79998779296875,1504285
2026-07-21,439.29998779296875,445.25,436.20001220703125,440.8500061035156,440.8500061035156,2327392
2026-07-22,440.0,440.04998779296875,430.0,430.79998779296875,430.79998779296875,1257009
2026-07-23,428.6499938964844,431.29998779296875,421.45001220703125,423.54998779296875,423.54998779296875,1504285
2026-07-24,420.0,427.5,415.45001220703125,425.1499938964844,425.1499938964844,1403208
2026-07-27,429.0,432.8500061035156,424.20001220703125,430.95001220703125,430.95001220703125,1140841
2026-07-28,432.45001220703125,435.8500061035156,418.1000061035156,426.0,426.0,6241411
2026-07-29,424.29998779296875,443.0,423.1499938964844,435.29998779296875,435.29998779296875,5054536
2026-07-30,434.5,435.8999938964844,427.0,434.20001220703125,434.20001220703125,2577752
2026-07-31,435.20001220703125,438.95001220703125,430.25,432.20001220703125,432.20001220703125,1202393
2026-08-03,434.20001220703125,444.5,434.20001220703125,444.0,444.0,3648798
2026-08-04,444.45001220703125,444.45001220703125,436.04998779296875,436.04998779296875,436.04998779296875,1852313
2026-08-05,441.0,450.5,438.75,445.0,445.0,5678790
2026-08-06,447.5,447.5,436.0,436.5,436.5,3853693
2026-08-07,438.0,438.0,431.79998779296875,434.0,434.0,2026621
2026-08-10,434.6499938964844,435.0,430.3500061035156,430.8500061035156,430.8500061035156,1756165
2026-08-11,434.0,434.25,422.79998779296875,424.0,424.0,1440747
2026-08-12,426.70001220703125,426.70001220703125,418.04998779296875,421.0,421.0,5400539
2026-08-13,423.20001220703125,424.5,418.0,419.3999938964844,419.3999938964844,2110196
2026-08-14,419.6000061035156,419.8500061035156,416.0,417.5,417.5,1586889
2026-08-17,417.0,417.6000061035156,409.5,415.25,415.25,3967404
2026-08-18,414.0,416.8999938964844,409.8999938964844,412.3999938964844,412.3999938964844,2377631
2026-08-19,412.3999938964844,412.3999938964844,405.5,407.5,407.5,2103066
2026-08-20,410.3999938964844,414.8500061035156,407.45001220703125,411.0,411.0,3542288
2026-08-21,410.0,420.25,407.8999938964844,414.5,414.5,5526988
2026-08-24,414.5,415.29998779296875,406.70001220703125,408.75,408.75,2180550
2026-08-25,408.0,413.1000061035156,405.0,413.1000061035156,413.1000061035156,1476314
2026-08-26,415.0,422.79998779296875,412.1000061035156,419.20001220703125,419.20001220703125,2740269
2026-08-27,420.0,422.5,411.04998779296875,411.04998779296875,411.04998779296875,1071242
2026-08-28,411.54998779296875,413.5,410.0,412.04998779296875,412.04998779296875,2152464
2026-08-31,411.3999938964844,411.3999938964844,401.1499938964844,401.1499938964844,401.1499938964844,2212877
2026-09-01,404.0,407.1499938964844,401.0,402.20001220703125,402.20001220703125,1377257
2026-09-02,400.0,402.70001220703125,395.04998779296875,402.70001220703125,402.70001220703125,1330391
2026-09-03,404.0,405.04998779296875,401.79998779296875,405.0,405.0,918055
2026-09-04,404.95001220703125,408.20001220703125,404.25,405.0,405.0,807422
2026-09-07,403.0,405.3500061035156,398.6000061035156,398.6000061035156,398.6000061035156,879449
2026-09-08,398.0,400.95001220703125,395.1499938964844,398.29998779296875,398.29998779296875,986589
2026-09-09,396.29998779296875,400.79998779296875,395.0,397.0,397.0,862520
2026-09-10,395.5,397.54998779296875,394.04998779296875,395.6000061035156,395.6000061035156,1427859
2026-09-11,393.0,393.54998779296875,387.6499938964844,391.8500061035156,391.8500061035156,1311052
2026-09-14,391.8500061035156,391.8500061035156,391.8500061035156,391.8500061035156,391.8500061035156,0
2026-09-15,392.6000061035156,393.8500061035156,380.1000061035156,381.75,381.75,1367462
2026-09-16,382.0,385.45001220703125,379.54998779296875,381.04998779296875,381.04998779296875,1033371
2026-09-17,381.04998779296875,386.29998779296875,380.54998779296875,383.25,383.25,1224906
2026-09-18,384.54998779296875,396.0,383.8999938964844,388.29998779296875,388.29998779296875,2583375
2026-09-21,389.1000061035156,395.95001220703125,389.1000061035156,390.75,390.75,1048624
2026-09-22,391.1000061035156,394.0,385.1499938964844,386.8999938964844,386.8999938964844,1155681
2026-09-23,387.29998779296875,392.8500061035156,387.29998779296875,392.75,392.75,697717
2026-09-24,390.0,390.8999938964844,382.6499938964844,384.1000061035156,384.1000061035156,912389
2026-09-25,382.20001220703125,387.20001220703125,381.70001220703125,383.79998779296875,383.79998779296875,1180134
2026-09-28,383.79998779296875,383.79998779296875,374.0,374.3500061035156,374.3500061035156,1653664
2026-09-29,373.5,373.6000061035156,365.75,365.75,365.75,1769537
2026-09-30,369.0,376.6499938964844,368.6499938964844,374.0,374.0,3219926
