date,open,high,low,close,adj_close,volume
2015-01-01,751.0999755859375,754.5,747.0,749.1500244140625,679.0403442382812,284935
2015-01-02,751.25,781.4500122070312,751.25,775.0499877929688,702.5166015625,2080850
2015-01-05,779.9000244140625,787.9000244140625,772.7000122070312,775.0,702.4710693359375,1326999
2015-01-06,775.0,783.0,750.4000244140625,756.5,685.702392578125,1510720
2015-01-07,763.4000244140625,778.3499755859375,759.25,771.7000122070312,699.4799194335938,1427667
2015-01-08,783.7999877929688,822.9000244140625,778.0999755859375,820.3499755859375,743.5769653320312,2769416
2015-01-09,828.4500122070312,829.0,804.0499877929688,812.5,736.4616088867188,1708427
2015-01-12,813.0499877929688,818.4000244140625,800.2000122070312,807.75,732.1561889648438,1320557
2015-01-13,813.0,842.4500122070312,812.0999755859375,833.8499755859375,755.8134155273438,3835281
2015-01-14,840.0,850.0,830.2000122070312,842.6500244140625,763.7900390625,2320114
2015-01-15,849.0,850.0,833.0,839.3499755859375,760.798828125,1308063
2015-01-16,844.9000244140625,859.0,840.0,843.4500122070312,764.5150756835938,1568660
2015-01-19,846.0,848.0,829.5499877929688,831.9000244140625,754.046142578125,1041563
2015-01-20,835.0,847.0,835.0,839.2000122070312,760.6627197265625,1314139
2015-01-21,845.0,855.9000244140625,839.2000122070312,851.2999877929688,771.63037109375,1663391
2015-01-22,856.5,881.6500244140625,852.8499755859375,867.1500244140625,785.9970092773438,1995155
2015-01-23,870.7999877929688,879.9500122070312,860.0999755859375,862.0999755859375,781.4196166992188,1531430
2015-01-27,868.9000244140625,892.7999877929688,865.5,890.5,807.161865234375,1831293
2015-01-28,893.0499877929688,921.0,891.0499877929688,910.25,825.0635986328125,2895714
2015-01-29,913.7999877929688,922.5,867.2000122070312,881.2999877929688,798.8228759765625,5326269
2015-01-30,888.5,888.5,854.0999755859375,857.75,777.4768676757812,3291034
2015-02-02,850.0,851.0999755859375,803.5,808.0999755859375,732.4733276367188,4808585
2015-02-03,809.7999877929688,826.5,802.0,814.7000122070312,738.4557495117188,3048559
2015-02-04,819.7999877929688,823.2000122070312,800.7999877929688,803.8499755859375,728.6210327148438,912365
2015-02-05,812.0,826.4000244140625,808.0,810.8499755859375,734.9659423828125,1668101
2015-02-06,810.0,815.0,788.7999877929688,797.6500244140625,723.001220703125,1668283
2015-02-09,790.0,822.0,783.4000244140625,803.6500244140625,728.4398803710938,1910672
2015-02-10,801.9000244140625,829.9000244140625,799.8499755859375,822.2000122070312,745.2539672851562,2235687
2015-02-11,830.0,845.0,828.0,840.75,762.0676879882812,1227804
2015-02-12,847.0,849.9000244140625,819.3499755859375,823.75,746.6588134765625,1974102
2015-02-13,824.3499755859375,834.9500122070312,815.0499877929688,826.75,749.3779907226562,1323475
2015-02-16,834.0,842.5,818.0,834.1500244140625,756.0853881835938,1584956
2015-02-18,839.0999755859375,842.0,819.7000122070312,821.0499877929688,744.2115478515625,1448399
2015-02-19,826.0,838.0,826.0,834.0999755859375,756.0399780273438,1216904
2015-02-20,834.25,836.0999755859375,823.2000122070312,825.7000122070312,748.4263305664062,699111
2015-02-23,829.5,833.0,806.0999755859375,809.5999755859375,733.8328857421875,1434240
2015-02-24,810.0,813.5,798.0,799.5499877929688,724.7235717773438,1141027
2015-02-25,805.2000122070312,816.0,805.0,813.8499755859375,737.685302734375,1537365
2015-02-26,818.7999877929688,819.9000244140625,787.2000122070312,791.9000244140625,717.78955078125,1600594
2015-02-27,799.0999755859375,809.0999755859375,796.0999755859375,807.1500244140625,731.6123657226562,1272026
2015-03-02,823.7999877929688,830.5999755859375,806.0,825.5999755859375,748.3355102539062,1383141
2015-03-03,829.8499755859375,842.0,827.2000122070312,838.2999877929688,759.8471069335938,1617826
2015-03-04,844.5,848.2000122070312,832.4000244140625,836.7999877929688,758.4873046875,1600601
2015-03-05,837.0,841.5499877929688,828.0,833.9000244140625,755.85888671875,694150
2015-03-09,832.5,832.5,808.8499755859375,812.6500244140625,736.5974731445312,626456
2015-03-10,813.0,818.0,802.0,807.9500122070312,732.33740234375,691298
2015-03-11,818.0,819.9500122070312,806.75,809.0,733.2892456054688,942306
2015-03-12,814.7999877929688,815.0,805.2000122070312,808.0999755859375,732.4733276367188,979686
2015-03-13,811.9000244140625,818.7000122070312,805.5999755859375,808.4000244140625,732.7451782226562,837992
2015-03-16,813.0,835.8499755859375,809.0,831.8499755859375,754.000732421875,1287189
2015-03-17,839.3499755859375,841.9500122070312,823.0,831.4000244140625,753.5927734375,1384999
2015-03-18,835.8499755859375,835.8499755859375,810.0,814.2000122070312,738.0025634765625,1172762
2015-03-19,824.0,847.8499755859375,821.7000122070312,834.7999877929688,756.674560546875,2037801
2015-03-20,836.0,837.0,805.5999755859375,809.9500122070312,734.1502075195312,1245311
2015-03-23,816.0,816.0,805.5,811.5999755859375,735.6458740234375,759196
2015-03-24,809.6500244140625,819.5,807.5999755859375,813.2999877929688,737.1866455078125,755974
2015-03-25,813.7999877929688,817.3499755859375,802.5,808.5,732.8360595703125,834390
2015-03-26,803.0,815.9000244140625,788.0,793.0999755859375,718.8770751953125,1516627
2015-03-27,793.0,793.0,768.0999755859375,778.1500244140625,705.3262939453125,1557785
2015-03-30,780.0999755859375,809.75,780.0499877929688,807.4500122070312,731.88427734375,847421
2015-03-31,807.9000244140625,817.0,802.0499877929688,811.2999877929688,735.3739013671875,947718
2015-04-01,810.0,825.9000244140625,803.5,821.7000122070312,744.8005981445312,898480
2015-04-06,829.0,831.4000244140625,819.0,824.5,747.3386840820312,687263
2015-04-07,824.3499755859375,838.7999877929688,821.0,835.2000122070312,757.0370483398438,769528
2015-04-08,841.0,854.0,840.0,846.8499755859375,767.596923828125,982733
2015-04-09,855.0,856.0,841.0,853.1500244140625,773.307373046875,1019655
2015-04-10,853.0,861.7000122070312,843.2000122070312,859.4500122070312,779.0177001953125,802074
2015-04-13,860.0,865.5499877929688,852.4000244140625,862.0499877929688,781.3743896484375,805167
2015-04-15,861.6500244140625,863.0,835.0,839.0499877929688,760.52685546875,1279621
2015-04-16,835.0,836.8499755859375,810.5999755859375,822.25,745.2991943359375,1366075
2015-04-17,822.25,829.5999755859375,815.0,816.7999877929688,740.359130859375,685338
2015-04-20,818.0,819.2999877929688,800.0,808.9500122070312,733.2438354492188,920198
2015-04-21,813.4500122070312,816.9000244140625,792.0,796.5,721.9589233398438,652649
2015-04-22,800.0,806.0,769.2000122070312,785.4500122070312,711.9431762695312,1779318
2015-04-23,793.0999755859375,810.0,785.0,786.4000244140625,712.8041381835938,1275295
2015-04-24,792.5,792.5,765.0499877929688,771.3499755859375,699.16259765625,1123939
2015-04-27,775.0,775.0,740.5499877929688,744.7999877929688,675.097412109375,1625216
2015-04-28,741.9500122070312,768.6500244140625,730.0,765.4500122070312,693.8148803710938,2052761
2015-04-29,763.0999755859375,763.0999755859375,750.0,754.4000244140625,683.7988891601562,1445757
2015-04-30,749.2999877929688,770.8499755859375,747.2000122070312,762.4500122070312,691.0955200195312,2260678
2015-05-04,769.8499755859375,781.5,764.0,779.4000244140625,706.4592895507812,1071772
2015-05-05,780.0,784.8499755859375,768.6500244140625,781.4000244140625,708.272216796875,952716
2015-05-06,779.0,779.0,750.1500244140625,760.8499755859375,689.6453857421875,1616619
2015-05-07,753.2999877929688,773.4500122070312,734.8499755859375,765.75,694.086669921875,1718402
2015-05-08,773.0,774.4000244140625,752.75,759.4000244140625,688.3311767578125,1127201
2015-05-11,768.0,776.2000122070312,751.9000244140625,771.6500244140625,699.4346923828125,976348
2015-05-12,772.7999877929688,772.8499755859375,754.0,758.3499755859375,687.379150390625,1137027
2015-05-13,759.0499877929688,775.0,759.0,762.5,691.1406860351562,839420
2015-05-14,762.0,803.0,755.0,796.4500122070312,721.91357421875,1975784
2015-05-15,802.0,818.0,785.0,790.2999877929688,716.3392333984375,1503598
2015-05-18,796.8499755859375,818.0,762.0,766.75,694.9931640625,6759860
2015-05-19,758.0,779.2999877929688,750.0,774.75,702.2445068359375,3903935
2015-05-20,775.6500244140625,777.9500122070312,764.1500244140625,771.2000122070312,699.0267333984375,1793967
2015-05-21,770.0,779.7999877929688,766.0499877929688,777.2000122070312,704.4652709960938,1678041
2015-05-22,775.0,779.7999877929688,771.2000122070312,775.4000244140625,702.8336181640625,1039136
2015-05-25,775.9500122070312,778.75,754.4000244140625,761.9000244140625,690.5971069335938,1282826
2015-05-26,762.0999755859375,769.0,755.5499877929688,763.5,692.0471801757812,906103
2015-05-27,762.0,762.0499877929688,754.4000244140625,759.25,688.1949462890625,792609
2015-05-28,760.1500244140625,771.0,758.5,767.3499755859375,695.536865234375,1051538
2015-05-29,768.5,795.0,768.0,787.0499877929688,713.393310546875,2583950
2015-06-01,787.7999877929688,794.7000122070312,786.2999877929688,789.75,715.8406982421875,713447
2015-06-02,789.0999755859375,794.2999877929688,756.0,759.2000122070312,688.1497192382812,1014316
2015-06-03,763.0,767.0,750.0,762.7000122070312,691.3222045898438,867736
2015-06-04,763.9000244140625,766.0,751.7999877929688,759.5999755859375,688.5123901367188,820596
2015-06-05,759.0,765.5999755859375,752.0,758.7999877929688,687.7869873046875,830300
2015-06-08,759.0,760.0,745.0,748.0,677.9978637695312,795683
2015-06-09,744.7999877929688,751.2000122070312,730.0,735.7000122070312,666.84912109375,998511
2015-06-10,736.0,745.0999755859375,734.5999755859375,739.1500244140625,669.97607421875,803748
2015-06-11,739.2000122070312,743.7000122070312,702.5,708.4000244140625,642.1038208007812,1453089
2015-06-12,709.0,722.7999877929688,702.0,705.6500244140625,639.6112670898438,1168519
2015-06-15,714.75,719.4000244140625,696.4000244140625,698.5499877929688,633.1755981445312,1244078
2015-06-16,700.9500122070312,706.0,693.0,704.9500122070312,638.9767456054688,2765685
2015-06-17,708.0,719.2000122070312,705.0,710.6500244140625,644.1433715820312,2215497
2015-06-18,718.9500122070312,734.3499755859375,718.9500122070312,728.9500122070312,660.7306518554688,1908157
2015-06-19,733.7999877929688,744.9000244140625,729.75,740.0,670.7466430664062,1783890
2015-06-22,744.6500244140625,751.5499877929688,732.5,747.7000122070312,677.7258911132812,1350579
2015-06-23,750.0,760.0,741.6500244140625,756.5,685.702392578125,980083
2015-06-24,751.9000244140625,759.7999877929688,739.2000122070312,753.6500244140625,687.0242309570312,2982650
2015-06-25,753.0,759.7999877929688,745.0999755859375,750.2000122070312,683.8792114257812,1858338
2015-06-26,744.0999755859375,754.9000244140625,743.7999877929688,750.25,683.9248046875,764357
2015-06-29,743.0,743.0,727.5,736.7000122070312,671.57275390625,1100309
2015-06-30,737.0,759.5,737.0,755.3499755859375,688.5740356445312,1348105
2015-07-01,757.4500122070312,765.5999755859375,755.0999755859375,760.7999877929688,693.5419921875,1025215
2015-07-02,763.0999755859375,772.5,761.0999755859375,762.9000244140625,695.45654296875,973819
2015-07-03,762.0,778.4000244140625,758.4000244140625,772.7000122070312,704.39013671875,1068877
2015-07-06,765.0,786.1500244140625,762.0,783.5499877929688,714.281005859375,652931
2015-07-07,793.0,827.9000244140625,790.0499877929688,824.5999755859375,751.701904296875,2464459
2015-07-08,819.7999877929688,835.0,797.3499755859375,802.25,731.3277587890625,1933525
2015-07-09,810.0,814.9000244140625,795.0,796.9500122070312,726.4963989257812,613555
2015-07-10,806.0,806.0,781.7000122070312,795.2999877929688,724.9920043945312,1027281
2015-07-13,805.2000122070312,821.2000122070312,803.2999877929688,817.6500244140625,745.3663330078125,1275702
2015-07-14,823.0,827.7999877929688,810.2999877929688,822.7000122070312,749.9699096679688,780973
2015-07-15,826.5,840.5,823.25,837.8499755859375,763.7804565429688,1095558
2015-07-16,853.0,854.2999877929688,843.2999877929688,848.0499877929688,773.0789184570312,1169553
2015-07-17,851.7999877929688,852.4000244140625,823.75,825.4000244140625,752.4312744140625,1089597
2015-07-20,830.0,855.9500122070312,827.25,852.2999877929688,776.9530029296875,1437246
2015-07-21,853.0,869.7000122070312,811.0999755859375,816.0499877929688,743.9078369140625,4611552
2015-07-22,820.0,845.0,820.0,843.2999877929688,768.7487182617188,2035530
2015-07-23,846.0,851.7999877929688,836.0999755859375,846.5,771.6659545898438,1188579
2015-07-24,852.0,856.0,845.0,849.0,773.94482421875,1132540
2015-07-27,847.0,859.5999755859375,836.0,853.1500244140625,777.7280883789062,1153262
2015-07-28,857.0,858.2000122070312,825.0,835.1500244140625,761.3192749023438,1009835
2015-07-29,834.4000244140625,852.7999877929688,826.25,846.8499755859375,771.9848022460938,1010065
2015-07-30,848.0,866.4500122070312,847.5,857.5499877929688,781.739013671875,1318726
2015-07-31,864.5,885.0,855.1500244140625,882.7999877929688,804.7567138671875,1842105
2015-08-03,880.0,888.0,875.0,877.5,799.9253540039062,763822
2015-08-04,884.0,908.8499755859375,878.1500244140625,905.7000122070312,825.6325073242188,2178289
2015-08-05,905.0,926.7999877929688,885.75,923.2999877929688,841.6763305664062,2003128
2015-08-06,920.0,924.5,910.0999755859375,916.0999755859375,835.113037109375,923303
2015-08-07,911.0,924.4000244140625,895.2000122070312,898.6500244140625,819.20556640625,1416068
2015-08-10,903.5,916.25,895.4000244140625,902.1500244140625,822.3961791992188,732357
2015-08-11,905.0,906.9500122070312,881.0,883.4000244140625,805.3038940429688,1091087
2015-08-12,890.0,895.5,867.0,871.3499755859375,794.3190307617188,721554
2015-08-13,872.1500244140625,886.9500122070312,862.3499755859375,874.3499755859375,797.0537719726562,1251179
2015-08-14,880.0,900.0,879.5499877929688,895.25,816.1060791015625,880842
2015-08-17,903.5,907.25,895.0,900.0499877929688,820.481689453125,577133
2015-08-18,906.9500122070312,914.9000244140625,891.9000244140625,901.3499755859375,821.6669921875,622790
2015-08-19,898.5,902.5999755859375,881.5999755859375,899.75,820.208251953125,618923
2015-08-20,905.0,914.25,879.5499877929688,883.2000122070312,805.1214599609375,1404599
2015-08-21,875.0,893.0,864.0,886.75,808.3576049804688,905933
2015-08-24,858.0,877.2000122070312,825.5,837.5,763.4615478515625,1176140
2015-08-25,850.0,866.0,811.75,852.1500244140625,776.8165893554688,1329631
2015-08-26,851.0,868.0999755859375,847.0,851.9000244140625,776.58837890625,1265081
2015-08-27,860.0,865.0,850.5,855.0,779.4143676757812,1335712
2015-08-28,866.8499755859375,874.0999755859375,850.0,858.25,782.3770751953125,1077558
2015-08-31,857.0,862.75,845.0499877929688,848.5999755859375,773.5801391601562,1260477
2015-09-01,844.0,844.0999755859375,802.7999877929688,819.0999755859375,746.6881713867188,1438466
2015-09-02,829.9000244140625,830.0,799.1500244140625,806.0,734.746337890625,1500676
2015-09-03,815.0,833.0,806.5,826.5999755859375,753.5252075195312,887079
2015-09-04,824.0,824.0,792.0,812.8499755859375,740.9906005859375,1101752
2015-09-07,815.0,819.9500122070312,785.0499877929688,788.0,718.3375854492188,874378
2015-09-08,791.0999755859375,800.0,778.0,791.5,721.528076171875,1489813
2015-09-09,800.0,822.9000244140625,796.0,821.1500244140625,748.556884765625,1412900
2015-09-10,817.0,817.0,800.2999877929688,807.9500122070312,736.52392578125,887236
2015-09-11,815.0,824.9000244140625,810.5499877929688,816.1500244140625,743.9988403320312,1034469
2015-09-14,822.0,842.4000244140625,819.0,840.25,765.9683837890625,1115176
2015-09-15,840.0999755859375,848.0,823.5999755859375,831.0999755859375,757.6272583007812,832597
2015-09-16,840.0,840.0,818.0999755859375,823.9500122070312,751.1094970703125,665278
2015-09-18,826.0,849.9000244140625,824.0,841.0499877929688,766.6976928710938,1139255
2015-09-21,838.2999877929688,838.2999877929688,824.0,829.7000122070312,756.3509521484375,688544
2015-09-22,831.2000122070312,839.4000244140625,802.0999755859375,804.7000122070312,733.5612182617188,826254
2015-09-23,795.0999755859375,804.0,786.0999755859375,794.0999755859375,723.8983154296875,1281278
2015-09-24,794.9000244140625,814.0,785.3499755859375,806.3499755859375,735.0652465820312,1503108
2015-09-28,810.0,813.0,790.0499877929688,794.4500122070312,724.2173461914062,739132
2015-09-29,783.0,809.9000244140625,780.0,804.7999877929688,733.6524047851562,1366194
2015-09-30,808.0,844.9000244140625,807.9000244140625,841.5999755859375,767.1989135742188,1734244
2015-10-01,845.7999877929688,849.0,836.1500244140625,839.6500244140625,765.4215087890625,633622
2015-10-05,843.0,856.9500122070312,842.4000244140625,855.4000244140625,779.7791748046875,882680
2015-10-06,859.9000244140625,864.0999755859375,849.7000122070312,853.7000122070312,778.2294921875,779669
2015-10-07,855.0,868.0,852.2000122070312,865.0499877929688,788.5760498046875,983606
2015-10-08,865.0,879.9500122070312,860.0,874.1500244140625,796.87158203125,952597
2015-10-09,876.5,884.2999877929688,846.2000122070312,853.7999877929688,778.320556640625,1362132
2015-10-12,857.0,865.0,846.0499877929688,859.25,783.2886352539062,773525
2015-10-13,862.7000122070312,867.7999877929688,857.25,865.3499755859375,788.849365234375,800729
2015-10-14,863.9000244140625,869.5,860.0499877929688,862.25,786.0235595703125,404366
2015-10-15,866.0,878.25,864.2000122070312,870.0499877929688,793.134033203125,623054
2015-10-16,871.9500122070312,885.2000122070312,865.5999755859375,882.5,804.4833374023438,658119
2015-10-19,882.5,892.4000244140625,867.0,879.25,801.5206298828125,1247569
2015-10-20,874.0,888.9000244140625,872.5499877929688,875.4500122070312,798.0567016601562,1806905
2015-10-21,874.0,881.5499877929688,847.9500122070312,856.25,780.5541381835938,1442218
2015-10-23,863.0,866.0999755859375,850.4000244140625,858.5999755859375,782.6961059570312,2540806
2015-10-26,830.0499877929688,844.0,811.2000122070312,817.7000122070312,745.411865234375,3455887
2015-10-27,818.0,829.9000244140625,818.0,827.0999755859375,753.9810180664062,1247705
2015-10-28,829.5,838.0,823.5999755859375,828.3499755859375,757.13427734375,1108455
2015-10-29,831.0,834.7999877929688,820.4000244140625,829.3499755859375,758.0482788085938,1500496
2015-10-30,835.5999755859375,840.0,826.4000244140625,830.6500244140625,759.2365112304688,810491
2015-11-02,831.0,837.0,825.5,830.0999755859375,758.73388671875,716702
2015-11-03,832.0,832.7000122070312,812.0499877929688,814.2000122070312,744.2009887695312,1599110
2015-11-04,814.5,822.5,800.5499877929688,802.2000122070312,733.2324829101562,1783909
2015-11-05,807.0,811.5,797.1500244140625,805.8499755859375,736.5687866210938,1016171
2015-11-06,808.5499877929688,816.0,800.0,801.2000122070312,732.3184204101562,918564
2015-11-09,790.9000244140625,818.4000244140625,784.25,816.4000244140625,746.2116088867188,1163084
2015-11-10,814.7000122070312,816.0,796.7999877929688,797.7999877929688,729.2108154296875,751899
2015-11-13,807.0,808.0,792.5,800.4000244140625,731.5874633789062,765985
2015-11-16,796.0,809.9500122070312,795.2000122070312,800.9500122070312,732.0900268554688,604535
2015-11-17,807.4500122070312,813.25,800.3499755859375,807.6500244140625,738.2138671875,500272
2015-11-18,807.9500122070312,824.5,807.0,821.75,751.1016845703125,1253226
2015-11-19,827.0,833.7999877929688,819.0999755859375,823.7000122070312,752.884033203125,1038035
2015-11-20,821.4000244140625,831.7999877929688,818.5499877929688,829.2000122070312,757.911376953125,712339
2015-11-23,838.2000122070312,852.0,835.0,850.2999877929688,777.1973266601562,1475762
2015-11-24,850.0,861.75,846.2000122070312,856.5999755859375,782.9556274414062,771337
2015-11-26,861.0,865.9500122070312,851.7999877929688,861.8499755859375,787.7542724609375,678200
2015-11-27,862.5999755859375,864.0,852.0,859.0999755859375,785.2407836914062,444323
2015-11-30,859.0,859.0,834.0,838.5,766.41162109375,1679737
2015-12-01,843.0,848.0,831.6500244140625,844.5999755859375,771.9872436523438,720255
2015-12-02,847.9500122070312,867.2000122070312,844.7999877929688,848.5499877929688,775.59765625,980956
2015-12-03,849.0,849.2000122070312,839.0,842.4000244140625,769.976318359375,540473
2015-12-04,841.5,841.5,829.4500122070312,834.7000122070312,762.9383544921875,779530
2015-12-07,842.0,873.8499755859375,841.0,871.4500122070312,796.5289306640625,1602605
2015-12-08,874.0499877929688,877.4000244140625,857.2000122070312,860.75,786.748779296875,1058074
2015-12-09,866.4500122070312,866.4500122070312,836.9500122070312,840.0,767.7828979492188,751034
2015-12-10,844.5,861.2000122070312,842.2000122070312,859.2000122070312,785.3321533203125,636140
2015-12-11,860.9500122070312,863.5499877929688,848.75,858.4000244140625,784.600830078125,780634
2015-12-14,860.0,878.4000244140625,853.0,875.4500122070312,800.1851196289062,889790
2015-12-15,878.5,880.0,866.4500122070312,878.5499877929688,803.0184326171875,861784
2015-12-16,880.0,883.9500122070312,859.0999755859375,866.5,792.0044555664062,900351
2015-12-17,871.5,878.5,864.0,876.0999755859375,800.7791748046875,716229
2015-12-18,874.5,885.9000244140625,868.0,879.4500122070312,803.8411865234375,1098597
2015-12-21,879.0,884.0,866.7000122070312,873.5,798.4026489257812,896692
2015-12-22,874.0,887.0,873.5499877929688,880.9500122070312,805.2120361328125,663204
2015-12-23,882.9500122070312,883.9500122070312,874.75,878.9500122070312,803.3841552734375,350212
2015-12-24,880.5,883.9000244140625,873.5499877929688,881.7999877929688,805.9891967773438,403140
2015-12-28,882.0,886.25,876.75,881.0499877929688,805.3037109375,633270
2015-12-29,883.7000122070312,885.0,878.5999755859375,880.0999755859375,804.4351806640625,602111
2015-12-30,881.1500244140625,883.0,875.0,878.1500244140625,802.65283203125,450359
2015-12-31,879.9500122070312,886.9500122070312,875.0,883.5499877929688,807.5887451171875,526825
2016-01-01,882.0,885.5999755859375,876.9000244140625,878.75,803.201171875,294006
2016-01-04,876.2000122070312,892.4500122070312,871.7000122070312,880.7999877929688,805.0748901367188,709103
2016-01-05,881.2999877929688,905.0,881.2999877929688,900.6500244140625,823.2184448242188,1372748
2016-01-06,904.5,911.9000244140625,884.0,886.4000244140625,810.1935424804688,1716479
2016-01-07,883.0,891.5499877929688,869.0,872.3499755859375,797.3513793945312,990333
2016-01-08,879.0,881.9500122070312,866.5999755859375,874.5999755859375,799.4081420898438,886022
2016-01-11,870.0,884.0,861.5999755859375,873.8499755859375,798.7224731445312,801102
2016-01-12,882.0,885.5,870.2000122070312,872.9000244140625,797.854248046875,998419
2016-01-13,879.9500122070312,883.5,850.0499877929688,868.5499877929688,793.8782348632812,901426
2016-01-14,863.5,897.0,851.0999755859375,889.4000244140625,812.9357299804688,2296682
2016-01-15,893.0,894.9500122070312,874.2999877929688,879.25,803.658203125,1301590
2016-01-18,890.0,893.0,841.6500244140625,850.2999877929688,777.1973266601562,2335330
2016-01-19,867.9000244140625,868.4000244140625,826.0,845.5499877929688,772.85546875,2443365
2016-01-20,834.0,856.0,830.0,840.3499755859375,768.1026611328125,2247202
2016-01-21,850.0,856.0,841.0,844.4500122070312,771.8502197265625,1138753
2016-01-22,853.0,873.4000244140625,849.2000122070312,869.9500122070312,795.1578979492188,1774017
2016-01-25,870.0,882.0,868.1500244140625,878.5999755859375,803.064208984375,1794107
2016-01-27,880.0,881.7999877929688,855.1500244140625,858.5499877929688,784.738037109375,969509
2016-01-28,854.0,865.0,852.1500244140625,858.9500122070312,785.1035766601562,1392051
2016-01-29,864.0,875.0,859.0,869.9000244140625,795.1121215820312,1320575
2016-02-01,874.2000122070312,890.0,871.2999877929688,887.4000244140625,811.1076049804688,786217
2016-02-02,889.9000244140625,894.75,878.0,882.5,806.62890625,920875
2016-02-03,876.2000122070312,883.9500122070312,859.0499877929688,863.7000122070312,789.4452514648438,540771
2016-02-04,865.0,895.9500122070312,865.0,889.3499755859375,812.8899536132812,1658831
2016-02-05,889.0,903.4500122070312,886.4000244140625,899.25,821.9388427734375,1739178
2016-02-08,903.0,907.5,886.0,888.5999755859375,812.20458984375,783143
2016-02-09,884.9000244140625,894.2999877929688,878.5,884.2000122070312,808.1828002929688,636386
2016-02-10,888.5,889.0,866.5,876.5499877929688,801.1903686523438,707101
2016-02-11,874.75,874.75,852.0,855.7000122070312,782.1329345703125,1004015
2016-02-12,860.0,873.25,846.5,854.9000244140625,781.40185546875,1089266
2016-02-15,866.0,872.2000122070312,853.0,858.7000122070312,784.8753051757812,703958
2016-02-16,855.0499877929688,860.1500244140625,836.0999755859375,840.2999877929688,768.056884765625,985215
2016-02-17,844.0,858.9500122070312,827.0999755859375,856.0,782.4071655273438,1171983
2016-02-18,862.0,863.7999877929688,830.5999755859375,835.25,763.4410400390625,997874
2016-02-19,834.9500122070312,856.9000244140625,829.0,854.7000122070312,781.218994140625,799360
2016-02-22,856.0,873.2000122070312,854.0,870.8499755859375,795.9805297851562,609601
2016-02-23,871.0,879.9000244140625,866.1500244140625,877.0999755859375,801.6930541992188,1438921
2016-02-24,879.0,885.75,875.0,881.7999877929688,805.9891967773438,1289097
2016-02-25,880.5,884.9000244140625,858.7000122070312,861.7000122070312,787.6171875,1326303
2016-02-26,868.0,874.0,854.2000122070312,862.5499877929688,788.3941650390625,536753
2016-02-29,864.0999755859375,868.9500122070312,841.5999755859375,846.0999755859375,773.3580932617188,890886
2016-03-01,852.5999755859375,874.6500244140625,850.0,871.9500122070312,796.9860229492188,1161059
2016-03-02,876.0,880.9500122070312,866.5,871.8499755859375,796.89453125,808137
2016-03-03,874.4000244140625,896.5,871.75,880.25,804.5723266601562,1061326
2016-03-04,886.5999755859375,890.0999755859375,858.4000244140625,865.7999877929688,791.3646850585938,1039977
2016-03-08,867.9000244140625,881.7999877929688,858.0499877929688,875.7000122070312,800.4136352539062,1174011
2016-03-09,876.0,888.7999877929688,869.8499755859375,876.2000122070312,800.8704223632812,1401934
2016-03-10,870.0,896.0,870.0,894.75,817.8258666992188,810951
2016-03-11,900.0,903.7000122070312,891.5499877929688,898.3499755859375,821.1161499023438,1043602
2016-03-14,898.0,903.2000122070312,888.5999755859375,899.3499755859375,822.0302124023438,788258
2016-03-15,903.0,906.5,876.1500244140625,884.5999755859375,808.54833984375,954046
2016-03-16,880.2999877929688,882.0,862.0999755859375,864.9000244140625,790.5421142578125,1456263
2016-03-17,870.0,876.0,865.0999755859375,872.5499877929688,797.5342407226562,965277
2016-03-18,871.0,877.9000244140625,859.9500122070312,875.3499755859375,800.0935668945312,1072444
2016-03-21,873.25,875.0,852.4000244140625,859.6500244140625,785.743408203125,1484160
2016-03-22,860.0,860.0,846.0499877929688,853.3499755859375,779.9849853515625,1746522
2016-03-23,853.3499755859375,856.9000244140625,846.25,850.0,776.9229125976562,917099
2016-03-28,850.0,857.4500122070312,842.7000122070312,845.4000244140625,772.7185668945312,1722071
2016-03-29,847.4000244140625,860.0,845.0,856.0999755859375,782.4985961914062,1101097
2016-03-30,864.0,885.0,861.8499755859375,881.8499755859375,806.0348510742188,1470782
2016-03-31,880.5,884.25,865.0999755859375,868.4000244140625,793.7412109375,1682214
2016-04-01,871.0,883.9500122070312,865.0,870.0,795.20361328125,853331
2016-04-04,874.0,888.5,865.25,886.1500244140625,809.9652099609375,662760
2016-04-05,885.4000244140625,885.4000244140625,862.0,869.8499755859375,795.0663452148438,762479
2016-04-06,869.7000122070312,875.0,860.6500244140625,863.2999877929688,789.0796508789062,451307
2016-04-07,864.0,869.0,855.0499877929688,858.25,784.4637451171875,449770
2016-04-08,860.0,861.4500122070312,849.5999755859375,851.5499877929688,778.3397216796875,448087
2016-04-11,850.0,861.9000244140625,842.75,860.0,786.0632934570312,651373
2016-04-12,861.7999877929688,870.0,859.5,866.9000244140625,792.3701171875,433486
2016-04-13,870.5,876.0,866.0,874.3499755859375,799.179443359375,692424
2016-04-18,884.25,886.5499877929688,875.0,885.2000122070312,809.0966796875,685762
2016-04-20,885.0,887.75,875.25,885.7999877929688,809.6451416015625,778272
2016-04-21,890.0,895.0,885.0999755859375,889.1500244140625,812.7073364257812,702226
2016-04-22,885.7000122070312,893.7000122070312,869.4000244140625,871.5499877929688,796.6202392578125,692414
2016-04-25,870.4000244140625,870.4000244140625,856.0,861.75,787.662841796875,587700
2016-04-26,864.2000122070312,880.0,859.0499877929688,876.9000244140625,801.5104370117188,694778
2016-04-27,875.7000122070312,891.0,871.0,889.8499755859375,813.3469848632812,553126
2016-04-28,889.8499755859375,894.5,870.0,873.0999755859375,798.036865234375,1013142
2016-04-29,873.0,876.0,861.6500244140625,866.25,791.7759399414062,955985
2016-05-02,864.0,867.5,860.6500244140625,864.7999877929688,790.4506225585938,199724
2016-05-03,869.5,886.9000244140625,865.4000244140625,872.0,797.0316772460938,1073196
2016-05-04,872.0,879.0,864.0,873.5999755859375,798.4939575195312,469904
2016-05-05,874.0999755859375,875.4500122070312,862.4500122070312,867.0499877929688,792.5071411132812,402567
2016-05-06,863.9500122070312,890.0,861.5,889.0499877929688,812.6156616210938,1249025
2016-05-09,894.9500122070312,913.9000244140625,893.6500244140625,906.5999755859375,828.6567993164062,1355429
2016-05-10,904.9500122070312,908.25,893.4500122070312,898.3499755859375,821.1161499023438,1034271
2016-05-11,892.0,919.0,887.5,907.8499755859375,829.79931640625,2228431
2016-05-12,920.0,933.9000244140625,917.2000122070312,928.7999877929688,848.9482421875,2382775
2016-05-13,928.75,948.0,927.5999755859375,943.6500244140625,862.521728515625,2285317
2016-05-16,948.9500122070312,957.7999877929688,945.0,952.6500244140625,870.747802734375,1913343
2016-05-17,953.5,972.0,947.75,969.6500244140625,886.2863159179688,1770437
2016-05-18,969.0,971.0,952.4500122070312,963.25,880.4365844726562,1273835
2016-05-19,968.8499755859375,968.8499755859375,952.0499877929688,956.7999877929688,874.541259765625,1251713
2016-05-20,956.0,963.0,950.75,956.0,873.809814453125,972841
2016-05-23,959.9000244140625,960.0,943.6500244140625,946.5999755859375,865.2179565429688,726047
2016-05-24,952.4000244140625,962.4000244140625,941.7000122070312,956.25,874.0385131835938,490332
2016-05-25,963.1500244140625,985.0,962.7999877929688,982.25,897.8031616210938,815313
2016-05-26,988.5499877929688,999.5,973.4500122070312,991.8499755859375,906.5777587890625,1410903
2016-05-27,991.9000244140625,1001.7999877929688,986.4500122070312,998.25,912.4275512695312,1105534
2016-05-30,994.0,1004.25,978.4500122070312,984.9000244140625,900.225341796875,1487177
2016-05-31,988.0,995.5,980.7000122070312,984.8499755859375,900.1795654296875,1151373
2016-06-01,989.0499877929688,1025.0,989.0499877929688,1021.7000122070312,933.8613891601562,2068760
2016-06-02,1007.0,1029.0,996.5499877929688,1024.050048828125,936.0094604492188,2420319
2016-06-03,1023.5,1032.0999755859375,1013.5,1025.300048828125,937.1519775390625,2045789
2016-06-06,1017.0999755859375,1032.3499755859375,1016.5999755859375,1026.300048828125,938.0659790039062,1574228
2016-06-07,1025.3499755859375,1037.449951171875,1024.5999755859375,1032.75,943.9616088867188,755934
2016-06-08,1029.0,1029.0,1011.25,1018.0499877929688,930.525146484375,933533
2016-06-09,1018.0,1019.0,995.7000122070312,998.7999877929688,912.9300537109375,1024252
2016-06-10,994.9500122070312,999.0,989.5999755859375,992.0499877929688,906.7606201171875,1313970
2016-06-13,987.0,996.5,985.0999755859375,994.9000244140625,909.3655395507812,808571
2016-06-14,995.0,999.0,978.5999755859375,986.5,901.6876831054688,699283
2016-06-15,986.0,1002.0,986.0,998.4000244140625,912.5645141601562,731016
2016-06-16,993.75,1009.0,986.2000122070312,1006.5499877929688,924.9238891601562,740810
2016-06-17,1010.0,1014.8499755859375,994.0,999.5999755859375,918.5374145507812,365441
2016-06-20,994.9500122070312,997.0,986.25,991.5,911.0943603515625,627622
2016-06-21,990.0,991.0,977.2000122070312,982.0499877929688,902.410888671875,712870
2016-06-22,980.0,989.4500122070312,978.5,985.4500122070312,905.5350952148438,507154
2016-06-23,986.0999755859375,990.0,980.2999877929688,984.0999755859375,904.2945556640625,678141
2016-06-24,974.0999755859375,993.0,963.5999755859375,989.5499877929688,909.3025512695312,777600
2016-06-27,970.25,992.9500122070312,970.25,974.2999877929688,895.2892456054688,662651
2016-06-28,981.0,985.0,975.3499755859375,980.2000122070312,900.7107543945312,822749
2016-06-29,978.25,999.2999877929688,978.25,994.2000122070312,913.575439453125,711457
2016-06-30,1004.8499755859375,1009.0,996.0499877929688,1003.2999877929688,921.9374389648438,1039352
2016-07-01,1002.7999877929688,1011.0999755859375,995.4500122070312,1002.5,921.2024536132812,1314022
2016-07-04,1008.0,1017.0499877929688,998.2000122070312,1000.4000244140625,919.2726440429688,884699
2016-07-05,1003.0,1004.8499755859375,983.3499755859375,985.0999755859375,905.2133178710938,523870
2016-07-07,989.3499755859375,997.0,985.0,987.7000122070312,907.6025390625,757053
2016-07-08,992.9000244140625,1013.9000244140625,988.1500244140625,1010.7000122070312,928.7374267578125,1200518
2016-07-11,1020.0,1033.0,1017.8499755859375,1026.800048828125,943.5317993164062,1082293
2016-07-12,1028.800048828125,1037.9000244140625,1016.7999877929688,1020.4500122070312,937.6968383789062,1259777
2016-07-13,1029.0,1029.0,1006.4500122070312,1009.5,927.6346435546875,1319911
2016-07-14,1010.2000122070312,1025.5,1009.0,1017.5999755859375,935.0777587890625,754274
2016-07-15,1018.2000122070312,1031.5,1018.2000122070312,1025.9000244140625,942.7047729492188,671924
2016-07-18,1027.0999755859375,1044.9000244140625,1025.25,1028.5,945.0938720703125,721547
2016-07-19,1031.0,1037.5,1021.2000122070312,1030.699951171875,947.1155395507812,541334
2016-07-20,1029.25,1036.4000244140625,1020.0,1028.550048828125,945.1398315429688,529012
2016-07-21,1029.800048828125,1048.0,1026.550048828125,1042.699951171875,958.1422119140625,706661
2016-07-22,1047.8499755859375,1054.0,1042.050048828125,1047.050048828125,962.1395263671875,502766
2016-07-25,1049.300048828125,1074.4000244140625,1047.1500244140625,1070.6500244140625,983.8255615234375,734354
2016-07-26,1072.0999755859375,1074.949951171875,1055.0,1060.75,974.7286376953125,562982
2016-07-27,1069.9000244140625,1073.800048828125,1052.199951171875,1061.800048828125,975.6935424804688,765267
2016-07-28,1074.0,1153.800048828125,1068.0,1128.0,1036.52490234375,5831636
2016-07-29,1127.5,1137.699951171875,1102.25,1114.1500244140625,1023.7979736328125,1152956
2016-08-01,1119.5999755859375,1134.0,1115.050048828125,1120.9000244140625,1030.0008544921875,864041
2016-08-02,1129.699951171875,1142.5,1118.6500244140625,1123.3499755859375,1032.251953125,832931
2016-08-03,1132.449951171875,1147.1500244140625,1124.050048828125,1143.4000244140625,1050.6761474609375,1130691
2016-08-04,1152.050048828125,1154.5999755859375,1116.699951171875,1127.300048828125,1035.8818359375,1075876
2016-08-05,1131.0,1145.300048828125,1128.75,1143.3499755859375,1050.6302490234375,543090
2016-08-08,1153.0,1153.0,1136.0,1148.3499755859375,1055.224853515625,407801
2016-08-09,1153.5999755859375,1154.949951171875,1134.0,1146.5,1053.5244140625,541100
2016-08-10,1142.0999755859375,1148.449951171875,1128.0999755859375,1129.949951171875,1038.316650390625,788849
2016-08-11,1130.0,1147.5,1118.5999755859375,1145.0999755859375,1052.23828125,651399
2016-08-12,1143.0,1161.25,1125.4000244140625,1137.5,1045.2547607421875,795382
2016-08-16,1135.5,1147.800048828125,1126.9000244140625,1129.6500244140625,1038.0411376953125,921462
2016-08-17,1115.0,1127.699951171875,1108.1500244140625,1113.550048828125,1023.2470703125,742834
2016-08-18,1119.75,1119.75,1102.550048828125,1107.3499755859375,1017.5498657226562,1263890
2016-08-19,1101.3499755859375,1126.9000244140625,1101.3499755859375,1113.5,1023.20068359375,864966
2016-08-22,1121.0,1121.0,1105.0,1113.9000244140625,1023.5685424804688,827995
2016-08-23,1112.699951171875,1129.6500244140625,1108.1500244140625,1126.25,1034.9168701171875,684493
2016-08-24,1130.0,1130.199951171875,1115.5999755859375,1118.8499755859375,1028.1168212890625,417969
2016-08-25,1120.0999755859375,1126.5,1102.800048828125,1105.9000244140625,1016.2169799804688,554850
2016-08-26,1106.25,1127.550048828125,1091.050048828125,1123.300048828125,1032.2061767578125,869672
2016-08-29,1123.300048828125,1124.6500244140625,1104.1500244140625,1111.8499755859375,1021.6846923828125,452947
2016-08-30,1115.0,1148.0,1110.0,1146.199951171875,1053.2490234375,674826
2016-08-31,1157.0,1173.9000244140625,1149.0,1157.9000244140625,1063.9998779296875,1668417
2016-09-01,1159.8499755859375,1164.050048828125,1142.0,1156.949951171875,1063.12744140625,621894
2016-09-02,1158.949951171875,1172.0,1151.300048828125,1167.550048828125,1072.8675537109375,710106
2016-09-06,1175.0,1213.9000244140625,1170.5999755859375,1204.1500244140625,1106.4996337890625,1131704
2016-09-07,1208.0,1209.0,1170.699951171875,1177.199951171875,1081.7352294921875,1092266
2016-09-08,1179.0,1190.0,1171.0,1182.5999755859375,1086.6971435546875,888245
2016-09-09,1181.9000244140625,1181.9000244140625,1168.0,1171.75,1076.7269287109375,575102
2016-09-12,1156.3499755859375,1163.0,1137.0,1154.5999755859375,1060.9676513671875,465079
2016-09-14,1150.0999755859375,1178.949951171875,1150.0999755859375,1163.5999755859375,1069.2379150390625,704633
2016-09-15,1170.0,1175.5,1160.0,1173.550048828125,1078.381103515625,616127
2016-09-16,1173.5999755859375,1181.25,1152.0,1155.1500244140625,1061.473388671875,1136226
2016-09-19,1157.199951171875,1172.0,1157.199951171875,1163.5999755859375,1069.2379150390625,550698
2016-09-20,1164.0,1173.699951171875,1162.5999755859375,1165.050048828125,1070.5704345703125,966451
2016-09-21,1165.9000244140625,1176.0,1165.9000244140625,1170.5999755859375,1075.670166015625,615798
2016-09-22,1182.300048828125,1197.0,1175.0,1192.0,1095.3350830078125,913747
2016-09-23,1201.0,1203.5,1185.0,1191.199951171875,1094.599853515625,668223
2016-09-26,1195.0,1195.0,1174.9000244140625,1183.0,1087.0648193359375,817715
2016-09-27,1184.199951171875,1203.0,1184.199951171875,1192.550048828125,1095.84033203125,532323
2016-09-28,1193.0,1201.0,1188.0999755859375,1193.5,1096.713134765625,566690
2016-09-29,1194.3499755859375,1203.3499755859375,1160.0,1167.3499755859375,1072.6839599609375,1125599
2016-09-30,1167.0,1179.949951171875,1156.0,1160.699951171875,1066.5732421875,478253
2016-10-03,1170.0,1199.0,1165.4000244140625,1193.0,1096.2537841796875,747111
2016-10-04,1202.0,1203.0,1179.4000244140625,1192.550048828125,1095.84033203125,503642
2016-10-05,1188.0,1224.0,1185.0,1208.75,1110.7266845703125,1080751
2016-10-06,1210.0999755859375,1222.4000244140625,1201.699951171875,1209.5,1111.4156494140625,746006
2016-10-07,1208.0,1210.0,1180.800048828125,1184.5999755859375,1088.53466796875,873434
2016-10-10,1189.0,1219.0,1189.0,1212.6500244140625,1114.31005859375,570180
2016-10-13,1227.0,1227.300048828125,1208.8499755859375,1216.5999755859375,1117.939697265625,1391322
2016-10-14,1216.0999755859375,1220.0,1202.25,1205.75,1107.9698486328125,354200
2016-10-17,1208.0999755859375,1208.4000244140625,1178.5,1182.300048828125,1086.4215087890625,365921
2016-10-18,1186.4000244140625,1193.3499755859375,1165.550048828125,1174.5,1079.2540283203125,1339044
2016-10-19,1180.0,1184.1500244140625,1163.25,1169.300048828125,1074.475830078125,1201677
2016-10-20,1175.0,1177.0,1163.25,1165.75,1071.2137451171875,448785
2016-10-21,1172.9000244140625,1172.9000244140625,1144.4000244140625,1153.5,1059.95703125,948987
2016-10-24,1161.1500244140625,1162.0,1124.0999755859375,1127.5,1036.0655517578125,1287073
2016-10-25,1131.949951171875,1158.300048828125,1117.0999755859375,1139.75,1047.322021484375,3014876
2016-10-26,1153.300048828125,1157.0,1113.9000244140625,1123.0999755859375,1032.0223388671875,1323248
2016-10-27,1133.0,1134.4000244140625,1081.0,1085.449951171875,997.4256591796875,1764517
2016-10-28,1081.0,1096.949951171875,1066.050048828125,1069.9000244140625,983.1365356445312,1732990
2016-11-01,1077.0999755859375,1088.199951171875,1072.0,1076.699951171875,991.8416748046875,983171
2016-11-02,1067.9000244140625,1083.3499755859375,1055.3499755859375,1062.75,978.9912109375,872573
2016-11-03,1058.300048828125,1075.0,1033.449951171875,1037.1500244140625,955.4089965820312,1075107
2016-11-04,1039.199951171875,1054.800048828125,1035.0999755859375,1043.050048828125,960.8439331054688,976222
2016-11-07,1048.0,1059.5999755859375,1027.9000244140625,1037.3499755859375,955.5928955078125,829767
2016-11-08,1044.75,1060.0,1040.0,1057.0,973.6943359375,780312
2016-11-09,999.0,1058.0999755859375,952.0,1050.949951171875,968.1212768554688,2005884
2016-11-10,1056.0,1060.0,1008.0,1011.2999877929688,931.59619140625,1719037
2016-11-11,1000.0,1004.9500122070312,958.0,962.2999877929688,886.4580688476562,2665967
2016-11-15,970.9500122070312,970.9500122070312,869.0,890.7999877929688,820.5933227539062,5354021
2016-11-16,917.5,945.9000244140625,903.0,935.7000122070312,861.95458984375,3032067
2016-11-17,946.0,947.1500244140625,917.0,918.4500122070312,846.0638427734375,1310176
2016-11-18,925.9000244140625,928.9500122070312,899.8499755859375,908.2000122070312,836.6217651367188,1335202
2016-11-21,918.0,918.0,891.75,900.0,829.0680541992188,1639425
2016-11-22,908.0,912.9500122070312,895.0,907.75,836.2072143554688,1678288
2016-11-23,915.9000244140625,946.4000244140625,912.0,942.0499877929688,867.8040771484375,2371811
2016-11-24,938.25,965.75,932.0499877929688,936.0999755859375,862.3229370117188,2908165
2016-11-25,943.9000244140625,953.2999877929688,938.7999877929688,945.4500122070312,870.9359741210938,1460489
2016-11-28,950.0,968.6500244140625,933.5,936.0999755859375,862.3229370117188,1335539
2016-11-29,940.4000244140625,967.0,935.2000122070312,958.5499877929688,883.0036010742188,2507536
2016-11-30,967.9500122070312,974.9000244140625,952.5499877929688,969.9000244140625,893.458984375,4460941
2016-12-01,967.0,968.0,936.0,939.1500244140625,865.132568359375,1517103
2016-12-02,936.0,936.5,902.0,904.8499755859375,833.5357666015625,2139914
2016-12-05,910.0,941.5999755859375,895.25,937.6500244140625,863.7508544921875,1881935
2016-12-06,940.9000244140625,944.7000122070312,924.1500244140625,934.1500244140625,860.526611328125,889147
2016-12-07,936.0,948.5,928.2000122070312,932.2000122070312,858.7302856445312,809152
2016-12-08,941.9500122070312,947.5499877929688,929.7999877929688,936.1500244140625,862.3690185546875,1024529
2016-12-09,942.0,953.9500122070312,935.0499877929688,941.75,867.527587890625,1600112
2016-12-12,931.2999877929688,937.1500244140625,909.0,910.25,838.51025390625,1531811
2016-12-13,915.0,915.0,895.0,906.75,835.2860717773438,1572248
2016-12-14,908.0,923.2000122070312,908.0,914.3499755859375,842.2869873046875,944657
2016-12-15,909.6500244140625,916.75,901.7000122070312,903.0,831.8316040039062,958978
2016-12-16,911.9500122070312,911.9500122070312,898.0,899.9000244140625,828.9759521484375,1041676
2016-12-19,901.4000244140625,902.0,875.0999755859375,878.4000244140625,809.170654296875,1905631
2016-12-20,875.5,882.0,860.0499877929688,865.7000122070312,797.4713134765625,1811388
2016-12-21,867.2000122070312,876.5,861.5499877929688,865.5499877929688,797.3333129882812,1321988
2016-12-22,865.5499877929688,874.2999877929688,851.0999755859375,870.2999877929688,801.708740234375,1472349
2016-12-23,875.0,885.0,861.5,874.0,805.1172485351562,1325637
2016-12-26,874.0,885.0,860.0,867.7999877929688,799.4058837890625,1313467
2016-12-27,871.9000244140625,877.7999877929688,863.4000244140625,876.0,806.9595947265625,846898
2016-12-28,876.0,890.0,869.5499877929688,875.7000122070312,806.68310546875,1093720
2016-12-29,879.0,887.0,877.0,880.0499877929688,810.6903076171875,1203203
2016-12-30,884.9500122070312,895.0,882.5,891.0499877929688,820.8234252929688,935476
2017-01-02,893.0,907.5,882.25,904.6500244140625,833.3516235351562,1031421
2017-01-03,910.0,910.0,893.4500122070312,896.5999755859375,825.93603515625,2068282
2017-01-04,901.9000244140625,914.5,897.0,906.5999755859375,835.1478881835938,1408241
2017-01-05,913.9000244140625,919.9000244140625,901.5,916.5,844.2676391601562,2569365
2017-01-06,918.0,932.5,914.5999755859375,929.5,856.2431640625,1717545
2017-01-09,932.0,933.0499877929688,906.0,910.0999755859375,838.3720092773438,1356124
2017-01-10,915.0,929.0,907.9500122070312,923.5999755859375,850.8080444335938,1735052
2017-01-11,926.5,940.5999755859375,921.5,934.6500244140625,860.9872436523438,1236472
2017-01-12,935.0,939.3499755859375,926.2999877929688,933.5499877929688,859.9738159179688,955700
2017-01-13,935.5499877929688,938.2000122070312,927.1500244140625,933.25,859.6976318359375,770385
2017-01-16,930.0,941.5499877929688,926.9000244140625,935.25,861.5399169921875,889759
2017-01-17,940.0,963.5,937.0,960.1500244140625,884.4774780273438,1742445
2017-01-18,960.1500244140625,972.4500122070312,960.0,963.3499755859375,887.4252319335938,1216887
2017-01-19,965.0999755859375,965.75,954.4000244140625,962.7000122070312,886.8264770507812,770727
2017-01-20,960.2999877929688,977.8499755859375,954.1500244140625,967.2000122070312,890.9717407226562,2190366
2017-01-23,967.4000244140625,973.5499877929688,957.75,964.7000122070312,888.6687622070312,1206139
2017-01-24,963.5,979.8499755859375,953.5999755859375,973.4500122070312,896.7291259765625,1748158
2017-01-25,979.0,981.3499755859375,971.1500244140625,977.7000122070312,900.644287109375,1128224
2017-01-27,979.7999877929688,989.5999755859375,964.0999755859375,969.5999755859375,893.1826171875,1043635
2017-01-30,969.0,979.0,963.0,973.2000122070312,896.4989624023438,572175
2017-01-31,972.7999877929688,977.5,964.0,970.7000122070312,894.1959838867188,603928
2017-02-01,970.7000122070312,1001.0499877929688,970.2000122070312,991.0,912.8960571289062,1241463
2017-02-02,989.4500122070312,995.0,981.9500122070312,989.0,911.0537109375,1365514
2017-02-03,990.0,993.9000244140625,981.0499877929688,985.9000244140625,908.197998046875,465754
2017-02-06,990.0999755859375,1004.9500122070312,985.5,992.5,914.2778930664062,744278
2017-02-07,992.0,1003.9500122070312,990.2000122070312,999.2999877929688,920.5418090820312,577723
2017-02-08,999.2999877929688,1009.9000244140625,981.0,997.7000122070312,919.0680541992188,1192386
2017-02-09,999.0,1005.0,991.0,1002.8499755859375,923.8121948242188,493191
2017-02-10,1005.9000244140625,1009.0,990.5,993.0499877929688,914.784423828125,479738
2017-02-13,995.0,1000.0,981.5,984.75,907.1387329101562,643641
2017-02-14,988.0,988.0499877929688,970.0,980.7999877929688,903.5000610351562,604108
2017-02-15,981.2000122070312,986.9500122070312,976.0,981.7000122070312,904.3290405273438,600970
2017-02-16,985.0,989.5499877929688,967.75,969.9000244140625,893.458984375,932357
2017-02-17,973.0,973.4000244140625,955.5999755859375,960.7999877929688,885.0762329101562,1142332
2017-02-20,961.0,979.9500122070312,953.8499755859375,975.75,898.847900390625,1092302
2017-02-21,977.7000122070312,993.9500122070312,976.2999877929688,991.5,913.3566284179688,885074
2017-02-22,995.0999755859375,1025.75,993.9000244140625,1020.2999877929688,939.8869018554688,2809160
2017-02-23,1030.0,1030.0,1005.3499755859375,1009.0,929.4774780273438,1580357
2017-02-27,1010.0,1018.5499877929688,999.0,1001.9500122070312,922.9832153320312,738246
2017-02-28,1003.0999755859375,1026.800048828125,998.1500244140625,1024.199951171875,943.479248046875,1368244
2017-03-01,1030.0,1040.0,1026.050048828125,1032.75,951.355712890625,1124115
2017-03-02,1037.9000244140625,1044.75,1026.4000244140625,1028.75,947.6710205078125,1037442
2017-03-03,1027.050048828125,1027.050048828125,1006.0,1013.7000122070312,933.8070068359375,596208
2017-03-06,1020.0,1033.800048828125,1016.0,1029.4000244140625,948.2696533203125,559268
2017-03-07,1030.550048828125,1032.5999755859375,1020.5,1023.9500122070312,943.2490844726562,429279
2017-03-08,1024.0,1034.75,1015.0,1022.5499877929688,941.95947265625,1164247
2017-03-09,1028.5,1040.800048828125,1025.0,1031.0999755859375,949.835693359375,827512
2017-03-10,1024.0999755859375,1037.199951171875,1024.0999755859375,1030.25,949.0526733398438,579487
2017-03-14,1049.800048828125,1077.800048828125,1040.5999755859375,1071.4000244140625,986.9595947265625,1640301
2017-03-15,1068.0,1075.5,1061.0999755859375,1064.050048828125,980.1885375976562,619852
2017-03-16,1071.25,1089.5,1068.25,1087.550048828125,1001.836669921875,1382416
2017-03-17,1090.25,1092.199951171875,1075.0,1079.449951171875,994.3749389648438,782439
2017-03-20,1081.800048828125,1083.0,1067.1500244140625,1079.699951171875,994.60546875,423077
2017-03-21,1081.949951171875,1084.949951171875,1063.449951171875,1068.699951171875,984.4720458984375,1431610
2017-03-22,1058.0,1064.1500244140625,1048.550048828125,1057.8499755859375,974.4772338867188,661176
2017-03-23,1060.0,1070.0,1054.0,1061.5999755859375,977.9319458007812,466635
2017-03-24,1062.800048828125,1073.0,1061.050048828125,1064.25,980.3731079101562,435183
2017-03-27,1068.0,1068.0,1039.949951171875,1042.9000244140625,960.70556640625,833514
2017-03-28,1045.0,1061.949951171875,1045.0,1057.8499755859375,974.4772338867188,452398
2017-03-29,1062.0,1079.0,1057.8499755859375,1068.0999755859375,983.9196166992188,1345902
2017-03-30,1068.0999755859375,1074.699951171875,1062.0,1070.0999755859375,985.761962890625,1171200
2017-03-31,1070.0,1079.5,1065.0,1073.5,988.89404296875,937954
2017-04-03,1074.699951171875,1098.449951171875,1068.5,1089.8499755859375,1003.9554443359375,790370
2017-04-05,1094.0,1094.6500244140625,1068.800048828125,1082.550048828125,997.23095703125,927397
2017-04-06,1078.4000244140625,1089.0,1071.5,1086.9000244140625,1001.2379150390625,690411
2017-04-07,1077.0,1089.9000244140625,1073.0999755859375,1082.949951171875,997.5989990234375,837821
2017-04-10,1078.4000244140625,1080.449951171875,1057.050048828125,1059.199951171875,975.7210083007812,757492
2017-04-11,1063.699951171875,1076.75,1056.550048828125,1072.5,987.97265625,731062
2017-04-12,1075.5,1081.9000244140625,1063.0999755859375,1070.449951171875,986.08447265625,719256
2017-04-13,1070.449951171875,1081.4000244140625,1066.1500244140625,1078.300048828125,993.3157958984375,328677
2017-04-17,1079.550048828125,1080.0,1056.449951171875,1059.3499755859375,975.859130859375,506747
2017-04-18,1062.4000244140625,1068.949951171875,1037.300048828125,1040.449951171875,958.4485473632812,722855
2017-04-19,1044.0,1056.0,1033.699951171875,1048.9000244140625,966.2329711914062,398732
2017-04-20,1056.0,1062.75,1042.5,1058.800048828125,975.3527221679688,493562
2017-04-21,1065.9000244140625,1071.5,1054.199951171875,1065.449951171875,981.4783935546875,701515
2017-04-24,1066.0999755859375,1074.3499755859375,1063.699951171875,1069.949951171875,985.6236572265625,363436
2017-04-25,1074.699951171875,1101.949951171875,1070.0,1097.9000244140625,1011.370849609375,1060527
2017-04-26,1104.9000244140625,1122.0,1092.75,1104.6500244140625,1017.5888061523438,1870316
2017-04-27,1104.9000244140625,1109.550048828125,1092.0,1105.3499755859375,1018.2337036132812,666287
2017-04-28,1106.5999755859375,1124.949951171875,1105.3499755859375,1120.449951171875,1032.1434326171875,1012065
2017-05-02,1123.0999755859375,1137.5,1100.0,1112.0999755859375,1024.4520263671875,1031522
2017-05-03,1116.0,1123.949951171875,1113.0,1118.9000244140625,1030.716064453125,476101
2017-05-04,1118.9000244140625,1135.0,1117.5999755859375,1132.5999755859375,1043.3359375,878814
2017-05-05,1135.0,1160.0,1134.0,1146.800048828125,1056.4168701171875,1518367
2017-05-08,1150.0,1173.0,1143.4000244140625,1167.3499755859375,1075.347412109375,672001
2017-05-09,1172.449951171875,1176.8499755859375,1160.0999755859375,1165.300048828125,1073.458984375,734416
2017-05-10,1167.0999755859375,1182.0,1148.1500244140625,1158.300048828125,1067.010498046875,1004939
2017-05-11,1159.0,1178.9000244140625,1152.300048828125,1166.449951171875,1074.517822265625,1003768
2017-05-12,1170.199951171875,1179.0,1127.0,1132.949951171875,1043.658447265625,2500503
2017-05-15,1142.9000244140625,1149.9000244140625,1135.0,1148.050048828125,1057.5684814453125,729473
2017-05-16,1148.9000244140625,1149.699951171875,1129.5999755859375,1142.8499755859375,1052.7779541015625,913600
2017-05-17,1143.0,1159.0,1136.550048828125,1154.949951171875,1063.9248046875,579709
2017-05-18,1147.1500244140625,1159.800048828125,1140.0,1151.3499755859375,1060.6085205078125,702003
2017-05-19,1139.8499755859375,1144.800048828125,1098.800048828125,1123.1500244140625,1034.630859375,1732673
2017-05-22,1124.25,1137.8499755859375,1104.0,1112.550048828125,1024.8668212890625,1058940
2017-05-23,1119.949951171875,1126.550048828125,1091.449951171875,1098.9000244140625,1012.2924194335938,1374392
2017-05-24,1095.0,1107.050048828125,1080.5,1091.199951171875,1005.1987915039062,1551698
2017-05-25,1095.550048828125,1125.0,1090.050048828125,1113.199951171875,1025.4649658203125,1226634
2017-05-26,1124.949951171875,1148.800048828125,1124.0,1132.449951171875,1043.1978759765625,915210
2017-05-29,1125.0,1150.0,1125.0,1146.550048828125,1056.1868896484375,460152
2017-05-30,1150.0,1166.0999755859375,1147.0,1159.449951171875,1068.0699462890625,460978
2017-05-31,1159.0,1165.0,1144.550048828125,1151.199951171875,1060.4700927734375,1488564
2017-06-01,1150.0,1162.0,1133.0999755859375,1160.449951171875,1068.9912109375,578030
2017-06-02,1161.199951171875,1174.9000244140625,1160.199951171875,1164.300048828125,1072.5377197265625,437401
2017-06-05,1165.0,1176.4000244140625,1159.5,1161.550048828125,1070.0042724609375,425935
2017-06-06,1162.1500244140625,1165.300048828125,1141.050048828125,1153.1500244140625,1062.2666015625,787798
2017-06-07,1154.0,1168.0,1146.0,1161.5,1069.95849609375,531046
2017-06-08,1174.800048828125,1174.800048828125,1140.199951171875,1143.300048828125,1053.192626953125,1202971
2017-06-09,1145.0,1157.5999755859375,1132.1500244140625,1155.75,1064.66162109375,559008
2017-06-12,1154.4000244140625,1158.6500244140625,1142.5999755859375,1150.699951171875,1060.0093994140625,649908
2017-06-13,1151.199951171875,1154.25,1142.25,1149.699951171875,1059.088134765625,855507
2017-06-14,1151.0,1152.8499755859375,1126.25,1149.5999755859375,1058.99609375,931530
2017-06-15,1148.0,1150.0,1133.3499755859375,1140.300048828125,1057.466064453125,1003963
2017-06-16,1142.699951171875,1149.800048828125,1128.449951171875,1145.4000244140625,1062.195556640625,1184164
2017-06-19,1149.0,1158.0,1137.949951171875,1154.1500244140625,1070.3101806640625,808994
2017-06-20,1155.0999755859375,1156.8499755859375,1144.5,1149.449951171875,1065.9512939453125,804319
2017-06-21,1158.0,1160.4000244140625,1149.9000244140625,1155.4000244140625,1071.46923828125,553929
2017-06-22,1157.0,1171.0,1156.5999755859375,1162.550048828125,1078.0999755859375,651018
2017-06-23,1163.0,1164.5,1146.0999755859375,1153.6500244140625,1069.846435546875,596082
2017-06-27,1157.0,1168.3499755859375,1130.0,1134.1500244140625,1051.7630615234375,484244
2017-06-28,1125.0,1128.8499755859375,1099.0,1109.1500244140625,1028.5789794921875,930404
2017-06-29,1112.0,1126.949951171875,1100.0,1104.550048828125,1024.31298828125,460382
2017-06-30,1099.949951171875,1112.0,1083.300048828125,1102.949951171875,1022.8291625976562,617697
2017-07-03,1107.0,1123.449951171875,1104.199951171875,1120.25,1038.873046875,512386
2017-07-04,1123.800048828125,1126.449951171875,1106.800048828125,1108.550048828125,1028.0228271484375,549148
2017-07-05,1108.550048828125,1135.0,1108.550048828125,1126.6500244140625,1044.8077392578125,837353
2017-07-06,1135.0,1144.0,1127.8499755859375,1132.1500244140625,1049.9080810546875,532283
2017-07-07,1135.0,1135.4000244140625,1112.050048828125,1115.449951171875,1034.421142578125,364301
2017-07-10,1120.25,1160.949951171875,1116.050048828125,1127.75,1045.8277587890625,70264
2017-07-11,1125.0,1135.0,1122.5999755859375,1131.75,1049.5372314453125,532133
2017-07-12,1136.0,1137.4000244140625,1124.0999755859375,1133.699951171875,1051.3455810546875,373345
2017-07-13,1139.800048828125,1144.25,1121.25,1125.5,1043.7413330078125,764694
2017-07-14,1128.25,1128.949951171875,1112.050048828125,1117.3499755859375,1036.18310546875,872831
2017-07-17,1120.5999755859375,1128.699951171875,1115.25,1125.449951171875,1043.6944580078125,1260921
2017-07-18,1118.0,1150.0,1117.0,1146.5999755859375,1063.308349609375,648737
2017-07-19,1154.949951171875,1158.0,1146.050048828125,1155.8499755859375,1071.886474609375,964588
2017-07-20,1156.9000244140625,1157.8499755859375,1133.949951171875,1155.550048828125,1071.6085205078125,1287749
2017-07-21,1156.0,1172.5,1148.0,1156.0999755859375,1072.1185302734375,2017663
2017-07-24,1151.5999755859375,1159.5,1140.0,1155.75,1071.7939453125,2063340
2017-07-25,1160.050048828125,1165.0,1140.0,1150.0999755859375,1066.5540771484375,2963793
2017-07-26,1134.0,1144.800048828125,1126.0,1134.0,1051.623779296875,1973462
2017-07-27,1136.550048828125,1153.0,1136.050048828125,1148.800048828125,1065.3486328125,1033335
2017-07-28,1148.0,1156.9000244140625,1139.0,1153.25,1069.4754638671875,616845
2017-07-31,1154.1500244140625,1164.0,1146.0999755859375,1161.699951171875,1077.3118896484375,777721
2017-08-01,1162.0,1163.0,1140.5,1148.199951171875,1064.7923583984375,1176561
2017-08-02,1150.0,1152.0,1135.0,1144.5,1061.361328125,848781
2017-08-03,1143.0,1148.9000244140625,1127.0999755859375,1146.0999755859375,1062.8448486328125,997619
2017-08-04,1144.0,1159.949951171875,1140.6500244140625,1157.300048828125,1073.23095703125,529318
2017-08-07,1160.0,1160.75,1142.4000244140625,1149.6500244140625,1066.1370849609375,576280
2017-08-08,1146.0,1151.5,1139.0999755859375,1147.3499755859375,1064.004150390625,600256
2017-08-09,1147.800048828125,1158.9000244140625,1140.0999755859375,1155.550048828125,1071.6085205078125,530763
2017-08-10,1154.0,1160.300048828125,1146.0,1151.0999755859375,1067.481689453125,649594
2017-08-11,1135.6500244140625,1148.75,1121.199951171875,1143.9000244140625,1060.8048095703125,843233
2017-08-14,1149.449951171875,1163.699951171875,1145.0,1154.0,1070.1708984375,511994
2017-08-16,1154.3499755859375,1155.300048828125,1129.0,1141.300048828125,1058.3931884765625,857454
2017-08-17,1141.300048828125,1142.800048828125,1132.0,1134.949951171875,1052.5048828125,494638
2017-08-18,1131.949951171875,1142.449951171875,1123.0,1140.0,1057.18798828125,357491
2017-08-21,1141.800048828125,1141.800048828125,1128.5,1134.449951171875,1052.0411376953125,456594
2017-08-22,1140.0999755859375,1142.5999755859375,1125.949951171875,1129.449951171875,1047.404052734375,568911
2017-08-23,1131.800048828125,1144.5,1114.0,1141.300048828125,1058.3931884765625,513036
2017-08-24,1140.4000244140625,1145.0,1131.0,1135.5999755859375,1053.107666015625,483362
2017-08-28,1131.5,1159.75,1126.0999755859375,1155.9000244140625,1071.93310546875,751938
2017-08-29,1155.0,1155.0,1139.300048828125,1151.699951171875,1068.0379638671875,578071
2017-08-30,1149.9000244140625,1160.3499755859375,1144.300048828125,1153.3499755859375,1069.5682373046875,674280
2017-08-31,1146.3499755859375,1174.0,1144.300048828125,1168.550048828125,1083.6640625,1131097
2017-09-01,1174.199951171875,1219.0,1166.0,1215.9000244140625,1127.57421875,1523879
2017-09-04,1215.9000244140625,1215.9000244140625,1192.0,1197.050048828125,1110.0938720703125,682612
2017-09-05,1201.25,1223.050048828125,1200.4000244140625,1206.3499755859375,1118.7181396484375,714964
2017-09-06,1198.3499755859375,1213.449951171875,1198.0,1206.050048828125,1118.4400634765625,370400
2017-09-07,1218.0,1218.800048828125,1193.949951171875,1198.6500244140625,1111.5775146484375,832839
2017-09-08,1195.0,1206.0,1190.0,1203.949951171875,1116.492431640625,477517
2017-09-11,1206.0,1241.0,1199.5999755859375,1238.050048828125,1148.1153564453125,843302
2017-09-12,1242.0,1259.949951171875,1236.050048828125,1256.3499755859375,1165.086181640625,1461215
2017-09-13,1250.050048828125,1262.0,1249.0,1254.949951171875,1163.78759765625,913364
2017-09-14,1258.0,1262.0,1241.0,1246.050048828125,1155.5345458984375,754072
2017-09-15,1230.5,1249.6500244140625,1226.199951171875,1245.5,1155.0240478515625,912016
2017-09-18,1250.0,1261.0,1248.800048828125,1255.949951171875,1164.715087890625,419287
2017-09-19,1262.0,1262.0,1249.199951171875,1253.300048828125,1162.2576904296875,464997
2017-09-20,1256.5,1256.9000244140625,1235.0,1237.300048828125,1147.4197998046875,473176
2017-09-21,1238.0,1247.25,1224.949951171875,1229.0999755859375,1139.8154296875,772766
2017-09-22,1218.050048828125,1230.199951171875,1204.9000244140625,1213.25,1125.1168212890625,896125
2017-09-25,1205.1500244140625,1213.449951171875,1192.0,1196.949951171875,1110.000732421875,917093
2017-09-26,1187.0,1189.75,1164.0,1174.0,1088.7177734375,740276
2017-09-27,1173.0999755859375,1178.550048828125,1152.8499755859375,1160.0,1075.7349853515625,786410
2017-09-28,1155.0,1165.0,1123.0,1130.0,1047.914306640625,2353175
2017-09-29,1130.0,1144.949951171875,1127.0,1131.699951171875,1049.4908447265625,791548
2017-10-03,1141.300048828125,1160.0,1135.5,1148.800048828125,1065.3486328125,834092
2017-10-04,1154.0,1167.0999755859375,1147.550048828125,1154.050048828125,1070.2171630859375,626750
2017-10-05,1149.6500244140625,1161.5,1147.5999755859375,1153.25,1069.4754638671875,327057
2017-10-06,1155.0,1169.699951171875,1153.0,1157.300048828125,1073.23095703125,344962
2017-10-09,1169.800048828125,1169.800048828125,1152.800048828125,1158.5999755859375,1074.4368896484375,363972
2017-10-10,1156.0,1166.949951171875,1154.0,1163.0,1078.5172119140625,316767
2017-10-11,1170.0,1175.75,1155.0,1160.5999755859375,1076.2911376953125,602214
2017-10-12,1156.5,1162.0,1146.050048828125,1158.800048828125,1074.6221923828125,658884
2017-10-13,1158.800048828125,1177.0999755859375,1154.1500244140625,1174.25,1088.9498291015625,417081
2017-10-16,1181.0,1185.0,1166.0,1171.050048828125,1085.9822998046875,689380
2017-10-17,1170.0,1200.0,1170.0,1197.1500244140625,1110.1866455078125,979278
2017-10-18,1197.800048828125,1197.800048828125,1170.0,1179.6500244140625,1093.957763671875,523048
2017-10-19,1175.0,1183.25,1171.1500244140625,1178.5,1092.891357421875,77085
2017-10-23,1184.449951171875,1191.8499755859375,1159.0,1174.1500244140625,1088.8572998046875,698954
2017-10-24,1175.0,1234.0,1175.0,1222.9000244140625,1134.066162109375,2345084
2017-10-25,1222.9000244140625,1232.050048828125,1195.0,1201.699951171875,1114.4058837890625,1015698
2017-10-26,1194.0,1203.6500244140625,1180.699951171875,1191.1500244140625,1104.6221923828125,808543
2017-10-27,1193.9000244140625,1195.0,1178.5999755859375,1184.550048828125,1098.501708984375,346755
2017-10-30,1185.0,1198.800048828125,1179.550048828125,1182.550048828125,1096.6468505859375,280643
2017-10-31,1182.0,1188.8499755859375,1176.1500244140625,1180.8499755859375,1097.5301513671875,279632
2017-11-01,1185.0,1188.550048828125,1174.0,1175.949951171875,1092.9754638671875,260543
2017-11-02,1176.4000244140625,1181.949951171875,1166.0,1178.4000244140625,1095.252685546875,245949
2017-11-03,1182.449951171875,1183.0999755859375,1167.300048828125,1172.449951171875,1089.722900390625,258595
2017-11-06,1168.0,1173.0999755859375,1155.0,1162.3499755859375,1080.33544921875,314729
2017-11-07,1158.0,1164.6500244140625,1132.5,1141.449951171875,1060.91015625,758497
2017-11-08,1147.0999755859375,1179.4000244140625,1145.050048828125,1172.199951171875,1089.490234375,691775
2017-11-09,1177.8499755859375,1198.449951171875,1173.5999755859375,1195.5999755859375,1111.239013671875,884722
2017-11-10,1194.9000244140625,1194.9000244140625,1160.0,1178.5999755859375,1095.4385986328125,1130647
2017-11-13,1184.0,1189.5,1168.8499755859375,1174.949951171875,1092.04638671875,363501
2017-11-14,1174.949951171875,1176.0,1152.4000244140625,1155.050048828125,1073.5506591796875,547558
2017-11-15,1155.0,1190.0,1151.050048828125,1181.550048828125,1098.1806640625,829732
2017-11-16,1183.0,1189.0,1175.0,1179.550048828125,1096.32177734375,429230
2017-11-17,1186.0,1193.9000244140625,1166.0,1171.300048828125,1088.65380859375,454013
2017-11-20,1173.0,1176.449951171875,1159.6500244140625,1166.3499755859375,1084.0533447265625,255840
2017-11-21,1168.5999755859375,1175.0,1156.0,1160.300048828125,1078.4300537109375,421268
2017-11-22,1162.5,1176.5,1155.0,1174.300048828125,1091.442138671875,731572
2017-11-23,1175.5,1177.9000244140625,1157.050048828125,1159.5999755859375,1077.7791748046875,482632
2017-11-24,1164.0,1164.0,1148.1500244140625,1159.5999755859375,1077.7791748046875,406704
2017-11-27,1158.0,1160.0,1146.0999755859375,1156.5,1074.8983154296875,373156
2017-11-28,1157.5,1174.9000244140625,1150.1500244140625,1171.0,1088.3751220703125,445227
2017-11-29,1166.0,1176.3499755859375,1148.25,1153.8499755859375,1072.43505859375,516698
2017-11-30,1150.25,1158.0,1141.3499755859375,1146.75,1065.8359375,1433116
2017-12-01,1147.199951171875,1154.0,1130.25,1133.75,1053.7530517578125,397188
2017-12-04,1145.449951171875,1145.449951171875,1117.0,1121.0,1041.9029541015625,455769
2017-12-05,1122.0,1124.1500244140625,1108.050048828125,1115.0,1036.326416015625,702853
2017-12-06,1114.800048828125,1114.949951171875,1099.0,1104.3499755859375,1026.427734375,723473
2017-12-07,1108.0,1151.0,1106.8499755859375,1144.4000244140625,1063.6519775390625,986078
2017-12-08,1144.949951171875,1153.5,1130.0999755859375,1135.5,1055.3798828125,593327
2017-12-11,1142.0,1142.699951171875,1123.4000244140625,1125.8499755859375,1046.41064453125,551772
2017-12-12,1131.8499755859375,1131.8499755859375,1101.0,1117.4000244140625,1038.5572509765625,1060836
2017-12-13,1117.9000244140625,1137.5,1110.0,1116.550048828125,1037.7666015625,646677
2017-12-14,1122.0,1129.550048828125,1115.4000244140625,1123.449951171875,1044.179931640625,543059
2017-12-15,1129.0,1134.699951171875,1116.0,1118.699951171875,1039.765380859375,897594
2017-12-18,1120.0,1139.949951171875,1110.0,1137.1500244140625,1056.9134521484375,622558
2017-12-19,1149.0,1149.5,1130.949951171875,1137.699951171875,1057.4244384765625,459494
2017-12-20,1137.5,1141.949951171875,1125.0,1135.5,1055.3798828125,458160
2017-12-21,1140.949951171875,1144.0,1130.4000244140625,1137.9000244140625,1057.610595703125,460388
2017-12-22,1137.0,1142.5,1132.5,1138.0,1057.703369140625,377780
2017-12-26,1142.0,1155.5999755859375,1140.199951171875,1150.75,1069.553955078125,820589
2017-12-27,1150.0,1157.0,1142.0,1149.050048828125,1067.97412109375,611258
2017-12-28,1146.0,1154.3499755859375,1138.3499755859375,1144.4000244140625,1063.6519775390625,536350
2017-12-29,1145.0999755859375,1172.5,1142.050048828125,1158.5,1076.757080078125,965848
2018-01-01,1163.0,1165.0,1138.0999755859375,1143.6500244140625,1062.9552001953125,591349
2018-01-02,1146.0,1150.0,1134.050048828125,1142.75,1062.1182861328125,516171
2018-01-03,1149.0,1149.0,1135.300048828125,1141.9000244140625,1061.3280029296875,593809
2018-01-04,1149.0,1178.0,1145.9000244140625,1172.050048828125,1089.3509521484375,729965
2018-01-05,1178.0,1192.0,1167.449951171875,1185.25,1101.6197509765625,1151320
2018-01-08,1190.0,1190.8499755859375,1173.5,1182.0,1098.598876953125,928875
2018-01-09,1183.0999755859375,1197.199951171875,1175.0999755859375,1193.050048828125,1108.868896484375,699621
2018-01-10,1186.0,1189.0999755859375,1171.0999755859375,1177.4000244140625,1094.3233642578125,1102382
2018-01-11,1179.9000244140625,1189.949951171875,1170.0,1188.949951171875,1105.058349609375,475476
2018-01-12,1187.0,1192.550048828125,1176.0,1189.699951171875,1105.755615234375,390841
2018-01-15,1189.6500244140625,1208.199951171875,1182.449951171875,1204.050048828125,1119.0931396484375,723833
2018-01-16,1204.050048828125,1204.050048828125,1184.0,1188.75,1104.87255859375,557253
2018-01-17,1186.800048828125,1196.4000244140625,1178.4000244140625,1193.75,1109.5196533203125,506648
2018-01-18,1195.0,1204.0999755859375,1181.0,1188.25,1104.40771484375,500762
2018-01-19,1183.0999755859375,1195.0,1177.9000244140625,1189.9000244140625,1105.9415283203125,722692
2018-01-22,1192.0,1193.699951171875,1164.0999755859375,1176.0,1093.0223388671875,942542
2018-01-23,1176.0,1177.8499755859375,1156.199951171875,1169.9000244140625,1087.3529052734375,1841634
2018-01-24,1170.0,1171.6500244140625,1145.050048828125,1151.050048828125,1069.83251953125,1122469
2018-01-25,1148.0,1161.4000244140625,1143.449951171875,1150.449951171875,1069.2747802734375,1563047
2018-01-29,1154.0,1164.25,1147.5999755859375,1152.050048828125,1070.7620849609375,1538762
2018-01-30,1151.0,1152.0,1123.449951171875,1126.699951171875,1047.20068359375,1404578
2018-01-31,1128.0,1139.800048828125,1124.0,1128.300048828125,1048.687744140625,961596
2018-02-01,1126.0,1157.3499755859375,1126.0,1153.0,1071.64501953125,1103162
2018-02-02,1148.0,1148.0,1123.949951171875,1137.9000244140625,1057.610595703125,872105
2018-02-05,1121.199951171875,1140.0,1114.300048828125,1134.0999755859375,1054.0784912109375,1263378
2018-02-06,1110.0,1127.0,1090.0999755859375,1110.25,1031.9114990234375,1055719
2018-02-07,1115.0,1125.199951171875,1106.550048828125,1121.0999755859375,1041.99609375,854461
2018-02-08,1128.0,1131.300048828125,1110.0,1124.050048828125,1044.73779296875,1185917
2018-02-09,1101.0,1142.25,1101.0,1130.75,1050.96484375,666922
2018-02-12,1138.0,1150.0,1135.9000244140625,1144.4000244140625,1063.6519775390625,646362
2018-02-14,1144.0,1144.0,1127.0,1139.1500244140625,1058.7723388671875,691596
2018-02-15,1135.0,1139.9000244140625,1123.0,1135.449951171875,1055.3331298828125,471072
2018-02-16,1136.5,1147.0,1130.0,1143.8499755859375,1063.140625,734476
2018-02-19,1145.0,1145.800048828125,1111.550048828125,1120.3499755859375,1041.2989501953125,443677
2018-02-20,1123.949951171875,1136.0,1112.75,1126.4000244140625,1046.922119140625,662281
2018-02-21,1132.3499755859375,1133.25,1115.0,1127.199951171875,1047.66552734375,720563
2018-02-22,1122.699951171875,1126.4000244140625,1101.0,1118.0999755859375,1039.2073974609375,1559398
2018-02-23,1117.050048828125,1117.050048828125,1098.9000244140625,1101.800048828125,1024.057861328125,1140118
2018-02-26,1110.0,1110.0,1095.4000244140625,1104.800048828125,1026.8458251953125,1170283
2018-02-27,1104.800048828125,1113.0,1098.949951171875,1110.3499755859375,1032.0045166015625,610498
2018-02-28,1104.0,1124.0,1099.25,1117.75,1038.8822021484375,1006756
2018-03-01,1120.0,1124.199951171875,1108.0,1118.9000244140625,1039.9512939453125,736217
2018-03-05,1110.25,1114.8499755859375,1100.0,1105.949951171875,1027.9151611328125,529677
2018-03-06,1112.5999755859375,1112.5999755859375,1100.0,1101.5999755859375,1023.871826171875,702294
2018-03-07,1105.699951171875,1109.949951171875,1095.25,1107.25,1029.1231689453125,669686
2018-03-08,1114.800048828125,1130.0,1107.5999755859375,1127.5999755859375,1048.0372314453125,751329
2018-03-09,1133.0,1140.0,1124.4000244140625,1129.0999755859375,1049.4312744140625,1158526
2018-03-12,1131.0999755859375,1134.0,1120.0,1131.5,1051.662109375,527293
2018-03-13,1125.199951171875,1143.0,1125.199951171875,1140.300048828125,1059.841064453125,711550
2018-03-14,1139.949951171875,1144.449951171875,1131.0999755859375,1137.0,1056.77392578125,1360578
2018-03-15,1132.1500244140625,1163.75,1132.1500244140625,1160.800048828125,1078.894775390625,1146702
2018-03-16,1159.9000244140625,1159.9000244140625,1118.4000244140625,1122.75,1043.5294189453125,1946844
2018-03-19,1121.1500244140625,1124.0,1097.9000244140625,1102.550048828125,1024.7547607421875,855444
2018-03-20,1102.0,1117.0,1092.1500244140625,1106.5,1028.4261474609375,720303
2018-03-21,1106.5,1116.0,1100.0,1103.550048828125,1025.6844482421875,612237
2018-03-22,1102.5,1110.0,1100.0,1107.0999755859375,1028.9837646484375,478426
2018-03-23,1094.8499755859375,1120.0,1093.050048828125,1112.6500244140625,1034.1422119140625,828523
2018-03-26,1112.0,1119.0,1101.0,1117.550048828125,1038.6966552734375,479675
2018-03-27,1119.0,1138.0,1116.4000244140625,1131.0999755859375,1051.290283203125,672158
2018-03-28,1130.8499755859375,1130.8499755859375,1115.0,1120.4000244140625,1041.3450927734375,699839
2018-04-02,1120.4000244140625,1153.949951171875,1111.5,1150.1500244140625,1068.99609375,428944
2018-04-03,1145.050048828125,1156.699951171875,1138.949951171875,1152.0999755859375,1070.80859375,561118
2018-04-04,1156.9000244140625,1157.699951171875,1126.0,1136.0,1055.844482421875,607619
2018-04-05,1151.800048828125,1156.800048828125,1137.550048828125,1142.9000244140625,1062.257568359375,549137
2018-04-06,1142.9000244140625,1152.800048828125,1135.0,1143.5,1062.8154296875,395626
2018-04-09,1145.0,1171.5,1139.949951171875,1157.449951171875,1075.7811279296875,837112
2018-04-10,1159.0,1167.699951171875,1152.9000244140625,1156.75,1075.13037109375,546269
2018-04-11,1157.0,1158.5999755859375,1141.199951171875,1155.8499755859375,1074.2939453125,419140
2018-04-12,1149.5,1169.9000244140625,1144.9000244140625,1165.199951171875,1082.9842529296875,360744
2018-04-13,1170.0,1176.8499755859375,1157.8499755859375,1162.199951171875,1080.1956787109375,639579
2018-04-16,1160.0,1188.5,1155.0,1178.8499755859375,1095.6707763671875,550645
2018-04-17,1180.0,1187.4000244140625,1169.0,1176.0,1093.0223388671875,432543
2018-04-18,1179.0,1185.0,1168.0,1172.300048828125,1089.5836181640625,465763
2018-04-19,1172.0,1187.0,1162.5999755859375,1165.0,1082.7984619140625,620949
2018-04-20,1165.0,1165.949951171875,1142.25,1159.3499755859375,1077.546875,727517
2018-04-23,1160.9000244140625,1181.4000244140625,1145.4000244140625,1178.699951171875,1095.531494140625,554353
2018-04-24,1177.5,1182.449951171875,1161.9000244140625,1170.0999755859375,1087.5384521484375,484112
2018-04-25,1167.0,1168.800048828125,1156.050048828125,1163.050048828125,1080.9859619140625,280574
2018-04-26,1164.0,1177.050048828125,1149.550048828125,1155.699951171875,1074.1546630859375,1638937
2018-04-27,1165.25,1199.0999755859375,1164.25,1181.5999755859375,1098.2271728515625,803227
2018-04-30,1189.699951171875,1207.0,1182.4000244140625,1201.699951171875,1116.90869140625,505974
2018-05-02,1200.25,1230.5999755859375,1197.4000244140625,1222.300048828125,1136.0552978515625,2011978
2018-05-03,1220.300048828125,1230.0,1201.0,1206.75,1121.6026611328125,641515
2018-05-04,1212.0,1212.0,1178.0999755859375,1190.449951171875,1106.4522705078125,743905
2018-05-07,1192.0,1220.800048828125,1180.0,1215.25,1129.5028076171875,728801
2018-05-08,1219.0,1224.0,1205.0,1209.9000244140625,1124.5302734375,627060
2018-05-09,1197.5999755859375,1229.0999755859375,1197.5999755859375,1222.550048828125,1136.28759765625,729538
2018-05-10,1232.0,1238.0,1207.5,1217.699951171875,1131.77978515625,1904962
2018-05-11,1237.0,1291.9000244140625,1229.8499755859375,1286.449951171875,1195.6790771484375,4723019
2018-05-14,1285.0,1305.0,1268.5999755859375,1297.3499755859375,1205.809814453125,1553283
2018-05-15,1291.0,1323.449951171875,1288.800048828125,1314.6500244140625,1221.8892822265625,1368261
2018-05-16,1305.1500244140625,1332.0,1300.8499755859375,1323.699951171875,1230.300537109375,736281
2018-05-17,1313.1500244140625,1330.0,1303.550048828125,1309.449951171875,1217.055908203125,751423
2018-05-18,1305.0,1316.4000244140625,1287.5999755859375,1308.3499755859375,1216.033447265625,939743
2018-05-21,1305.0,1314.699951171875,1290.8499755859375,1301.699951171875,1209.852783203125,692442
2018-05-22,1298.0,1302.0,1279.0,1286.8499755859375,1196.0506591796875,708573
2018-05-23,1281.0,1292.1500244140625,1269.5999755859375,1278.5999755859375,1188.3828125,509522
2018-05-24,1277.0999755859375,1302.9000244140625,1263.0,1293.5999755859375,1202.3243408203125,774173
2018-05-25,1300.0,1310.0,1280.0,1292.3499755859375,1201.16259765625,773652
2018-05-28,1294.5,1331.9000244140625,1291.550048828125,1321.8499755859375,1228.5810546875,657272
2018-05-29,1326.0,1330.0,1289.0,1299.5,1207.808349609375,769331
2018-05-30,1290.0,1300.949951171875,1283.3499755859375,1293.8499755859375,1202.5567626953125,478025
2018-05-31,1300.199951171875,1311.699951171875,1287.0,1304.6500244140625,1212.5948486328125,1400776
2018-06-01,1307.0,1310.0,1290.800048828125,1293.050048828125,1201.8131103515625,368820
2018-06-04,1295.0,1297.5,1265.0,1284.449951171875,1193.8197021484375,939794
2018-06-05,1276.25,1293.300048828125,1270.550048828125,1273.5999755859375,1183.7354736328125,524237
2018-06-06,1270.9000244140625,1270.9000244140625,1245.050048828125,1262.800048828125,1173.697509765625,1211557
2018-06-07,1270.1500244140625,1297.0,1256.0,1290.800048828125,1199.721923828125,701247
2018-06-08,1275.0,1288.550048828125,1272.0,1278.8499755859375,1188.615234375,442333
2018-06-11,1279.0,1295.9000244140625,1275.199951171875,1283.300048828125,1192.751220703125,373098
2018-06-12,1278.550048828125,1292.0,1275.199951171875,1287.699951171875,1196.8408203125,401090
2018-06-13,1290.0,1292.75,1281.949951171875,1286.4000244140625,1195.63232421875,566241
2018-06-14,1280.449951171875,1289.6500244140625,1270.0,1286.0999755859375,1201.0020751953125,507824
2018-06-15,1284.9000244140625,1286.6500244140625,1268.0999755859375,1282.199951171875,1197.35986328125,1048699
2018-06-18,1289.4000244140625,1289.6500244140625,1271.0,1282.050048828125,1197.2200927734375,512049
2018-06-19,1273.0,1287.6500244140625,1265.0,1269.199951171875,1185.219970703125,572488
2018-06-20,1275.0,1275.0,1260.0,1271.300048828125,1187.181396484375,484907
2018-06-21,1272.0,1279.9000244140625,1246.0,1253.0,1170.09228515625,1179247
2018-06-22,1261.5,1273.550048828125,1240.199951171875,1267.699951171875,1183.819580078125,646452
2018-06-25,1268.0,1272.0999755859375,1249.300048828125,1253.449951171875,1170.51220703125,936253
2018-06-26,1255.0,1279.8499755859375,1253.0,1274.5999755859375,1190.262939453125,1262632
2018-06-27,1279.1500244140625,1285.0,1263.0,1267.1500244140625,1183.305908203125,857951
2018-06-28,1267.1500244140625,1273.449951171875,1250.0,1268.4000244140625,1184.4730224609375,729637
2018-06-29,1268.25,1271.0999755859375,1252.1500244140625,1264.449951171875,1180.78466796875,622680
2018-07-02,1266.5,1297.949951171875,1261.0,1293.050048828125,1207.4921875,1437438
2018-07-03,1298.5999755859375,1308.5999755859375,1288.0999755859375,1291.8499755859375,1206.37158203125,1399979
2018-07-04,1296.0,1299.949951171875,1282.75,1289.800048828125,1204.4571533203125,619316
2018-07-05,1294.800048828125,1330.0,1278.300048828125,1321.4000244140625,1233.96630859375,1733903
2018-07-06,1325.0,1335.4000244140625,1309.050048828125,1323.1500244140625,1235.6004638671875,1662920
2018-07-09,1330.0,1367.9000244140625,1325.25,1363.0999755859375,1272.9071044921875,1391869
2018-07-10,1362.800048828125,1375.5,1355.0,1370.449951171875,1279.7706298828125,796987
2018-07-11,1360.0,1384.75,1357.3499755859375,1359.800048828125,1269.8253173828125,784238
2018-07-12,1370.0,1379.0,1346.0,1357.9000244140625,1268.05126953125,953054
2018-07-13,1359.5,1374.4000244140625,1358.699951171875,1367.800048828125,1277.2960205078125,655594
2018-07-16,1370.0,1394.9000244140625,1351.0999755859375,1359.550048828125,1269.5916748046875,1234066
2018-07-17,1365.4000244140625,1383.5,1353.0999755859375,1376.25,1285.187255859375,1166581
2018-07-18,1386.0,1399.949951171875,1377.550048828125,1393.0,1300.82861328125,1085504
2018-07-19,1395.0,1408.5,1393.949951171875,1403.0,1310.166748046875,848175
2018-07-20,1403.0,1404.75,1381.5,1396.449951171875,1304.05029296875,575194
2018-07-23,1425.0999755859375,1464.4000244140625,1396.5999755859375,1433.199951171875,1338.3687744140625,1975242
2018-07-24,1443.0,1476.199951171875,1425.5,1467.75,1370.632568359375,2171087
2018-07-25,1453.0,1490.5999755859375,1421.3499755859375,1450.1500244140625,1354.1973876953125,4310816
2018-07-26,1448.0999755859375,1457.8499755859375,1422.25,1433.8499755859375,1338.9759521484375,1732715
2018-07-27,1437.0,1454.0,1425.3499755859375,1434.8499755859375,1339.9095458984375,630981
2018-07-30,1434.25,1451.8499755859375,1427.0,1430.199951171875,1335.567138671875,750392
2018-07-31,1430.0,1456.5999755859375,1426.0,1451.4000244140625,1355.364501953125,1221636
2018-08-01,1458.0,1459.949951171875,1430.800048828125,1437.199951171875,1342.103759765625,1121286
2018-08-02,1437.199951171875,1443.9000244140625,1414.8499755859375,1418.4000244140625,1324.548095703125,836564
2018-08-03,1424.0,1426.25,1407.0,1411.8499755859375,1318.431396484375,1002287
2018-08-06,1420.0,1420.9000244140625,1394.699951171875,1397.4000244140625,1304.9375,795996
2018-08-07,1399.0,1438.0,1399.0,1424.25,1330.0107421875,1915936
2018-08-08,1430.949951171875,1447.6500244140625,1417.0,1425.75,1331.4114990234375,1063862
2018-08-09,1431.9000244140625,1433.949951171875,1414.0999755859375,1417.3499755859375,1323.5675048828125,903734
2018-08-10,1420.0,1439.9000244140625,1409.25,1418.5999755859375,1324.7347412109375,997053
2018-08-13,1414.0,1421.5999755859375,1397.0,1399.25,1306.6651611328125,875198
2018-08-14,1407.9000244140625,1416.699951171875,1391.550048828125,1395.0999755859375,1302.789306640625,729379
2018-08-16,1401.0,1410.0,1387.0,1394.800048828125,1302.5096435546875,1050412
2018-08-17,1403.0,1405.1500244140625,1390.0,1400.6500244140625,1307.972412109375,537229
2018-08-20,1406.0,1431.0,1398.0,1409.0999755859375,1315.863525390625,1259905
2018-08-21,1416.449951171875,1425.949951171875,1395.4000244140625,1403.300048828125,1310.4471435546875,1520772
2018-08-23,1410.0,1412.0,1390.699951171875,1394.75,1302.4627685546875,859955
2018-08-24,1395.0,1411.0,1385.050048828125,1393.5,1301.295654296875,919355
2018-08-27,1397.5,1407.0,1396.5,1399.800048828125,1307.1787109375,785772
2018-08-28,1402.0,1419.6500244140625,1401.0,1407.5,1314.3692626953125,1290318
2018-08-29,1413.75,1413.75,1391.0,1394.0,1301.762451171875,743529
2018-08-30,1394.0999755859375,1398.699951171875,1373.550048828125,1378.699951171875,1287.474853515625,1062266
2018-08-31,1383.0,1392.0,1364.199951171875,1372.449951171875,1281.638427734375,1006329
2018-09-03,1384.0,1387.5,1355.0,1361.5999755859375,1271.50634765625,817733
2018-09-04,1360.0,1364.5999755859375,1302.5,1311.300048828125,1224.5347900390625,1789240
2018-09-05,1314.5,1330.0,1302.449951171875,1321.300048828125,1233.872802734375,1222703
2018-09-06,1327.949951171875,1331.949951171875,1308.0,1314.5,1227.52294921875,726455
2018-09-07,1322.800048828125,1322.800048828125,1310.0,1316.0,1228.9237060546875,912914
2018-09-10,1314.5999755859375,1318.0,1280.5,1293.0999755859375,1207.5386962890625,1121083
2018-09-11,1295.0,1313.300048828125,1286.699951171875,1297.8499755859375,1211.974365234375,1676544
2018-09-12,1303.5,1303.5,1280.0,1291.0,1205.577880859375,1111171
2018-09-14,1298.800048828125,1336.550048828125,1297.550048828125,1333.9000244140625,1245.6390380859375,1498792
2018-09-17,1329.949951171875,1329.949951171875,1302.0,1308.6500244140625,1222.059814453125,965321
2018-09-18,1306.0,1331.75,1285.0,1292.0999755859375,1206.60498046875,1088372
2018-09-19,1304.199951171875,1319.199951171875,1287.0,1291.3499755859375,1205.90478515625,929673
2018-09-21,1292.0999755859375,1324.8499755859375,1211.9000244140625,1304.75,1218.41796875,1867297
2018-09-24,1300.0,1316.6500244140625,1256.0,1271.949951171875,1187.7882080078125,1691456
2018-09-25,1271.800048828125,1304.8499755859375,1257.1500244140625,1289.9000244140625,1204.55078125,1262738
2018-09-26,1300.0,1303.5,1274.0,1282.0,1197.173095703125,1338324
2018-09-27,1294.800048828125,1314.0,1276.449951171875,1287.5,1202.309326171875,1901166
2018-09-28,1293.0,1315.0,1286.0,1293.300048828125,1207.7259521484375,1549540
2018-10-01,1299.0,1307.9000244140625,1269.0,1279.800048828125,1195.11865234375,1143818
2018-10-03,1264.9000244140625,1269.0,1246.1500244140625,1251.75,1168.9248046875,1236645
2018-10-04,1228.0,1239.199951171875,1214.0,1224.699951171875,1143.66455078125,1557441
2018-10-05,1221.449951171875,1240.0,1191.8499755859375,1209.5,1129.4703369140625,1344685
2018-10-08,1210.0,1254.0,1201.0999755859375,1247.800048828125,1165.23583984375,1050759
2018-10-09,1254.0,1255.9000244140625,1191.0,1201.4000244140625,1121.9063720703125,1088738
2018-10-10,1205.9000244140625,1240.8499755859375,1180.9000244140625,1225.949951171875,1144.8319091796875,803576
2018-10-11,1201.0,1221.5,1190.449951171875,1219.050048828125,1138.388427734375,781348
2018-10-12,1233.9000244140625,1265.949951171875,1233.9000244140625,1261.199951171875,1177.749755859375,1000950
2018-10-15,1255.0,1257.199951171875,1241.5,1250.300048828125,1167.57080078125,728514
2018-10-16,1257.0,1282.9000244140625,1252.550048828125,1267.5999755859375,1183.7259521484375,908616
2018-10-17,1282.199951171875,1282.25,1255.0,1259.0,1175.6951904296875,698043
2018-10-19,1264.0,1287.0,1220.449951171875,1235.4000244140625,1153.65673828125,1449043
2018-10-22,1245.0,1247.1500244140625,1191.0,1200.4000244140625,1120.9725341796875,1949683
2018-10-23,1135.199951171875,1190.0,1118.0,1138.449951171875,1063.1217041015625,8272850
2018-10-24,1160.0,1199.0,1150.1500244140625,1186.9000244140625,1108.365966796875,2370198
2018-10-25,1180.5,1208.949951171875,1175.0,1200.050048828125,1120.645751953125,1995349
2018-10-26,1200.0,1202.0,1168.3499755859375,1190.300048828125,1111.540771484375,1440249
2018-10-29,1194.800048828125,1213.699951171875,1186.5,1196.050048828125,1119.5911865234375,1186190
2018-10-30,1194.800048828125,1208.0,1175.550048828125,1196.300048828125,1119.8251953125,1075337
2018-10-31,1205.5999755859375,1234.949951171875,1183.8499755859375,1230.4000244140625,1151.7452392578125,1561884
2018-11-01,1233.0,1244.800048828125,1213.800048828125,1217.800048828125,1139.9505615234375,1200280
2018-11-02,1242.0,1291.550048828125,1241.25,1247.0,1167.283935546875,2235848
2018-11-05,1252.0,1260.6500244140625,1232.5,1244.050048828125,1164.5224609375,756887
2018-11-06,1242.199951171875,1255.0,1235.0,1238.5,1159.3275146484375,815046
2018-11-07,1250.0,1254.0,1239.199951171875,1250.949951171875,1170.9813232421875,100134
2018-11-09,1259.800048828125,1308.9000244140625,1256.8499755859375,1295.5999755859375,1212.77734375,2026920
2018-11-12,1295.0,1314.9000244140625,1275.1500244140625,1278.800048828125,1197.051025390625,1100286
2018-11-13,1277.449951171875,1295.5999755859375,1277.449951171875,1284.9000244140625,1202.7613525390625,1632176
2018-11-14,1312.0,1337.949951171875,1302.0,1320.550048828125,1236.1324462890625,1631802
2018-11-15,1320.0,1331.8499755859375,1313.4000244140625,1318.300048828125,1234.0260009765625,1065640
2018-11-16,1320.0,1329.800048828125,1313.199951171875,1321.300048828125,1236.8341064453125,1113304
2018-11-19,1329.0,1329.8499755859375,1305.0,1312.1500244140625,1228.26904296875,784645
2018-11-20,1317.0,1331.050048828125,1304.699951171875,1306.8499755859375,1223.3079833984375,867729
2018-11-21,1329.0,1342.5,1313.75,1324.199951171875,1239.5487060546875,1374789
2018-11-22,1330.0,1330.699951171875,1308.75,1314.4000244140625,1230.37548828125,691593
2018-11-26,1329.949951171875,1357.550048828125,1323.5999755859375,1349.5,1263.2318115234375,2149117
2018-11-27,1346.800048828125,1346.800048828125,1326.050048828125,1339.5999755859375,1253.9644775390625,1130756
2018-11-28,1352.9000244140625,1354.550048828125,1319.1500244140625,1324.25,1239.5958251953125,1205630
2018-11-29,1336.0,1355.0,1330.699951171875,1350.300048828125,1263.98046875,3556169
2018-11-30,1352.800048828125,1361.75,1342.1500244140625,1345.949951171875,1259.9083251953125,1030541
2018-12-03,1345.0,1359.0,1335.050048828125,1338.699951171875,1253.1220703125,710748
2018-12-04,1336.550048828125,1354.699951171875,1326.449951171875,1329.449951171875,1244.463623046875,830261
2018-12-05,1328.5,1343.0,1323.5999755859375,1329.5,1244.5101318359375,864628
2018-12-06,1324.0,1324.949951171875,1286.5999755859375,1295.0999755859375,1212.3092041015625,896350
2018-12-07,1306.5,1324.0,1298.4000244140625,1318.6500244140625,1234.35400390625,1037026
2018-12-10,1280.0,1306.25,1262.300048828125,1274.199951171875,1192.7451171875,1074399
2018-12-11,1268.0,1336.449951171875,1252.1500244140625,1323.5999755859375,1238.9873046875,1746513
2018-12-12,1323.0,1337.199951171875,1311.8499755859375,1330.9000244140625,1245.8204345703125,986580
2018-12-13,1338.449951171875,1343.199951171875,1316.0,1320.199951171875,1235.804443359375,1175211
2018-12-14,1332.800048828125,1351.0,1320.0,1340.949951171875,1255.228271484375,1869410
2018-12-17,1340.0,1344.949951171875,1330.0,1335.8499755859375,1250.4542236328125,665295
2018-12-18,1338.449951171875,1361.0,1327.550048828125,1355.699951171875,1269.0352783203125,1581385
2018-12-19,1370.0,1406.800048828125,1370.0,1400.25,1310.7373046875,3334213
2018-12-20,1389.9000244140625,1431.550048828125,1389.050048828125,1425.800048828125,1334.654052734375,2578234
2018-12-21,1433.9000244140625,1433.9000244140625,1382.300048828125,1388.199951171875,1299.4576416015625,2098064
2018-12-24,1388.0,1388.949951171875,1351.0999755859375,1357.050048828125,1270.298828125,1649577
2018-12-26,1367.949951171875,1374.9000244140625,1347.4000244140625,1363.0,1275.8685302734375,1790087
2018-12-27,1360.050048828125,1384.75,1354.300048828125,1372.5,1284.7613525390625,2174090
2018-12-28,1383.0,1383.0,1359.0,1366.0,1278.6766357421875,1705033
2018-12-31,1375.0,1378.0,1367.300048828125,1373.050048828125,1285.2762451171875,698593
2019-01-01,1373.199951171875,1379.699951171875,1358.5999755859375,1371.550048828125,1283.8719482421875,664707
2019-01-02,1367.0,1386.8499755859375,1361.5999755859375,1383.300048828125,1294.8712158203125,1233780
2019-01-03,1381.800048828125,1393.8499755859375,1378.0,1388.300048828125,1299.5513916015625,1636293
2019-01-04,1388.0,1401.4000244140625,1381.4000244140625,1385.8499755859375,1297.2579345703125,1202397
2019-01-07,1386.0,1405.4000244140625,1383.75,1396.0,1306.759033203125,1074373
2019-01-08,1401.0,1412.699951171875,1395.5,1401.25,1311.6734619140625,1232440
2019-01-09,1402.5,1414.0,1397.1500244140625,1402.0,1312.3756103515625,973687
2019-01-10,1390.0,1400.0,1388.6500244140625,1396.3499755859375,1307.086669921875,1004783
2019-01-11,1399.75,1406.199951171875,1392.4000244140625,1403.6500244140625,1313.919921875,473391
2019-01-14,1404.0,1410.5999755859375,1385.449951171875,1388.5999755859375,1299.83203125,1360800
2019-01-15,1388.5999755859375,1414.449951171875,1388.5999755859375,1405.949951171875,1316.072998046875,1355920
2019-01-16,1410.0,1412.949951171875,1387.699951171875,1389.75,1300.90869140625,1189597
2019-01-17,1390.0,1398.5,1383.800048828125,1389.5999755859375,1300.7681884765625,853829
2019-01-18,1391.0,1404.75,1383.0,1400.449951171875,1310.92431640625,1092189
2019-01-21,1395.199951171875,1424.800048828125,1395.199951171875,1422.0999755859375,1331.190673828125,2513582
2019-01-22,1423.9000244140625,1432.050048828125,1375.25,1406.949951171875,1317.009033203125,5483768
2019-01-23,1429.0,1429.449951171875,1390.0,1396.550048828125,1307.27392578125,2702265
2019-01-24,1400.0,1413.5,1396.5,1401.8499755859375,1312.2349853515625,1562800
2019-01-25,1408.4000244140625,1413.699951171875,1353.300048828125,1372.1500244140625,1284.4337158203125,1613548
2019-01-28,1375.0,1391.0,1366.8499755859375,1379.5,1291.31396484375,1590764
2019-01-29,1377.0,1400.0,1373.199951171875,1393.300048828125,1304.231689453125,1061762
2019-01-30,1394.0,1416.800048828125,1372.0999755859375,1390.4000244140625,1301.51708984375,1313152
2019-01-31,1400.0,1415.0,1391.050048828125,1412.5999755859375,1322.2979736328125,1256050
2019-02-01,1412.4000244140625,1469.6500244140625,1408.199951171875,1457.199951171875,1364.0465087890625,2077539
2019-02-04,1444.0,1452.800048828125,1434.0,1446.3499755859375,1353.890380859375,735159
2019-02-05,1444.949951171875,1466.9000244140625,1443.0999755859375,1450.3499755859375,1357.634521484375,786962
2019-02-06,1457.8499755859375,1476.199951171875,1452.300048828125,1469.4000244140625,1375.4671630859375,1088914
2019-02-07,1467.050048828125,1476.800048828125,1457.0,1472.449951171875,1378.3216552734375,697412
2019-02-08,1468.0,1480.0,1445.0,1448.800048828125,1356.1837158203125,1018518
2019-02-11,1447.9000244140625,1457.300048828125,1427.0,1437.0999755859375,1345.231689453125,728051
2019-02-12,1438.5,1456.9000244140625,1435.25,1452.0999755859375,1359.2725830078125,947583
2019-02-14,1417.6500244140625,1423.1500244140625,1396.5,1399.199951171875,1309.75439453125,915441
2019-02-15,1400.800048828125,1404.949951171875,1372.0999755859375,1393.5999755859375,1304.5123291015625,1113223
2019-02-18,1401.699951171875,1401.699951171875,1345.0,1380.050048828125,1291.8287353515625,1460282
2019-02-19,1372.050048828125,1396.949951171875,1371.0,1377.8499755859375,1289.769287109375,697530
2019-02-20,1380.0,1398.800048828125,1376.0,1396.9000244140625,1307.601318359375,843469
2019-02-21,1399.0,1407.8499755859375,1390.300048828125,1397.800048828125,1308.4437255859375,677142
2019-02-22,1399.0,1407.75,1384.199951171875,1397.800048828125,1308.4437255859375,801380
2019-02-25,1399.949951171875,1405.800048828125,1391.3499755859375,1398.25,1308.8653564453125,711217
2019-02-26,1396.9000244140625,1407.0,1378.5999755859375,1402.0,1312.3756103515625,1147218
2019-02-27,1404.0,1430.8499755859375,1395.0,1405.699951171875,1315.8388671875,1462017
2019-02-28,1414.800048828125,1415.0,1401.449951171875,1405.199951171875,1315.370849609375,1230935
2019-03-01,1409.0,1417.949951171875,1388.0999755859375,1392.3499755859375,1303.34228515625,783876
2019-03-05,1393.5,1409.75,1382.699951171875,1403.8499755859375,1314.1072998046875,1214257
2019-03-06,1408.0,1410.0,1386.550048828125,1393.699951171875,1304.6058349609375,720335
2019-03-07,1398.5999755859375,1405.5,1392.0,1395.449951171875,1306.244140625,746742
2019-03-08,1393.75,1394.6500244140625,1380.0,1382.3499755859375,1293.9813232421875,524331
2019-03-11,1389.199951171875,1423.0,1385.0,1419.800048828125,1329.03759765625,1342007
2019-03-12,1422.0,1445.3499755859375,1421.199951171875,1428.0999755859375,1336.80712890625,1333909
2019-03-13,1439.4000244140625,1439.4000244140625,1417.0,1428.300048828125,1336.994140625,708227
2019-03-14,1437.5999755859375,1446.949951171875,1420.0,1434.75,1343.03173828125,1113700
2019-03-15,1434.0,1457.0,1428.6500244140625,1432.550048828125,1340.972412109375,1667627
2019-03-18,1446.0,1460.5999755859375,1436.5999755859375,1445.5999755859375,1353.188232421875,1148000
2019-03-19,1442.0,1459.8499755859375,1440.0,1453.9000244140625,1360.9573974609375,886660
2019-03-20,1462.0,1466.0,1448.5,1456.1500244140625,1363.0640869140625,764625
2019-03-22,1459.0,1479.9000244140625,1452.5999755859375,1471.25,1377.19873046875,1380404
2019-03-25,1465.0999755859375,1475.5999755859375,1451.5,1457.550048828125,1364.3746337890625,848078
2019-03-26,1460.5,1492.25,1460.5,1485.050048828125,1390.1163330078125,1630147
2019-03-27,1494.0,1496.949951171875,1463.5,1472.050048828125,1377.9473876953125,1387002
2019-03-28,1473.5,1508.949951171875,1473.5,1497.0,1401.3023681640625,1353947
2019-04-01,1496.75,1504.0,1490.0,1492.75,1397.32421875,707570
2019-04-02,1493.0,1523.449951171875,1484.550048828125,1519.300048828125,1422.1768798828125,1326634
2019-04-03,1521.25,1529.8499755859375,1493.0,1497.5999755859375,1401.8641357421875,1606692
2019-04-04,1504.800048828125,1525.0,1503.0,1519.0,1421.89599609375,1409222
2019-04-05,1520.0,1523.6500244140625,1503.0,1514.449951171875,1417.63671875,1129222
2019-04-08,1514.0,1514.0,1486.0,1496.3499755859375,1400.6942138671875,925518
2019-04-09,1464.699951171875,1474.9000244140625,1437.199951171875,1444.8499755859375,1352.4862060546875,2642226
2019-04-10,1449.800048828125,1451.0,1405.3499755859375,1409.8499755859375,1319.7237548828125,2608319
2019-04-11,1409.699951171875,1431.949951171875,1408.0,1423.1500244140625,1332.1734619140625,1494450
2019-04-12,1432.75,1444.800048828125,1425.800048828125,1438.6500244140625,1346.682861328125,1510649
2019-04-15,1447.949951171875,1451.449951171875,1427.0,1431.550048828125,1340.0362548828125,791389
2019-04-16,1442.75,1464.9000244140625,1440.25,1459.0,1365.7314453125,1463057
2019-04-18,1464.0,1479.9000244140625,1460.300048828125,1469.5999755859375,1375.6541748046875,1425676
2019-04-22,1459.949951171875,1459.949951171875,1435.0,1443.3499755859375,1351.0821533203125,737603
2019-04-23,1449.0,1454.9000244140625,1425.9000244140625,1431.0,1339.521484375,601653
2019-04-24,1436.0,1459.4000244140625,1431.0,1450.050048828125,1357.353759765625,1154712
2019-04-25,1450.0,1460.0,1438.0999755859375,1447.949951171875,1355.3880615234375,1161847
2019-04-26,1450.0,1459.3499755859375,1436.0,1448.75,1356.1368408203125,704193
2019-04-30,1456.0,1477.0,1455.300048828125,1463.1500244140625,1369.6165771484375,1525776
2019-05-02,1465.0,1472.9000244140625,1430.0999755859375,1436.5999755859375,1344.763671875,774788
2019-05-03,1443.800048828125,1456.0,1432.199951171875,1438.550048828125,1346.5889892578125,1020007
2019-05-06,1434.949951171875,1448.5999755859375,1408.550048828125,1412.800048828125,1322.4852294921875,1161960
2019-05-07,1426.800048828125,1426.800048828125,1376.3499755859375,1387.800048828125,1299.0830078125,2863939
2019-05-08,1382.0,1395.0,1362.5999755859375,1385.699951171875,1297.117431640625,1414591
2019-05-09,1384.949951171875,1393.6500244140625,1346.550048828125,1354.199951171875,1267.631103515625,2628463
2019-05-10,1314.0999755859375,1350.0,1314.0999755859375,1341.050048828125,1255.32177734375,3476379
2019-05-13,1341.050048828125,1345.25,1323.6500244140625,1332.5,1247.318115234375,862130
2019-05-14,1330.0,1334.75,1302.0999755859375,1320.25,1235.8514404296875,2167873
2019-05-15,1326.0,1329.0,1301.699951171875,1305.949951171875,1222.4656982421875,996276
2019-05-16,1312.0,1314.0,1295.8499755859375,1304.4000244140625,1221.0147705078125,726485
2019-05-17,1305.0,1330.75,1301.0,1320.0,1235.6173095703125,860934
2019-05-20,1340.0,1378.4000244140625,1335.0,1373.949951171875,1286.1185302734375,976630
2019-05-21,1384.0,1384.0,1352.699951171875,1357.75,1270.953857421875,1166297
2019-05-22,1360.5,1373.75,1348.050048828125,1368.449951171875,1280.97021484375,840075
2019-05-23,1389.0,1389.0,1357.699951171875,1367.75,1280.31494140625,1527569
2019-05-24,1392.0,1400.449951171875,1376.1500244140625,1384.5,1295.9940185546875,980933
2019-05-27,1386.9000244140625,1390.699951171875,1362.699951171875,1366.8499755859375,1279.4725341796875,782730
2019-05-28,1369.949951171875,1388.8499755859375,1360.0,1364.3499755859375,1277.1324462890625,1562891
2019-05-29,1360.800048828125,1366.949951171875,1347.0999755859375,1358.25,1271.421875,582768
2019-05-30,1365.0,1392.0,1353.9000244140625,1374.5999755859375,1286.72705078125,1032259
2019-05-31,1381.0,1428.0,1381.0,1407.300048828125,1317.336669921875,2559888
2019-06-03,1431.949951171875,1464.949951171875,1430.0,1459.25,1365.9659423828125,2867897
2019-06-04,1455.0,1455.0,1417.050048828125,1421.5,1330.629150390625,1493226
2019-06-06,1434.949951171875,1461.8499755859375,1424.9000244140625,1428.550048828125,1337.2283935546875,1985857
2019-06-07,1429.0,1439.8499755859375,1413.050048828125,1418.3499755859375,1327.6805419921875,878470
2019-06-10,1429.0,1442.0,1418.5,1422.5999755859375,1331.6583251953125,800967
2019-06-11,1428.0,1433.3499755859375,1409.5,1425.5,1334.3731689453125,743047
2019-06-12,1429.949951171875,1439.9000244140625,1421.0,1425.449951171875,1334.3265380859375,874293
2019-06-13,1429.0,1438.9000244140625,1422.199951171875,1429.449951171875,1345.2906494140625,1572720
2019-06-14,1430.0,1431.75,1411.0,1412.75,1329.5736083984375,546091
2019-06-17,1417.0,1425.0,1398.9000244140625,1401.949951171875,1319.4095458984375,962166
2019-06-18,1405.0,1410.4000244140625,1376.050048828125,1380.050048828125,1298.799072265625,1177437
2019-06-19,1382.0,1396.4000244140625,1372.0,1381.1500244140625,1299.8343505859375,692212
2019-06-20,1365.550048828125,1404.9000244140625,1360.699951171875,1392.050048828125,1310.0924072265625,991210
2019-06-21,1379.949951171875,1394.6500244140625,1372.0,1383.0,1301.5751953125,1242165
2019-06-24,1386.0,1398.0,1368.25,1376.1500244140625,1295.1287841796875,757055
2019-06-25,1371.0,1372.449951171875,1360.3499755859375,1363.0999755859375,1282.846923828125,1388994
2019-06-26,1360.0,1369.550048828125,1352.0,1359.949951171875,1279.8824462890625,960174
2019-06-27,1361.0999755859375,1369.6500244140625,1358.1500244140625,1361.4000244140625,1281.2469482421875,2113899
2019-06-28,1365.0,1371.9000244140625,1350.0999755859375,1358.1500244140625,1278.1885986328125,1131371
2019-07-01,1368.0,1374.5,1351.050048828125,1353.8499755859375,1274.1414794921875,739182
2019-07-02,1356.0,1360.0,1340.699951171875,1345.75,1266.5186767578125,1171118
2019-07-03,1356.050048828125,1371.0,1349.5,1352.0,1272.400390625,1378288
2019-07-04,1356.0,1366.3499755859375,1351.1500244140625,1359.699951171875,1279.647216796875,902077
2019-07-05,1363.9000244140625,1373.449951171875,1351.449951171875,1358.699951171875,1278.7059326171875,966162
2019-07-08,1358.0,1358.4000244140625,1332.699951171875,1340.25,1261.34228515625,866416
2019-07-09,1344.9000244140625,1344.9000244140625,1291.25,1321.0,1243.2255859375,2037332
2019-07-10,1317.800048828125,1340.3499755859375,1312.050048828125,1322.949951171875,1245.0606689453125,1115080
2019-07-11,1317.0,1337.0,1311.050048828125,1332.449951171875,1254.0013427734375,757323
2019-07-12,1332.449951171875,1369.550048828125,1325.449951171875,1361.949951171875,1281.7646484375,1050985
2019-07-15,1362.8499755859375,1367.0,1347.050048828125,1353.1500244140625,1273.482666015625,666533
2019-07-16,1352.0,1375.0,1345.0,1372.300048828125,1291.5052490234375,782642
2019-07-17,1377.0,1404.8499755859375,1375.5,1395.9000244140625,1313.7156982421875,1599926
2019-07-18,1395.0,1395.3499755859375,1377.199951171875,1384.949951171875,1303.410400390625,802222
2019-07-19,1390.0999755859375,1399.4000244140625,1365.0,1369.0999755859375,1288.49365234375,842552
2019-07-22,1367.800048828125,1410.0,1359.050048828125,1404.199951171875,1321.52685546875,1279369
2019-07-23,1409.0,1443.949951171875,1401.8499755859375,1429.3499755859375,1345.1964111328125,2262423
2019-07-24,1430.5,1493.5,1395.1500244140625,1483.4000244140625,1396.0640869140625,7400250
2019-07-25,1481.300048828125,1503.8499755859375,1459.050048828125,1495.8499755859375,1407.7813720703125,4194809
2019-07-26,1488.0999755859375,1530.800048828125,1485.5999755859375,1526.449951171875,1436.5794677734375,2420636
2019-07-29,1524.9000244140625,1538.25,1506.5999755859375,1513.25,1424.15673828125,1634196
2019-07-30,1511.0999755859375,1527.0,1502.699951171875,1508.75,1419.921875,1436383
2019-07-31,1507.0,1525.0,1495.1500244140625,1521.0999755859375,1431.544677734375,1249734
2019-08-01,1515.0,1531.449951171875,1493.6500244140625,1504.699951171875,1416.110107421875,2263295
2019-08-02,1509.0,1550.0,1504.5,1545.199951171875,1454.2254638671875,3044783
2019-08-05,1533.199951171875,1551.0,1521.699951171875,1525.4000244140625,1435.5916748046875,1443728
2019-08-06,1530.0,1569.8499755859375,1524.050048828125,1565.8499755859375,1473.6600341796875,2056715
2019-08-07,1563.300048828125,1575.0,1551.9000244140625,1559.199951171875,1467.4013671875,1583322
2019-08-08,1565.75,1569.699951171875,1540.300048828125,1565.9000244140625,1473.7069091796875,1579565
2019-08-09,1569.199951171875,1581.9000244140625,1561.0,1575.5,1482.7418212890625,1154542
2019-08-13,1573.5,1594.0,1568.0,1573.3499755859375,1480.71826171875,1612748
2019-08-14,1574.5,1575.5,1552.5,1569.699951171875,1477.2833251953125,1113095
2019-08-16,1571.0,1600.8499755859375,1561.0,1597.449951171875,1503.3994140625,1682359
2019-08-19,1599.0,1609.550048828125,1582.199951171875,1586.449951171875,1493.046875,1322246
2019-08-20,1585.0,1599.5,1582.699951171875,1595.1500244140625,1501.235107421875,1024331
2019-08-21,1585.25,1595.0,1578.550048828125,1589.1500244140625,1495.58837890625,704009
2019-08-22,1585.199951171875,1593.9000244140625,1566.300048828125,1570.199951171875,1477.7537841796875,985590
2019-08-23,1569.9000244140625,1583.3499755859375,1555.6500244140625,1580.4000244140625,1487.3531494140625,984637
2019-08-26,1590.0,1600.0,1577.1500244140625,1597.550048828125,1503.4935302734375,1153556
2019-08-27,1600.0,1607.449951171875,1585.5,1599.449951171875,1505.28173828125,1581449
2019-08-28,1599.199951171875,1606.75,1590.5999755859375,1603.1500244140625,1508.763916015625,565676
2019-08-29,1602.8499755859375,1619.9000244140625,1589.0,1615.25,1520.1513671875,861692
2019-08-30,1616.0,1622.5,1595.0999755859375,1616.199951171875,1521.045654296875,1181516
2019-09-03,1608.0,1609.5999755859375,1573.550048828125,1576.75,1483.918212890625,1289263
2019-09-04,1579.0,1582.5999755859375,1527.800048828125,1535.1500244140625,1444.767333984375,2381389
2019-09-05,1537.0,1545.9000244140625,1515.25,1519.75,1430.274169921875,1506173
2019-09-06,1524.0,1539.449951171875,1519.75,1532.4000244140625,1442.1795654296875,801338
2019-09-09,1530.550048828125,1545.0,1524.199951171875,1540.5999755859375,1449.896728515625,812836
2019-09-11,1545.0,1565.0,1542.6500244140625,1561.449951171875,1469.51904296875,1541300
2019-09-12,1570.0,1570.0,1537.1500244140625,1540.300048828125,1449.6141357421875,753116
2019-09-13,1540.0,1553.1500244140625,1528.0,1548.199951171875,1457.049072265625,547381
2019-09-16,1510.0,1526.949951171875,1502.0999755859375,1521.300048828125,1431.73291015625,1811073
2019-09-17,1527.4000244140625,1543.300048828125,1518.5999755859375,1530.9000244140625,1440.767822265625,1353034
2019-09-18,1542.1500244140625,1560.949951171875,1535.0,1547.75,1456.6256103515625,1057300
2019-09-19,1553.9000244140625,1563.5,1545.0,1553.9000244140625,1462.41357421875,879908
2019-09-20,1559.0,1725.25,1542.0999755859375,1671.0,1572.619140625,3962166
2019-09-23,1697.8499755859375,1820.0,1697.8499755859375,1802.75,1696.6123046875,4253004
2019-09-24,1802.800048828125,1802.949951171875,1752.0,1765.9000244140625,1661.9317626953125,2028042
2019-09-25,1784.0,1784.0,1728.25,1751.800048828125,1648.662109375,1794074
2019-09-26,1761.800048828125,1780.0,1751.9000244140625,1770.949951171875,1666.684326171875,1674004
2019-09-27,1770.0,1781.4000244140625,1735.3499755859375,1776.300048828125,1671.7196044921875,1115289
2019-09-30,1768.0,1770.0,1737.050048828125,1762.1500244140625,1658.4027099609375,1041807
2019-10-01,1768.949951171875,1799.9000244140625,1757.0,1766.0999755859375,1662.1199951171875,1317945
2019-10-03,1765.0,1768.25,1732.199951171875,1748.949951171875,1645.9796142578125,1010826
2019-10-04,1753.9000244140625,1761.699951171875,1717.0999755859375,1724.4000244140625,1622.8753662109375,1231811
2019-10-07,1724.949951171875,1742.949951171875,1717.8499755859375,1725.1500244140625,1623.581298828125,562559
2019-10-09,1725.699951171875,1778.0,1725.699951171875,1773.449951171875,1669.037353515625,1777552
2019-10-10,1765.0,1793.0,1756.5,1778.5999755859375,1673.884033203125,1599166
2019-10-11,1787.5999755859375,1801.800048828125,1764.050048828125,1790.25,1684.848388671875,1442236
2019-10-14,1790.0,1806.300048828125,1784.699951171875,1798.699951171875,1692.80078125,881724
2019-10-15,1807.699951171875,1825.0,1796.0,1803.0999755859375,1696.9417724609375,1204392
2019-10-16,1808.5,1814.0,1756.550048828125,1765.699951171875,1661.7435302734375,1403020
2019-10-17,1772.0,1816.6500244140625,1756.0,1812.300048828125,1705.60009765625,1722055
2019-10-18,1815.0,1824.449951171875,1786.699951171875,1816.75,1709.7882080078125,1682488
2019-10-22,1822.699951171875,1825.0,1775.0,1780.199951171875,1675.389892578125,2135313
2019-10-23,1762.4000244140625,1800.0,1762.0,1767.4000244140625,1663.3436279296875,3369253
2019-10-24,1778.0,1794.949951171875,1753.050048828125,1790.5,1685.08349609375,1497854
2019-10-25,1797.0,1808.4000244140625,1785.050048828125,1796.300048828125,1690.542236328125,1202154
2019-10-27,1802.0,1807.550048828125,1788.0999755859375,1792.5999755859375,1687.0599365234375,124919
2019-10-29,1792.0999755859375,1820.0,1772.550048828125,1814.25,1707.4351806640625,1050123
2019-10-30,1830.0,1830.0,1804.0,1821.300048828125,1717.240966796875,1133258
2019-10-31,1826.300048828125,1834.800048828125,1803.5,1809.5999755859375,1706.20947265625,1297114
2019-11-01,1816.0,1821.0,1762.0,1766.3499755859375,1665.4305419921875,1527660
2019-11-04,1775.0,1790.0,1766.199951171875,1785.9000244140625,1683.8636474609375,821893
2019-11-05,1780.0,1797.800048828125,1767.5999755859375,1793.8499755859375,1691.359375,1251974
2019-11-06,1789.0,1815.0,1780.5999755859375,1797.5999755859375,1694.89501953125,1136777
2019-11-07,1810.0,1830.9000244140625,1798.199951171875,1826.949951171875,1722.5682373046875,1380635
2019-11-08,1826.0,1826.800048828125,1790.800048828125,1794.8499755859375,1692.3021240234375,1077136
2019-11-11,1789.949951171875,1793.949951171875,1768.0,1773.949951171875,1672.5963134765625,860384
2019-11-13,1773.75,1787.0,1756.699951171875,1770.449951171875,1669.2958984375,983760
2019-11-14,1778.0,1800.0,1766.449951171875,1771.8499755859375,1670.6163330078125,1116800
2019-11-15,1780.8499755859375,1784.0,1756.300048828125,1760.699951171875,1660.103271484375,729613
2019-11-18,1760.699951171875,1765.449951171875,1734.5,1739.0,1639.643310546875,1273055
2019-11-19,1747.949951171875,1748.0,1718.5,1721.3499755859375,1623.001708984375,1187377
2019-11-20,1729.9000244140625,1748.8499755859375,1715.449951171875,1723.5,1625.02880859375,1374382
2019-11-21,1727.9000244140625,1734.8499755859375,1711.0,1720.3499755859375,1622.0587158203125,913095
2019-11-22,1710.0,1713.949951171875,1676.0,1682.75,1586.6070556640625,1275334
2019-11-25,1684.0,1718.0,1666.1500244140625,1710.699951171875,1612.9603271484375,1320689
2019-11-26,1718.0,1728.8499755859375,1687.5999755859375,1710.300048828125,1612.5828857421875,2714721
2019-11-27,1714.0,1731.0,1704.5999755859375,1715.3499755859375,1617.3443603515625,883771
2019-11-28,1718.25,1727.550048828125,1701.75,1714.5999755859375,1616.63720703125,691147
2019-11-29,1715.0,1720.4000244140625,1677.3499755859375,1706.1500244140625,1608.6700439453125,1890290
2019-12-02,1706.199951171875,1742.5,1698.3499755859375,1738.25,1638.9361572265625,1476972
2019-12-03,1740.0,1750.949951171875,1725.0,1736.449951171875,1637.239013671875,1374317
2019-12-04,1731.199951171875,1734.4000244140625,1710.25,1720.300048828125,1622.011962890625,853421
2019-12-05,1717.4000244140625,1738.1500244140625,1707.0,1715.8499755859375,1617.81591796875,971984
2019-12-06,1722.9000244140625,1747.5999755859375,1712.8499755859375,1716.6500244140625,1618.5703125,1031777
2019-12-09,1725.0,1732.9000244140625,1711.0,1726.3499755859375,1627.716064453125,751290
2019-12-10,1726.0,1732.0,1709.0,1713.1500244140625,1615.2703857421875,686580
2019-12-11,1718.0,1741.5999755859375,1713.25,1738.199951171875,1638.888916015625,827804
2019-12-12,1740.3499755859375,1754.0,1728.0999755859375,1750.6500244140625,1650.6275634765625,802332
2019-12-13,1751.0,1757.699951171875,1735.550048828125,1743.949951171875,1644.310546875,960033
2019-12-16,1744.0,1752.0,1728.050048828125,1731.449951171875,1632.524658203125,707437
2019-12-17,1735.199951171875,1748.949951171875,1730.25,1745.4000244140625,1645.6776123046875,873024
2019-12-18,1749.25,1782.0,1733.6500244140625,1778.449951171875,1676.8394775390625,1476506
2019-12-19,1778.800048828125,1807.800048828125,1775.5999755859375,1803.0999755859375,1700.0809326171875,2554245
2019-12-20,1804.949951171875,1809.0,1795.0,1799.25,1696.450927734375,1419128
2019-12-23,1795.800048828125,1814.5999755859375,1786.199951171875,1807.550048828125,1704.276611328125,659899
2019-12-24,1812.0,1826.0,1799.050048828125,1803.449951171875,1700.4110107421875,896574
2019-12-26,1799.4000244140625,1819.699951171875,1797.050048828125,1809.5999755859375,1706.20947265625,1161570
2019-12-27,1811.0,1826.0,1800.5999755859375,1812.25,1708.7083740234375,930468
2019-12-30,1810.0,1818.449951171875,1798.699951171875,1802.300048828125,1699.326904296875,562492
2019-12-31,1805.0,1805.0,1781.0999755859375,1784.949951171875,1682.9678955078125,928396
2020-01-01,1790.199951171875,1802.550048828125,1783.199951171875,1793.199951171875,1690.7467041015625,397285
2020-01-02,1791.0,1799.9000244140625,1783.4000244140625,1790.6500244140625,1688.34228515625,411266
2020-01-03,1779.800048828125,1779.800048828125,1747.050048828125,1751.4000244140625,1651.3348388671875,1318628
2020-01-06,1737.949951171875,1738.0,1694.0,1707.1500244140625,1609.613037109375,1871804
2020-01-07,1711.0,1740.5,1711.0,1724.4000244140625,1625.8775634765625,1033650
2020-01-08,1696.0,1736.0,1695.0,1728.800048828125,1630.026123046875,1006057
2020-01-09,1763.0,1775.0,1741.0,1772.550048828125,1671.2764892578125,1781733
2020-01-10,1772.0,1797.300048828125,1760.0,1792.550048828125,1690.1337890625,1256612
2020-01-13,1799.0,1807.949951171875,1794.3499755859375,1804.9000244140625,1701.7784423828125,823821
2020-01-14,1805.0,1821.6500244140625,1804.800048828125,1819.1500244140625,1715.2142333984375,775629
2020-01-15,1817.5,1845.0,1810.0999755859375,1842.25,1736.9942626953125,1252925
2020-01-16,1835.949951171875,1848.0,1828.75,1835.1500244140625,1730.2999267578125,1031569
2020-01-17,1835.5999755859375,1838.9000244140625,1815.0,1830.050048828125,1725.4910888671875,862204
2020-01-20,1838.0,1862.25,1833.5999755859375,1848.75,1743.122802734375,1091453
2020-01-21,1839.949951171875,1842.550048828125,1793.8499755859375,1810.75,1707.2938232421875,2101561
2020-01-22,1815.0,1818.699951171875,1766.8499755859375,1779.25,1677.593505859375,3415306
2020-01-23,1779.0,1789.0,1757.0999755859375,1776.0999755859375,1674.6234130859375,1885275
2020-01-24,1783.6500244140625,1799.9000244140625,1780.25,1786.800048828125,1684.7122802734375,1195596
2020-01-27,1787.0,1805.75,1780.0,1788.3499755859375,1686.173828125,969054
2020-01-28,1794.0,1794.0,1773.0,1779.0999755859375,1677.4520263671875,873291
2020-01-29,1787.0,1803.8499755859375,1781.0,1796.949951171875,1694.2822265625,873805
2020-01-30,1800.0,1808.9000244140625,1786.0,1805.0,1701.872314453125,1005975
2020-01-31,1810.0,1824.0,1788.699951171875,1795.6500244140625,1693.056884765625,1169614
2020-02-03,1768.800048828125,1872.9000244140625,1765.0,1867.6500244140625,1760.9429931640625,2854532
2020-02-04,1870.0,1896.75,1855.050048828125,1891.300048828125,1783.24169921875,1830049
2020-02-05,1889.0,1890.0,1866.1500244140625,1873.5,1766.458740234375,1344016
2020-02-06,1878.0,1882.4000244140625,1845.0,1856.800048828125,1750.712890625,995386
2020-02-07,1856.800048828125,1876.5,1850.5999755859375,1858.699951171875,1752.504150390625,632858
2020-02-10,1867.0,1872.75,1837.199951171875,1869.5,1762.687255859375,747711
2020-02-11,1880.0,1894.5,1872.75,1878.0999755859375,1770.7957763671875,1093021
2020-02-12,1880.0,1916.699951171875,1878.199951171875,1893.699951171875,1785.50439453125,1616826
2020-02-13,1889.0,1901.949951171875,1868.050048828125,1874.050048828125,1766.9774169921875,638878
2020-02-14,1876.5,1899.6500244140625,1870.0,1877.050048828125,1769.8057861328125,771464
2020-02-17,1879.9000244140625,1893.5,1870.5999755859375,1881.4000244140625,1773.9072265625,676579
2020-02-18,1879.9000244140625,1879.9000244140625,1861.0,1863.6500244140625,1757.1712646484375,683421
2020-02-19,1870.0999755859375,1892.75,1851.3499755859375,1884.9000244140625,1777.2071533203125,723351
2020-02-20,1883.0,1886.0,1839.050048828125,1842.25,1736.9942626953125,1401879
2020-02-24,1845.25,1853.0,1814.0,1818.949951171875,1715.0252685546875,1310832
2020-02-25,1838.4000244140625,1843.550048828125,1820.199951171875,1826.0999755859375,1721.7666015625,897257
2020-02-26,1826.0,1845.0,1820.0,1826.6500244140625,1722.285400390625,1909619
2020-02-27,1829.8499755859375,1852.0,1810.449951171875,1843.800048828125,1738.4559326171875,1643273
2020-02-28,1820.0,1842.0999755859375,1783.1500244140625,1797.949951171875,1695.225341796875,2964119
2020-03-02,1815.0999755859375,1837.449951171875,1769.25,1786.800048828125,1684.7122802734375,1219296
2020-03-03,1780.050048828125,1818.0,1767.0,1800.550048828125,1704.497314453125,1392463
2020-03-04,1804.050048828125,1857.449951171875,1804.050048828125,1847.949951171875,1749.368896484375,3050469
2020-03-05,1854.0,1882.0,1852.0999755859375,1874.449951171875,1774.4549560546875,2062439
2020-03-06,1840.0,1884.4000244140625,1835.0,1877.449951171875,1777.294677734375,1393659
2020-03-09,1888.0,1915.9000244140625,1848.0,1867.1500244140625,1767.54443359375,3420741
2020-03-11,1874.949951171875,1905.0,1851.5,1882.8499755859375,1782.4068603515625,3194186
2020-03-12,1864.949951171875,1874.800048828125,1815.0,1843.3499755859375,1745.013916015625,6254349
2020-03-13,1785.0,1843.75,1669.8499755859375,1797.699951171875,1701.799072265625,3878300
2020-03-16,1777.0,1777.0,1678.1500244140625,1683.4000244140625,1593.5966796875,2867336
2020-03-17,1699.0,1779.800048828125,1670.0,1731.5999755859375,1639.2257080078125,2643189
2020-03-18,1732.0,1758.550048828125,1608.0,1618.199951171875,1531.8748779296875,3676437
2020-03-19,1540.0,1653.949951171875,1431.199951171875,1601.199951171875,1515.78173828125,4906644
2020-03-20,1610.0,1757.4000244140625,1570.550048828125,1742.949951171875,1649.9700927734375,3128629
2020-03-23,1578.5999755859375,1650.0,1490.75,1498.449951171875,1418.51318359375,2155326
2020-03-24,1556.550048828125,1598.0,1453.25,1524.8499755859375,1443.504638671875,3910566
2020-03-25,1446.550048828125,1605.3499755859375,1446.0,1593.1500244140625,1508.161376953125,2196415
2020-03-26,1605.0,1650.0,1574.0,1616.949951171875,1530.69140625,2622118
2020-03-27,1664.800048828125,1665.25,1550.199951171875,1604.1500244140625,1518.5745849609375,2102479
2020-03-30,1591.1500244140625,1619.5,1559.050048828125,1594.949951171875,1509.865234375,1844011
2020-03-31,1625.0,1690.0,1601.800048828125,1666.5,1577.5982666015625,2789174
2020-04-01,1650.050048828125,1655.0,1584.25,1603.199951171875,1517.6751708984375,1559455
2020-04-03,1615.0999755859375,1616.0,1517.25,1520.9000244140625,1439.765380859375,2925847
2020-04-07,1540.0,1635.0,1538.0,1623.800048828125,1537.17626953125,2733586
2020-04-08,1623.800048828125,1687.800048828125,1600.0,1608.949951171875,1523.1182861328125,2382213
2020-04-09,1640.0,1678.9000244140625,1618.949951171875,1651.3499755859375,1563.2568359375,1489539
2020-04-13,1646.0,1703.6500244140625,1602.8499755859375,1680.8499755859375,1591.182861328125,2586159
2020-04-15,1703.6500244140625,1736.75,1683.800048828125,1718.199951171875,1626.540283203125,2508270
2020-04-16,1691.0,1752.300048828125,1684.75,1743.0999755859375,1650.11181640625,1821296
2020-04-17,1763.0,1783.699951171875,1727.0999755859375,1756.25,1662.5604248046875,1398686
2020-04-20,1758.25,1758.6500244140625,1705.6500244140625,1730.449951171875,1638.136962890625,1431055
2020-04-21,1710.0,1753.949951171875,1700.0,1726.0,1633.9241943359375,1594930
2020-04-22,1717.0999755859375,1822.0,1712.25,1813.0,1716.2833251953125,3727805
2020-04-23,1807.0,1845.4000244140625,1801.050048828125,1821.6500244140625,1724.4718017578125,2573552
2020-04-24,1815.050048828125,1842.800048828125,1814.0,1827.550048828125,1730.0567626953125,2744768
2020-04-27,1840.0,1859.800048828125,1818.0999755859375,1851.3499755859375,1752.587158203125,1770889
2020-04-28,1847.199951171875,1864.0,1806.300048828125,1824.4000244140625,1727.0751953125,1934910
2020-04-29,1846.9000244140625,1847.0,1755.9000244140625,1767.5,1673.2103271484375,2931120
2020-04-30,1795.0,1797.0,1741.0,1758.699951171875,1664.8795166015625,2926333
2020-05-04,1718.0,1751.0,1671.5,1676.800048828125,1587.3489990234375,2942397
2020-05-05,1681.0,1692.9000244140625,1578.25,1619.1500244140625,1532.7744140625,5867890
2020-05-06,1615.0,1638.699951171875,1577.0,1610.6500244140625,1524.727783203125,3937921
2020-05-07,1609.949951171875,1628.699951171875,1545.199951171875,1594.300048828125,1509.25,5256213
2020-05-08,1611.800048828125,1638.0,1570.0,1578.4000244140625,1494.197998046875,5644426
2020-05-11,1583.0,1599.0,1555.0,1569.5999755859375,1485.8675537109375,3767646
2020-05-12,1539.0,1543.75,1512.0,1523.3499755859375,1442.084716796875,4504073
2020-05-13,1579.800048828125,1579.800048828125,1533.3499755859375,1563.300048828125,1479.90380859375,2940514
2020-05-14,1553.300048828125,1557.5999755859375,1517.0,1522.4000244140625,1441.185546875,2592264
2020-05-15,1529.0,1560.0,1510.0,1552.949951171875,1470.1058349609375,2860493
2020-05-18,1558.0,1558.550048828125,1498.0999755859375,1501.0999755859375,1421.0216064453125,2871905
2020-05-19,1510.0,1516.949951171875,1482.949951171875,1503.949951171875,1423.7198486328125,3164137
2020-05-20,1503.949951171875,1514.0,1492.6500244140625,1500.050048828125,1420.02783203125,2057402
2020-05-21,1503.0,1583.5,1501.0,1574.300048828125,1490.3170166015625,3845743
2020-05-22,1568.800048828125,1625.0,1555.4000244140625,1617.9000244140625,1531.5908203125,5203736
2020-05-26,1625.0,1656.949951171875,1620.0,1629.8499755859375,1542.9034423828125,3552636
2020-05-27,1631.0,1636.8499755859375,1595.949951171875,1619.449951171875,1533.058349609375,2260057
2020-05-28,1622.0,1656.949951171875,1615.25,1643.5999755859375,1555.919921875,3138915
2020-05-29,1639.0,1699.0,1633.0999755859375,1683.0999755859375,1593.3128662109375,3532977
2020-06-01,1706.5,1711.9000244140625,1681.5,1693.25,1602.9215087890625,2529255
2020-06-02,1693.25,1733.0,1680.0,1709.300048828125,1618.114990234375,2440552
2020-06-03,1724.0,1744.0,1705.8499755859375,1716.550048828125,1624.9786376953125,3088817
2020-06-04,1716.449951171875,1719.5999755859375,1627.0,1633.75,1546.595703125,4388930
2020-06-05,1650.0,1659.3499755859375,1621.0,1638.550048828125,1551.139404296875,2884206
2020-06-08,1657.0,1666.0,1629.0,1634.25,1547.0687255859375,2046505
2020-06-09,1640.0,1695.0,1636.75,1642.050048828125,1554.4525146484375,3671930
2020-06-10,1648.0,1675.0999755859375,1627.9000244140625,1635.949951171875,1548.677978515625,2069280
2020-06-11,1635.949951171875,1646.0,1607.0,1610.5999755859375,1524.6802978515625,1888420
2020-06-12,1580.0,1642.949951171875,1577.5,1637.3499755859375,1550.0035400390625,2391556
2020-06-15,1629.0,1650.6500244140625,1602.0999755859375,1618.199951171875,1531.8748779296875,1681166
2020-06-16,1639.0,1640.25,1607.6500244140625,1621.699951171875,1535.188232421875,1497691
2020-06-17,1607.550048828125,1622.6500244140625,1590.4000244140625,1595.4000244140625,1510.2913818359375,1812788
2020-06-18,1595.4000244140625,1612.199951171875,1587.300048828125,1597.800048828125,1512.5633544921875,1417273
2020-06-19,1597.800048828125,1630.0,1591.050048828125,1622.5,1535.945556640625,2714342
2020-06-22,1633.0,1673.5,1624.0,1652.1500244140625,1564.0137939453125,2034739
2020-06-23,1659.8499755859375,1689.0,1641.0,1683.9000244140625,1594.0699462890625,2334863
2020-06-24,1684.0,1813.75,1684.0,1747.25,1654.04052734375,11545923
2020-06-25,1740.0,1747.0,1683.1500244140625,1689.0,1598.8978271484375,4054785
2020-06-26,1710.0,1710.3499755859375,1670.699951171875,1686.75,1596.76806640625,2129986
2020-06-29,1687.0,1708.449951171875,1674.050048828125,1691.949951171875,1601.6907958984375,2753482
2020-06-30,1708.9000244140625,1718.0,1681.6500244140625,1687.449951171875,1597.4305419921875,1960731
2020-07-01,1698.0,1698.0,1680.050048828125,1688.0,1597.951171875,1661296
2020-07-02,1700.0,1704.0,1660.0999755859375,1686.449951171875,1596.4840087890625,2038399
2020-07-03,1695.4000244140625,1720.0,1690.0,1695.6500244140625,1605.1932373046875,1988941
2020-07-06,1708.949951171875,1712.0,1692.1500244140625,1708.8499755859375,1617.689208984375,1236670
2020-07-07,1708.949951171875,1749.9000244140625,1705.8499755859375,1745.75,1652.6207275390625,2983260
2020-07-08,1750.0,1761.800048828125,1680.050048828125,1686.25,1596.294677734375,2725937
2020-07-09,1694.0,1722.0,1692.0999755859375,1717.25,1625.6409912109375,1904661
2020-07-10,1707.949951171875,1711.0,1695.199951171875,1703.5,1612.6243896484375,1156043
2020-07-13,1708.0,1732.9000244140625,1700.0,1705.6500244140625,1614.6597900390625,1289791
2020-07-14,1705.6500244140625,1718.0,1682.0999755859375,1688.4000244140625,1598.330322265625,1347120
2020-07-15,1700.0,1713.5999755859375,1663.300048828125,1671.6500244140625,1582.4737548828125,1611341
2020-07-16,1679.800048828125,1697.0999755859375,1645.0999755859375,1693.199951171875,1602.873779296875,1442725
2020-07-17,1695.0,1742.5,1689.75,1717.9000244140625,1626.25634765625,2308792
2020-07-20,1727.0,1757.3499755859375,1720.25,1751.5999755859375,1658.1585693359375,1848600
2020-07-21,1761.0,1771.75,1719.0,1724.25,1632.2674560546875,2088461
2020-07-22,1724.25,1736.4000244140625,1691.0,1695.75,1605.2880859375,1300409
2020-07-23,1690.0,1740.0,1687.0,1727.800048828125,1637.076171875,2375218
2020-07-24,1724.0,1727.0,1682.0,1712.050048828125,1622.1536865234375,3971563
2020-07-27,1717.199951171875,1788.0,1717.199951171875,1778.1500244140625,1684.7828369140625,6470525
2020-07-28,1779.0,1792.6500244140625,1751.050048828125,1759.6500244140625,1667.25390625,2534092
2020-07-29,1770.0,1779.9000244140625,1730.0,1740.1500244140625,1648.7779541015625,1530981
2020-07-30,1752.0,1778.0,1728.0999755859375,1743.3499755859375,1651.8096923828125,2113975
2020-07-31,1754.0,1770.9000244140625,1710.4000244140625,1715.5,1625.4222412109375,1678643
2020-08-03,1729.0,1735.0,1697.5,1705.5,1615.947265625,1437425
2020-08-04,1719.0,1735.0,1708.550048828125,1713.949951171875,1623.9534912109375,1815396
2020-08-05,1718.0,1741.949951171875,1712.5,1716.300048828125,1626.1802978515625,1416803
2020-08-06,1732.050048828125,1752.0999755859375,1720.0999755859375,1727.550048828125,1636.839599609375,1914507
2020-08-07,1727.550048828125,1816.9000244140625,1725.699951171875,1806.25,1711.4071044921875,5166075
2020-08-10,1810.0,1824.300048828125,1777.0,1782.3499755859375,1688.7618408203125,1892614
2020-08-11,1800.0,1837.800048828125,1780.0,1789.550048828125,1695.583984375,3039662
2020-08-12,1789.949951171875,1806.0,1772.0,1797.25,1702.879638671875,1679096
2020-08-13,1806.4000244140625,1815.0,1788.0,1802.550048828125,1707.9012451171875,1192375
2020-08-14,1818.699951171875,1830.0,1795.5,1802.550048828125,1707.9012451171875,1868376
2020-08-17,1820.0,1842.5,1801.8499755859375,1836.699951171875,1740.258056640625,1634180
2020-08-18,1831.0,1884.0,1831.0,1874.0999755859375,1775.694580078125,2586298
2020-08-19,1890.0,1902.4000244140625,1872.550048828125,1885.699951171875,1786.6854248046875,1947114
2020-08-20,1867.949951171875,1880.0,1857.050048828125,1874.9000244140625,1776.4522705078125,1538879
2020-08-21,1887.9000244140625,1973.25,1880.75,1958.0,1855.1888427734375,5688228
2020-08-24,1958.0,1996.0,1940.0,1962.1500244140625,1859.1207275390625,3996329
2020-08-25,1964.25,2016.8499755859375,1964.0,2000.5999755859375,1895.55224609375,3544399
2020-08-26,2000.949951171875,2009.0,1955.5,1971.4000244140625,1867.8856201171875,2245810
2020-08-27,1980.9000244140625,2009.0,1970.050048828125,1982.5,1878.402587890625,3116305
2020-08-28,1994.0,1997.0,1953.300048828125,1958.0999755859375,1855.28369140625,1842536
2020-08-31,1977.0,1983.9000244140625,1881.25,1899.0999755859375,1799.3817138671875,2738522
2020-09-01,1925.0,1988.0,1907.75,1979.300048828125,1875.3704833984375,3068285
2020-09-02,1977.949951171875,1997.0,1925.0,1943.949951171875,1841.8768310546875,2569603
2020-09-03,1950.199951171875,1987.8499755859375,1945.0,1978.0,1874.1387939453125,1931667
2020-09-04,1958.0,1993.699951171875,1951.0,1956.3499755859375,1853.6256103515625,1930422
2020-09-07,1965.0,2003.6500244140625,1948.0999755859375,1982.0999755859375,1878.0234375,2855392
2020-09-08,1987.5,2001.949951171875,1952.0,1960.3499755859375,1857.41552734375,2401034
2020-09-09,1960.3499755859375,1993.9000244140625,1958.0,1979.050048828125,1875.1337890625,2776804
2020-09-10,1985.050048828125,2069.699951171875,1981.0,2056.550048828125,1948.5640869140625,5081252
2020-09-11,2063.0,2069.949951171875,2022.0,2035.949951171875,1929.0457763671875,2599475
2020-09-14,2050.0,2054.0,2005.0,2031.199951171875,1924.5452880859375,2142458
2020-09-15,2045.0,2049.550048828125,2009.050048828125,2017.550048828125,1911.612060546875,1997383
2020-09-16,2027.0,2027.0,1994.1500244140625,2012.0999755859375,1906.4482421875,1717740
2020-09-17,2000.0,2045.0,2000.0,2007.949951171875,1902.5162353515625,2416918
2020-09-18,2026.300048828125,2044.3499755859375,2015.0,2028.4000244140625,1921.892333984375,3021436
2020-09-21,2036.4000244140625,2057.0,1962.300048828125,1972.550048828125,1868.9749755859375,2518361
2020-09-22,1990.199951171875,1995.699951171875,1926.3499755859375,1937.5,1835.765380859375,1974860
2020-09-23,1940.0,1990.0,1928.300048828125,1946.550048828125,1844.34033203125,2732912
2020-09-24,1941.550048828125,1945.0,1907.75,1918.3499755859375,1817.620849609375,1906183
2020-09-25,1925.25,1955.0,1908.0,1925.5999755859375,1824.489990234375,1939316
2020-09-28,1938.0,1958.0,1930.0,1945.5999755859375,1843.4400634765625,1137313
2020-09-29,1960.0,1989.949951171875,1954.0,1959.949951171875,1857.0364990234375,1965383
2020-09-30,1966.0999755859375,2004.0,1958.1500244140625,1986.4000244140625,1882.0977783203125,2518982
2020-10-01,2007.0,2049.35009765625,1992.050048828125,2040.449951171875,1933.3095703125,2014003
2020-10-05,2040.449951171875,2042.699951171875,2011.0,2028.0,1921.513427734375,1554873
2020-10-06,2050.0,2097.89990234375,2045.0999755859375,2090.0,1980.2579345703125,3152378
2020-10-07,2080.0,2118.800048828125,2073.949951171875,2105.0,1994.4700927734375,2429595
2020-10-08,2104.5,2107.949951171875,2072.050048828125,2088.64990234375,1978.978759765625,1427493
2020-10-09,2094.0,2108.89990234375,2045.1500244140625,2050.60009765625,1942.9267578125,1636939
2020-10-12,2067.89990234375,2086.449951171875,2041.25,2077.85009765625,1968.745849609375,2182836
2020-10-13,2077.0,2114.0,2054.050048828125,2064.64990234375,1956.239013671875,2619233
2020-10-14,2070.0,2085.5,2055.0,2071.35009765625,1962.587158203125,1530471
2020-10-15,2070.0,2124.0,2066.050048828125,2090.449951171875,1980.683837890625,4001883
2020-10-16,2089.949951171875,2090.0,2055.550048828125,2061.199951171875,1952.97021484375,2017706
2020-10-19,2079.949951171875,2079.949951171875,2056.5,2070.10009765625,1961.4029541015625,1338404
2020-10-20,2077.89990234375,2131.800048828125,2067.35009765625,2118.5,2007.261474609375,2377713
2020-10-21,2130.0,2143.85009765625,2081.25,2114.300048828125,2003.281982421875,2895432
2020-10-22,2114.199951171875,2116.85009765625,2076.800048828125,2099.89990234375,1989.6383056640625,2755686
2020-10-23,2113.5,2129.39990234375,2096.0,2120.25,2008.919677734375,3070714
2020-10-26,2116.35009765625,2116.35009765625,2070.050048828125,2080.449951171875,1971.209228515625,1278139
2020-10-27,2085.0,2207.35009765625,2085.0,2197.800048828125,2082.397705078125,4964874
2020-10-28,2199.800048828125,2218.550048828125,2150.14990234375,2159.550048828125,2049.279541015625,3166047
2020-10-29,2162.0,2233.25,2161.10009765625,2225.449951171875,2111.815185546875,4795796
2020-10-30,2210.10009765625,2242.85009765625,2195.5,2211.5,2098.57666015625,3006197
2020-11-02,2198.0,2225.89990234375,2166.10009765625,2172.85009765625,2061.900634765625,1772571
2020-11-03,2193.89990234375,2193.89990234375,2146.75,2154.64990234375,2044.6297607421875,1781465
2020-11-04,2160.0,2213.85009765625,2156.0,2169.449951171875,2058.674072265625,2189957
2020-11-05,2190.0,2245.699951171875,2183.64990234375,2238.300048828125,2124.008544921875,2671841
2020-11-06,2233.949951171875,2248.0,2202.5,2209.050048828125,2096.251953125,2395965
2020-11-09,2249.0,2249.0,2214.14990234375,2225.199951171875,2111.577392578125,1691773
2020-11-10,2225.199951171875,2238.550048828125,2189.0,2199.75,2087.427001953125,1879561
2020-11-11,2205.0,2223.0,2157.300048828125,2181.699951171875,2070.298583984375,2387398
2020-11-12,2172.0,2201.75,2162.0,2171.800048828125,2060.904052734375,1626054
2020-11-13,2180.5,2206.550048828125,2172.0,2179.949951171875,2068.6376953125,1560060
2020-11-14,2192.0,2193.39990234375,2180.35009765625,2184.60009765625,2073.05078125,146991
2020-11-17,2206.39990234375,2221.89990234375,2182.0,2187.64990234375,2075.944580078125,1699293
2020-11-18,2185.0,2210.0,2166.10009765625,2195.75,2083.63134765625,1817170
2020-11-19,2175.0,2195.0,2156.699951171875,2161.699951171875,2051.31982421875,2669522
2020-11-20,2163.35009765625,2190.050048828125,2160.550048828125,2166.550048828125,2055.922119140625,2196113
2020-11-23,2160.550048828125,2196.949951171875,2138.800048828125,2186.25,2074.616455078125,4002609
2020-11-24,2192.89990234375,2231.0,2191.0,2207.89990234375,2095.16064453125,2954306
2020-11-25,2197.25,2208.699951171875,2150.0,2154.300048828125,2044.2977294921875,1682365
2020-11-26,2160.0,2177.449951171875,2117.14990234375,2155.300048828125,2045.24658203125,2247478
2020-11-27,2170.0,2244.60009765625,2165.0,2215.300048828125,2102.183349609375,10036402
2020-12-01,2275.0,2275.0,2206.199951171875,2230.050048828125,2116.179931640625,2235498
2020-12-02,2241.0,2325.949951171875,2236.0,2315.85009765625,2197.598388671875,3305952
2020-12-03,2340.0,2421.85009765625,2316.25,2411.39990234375,2288.269775390625,4334658
2020-12-04,2400.0,2445.0,2375.0,2438.75,2314.2236328125,2789953
2020-12-07,2440.0,2478.800048828125,2437.0,2472.550048828125,2346.29736328125,1762501
2020-12-08,2470.550048828125,2484.199951171875,2427.949951171875,2438.89990234375,2314.365234375,2090950
2020-12-09,2450.0,2532.10009765625,2447.0,2522.300048828125,2393.507080078125,2022370
2020-12-10,2515.949951171875,2552.0,2501.0,2526.050048828125,2397.0654296875,2372909
2020-12-11,2516.0,2536.89990234375,2495.0,2520.949951171875,2392.22607421875,2171653
2020-12-14,2530.0,2553.89990234375,2521.0,2548.14990234375,2418.037109375,1280339
2020-12-15,2535.0,2538.60009765625,2502.5,2527.449951171875,2398.393798828125,1283286
2020-12-16,2540.0,2587.89990234375,2537.60009765625,2582.449951171875,2450.585693359375,1920875
2020-12-17,2569.0,2603.35009765625,2557.0,2575.050048828125,2443.5634765625,1750663
2020-12-18,2577.0,2636.0,2575.550048828125,2601.5,2468.662841796875,4402604
2020-12-21,2595.449951171875,2602.300048828125,2539.10009765625,2554.64990234375,2424.204833984375,1383048
2020-12-22,2541.0,2613.60009765625,2496.199951171875,2600.800048828125,2467.998779296875,1993090
2020-12-23,2604.0,2650.0,2604.0,2642.550048828125,2507.6171875,1339307
2020-12-24,2658.0,2658.0,2613.0,2648.25,2513.025390625,1143202
2020-12-28,2654.25,2689.5,2629.550048828125,2683.89990234375,2546.855712890625,1226254
2020-12-29,2685.0,2712.449951171875,2673.0,2696.800048828125,2559.0966796875,1562853
2020-12-30,2694.0,2742.85009765625,2680.35009765625,2734.39990234375,2594.7763671875,1614643
2020-12-31,2734.39990234375,2772.0,2725.050048828125,2764.5,2623.33984375,1526325
2021-01-01,2759.0,2792.0,2750.0,2775.550048828125,2633.82568359375,1246698
2021-01-04,2781.10009765625,2791.10009765625,2745.0,2753.699951171875,2613.09130859375,1360486
2021-01-05,2753.699951171875,2804.60009765625,2732.0,2793.85009765625,2651.191650390625,1299589
2021-01-06,2801.300048828125,2822.449951171875,2780.0,2805.35009765625,2662.104248046875,1697884
2021-01-07,2801.0,2831.85009765625,2781.5,2792.25,2649.6728515625,1142806
2021-01-08,2818.0,2849.800048828125,2789.050048828125,2844.699951171875,2699.44482421875,1660967
2021-01-11,2845.0,2873.449951171875,2824.60009765625,2849.300048828125,2703.8095703125,1517995
2021-01-12,2849.60009765625,2850.0,2712.14990234375,2720.550048828125,2581.6337890625,6674890
2021-01-13,2760.0,2763.0,2678.0,2703.699951171875,2565.644287109375,2862676
2021-01-14,2713.0,2736.64990234375,2648.0,2663.89990234375,2527.876953125,2124950
2021-01-15,2660.89990234375,2661.85009765625,2580.550048828125,2590.89990234375,2458.604248046875,2570436
2021-01-18,2592.0,2619.85009765625,2555.39990234375,2588.199951171875,2456.042236328125,2395168
2021-01-19,2615.0,2676.60009765625,2590.0,2645.050048828125,2509.989013671875,2558693
2021-01-20,2654.0,2707.14990234375,2645.050048828125,2697.25,2559.52392578125,2065439
2021-01-21,2726.949951171875,2816.949951171875,2695.0,2716.35009765625,2577.648681640625,5015712
2021-01-22,2750.0,2768.85009765625,2590.0,2596.64990234375,2464.060791015625,4945564
2021-01-25,2612.85009765625,2631.5,2501.0,2513.949951171875,2385.58349609375,3520087
2021-01-27,2525.0,2525.0,2430.550048828125,2436.60009765625,2312.182861328125,2700415
2021-01-28,2420.0,2453.949951171875,2401.050048828125,2441.699951171875,2317.0224609375,3035457
2021-01-29,2456.0,2484.0,2400.0,2407.35009765625,2284.426513671875,2768673
2021-02-01,2426.60009765625,2467.75,2376.89990234375,2447.800048828125,2322.81103515625,1797359
2021-02-02,2460.0,2520.0,2425.10009765625,2463.64990234375,2337.851806640625,2679428
2021-02-03,2503.85009765625,2503.85009765625,2438.35009765625,2453.64990234375,2328.3623046875,2409356
2021-02-04,2456.0,2456.0,2398.0,2401.800048828125,2279.16015625,3478562
2021-02-05,2420.0,2423.89990234375,2370.800048828125,2376.75,2255.38916015625,3303319
2021-02-08,2394.0,2434.89990234375,2373.39990234375,2416.85009765625,2293.441162109375,3666313
2021-02-09,2432.5,2532.449951171875,2423.64990234375,2506.85009765625,2378.84619140625,7178572
2021-02-10,2529.0,2555.0,2475.0,2510.60009765625,2382.404296875,4473123
2021-02-11,2524.949951171875,2540.0,2495.10009765625,2505.5,2377.564697265625,1446286
2021-02-12,2518.0,2523.0,2464.199951171875,2486.10009765625,2359.155517578125,1376085
2021-02-15,2495.0,2517.5,2448.550048828125,2456.75,2331.3037109375,1634576
2021-02-16,2472.0,2475.10009765625,2422.0,2450.25,2325.13623046875,1615849
2021-02-17,2436.0,2455.050048828125,2382.0,2388.14990234375,2266.206787109375,3178784
2021-02-18,2424.0,2479.60009765625,2395.25,2470.75,2344.58935546875,4253843
2021-02-19,2470.89990234375,2470.89990234375,2400.0,2416.449951171875,2293.0615234375,2244567
2021-02-22,2428.75,2448.0,2380.0,2387.050048828125,2265.162841796875,2002642
2021-02-23,2375.0,2400.0,2315.0,2372.199951171875,2251.071533203125,3267268
2021-02-24,2373.0,2409.35009765625,2347.199951171875,2361.35009765625,2240.77587890625,1708526
2021-02-25,2375.0,2386.25,2336.199951171875,2373.75,2252.541748046875,2839515
2021-02-26,2338.050048828125,2360.0,2260.0,2277.199951171875,2160.92236328125,3933813
2021-03-01,2300.0,2369.89990234375,2300.0,2362.300048828125,2241.6767578125,2545806
2021-03-02,2386.0,2402.550048828125,2359.0,2390.39990234375,2268.341796875,2033586
2021-03-03,2406.0,2417.699951171875,2375.800048828125,2402.10009765625,2279.44482421875,1591567
2021-03-04,2380.0,2435.0,2350.0,2417.10009765625,2293.6787109375,2149984
2021-03-05,2399.0,2423.89990234375,2377.10009765625,2387.10009765625,2265.21044921875,1953642
2021-03-08,2383.0,2413.5,2360.050048828125,2382.699951171875,2261.03515625,1593838
2021-03-09,2400.0,2444.0,2396.14990234375,2422.699951171875,2298.992431640625,1800442
2021-03-10,2446.0,2446.0,2415.550048828125,2431.949951171875,2307.7705078125,1056102
2021-03-12,2442.800048828125,2464.64990234375,2397.0,2401.35009765625,2278.732666015625,1279203
2021-03-15,2402.550048828125,2427.550048828125,2343.050048828125,2355.0,2234.749755859375,1524449
2021-03-16,2379.199951171875,2480.0,2375.35009765625,2468.60009765625,2342.54931640625,4230564
2021-03-17,2460.0,2460.0,2411.10009765625,2422.949951171875,2299.230224609375,1623187
2021-03-18,2468.85009765625,2468.85009765625,2390.0,2404.550048828125,2281.769287109375,1851739
2021-03-19,2393.0,2434.0,2355.35009765625,2411.25,2288.12744140625,3738079
2021-03-22,2390.0,2438.10009765625,2390.0,2425.699951171875,2301.83935546875,1489853
2021-03-23,2430.0,2433.949951171875,2398.199951171875,2410.300048828125,2287.22607421875,1745466
2021-03-24,2410.300048828125,2470.0,2410.0,2443.550048828125,2318.77783203125,4132092
2021-03-25,2450.949951171875,2469.0,2392.0,2402.199951171875,2279.53955078125,2272545
2021-03-26,2425.0,2513.949951171875,2409.10009765625,2505.14990234375,2377.23291015625,3084607
2021-03-30,2539.10009765625,2583.449951171875,2521.5,2578.050048828125,2446.410400390625,2332884
2021-03-31,2578.050048828125,2582.949951171875,2531.0,2537.39990234375,2407.835693359375,1616044
2021-04-01,2532.0,2564.550048828125,2532.0,2551.75,2421.453125,1219588
2021-04-05,2558.0,2558.0,2484.5,2510.64990234375,2382.45166015625,1268939
2021-04-06,2526.0,2620.0,2504.5,2611.60009765625,2478.2470703125,3372846
2021-04-07,2605.0,2668.050048828125,2600.10009765625,2628.60009765625,2494.37890625,1937977
2021-04-08,2630.0,2658.39990234375,2628.0,2650.64990234375,2515.302978515625,897483
2021-04-09,2635.0,2655.0,2610.14990234375,2630.800048828125,2496.466796875,1185017
2021-04-12,2578.199951171875,2610.0,2555.0,2602.199951171875,2469.326904296875,1427691
2021-04-13,2600.0,2626.0,2564.300048828125,2570.699951171875,2439.435302734375,1200230
2021-04-15,2590.0,2593.550048828125,2537.0,2587.699951171875,2455.5673828125,1209829
2021-04-16,2587.60009765625,2693.5,2581.699951171875,2663.699951171875,2527.686767578125,2760777
2021-04-19,2650.0,2650.0,2566.85009765625,2571.89990234375,2440.57421875,1552036
2021-04-20,2600.0,2604.699951171875,2528.800048828125,2553.64990234375,2423.255859375,1489287
2021-04-22,2555.64990234375,2557.0,2488.0,2511.25,2383.02099609375,1690758
2021-04-23,2527.10009765625,2565.0,2496.199951171875,2517.949951171875,2389.37890625,1614593
2021-04-26,2530.0,2575.0,2530.0,2557.89990234375,2427.2890625,1103980
2021-04-27,2545.0,2579.89990234375,2534.0,2574.35009765625,2442.8994140625,866331
2021-04-28,2588.0,2620.25,2575.0,2614.550048828125,2481.046630859375,1065561
2021-04-29,2630.0,2642.0,2570.0,2613.449951171875,2480.003173828125,1295346
2021-04-30,2595.0,2605.800048828125,2524.050048828125,2536.39990234375,2406.88671875,1384907
2021-05-03,2510.0,2595.10009765625,2505.60009765625,2582.14990234375,2450.301025390625,1034774
2021-05-04,2605.0,2617.949951171875,2571.550048828125,2587.14990234375,2455.045654296875,1058140
2021-05-05,2617.0,2617.0,2546.10009765625,2567.64990234375,2436.541259765625,1220186
2021-05-06,2579.85009765625,2581.85009765625,2528.0,2549.050048828125,2418.89111328125,1518119
2021-05-07,2555.0,2590.0,2541.5,2551.64990234375,2421.3583984375,1416102
2021-05-10,2589.0,2589.0,2542.14990234375,2556.949951171875,2426.3876953125,1526814
2021-05-11,2533.0,2562.0,2521.300048828125,2556.25,2425.722900390625,1168363
2021-05-12,2577.0,2588.949951171875,2530.0,2556.199951171875,2425.67626953125,2085630
2021-05-14,2620.0,2835.25,2601.550048828125,2774.5,2632.8291015625,10543708
2021-05-17,2782.0,2824.199951171875,2747.550048828125,2782.75,2640.657958984375,2134352
2021-05-18,2797.0,2845.0,2789.0,2821.800048828125,2677.71435546875,1328605
2021-05-19,2805.14990234375,2849.0,2798.64990234375,2815.85009765625,2672.0673828125,1219067
2021-05-20,2814.0,2845.0,2778.5,2794.10009765625,2651.427978515625,1211975
2021-05-21,2807.0,2854.0,2795.0,2832.5,2687.867431640625,1328308
2021-05-24,2846.0,2849.0,2808.199951171875,2819.199951171875,2675.24658203125,813091
2021-05-25,2836.89990234375,2922.64990234375,2822.75,2914.39990234375,2765.585693359375,2730112
2021-05-26,2939.85009765625,2947.89990234375,2910.39990234375,2941.60009765625,2791.396728515625,1250531
2021-05-27,2950.0,2965.0,2902.25,2949.35009765625,2798.751220703125,2415085
2021-05-28,2958.14990234375,2963.800048828125,2931.14990234375,2940.699951171875,2790.542724609375,711383
2021-05-31,2938.0,2989.949951171875,2936.10009765625,2977.5,2825.463623046875,2093635
2021-06-01,2965.0,2982.60009765625,2915.10009765625,2931.0,2781.337646484375,1194073
2021-06-02,2918.85009765625,2933.75,2877.14990234375,2903.699951171875,2755.431884765625,2067842
2021-06-03,2919.60009765625,2942.0,2904.050048828125,2935.35009765625,2785.466064453125,1404434
2021-06-04,2953.0,2990.0,2908.0,2924.89990234375,2775.549560546875,1509084
2021-06-07,2930.0,2941.0,2903.949951171875,2933.10009765625,2783.3310546875,802415
2021-06-08,2928.0,2944.25,2907.5,2926.25,2776.830078125,762931
2021-06-09,2930.800048828125,2965.0,2919.60009765625,2943.550048828125,2793.247314453125,1340352
2021-06-10,2945.0,2959.300048828125,2920.64990234375,2950.60009765625,2813.798095703125,1344559
2021-06-11,2960.0,2971.60009765625,2938.60009765625,2956.25,2819.186279296875,878445
2021-06-14,2955.10009765625,2970.0,2916.5,2949.89990234375,2813.13037109375,746823
2021-06-15,2970.0,3050.0,2960.949951171875,3042.199951171875,2901.15087890625,2262031
2021-06-16,3029.0,3042.199951171875,3005.5,3018.699951171875,2878.7412109375,859505
2021-06-17,3017.949951171875,3073.949951171875,3000.5,3060.300048828125,2918.411865234375,1533864
2021-06-18,3061.550048828125,3077.800048828125,3016.050048828125,3047.199951171875,2905.919189453125,2293860
2021-06-21,3024.199951171875,3079.14990234375,3021.050048828125,3068.550048828125,2926.27978515625,720491
2021-06-22,3085.0,3092.85009765625,3004.199951171875,3010.800048828125,2871.206787109375,1199238
2021-06-23,3030.0,3030.0,2983.5,2987.35009765625,2848.84423828125,1009007
2021-06-24,2987.35009765625,3049.699951171875,2975.449951171875,3043.25,2902.152099609375,985596
2021-06-25,3030.199951171875,3053.5,2985.0,3003.89990234375,2864.626953125,786964
2021-06-28,3024.0,3038.85009765625,2976.25,2982.949951171875,2844.6484375,891695
2021-06-29,2989.0,3023.85009765625,2973.050048828125,3001.5,2862.337890625,1242734
2021-06-30,2999.0,3030.0,2985.64990234375,2992.699951171875,2853.946044921875,924522
2021-07-01,3008.0,3026.89990234375,2997.0,3021.60009765625,2881.506591796875,848235
2021-07-02,3032.949951171875,3038.800048828125,2999.75,3005.0,2865.67578125,805542
2021-07-05,3020.0,3050.0,3007.10009765625,3014.800048828125,2875.021728515625,863343
2021-07-06,3003.0,3029.5,2996.0,3002.5,2863.291748046875,762630
2021-07-07,3065.0,3069.0,3011.25,3040.10009765625,2899.148681640625,1234865
2021-07-08,3050.0,3059.0,3018.800048828125,3028.300048828125,2887.895751953125,907391
2021-07-09,3022.0,3039.14990234375,3007.0,3010.60009765625,2871.01611328125,547082
2021-07-12,3034.89990234375,3042.85009765625,2991.050048828125,2999.39990234375,2860.335693359375,765566
2021-07-13,3020.0,3021.10009765625,2985.35009765625,2993.85009765625,2855.04248046875,703484
2021-07-14,3003.0,3007.75,2984.199951171875,3001.949951171875,2862.767333984375,470744
2021-07-15,3010.0,3011.0,2971.10009765625,2983.60009765625,2845.268310546875,635535
2021-07-16,2994.0,3006.0,2965.0,2989.300048828125,2850.703857421875,1062548
2021-07-19,2989.300048828125,2999.699951171875,2965.0,2981.949951171875,2843.69482421875,837836
2021-07-20,2996.0,3179.5,2979.550048828125,3159.050048828125,3012.583251953125,6755922
2021-07-22,3130.0,3165.0,3090.0,3106.75,2962.70849609375,1982572
2021-07-23,3106.0,3129.60009765625,3078.050048828125,3083.75,2940.7744140625,815329
2021-07-26,3079.949951171875,3119.0,3051.199951171875,3061.199951171875,2919.270263671875,1136884
2021-07-27,3079.39990234375,3081.5,3021.300048828125,3028.64990234375,2888.229248046875,904289
2021-07-28,3030.35009765625,3033.0,2984.0,3004.10009765625,2864.817626953125,996594
2021-07-29,3004.10009765625,3039.949951171875,2990.300048828125,2997.449951171875,2858.475830078125,762683
2021-07-30,3008.0,3008.64990234375,2951.89990234375,2958.449951171875,2821.283935546875,1067423
2021-08-02,2985.60009765625,2986.800048828125,2960.64990234375,2974.050048828125,2836.160888671875,832285
2021-08-03,3020.0,3065.0,2994.199951171875,3027.0,2886.656005859375,2433031
2021-08-04,3040.60009765625,3053.300048828125,3012.0,3018.60009765625,2878.64501953125,659295
2021-08-05,3034.0,3040.0,2980.050048828125,2988.39990234375,2849.84521484375,693694
2021-08-06,2995.0,3001.0,2961.449951171875,2966.449951171875,2828.9130859375,744159
2021-08-09,2994.64990234375,3015.0,2973.050048828125,2992.550048828125,2853.80322265625,825462
2021-08-10,2998.0,3008.300048828125,2960.550048828125,2977.14990234375,2839.116943359375,724335
2021-08-11,2987.39990234375,3001.449951171875,2952.550048828125,2972.60009765625,2834.7783203125,987941
2021-08-12,2974.0,2985.25,2958.0,2975.5,2837.543701171875,438552
2021-08-13,2980.89990234375,3002.0,2973.10009765625,2988.699951171875,2850.13134765625,572250
2021-08-16,2980.0,2984.14990234375,2960.0,2971.39990234375,2833.633544921875,461742
2021-08-17,2974.0,3044.0,2973.10009765625,3015.300048828125,2875.498046875,2036757
2021-08-18,3048.0,3048.0,2992.550048828125,3001.550048828125,2862.38623046875,1375320
2021-08-20,3001.5,3124.050048828125,3001.5,3112.949951171875,2968.62060546875,3931334
2021-08-23,3159.050048828125,3163.85009765625,3051.0,3077.449951171875,2934.7666015625,1578949
2021-08-24,3092.800048828125,3092.800048828125,3034.550048828125,3045.949951171875,2904.727294921875,763704
2021-08-25,3026.0,3070.0,3012.60009765625,3038.050048828125,2897.193359375,797870
2021-08-26,3064.0,3084.5,3026.199951171875,3039.64990234375,2898.71923828125,1319516
2021-08-27,3040.449951171875,3057.949951171875,3020.5,3036.800048828125,2896.00146484375,634375
2021-08-30,3056.699951171875,3114.25,3048.050048828125,3108.75,2964.61572265625,1051747
2021-08-31,3108.75,3210.0,3103.050048828125,3201.35009765625,3052.92236328125,2283290
2021-09-01,3230.050048828125,3333.0,3215.0,3302.75,3149.62060546875,2423168
2021-09-02,3312.949951171875,3319.0,3266.64990234375,3301.60009765625,3148.524658203125,847517
2021-09-03,3301.60009765625,3344.949951171875,3286.5,3338.800048828125,3183.99951171875,832039
2021-09-06,3342.0,3347.699951171875,3305.89990234375,3315.550048828125,3161.82763671875,664394
2021-09-07,3333.5,3394.60009765625,3323.85009765625,3336.25,3181.5673828125,1285818
2021-09-08,3345.0,3361.550048828125,3297.0,3336.60009765625,3181.901611328125,702598
2021-09-09,3305.0,3359.0,3305.0,3346.35009765625,3191.19970703125,591745
2021-09-13,3346.60009765625,3374.0,3330.35009765625,3367.050048828125,3210.93994140625,610920
2021-09-14,3384.89990234375,3388.60009765625,3356.85009765625,3362.5,3206.6005859375,569412
2021-09-15,3361.85009765625,3383.949951171875,3346.949951171875,3352.300048828125,3196.873779296875,587855
2021-09-16,3350.0,3371.0,3335.0,3342.10009765625,3187.146728515625,516746
2021-09-17,3352.0,3382.0,3285.050048828125,3303.050048828125,3149.90673828125,1545695
2021-09-20,3299.949951171875,3315.0,3265.0,3271.550048828125,3119.8671875,689288
2021-09-21,3271.550048828125,3335.0,3271.0,3309.199951171875,3155.77197265625,922057
2021-09-22,3328.5,3329.949951171875,3288.25,3317.5,3163.68701171875,825945
2021-09-23,3340.0,3340.0,3315.0,3320.64990234375,3166.690673828125,694716
2021-09-24,3330.0,3505.0,3320.85009765625,3448.60009765625,3288.70849609375,2775975
2021-09-27,3461.60009765625,3470.0,3417.64990234375,3430.64990234375,3271.5908203125,902449
2021-09-28,3424.89990234375,3429.699951171875,3350.0,3379.699951171875,3223.00341796875,961271
2021-09-29,3365.0,3381.699951171875,3310.0,3323.050048828125,3168.979736328125,973387
2021-09-30,3329.89990234375,3347.699951171875,3220.0,3244.64990234375,3094.214599609375,2077896
2021-10-01,3248.0,3252.949951171875,3170.0,3177.85009765625,3030.51220703125,1512332
2021-10-04,3202.800048828125,3230.5,3178.0,3201.60009765625,3053.16064453125,921241
2021-10-05,3208.550048828125,3260.0,3191.64990234375,3254.75,3103.846435546875,909337
2021-10-06,3262.0,3280.0,3200.64990234375,3212.25,3063.317138671875,786378
2021-10-07,3220.0,3318.0,3220.0,3290.85009765625,3138.2724609375,1177283
2021-10-08,3307.0,3329.0,3264.10009765625,3306.89990234375,3153.57861328125,882436
2021-10-11,3326.39990234375,3344.35009765625,3297.75,3306.050048828125,3152.76806640625,460197
2021-10-12,3280.0,3335.0,3280.0,3323.25,3169.170654296875,564524
2021-10-13,3343.0,3358.89990234375,3291.39990234375,3323.5,3169.408935546875,770144
2021-10-14,3342.0,3352.949951171875,3290.0,3297.800048828125,3144.900390625,648597
2021-10-18,3252.5,3283.949951171875,3232.0,3241.5,3091.210693359375,1576121
2021-10-19,3260.89990234375,3269.10009765625,3176.10009765625,3183.75,3036.13818359375,1042069
2021-10-20,3190.0,3219.949951171875,3136.64990234375,3169.60009765625,3022.64501953125,1205540
2021-10-21,3194.0,3195.449951171875,2920.449951171875,3002.0,2862.814697265625,5103543
2021-10-22,2975.0,3002.949951171875,2912.14990234375,2982.39990234375,2844.123779296875,2855592
2021-10-25,2950.0,2950.0,2857.25,2918.050048828125,2782.757568359375,2161537
2021-10-26,2918.050048828125,3024.0,2898.0,2969.800048828125,2832.10791015625,1988263
2021-10-27,3029.199951171875,3145.0,3029.199951171875,3094.64990234375,2951.169189453125,4609951
2021-10-28,3103.0,3147.60009765625,3062.0,3116.300048828125,2975.3251953125,1791065
2021-10-29,3125.0,3144.699951171875,3083.300048828125,3100.10009765625,2959.85791015625,1118903
2021-11-01,3128.0,3142.25,3091.64990234375,3121.800048828125,2980.575927734375,750393
2021-11-02,3120.0,3139.800048828125,3080.0,3103.35009765625,2962.9609375,881916
2021-11-03,3102.10009765625,3182.89990234375,3095.0,3170.64990234375,3027.2158203125,879227
2021-11-04,3179.0,3190.0,3145.0,3159.25,3016.331787109375,263595
2021-11-08,3165.0,3181.0,3095.14990234375,3138.0,2996.04296875,787824
2021-11-09,3140.0,3155.0,3120.0,3145.14990234375,3002.869384765625,668840
2021-11-10,3132.0,3136.64990234375,3080.5,3108.300048828125,2967.686767578125,872975
2021-11-11,3090.0,3106.64990234375,3052.0,3063.5,2924.913330078125,958143
2021-11-12,3089.0,3128.0,3075.800048828125,3122.89990234375,2981.6259765625,682344
2021-11-15,3126.0,3180.0,3126.0,3168.699951171875,3025.354248046875,696377
2021-11-16,3165.0,3209.0,3120.10009765625,3151.699951171875,3009.123291015625,1400107
2021-11-17,3170.0,3239.89990234375,3165.050048828125,3230.25,3084.1201171875,1616452
2021-11-18,3249.85009765625,3260.0,3214.0,3226.85009765625,3080.8740234375,1609821
2021-11-22,3241.0,3308.35009765625,3215.050048828125,3261.25,3113.717529296875,2146970
2021-11-23,3261.25,3288.300048828125,3171.550048828125,3185.550048828125,3041.442138671875,1482618
2021-11-24,3186.050048828125,3208.89990234375,3150.0,3157.0,3014.183349609375,1056213
2021-11-25,3156.5,3173.35009765625,3113.0,3144.25,3002.0107421875,728825
2021-11-26,3101.0,3167.35009765625,3091.0,3143.10009765625,3000.912353515625,1029110
2021-11-29,3131.0,3178.89990234375,3071.89990234375,3144.300048828125,3002.057861328125,876651
2021-11-30,3116.14990234375,3189.0,3116.14990234375,3143.64990234375,3001.4375,2340489
2021-12-01,3155.89990234375,3199.75,3124.10009765625,3138.14990234375,2996.1865234375,1741820
2021-12-02,3160.0,3194.0,3152.25,3180.60009765625,3036.7158203125,939320
2021-12-03,3185.0,3187.449951171875,3106.0,3110.449951171875,2969.7392578125,1216263
2021-12-06,3115.0,3115.0,3028.25,3038.300048828125,2900.853515625,1107363
2021-12-07,3040.0,3069.0,3016.449951171875,3030.35009765625,2893.26318359375,2056459
2021-12-08,3031.89990234375,3123.0,3031.0,3108.5,2967.8779296875,1171484
2021-12-09,3152.39990234375,3183.050048828125,3111.0,3178.699951171875,3034.902099609375,1287243
2021-12-10,3184.0,3292.0,3178.699951171875,3283.14990234375,3134.626953125,2554394
2021-12-13,3285.10009765625,3341.0,3270.949951171875,3279.85009765625,3131.475830078125,1265832
2021-12-14,3274.0,3305.0,3249.0,3297.5,3148.32763671875,863179
2021-12-15,3278.14990234375,3313.949951171875,3266.5,3301.949951171875,3152.576416015625,811946
2021-12-16,3325.0,3325.0,3270.60009765625,3298.60009765625,3149.37841796875,502930
2021-12-17,3275.0,3293.300048828125,3227.699951171875,3243.699951171875,3096.96142578125,1019403
2021-12-20,3227.0,3275.0,3181.0,3239.449951171875,3092.903564453125,948872
2021-12-21,3247.0,3296.0,3240.0,3271.35009765625,3123.36083984375,712026
2021-12-22,3275.699951171875,3285.64990234375,3241.0,3280.10009765625,3131.71533203125,619865
2021-12-23,3290.0,3307.89990234375,3250.0,3267.89990234375,3120.06689453125,1051596
2021-12-24,3280.0,3300.0,3261.0,3284.800048828125,3136.201904296875,651404
2021-12-27,3280.10009765625,3284.75,3226.199951171875,3272.39990234375,3124.36279296875,640701
2021-12-28,3275.949951171875,3375.0,3273.0,3368.199951171875,3215.829345703125,1211648
2021-12-29,3372.199951171875,3386.0,3346.199951171875,3367.449951171875,3215.11328125,598421
2021-12-30,3363.25,3390.0,3350.300048828125,3365.699951171875,3213.442138671875,691223
2021-12-31,3390.0,3405.0,3361.39990234375,3382.949951171875,3229.911865234375,570671
2022-01-03,3383.0,3440.89990234375,3383.0,3422.39990234375,3267.57763671875,696276
2022-01-04,3434.0,3472.449951171875,3415.050048828125,3459.300048828125,3302.807861328125,790886
2022-01-05,3470.0,3540.0,3452.050048828125,3526.800048828125,3367.25439453125,1024506
2022-01-06,3491.14990234375,3537.550048828125,3452.14990234375,3514.64990234375,3355.654052734375,1312743
2022-01-07,3514.64990234375,3582.0,3496.550048828125,3576.300048828125,3414.51513671875,964364
2022-01-10,3580.0,3590.0,3527.0,3553.5,3392.746826171875,657511
2022-01-11,3550.60009765625,3564.0,3495.050048828125,3538.75,3378.6640625,734344
2022-01-12,3556.89990234375,3582.449951171875,3534.0,3543.800048828125,3383.4853515625,594543
2022-01-13,3560.0,3560.0,3450.0,3456.25,3299.896240234375,1153984
2022-01-14,3462.0,3462.0,3346.0,3364.39990234375,3212.20068359375,1558978
2022-01-17,3364.39990234375,3399.0,3321.0,3378.64990234375,3225.806640625,1103159
2022-01-18,3379.050048828125,3396.449951171875,3351.0,3373.699951171875,3221.080322265625,558543
2022-01-19,3370.0,3370.0,3267.75,3280.39990234375,3132.00146484375,1495218
2022-01-20,3282.0,3364.89990234375,3222.0,3306.39990234375,3156.824951171875,3075678
2022-01-21,3300.050048828125,3324.949951171875,3241.75,3274.85009765625,3126.7021484375,1441694
2022-01-24,3268.0,3270.0,3135.0,3155.14990234375,3012.417236328125,1575665
2022-01-25,3100.0,3156.949951171875,3010.75,3147.10009765625,3004.7314453125,2699779
2022-01-27,3140.10009765625,3143.0,3071.25,3116.949951171875,2975.9453125,1834684
2022-01-28,3130.0,3170.0,3103.0,3110.85009765625,2970.12158203125,892060
2022-01-31,3140.0,3193.449951171875,3136.39990234375,3152.25,3009.648193359375,944530
2022-02-01,3194.0,3212.35009765625,3141.60009765625,3196.25,3051.658203125,1008915
2022-02-02,3204.800048828125,3244.14990234375,3192.14990234375,3197.699951171875,3053.04248046875,667265
2022-02-03,3212.85009765625,3241.60009765625,3190.199951171875,3203.0,3058.1025390625,899753
2022-02-04,3188.0,3248.800048828125,3176.050048828125,3236.64990234375,3090.230224609375,705765
2022-02-07,3234.0,3251.199951171875,3143.10009765625,3174.699951171875,3031.082763671875,860393
2022-02-08,3179.0,3223.5,3166.199951171875,3216.35009765625,3070.8486328125,799206
2022-02-09,3230.0,3259.0,3222.75,3228.35009765625,3082.30615234375,472725
2022-02-10,3220.0,3248.0,3176.0,3238.75,3092.235595703125,728666
2022-02-11,3229.949951171875,3229.949951171875,3182.5,3216.300048828125,3070.801025390625,587840
2022-02-14,3140.0,3182.699951171875,3120.0,3143.449951171875,3001.24658203125,681236
2022-02-15,3140.0,3270.0,3132.85009765625,3264.60009765625,3116.916259765625,676844
2022-02-16,3280.0,3285.10009765625,3223.0,3252.85009765625,3105.69775390625,624320
2022-02-17,3273.0,3294.949951171875,3236.39990234375,3265.85009765625,3118.109375,636735
2022-02-18,3236.14990234375,3272.0,3230.050048828125,3258.449951171875,3111.044189453125,423801
2022-02-21,3235.0,3278.449951171875,3204.14990234375,3251.64990234375,3104.55224609375,547472
2022-02-22,3120.0,3236.800048828125,3120.0,3227.14990234375,3081.159912109375,1147209
2022-02-23,3236.89990234375,3296.89990234375,3230.0,3237.199951171875,3090.755615234375,935896
2022-02-24,3130.0,3197.800048828125,3051.5,3069.050048828125,2930.211669921875,1823450
2022-02-25,3105.0,3141.449951171875,3083.050048828125,3119.199951171875,2978.093017578125,1239456
2022-02-28,3090.0,3190.5,3015.0,3174.64990234375,3031.03515625,1678348
2022-03-02,3107.0,3111.199951171875,2991.10009765625,3028.949951171875,2891.926025390625,3014206
2022-03-03,3029.0,3051.0,2862.0,2871.89990234375,2741.980712890625,4406840
2022-03-04,2863.800048828125,2863.800048828125,2662.050048828125,2738.14990234375,2614.28125,6979253
2022-03-07,2649.89990234375,2727.949951171875,2599.35009765625,2708.449951171875,2585.9248046875,3233760
2022-03-08,2690.0,2736.949951171875,2638.0,2723.39990234375,2600.198974609375,2611102
2022-03-09,2750.0,2890.0,2665.050048828125,2874.949951171875,2744.892578125,4076068
2022-03-10,3000.0,3040.0,2891.199951171875,2912.800048828125,2781.03076171875,3971987
2022-03-11,2917.0,2939.949951171875,2882.35009765625,2932.0,2799.36181640625,1265493
2022-03-14,2950.0,2972.35009765625,2917.300048828125,2962.800048828125,2828.769287109375,1214217
2022-03-15,2998.0,3032.0,2966.0,2987.14990234375,2852.017578125,1857685
2022-03-16,3043.0,3050.0,3010.75,3042.0,2904.385986328125,1287234
2022-03-17,3113.5,3163.300048828125,3076.5,3136.60009765625,2994.706787109375,2867519
2022-03-21,3117.300048828125,3117.300048828125,3030.10009765625,3045.75,2907.966064453125,1259015
2022-03-22,3024.0,3062.699951171875,2975.0,3051.14990234375,2913.1220703125,1515772
2022-03-23,3060.0,3079.89990234375,3005.0,3016.800048828125,2880.326171875,948403
2022-03-24,2969.5,3038.949951171875,2950.550048828125,3025.35009765625,2888.4892578125,1243917
2022-03-25,3025.35009765625,3064.550048828125,2991.0,3046.949951171875,2909.11181640625,1083275
2022-03-28,3046.949951171875,3058.60009765625,2995.64990234375,3027.449951171875,2890.494140625,680332
2022-03-29,3069.0,3087.699951171875,3012.699951171875,3042.60009765625,2904.958984375,1120936
2022-03-30,3078.0,3094.35009765625,3055.89990234375,3081.550048828125,2942.147216796875,849545
2022-03-31,3115.0,3129.25,3066.10009765625,3079.949951171875,2940.619140625,1464862
2022-04-01,3110.0,3121.0,3087.64990234375,3114.14990234375,2973.271728515625,637392
2022-04-04,3124.949951171875,3143.0,3093.5,3118.0,2976.947998046875,873264
2022-04-05,3110.0,3157.0,3080.0,3140.800048828125,2998.71630859375,805874
2022-04-06,3137.0,3165.0,3113.0,3154.0,3011.3193359375,736379
2022-04-07,3154.0,3208.949951171875,3145.5,3155.0,3012.2744140625,1025244
2022-04-08,3168.0,3220.0,3151.199951171875,3206.25,3061.205810546875,678898
2022-04-11,3184.0,3222.0,3150.0,3157.449951171875,3014.613525390625,672652
2022-04-12,3154.699951171875,3162.10009765625,3114.14990234375,3128.64990234375,2987.115966796875,794265
2022-04-13,3117.199951171875,3121.89990234375,3066.10009765625,3080.64990234375,2941.28759765625,1121350
2022-04-18,3056.0,3058.0,3013.0,3021.550048828125,2884.861328125,1032504
2022-04-19,3030.0,3059.199951171875,2970.0,2991.199951171875,2855.884033203125,749782
2022-04-20,2991.300048828125,3089.5,2980.0,3083.0,2943.53125,838182
2022-04-21,3089.800048828125,3174.39990234375,3086.050048828125,3158.25,3015.377197265625,1069035
2022-04-22,3121.5,3173.300048828125,3113.25,3164.39990234375,3021.248779296875,681191
2022-04-25,3134.0,3155.10009765625,3095.10009765625,3130.60009765625,2988.97802734375,1096774
2022-04-26,3130.0,3148.699951171875,3105.800048828125,3125.64990234375,2984.25146484375,1703441
2022-04-27,3096.0,3164.0,3085.949951171875,3148.35009765625,3005.9248046875,963536
2022-04-28,3190.0,3268.0,3170.0,3247.699951171875,3100.780517578125,2001838
2022-04-29,3249.0,3278.0,3221.300048828125,3237.199951171875,3090.755615234375,1088970
2022-05-02,3195.0,3211.5,3154.050048828125,3200.0,3055.23828125,595522
2022-05-04,3178.0,3194.699951171875,3081.449951171875,3100.85009765625,2960.573974609375,1120002
2022-05-05,3104.75,3126.949951171875,3070.0,3076.550048828125,2937.373046875,724601
2022-05-06,3020.0,3052.39990234375,3003.89990234375,3016.25,2879.801025390625,923941
2022-05-09,3000.85009765625,3038.800048828125,2975.0,3005.25,2869.29833984375,998324
2022-05-10,3051.0,3138.75,3036.0,3086.35009765625,2946.729736328125,2460016
2022-05-11,3090.39990234375,3109.550048828125,2979.0,3053.64990234375,2915.508544921875,1883969
2022-05-12,3042.0,3078.0,2988.0,3039.949951171875,2902.4287109375,1254245
2022-05-13,3074.39990234375,3116.25,3035.300048828125,3064.0,2925.390380859375,1121729
2022-05-16,3089.89990234375,3089.89990234375,2985.199951171875,2999.89990234375,2864.190185546875,733044
2022-05-17,2998.89990234375,3056.60009765625,2951.0,3050.0,2912.02490234375,1179081
2022-05-18,3030.0,3128.800048828125,3026.0,3100.10009765625,2959.85791015625,1379763
2022-05-19,3000.5,3071.699951171875,3000.449951171875,3046.89990234375,2909.064208984375,772390
2022-05-20,3080.0,3125.0,3070.0,3109.949951171875,2969.261962890625,778957
2022-05-23,3143.949951171875,3188.0,3130.050048828125,3174.199951171875,3030.60546875,813294
2022-05-24,3174.75,3183.64990234375,3070.0,3086.85009765625,2947.20703125,691307
2022-05-25,3039.0,3039.0,2826.300048828125,2838.050048828125,2709.662353515625,3381427
2022-05-26,2850.0,2860.0,2718.550048828125,2840.14990234375,2711.6669921875,3212196
2022-05-27,2868.0,2869.0,2781.0,2834.85009765625,2706.607177734375,1879534
2022-05-30,2880.0,2884.0,2817.0,2844.0,2715.343017578125,2525482
2022-05-31,2844.0,2878.0,2811.0,2859.64990234375,2730.284912109375,2408221
2022-06-01,2859.64990234375,2939.89990234375,2832.050048828125,2852.5,2723.458984375,1770795
2022-06-02,2870.199951171875,2919.0,2848.0,2908.550048828125,2776.972900390625,1164197
2022-06-03,2905.0,2919.449951171875,2856.0,2886.89990234375,2756.302490234375,1228489
2022-06-06,2871.10009765625,2872.0,2807.699951171875,2817.449951171875,2689.993896484375,1193698
2022-06-07,2800.0,2804.0,2731.0,2744.699951171875,2620.53515625,1403598
2022-06-08,2771.89990234375,2775.0,2700.0,2705.199951171875,2582.822021484375,1743575
2022-06-09,2680.0,2697.60009765625,2633.75,2686.800048828125,2580.03759765625,1857501
2022-06-10,2665.0,2736.0,2652.0,2708.75,2601.114990234375,1592920
2022-06-13,2669.949951171875,2683.0,2642.5,2660.75,2555.0224609375,1674206
2022-06-14,2617.0,2666.35009765625,2585.0,2635.39990234375,2530.6796875,2296040
2022-06-15,2650.0,2683.60009765625,2627.10009765625,2661.14990234375,2555.406494140625,928842
2022-06-16,2694.949951171875,2725.449951171875,2640.0,2657.449951171875,2551.853515625,1280628
2022-06-17,2650.10009765625,2657.0,2560.0,2580.199951171875,2477.673095703125,2043251
2022-06-20,2600.0,2673.35009765625,2588.35009765625,2660.699951171875,2554.974609375,1595360
2022-06-21,2674.949951171875,2710.0,2640.0,2678.35009765625,2571.923095703125,1042074
2022-06-22,2688.0,2707.949951171875,2626.35009765625,2666.35009765625,2560.400146484375,1871760
2022-06-23,2674.949951171875,2767.949951171875,2674.949951171875,2758.199951171875,2648.60009765625,1612872
2022-06-24,2775.0,2784.800048828125,2726.0,2760.89990234375,2651.19287109375,2215583
2022-06-27,2779.89990234375,2827.64990234375,2765.0,2820.949951171875,2708.85693359375,1295734
2022-06-28,2780.0,2784.800048828125,2704.300048828125,2726.5,2618.15966796875,1838358
2022-06-29,2706.5,2719.0,2678.0,2697.800048828125,2590.600341796875,1066354
2022-06-30,2714.85009765625,2726.949951171875,2680.0,2695.199951171875,2588.103759765625,1291447
2022-07-01,2704.89990234375,2780.0,2685.0,2773.14990234375,2662.9560546875,1477191
2022-07-04,2775.14990234375,2798.0,2744.800048828125,2790.300048828125,2679.425048828125,653147
2022-07-05,2785.0,2812.300048828125,2760.0,2766.60009765625,2656.6669921875,1073043
2022-07-06,2830.550048828125,2869.0,2805.14990234375,2861.39990234375,2747.699462890625,2085735
2022-07-07,2901.39990234375,2932.0,2876.800048828125,2891.39990234375,2776.50732421875,1469087
2022-07-08,2880.0,2888.0,2840.5,2879.800048828125,2765.3681640625,1274148
2022-07-11,2874.0,2940.550048828125,2851.35009765625,2933.050048828125,2816.502197265625,1081885
2022-07-12,2920.0,2923.25,2885.39990234375,2893.199951171875,2778.23583984375,1115524
2022-07-13,2949.0,2968.949951171875,2926.050048828125,2941.199951171875,2824.32861328125,2153712
2022-07-14,2952.10009765625,2954.85009765625,2912.39990234375,2939.14990234375,2822.359619140625,882479
2022-07-15,2949.949951171875,2985.0,2940.449951171875,2978.14990234375,2859.810302734375,1668006
2022-07-18,2994.75,3025.0,2988.39990234375,3017.85009765625,2897.93310546875,823390
2022-07-19,2983.449951171875,3023.0,2978.14990234375,3019.10009765625,2899.133056640625,638171
2022-07-20,3033.0,3044.699951171875,3000.0,3006.449951171875,2886.986083984375,867436
2022-07-21,2981.0,3084.949951171875,2981.0,3066.10009765625,2944.265869140625,1184060
2022-07-22,3066.10009765625,3092.75,3048.0,3067.39990234375,2945.51416015625,1268141
2022-07-25,3069.5,3117.199951171875,3051.64990234375,3104.949951171875,2981.572021484375,985844
2022-07-26,3096.0,3149.800048828125,3053.0,3108.5,2984.981201171875,2876310
2022-07-27,3118.949951171875,3193.0,3096.0,3186.050048828125,3059.44921875,1976407
2022-07-28,3198.0,3280.0,3182.0,3272.39990234375,3142.367919921875,1332572
2022-07-29,3285.39990234375,3354.35009765625,3275.0,3333.75,3201.2802734375,1836550
2022-08-01,3340.050048828125,3355.0,3314.5,3324.550048828125,3192.44580078125,1076122
2022-08-02,3331.0,3404.75,3325.60009765625,3396.14990234375,3261.20068359375,1650536
2022-08-03,3404.0,3448.0,3371.25,3439.64990234375,3302.971923828125,1169005
2022-08-04,3455.0,3476.949951171875,3410.89990234375,3460.5,3322.993408203125,981434
2022-08-05,3475.0,3491.949951171875,3451.550048828125,3473.89990234375,3335.861083984375,792478
2022-08-08,3465.0,3476.949951171875,3436.550048828125,3458.449951171875,3321.025146484375,724644
2022-08-10,3441.0,3449.85009765625,3396.0,3411.64990234375,3276.084716796875,1089295
2022-08-11,3450.0,3477.949951171875,3390.0,3405.199951171875,3269.891357421875,1410533
2022-08-12,3399.0,3434.800048828125,3383.0,3427.85009765625,3291.64111328125,548472
2022-08-16,3470.0,3509.449951171875,3455.300048828125,3501.0,3361.884033203125,911189
2022-08-17,3517.949951171875,3545.64990234375,3504.60009765625,3523.699951171875,3383.682373046875,817912
2022-08-18,3525.0,3542.699951171875,3515.550048828125,3535.35009765625,3394.869873046875,599877
2022-08-19,3520.0,3538.5,3464.0,3482.550048828125,3344.167236328125,581829
2022-08-22,3462.10009765625,3485.550048828125,3333.199951171875,3349.75,3216.644775390625,2336567
2022-08-23,3333.0,3383.949951171875,3316.85009765625,3356.60009765625,3223.221923828125,831446
2022-08-24,3339.60009765625,3385.0,3302.0,3378.85009765625,3244.58837890625,1182154
2022-08-25,3375.0,3405.14990234375,3351.199951171875,3362.5,3228.887939453125,615392
2022-08-26,3379.35009765625,3384.5,3305.64990234375,3323.550048828125,3191.485595703125,1384783
2022-08-29,3247.0,3348.35009765625,3236.699951171875,3343.25,3210.403076171875,1031166
2022-08-30,3331.0,3409.75,3331.0,3391.60009765625,3256.831787109375,1426459
2022-09-01,3315.0,3474.39990234375,3315.0,3446.550048828125,3309.59814453125,1417762
2022-09-02,3489.0,3489.0,3425.0,3431.050048828125,3294.714111328125,740821
2022-09-05,3425.050048828125,3450.0,3405.550048828125,3424.800048828125,3288.712158203125,518438
2022-09-06,3420.0,3434.550048828125,3384.0,3395.25,3260.336669921875,540937
2022-09-07,3392.0,3435.0,3385.949951171875,3400.35009765625,3265.234375,682921
2022-09-08,3450.0,3484.64990234375,3427.39990234375,3450.14990234375,3313.0546875,1143090
2022-09-09,3483.699951171875,3483.699951171875,3433.449951171875,3441.85009765625,3305.0849609375,702805
2022-09-12,3441.85009765625,3453.64990234375,3423.0,3432.199951171875,3295.818359375,641280
2022-09-13,3432.0,3459.0,3414.64990234375,3422.199951171875,3286.2158203125,776044
2022-09-14,3380.0,3448.5,3380.0,3438.949951171875,3302.300048828125,816678
2022-09-15,3440.0,3458.75,3389.10009765625,3395.39990234375,3260.480224609375,590182
2022-09-16,3412.39990234375,3420.0,3309.550048828125,3322.550048828125,3190.525390625,1598265
2022-09-19,3320.64990234375,3342.10009765625,3231.300048828125,3316.25,3184.4755859375,1013563
2022-09-20,3335.60009765625,3410.0,3334.0,3393.199951171875,3258.367919921875,708184
2022-09-21,3405.0,3424.89990234375,3348.0,3356.050048828125,3222.694091796875,605378
2022-09-22,3356.050048828125,3440.0,3315.64990234375,3436.0,3299.46728515625,829396
2022-09-23,3435.0,3437.949951171875,3382.699951171875,3395.25,3260.336669921875,513370
2022-09-26,3370.0,3468.0,3354.0,3438.050048828125,3301.435546875,1429914
2022-09-27,3454.85009765625,3500.0,3431.050048828125,3470.64990234375,3332.740234375,1455383
2022-09-28,3451.0,3582.89990234375,3420.0,3570.64990234375,3428.7666015625,1843428
2022-09-29,3563.449951171875,3563.449951171875,3372.39990234375,3384.800048828125,3250.3017578125,2624894
2022-09-30,3402.0,3411.89990234375,3285.25,3342.449951171875,3209.63427734375,2159720
2022-10-03,3348.0,3352.5,3285.75,3302.89990234375,3171.656005859375,934543
2022-10-04,3330.0,3368.35009765625,3312.050048828125,3337.75,3205.121337890625,994382
2022-10-06,3337.75,3366.75,3311.699951171875,3328.949951171875,3196.6708984375,922770
2022-10-07,3318.0,3359.60009765625,3287.25,3343.699951171875,3210.8349609375,774544
2022-10-10,3280.0,3299.0,3260.199951171875,3277.949951171875,3147.697265625,734377
2022-10-11,3290.5,3360.0,3274.0,3298.699951171875,3167.623046875,1411316
2022-10-12,3335.0,3339.5,3206.0,3248.199951171875,3119.129638671875,1812549
2022-10-13,3230.10009765625,3258.199951171875,3193.89990234375,3209.0,3081.4873046875,779890
2022-10-14,3235.0,3246.0,3180.0,3185.5,3058.921142578125,845765
2022-10-17,3185.5,3218.0,3170.10009765625,3197.60009765625,3070.540283203125,1067773
2022-10-18,3218.0,3250.0,3212.0,3225.85009765625,3097.66748046875,1015424
2022-10-19,3242.0,3245.699951171875,3196.35009765625,3212.75,3085.088134765625,943543
2022-10-20,3198.0,3241.85009765625,3101.800048828125,3140.89990234375,3016.09326171875,2284352
2022-10-21,3140.0,3164.75,3072.64990234375,3092.39990234375,2969.5205078125,1738731
2022-10-24,3150.0,3159.0,3116.0,3121.64990234375,2997.608154296875,178709
2022-10-25,3134.0,3135.0,3079.89990234375,3084.89990234375,2962.318359375,1016316
2022-10-27,3123.0,3123.0,3033.0,3043.449951171875,2922.515625,2005709
2022-10-28,3058.699951171875,3071.60009765625,3040.0,3053.39990234375,2932.070068359375,715736
2022-10-31,3082.0,3113.0,3061.050048828125,3107.699951171875,2988.51904296875,814364
2022-11-01,3110.5,3164.39990234375,3110.5,3159.39990234375,3038.236572265625,939335
2022-11-02,3158.0,3159.949951171875,3122.10009765625,3131.89990234375,3011.790771484375,787012
2022-11-03,3105.0,3148.75,3105.0,3141.300048828125,3020.830322265625,563798
2022-11-04,3148.0,3185.0,3125.89990234375,3181.35009765625,3059.344482421875,609757
2022-11-07,3186.0,3198.0,3097.449951171875,3103.550048828125,2984.5283203125,1669943
2022-11-09,3146.0,3146.0,3080.0,3086.5,2968.13232421875,1391333
2022-11-10,3086.0,3086.0,3033.5,3045.14990234375,2928.367919921875,1375007
2022-11-11,3090.699951171875,3098.0,3048.0,3055.39990234375,2938.22509765625,810288
2022-11-14,3056.0,3077.949951171875,3041.050048828125,3053.199951171875,2936.10888671875,811702
2022-11-15,3068.5,3095.0,3042.0,3079.300048828125,2961.2080078125,873840
2022-11-16,3079.300048828125,3093.0,3051.0,3083.050048828125,2964.81396484375,770953
2022-11-17,3092.0,3096.550048828125,3060.0,3071.60009765625,2953.803466796875,706271
2022-11-18,3095.0,3114.85009765625,3055.75,3095.5,2976.786865234375,1258576
2022-11-21,3105.0,3110.35009765625,3066.199951171875,3095.300048828125,2976.5947265625,612194
2022-11-22,3104.0,3119.5,3072.300048828125,3103.85009765625,2984.817138671875,764079
2022-11-23,3111.0,3114.800048828125,3090.0,3100.800048828125,2981.883544921875,488341
2022-11-24,3117.949951171875,3120.25,3092.0,3115.300048828125,2995.82763671875,571872
2022-11-25,3115.300048828125,3119.800048828125,3075.25,3108.14990234375,2988.95166015625,898769
2022-11-28,3108.14990234375,3159.0,3096.699951171875,3151.199951171875,3030.350830078125,914689
2022-11-29,3157.0,3169.0,3127.14990234375,3135.050048828125,3014.820068359375,877720
2022-11-30,3139.89990234375,3199.949951171875,3133.300048828125,3175.14990234375,3053.382080078125,2547283
2022-12-01,3191.0,3197.0,3161.25,3179.35009765625,3057.421142578125,761717
2022-12-02,3173.14990234375,3174.300048828125,3134.0,3143.449951171875,3022.898193359375,932259
2022-12-05,3130.0,3168.699951171875,3112.5,3156.89990234375,3035.832275390625,926122
2022-12-06,3125.0,3169.0,3125.0,3161.699951171875,3040.4482421875,958365
2022-12-07,3180.0,3234.699951171875,3176.39990234375,3226.5,3102.76318359375,1832282
2022-12-08,3230.0,3240.89990234375,3202.64990234375,3221.449951171875,3097.90673828125,851312
2022-12-09,3235.0,3242.35009765625,3206.0,3226.949951171875,3103.19580078125,847879
2022-12-12,3227.0,3230.0,3141.89990234375,3166.35009765625,3044.919921875,1323816
2022-12-13,3185.0,3185.0,3142.64990234375,3178.5,3056.604248046875,886601
2022-12-14,3179.0,3195.0,3125.0,3145.949951171875,3025.302001953125,1103870
2022-12-15,3142.0,3161.199951171875,3116.699951171875,3130.60009765625,3010.540771484375,799124
2022-12-16,3115.0,3117.0,3050.300048828125,3055.89990234375,2938.705078125,1192821
2022-12-19,3062.0,3088.0,3041.0,3080.949951171875,2962.794921875,655594
2022-12-20,3075.050048828125,3088.64990234375,3018.0,3082.14990234375,2963.948974609375,739257
2022-12-21,3085.0,3112.449951171875,3050.050048828125,3069.64990234375,2951.928466796875,616324
2022-12-22,3074.0,3093.5,3038.050048828125,3088.550048828125,2970.103515625,663202
2022-12-23,3078.949951171875,3086.85009765625,3036.0,3057.89990234375,2940.62890625,1230858
2022-12-26,3057.89990234375,3071.89990234375,3028.800048828125,3056.050048828125,2938.849853515625,536884
2022-12-27,3060.0,3129.0,3056.300048828125,3112.60009765625,2993.23095703125,729041
2022-12-28,3109.949951171875,3143.800048828125,3105.0,3123.699951171875,3003.905517578125,972274
2022-12-29,3101.0,3125.0,3092.550048828125,3115.14990234375,2995.68359375,596265
2022-12-30,3130.75,3130.75,3071.300048828125,3087.89990234375,2969.478515625,836220
2023-01-02,3087.89990234375,3087.89990234375,3021.0,3047.25,2930.38720703125,1015990
2023-01-03,3047.0,3059.949951171875,3025.0,3028.25,2912.11572265625,860367
2023-01-04,3035.0,3050.0,3001.550048828125,3016.85009765625,2901.153076171875,836382
2023-01-05,3039.550048828125,3046.60009765625,2995.39990234375,3004.35009765625,2889.132568359375,1113920
2023-01-06,3010.0,3023.5,2952.0,2978.39990234375,2864.177734375,1045526
2023-01-09,2993.300048828125,3017.64990234375,2951.0,2984.14990234375,2869.70751953125,808263
2023-01-10,2984.14990234375,2985.0,2952.199951171875,2960.35009765625,2846.8203125,864325
2023-01-11,2974.89990234375,2974.89990234375,2935.0,2940.39990234375,2827.635009765625,890426
2023-01-12,2939.0,2939.85009765625,2896.0,2915.949951171875,2804.12255859375,1558620
2023-01-13,2925.0,2925.0,2871.75,2909.14990234375,2797.583251953125,1507864
2023-01-16,2925.0,2929.60009765625,2896.0,2916.050048828125,2804.21923828125,644073
2023-01-17,2925.0,2944.85009765625,2911.14990234375,2940.89990234375,2828.115478515625,716489
2023-01-18,2947.949951171875,2960.0,2929.35009765625,2945.25,2832.299072265625,893808
2023-01-19,2954.89990234375,2973.60009765625,2843.60009765625,2866.14990234375,2756.232666015625,2379947
2023-01-20,2848.0,2848.0,2781.0,2787.800048828125,2680.887451171875,3171005
2023-01-23,2800.0,2800.0,2767.85009765625,2784.449951171875,2677.665283203125,1402260
2023-01-24,2795.0,2827.10009765625,2784.449951171875,2810.60009765625,2702.813232421875,1061471
2023-01-25,2810.89990234375,2811.0,2767.10009765625,2775.0,2668.578125,857953
2023-01-27,2766.60009765625,2772.85009765625,2685.85009765625,2722.64990234375,2618.23583984375,1801498
2023-01-30,2724.0,2776.0,2696.25,2766.199951171875,2660.115478515625,1171912
2023-01-31,2760.0,2779.949951171875,2718.050048828125,2725.85009765625,2621.31298828125,1961805
2023-02-01,2749.800048828125,2778.0,2704.800048828125,2743.75,2638.526611328125,1176872
2023-02-02,2741.0,2741.0,2694.0,2705.64990234375,2601.8876953125,1308570
2023-02-03,2705.64990234375,2763.89990234375,2700.0,2760.39990234375,2654.5380859375,1278409
2023-02-06,2760.39990234375,2765.0,2718.0,2754.199951171875,2648.57568359375,1120284
2023-02-07,2762.0,2774.5,2748.14990234375,2758.050048828125,2652.2783203125,732250
2023-02-08,2768.0,2784.0,2744.300048828125,2765.60009765625,2659.538818359375,811956
2023-02-09,2781.949951171875,2820.35009765625,2766.14990234375,2814.60009765625,2706.659423828125,946372
2023-02-10,2830.0,2830.949951171875,2793.0,2804.60009765625,2697.043212890625,700072
2023-02-13,2814.5,2829.0,2780.0,2790.75,2683.72412109375,467228
2023-02-14,2804.75,2804.75,2765.0,2777.0,2670.501708984375,524746
2023-02-15,2777.0,2798.300048828125,2754.0,2786.14990234375,2679.300537109375,817717
2023-02-16,2797.0,2834.35009765625,2790.10009765625,2805.949951171875,2698.341064453125,788964
2023-02-17,2802.949951171875,2845.85009765625,2785.5,2833.60009765625,2724.930908203125,840526
2023-02-20,2845.0,2852.0,2812.10009765625,2825.550048828125,2717.189697265625,646218
2023-02-21,2837.0,2838.699951171875,2805.0,2817.10009765625,2709.0634765625,631934
2023-02-22,2809.949951171875,2813.949951171875,2780.0,2795.949951171875,2688.724609375,580270
2023-02-23,2805.0,2805.550048828125,2700.10009765625,2705.949951171875,2602.17626953125,1790570
2023-02-24,2712.10009765625,2762.0,2710.0,2738.5,2633.478271484375,1429040
2023-02-27,2740.39990234375,2758.64990234375,2725.050048828125,2749.89990234375,2644.440673828125,561317
2023-02-28,2750.0,2839.0,2727.449951171875,2828.800048828125,2720.31494140625,1815923
2023-03-01,2828.0,2853.300048828125,2816.050048828125,2840.89990234375,2731.95068359375,816598
2023-03-02,2831.0,2849.0,2811.0,2833.89990234375,2725.21923828125,604523
2023-03-03,2837.050048828125,2852.0,2810.64990234375,2828.85009765625,2720.363037109375,679295
2023-03-06,2843.0,2884.0,2830.25,2864.550048828125,2754.69384765625,1050267
2023-03-08,2870.0,2870.0,2827.0,2859.550048828125,2749.885498046875,580250
2023-03-09,2862.0,2872.449951171875,2836.85009765625,2853.550048828125,2744.11572265625,774224
2023-03-10,2844.0,2844.0,2807.0,2830.199951171875,2721.6611328125,489978
2023-03-13,2823.5,2849.449951171875,2772.199951171875,2784.199951171875,2677.42529296875,813217
2023-03-14,2782.949951171875,2786.949951171875,2740.050048828125,2745.60009765625,2640.3056640625,1060450
2023-03-15,2772.199951171875,2866.35009765625,2765.199951171875,2827.39990234375,2718.96875,2170346
2023-03-16,2850.0,2900.0,2828.699951171875,2893.25,2782.293212890625,1755487
2023-03-17,2923.949951171875,2923.949951171875,2855.050048828125,2862.64990234375,2752.866455078125,1848073
2023-03-20,2915.0,2915.0,2831.050048828125,2855.14990234375,2745.654541015625,1074367
2023-03-21,2858.14990234375,2887.0,2835.0,2839.10009765625,2730.22021484375,691891
2023-03-22,2825.0,2853.14990234375,2814.85009765625,2839.85009765625,2730.94091796875,731807
2023-03-23,2817.10009765625,2823.0,2767.75,2797.800048828125,2690.503662109375,1016581
2023-03-24,2797.800048828125,2815.64990234375,2772.85009765625,2798.5,2691.177001953125,784111
2023-03-27,2798.5,2820.0,2786.5,2803.75,2696.225830078125,791560
2023-03-28,2791.0,2810.60009765625,2765.0,2784.449951171875,2677.665283203125,558581
2023-03-29,2784.449951171875,2793.75,2755.0,2770.5,2664.250732421875,1087648
2023-03-31,2756.050048828125,2775.0,2747.5,2761.64990234375,2655.739990234375,1967803
2023-04-03,2746.949951171875,2781.64990234375,2708.64990234375,2777.0,2670.501708984375,1035295
2023-04-05,2760.0,2811.550048828125,2752.25,2808.5,2700.793212890625,668643
2023-04-06,2807.449951171875,2825.0,2786.800048828125,2809.85009765625,2702.092041015625,627554
2023-04-10,2810.0,2810.0,2755.10009765625,2776.35009765625,2669.876708984375,1215461
2023-04-11,2790.0,2790.0,2750.050048828125,2753.800048828125,2648.191162109375,1246379
2023-04-12,2755.550048828125,2806.199951171875,2751.0,2786.75,2679.87744140625,2235399
2023-04-13,2786.699951171875,2813.300048828125,2782.0,2809.75,2701.9951171875,602597
2023-04-17,2825.0,2845.60009765625,2806.0,2843.10009765625,2734.066650390625,754555
2023-04-18,2848.0,2858.449951171875,2830.10009765625,2854.60009765625,2745.125732421875,717724
2023-04-19,2836.35009765625,2852.699951171875,2800.64990234375,2809.699951171875,2701.947509765625,799624
2023-04-20,2820.0,2851.0,2813.14990234375,2843.85009765625,2734.787841796875,761101
2023-04-21,2847.10009765625,2887.0,2847.10009765625,2882.10009765625,2771.57080078125,894930
2023-04-24,2882.10009765625,2898.0,2852.0,2891.10009765625,2780.225830078125,782967
2023-04-25,2891.050048828125,2901.75,2864.14990234375,2898.0,2786.861083984375,636120
2023-04-26,2896.949951171875,2916.449951171875,2888.050048828125,2910.0,2798.40087890625,569221
2023-04-27,2915.5,2920.0,2893.85009765625,2899.949951171875,2788.736328125,599461
2023-04-28,2919.949951171875,2919.949951171875,2846.60009765625,2902.35009765625,2791.04443359375,1080665
2023-05-02,2910.949951171875,2933.699951171875,2893.0,2899.550048828125,2788.3515625,663800
2023-05-03,2918.0,2962.39990234375,2897.0,2929.699951171875,2817.345458984375,1237193
2023-05-04,2948.0,2986.14990234375,2922.14990234375,2982.85009765625,2868.457275390625,1008540
2023-05-05,2971.0,3025.0,2951.050048828125,3012.949951171875,2897.40283203125,1326561
2023-05-08,3015.0,3035.699951171875,2993.0,3019.449951171875,2903.6533203125,941879
2023-05-09,3016.050048828125,3074.800048828125,3010.75,3034.800048828125,2918.41455078125,1025850
2023-05-10,3042.949951171875,3057.0,3018.89990234375,3041.39990234375,2924.761474609375,751851
2023-05-11,3052.050048828125,3156.14990234375,3031.5,3139.75,3019.340087890625,3229605
2023-05-12,3139.0,3179.75,3086.0,3131.10009765625,3011.022216796875,1998170
2023-05-15,3134.199951171875,3168.0,3121.050048828125,3132.0,3011.88720703125,810281
2023-05-16,3132.0,3165.699951171875,3122.35009765625,3138.10009765625,3017.753173828125,822404
2023-05-17,3136.0,3147.949951171875,3075.550048828125,3092.449951171875,2973.853759765625,835371
2023-05-18,3105.64990234375,3125.0,3093.25,3109.050048828125,2989.8173828125,498067
2023-05-19,3124.0,3127.949951171875,3068.050048828125,3084.449951171875,2966.16064453125,633262
2023-05-22,3070.0,3105.60009765625,3046.0,3084.89990234375,2966.59326171875,659425
2023-05-23,3087.0,3127.949951171875,3085.0,3120.60009765625,3000.924072265625,581204
2023-05-24,3115.0,3133.14990234375,3098.0,3101.5,2982.556396484375,439465
2023-05-25,3101.5,3129.0,3086.0,3123.550048828125,3003.761474609375,500313
2023-05-26,3123.0,3136.949951171875,3111.75,3128.39990234375,3008.425048828125,568249
2023-05-29,3147.199951171875,3155.0,3116.050048828125,3137.39990234375,3017.080078125,535712
2023-05-30,3146.89990234375,3155.0,3127.550048828125,3144.39990234375,3023.811279296875,506026
2023-05-31,3151.949951171875,3219.35009765625,3136.449951171875,3192.949951171875,3070.5,2349066
2023-06-01,3235.35009765625,3249.89990234375,3207.0,3240.699951171875,3116.41845703125,1104861
2023-06-02,3239.39990234375,3249.949951171875,3219.0,3237.25,3113.10107421875,781973
2023-06-05,3239.949951171875,3239.949951171875,3195.0,3199.75,3077.039306640625,492565
2023-06-06,3207.75,3238.89990234375,3195.0,3212.75,3089.540283203125,577698
2023-06-07,3217.0,3229.25,3206.25,3224.800048828125,3101.1279296875,470038
2023-06-08,3220.0,3247.0,3193.0,3212.25,3089.0595703125,561161
2023-06-09,3209.800048828125,3238.89990234375,3168.550048828125,3180.550048828125,3078.943115234375,1239045
2023-06-12,3185.199951171875,3202.35009765625,3151.14990234375,3194.75,3092.68994140625,1029156
2023-06-13,3210.0,3272.0,3205.14990234375,3262.85009765625,3158.6142578125,1598821
2023-06-14,3265.0,3289.89990234375,3253.0,3270.199951171875,3165.729248046875,741615
2023-06-15,3276.0,3304.0,3273.35009765625,3294.35009765625,3189.107666015625,806994
2023-06-16,3291.75,3322.0,3286.550048828125,3316.85009765625,3210.88916015625,984671
2023-06-19,3318.85009765625,3344.949951171875,3303.25,3309.699951171875,3203.967529296875,516915
2023-06-20,3315.0,3326.85009765625,3277.10009765625,3318.699951171875,3212.6796875,866290
2023-06-21,3318.699951171875,3333.0,3300.0,3316.10009765625,3210.162841796875,742456
2023-06-22,3325.0,3326.85009765625,3242.449951171875,3248.050048828125,3144.287109375,871640
2023-06-23,3265.0,3304.14990234375,3253.050048828125,3297.699951171875,3192.3505859375,1260659
2023-06-26,3295.0,3315.35009765625,3271.39990234375,3308.14990234375,3202.466796875,592801
2023-06-27,3275.0,3344.5,3273.35009765625,3326.0,3219.74658203125,914141
2023-06-28,3331.0,3355.25,3323.5,3348.25,3241.2861328125,713110
2023-06-30,3353.0,3449.60009765625,3343.75,3362.050048828125,3254.64501953125,1436363
2023-07-03,3365.0,3379.949951171875,3337.199951171875,3358.699951171875,3251.40185546875,474224
2023-07-04,3358.699951171875,3387.0,3331.0,3347.699951171875,3240.75341796875,473663
2023-07-05,3351.35009765625,3400.0,3340.75,3374.39990234375,3266.600341796875,632406
2023-07-06,3410.0,3410.0,3367.800048828125,3399.39990234375,3290.8017578125,693995
2023-07-07,3385.0,3414.0,3337.14990234375,3343.699951171875,3236.880859375,620761
2023-07-10,3345.0,3372.050048828125,3293.949951171875,3343.14990234375,3236.3486328125,548838
2023-07-11,3349.949951171875,3399.949951171875,3345.0,3392.550048828125,3284.170654296875,772158
2023-07-12,3408.0,3414.39990234375,3362.25,3406.75,3297.9169921875,1025127
2023-07-13,3425.0,3425.0,3384.35009765625,3398.550048828125,3289.97900390625,750126
2023-07-14,3398.550048828125,3439.0,3387.0,3429.75,3320.182373046875,832843
2023-07-17,3429.75,3473.0,3425.0,3460.39990234375,3349.85302734375,817694
2023-07-18,3460.0,3523.0,3455.60009765625,3513.449951171875,3401.208251953125,962485
2023-07-19,3520.0,3530.0,3482.5,3514.64990234375,3402.3701171875,620289
2023-07-20,3510.050048828125,3535.0,3494.949951171875,3526.0,3413.357666015625,589848
2023-07-21,3535.949951171875,3537.949951171875,3505.0,3517.699951171875,3405.322509765625,857975
2023-07-24,3506.0,3568.0,3498.5,3543.699951171875,3430.491943359375,680246
2023-07-25,3547.89990234375,3547.89990234375,3350.0,3400.39990234375,3291.77001953125,2555630
2023-07-26,3399.85009765625,3413.0,3365.0,3373.0,3265.2451171875,959076
2023-07-27,3390.0,3414.0,3351.0,3369.39990234375,3261.760009765625,874078
2023-07-28,3375.0,3399.0,3364.5,3390.699951171875,3282.379638671875,553750
2023-07-31,3323.199951171875,3388.0,3323.14990234375,3377.35009765625,3269.456298828125,933890
2023-08-01,3372.0,3385.0,3338.0,3342.949951171875,3236.1552734375,698667
2023-08-02,3341.199951171875,3371.949951171875,3330.64990234375,3362.89990234375,3255.468017578125,857218
2023-08-03,3370.0,3379.949951171875,3317.949951171875,3336.35009765625,3229.765869140625,711067
2023-08-04,3338.14990234375,3373.300048828125,3323.0,3339.64990234375,3232.96044921875,519248
2023-08-07,3316.050048828125,3350.0,3316.0,3343.0,3236.203369140625,360358
2023-08-08,3343.0,3359.949951171875,3332.64990234375,3348.050048828125,3241.09228515625,500258
2023-08-09,3332.550048828125,3356.949951171875,3303.0,3331.0,3224.5869140625,643222
2023-08-10,3310.0,3320.0,3230.0,3237.89990234375,3134.4609375,1253219
2023-08-11,3237.89990234375,3248.949951171875,3180.0,3185.35009765625,3083.58984375,919023
2023-08-14,3185.35009765625,3209.89990234375,3152.25,3202.60009765625,3100.2890625,815534
2023-08-16,3194.89990234375,3208.85009765625,3176.89990234375,3194.050048828125,3092.011962890625,597686
2023-08-17,3223.89990234375,3224.0,3162.0,3183.25,3081.556884765625,873392
2023-08-18,3174.89990234375,3185.5,3155.0,3163.550048828125,3062.486572265625,592652
2023-08-21,3159.89990234375,3187.5,3152.14990234375,3182.300048828125,3080.637451171875,353330
2023-08-22,3198.60009765625,3198.60009765625,3171.0,3179.699951171875,3078.120361328125,377068
2023-08-23,3186.0,3196.0,3165.25,3168.800048828125,3067.56884765625,370811
2023-08-24,3185.0,3232.89990234375,3170.89990234375,3225.60009765625,3122.55419921875,1167742
2023-08-25,3224.89990234375,3265.0,3216.199951171875,3259.300048828125,3155.177734375,1363431
2023-08-28,3264.949951171875,3272.0,3231.050048828125,3259.699951171875,3155.56494140625,707315
2023-08-29,3261.0,3289.0,3255.050048828125,3285.699951171875,3180.73388671875,533163
2023-08-30,3301.300048828125,3302.85009765625,3276.39990234375,3294.699951171875,3189.44677734375,599080
2023-08-31,3300.050048828125,3302.0,3220.0,3256.10009765625,3152.079833984375,1601967
2023-09-01,3241.10009765625,3264.199951171875,3217.10009765625,3259.550048828125,3155.419677734375,650131
2023-09-04,3259.550048828125,3266.25,3216.10009765625,3235.550048828125,3132.186279296875,696213
2023-09-05,3245.0,3248.85009765625,3220.0,3223.300048828125,3120.327392578125,597022
2023-09-06,3209.0,3230.0,3195.0,3225.300048828125,3122.263916015625,754106
2023-09-07,3225.300048828125,3253.75,3201.25,3246.35009765625,3142.641357421875,923108
2023-09-08,3250.550048828125,3263.050048828125,3232.0,3238.050048828125,3134.6064453125,395918
2023-09-11,3242.0,3265.0,3242.0,3259.39990234375,3155.274169921875,359345
2023-09-12,3260.0,3279.800048828125,3243.0,3256.85009765625,3152.805908203125,554905
2023-09-13,3245.0,3284.64990234375,3225.300048828125,3277.75,3173.0380859375,880907
2023-09-14,3282.0,3294.199951171875,3223.25,3240.25,3136.73583984375,1102554
2023-09-15,3235.0,3240.0,3185.0,3196.64990234375,3094.52880859375,1568607
2023-09-18,3200.0,3229.89990234375,3190.0,3206.300048828125,3103.87060546875,673602
2023-09-20,3206.300048828125,3228.0,3195.0,3214.35009765625,3111.66357421875,901084
2023-09-21,3210.0,3261.199951171875,3180.550048828125,3244.199951171875,3140.559814453125,845739
2023-09-22,3234.949951171875,3283.60009765625,3221.14990234375,3274.85009765625,3170.23095703125,896521
2023-09-25,3272.300048828125,3334.800048828125,3271.14990234375,3323.25,3217.084716796875,1422084
2023-09-26,3323.0,3324.89990234375,3260.35009765625,3292.800048828125,3187.607421875,834560
2023-09-27,3288.0,3309.0,3271.699951171875,3301.800048828125,3196.31982421875,516326
2023-09-28,3281.800048828125,3289.0,3155.0,3170.35009765625,3069.0693359375,2104381
2023-09-29,3195.0,3195.0,3134.0,3161.050048828125,3060.066162109375,1550585
2023-10-03,3166.10009765625,3227.800048828125,3162.0,3166.85009765625,3065.68115234375,1219145
2023-10-04,3164.949951171875,3189.0,3151.35009765625,3169.89990234375,3068.633544921875,892584
2023-10-05,3210.0,3232.10009765625,3174.300048828125,3206.25,3103.822021484375,1002610
2023-10-06,3214.75,3217.0,3190.0,3195.75,3093.65771484375,814257
2023-10-09,3140.050048828125,3163.0,3132.699951171875,3152.800048828125,3052.080078125,700012
2023-10-10,3150.0,3164.89990234375,3140.050048828125,3151.5,3050.821533203125,847367
2023-10-11,3169.0,3185.0,3152.050048828125,3163.89990234375,3062.8251953125,1025317
2023-10-12,3186.0,3188.5,3150.050048828125,3159.10009765625,3058.178466796875,992531
2023-10-13,3150.0,3172.0,3128.25,3148.800048828125,3048.20751953125,854688
2023-10-16,3124.0,3128.0,3096.10009765625,3112.050048828125,3012.631591796875,853011
2023-10-17,3137.0,3137.0,3091.800048828125,3113.550048828125,3014.083740234375,792640
2023-10-18,3110.0,3115.199951171875,3090.0,3096.449951171875,2997.52978515625,481985
2023-10-19,3087.699951171875,3110.89990234375,3076.10009765625,3101.800048828125,3002.708984375,568124
2023-10-20,3092.5,3115.10009765625,3064.550048828125,3105.85009765625,3006.629638671875,711434
2023-10-23,3096.050048828125,3108.89990234375,3064.0,3072.0,2973.861328125,374476
2023-10-25,3093.39990234375,3108.0,3052.0,3060.800048828125,2963.01904296875,669290
2023-10-26,3051.10009765625,3055.0,2940.0,2960.300048828125,2865.729248046875,1834111
2023-10-27,2932.800048828125,2974.64990234375,2931.0,2955.14990234375,2860.744140625,1708185
2023-10-30,2974.0,2991.949951171875,2939.10009765625,2967.10009765625,2872.31201171875,878885
2023-10-31,2969.0,3012.75,2966.0,2995.699951171875,2899.998291015625,1152306
2023-11-01,2997.949951171875,3008.89990234375,2930.0,2934.550048828125,2840.802001953125,1029990
2023-11-02,2961.050048828125,2962.0,2934.0,2955.39990234375,2860.985595703125,900125
2023-11-03,2957.0,2982.89990234375,2942.0,2977.85009765625,2887.7509765625,715997
2023-11-06,2998.0,3034.050048828125,2983.85009765625,3029.300048828125,2937.644287109375,620959
2023-11-07,3029.300048828125,3038.949951171875,3002.199951171875,3033.35009765625,2941.572021484375,757998
2023-11-08,3058.0,3098.949951171875,3046.199951171875,3095.25,3001.599365234375,783400
2023-11-09,3100.0,3111.39990234375,3074.050048828125,3080.199951171875,2987.004150390625,849702
2023-11-10,3070.0,3085.0,3040.10009765625,3076.449951171875,2983.367431640625,364232
2023-11-13,3098.0,3098.0,3065.0,3085.60009765625,2992.2412109375,405941
2023-11-15,3085.699951171875,3118.85009765625,3078.699951171875,3116.199951171875,3021.914794921875,700017
2023-11-16,3119.0,3140.89990234375,3097.60009765625,3130.300048828125,3035.588623046875,675454
2023-11-17,3150.0,3228.25,3145.64990234375,3168.89990234375,3073.0205078125,1430175
2023-11-20,3168.89990234375,3171.89990234375,3132.0,3140.35009765625,3045.334228515625,406431
2023-11-21,3156.89990234375,3156.89990234375,3127.0,3133.25,3038.44921875,409069
2023-11-22,3140.0,3157.0,3121.199951171875,3133.0,3038.206787109375,489889
2023-11-23,3148.0,3171.39990234375,3115.14990234375,3122.949951171875,3028.460693359375,792460
2023-11-24,3118.0,3139.800048828125,3111.0,3136.14990234375,3041.261474609375,756329
2023-11-28,3141.14990234375,3160.0,3136.14990234375,3148.35009765625,3053.092529296875,647883
2023-11-29,3148.35009765625,3170.0,3142.0,3148.35009765625,3053.092529296875,620725
2023-11-30,3148.35009765625,3153.949951171875,3108.35009765625,3119.89990234375,3025.502685546875,1793116
2023-12-01,3146.949951171875,3190.60009765625,3140.25,3173.39990234375,3077.384033203125,960196
2023-12-04,3190.0,3204.449951171875,3166.5,3194.550048828125,3097.89453125,1018189
2023-12-05,3197.0,3247.64990234375,3180.0,3226.25,3128.63525390625,1005550
2023-12-06,3265.0,3289.0,3232.949951171875,3252.550048828125,3154.1396484375,1229158
2023-12-07,3284.0,3299.949951171875,3246.85009765625,3251.800048828125,3153.412353515625,1071725
2023-12-08,3255.0,3269.800048828125,3227.800048828125,3232.0,3134.21142578125,895852
2023-12-11,3230.0,3245.0,3185.5,3233.0,3135.18115234375,910426
2023-12-12,3228.0,3257.050048828125,3210.0,3224.75,3127.1806640625,1019030
2023-12-13,3240.0,3254.949951171875,3190.300048828125,3243.64990234375,3145.508544921875,1052079
2023-12-14,3255.0,3258.60009765625,3218.0,3241.35009765625,3143.2783203125,923107
2023-12-15,3250.0,3326.35009765625,3242.0,3313.89990234375,3213.63330078125,1631687
2023-12-18,3313.0,3335.800048828125,3296.0,3332.050048828125,3231.234130859375,911936
2023-12-19,3335.949951171875,3353.89990234375,3300.14990234375,3336.050048828125,3235.113037109375,780448
2023-12-20,3336.050048828125,3359.949951171875,3282.64990234375,3297.14990234375,3197.389892578125,979762
2023-12-21,3280.0,3320.0,3271.85009765625,3302.949951171875,3203.014404296875,1585879
2023-12-22,3309.89990234375,3350.800048828125,3287.0,3341.300048828125,3240.2041015625,930563
2023-12-26,3349.949951171875,3391.89990234375,3345.199951171875,3383.35009765625,3280.982177734375,600190
2023-12-27,3381.050048828125,3409.949951171875,3354.0,3404.449951171875,3301.443603515625,837182
2023-12-28,3405.0,3419.949951171875,3373.050048828125,3397.25,3294.46142578125,779250
2023-12-29,3410.0,3422.949951171875,3383.89990234375,3402.39990234375,3299.455322265625,615676
2024-01-01,3403.0,3411.800048828125,3389.14990234375,3396.10009765625,3293.345947265625,283951
2024-01-02,3396.0,3398.89990234375,3345.0,3391.35009765625,3288.739990234375,552394
2024-01-03,3391.35009765625,3399.0,3365.0,3373.60009765625,3271.527099609375,379131
2024-01-04,3372.0,3401.25,3363.800048828125,3379.949951171875,3277.684814453125,777127
2024-01-05,3379.949951171875,3380.39990234375,3348.0,3355.550048828125,3254.023193359375,416956
2024-01-08,3355.0,3376.5,3294.85009765625,3298.39990234375,3198.60205078125,545884
2024-01-09,3310.0,3315.0,3262.25,3267.5,3168.63720703125,670704
2024-01-10,3292.0,3293.0,3258.199951171875,3286.85009765625,3187.401611328125,691087
2024-01-11,3286.85009765625,3309.199951171875,3270.699951171875,3288.199951171875,3188.7109375,537469
2024-01-12,3294.949951171875,3294.949951171875,3244.0,3277.800048828125,3178.62548828125,673004
2024-01-15,3282.199951171875,3287.199951171875,3258.60009765625,3273.89990234375,3174.843505859375,728116
2024-01-16,3274.949951171875,3320.0,3273.89990234375,3296.89990234375,3197.1474609375,748215
2024-01-17,3294.10009765625,3304.35009765625,3193.050048828125,3242.300048828125,3144.19970703125,2239241
2024-01-18,3257.949951171875,3257.949951171875,3048.60009765625,3163.85009765625,3068.123291015625,1979174
2024-01-19,3177.800048828125,3201.550048828125,3148.60009765625,3165.85009765625,3070.062744140625,936201
2024-01-23,3087.550048828125,3109.0,3021.550048828125,3054.699951171875,2962.275390625,2365225
2024-01-24,3055.0,3055.0,2976.10009765625,2999.449951171875,2908.697265625,2665932
2024-01-25,3010.050048828125,3016.0,2942.300048828125,2949.199951171875,2859.9677734375,2001961
2024-01-29,2940.050048828125,2988.449951171875,2940.050048828125,2976.050048828125,2886.005615234375,1862723
2024-01-30,2990.0,3005.0,2951.050048828125,2954.10009765625,2864.7197265625,1273188
2024-01-31,2966.0,2971.89990234375,2948.050048828125,2957.85009765625,2868.356201171875,1771244
2024-02-01,2961.0,2972.85009765625,2919.949951171875,2929.35009765625,2840.71826171875,3006472
2024-02-02,2950.0,2962.35009765625,2924.050048828125,2936.300048828125,2847.4580078125,1881911
2024-02-05,2950.0,2965.0,2912.0,2917.35009765625,2829.081787109375,923435
2024-02-06,2931.0,2947.0,2902.64990234375,2930.949951171875,2842.27001953125,1471312
2024-02-07,2957.0,3002.949951171875,2936.050048828125,2981.14990234375,2890.951171875,1134012
2024-02-08,2999.75,2999.75,2919.800048828125,2929.60009765625,2840.961181640625,1633654
2024-02-09,2930.0,2959.0,2910.550048828125,2951.64990234375,2862.34326171875,1144765
2024-02-12,2951.64990234375,2964.949951171875,2920.050048828125,2953.800048828125,2864.428955078125,614469
2024-02-13,2964.949951171875,2981.25,2945.699951171875,2971.60009765625,2881.690185546875,717118
2024-02-14,2969.89990234375,2980.800048828125,2936.050048828125,2976.39990234375,2886.344482421875,750339
2024-02-15,2980.0,3024.5,2967.449951171875,3016.550048828125,2925.27978515625,1068730
2024-02-16,3035.0,3035.0,3000.0,3007.89990234375,2916.891845703125,1179473
2024-02-19,3007.89990234375,3018.699951171875,2987.5,2998.10009765625,2907.388427734375,560700
2024-02-20,2998.10009765625,3017.10009765625,2972.10009765625,3011.64990234375,2920.528564453125,729371
2024-02-21,3012.050048828125,3026.75,2983.5,3001.800048828125,2910.976318359375,927130
2024-02-22,2983.0,3027.199951171875,2932.10009765625,3017.39990234375,2926.1044921875,2615821
2024-02-23,2999.0,3005.0,2966.199951171875,2985.949951171875,2895.605712890625,1650523
2024-02-26,2920.0,2930.0,2847.800048828125,2868.449951171875,2781.6611328125,3524491
2024-02-27,2855.0,2870.0,2850.10009765625,2859.550048828125,2773.030517578125,1296180
2024-02-28,2850.14990234375,2859.39990234375,2785.5,2794.35009765625,2709.80322265625,2472196
2024-02-29,2785.0,2838.0,2776.75,2821.89990234375,2736.519287109375,2284424
2024-03-01,2832.89990234375,2845.949951171875,2815.050048828125,2831.75,2746.071533203125,978174
2024-03-04,2860.0,2860.949951171875,2828.0,2831.75,2746.071533203125,971299
2024-03-05,2834.0,2834.85009765625,2805.0,2820.39990234375,2735.064697265625,736381
2024-03-06,2827.949951171875,2839.0,2777.75,2827.300048828125,2741.756103515625,1723066
2024-03-07,2825.0,2894.0,2825.0,2870.550048828125,2783.697509765625,1564364
2024-03-11,2895.550048828125,2896.550048828125,2853.10009765625,2876.85009765625,2789.806884765625,866546
2024-03-12,2880.0,2899.89990234375,2865.449951171875,2876.14990234375,2789.1279296875,663186
2024-03-13,2878.60009765625,2887.25,2835.0,2860.14990234375,2773.61181640625,955841
2024-03-14,2860.0,2898.050048828125,2841.0,2892.25,2804.740966796875,1381741
2024-03-15,2895.0,2896.949951171875,2850.0,2867.550048828125,2780.78857421875,1356226
2024-03-18,2866.0,2866.0,2817.25,2846.5,2760.375,940424
2024-03-19,2840.0,2840.0,2801.0,2815.10009765625,2729.92529296875,1199135
2024-03-20,2815.10009765625,2837.050048828125,2797.550048828125,2824.89990234375,2739.4287109375,818910
2024-03-21,2845.0,2845.39990234375,2806.0,2821.14990234375,2735.792236328125,1167680
2024-03-22,2821.14990234375,2855.14990234375,2808.0,2841.5,2755.52685546875,1652689
2024-03-26,2820.0,2844.14990234375,2810.0,2814.64990234375,2729.489013671875,1372390
2024-03-27,2817.949951171875,2842.85009765625,2817.699951171875,2830.5,2744.859130859375,1156231
2024-03-28,2835.050048828125,2868.0,2819.0,2846.75,2760.61767578125,1864623
2024-04-01,2860.949951171875,2886.449951171875,2852.35009765625,2871.0,2784.1337890625,558086
2024-04-02,2874.050048828125,2892.39990234375,2856.0,2874.199951171875,2787.237060546875,562473
2024-04-03,2845.0,2884.550048828125,2845.0,2869.35009765625,2782.533447265625,816676
2024-04-04,2870.0,2943.25,2851.25,2918.300048828125,2830.002685546875,1831347
2024-04-05,2924.0,2927.75,2880.0,2883.449951171875,2796.207275390625,1155672
2024-04-08,2908.0,2908.949951171875,2873.800048828125,2892.0,2804.49853515625,570695
2024-04-09,2893.0,2916.449951171875,2845.0,2857.14990234375,2770.702880859375,1017670
2024-04-10,2883.300048828125,2899.10009765625,2858.0,2896.75,2809.104736328125,740495
2024-04-12,2890.0,2893.0,2845.0,2854.5,2768.133056640625,1766311
2024-04-15,2830.199951171875,2853.5,2812.35009765625,2844.39990234375,2758.338623046875,884519
2024-04-16,2827.64990234375,2841.449951171875,2820.0,2830.0,2744.374755859375,911249
2024-04-18,2855.0,2859.199951171875,2800.10009765625,2807.699951171875,2722.7490234375,1732434
2024-04-19,2790.0,2822.10009765625,2766.14990234375,2808.550048828125,2723.573486328125,1337807
2024-04-22,2846.60009765625,2846.60009765625,2814.050048828125,2841.85009765625,2755.865966796875,676040
2024-04-23,2852.0,2877.949951171875,2844.0,2874.89990234375,2787.916015625,929062
2024-04-24,2882.949951171875,2883.10009765625,2860.0,2867.75,2780.982177734375,718441
2024-04-25,2865.0,2869.89990234375,2829.050048828125,2861.449951171875,2774.872802734375,1594152
2024-04-26,2870.0,2878.199951171875,2837.050048828125,2844.14990234375,2758.095947265625,625507
2024-04-29,2844.14990234375,2873.949951171875,2839.0,2868.199951171875,2781.418701171875,566219
2024-04-30,2855.0,2912.0,2855.0,2875.89990234375,2788.8857421875,1290649
2024-05-02,2875.10009765625,2988.0,2875.10009765625,2975.39990234375,2885.375,2493406
2024-05-03,2983.050048828125,2997.0,2909.25,2929.75,2841.106201171875,1594445
2024-05-06,2950.0,2959.0,2911.199951171875,2932.14990234375,2843.43359375,768806
2024-05-07,2947.0,2967.949951171875,2904.0,2913.0,2824.86328125,629534
2024-05-08,2900.0,2905.0,2821.0,2843.300048828125,2757.272216796875,1652877
2024-05-09,2828.0,2853.949951171875,2703.800048828125,2710.10009765625,2628.102294921875,3547959
2024-05-10,2699.0,2792.60009765625,2670.10009765625,2771.25,2687.402099609375,2478584
2024-05-13,2771.25,2895.0,2754.10009765625,2879.25,2792.134765625,2748823
2024-05-14,2879.0,2888.0,2842.0,2866.14990234375,2779.430419921875,999330
2024-05-15,2866.14990234375,2874.25,2806.14990234375,2813.699951171875,2728.567626953125,1230520
2024-05-16,2821.050048828125,2837.60009765625,2786.550048828125,2814.050048828125,2728.907470703125,1534319
2024-05-17,2814.60009765625,2838.199951171875,2786.10009765625,2809.89990234375,2724.882568359375,1325150
2024-05-21,2815.0,2866.949951171875,2801.0,2851.800048828125,2765.514892578125,921822
2024-05-22,2851.800048828125,2895.0,2836.60009765625,2885.75,2798.437744140625,933846
2024-05-23,2885.0,2921.25,2877.300048828125,2903.75,2815.892822265625,1181894
2024-05-24,2910.199951171875,2910.199951171875,2867.0,2874.75,2787.7705078125,755822
2024-05-27,2887.89990234375,2898.300048828125,2855.550048828125,2872.300048828125,2785.39453125,817091
2024-05-28,2875.85009765625,2921.0,2864.0,2911.199951171875,2823.11767578125,1084544
2024-05-29,2896.0,2921.699951171875,2881.10009765625,2900.14990234375,2812.40185546875,1758297
2024-05-30,2875.25,2910.85009765625,2875.0,2883.699951171875,2796.449951171875,1344426
2024-05-31,2883.699951171875,2906.0,2855.60009765625,2881.199951171875,2794.025146484375,2520363
2024-06-03,2950.0,2950.0,2860.050048828125,2866.449951171875,2779.7216796875,952701
2024-06-04,2880.0,2897.0,2775.75,2857.64990234375,2771.18798828125,2683847
2024-06-05,2864.5,3027.300048828125,2864.5,2961.75,2872.137939453125,2410576
2024-06-06,2960.0,2961.75,2882.25,2904.800048828125,2816.911376953125,1689408
2024-06-07,2904.800048828125,2943.10009765625,2888.85009765625,2927.699951171875,2839.118408203125,1600180
2024-06-10,2928.0,2951.89990234375,2915.0,2937.550048828125,2848.67041015625,876867
2024-06-11,2915.0,2920.35009765625,2895.0,2902.449951171875,2841.865234375,855430
2024-06-12,2909.0,2918.0,2865.64990234375,2905.800048828125,2845.1455078125,1701770
2024-06-13,2929.0,2929.0,2905.0,2910.0,2849.2578125,726380
2024-06-14,2910.0,2931.35009765625,2905.10009765625,2921.60009765625,2860.61572265625,982815
2024-06-18,2921.60009765625,2928.0,2905.0,2918.5,2857.58056640625,741098
2024-06-19,2918.0,2920.0,2882.64990234375,2891.699951171875,2831.33984375,1018294
2024-06-20,2885.0,2924.5,2872.39990234375,2915.5,2854.64306640625,1129752
2024-06-21,2925.0,2928.0,2880.10009765625,2890.85009765625,2830.5078125,1722379
2024-06-24,2883.0,2899.949951171875,2871.39990234375,2896.050048828125,2835.59912109375,892125
2024-06-25,2876.0,2894.949951171875,2856.0,2858.449951171875,2798.78369140625,1217792
2024-06-26,2860.199951171875,2873.85009765625,2844.050048828125,2863.35009765625,2803.581787109375,960622
2024-06-27,2860.75,2903.0,2845.0,2880.85009765625,2820.716064453125,1628022
2024-06-28,2865.0,2932.0,2862.199951171875,2917.050048828125,2856.160888671875,1206712
2024-07-01,2889.300048828125,2939.0,2888.0,2927.800048828125,2866.686279296875,1104110
2024-07-02,2927.800048828125,2936.0,2912.0,2925.60009765625,2864.5322265625,1064295
2024-07-03,2929.699951171875,2948.949951171875,2916.0,2925.550048828125,2864.4833984375,925189
2024-07-04,2940.0,2968.449951171875,2923.0,2934.89990234375,2873.637939453125,968666
2024-07-05,2937.14990234375,2946.89990234375,2913.10009765625,2935.89990234375,2874.6171875,817429
2024-07-08,2935.89990234375,2935.89990234375,2890.699951171875,2898.14990234375,2837.655029296875,828260
2024-07-09,2908.949951171875,2913.199951171875,2890.0,2905.0,2844.362060546875,685431
2024-07-10,2900.050048828125,3014.5,2894.35009765625,2996.449951171875,2933.903076171875,2299950
2024-07-11,2999.0,3030.0,2973.0,3022.050048828125,2958.968994140625,1968980
2024-07-12,3025.0,3052.0,2970.89990234375,2999.14990234375,2936.546630859375,1879930
2024-07-15,2999.0,2999.0,2932.550048828125,2956.5,2894.787353515625,2425341
2024-07-16,2959.0,3015.949951171875,2941.5,2974.449951171875,2912.362548828125,2085611
2024-07-18,2875.0,2957.89990234375,2842.0,2931.550048828125,2870.35791015625,5384611
2024-07-19,2925.0,2980.0,2917.25,2946.050048828125,2884.55517578125,2164746
2024-07-22,2937.0,2973.35009765625,2917.14990234375,2934.300048828125,2873.050537109375,1616347
2024-07-23,2934.300048828125,2947.300048828125,2886.0,2897.10009765625,2836.627197265625,1906312
2024-07-24,2901.0,2927.0,2886.199951171875,2912.800048828125,2851.99951171875,1476148
2024-07-25,2892.050048828125,2908.699951171875,2885.25,2901.39990234375,2840.83740234375,1239922
2024-07-26,2902.199951171875,2964.449951171875,2900.699951171875,2950.14990234375,2888.56982421875,1359780
2024-07-29,2953.050048828125,2965.10009765625,2936.0,2954.699951171875,2893.0244140625,854408
2024-07-30,2973.5,3032.800048828125,2970.0,3005.050048828125,2942.323486328125,2144591
2024-07-31,3005.050048828125,3098.0,3005.050048828125,3084.449951171875,3020.06640625,3549501
2024-08-01,3088.0,3128.949951171875,3062.800048828125,3099.35009765625,3034.655517578125,1675122
2024-08-02,3070.0,3129.050048828125,3060.0,3106.699951171875,3041.851806640625,1348780
2024-08-05,3069.949951171875,3145.0,3055.300048828125,3093.39990234375,3028.829345703125,2019141
2024-08-06,3101.699951171875,3135.0,3086.050048828125,3101.75,3037.00537109375,885743
2024-08-07,3101.75,3118.5,3060.050048828125,3101.449951171875,3036.711669921875,1907105
2024-08-08,3080.0,3089.699951171875,2990.39990234375,3005.39990234375,2942.666259765625,1280109
2024-08-09,3039.0,3052.75,2966.0,3040.60009765625,2977.1318359375,1665414
2024-08-12,3020.0,3084.0,3003.699951171875,3053.199951171875,2989.46875,1736881
2024-08-13,3054.89990234375,3059.800048828125,3013.0,3023.550048828125,2960.437744140625,502260
2024-08-14,3034.800048828125,3034.800048828125,2994.050048828125,3025.85009765625,2962.68994140625,454671
2024-08-16,3054.0,3054.0,3003.0,3048.14990234375,2984.52392578125,514229
2024-08-19,3053.949951171875,3087.85009765625,3038.35009765625,3076.300048828125,3012.08642578125,542858
2024-08-20,3096.0,3106.35009765625,3078.0,3103.199951171875,3038.425048828125,668282
2024-08-21,3101.0,3170.60009765625,3084.050048828125,3151.550048828125,3085.765625,1186536
2024-08-22,3167.0,3198.64990234375,3156.050048828125,3186.60009765625,3120.084228515625,1540888
2024-08-23,3190.0,3198.60009765625,3148.75,3154.64990234375,3088.801025390625,779284
2024-08-26,3155.0,3177.449951171875,3141.5,3171.35009765625,3105.152587890625,472874
2024-08-27,3154.0,3203.64990234375,3150.0,3166.199951171875,3100.10986328125,1003501
2024-08-28,3152.949951171875,3165.5,3118.800048828125,3125.5,3060.259521484375,538366
2024-08-29,3125.5,3143.949951171875,3092.699951171875,3115.85009765625,3050.811279296875,849866
2024-08-30,3130.050048828125,3166.75,3110.699951171875,3126.800048828125,3061.5322265625,1567031
2024-09-02,3148.0,3184.0,3139.60009765625,3150.949951171875,3085.17822265625,702358
2024-09-03,3164.949951171875,3174.550048828125,3147.5,3154.85009765625,3088.9970703125,577471
2024-09-04,3155.5,3252.0,3155.5,3231.64990234375,3164.19384765625,2379110
2024-09-05,3240.0,3257.0,3217.0,3238.25,3170.656005859375,1482119
2024-09-06,3238.0,3285.89990234375,3225.35009765625,3273.699951171875,3205.3662109375,2131256
2024-09-09,3273.699951171875,3314.0,3258.0,3280.75,3212.268798828125,1272289
2024-09-10,3290.0,3310.0,3270.89990234375,3295.050048828125,3226.270263671875,928920
2024-09-11,3315.0,3382.949951171875,3315.0,3367.449951171875,3297.1591796875,2561892
2024-09-12,3370.0,3393.0,3340.300048828125,3383.25,3312.62939453125,1643536
2024-09-13,3355.550048828125,3369.699951171875,3320.89990234375,3358.050048828125,3287.95556640625,1029400
2024-09-16,3360.0,3394.89990234375,3330.60009765625,3335.800048828125,3266.169921875,1019280
2024-09-17,3335.800048828125,3349.89990234375,3301.800048828125,3312.800048828125,3243.64990234375,586834
2024-09-18,3312.800048828125,3324.85009765625,3251.550048828125,3274.64990234375,3206.296142578125,410510
2024-09-19,3294.0,3320.0,3275.0,3293.85009765625,3225.095703125,963456
2024-09-20,3304.0,3324.800048828125,3266.050048828125,3306.949951171875,3237.921875,1504277
2024-09-23,3316.949951171875,3324.89990234375,3273.199951171875,3277.449951171875,3209.037841796875,522775
2024-09-24,3277.449951171875,3297.75,3241.10009765625,3248.39990234375,3180.593994140625,1057933
2024-09-25,3252.0,3252.0,3206.75,3244.75,3177.0205078125,740636
2024-09-26,3250.0,3285.85009765625,3227.10009765625,3277.050048828125,3208.646240234375,951080
2024-09-27,3290.949951171875,3337.949951171875,3277.050048828125,3310.75,3241.642578125,1315996
2024-09-30,3310.75,3358.0,3305.14990234375,3329.10009765625,3259.60986328125,1088162
2024-10-01,3317.0,3328.949951171875,3244.050048828125,3277.35009765625,3208.93994140625,968660
2024-10-03,3192.300048828125,3225.89990234375,3126.5,3149.300048828125,3083.562744140625,1741363
2024-10-04,3135.0,3156.75,3054.550048828125,3072.5,3008.365966796875,1551818
2024-10-07,3075.0,3098.550048828125,3038.0,3062.25,2998.329833984375,909812
2024-10-08,3058.0,3099.0,3045.64990234375,3088.050048828125,3023.591552734375,817718
2024-10-09,3095.550048828125,3146.699951171875,3071.75,3078.85009765625,3014.583251953125,1225598
2024-10-10,3090.050048828125,3095.0,3043.0,3059.10009765625,2995.24560546875,1161933
2024-10-11,3059.199951171875,3064.0,3026.0,3037.199951171875,2973.802734375,976017
2024-10-14,3037.0,3055.0,3017.199951171875,3039.14990234375,2975.7119140625,716011
2024-10-15,3075.0,3096.800048828125,3047.64990234375,3067.10009765625,3003.07861328125,1242322
2024-10-16,3088.0,3103.550048828125,3066.10009765625,3082.10009765625,3017.765625,764001
2024-10-17,3082.89990234375,3085.0,3037.0,3055.85009765625,2992.0634765625,674481
2024-10-18,3057.0,3069.0,2980.60009765625,2992.14990234375,2929.693115234375,899318
2024-10-21,3007.050048828125,3057.0,3000.550048828125,3049.199951171875,2985.55224609375,806970
2024-10-22,3054.0,3057.949951171875,2995.25,3006.85009765625,2944.08642578125,541838
2024-10-23,2999.949951171875,3026.5,2972.050048828125,2989.699951171875,2927.2939453125,624689
2024-10-24,2989.699951171875,3002.300048828125,2951.0,2972.0,2909.963623046875,571259
2024-10-25,2975.5,3015.550048828125,2952.0,2958.0,2896.255859375,1047769
2024-10-28,2987.89990234375,3021.699951171875,2963.050048828125,3001.85009765625,2939.190673828125,504961
2024-10-29,3020.0,3028.0,2941.10009765625,2992.85009765625,2930.37841796875,613459
2024-10-30,3006.0,3006.0,2963.550048828125,2996.64990234375,2934.09912109375,812725
2024-10-31,2994.199951171875,2996.5,2919.0,2935.64990234375,2874.372314453125,1031171
2024-11-01,2958.0,2965.75,2930.0,2939.85009765625,2878.48486328125,112249
2024-11-04,2962.14990234375,2962.14990234375,2885.5,2915.300048828125,2854.447265625,1146008
2024-11-05,2895.0,2918.800048828125,2872.699951171875,2887.300048828125,2827.03173828125,935417
2024-11-06,2890.5,2907.85009765625,2860.0,2897.300048828125,2836.8232421875,1817087
2024-11-07,2900.0,2904.949951171875,2825.0,2842.85009765625,2783.50927734375,1112489
2024-11-08,2842.85009765625,2847.0,2762.39990234375,2769.449951171875,2711.6416015625,2060410
2024-11-11,2565.050048828125,2598.75,2506.0,2543.10009765625,2490.016357421875,8854840
2024-11-12,2535.0,2535.0,2470.0,2474.85009765625,2423.19091796875,3445898
2024-11-13,2470.0,2498.0,2451.10009765625,2470.5,2418.931884765625,1803766
2024-11-14,2482.800048828125,2501.75,2466.199951171875,2483.14990234375,2431.31787109375,1206967
2024-11-18,2520.0,2520.0,2470.800048828125,2483.699951171875,2431.85595703125,945471
2024-11-19,2488.0,2503.199951171875,2472.35009765625,2483.699951171875,2436.024658203125,941508
2024-11-21,2454.699951171875,2465.949951171875,2425.0,2428.14990234375,2381.540771484375,1377572
2024-11-22,2430.0,2493.949951171875,2422.949951171875,2472.199951171875,2424.745361328125,3805843
2024-11-25,2505.0,2507.949951171875,2450.050048828125,2459.699951171875,2412.4853515625,1857124
2024-11-26,2459.89990234375,2518.0,2457.60009765625,2505.0,2456.915771484375,1152258
2024-11-27,2517.5,2517.64990234375,2480.0,2491.89990234375,2444.06689453125,864653
2024-11-28,2500.0,2506.0,2453.300048828125,2458.050048828125,2410.866943359375,1506133
2024-11-29,2458.050048828125,2491.5,2455.050048828125,2479.60009765625,2432.00341796875,1030854
2024-12-02,2479.60009765625,2486.0,2461.35009765625,2479.050048828125,2431.4638671875,914624
2024-12-03,2494.0,2494.0,2463.5,2469.39990234375,2421.998779296875,1341985
2024-12-04,2478.89990234375,2479.10009765625,2453.199951171875,2459.449951171875,2412.240234375,1005012
2024-12-05,2465.0,2466.89990234375,2423.89990234375,2452.199951171875,2405.129150390625,3190834
2024-12-06,2468.0,2468.0,2427.0,2429.699951171875,2383.06103515625,1735948
2024-12-09,2438.14990234375,2439.0,2387.0,2391.85009765625,2345.937744140625,2301281
2024-12-10,2399.89990234375,2404.64990234375,2385.050048828125,2388.89990234375,2343.044189453125,1657888
2024-12-11,2399.75,2428.0,2392.64990234375,2417.300048828125,2370.8994140625,1337700
2024-12-12,2413.0,2415.0,2380.699951171875,2389.550048828125,2343.681884765625,1089028
2024-12-13,2389.550048828125,2412.0,2354.0,2407.64990234375,2361.434326171875,1150861
2024-12-16,2419.949951171875,2419.949951171875,2386.14990234375,2402.25,2356.137939453125,987775
2024-12-17,2388.0,2399.89990234375,2350.5,2356.0,2310.775634765625,1258218
2024-12-18,2356.800048828125,2372.699951171875,2341.0,2345.449951171875,2300.42822265625,855682
2024-12-19,2325.0,2325.0,2265.35009765625,2291.85009765625,2247.857421875,2784409
2024-12-20,2297.0,2318.0,2276.0,2282.35009765625,2238.53955078125,1719502
2024-12-23,2300.0,2302.550048828125,2266.050048828125,2279.199951171875,2235.449951171875,855647
2024-12-24,2282.10009765625,2295.0,2277.14990234375,2284.0,2240.157958984375,601558
2024-12-26,2284.0,2287.449951171875,2256.5,2262.39990234375,2218.972412109375,1267334
2024-12-27,2270.25,2290.800048828125,2260.050048828125,2271.39990234375,2227.7998046875,821790
2024-12-30,2280.25,2298.800048828125,2256.800048828125,2288.25,2244.326171875,1076940
2024-12-31,2280.0,2297.64990234375,2273.0,2281.35009765625,2237.55859375,685486
2025-01-01,2280.0,2323.199951171875,2280.0,2304.64990234375,2260.411376953125,1067328
2025-01-02,2314.0,2347.949951171875,2294.0,2343.25,2298.2705078125,1342922
2025-01-03,2344.0,2348.949951171875,2322.14990234375,2335.949951171875,2291.11083984375,1355319
2025-01-06,2335.949951171875,2340.0,2256.699951171875,2267.14990234375,2223.63134765625,1190987
2025-01-07,2272.0,2316.0,2272.0,2292.60009765625,2248.593017578125,740798
2025-01-08,2287.050048828125,2338.0,2272.699951171875,2334.35009765625,2289.54150390625,1439632
2025-01-09,2341.89990234375,2361.39990234375,2321.300048828125,2350.199951171875,2305.08740234375,1362304
2025-01-10,2335.60009765625,2348.89990234375,2316.0,2320.75,2276.202392578125,1214334
2025-01-13,2291.75,2301.89990234375,2246.39990234375,2252.64990234375,2209.409423828125,1181928
2025-01-14,2269.0,2286.35009765625,2237.0,2239.949951171875,2196.953369140625,1316807
2025-01-15,2249.0,2253.75,2220.0,2229.699951171875,2186.900146484375,1308999
2025-01-16,2239.0,2239.85009765625,2207.800048828125,2215.60009765625,2173.071044921875,1936087
2025-01-17,2225.64990234375,2269.050048828125,2212.5,2261.0,2217.599365234375,878848
2025-01-20,2272.25,2286.89990234375,2251.0,2280.550048828125,2236.77392578125,555716
2025-01-21,2280.550048828125,2315.0,2255.0,2260.35009765625,2216.9619140625,1410294
2025-01-22,2270.0,2270.0,2244.89990234375,2262.10009765625,2218.67822265625,835523
2025-01-23,2262.10009765625,2301.800048828125,2246.199951171875,2276.35009765625,2232.65478515625,1142465
2025-01-24,2283.0,2296.550048828125,2255.050048828125,2262.39990234375,2218.972412109375,543202
2025-01-27,2255.300048828125,2277.75,2246.199951171875,2251.5,2208.28173828125,1097939
2025-01-28,2260.0,2267.050048828125,2234.10009765625,2241.800048828125,2198.76806640625,897501
2025-01-29,2241.800048828125,2246.800048828125,2212.050048828125,2223.14990234375,2180.475830078125,1281088
2025-01-30,2223.14990234375,2259.25,2215.0,2249.85009765625,2206.66357421875,1155718
2025-01-31,2255.0,2305.0,2234.85009765625,2300.800048828125,2256.63525390625,1292909
2025-02-01,2312.0,2389.0,2285.300048828125,2351.14990234375,2306.018798828125,1318619
2025-02-03,2351.14990234375,2364.449951171875,2277.699951171875,2292.25,2248.24951171875,1070382
2025-02-04,2304.64990234375,2418.60009765625,2263.75,2354.35009765625,2309.157470703125,5373733
2025-02-05,2269.0,2295.550048828125,2237.25,2275.199951171875,2231.52685546875,3474642
2025-02-06,2287.199951171875,2298.89990234375,2260.25,2263.39990234375,2219.953369140625,1285954
2025-02-07,2266.0,2276.300048828125,2243.199951171875,2271.0,2227.407470703125,1336756
2025-02-10,2271.050048828125,2278.0,2254.0,2270.14990234375,2226.57373046875,1181565
2025-02-11,2279.0,2282.89990234375,2226.0,2240.85009765625,2197.836181640625,1607942
2025-02-12,2241.85009765625,2247.949951171875,2185.699951171875,2228.25,2185.47802734375,1181706
2025-02-13,2228.25,2249.949951171875,2220.0,2236.39990234375,2193.471435546875,921923
2025-02-14,2236.39990234375,2250.550048828125,2203.0,2231.300048828125,2188.469482421875,1380052
2025-02-17,2231.300048828125,2260.0,2226.050048828125,2250.85009765625,2207.64453125,923900
2025-02-18,2248.0,2251.949951171875,2218.75,2237.60009765625,2194.64892578125,735853
2025-02-19,2237.60009765625,2249.800048828125,2226.10009765625,2239.10009765625,2196.119873046875,645234
2025-02-20,2239.10009765625,2257.10009765625,2231.050048828125,2249.050048828125,2205.87890625,637442
2025-02-21,2249.050048828125,2265.800048828125,2237.0,2257.60009765625,2214.2646484375,755585
2025-02-24,2245.89990234375,2259.0,2241.0,2246.199951171875,2203.08349609375,765042
2025-02-25,2246.199951171875,2257.10009765625,2217.699951171875,2224.75,2182.045166015625,947702
2025-02-27,2214.0,2228.39990234375,2198.0,2213.64990234375,2171.158203125,1027196
2025-02-28,2210.0,2211.35009765625,2175.800048828125,2179.75,2137.908935546875,1701193
2025-03-03,2179.75,2193.35009765625,2129.0,2166.39990234375,2124.815185546875,959068
2025-03-04,2154.050048828125,2159.85009765625,2124.75,2132.10009765625,2091.173828125,2180989
2025-03-05,2132.0,2182.800048828125,2124.75,2164.14990234375,2122.608154296875,1535212
2025-03-06,2189.85009765625,2275.0,2183.10009765625,2267.699951171875,2224.170654296875,1985096
2025-03-07,2267.699951171875,2277.949951171875,2248.0,2270.0,2226.4267578125,921429
2025-03-10,2270.0,2293.0,2261.85009765625,2278.60009765625,2234.86181640625,1072395
2025-03-11,2274.0,2290.89990234375,2257.89990234375,2287.39990234375,2243.492431640625,601228
2025-03-12,2287.39990234375,2295.949951171875,2247.0,2251.300048828125,2208.085693359375,749216
2025-03-13,2255.25,2257.199951171875,2222.5,2231.300048828125,2188.469482421875,747470
2025-03-17,2205.0,2239.25,2196.050048828125,2219.550048828125,2176.9453125,838015
2025-03-18,2219.550048828125,2219.550048828125,2219.550048828125,2219.550048828125,2176.9453125,0
2025-03-19,2274.0,2287.949951171875,2267.85009765625,2280.699951171875,2236.921142578125,663292
2025-03-20,2290.0,2307.0,2268.75,2287.199951171875,2243.29638671875,1166849
2025-03-21,2291.64990234375,2314.5,2277.85009765625,2300.39990234375,2256.242919921875,1624115
2025-03-24,2302.39990234375,2330.25,2302.10009765625,2322.5,2277.9189453125,1100353
2025-03-25,2325.0,2344.5,2308.0,2330.75,2286.0107421875,1828005
2025-03-26,2340.0,2340.949951171875,2304.0,2323.14990234375,2278.556396484375,1934287
2025-03-27,2315.0,2350.10009765625,2290.5,2338.10009765625,2293.2197265625,1497861
2025-03-28,2343.949951171875,2364.0,2325.0,2340.64990234375,2295.720458984375,1281871
2025-04-01,2342.0,2361.699951171875,2305.75,2316.0,2271.543701171875,970583
2025-04-02,2328.0,2328.39990234375,2292.14990234375,2306.64990234375,2262.373046875,792693
2025-04-03,2295.0,2354.89990234375,2289.800048828125,2349.39990234375,2304.302490234375,608846
2025-04-04,2349.39990234375,2363.949951171875,2302.800048828125,2356.050048828125,2310.824951171875,1163188
2025-04-07,2190.0,2354.0,2190.0,2341.35009765625,2296.406982421875,1745817
2025-04-08,2356.0,2420.0,2356.0,2394.199951171875,2348.242431640625,1876867
2025-04-09,2400.0,2429.449951171875,2390.89990234375,2411.14990234375,2364.8671875,1186937
2025-04-11,2439.5,2448.0,2380.25,2393.60009765625,2347.654296875,968152
2025-04-15,2414.89990234375,2425.0,2385.0,2415.699951171875,2369.329833984375,1141122
2025-04-16,2405.10009765625,2468.5,2403.699951171875,2459.89990234375,2412.681396484375,1166695
2025-04-17,2459.89990234375,2476.39990234375,2431.0,2467.89990234375,2420.52783203125,885840
2025-04-21,2465.89990234375,2470.89990234375,2441.0,2445.0,2398.0673828125,541913
2025-04-22,2445.0,2450.0,2413.5,2432.0,2385.317138671875,543647
2025-04-23,2437.0,2456.60009765625,2425.60009765625,2453.10009765625,2406.011962890625,744684
2025-04-24,2450.0,2491.0,2435.89990234375,2464.39990234375,2417.094970703125,1203452
2025-04-25,2464.300048828125,2468.699951171875,2413.699951171875,2431.60009765625,2384.9248046875,702217
2025-04-28,2419.89990234375,2459.800048828125,2405.0,2452.199951171875,2405.129150390625,554920
2025-04-29,2460.0,2472.0,2441.60009765625,2451.10009765625,2404.050537109375,1235066
2025-04-30,2450.0,2462.199951171875,2401.5,2425.699951171875,2379.137939453125,1479669
2025-05-02,2425.0,2444.89990234375,2398.0,2410.0,2363.739501953125,744673
2025-05-05,2423.10009765625,2475.0,2423.10009765625,2436.89990234375,2390.122802734375,1229588
2025-05-06,2442.0,2449.89990234375,2391.10009765625,2418.0,2371.5859375,702802
2025-05-07,2388.0,2405.699951171875,2318.5,2334.10009765625,2289.29638671875,1711738
2025-05-08,2322.0,2349.10009765625,2293.5,2302.60009765625,2258.401123046875,2292261
2025-05-09,2246.60009765625,2331.800048828125,2245.0,2299.60009765625,2255.45849609375,1503010
2025-05-12,2330.0,2378.5,2321.0,2356.39990234375,2311.16796875,940135
2025-05-13,2354.0,2358.0,2315.10009765625,2324.60009765625,2279.978759765625,1220489
2025-05-14,2319.0,2319.0,2277.10009765625,2282.300048828125,2238.490478515625,1549845
2025-05-15,2285.0,2335.5,2268.0,2329.89990234375,2285.1767578125,1675015
2025-05-16,2333.89990234375,2355.0,2315.0,2353.60009765625,2308.421875,785113
2025-05-19,2353.60009765625,2378.89990234375,2326.60009765625,2331.39990234375,2286.64794921875,552961
2025-05-20,2347.5,2347.699951171875,2291.39990234375,2295.60009765625,2251.53515625,1095824
2025-05-21,2296.0,2316.199951171875,2290.0,2312.39990234375,2268.0126953125,469330
2025-05-22,2309.199951171875,2310.0,2283.10009765625,2299.199951171875,2255.06591796875,916504
2025-05-23,2301.800048828125,2329.0,2295.0,2315.5,2271.05322265625,458035
2025-05-26,2316.0,2338.0,2302.800048828125,2327.199951171875,2282.528564453125,1258062
2025-05-27,2313.10009765625,2351.60009765625,2301.10009765625,2327.60009765625,2282.921142578125,2485428
2025-05-28,2327.60009765625,2333.0,2300.300048828125,2303.199951171875,2258.989013671875,774808
2025-05-29,2303.199951171875,2309.0,2286.5,2294.300048828125,2250.26025390625,1414643
2025-05-30,2296.5,2304.0,2255.0,2259.10009765625,2215.73583984375,3610431
2025-06-02,2259.10009765625,2272.300048828125,2257.89990234375,2266.699951171875,2223.189697265625,702789
2025-06-03,2272.60009765625,2287.300048828125,2246.699951171875,2255.699951171875,2212.401123046875,792587
2025-06-04,2249.5,2261.0,2240.89990234375,2249.0,2205.82958984375,768079
2025-06-05,2251.10009765625,2261.0,2233.0,2243.5,2200.435546875,996614
2025-06-06,2249.10009765625,2252.60009765625,2239.0,2245.199951171875,2202.1025390625,822087
2025-06-09,2240.0,2255.800048828125,2236.0,2247.89990234375,2204.750732421875,1041851
2025-06-10,2240.0,2240.0,2215.199951171875,2218.89990234375,2196.386474609375,1809051
2025-06-11,2209.0,2225.89990234375,2207.199951171875,2208.800048828125,2186.388916015625,1430888
2025-06-12,2224.0,2263.0,2208.10009765625,2219.39990234375,2196.88134765625,3417373
2025-06-13,2175.0,2217.10009765625,2174.800048828125,2214.199951171875,2191.734130859375,1786807
2025-06-16,2214.199951171875,2250.0,2209.300048828125,2244.800048828125,2222.02392578125,1301826
2025-06-17,2231.0,2281.0,2227.0,2264.800048828125,2241.82080078125,1540986
2025-06-18,2257.0,2284.0,2255.0,2281.39990234375,2258.25244140625,1131156
2025-06-19,2270.0,2285.0,2264.0,2268.0,2244.988525390625,524926
2025-06-20,2267.0,2289.89990234375,2263.0,2285.699951171875,2262.5087890625,1945026
2025-06-23,2261.199951171875,2272.800048828125,2253.89990234375,2264.10009765625,2241.128173828125,596186
2025-06-24,2305.0,2309.699951171875,2268.89990234375,2275.300048828125,2252.21435546875,1044179
2025-06-25,2276.10009765625,2294.300048828125,2275.39990234375,2279.89990234375,2256.767578125,807368
2025-06-26,2287.0,2292.60009765625,2280.199951171875,2289.800048828125,2266.5673828125,921519
2025-06-27,2283.0,2364.5,2277.10009765625,2358.699951171875,2334.76806640625,1555059
2025-06-30,2362.0,2369.89990234375,2326.10009765625,2341.10009765625,2317.3466796875,785414
2025-07-01,2380.5,2400.0,2350.199951171875,2369.5,2345.458740234375,1232160
2025-07-02,2340.0,2430.0,2327.0,2419.39990234375,2394.852294921875,1936030
2025-07-03,2428.89990234375,2464.39990234375,2425.0,2430.89990234375,2406.2353515625,1547480
2025-07-04,2430.89990234375,2443.0,2412.0,2424.199951171875,2399.603515625,602309
2025-07-07,2423.300048828125,2465.10009765625,2421.0,2442.800048828125,2418.014892578125,869054
2025-07-08,2440.5,2488.0,2437.300048828125,2484.60009765625,2459.390869140625,1136367
2025-07-09,2520.5,2535.0,2492.89990234375,2498.89990234375,2473.545654296875,2328636
2025-07-10,2507.300048828125,2512.0,2445.10009765625,2451.199951171875,2426.32958984375,932859
2025-07-11,2447.5,2484.800048828125,2435.5,2439.199951171875,2414.451416015625,1050411
2025-07-14,2431.10009765625,2448.60009765625,2391.0,2401.60009765625,2377.23291015625,891618
2025-07-15,2409.89990234375,2415.0,2386.300048828125,2393.5,2369.215087890625,610228
2025-07-16,2381.0,2422.39990234375,2371.0,2410.5,2386.04248046875,1200909
2025-07-17,2404.10009765625,2414.0,2394.0,2398.89990234375,2374.560302734375,526163
2025-07-18,2400.60009765625,2405.0,2372.300048828125,2382.39990234375,2358.2275390625,599552
2025-07-21,2382.39990234375,2408.0,2360.800048828125,2375.39990234375,2351.298583984375,390931
2025-07-22,2375.39990234375,2380.800048828125,2361.300048828125,2365.199951171875,2341.2021484375,411317
2025-07-23,2363.0,2384.699951171875,2352.60009765625,2375.39990234375,2351.298583984375,368999
2025-07-24,2375.39990234375,2380.0,2341.0,2352.10009765625,2328.2353515625,506960
2025-07-25,2340.0,2350.5,2325.800048828125,2336.199951171875,2312.496337890625,383636
2025-07-28,2336.199951171875,2366.39990234375,2320.0,2359.60009765625,2335.658935546875,650364
2025-07-29,2359.0,2418.300048828125,2325.0,2401.5,2377.1337890625,1742815
2025-07-30,2409.0,2443.800048828125,2366.5,2415.800048828125,2391.288818359375,1685818
2025-07-31,2401.39990234375,2417.199951171875,2373.5,2396.10009765625,2371.788818359375,1274735
2025-08-01,2378.0,2472.0,2378.0,2431.0,2406.33447265625,2225293
2025-08-04,2443.199951171875,2467.0,2439.60009765625,2449.800048828125,2424.94384765625,1165898
2025-08-05,2461.89990234375,2463.699951171875,2409.10009765625,2436.800048828125,2412.075927734375,659094
2025-08-06,2440.0,2505.60009765625,2440.0,2491.199951171875,2465.923828125,2019109
2025-08-07,2484.10009765625,2510.0,2466.89990234375,2506.5,2481.068603515625,1502806
2025-08-08,2506.5,2511.699951171875,2468.5,2475.60009765625,2450.482177734375,1178226
2025-08-11,2463.89990234375,2504.199951171875,2452.0,2489.10009765625,2463.84521484375,721135
2025-08-12,2489.10009765625,2502.800048828125,2474.0,2478.300048828125,2453.15478515625,608984
2025-08-13,2479.800048828125,2504.39990234375,2461.199951171875,2500.199951171875,2474.83251953125,350844
2025-08-14,2505.0,2534.89990234375,2497.699951171875,2528.699951171875,2503.043212890625,1088550
2025-08-18,2550.0,2595.0,2536.60009765625,2587.39990234375,2561.147705078125,1755615
2025-08-19,2587.39990234375,2595.0,2561.199951171875,2579.39990234375,2553.228759765625,698587
2025-08-20,2578.0,2579.300048828125,2563.39990234375,2570.10009765625,2544.023193359375,308028
2025-08-21,2574.89990234375,2576.0,2559.300048828125,2566.60009765625,2540.558837890625,781082
2025-08-22,2562.800048828125,2569.300048828125,2501.10009765625,2504.5,2479.088623046875,523774
2025-08-25,2516.0,2522.5,2476.0,2492.89990234375,2467.6064453125,766497
2025-08-26,2481.10009765625,2523.300048828125,2468.0,2481.39990234375,2456.22314453125,7106393
2025-08-28,2465.0,2528.0,2465.0,2489.0,2463.74609375,1485769
2025-08-29,2491.0,2531.60009765625,2490.0,2518.60009765625,2493.0458984375,1798653
2025-09-01,2518.0,2577.800048828125,2515.10009765625,2570.199951171875,2544.122314453125,1314833
2025-09-02,2569.0,2571.89990234375,2531.0,2540.0,2514.228759765625,1024054
2025-09-03,2530.0,2565.10009765625,2527.300048828125,2553.89990234375,2527.987548828125,925847
2025-09-04,2553.89990234375,2583.0,2553.0,2568.60009765625,2542.53857421875,933071
2025-09-05,2565.0,2602.0,2565.0,2579.89990234375,2553.7236328125,1153436
2025-09-08,2579.89990234375,2589.60009765625,2526.39990234375,2530.800048828125,2505.1220703125,742880
2025-09-09,2540.0,2551.60009765625,2524.800048828125,2537.300048828125,2511.55615234375,702450
2025-09-10,2537.300048828125,2555.0,2525.10009765625,2543.300048828125,2517.4951171875,520584
2025-09-11,2541.0,2559.5,2535.699951171875,2555.89990234375,2529.96728515625,423961
2025-09-12,2560.0,2568.300048828125,2537.199951171875,2546.300048828125,2520.46484375,547539
2025-09-15,2535.10009765625,2543.5,2498.0,2502.60009765625,2477.2080078125,583051
2025-09-16,2495.0,2509.89990234375,2474.5,2480.89990234375,2455.728271484375,760790
2025-09-17,2482.0,2496.89990234375,2480.800048828125,2493.60009765625,2468.29931640625,359627
2025-09-18,2497.89990234375,2506.199951171875,2469.300048828125,2478.699951171875,2453.550537109375,400796
2025-09-19,2475.0,2509.5,2468.5,2481.699951171875,2456.520263671875,3731525
2025-09-22,2494.10009765625,2503.0,2474.10009765625,2482.699951171875,2457.509765625,872806
2025-09-23,2472.10009765625,2483.800048828125,2428.0,2446.89990234375,2422.0732421875,1332111
2025-09-24,2446.0,2475.0,2443.199951171875,2457.199951171875,2432.268798828125,637749
2025-09-25,2458.5,2462.699951171875,2388.0,2404.0,2379.6083984375,1518215
2025-09-26,2397.5,2400.0,2339.0,2342.800048828125,2319.029541015625,1089446
2025-09-29,2342.89990234375,2363.699951171875,2329.199951171875,2342.60009765625,2318.83154296875,950369
2025-09-30,2352.0,2388.800048828125,2340.0,2350.0,2326.156494140625,778874
2025-10-01,2353.39990234375,2357.0,2321.199951171875,2335.800048828125,2312.1005859375,648279
2025-10-03,2342.199951171875,2362.699951171875,2336.10009765625,2357.800048828125,2333.87744140625,659872
2025-10-06,2355.0,2359.199951171875,2334.10009765625,2354.800048828125,2330.907958984375,362107
2025-10-07,2355.0,2371.39990234375,2346.0,2352.800048828125,2328.927978515625,498524
2025-10-08,2360.0,2369.39990234375,2320.0,2328.5,2304.87451171875,701799
2025-10-09,2328.5,2341.0,2323.800048828125,2336.39990234375,2312.6943359375,587567
2025-10-10,2338.89990234375,2357.800048828125,2336.60009765625,2340.199951171875,2316.455810546875,1117236
2025-10-13,2340.199951171875,2366.60009765625,2337.0,2342.5,2318.732421875,667732
2025-10-14,2342.39990234375,2355.0,2308.0,2318.10009765625,2294.580322265625,353345
2025-10-15,2330.0,2384.0,2325.0,2375.10009765625,2351.001708984375,753640
2025-10-16,2377.0,2420.800048828125,2366.89990234375,2409.699951171875,2385.25048828125,715890
2025-10-17,2421.0,2544.0,2421.0,2507.800048828125,2482.355224609375,3719960
2025-10-20,2507.800048828125,2537.10009765625,2500.699951171875,2516.0,2490.47216796875,714986
2025-10-21,2513.0,2519.199951171875,2484.0,2504.60009765625,2479.18798828125,107942
2025-10-23,2518.89990234375,2546.0,2496.800048828125,2502.39990234375,2477.010009765625,811738
2025-10-24,2495.0,2506.699951171875,2486.300048828125,2501.60009765625,2476.218505859375,327596
2025-10-27,2501.60009765625,2530.0,2499.60009765625,2518.800048828125,2493.243896484375,550089
2025-10-28,2515.0,2528.60009765625,2492.0,2509.300048828125,2483.840087890625,1103957
2025-10-29,2520.0,2550.800048828125,2512.5,2538.699951171875,2512.94189453125,615292
2025-10-30,2535.5,2538.699951171875,2513.300048828125,2523.5,2497.89599609375,736486
2025-10-31,2523.39990234375,2530.0,2505.300048828125,2510.800048828125,2485.32470703125,609128
2025-11-03,2496.199951171875,2515.300048828125,2495.0,2512.199951171875,2486.710693359375,425210
2025-11-04,2510.0,2521.0,2479.699951171875,2486.699951171875,2461.469482421875,527087
2025-11-06,2560.10009765625,2631.0,2560.10009765625,2602.89990234375,2576.490478515625,4448622
2025-11-07,2602.89990234375,2618.89990234375,2585.0,2613.800048828125,2587.280029296875,791663
2025-11-10,2613.800048828125,2666.800048828125,2611.10009765625,2650.39990234375,2623.50830078125,1706880
2025-11-11,2650.39990234375,2664.89990234375,2633.39990234375,2657.199951171875,2630.239501953125,776404
2025-11-12,2660.0,2838.699951171875,2642.10009765625,2769.800048828125,2741.697265625,2859196
2025-11-13,2858.89990234375,2897.10009765625,2840.0,2879.39990234375,2850.184814453125,5933630
2025-11-14,2865.10009765625,2909.89990234375,2862.0,2906.39990234375,2876.910888671875,2494076
2025-11-17,2906.39990234375,2926.89990234375,2880.0,2887.89990234375,2858.5986328125,1230683
2025-11-18,2886.0,2916.0,2862.10009765625,2906.0,2881.00439453125,1819066
2025-11-19,2914.0,2916.0,2887.199951171875,2893.699951171875,2868.81005859375,1387906
2025-11-20,2897.39990234375,2906.10009765625,2852.5,2859.800048828125,2835.201904296875,1062883
2025-11-21,2869.0,2895.60009765625,2854.10009765625,2876.60009765625,2851.857421875,857340
2025-11-24,2876.0,2896.5,2864.5,2879.199951171875,2854.434814453125,5404326
2025-11-25,2899.89990234375,2908.5,2869.0,2875.800048828125,2851.064208984375,972417
2025-11-26,2880.0,2896.199951171875,2857.60009765625,2874.0,2849.27978515625,570376
2025-11-27,2880.0,2914.5,2871.39990234375,2879.10009765625,2854.3359375,1158685
2025-11-28,2880.0,2889.89990234375,2855.800048828125,2874.39990234375,2849.676025390625,748446
2025-12-01,2877.699951171875,2887.5,2848.0,2867.60009765625,2842.934814453125,499153
2025-12-02,2867.0,2962.0,2861.199951171875,2954.39990234375,2928.988037109375,2102147
2025-12-03,2969.0,2969.199951171875,2932.60009765625,2953.5,2928.095947265625,1252456
2025-12-04,2950.0,2985.699951171875,2934.0,2957.199951171875,2931.763916015625,1466098
2025-12-05,2955.0,2973.5,2941.0,2968.5,2942.966796875,944978
2025-12-08,2970.0,2974.5,2914.800048828125,2928.300048828125,2903.112548828125,983544
2025-12-09,2910.0,2913.5,2788.5,2796.0,2771.95068359375,1839391
2025-12-10,2810.0,2824.0,2796.699951171875,2804.5,2780.37744140625,845073
2025-12-11,2800.0,2811.60009765625,2763.199951171875,2779.39990234375,2755.4931640625,777422
2025-12-12,2795.0,2797.0,2746.0,2764.800048828125,2741.01904296875,977696
2025-12-15,2773.10009765625,2802.0,2758.699951171875,2780.199951171875,2756.286376953125,1029674
2025-12-16,2793.0,2808.0,2776.10009765625,2790.89990234375,2766.894287109375,916244
2025-12-17,2800.0,2806.5,2772.0,2785.699951171875,2761.739013671875,636499
2025-12-18,2780.0,2793.800048828125,2755.300048828125,2759.699951171875,2735.962646484375,417994
2025-12-19,2766.39990234375,2812.39990234375,2759.699951171875,2799.89990234375,2775.81689453125,3895542
2025-12-22,2785.800048828125,2823.10009765625,2780.300048828125,2807.60009765625,2783.450927734375,463953
2025-12-23,2798.0,2819.0,2783.10009765625,2807.800048828125,2783.649169921875,431068
2025-12-24,2807.800048828125,2824.699951171875,2782.0,2785.5,2761.540771484375,512144
2025-12-26,2785.0,2794.39990234375,2743.0,2746.5,2722.87646484375,532078
2025-12-29,2746.5,2793.800048828125,2735.0,2775.39990234375,2751.527587890625,815529
2025-12-30,2770.300048828125,2792.39990234375,2741.0,2758.300048828125,2734.574951171875,4833527
2025-12-31,2755.0,2796.800048828125,2754.89990234375,2769.5,2745.678466796875,1274705
2026-01-01,2775.89990234375,2782.699951171875,2746.10009765625,2752.0,2728.3291015625,327945
2026-01-02,2755.800048828125,2799.0,2755.800048828125,2772.60009765625,2748.751953125,508884
2026-01-05,2770.0,2828.0,2769.0,2815.60009765625,2791.382080078125,866733
2026-01-06,2820.0,2848.39990234375,2811.60009765625,2845.800048828125,2821.322265625,875891
2026-01-07,2845.800048828125,2854.699951171875,2801.10009765625,2809.39990234375,2785.235107421875,636748
2026-01-08,2795.0,2804.699951171875,2770.10009765625,2786.5,2762.5322265625,620031
2026-01-09,2789.89990234375,2856.699951171875,2786.199951171875,2825.5,2801.19677734375,1657381
2026-01-12,2826.0,2900.0,2808.0,2896.39990234375,2871.48681640625,1743901
2026-01-13,2900.0,2914.5,2870.800048828125,2886.300048828125,2861.473876953125,1051986
2026-01-14,2884.0,2884.0,2807.300048828125,2813.89990234375,2789.696533203125,958254
2026-01-15,2813.89990234375,2813.89990234375,2813.89990234375,2813.89990234375,2789.696533203125,0
2026-01-16,2787.89990234375,2826.5,2750.5,2756.89990234375,2733.186767578125,1143463
2026-01-19,2756.89990234375,2786.300048828125,2724.699951171875,2754.0,2730.311767578125,1342048
2026-01-20,2740.0,2740.10009765625,2669.300048828125,2675.60009765625,2652.586181640625,911151
2026-01-21,2670.0,2688.0,2648.0,2661.10009765625,2638.2109375,914318
2026-01-22,2665.300048828125,2729.89990234375,2665.300048828125,2703.800048828125,2680.543701171875,1290346
2026-01-23,2703.800048828125,2782.89990234375,2690.800048828125,2703.699951171875,2680.4443359375,1786635
2026-01-27,2719.89990234375,2734.699951171875,2546.0,2622.800048828125,2600.240478515625,3818761
2026-01-28,2535.0,2548.5,2451.0,2511.800048828125,2490.195068359375,3430002
2026-01-29,2511.800048828125,2514.89990234375,2410.0,2416.0,2395.218994140625,3488159
2026-01-30,2417.0,2445.0,2400.5,2428.300048828125,2407.413330078125,2048843
2026-02-02,2374.89990234375,2429.5,2372.0,2402.0,2381.339599609375,1183482
2026-02-03,2525.0,2525.0,2391.0,2426.0,2405.133056640625,2233860
2026-02-04,2430.0,2463.800048828125,2417.10009765625,2452.699951171875,2431.603271484375,970973
2026-02-05,2445.0,2455.800048828125,2402.60009765625,2432.10009765625,2411.1806640625,1047405
2026-02-06,2432.0,2444.0,2386.10009765625,2401.10009765625,2380.447265625,1043982
2026-02-09,2404.0,2426.199951171875,2396.800048828125,2417.39990234375,2396.60693359375,669839
2026-02-10,2419.0,2420.0,2386.89990234375,2393.60009765625,2373.011962890625,1513620
2026-02-11,2399.0,2405.699951171875,2376.300048828125,2392.5,2371.921142578125,3177710
2026-02-12,2398.0,2413.89990234375,2377.0,2410.5,2389.766357421875,607767
2026-02-13,2408.89990234375,2411.800048828125,2360.10009765625,2366.39990234375,2346.045654296875,675635
2026-02-16,2360.0,2405.10009765625,2356.800048828125,2397.199951171875,2376.580810546875,683108
2026-02-17,2399.5,2452.39990234375,2399.5,2437.39990234375,2416.434814453125,1004356
2026-02-18,2440.0,2448.199951171875,2416.5,2432.10009765625,2411.1806640625,551809
2026-02-19,2420.0,2428.0,2391.10009765625,2400.800048828125,2380.14990234375,971600
2026-02-20,2378.199951171875,2435.699951171875,2376.10009765625,2428.10009765625,2407.215087890625,790329
2026-02-23,2424.699951171875,2446.60009765625,2411.5,2429.699951171875,2408.80126953125,634365
2026-02-24,2413.0,2441.5,2403.699951171875,2413.10009765625,2392.34423828125,499660
2026-02-25,2416.0,2427.89990234375,2400.0,2416.39990234375,2395.615478515625,526764
2026-02-26,2416.10009765625,2422.199951171875,2382.0,2394.89990234375,2374.300537109375,588742
2026-02-27,2385.0,2397.60009765625,2359.0,2376.199951171875,2355.761474609375,2531619
2026-03-02,2300.0,2337.89990234375,2283.5,2307.10009765625,2287.255859375,2528308
2026-03-04,2260.699951171875,2290.89990234375,2216.300048828125,2285.199951171875,2265.544189453125,1610358
2026-03-05,2285.199951171875,2313.0,2253.699951171875,2287.800048828125,2268.121826171875,925040
2026-03-06,2261.699951171875,2307.89990234375,2253.699951171875,2279.5,2259.89306640625,979742
2026-03-09,2200.0,2230.0,2162.60009765625,2220.800048828125,2201.6982421875,2198153
2026-03-10,2251.60009765625,2305.10009765625,2251.60009765625,2280.39990234375,2260.785400390625,1192174
2026-03-11,2290.0,2302.0,2226.0,2232.0,2212.8017578125,687786
2026-03-12,2208.0,2249.89990234375,2201.0,2221.199951171875,2202.094482421875,1384055
2026-03-13,2204.699951171875,2219.699951171875,2190.0,2196.800048828125,2177.904541015625,949233
2026-03-16,2185.39990234375,2227.800048828125,2175.10009765625,2217.699951171875,2198.624755859375,1111587
2026-03-17,2217.699951171875,2261.5,2217.199951171875,2238.199951171875,2218.948486328125,875461
2026-03-18,2235.10009765625,2270.39990234375,2228.60009765625,2262.10009765625,2242.642822265625,844912
2026-03-19,2220.0,2239.0,2180.60009765625,2186.0,2167.197509765625,889334
2026-03-20,2210.89990234375,2224.5,2185.0,2195.39990234375,2176.516357421875,875920
2026-03-23,2180.0,2180.0,2115.0,2121.300048828125,2103.053955078125,978398
2026-03-24,2184.0,2224.5,2153.300048828125,2217.300048828125,2198.228271484375,1561016
2026-03-25,2225.10009765625,2289.699951171875,2222.0,2270.199951171875,2250.673095703125,1270855
2026-03-27,2246.300048828125,2269.0,2201.10009765625,2207.39990234375,2188.413330078125,1089010
2026-03-30,2185.300048828125,2202.89990234375,2151.0,2165.199951171875,2146.576171875,1513565
2026-04-01,2224.800048828125,2246.60009765625,2198.39990234375,2225.800048828125,2206.655029296875,1209900
2026-04-02,2185.0,2185.10009765625,2142.39990234375,2169.0,2150.34375,1854061
2026-04-06,2169.0,2193.199951171875,2145.89990234375,2184.300048828125,2165.511962890625,2048228
2026-04-07,2167.699951171875,2198.699951171875,2145.0,2186.199951171875,2167.395751953125,1793007
2026-04-08,2284.5,2336.89990234375,2245.199951171875,2282.39990234375,2262.76806640625,2914767
2026-04-09,2275.0,2289.60009765625,2252.0,2269.60009765625,2250.078369140625,1980060
2026-04-10,2267.699951171875,2376.89990234375,2267.699951171875,2360.699951171875,2340.394775390625,3018178
2026-04-13,2279.89990234375,2362.5,2262.0,2352.39990234375,2332.166015625,1734562
2026-04-15,2400.5,2426.0,2381.0,2423.10009765625,2402.258056640625,1182431
2026-04-16,2435.0,2446.60009765625,2411.60009765625,2440.300048828125,2419.31005859375,1496210
2026-04-17,2425.0,2486.10009765625,2417.5,2464.0,2442.80615234375,1286575
2026-04-20,2470.0,2523.800048828125,2456.5,2516.800048828125,2495.152099609375,1203157
2026-04-21,2516.300048828125,2582.0,2513.699951171875,2543.60009765625,2521.7216796875,1681872
2026-04-22,2500.0,2572.0,2500.0,2562.89990234375,2540.85546875,1126584
2026-04-23,2530.0,2541.699951171875,2510.0,2521.39990234375,2499.71240234375,1378614
2026-04-24,2521.39990234375,2538.89990234375,2470.699951171875,2485.10009765625,2463.724853515625,436871
2026-04-27,2503.0,2519.800048828125,2475.5,2485.199951171875,2463.82373046875,452134
2026-04-28,2475.0,2499.0,2456.10009765625,2462.60009765625,2441.41845703125,556571
2026-04-29,2469.89990234375,2477.89990234375,2438.60009765625,2447.300048828125,2426.25,603585
2026-04-30,2426.699951171875,2455.89990234375,2385.5,2444.5,2423.473876953125,823684
2026-05-01,2444.5,2444.5,2444.5,2444.5,2423.473876953125,0
2026-05-04,2460.0,2507.0,2442.300048828125,2448.10009765625,2427.04296875,581159
2026-05-05,2430.0,2454.89990234375,2415.0,2430.0,2409.0986328125,327682
2026-05-06,2460.0,2529.0,2440.39990234375,2519.0,2497.333251953125,1395987
2026-05-07,2534.60009765625,2555.800048828125,2511.300048828125,2530.60009765625,2508.83349609375,1053513
2026-05-08,2540.0,2607.39990234375,2515.39990234375,2599.89990234375,2577.537109375,2327900
2026-05-11,2578.89990234375,2607.89990234375,2555.0,2566.10009765625,2544.028076171875,1271257
2026-05-12,2546.199951171875,2555.699951171875,2500.0,2505.5,2483.94921875,628802
2026-05-13,2554.0,2642.39990234375,2554.0,2617.60009765625,2595.085205078125,3515018
2026-05-14,2620.0,2665.699951171875,2610.0,2622.199951171875,2599.6455078125,1040916
2026-05-15,2622.199951171875,2640.0,2592.800048828125,2605.60009765625,2583.1884765625,796240
2026-05-18,2580.10009765625,2619.39990234375,2556.0,2614.0,2591.51611328125,898479
2026-05-19,2629.0,2646.0,2595.10009765625,2600.699951171875,2578.330322265625,688639
2026-05-20,2562.0,2614.0,2562.0,2598.60009765625,2576.24853515625,586190
2026-05-21,2625.0,2648.300048828125,2590.800048828125,2598.800048828125,2576.44677734375,1031843
2026-05-22,2606.10009765625,2664.699951171875,2600.199951171875,2639.800048828125,2617.09423828125,1556434
2026-05-25,2672.0,2684.10009765625,2653.199951171875,2657.800048828125,2634.939453125,815621
2026-05-26,2650.0,2664.300048828125,2635.89990234375,2647.0,2624.232177734375,486267
2026-05-27,2644.800048828125,2689.60009765625,2642.0,2671.89990234375,2648.91796875,858457
2026-05-28,2671.89990234375,2671.89990234375,2671.89990234375,2671.89990234375,2648.91796875,0
2026-05-29,2676.10009765625,2748.199951171875,2631.60009765625,2671.60009765625,2648.62060546875,5062328
2026-06-01,2732.60009765625,2778.800048828125,2626.699951171875,2632.39990234375,2609.757568359375,2224344
2026-06-02,2626.10009765625,2672.10009765625,2607.89990234375,2660.699951171875,2637.814208984375,1026319
2026-06-03,2652.10009765625,2676.0,2624.699951171875,2662.39990234375,2639.49951171875,958774
2026-06-04,2663.89990234375,2698.800048828125,2644.89990234375,2661.60009765625,2638.706787109375,1840743
2026-06-05,2666.0,2699.800048828125,2665.0,2686.699951171875,2663.590576171875,1615011
2026-06-08,2643.300048828125,2675.0,2630.10009765625,2659.199951171875,2636.3271484375,1262904
2026-06-09,2666.199951171875,2719.0,2661.5,2708.10009765625,2684.806640625,1416560
2026-06-10,2711.10009765625,2744.0,2700.0,2715.10009765625,2691.74658203125,1395772
2026-06-11,2693.89990234375,2706.699951171875,2671.0,2690.89990234375,2667.75439453125,771558
2026-06-12,2725.699951171875,2753.0,2709.39990234375,2747.39990234375,2723.7685546875,1078025
2026-06-15,2820.300048828125,2832.699951171875,2730.0,2739.300048828125,2715.73828125,2752021
2026-06-16,2741.0,2771.0,2735.0,2748.10009765625,2724.462646484375,962931
2026-06-17,2764.0,2768.89990234375,2732.5,2738.0,2714.449462890625,557209
2026-06-18,2745.0,2765.0,2728.199951171875,2755.0,2731.30322265625,600888
2026-06-19,2752.89990234375,2752.89990234375,2718.800048828125,2732.89990234375,2709.393310546875,838991
2026-06-22,2742.699951171875,2756.5,2670.0,2674.0,2651.0,1033475
2026-06-23,2669.0,2695.39990234375,2650.10009765625,2661.199951171875,2661.199951171875,1182151
2026-06-24,2662.0,2687.60009765625,2653.60009765625,2667.5,2667.5,1264476
2026-06-25,2690.0,2690.699951171875,2637.10009765625,2645.199951171875,2645.199951171875,2050810
2026-06-26,2645.199951171875,2645.199951171875,2645.199951171875,2645.199951171875,2645.199951171875,0
2026-06-29,2631.300048828125,2687.800048828125,2630.0,2656.89990234375,2656.89990234375,4752587
2026-06-30,2658.0,2672.10009765625,2630.300048828125,2635.699951171875,2635.699951171875,1821479
2026-07-01,2648.0,2723.0,2624.0,2716.39990234375,2716.39990234375,1097512
2026-07-02,2720.0,2759.89990234375,2711.0,2744.5,2744.5,1629567
2026-07-03,2744.0,2762.39990234375,2730.0,2737.800048828125,2737.800048828125,472124
2026-07-06,2724.0,2758.0,2722.0,2754.89990234375,2754.89990234375,504943
2026-07-07,2750.0,2751.800048828125,2726.39990234375,2731.39990234375,2731.39990234375,489066
2026-07-08,2676.60009765625,2713.10009765625,2653.300048828125,2665.89990234375,2665.89990234375,1481672
2026-07-09,2658.0,2722.800048828125,2656.0,2673.800048828125,2673.800048828125,918568
2026-07-10,2695.0,2728.199951171875,2672.89990234375,2677.800048828125,2677.800048828125,982095
2026-07-13,2650.5,2664.39990234375,2630.10009765625,2652.10009765625,2652.10009765625,1107802
2026-07-14,2604.0,2655.89990234375,2579.89990234375,2641.0,2641.0,975301
2026-07-15,2644.89990234375,2684.0,2644.89990234375,2670.0,2670.0,809114
2026-07-16,2688.0,2693.10009765625,2660.10009765625,2674.699951171875,2674.699951171875,455037
2026-07-17,2665.0,2700.0,2665.0,2689.0,2689.0,452284
2026-07-20,2689.0,2708.5,2666.699951171875,2691.39990234375,2691.39990234375,571087
2026-07-21,2695.0,2720.0,2680.5,2692.39990234375,2692.39990234375,1000078
2026-07-22,2683.0,2700.0,2665.60009765625,2692.800048828125,2692.800048828125,528096
2026-07-23,2671.10009765625,2693.39990234375,2656.0,2668.800048828125,2668.800048828125,584245
2026-07-24,2620.10009765625,2657.10009765625,2620.10009765625,2637.89990234375,2637.89990234375,645563
2026-07-27,2665.800048828125,2723.89990234375,2664.300048828125,2710.199951171875,2710.199951171875,715239
2026-07-28,2712.0,2749.800048828125,2706.300048828125,2736.199951171875,2736.199951171875,1282146
2026-07-29,2746.199951171875,2864.0,2718.5,2758.39990234375,2758.39990234375,3803474
2026-07-30,2758.10009765625,2767.89990234375,2666.199951171875,2746.199951171875,2746.199951171875,2387024
2026-07-31,2773.89990234375,2774.89990234375,2732.39990234375,2747.300048828125,2747.300048828125,891738
2026-08-03,2770.89990234375,2810.0,2762.10009765625,2810.0,2810.0,1040453
2026-08-04,2774.89990234375,2807.300048828125,2732.39990234375,2775.0,2775.0,820097
2026-08-05,2787.0,2787.0,2748.699951171875,2760.0,2760.0,688876
2026-08-06,2788.0,2788.0,2741.60009765625,2755.0,2755.0,797083
2026-08-07,2755.0,2755.0,2695.0,2735.0,2735.0,1067986
2026-08-10,2724.699951171875,2761.5,2713.5,2750.0,2750.0,977656
2026-08-11,2742.10009765625,2747.60009765625,2720.0,2735.5,2735.5,951134
2026-08-12,2733.199951171875,2748.39990234375,2698.199951171875,2740.0,2740.0,648174
2026-08-13,2725.0,2755.5,2720.0,2755.5,2755.5,579435
2026-08-14,2751.0,2751.0,2690.300048828125,2696.300048828125,2696.300048828125,667311
2026-08-17,2694.5,2714.60009765625,2687.5,2687.5,2687.5,312900
2026-08-18,2663.10009765625,2670.10009765625,2610.10009765625,2628.39990234375,2628.39990234375,1017022
2026-08-19,2625.0,2634.89990234375,2601.0,2630.800048828125,2630.800048828125,742443
2026-08-20,2635.10009765625,2641.800048828125,2607.0,2625.199951171875,2625.199951171875,476939
2026-08-21,2620.199951171875,2644.0,2615.5,2640.0,2640.0,330334
2026-08-24,2640.39990234375,2642.699951171875,2622.0,2640.800048828125,2640.800048828125,355289
2026-08-25,2631.0,2640.0,2605.199951171875,2639.800048828125,2639.800048828125,479480
2026-08-26,2660.89990234375,2678.699951171875,2626.5,2626.5,2626.5,339110
2026-08-27,2637.89990234375,2655.89990234375,2627.89990234375,2631.0,2631.0,525106
2026-08-28,2645.0,2645.0,2583.800048828125,2608.699951171875,2608.699951171875,482544
2026-08-31,2590.0,2653.60009765625,2561.10009765625,2653.60009765625,2653.60009765625,1381178
2026-09-01,2645.300048828125,2645.300048828125,2545.199951171875,2575.5,2575.5,1046523
2026-09-02,2548.0,2548.0,2510.699951171875,2527.5,2527.5,497889
2026-09-03,2530.0,2544.0,2515.10009765625,2541.60009765625,2541.60009765625,589499
2026-09-04,2540.0,2553.89990234375,2519.800048828125,2527.300048828125,2527.300048828125,399368
2026-09-07,2511.10009765625,2523.5,2489.699951171875,2500.89990234375,2500.89990234375,240336
2026-09-08,2499.0,2499.0,2474.10009765625,2481.60009765625,2481.60009765625,373248
2026-09-09,2459.10009765625,2489.0,2457.39990234375,2489.0,2489.0,432840
2026-09-10,2485.10009765625,2498.10009765625,2468.60009765625,2498.10009765625,2498.10009765625,549332
2026-09-11,2453.199951171875,2472.5,2442.800048828125,2472.5,2472.5,653006
2026-09-14,2472.5,2472.5,2472.5,2472.5,2472.5,0
2026-09-15,2472.5,2473.0,2402.800048828125,2402.800048828125,2402.800048828125,539643
2026-09-16,2405.10009765625,2444.5,2397.39990234375,2416.60009765625,2416.60009765625,591671
2026-09-17,2424.0,2454.0,2421.0,2454.0,2454.0,486007
2026-09-18,2455.699951171875,2474.0,2438.0,2451.300048828125,2451.300048828125,1000730
2026-09-21,2450.0,2463.800048828125,2440.300048828125,2440.300048828125,2440.300048828125,268147
2026-09-22,2475.10009765625,2475.10009765625,2435.60009765625,2448.5,2448.5,414715
2026-09-23,2469.0,2471.89990234375,2448.199951171875,2455.0,2455.0,398823
2026-09-24,2430.0,2437.800048828125,2391.0,2392.699951171875,2392.699951171875,259577
2026-09-25,2401.89990234375,2451.0,2397.0,2444.0,2444.0,426982
2026-09-28,2437.89990234375,2441.60009765625,2412.89990234375,2420.0,2420.0,1097754
2026-09-29,2417.5,2425.300048828125,2381.0,2415.0,2415.0,909789
2026-09-30,2410.0,2430.5,2390.0,2402.60009765625,2402.60009765625,553695
