date,open,high,low,close,adj_close,volume
2015-01-01,626.5,634.7999877929688,626.5,628.4000244140625,581.4343872070312,596787
2015-01-02,633.0,637.5499877929688,629.3499755859375,630.1500244140625,583.0535278320312,688999
2015-01-05,626.0,638.0,626.0,633.0,585.6905517578125,1282895
2015-01-06,631.0,632.0,610.5,614.3499755859375,568.4343872070312,1615490
2015-01-07,614.3499755859375,617.7999877929688,604.5,611.9500122070312,566.2138061523438,813936
2015-01-08,615.0,621.5,612.0,618.2000122070312,571.99658203125,1273014
2015-01-09,624.0,641.5,621.0,632.3499755859375,585.0891723632812,2151608
2015-01-12,630.9000244140625,637.0,625.9500122070312,630.75,583.6087646484375,1094136
2015-01-13,631.0,645.2999877929688,628.2000122070312,636.4000244140625,588.8365478515625,1261489
2015-01-14,638.7999877929688,641.8499755859375,629.0499877929688,631.4000244140625,584.2101440429688,1033679
2015-01-15,638.9000244140625,640.0,632.5999755859375,638.0499877929688,590.3632202148438,1229115
2015-01-16,641.7000122070312,650.0,639.0,647.3499755859375,598.9680786132812,1245788
2015-01-19,652.0,661.5499877929688,649.0,657.7999877929688,608.6371459960938,1536486
2015-01-20,661.9500122070312,666.4500122070312,657.3499755859375,661.7999877929688,612.338134765625,1537603
2015-01-21,663.0,663.8499755859375,641.0,643.4500122070312,595.359619140625,1541897
2015-01-22,643.5,657.2000122070312,641.3499755859375,654.7999877929688,605.8613891601562,1642285
2015-01-23,659.9000244140625,686.5,654.5999755859375,677.6500244140625,627.0035400390625,2255956
2015-01-27,687.0,710.0,683.0,707.0499877929688,654.2061767578125,2067849
2015-01-28,706.9000244140625,707.0,692.5499877929688,703.5499877929688,650.9677734375,1379608
2015-01-29,699.9500122070312,711.9000244140625,686.5,697.4500122070312,645.3236694335938,2245977
2015-01-30,699.0,702.7999877929688,691.2000122070312,695.75,643.7507934570312,1061983
2015-02-02,698.0,706.5,691.25,695.5,643.5194091796875,878717
2015-02-03,695.1500244140625,699.75,672.0499877929688,677.4000244140625,626.7721557617188,772717
2015-02-04,680.4000244140625,688.0,666.5999755859375,678.0,627.3272094726562,1326140
2015-02-05,676.5499877929688,676.5499877929688,657.25,662.4000244140625,612.893310546875,913021
2015-02-06,672.0,682.7000122070312,645.6500244140625,655.0499877929688,606.0926513671875,1572398
2015-02-09,650.0,656.0,626.25,629.6500244140625,582.5908813476562,1213162
2015-02-10,630.0,642.7999877929688,623.4500122070312,640.1500244140625,592.3062744140625,1834808
2015-02-11,640.1500244140625,640.7999877929688,631.0499877929688,636.4500122070312,588.8828125,1671824
2015-02-12,641.0,665.5499877929688,633.0499877929688,660.6500244140625,611.2741088867188,4022095
2015-02-13,661.0,701.8499755859375,659.0,667.25,617.3807373046875,6373168
2015-02-16,670.2999877929688,678.9000244140625,668.0,671.5499877929688,621.359375,1056625
2015-02-18,672.7000122070312,684.0,667.5499877929688,677.6500244140625,627.0035400390625,975390
2015-02-19,683.0,692.0,672.0999755859375,682.4500122070312,631.44482421875,1803177
2015-02-20,686.2000122070312,690.0,673.5499877929688,675.9500122070312,625.4306030273438,1323954
2015-02-23,678.0,684.3499755859375,666.0,669.1500244140625,619.1388549804688,1030305
2015-02-24,673.0,679.5999755859375,670.0,677.2999877929688,626.6796875,745543
2015-02-25,679.5499877929688,685.2000122070312,671.4500122070312,676.3499755859375,625.8006591796875,865007
2015-02-26,680.5,682.4500122070312,656.1500244140625,659.4500122070312,610.1637573242188,1754632
2015-02-27,662.4000244140625,677.0,655.4000244140625,669.8499755859375,619.786376953125,1632882
2015-03-02,683.5499877929688,725.0,681.3499755859375,716.9500122070312,663.3663940429688,2226858
2015-03-03,720.0,738.7000122070312,715.0999755859375,731.9000244140625,677.1989135742188,2346080
2015-03-04,736.0,747.5,722.0,727.0499877929688,672.7115478515625,1975785
2015-03-05,730.0,746.4000244140625,725.0,739.5,684.2308959960938,1863532
2015-03-09,739.5,742.5,730.0499877929688,734.2000122070312,679.3270263671875,886869
2015-03-10,740.0,752.8499755859375,725.0,729.4500122070312,674.9320678710938,2224099
2015-03-11,734.0,737.4500122070312,712.4000244140625,717.7000122070312,664.0601806640625,1656569
2015-03-12,719.1500244140625,728.0,711.0,720.2000122070312,666.3734130859375,1970544
2015-03-13,725.0,727.6500244140625,701.0999755859375,703.8499755859375,651.2454223632812,1031988
2015-03-16,706.1500244140625,707.7999877929688,683.5999755859375,693.6500244140625,641.8078002929688,2758251
2015-03-17,698.4000244140625,716.0,696.6500244140625,710.5499877929688,657.444580078125,1832519
2015-03-18,714.0,720.7999877929688,708.0499877929688,711.9500122070312,658.7398681640625,1470026
2015-03-19,716.0,726.7999877929688,705.5999755859375,710.3499755859375,657.2595825195312,1697308
2015-03-20,713.8499755859375,718.4000244140625,693.75,699.7999877929688,647.4981079101562,1874430
2015-03-23,703.5,712.2999877929688,694.0,701.2999877929688,648.8860473632812,825791
2015-03-24,700.75,713.9500122070312,698.5,710.25,657.1670532226562,976875
2015-03-25,714.4000244140625,718.4500122070312,706.2999877929688,711.4500122070312,658.27734375,1175071
2015-03-26,710.5,717.25,697.0999755859375,700.9500122070312,648.5621337890625,2634979
2015-03-27,707.0,709.0,687.2000122070312,694.0,642.1315307617188,2072818
2015-03-30,695.0999755859375,710.9500122070312,695.0999755859375,702.2000122070312,649.7185668945312,1612745
2015-03-31,705.0,717.7000122070312,700.25,712.4500122070312,659.2026977539062,2267378
2015-04-01,714.0,716.5,703.8499755859375,709.5999755859375,656.5655517578125,1693796
2015-04-06,714.0,739.0999755859375,711.5499877929688,735.6500244140625,680.668701171875,2457940
2015-04-07,740.0,744.7000122070312,722.4000244140625,728.2000122070312,673.7754516601562,1652776
2015-04-08,732.0,746.0999755859375,724.5999755859375,736.7000122070312,681.6401977539062,2259141
2015-04-09,741.7000122070312,741.8499755859375,715.2999877929688,719.4500122070312,665.679443359375,1409699
2015-04-10,710.0,715.9500122070312,694.0,701.1500244140625,648.7471313476562,2038210
2015-04-13,702.0,714.5999755859375,691.0,712.4000244140625,659.15625,1497566
2015-04-15,713.4500122070312,717.0,690.0999755859375,692.9000244140625,641.1136474609375,1604656
2015-04-16,695.4000244140625,695.4000244140625,673.0,678.8499755859375,628.11376953125,1787533
2015-04-17,679.0,689.0,672.0999755859375,680.4000244140625,629.5479736328125,2231820
2015-04-20,679.7999877929688,683.9000244140625,658.5499877929688,660.0,610.672607421875,1915626
2015-04-21,660.0,665.25,645.0,652.5999755859375,603.8256225585938,2144141
2015-04-22,655.0,668.0,645.0,656.7000122070312,607.6193237304688,1969424
2015-04-23,660.0,668.7999877929688,657.0,663.9500122070312,614.3274536132812,3600202
2015-04-24,664.4500122070312,664.4500122070312,635.0,637.6500244140625,589.9931030273438,1623284
2015-04-27,638.7999877929688,639.75,621.25,628.4500122070312,581.4806518554688,1502771
2015-04-28,625.0,635.0,618.75,631.6500244140625,584.4414672851562,1434089
2015-04-29,632.6500244140625,640.0,625.5999755859375,629.25,582.220947265625,1272786
2015-04-30,626.5,642.4000244140625,620.0,636.0,588.4663696289062,2844112
2015-05-04,642.0,681.0999755859375,640.0,673.7000122070312,623.3486938476562,3045985
2015-05-05,674.5999755859375,675.6500244140625,657.1500244140625,662.2999877929688,612.80078125,2220174
2015-05-06,662.0,662.0,631.0999755859375,636.25,588.6976318359375,3640420
2015-05-07,636.0,642.5,620.4000244140625,627.7999877929688,580.8792114257812,1896392
2015-05-08,633.0,660.9500122070312,632.9500122070312,654.7000122070312,605.7687377929688,2770332
2015-05-11,667.4500122070312,672.9500122070312,662.4500122070312,666.0999755859375,616.316650390625,2078211
2015-05-12,665.25,674.9000244140625,654.25,664.0999755859375,614.4661865234375,2714276
2015-05-13,665.0,679.0,660.4500122070312,676.5999755859375,626.0319213867188,1858476
2015-05-14,679.3499755859375,695.9500122070312,678.0,686.0,634.7294921875,2412197
2015-05-15,684.8499755859375,686.7000122070312,672.6500244140625,683.3499755859375,632.2774658203125,1187367
2015-05-18,683.2999877929688,690.0,678.0499877929688,685.5499877929688,634.31298828125,864835
2015-05-19,683.5,693.9000244140625,678.9000244140625,682.7000122070312,631.676025390625,848057
2015-05-20,683.9000244140625,690.7000122070312,681.0999755859375,688.5499877929688,637.0888671875,884919
2015-05-21,688.4500122070312,688.4500122070312,669.4000244140625,674.3499755859375,623.9500732421875,1596030
2015-05-22,676.0,680.5,667.9000244140625,673.9000244140625,623.5337524414062,1181691
2015-05-25,676.4000244140625,677.5,657.2000122070312,660.2000122070312,610.8577270507812,1333330
2015-05-26,662.0,665.5,652.0999755859375,659.0499877929688,609.7936401367188,989654
2015-05-27,657.7999877929688,669.6500244140625,653.0,661.0999755859375,611.6903076171875,1529286
2015-05-28,665.0,666.0,639.7999877929688,644.0,595.868408203125,2667994
2015-05-29,646.8499755859375,660.0,641.2000122070312,650.4500122070312,601.8363647460938,3757040
2015-06-01,645.5,672.75,645.5,662.0999755859375,612.6156005859375,2655528
2015-06-02,666.0,667.7999877929688,639.3499755859375,641.2999877929688,593.3701171875,1725187
2015-06-03,642.2000122070312,643.5499877929688,631.0999755859375,635.1500244140625,587.679931640625,1140795
2015-06-04,638.7000122070312,643.9000244140625,625.2999877929688,630.4500122070312,583.3312377929688,965314
2015-06-05,629.9000244140625,636.9000244140625,620.0,622.6500244140625,576.1141357421875,1161230
2015-06-08,619.9000244140625,621.7000122070312,609.0,614.7000122070312,568.75830078125,1535540
2015-06-09,608.0,610.0,587.7000122070312,591.9500122070312,547.7086181640625,1880172
2015-06-10,590.0,600.0,585.7999877929688,592.75,548.4489135742188,1518836
2015-06-11,595.0,599.0,571.25,574.3499755859375,531.4240112304688,2025695
2015-06-12,574.0999755859375,586.0,571.7999877929688,581.6500244140625,538.1783447265625,1768081
2015-06-15,581.7000122070312,592.5999755859375,571.5999755859375,585.7000122070312,541.9258422851562,1358401
2015-06-16,583.0,592.0,575.7000122070312,590.3499755859375,546.2281494140625,1586626
2015-06-17,592.0,617.7000122070312,591.0999755859375,612.9000244140625,567.0928955078125,3226832
2015-06-18,618.4000244140625,622.5999755859375,602.0999755859375,607.0499877929688,561.6799926757812,2134429
2015-06-19,607.0,614.7000122070312,599.0,606.6500244140625,561.3099975585938,2017997
2015-06-22,612.0,617.5,607.0,613.5,567.6478881835938,1609442
2015-06-23,618.5,631.5,612.5,630.3499755859375,583.238525390625,1700335
2015-06-24,632.0,634.2000122070312,616.3499755859375,621.75,575.2814331054688,1350706
2015-06-25,618.0,620.0,600.0,610.75,565.1035766601562,1916121
2015-06-26,612.0,621.75,612.0,619.2999877929688,573.0145263671875,2088582
2015-06-29,610.0,613.9000244140625,600.0999755859375,610.9500122070312,565.2886352539062,1359591
2015-06-30,607.2000122070312,618.0,606.5499877929688,615.4000244140625,569.4059448242188,2352929
2015-07-01,619.0,637.2000122070312,616.75,634.9000244140625,587.4485473632812,1789439
2015-07-02,634.9000244140625,636.8499755859375,625.0999755859375,626.3499755859375,579.53759765625,1018273
2015-07-03,626.25,638.9500122070312,626.0,631.5499877929688,584.348876953125,1062854
2015-07-06,627.0,655.9500122070312,623.3499755859375,653.7000122070312,604.8433837890625,2193898
2015-07-07,654.9000244140625,658.6500244140625,644.0999755859375,646.5,598.1815795898438,1151563
2015-07-08,643.0,655.75,631.7000122070312,646.2000122070312,597.9041137695312,1553260
2015-07-09,647.0,654.9000244140625,637.3499755859375,641.1500244140625,593.2314453125,1165623
2015-07-10,643.2999877929688,650.5,634.0,648.0,599.5695190429688,1329511
2015-07-13,653.0,664.9000244140625,651.9500122070312,661.25,611.8291625976562,1334312
2015-07-14,663.75,671.6500244140625,660.25,665.9500122070312,616.177978515625,966237
2015-07-15,667.0,673.0,663.0999755859375,670.5999755859375,620.4804077148438,790552
2015-07-16,672.1500244140625,682.0,665.5499877929688,679.7999877929688,628.9927978515625,1342722
2015-07-17,680.0499877929688,687.7000122070312,678.5499877929688,685.2000122070312,633.9891967773438,1180811
2015-07-20,685.5499877929688,691.4500122070312,680.0,683.0999755859375,632.046142578125,756355
2015-07-21,683.0,688.75,660.0999755859375,662.5,612.9857788085938,1019824
2015-07-22,664.0,680.0,663.5,674.5999755859375,624.181396484375,1412682
2015-07-23,675.0,676.9000244140625,663.25,673.2000122070312,622.885986328125,759001
2015-07-24,675.0,685.7999877929688,671.75,678.0999755859375,627.4197998046875,1177924
2015-07-27,676.75,688.75,673.0,675.3499755859375,624.8754272460938,807908
2015-07-28,676.9500122070312,680.0,665.0999755859375,671.9000244140625,621.6832275390625,832236
2015-07-29,674.9000244140625,683.75,667.0,679.5499877929688,628.761474609375,1183157
2015-07-30,685.0999755859375,714.7000122070312,685.0999755859375,711.0499877929688,657.9071655273438,2842736
2015-07-31,719.9000244140625,724.0,706.0,709.0499877929688,656.056640625,2031688
2015-08-03,713.7999877929688,716.9500122070312,705.0,712.2999877929688,659.0638427734375,916688
2015-08-04,717.9500122070312,717.9500122070312,703.0999755859375,709.6500244140625,656.6119384765625,1237267
2015-08-05,710.9500122070312,721.9000244140625,709.0,718.5999755859375,664.8930053710938,1274983
2015-08-06,720.25,731.0999755859375,718.0499877929688,723.4000244140625,669.3341674804688,1374485
2015-08-07,724.7000122070312,728.8499755859375,713.5,715.1500244140625,661.7007446289062,980254
2015-08-10,717.4000244140625,723.5,710.75,715.25,661.79345703125,914543
2015-08-11,719.0,729.0,713.9500122070312,719.2000122070312,667.3141479492188,1636795
2015-08-12,718.4500122070312,724.2999877929688,696.75,707.6500244140625,656.597412109375,2149755
2015-08-13,711.7999877929688,730.0,710.5,725.5,673.1595458984375,2079678
2015-08-14,735.0,741.75,730.25,739.5999755859375,686.2423095703125,3238561
2015-08-17,744.9500122070312,745.0,701.0,703.1500244140625,652.4219970703125,7582133
2015-08-18,709.0,709.4000244140625,680.7999877929688,683.7999877929688,634.4678955078125,5972184
2015-08-19,687.0,703.4000244140625,686.9000244140625,696.0999755859375,645.8805541992188,2593642
2015-08-20,697.5,708.0,688.4000244140625,691.5999755859375,641.7052001953125,2267326
2015-08-21,680.0,700.9500122070312,671.0999755859375,697.4000244140625,647.0868530273438,2011811
2015-08-24,675.0,681.9000244140625,626.0,635.8499755859375,589.9772338867188,4568527
2015-08-25,649.0,654.0,605.7000122070312,645.4000244140625,598.83837890625,4891926
2015-08-26,648.0,649.0,633.5,637.4500122070312,591.4619750976562,2031606
2015-08-27,652.0,667.7999877929688,640.0,660.9500122070312,613.266357421875,3929856
2015-08-28,675.0,679.7000122070312,655.0,659.8499755859375,612.245849609375,2111583
2015-08-31,659.7999877929688,685.0,655.0999755859375,682.1500244140625,632.9370727539062,2172057
2015-09-01,682.0,688.4000244140625,657.0,663.1500244140625,615.3077392578125,2567389
2015-09-02,665.0,669.75,644.0999755859375,648.2999877929688,601.5291137695312,2734383
2015-09-03,659.0,663.75,651.7999877929688,655.6500244140625,608.348876953125,3366027
2015-09-04,676.25,679.7999877929688,646.5,649.5499877929688,602.6888427734375,4428049
2015-09-07,656.0,662.0,647.25,649.5499877929688,602.6888427734375,1844881
2015-09-08,652.0,654.0999755859375,623.5,650.0,603.1063842773438,2197872
2015-09-09,662.8499755859375,668.0,650.0999755859375,656.4500122070312,609.091064453125,1561345
2015-09-10,649.0,657.5,640.7000122070312,653.7000122070312,606.5394287109375,1254979
2015-09-11,660.0,662.75,648.9000244140625,653.1500244140625,606.0292358398438,1179996
2015-09-14,654.75,663.0,650.5,660.7000122070312,613.0344848632812,796196
2015-09-15,665.9500122070312,667.0,653.5,658.2999877929688,610.8076171875,921666
2015-09-16,660.2000122070312,665.7000122070312,657.0,661.5999755859375,613.8695068359375,1038816
2015-09-18,667.0,669.0,647.0499877929688,652.0,604.9622192382812,2152655
2015-09-21,648.0,652.0,639.5999755859375,649.25,602.4105224609375,1001552
2015-09-22,653.0,653.2999877929688,642.0999755859375,644.1500244140625,597.6785888671875,1673424
2015-09-23,638.7999877929688,644.0,633.5,642.1500244140625,595.82275390625,1098608
2015-09-24,640.0,650.7999877929688,639.0,643.0999755859375,596.7042236328125,2130588
2015-09-28,648.0,653.8499755859375,639.0499877929688,641.9000244140625,595.5908203125,2002727
2015-09-29,636.7999877929688,644.7999877929688,628.5,636.5,590.5804443359375,1385234
2015-09-30,638.0,639.9500122070312,631.2000122070312,636.0499877929688,590.1627807617188,3135198
2015-10-01,642.9000244140625,649.0,631.4500122070312,633.5499877929688,587.84326171875,2945165
2015-10-05,639.6500244140625,642.0,633.6500244140625,640.0999755859375,593.920654296875,2469393
2015-10-06,643.9000244140625,666.4500122070312,641.3499755859375,664.0,616.0964965820312,2513511
2015-10-07,668.9000244140625,683.5999755859375,660.5999755859375,680.7999877929688,631.6843872070312,2160153
2015-10-08,688.0,689.5,672.0499877929688,680.25,631.174072265625,2304302
2015-10-09,684.4000244140625,691.9000244140625,679.25,689.5499877929688,639.8031005859375,1867010
2015-10-12,692.0,692.7999877929688,675.0,676.3499755859375,627.555419921875,980356
2015-10-13,676.25,681.0,673.5,679.0499877929688,630.0606689453125,1215291
2015-10-14,673.0,680.2000122070312,660.0,679.2000122070312,630.1998291015625,1219164
2015-10-15,683.75,683.9500122070312,669.4000244140625,670.9500122070312,622.5450439453125,1232379
2015-10-16,674.4000244140625,680.5,669.0,679.4500122070312,630.4317626953125,1925227
2015-10-19,679.5,689.7000122070312,677.0,688.4500122070312,638.7825927734375,2154963
2015-10-20,689.6500244140625,689.6500244140625,658.5999755859375,673.5999755859375,625.00390625,5642920
2015-10-21,673.5999755859375,681.9000244140625,672.0,678.0,629.0863037109375,2005358
2015-10-23,682.0999755859375,686.0,679.2999877929688,682.2000122070312,632.9834594726562,1705211
2015-10-26,683.4000244140625,684.0,673.4000244140625,681.25,632.1019897460938,1217235
2015-10-27,676.0,688.0,672.25,684.7000122070312,635.3030395507812,1610215
2015-10-28,682.25,702.25,675.7999877929688,696.0499877929688,645.834228515625,1537365
2015-10-29,699.0,704.9000244140625,689.5,691.5499877929688,641.6588134765625,2975896
2015-10-30,699.0,703.9000244140625,688.0499877929688,690.4500122070312,640.63818359375,1885373
2015-11-02,688.9500122070312,688.9500122070312,674.4000244140625,680.25,631.174072265625,766804
2015-11-03,686.0499877929688,686.0499877929688,671.0999755859375,675.4000244140625,626.6740112304688,1048233
2015-11-04,680.0,680.9500122070312,668.0999755859375,670.7000122070312,622.3131103515625,1321427
2015-11-05,675.0,675.4000244140625,655.2000122070312,658.0499877929688,610.57568359375,1833741
2015-11-06,655.0,672.7000122070312,651.0,658.1500244140625,610.6685180664062,1715887
2015-11-09,644.0999755859375,649.7000122070312,638.5999755859375,647.5999755859375,600.8795166015625,1192556
2015-11-10,647.0,648.5,637.5,641.9000244140625,595.5908203125,1166182
2015-11-13,635.0,635.9500122070312,615.0999755859375,617.9000244140625,573.3222045898438,2193410
2015-11-16,617.8499755859375,631.1500244140625,613.1500244140625,625.7999877929688,580.6524047851562,1127051
2015-11-17,628.9500122070312,638.9000244140625,628.0,635.75,589.8844604492188,808720
2015-11-18,634.7999877929688,642.0,627.4000244140625,629.75,584.3173828125,1026565
2015-11-19,635.0,637.4000244140625,629.8499755859375,635.6500244140625,589.7918090820312,523990
2015-11-20,635.9000244140625,648.9000244140625,631.0999755859375,646.8499755859375,600.1837768554688,1070873
2015-11-23,647.5999755859375,648.0,633.5,641.4500122070312,595.1732177734375,878175
2015-11-24,640.0,646.7999877929688,635.0,637.2999877929688,591.3226318359375,909556
2015-11-26,639.7999877929688,641.9000244140625,633.0999755859375,634.5499877929688,588.77099609375,1319195
2015-11-27,637.4000244140625,645.7000122070312,635.5499877929688,643.6500244140625,597.214599609375,1110713
2015-11-30,643.0,651.5,639.0,643.6500244140625,597.214599609375,2146672
2015-12-01,645.5,650.0,645.0,648.5499877929688,601.760986328125,670534
2015-12-02,648.5999755859375,661.4000244140625,648.5,658.4000244140625,610.9004516601562,1610659
2015-12-03,652.75,656.0,642.25,651.2000122070312,604.2197875976562,1484709
2015-12-04,649.6500244140625,655.0,643.5999755859375,645.7999877929688,599.2093505859375,1127553
2015-12-07,647.9500122070312,654.0,640.0999755859375,645.2000122070312,598.6527099609375,921343
2015-12-08,642.0,648.5,638.4000244140625,642.5999755859375,596.2402954101562,730708
2015-12-09,642.0499877929688,644.9000244140625,620.0,623.7999877929688,578.7965698242188,1044192
2015-12-10,625.0499877929688,640.8499755859375,622.0,636.7999877929688,590.858642578125,1030589
2015-12-11,636.5499877929688,642.9500122070312,630.75,639.25,593.1319580078125,1104857
2015-12-14,637.9000244140625,643.7999877929688,631.0499877929688,637.0499877929688,591.0906372070312,721113
2015-12-15,637.0499877929688,641.5,636.5499877929688,638.9000244140625,592.8073120117188,948636
2015-12-16,642.9500122070312,643.9500122070312,637.0999755859375,638.6500244140625,592.5753173828125,1166504
2015-12-17,639.0,644.9500122070312,636.2999877929688,642.9000244140625,596.5187377929688,1333918
2015-12-18,642.7999877929688,649.2999877929688,640.0999755859375,642.0999755859375,595.7763671875,995474
2015-12-21,649.7999877929688,649.7999877929688,641.0999755859375,643.7000122070312,597.260986328125,738842
2015-12-22,643.9500122070312,648.0,641.5,644.2000122070312,597.7249145507812,508379
2015-12-23,646.0,649.4000244140625,644.5,647.4500122070312,600.7404174804688,342498
2015-12-24,648.7999877929688,654.4000244140625,645.2000122070312,648.2000122070312,601.4362182617188,395801
2015-12-28,648.1500244140625,659.4500122070312,647.2999877929688,657.5999755859375,610.1580810546875,793844
2015-12-29,660.0,660.0,652.0,653.8499755859375,606.6785888671875,472504
2015-12-30,653.7999877929688,657.0,650.0999755859375,653.2000122070312,606.0756225585938,587218
2015-12-31,653.0,655.0,647.2000122070312,649.75,602.8743896484375,765254
2016-01-01,653.2000122070312,658.4500122070312,648.5,655.3499755859375,608.0704956054688,556012
2016-01-04,652.0499877929688,653.7999877929688,639.4000244140625,645.6500244140625,599.0702514648438,631534
2016-01-05,646.2000122070312,649.9500122070312,638.0499877929688,640.8499755859375,594.6165771484375,642269
2016-01-06,639.7000122070312,655.9500122070312,638.7000122070312,652.0999755859375,605.054931640625,1234096
2016-01-07,648.0,650.0,629.0,637.4500122070312,591.4619750976562,732335
2016-01-08,637.2999877929688,645.0,614.0,622.3499755859375,577.451171875,1553402
2016-01-11,617.4000244140625,617.4000244140625,604.25,610.0499877929688,566.0386352539062,1668698
2016-01-12,609.0,616.9000244140625,605.7000122070312,611.4500122070312,567.3375854492188,1278522
2016-01-13,615.25,615.9500122070312,596.0999755859375,608.6500244140625,564.7396850585938,794118
2016-01-14,603.4000244140625,617.0499877929688,596.75,614.2999877929688,569.98193359375,986574
2016-01-15,616.0,616.9500122070312,602.3499755859375,609.0999755859375,565.1570434570312,1119442
2016-01-18,608.0,608.0499877929688,586.4000244140625,591.0499877929688,548.4093017578125,1435098
2016-01-19,590.3499755859375,600.7999877929688,583.0,598.0499877929688,554.904296875,849433
2016-01-20,594.7999877929688,603.1500244140625,588.0,593.1500244140625,550.35791015625,1002709
2016-01-21,600.25,601.4500122070312,576.5499877929688,580.25,538.388427734375,1452498
2016-01-22,582.7999877929688,588.5,577.4000244140625,581.9000244140625,539.9194946289062,1297154
2016-01-25,590.0,590.0,579.2000122070312,580.5999755859375,538.7131958007812,910559
2016-01-27,582.0,587.6500244140625,572.2999877929688,580.5,538.6204833984375,982504
2016-01-28,581.0,585.5,575.0,577.7999877929688,536.115234375,1336930
2016-01-29,579.9500122070312,592.0,578.0999755859375,585.0999755859375,542.8884887695312,1146060
2016-02-01,591.9000244140625,605.9500122070312,589.1500244140625,599.4500122070312,556.2034301757812,1045333
2016-02-02,601.0,606.0499877929688,562.0,574.0,532.5892944335938,1779141
2016-02-03,570.0,578.7999877929688,559.4000244140625,562.0499877929688,521.50146484375,1188642
2016-02-04,567.0,570.4000244140625,540.0499877929688,550.4000244140625,510.6920471191406,1614064
2016-02-05,555.0,573.2999877929688,544.0999755859375,570.1500244140625,529.0171508789062,864080
2016-02-08,574.9500122070312,575.75,561.0999755859375,566.8499755859375,525.9551391601562,1264314
2016-02-09,564.9000244140625,571.2000122070312,551.0999755859375,555.8499755859375,515.7488403320312,1357674
2016-02-10,555.0,558.9500122070312,534.0,538.5999755859375,499.7431945800781,2425499
2016-02-11,530.0,548.7000122070312,517.2999877929688,540.8499755859375,501.8309020996094,5647601
2016-02-12,543.0,543.5499877929688,525.0499877929688,528.5999755859375,490.4647216796875,1981976
2016-02-15,533.0499877929688,542.0,528.5,539.7000122070312,500.76397705078125,2467275
2016-02-16,545.9500122070312,549.5,520.4500122070312,524.0499877929688,486.2429504394531,2664696
2016-02-17,526.0,526.5,513.4000244140625,519.0999755859375,481.65008544921875,1924596
2016-02-18,527.0999755859375,529.4000244140625,520.5999755859375,524.4000244140625,486.5676574707031,1967772
2016-02-19,525.9500122070312,531.0,519.2000122070312,524.6500244140625,486.7996826171875,1054082
2016-02-22,529.3499755859375,531.8499755859375,525.0,530.5,492.2276306152344,1236400
2016-02-23,531.9000244140625,532.9000244140625,517.5,522.5999755859375,484.8975524902344,1047760
2016-02-24,522.2000122070312,523.0499877929688,510.5,513.9500122070312,476.8716735839844,1836770
2016-02-25,518.0,521.7999877929688,510.0,519.0,481.5573425292969,2723564
2016-02-26,522.8499755859375,527.75,519.0,524.0,486.19659423828125,1985528
2016-02-29,528.0,528.0,505.0,514.1500244140625,477.05718994140625,3487816
2016-03-01,515.0,521.4000244140625,509.6000061035156,516.3499755859375,479.0984191894531,2146110
2016-03-02,523.5,532.0,519.4000244140625,525.5999755859375,487.6811218261719,3422308
2016-03-03,530.0,531.0,523.4000244140625,527.0999755859375,489.0729064941406,3101778
2016-03-04,533.7000122070312,545.5999755859375,530.25,537.7000122070312,498.90814208984375,2693406
2016-03-08,539.7999877929688,549.7000122070312,528.7999877929688,532.3499755859375,493.9441833496094,1409496
2016-03-09,533.8499755859375,535.0,521.3499755859375,529.2999877929688,491.1142578125,4376676
2016-03-10,530.2000122070312,540.2000122070312,530.0,533.9500122070312,495.4287109375,3609343
2016-03-11,534.5,538.5499877929688,530.9500122070312,534.5999755859375,496.0318298339844,2806975
2016-03-14,538.0,543.75,530.0999755859375,537.5999755859375,498.8153076171875,3909833
2016-03-15,538.5999755859375,539.0,522.0,525.0499877929688,487.1708068847656,2961527
2016-03-16,524.9000244140625,534.7999877929688,516.2000122070312,531.0,492.69158935546875,2221318
2016-03-17,536.2999877929688,537.0,521.5499877929688,524.5499877929688,486.7068786621094,2100095
2016-03-18,529.0,530.0499877929688,517.5,528.25,490.1399841308594,4345885
2016-03-21,530.0,538.4000244140625,527.5,535.8499755859375,497.1916198730469,1221223
2016-03-22,537.5,539.0,531.0499877929688,535.2999877929688,496.681396484375,1529194
2016-03-23,534.7999877929688,536.2999877929688,525.5499877929688,532.7999877929688,494.36175537109375,1361735
2016-03-28,536.2999877929688,537.3499755859375,522.0999755859375,524.2000122070312,486.3821716308594,1947564
2016-03-29,521.0499877929688,525.0,494.54998779296875,503.5,467.175537109375,6503207
2016-03-30,506.95001220703125,516.5,502.5,512.3499755859375,475.38702392578125,4372138
2016-03-31,513.0,518.0,507.8999938964844,511.95001220703125,475.0158996582031,3086978
2016-04-01,513.7999877929688,517.2999877929688,510.0,514.5499877929688,477.4283447265625,1239447
2016-04-04,519.0,519.0,512.1500244140625,514.2999877929688,477.19635009765625,768318
2016-04-05,513.0,516.0,501.45001220703125,503.0,466.71160888671875,1086907
2016-04-06,503.3500061035156,507.5,497.0,504.95001220703125,468.5209045410156,1820374
2016-04-07,505.75,513.0499877929688,501.70001220703125,506.3999938964844,469.86627197265625,2102922
2016-04-08,509.79998779296875,510.6000061035156,503.25,504.45001220703125,468.0570068359375,1262329
2016-04-11,505.5,506.0,497.04998779296875,502.1499938964844,465.9229736328125,2929584
2016-04-12,502.70001220703125,508.8500061035156,499.70001220703125,501.95001220703125,465.7373962402344,3622355
2016-04-13,505.1499938964844,515.0,504.0,511.8999938964844,474.96954345703125,3642720
2016-04-18,515.0,525.7000122070312,507.1000061035156,524.0999755859375,486.2893371582031,3507933
2016-04-20,525.0,530.4000244140625,519.25,527.2000122070312,489.16571044921875,2898556
2016-04-21,530.0,534.0,526.5999755859375,532.0,493.6194763183594,3392813
2016-04-22,529.7000122070312,536.5499877929688,527.0,531.3499755859375,493.01629638671875,1880283
2016-04-25,532.5,533.8499755859375,523.5,526.5,488.51617431640625,1959119
2016-04-26,524.6500244140625,542.25,524.1500244140625,540.5,501.5062255859375,1855477
2016-04-27,539.5,544.2999877929688,534.5,540.2000122070312,501.2278747558594,1456338
2016-04-28,538.9000244140625,543.75,525.0,528.25,490.1399841308594,3088525
2016-04-29,527.2000122070312,538.4000244140625,527.0999755859375,537.0,498.2587890625,932705
2016-05-02,536.9500122070312,544.5999755859375,535.0,540.6500244140625,501.64544677734375,1336667
2016-05-03,540.0,547.0,526.5499877929688,536.8499755859375,498.1194763183594,1524809
2016-05-04,534.0,541.3499755859375,529.0,533.2000122070312,494.7327880859375,785756
2016-05-05,535.5,544.0,533.5,541.7999877929688,502.7123718261719,1025103
2016-05-06,540.0,542.75,535.0999755859375,537.3499755859375,498.58343505859375,511789
2016-05-09,538.2999877929688,540.2000122070312,533.25,536.5499877929688,497.8411560058594,727957
2016-05-10,537.0,539.5,532.75,537.0499877929688,498.30511474609375,669096
2016-05-11,532.0,539.5,530.75,536.5999755859375,497.8876037597656,943441
2016-05-12,536.9500122070312,542.4500122070312,534.3499755859375,536.2999877929688,497.6091613769531,670055
2016-05-13,534.4500122070312,538.7000122070312,530.0499877929688,531.7000122070312,493.3410339355469,891484
2016-05-16,533.8499755859375,533.8499755859375,520.3499755859375,521.7999877929688,484.1552734375,883516
2016-05-17,523.0,528.6500244140625,522.5,523.75,485.9645690917969,679688
2016-05-18,522.5499877929688,526.75,520.0499877929688,524.5499877929688,486.7068786621094,653047
2016-05-19,524.0999755859375,525.9000244140625,510.20001220703125,512.7000122070312,475.7118225097656,1062398
2016-05-20,514.2999877929688,515.25,501.20001220703125,507.1000061035156,470.515869140625,1700932
2016-05-23,510.0,510.0,494.79998779296875,497.3999938964844,461.515625,2021694
2016-05-24,499.95001220703125,505.20001220703125,491.54998779296875,494.04998779296875,458.4072570800781,2526624
2016-05-25,480.0,480.0,457.45001220703125,469.79998779296875,435.90673828125,15183389
2016-05-26,472.70001220703125,473.8999938964844,466.0,467.95001220703125,434.1902770996094,4432025
2016-05-27,470.8999938964844,478.5,469.1000061035156,473.45001220703125,439.2934875488281,2638981
2016-05-30,476.95001220703125,478.5,470.0,473.54998779296875,439.3861999511719,1183625
2016-05-31,475.3999938964844,479.25,471.0,472.6499938964844,438.5511779785156,2368362
2016-06-01,474.70001220703125,474.70001220703125,462.75,464.8999938964844,431.3602600097656,1247617
2016-06-02,464.45001220703125,470.0,459.0,468.1000061035156,434.32940673828125,1354914
2016-06-03,470.5,473.95001220703125,462.29998779296875,465.20001220703125,431.6386413574219,1318109
2016-06-06,468.95001220703125,471.5,465.3999938964844,466.6499938964844,432.9840393066406,1409144
2016-06-07,466.6499938964844,471.8999938964844,466.6499938964844,468.3500061035156,434.5614318847656,1797918
2016-06-08,471.8500061035156,474.0,468.0,472.1499938964844,438.0871887207031,811331
2016-06-09,473.54998779296875,481.95001220703125,469.1000061035156,479.1000061035156,444.53582763671875,1695845
2016-06-10,475.0,486.6000061035156,474.5,476.45001220703125,442.0770568847656,1704257
2016-06-13,474.95001220703125,479.8999938964844,465.54998779296875,468.70001220703125,434.88616943359375,1271568
2016-06-14,470.1000061035156,484.0,469.54998779296875,482.70001220703125,447.8761291503906,2522251
2016-06-15,485.8999938964844,492.54998779296875,483.79998779296875,490.04998779296875,454.6958312988281,1860880
2016-06-16,487.79998779296875,488.8500061035156,479.3500061035156,486.6499938964844,451.54119873046875,1239939
2016-06-17,487.0,490.0,484.04998779296875,486.45001220703125,451.3555603027344,593507
2016-06-20,486.6499938964844,490.8999938964844,482.54998779296875,488.25,453.02569580078125,1026672
2016-06-21,490.0,490.0,480.29998779296875,483.3999938964844,448.5256042480469,861422
2016-06-22,483.8500061035156,486.5,480.0,482.45001220703125,447.64410400390625,673949
2016-06-23,481.1000061035156,483.0,474.6499938964844,475.75,441.4275207519531,1918112
2016-06-24,468.0,478.0,459.6000061035156,476.54998779296875,442.16973876953125,1875935
2016-06-27,475.0,491.0,474.0,489.04998779296875,453.76800537109375,2362093
2016-06-28,490.0,499.0,486.54998779296875,497.3500061035156,461.4692077636719,1775304
2016-06-29,498.79998779296875,504.0,496.04998779296875,502.45001220703125,466.2012939453125,1048438
2016-06-30,505.0,506.79998779296875,499.45001220703125,501.0,464.85589599609375,2152521
2016-07-01,502.0,510.0,499.8500061035156,508.6000061035156,471.9075927734375,1008068
2016-07-04,510.70001220703125,513.4000244140625,508.1000061035156,510.20001220703125,473.3921813964844,1055119
2016-07-05,510.20001220703125,511.1000061035156,502.70001220703125,507.0,470.42303466796875,689915
2016-07-07,505.5,517.3499755859375,504.04998779296875,514.2999877929688,477.19635009765625,2078580
2016-07-08,518.0,522.4500122070312,513.0499877929688,520.2999877929688,482.7635192871094,1828792
2016-07-11,525.4000244140625,528.25,520.0,522.0,484.3408203125,1441960
2016-07-12,522.5,522.9000244140625,514.0999755859375,515.7000122070312,478.4953308105469,891315
2016-07-13,516.0,519.4500122070312,511.20001220703125,514.5999755859375,477.4747314453125,1202156
2016-07-14,515.9000244140625,516.5999755859375,507.0,511.95001220703125,475.0158996582031,1257722
2016-07-15,513.9500122070312,518.9000244140625,510.20001220703125,516.4000244140625,479.1448974609375,1004156
2016-07-18,517.0499877929688,517.2999877929688,505.29998779296875,506.95001220703125,470.37664794921875,1459230
2016-07-19,507.0,510.3999938964844,500.54998779296875,505.79998779296875,469.3096008300781,1027246
2016-07-20,507.45001220703125,519.4000244140625,505.25,517.8499755859375,480.4902038574219,3584904
2016-07-21,522.5,526.9500122070312,514.0,515.8499755859375,478.6344909667969,2274652
2016-07-22,516.0,522.9000244140625,512.3499755859375,520.4000244140625,482.8563537597656,1188747
2016-07-25,514.0499877929688,526.5,513.0,524.5999755859375,486.7532653808594,1337348
2016-07-26,527.5,530.1500244140625,521.75,523.5499877929688,485.7790222167969,2105457
2016-07-27,523.0,529.1500244140625,516.9500122070312,523.1500244140625,485.407958984375,894972
2016-07-28,523.9000244140625,527.9500122070312,519.0,520.6500244140625,483.08831787109375,1347889
2016-07-29,522.4000244140625,535.5,520.0,527.4000244140625,489.3512878417969,1785352
2016-08-01,528.7999877929688,535.0,521.5,524.0499877929688,486.2429504394531,955999
2016-08-02,525.0999755859375,529.9500122070312,516.2000122070312,517.9000244140625,480.53668212890625,1009436
2016-08-03,517.0,534.9000244140625,515.2999877929688,529.4500122070312,491.25341796875,1846161
2016-08-04,531.2000122070312,534.0,523.0,526.9500122070312,488.9337158203125,1564658
2016-08-05,530.9000244140625,534.5999755859375,527.25,533.25,494.7793273925781,699384
2016-08-08,533.9000244140625,541.2000122070312,531.9500122070312,535.4000244140625,496.77410888671875,852842
2016-08-09,537.7999877929688,540.0,530.1500244140625,532.9500122070312,494.50091552734375,886532
2016-08-10,532.5,533.9500122070312,519.5,521.25,483.64501953125,809814
2016-08-11,521.5,525.5,517.9000244140625,523.9500122070312,486.1502380371094,761596
2016-08-12,524.0,526.4000244140625,512.0999755859375,515.9500122070312,478.72735595703125,2124886
2016-08-16,510.20001220703125,557.5499877929688,510.20001220703125,554.1500244140625,514.1715087890625,8817547
2016-08-17,552.0,564.0,547.2000122070312,549.8499755859375,510.1816711425781,3819727
2016-08-18,553.7000122070312,557.5,548.0,552.6500244140625,512.7797241210938,1434412
2016-08-19,552.8499755859375,560.5499877929688,552.5,556.7999877929688,516.6302490234375,1598177
2016-08-22,557.0,564.9000244140625,552.2999877929688,557.5999755859375,517.37255859375,1218782
2016-08-23,557.5999755859375,557.75,552.0499877929688,555.6500244140625,515.5632934570312,874783
2016-08-24,559.7999877929688,572.0,553.8499755859375,567.2000122070312,526.2799682617188,2340210
2016-08-25,570.0,574.5499877929688,560.0,562.9000244140625,522.2901611328125,3471437
2016-08-26,567.5,571.7000122070312,562.3499755859375,567.25,526.3263549804688,2196070
2016-08-29,568.2999877929688,570.3499755859375,562.9000244140625,568.0,527.022216796875,1085860
2016-08-30,570.0,581.4500122070312,567.7000122070312,576.0999755859375,534.5377807617188,1075723
2016-08-31,581.0499877929688,587.5,570.0,572.9500122070312,531.6150512695312,3596264
2016-09-01,575.0,581.2999877929688,571.0,579.1500244140625,537.3677368164062,960422
2016-09-02,580.2999877929688,581.0999755859375,571.5,577.9500122070312,536.2544555664062,880437
2016-09-06,585.0,586.2999877929688,576.0,578.5999755859375,536.8575439453125,1189215
2016-09-07,580.0499877929688,585.9500122070312,575.0999755859375,580.75,538.8524169921875,1786522
2016-09-08,581.2000122070312,598.4000244140625,581.2000122070312,595.1500244140625,552.2135009765625,1573263
2016-09-09,595.0999755859375,595.5999755859375,578.0,580.5,538.6204833984375,1513978
2016-09-12,572.2000122070312,579.2000122070312,562.2999877929688,570.0999755859375,530.799560546875,1296182
2016-09-14,570.0,583.7000122070312,569.7999877929688,577.5,537.6893920898438,1579482
2016-09-15,579.0,591.0,576.8499755859375,585.4000244140625,545.0448608398438,1294197
2016-09-16,587.0999755859375,596.0,586.0999755859375,593.5499877929688,552.6329345703125,2145891
2016-09-19,594.9000244140625,600.0,593.25,597.7999877929688,556.5900268554688,1213754
2016-09-20,598.7000122070312,607.5,596.0,602.8499755859375,561.2918090820312,2209606
2016-09-21,602.8499755859375,607.0,597.0999755859375,601.3499755859375,559.8952026367188,1578461
2016-09-22,605.0,610.9500122070312,603.9000244140625,609.0999755859375,567.1109619140625,1926725
2016-09-23,609.0,617.7999877929688,604.7000122070312,611.5499877929688,569.39208984375,1225528
2016-09-26,609.0,615.0,603.0,604.5,562.8281860351562,1796225
2016-09-27,604.0,610.2999877929688,601.8499755859375,607.2000122070312,565.342041015625,1443938
2016-09-28,608.7000122070312,612.4000244140625,602.25,605.7999877929688,564.0385131835938,1561039
2016-09-29,608.0,611.0,585.75,602.8499755859375,561.2918090820312,2252434
2016-09-30,601.8499755859375,603.9000244140625,562.25,580.0499877929688,540.0636596679688,6967821
2016-10-03,584.7000122070312,591.7000122070312,582.2000122070312,588.8499755859375,548.2568969726562,1146677
2016-10-04,590.2999877929688,603.8499755859375,590.2999877929688,597.7999877929688,556.5900268554688,1656807
2016-10-05,600.0,600.1500244140625,590.0,591.6500244140625,550.864013671875,961556
2016-10-06,592.5,596.7999877929688,576.8499755859375,578.7999877929688,538.899658203125,1504743
2016-10-07,578.8499755859375,583.4000244140625,566.5,570.0499877929688,530.7529907226562,1317543
2016-10-10,570.25,584.4000244140625,570.25,580.6500244140625,540.6222534179688,929998
2016-10-13,596.9500122070312,599.0,580.5,582.0,541.8790893554688,3834775
2016-10-14,584.75,590.0,583.0,587.0,546.5344848632812,1054501
2016-10-17,589.0,592.0499877929688,583.6500244140625,586.0,545.603515625,1344977
2016-10-18,587.0,594.0,582.25,592.75,551.8881225585938,1213156
2016-10-19,591.2000122070312,598.7999877929688,591.2000122070312,596.3499755859375,555.2399291992188,1001409
2016-10-20,596.5,600.5,593.7999877929688,596.5999755859375,555.47265625,913371
2016-10-21,597.5,597.5,570.0,583.25,543.0430297851562,1792780
2016-10-24,585.0,594.4000244140625,582.0,584.7000122070312,544.39306640625,992033
2016-10-25,586.0,594.5,582.7000122070312,584.5,544.2069091796875,831989
2016-10-26,583.0,584.9000244140625,575.1500244140625,577.6500244140625,537.8291015625,814132
2016-10-27,578.0,588.0,570.5,585.75,545.37060546875,779140
2016-10-28,585.5,586.8499755859375,573.7000122070312,575.1500244140625,535.50146484375,911117
2016-11-01,579.4500122070312,579.4500122070312,570.0999755859375,571.75,532.3357543945312,880843
2016-11-02,569.9500122070312,569.9500122070312,557.5499877929688,560.0999755859375,521.4888916015625,806345
2016-11-03,556.0,563.7999877929688,556.0,560.0,521.395751953125,701598
2016-11-04,556.0999755859375,565.5,538.0,544.7000122070312,507.1505126953125,1517311
2016-11-07,549.5,555.75,544.0,545.75,508.1280517578125,939497
2016-11-08,549.7000122070312,550.9000244140625,530.2000122070312,535.2999877929688,498.3985290527344,1015538
2016-11-09,512.0999755859375,532.0,486.54998779296875,526.2999877929688,490.01885986328125,3810958
2016-11-10,545.0,568.0,545.0,563.7000122070312,524.8406982421875,3982787
2016-11-11,559.7000122070312,564.0,545.25,547.9500122070312,510.176513671875,1232505
2016-11-15,547.5999755859375,561.0499877929688,528.5999755859375,552.4000244140625,514.3196411132812,1505372
2016-11-16,562.0,564.8499755859375,535.5,538.1500244140625,501.05206298828125,1169205
2016-11-17,539.0,549.3499755859375,536.0999755859375,545.7000122070312,508.0815124511719,924167
2016-11-18,541.2000122070312,555.6500244140625,541.2000122070312,550.9500122070312,512.9697265625,1214083
2016-11-21,550.0,555.3499755859375,542.0999755859375,545.0999755859375,507.52288818359375,1056778
2016-11-22,547.0999755859375,559.3499755859375,543.5,550.5,512.5506591796875,1300502
2016-11-23,554.9000244140625,559.4000244140625,547.1500244140625,552.7999877929688,514.6920166015625,1520986
2016-11-24,551.4000244140625,558.2999877929688,545.0499877929688,553.6500244140625,515.4835205078125,1816603
2016-11-25,557.0,569.9500122070312,548.5,565.0499877929688,526.0975952148438,1022658
2016-11-28,569.2999877929688,577.0,568.0499877929688,570.5499877929688,531.2184448242188,1224023
2016-11-29,573.0,573.9500122070312,564.2999877929688,569.1500244140625,529.9151000976562,832424
2016-11-30,570.0,573.25,563.5,566.5999755859375,527.540771484375,1366319
2016-12-01,567.0,579.8499755859375,566.0999755859375,568.2000122070312,529.030517578125,1064251
2016-12-02,566.0,573.9000244140625,566.0,571.2000122070312,531.8236694335938,984594
2016-12-05,573.5,581.4000244140625,571.3499755859375,573.0,533.4996337890625,1158108
2016-12-06,575.0,580.4500122070312,570.9500122070312,574.8499755859375,535.2221069335938,779936
2016-12-07,577.4500122070312,577.5999755859375,569.4000244140625,570.8499755859375,531.497802734375,694556
2016-12-08,573.5,583.9000244140625,570.2000122070312,582.75,542.5775146484375,1177494
2016-12-09,586.0,586.0,576.4500122070312,578.9000244140625,538.9929809570312,539344
2016-12-12,576.4000244140625,582.0,572.5999755859375,574.7999877929688,535.1754150390625,848042
2016-12-13,574.0999755859375,581.2000122070312,570.5,578.8499755859375,538.9463500976562,553306
2016-12-14,579.0,579.6500244140625,564.25,568.0,528.8443603515625,585671
2016-12-15,568.0,576.5499877929688,559.0999755859375,563.1500244140625,524.3285522460938,1032429
2016-12-16,562.9000244140625,569.9000244140625,561.3499755859375,566.2000122070312,527.1683959960938,665505
2016-12-19,565.0,574.5,561.4000244140625,569.1500244140625,529.9151000976562,997716
2016-12-20,572.8499755859375,573.7999877929688,562.0,563.0999755859375,524.2820434570312,873053
2016-12-21,565.0,567.4000244140625,561.9000244140625,562.7999877929688,524.0028076171875,743830
2016-12-22,562.2999877929688,565.9500122070312,560.0,561.4000244140625,522.6992797851562,1870565
2016-12-23,561.0,589.1500244140625,552.0,582.2999877929688,542.158447265625,2585856
2016-12-26,581.2999877929688,581.2999877929688,548.0999755859375,554.9500122070312,516.6939086914062,2106357
2016-12-27,559.0,566.2000122070312,555.1500244140625,563.6500244140625,524.794189453125,1063407
2016-12-28,567.0,572.0,560.7999877929688,562.4000244140625,523.63037109375,743252
2016-12-29,563.0999755859375,569.0,562.75,564.8499755859375,525.9114379882812,985947
2016-12-30,565.5999755859375,573.4500122070312,565.5999755859375,568.7999877929688,529.5890502929688,673901
2017-01-02,569.75,572.4500122070312,563.25,566.0,526.982177734375,520139
2017-01-03,566.7999877929688,576.7999877929688,562.0,573.6500244140625,534.1047973632812,626867
2017-01-04,572.9500122070312,576.0,567.5,568.25,529.0770263671875,729355
2017-01-05,570.2000122070312,581.5,569.2999877929688,579.8499755859375,539.87744140625,919562
2017-01-06,580.0499877929688,591.0,577.2000122070312,582.8499755859375,542.6705932617188,851729
2017-01-09,583.5499877929688,588.9500122070312,574.9000244140625,576.7000122070312,536.944580078125,545949
2017-01-10,577.5,582.9000244140625,573.5999755859375,574.9000244140625,535.2687377929688,430654
2017-01-11,576.9500122070312,579.0,569.5,576.9500122070312,537.17724609375,543706
2017-01-12,573.9500122070312,587.7999877929688,567.2999877929688,586.25,545.8363037109375,1086059
2017-01-13,587.0,589.0999755859375,579.4500122070312,583.4000244140625,543.1827392578125,557024
2017-01-16,577.4000244140625,592.0,577.4000244140625,588.7999877929688,548.2103881835938,634510
2017-01-17,590.5,592.0,581.2000122070312,587.25,546.7672729492188,737937
2017-01-18,588.7999877929688,593.4000244140625,577.3499755859375,580.7999877929688,540.761962890625,591422
2017-01-19,582.2999877929688,587.4000244140625,573.3499755859375,580.3499755859375,540.3429565429688,772657
2017-01-20,583.7999877929688,592.5,574.4000244140625,577.5999755859375,537.7824096679688,1100568
2017-01-23,574.4500122070312,583.4500122070312,573.0,575.75,536.06005859375,1197343
2017-01-24,574.7000122070312,581.2999877929688,574.0999755859375,579.9000244140625,539.9238891601562,527089
2017-01-25,581.25,588.8499755859375,577.6500244140625,585.6500244140625,545.277587890625,888914
2017-01-27,584.7000122070312,591.4000244140625,579.4500122070312,580.1500244140625,540.1566772460938,622149
2017-01-30,578.7000122070312,584.5499877929688,577.1500244140625,582.25,542.1118774414062,589553
2017-01-31,581.5499877929688,583.0,572.5999755859375,575.3499755859375,535.6875610351562,712955
2017-02-01,573.0,579.25,566.2999877929688,572.1500244140625,532.7081909179688,873328
2017-02-02,575.0,587.0,567.0499877929688,584.3499755859375,544.067138671875,1033116
2017-02-03,584.2999877929688,611.5,580.4000244140625,607.9000244140625,565.99365234375,2491068
2017-02-06,610.3499755859375,621.25,599.0999755859375,601.5999755859375,560.1279907226562,2513820
2017-02-07,601.7999877929688,608.0,594.5999755859375,597.5499877929688,556.3571166992188,1084820
2017-02-08,600.0,609.0,597.75,603.2000122070312,561.6177368164062,2122225
2017-02-09,611.0,611.5499877929688,584.4500122070312,587.6500244140625,547.1396484375,4192748
2017-02-10,592.0,593.75,576.7999877929688,579.9500122070312,539.9705200195312,1485266
2017-02-13,582.7000122070312,585.4000244140625,576.0499877929688,582.6500244140625,542.4844360351562,946922
2017-02-14,582.0,586.5999755859375,574.0999755859375,576.0499877929688,536.33935546875,816754
2017-02-15,577.5,578.6500244140625,571.1500244140625,574.25,534.6633911132812,1441907
2017-02-16,575.0,585.4000244140625,574.5,584.5999755859375,544.2999877929688,1156826
2017-02-17,585.9000244140625,596.4500122070312,580.6500244140625,593.25,552.3536376953125,1209276
2017-02-20,593.2000122070312,597.75,582.0,592.75,551.8881225585938,1008015
2017-02-21,591.9000244140625,595.0,588.5,593.0999755859375,552.2138061523438,712028
2017-02-22,592.2000122070312,592.9000244140625,586.0,589.25,548.62939453125,942703
2017-02-23,589.2999877929688,594.2000122070312,586.0499877929688,592.4000244140625,551.5623168945312,1263865
2017-02-27,592.0,594.9000244140625,581.3499755859375,585.25,544.9050903320312,867683
2017-02-28,587.7000122070312,592.7999877929688,582.5999755859375,583.7000122070312,543.4620361328125,749802
2017-03-01,585.7000122070312,592.9000244140625,584.2000122070312,586.2999877929688,545.8827514648438,808027
2017-03-02,588.2999877929688,591.9500122070312,586.4000244140625,589.25,548.62939453125,1571599
2017-03-03,588.9500122070312,596.7000122070312,585.0,588.5999755859375,548.0242309570312,759454
2017-03-06,592.0,595.0,588.2000122070312,590.0999755859375,549.4207763671875,943409
2017-03-07,591.7000122070312,591.7000122070312,586.0999755859375,588.0499877929688,547.5121459960938,475240
2017-03-08,591.75,593.3499755859375,583.0499877929688,591.8499755859375,551.0501708984375,1055453
2017-03-09,588.7999877929688,593.4500122070312,585.25,589.2000122070312,548.5829467773438,690612
2017-03-10,589.2000122070312,591.5,587.0499877929688,589.0999755859375,548.4896850585938,558480
2017-03-14,597.0,601.5,590.3499755859375,600.2000122070312,558.8245239257812,1324778
2017-03-15,602.0,605.8499755859375,598.5499877929688,600.2000122070312,558.8245239257812,1479366
2017-03-16,605.0999755859375,605.9000244140625,598.0499877929688,601.4000244140625,559.9418334960938,852049
2017-03-17,604.5,604.5,594.25,597.2999877929688,556.1243286132812,2189719
2017-03-20,597.5,601.5,593.4500122070312,596.2999877929688,555.1934204101562,1027093
2017-03-21,598.5,598.5,590.2999877929688,591.8499755859375,551.0501708984375,861663
2017-03-22,588.9000244140625,598.4500122070312,587.9000244140625,595.2000122070312,554.1693115234375,1018355
2017-03-23,595.7999877929688,598.2000122070312,582.2000122070312,596.25,555.1468505859375,1555876
2017-03-24,595.0,598.25,591.5,593.9500122070312,553.00537109375,930175
2017-03-27,597.0,597.0,590.0,592.0999755859375,551.2828979492188,1038435
2017-03-28,592.0,596.0,591.4500122070312,594.1500244140625,553.1915893554688,772698
2017-03-29,595.0,596.5499877929688,591.9000244140625,593.1500244140625,552.2606201171875,1047812
2017-03-30,594.5,600.8499755859375,591.7999877929688,598.3499755859375,557.1021118164062,2096305
2017-03-31,598.0,598.9000244140625,591.0,592.9500122070312,552.0744018554688,2242680
2017-04-03,595.2999877929688,595.2999877929688,590.0999755859375,592.6500244140625,551.7951049804688,758083
2017-04-05,600.0,603.9000244140625,590.4500122070312,593.0499877929688,552.1674194335938,1926049
2017-04-06,591.5,593.6500244140625,587.0499877929688,590.2999877929688,549.6069946289062,1436914
2017-04-07,590.3499755859375,593.4500122070312,585.1500244140625,590.0,549.3278198242188,1958876
2017-04-10,591.0,594.2000122070312,588.25,589.6500244140625,549.001708984375,1177737
2017-04-11,590.0,591.6500244140625,575.0999755859375,580.0499877929688,540.0636596679688,2103296
2017-04-12,575.0,582.0,570.6500244140625,579.4000244140625,539.45849609375,1188457
2017-04-13,580.5,582.9500122070312,574.7000122070312,577.25,537.4566040039062,1038273
2017-04-17,580.0,580.0,573.0499877929688,576.5,536.75830078125,487497
2017-04-18,576.5,578.25,573.25,575.7999877929688,536.1065673828125,1062574
2017-04-19,576.0,577.0,572.75,575.4000244140625,535.7341918945312,1078477
2017-04-20,576.0,577.2000122070312,573.2999877929688,574.0499877929688,534.4771728515625,1339006
2017-04-21,573.0,574.0,562.7000122070312,564.4500122070312,525.5390625,1256922
2017-04-24,565.0,565.0999755859375,553.6500244140625,557.0499877929688,518.6491088867188,1997176
2017-04-25,556.9500122070312,561.5999755859375,550.2999877929688,552.9500122070312,514.831787109375,1543039
2017-04-26,549.7999877929688,561.0,545.4000244140625,556.75,518.3698120117188,1425158
2017-04-27,560.0,564.7999877929688,555.0499877929688,561.7000122070312,522.978515625,2343761
2017-04-28,561.9500122070312,561.9500122070312,555.0,557.4500122070312,519.0216064453125,865584
2017-05-02,558.0,559.0,553.7999877929688,555.3499755859375,517.0662841796875,1380964
2017-05-03,554.5999755859375,558.3499755859375,553.2000122070312,556.0499877929688,517.7180786132812,798476
2017-05-04,557.5999755859375,557.5999755859375,548.2000122070312,549.9500122070312,512.03857421875,1271612
2017-05-05,549.0,554.4000244140625,544.1500244140625,549.9500122070312,512.03857421875,560799
2017-05-08,549.9500122070312,554.7999877929688,546.5,551.5499877929688,513.5283203125,302450
2017-05-09,552.0,554.0,545.0499877929688,552.9500122070312,514.831787109375,652189
2017-05-10,552.8499755859375,562.5499877929688,551.25,561.0499877929688,522.373291015625,718502
2017-05-11,562.4500122070312,565.0,558.2999877929688,561.9500122070312,523.2113647460938,566621
2017-05-12,560.0999755859375,569.8499755859375,557.1500244140625,567.9500122070312,528.7977905273438,725246
2017-05-15,567.0,572.4500122070312,561.0,569.0,529.7754516601562,606569
2017-05-16,566.6500244140625,570.0,564.0,565.5999755859375,526.6096801757812,330195
2017-05-17,565.0999755859375,566.0,560.0499877929688,562.3499755859375,523.583740234375,895238
2017-05-18,559.2999877929688,564.9500122070312,556.7999877929688,560.0999755859375,521.4888916015625,2155599
2017-05-19,561.2999877929688,566.6500244140625,558.6500244140625,564.9500122070312,526.0045776367188,685662
2017-05-22,567.0,567.7000122070312,553.0999755859375,563.0999755859375,524.2820434570312,948063
2017-05-23,558.5999755859375,558.7999877929688,531.25,533.2000122070312,496.44317626953125,1225772
2017-05-24,531.0,536.3499755859375,514.0,519.6500244140625,483.8273620605469,1340656
2017-05-25,522.0,525.0,496.3999938964844,504.0,469.2561950683594,4378940
2017-05-26,483.0,504.75,480.20001220703125,488.8999938964844,455.1971130371094,7010307
2017-05-29,492.0,507.5,488.8999938964844,505.3500061035156,470.5131530761719,4118338
2017-05-30,504.79998779296875,517.5999755859375,501.3999938964844,510.5,475.3081359863281,1047968
2017-05-31,514.7999877929688,520.0999755859375,505.0,516.3499755859375,480.75482177734375,1366315
2017-06-01,519.7000122070312,529.9000244140625,513.0499877929688,515.5499877929688,480.0099792480469,1433241
2017-06-02,517.7000122070312,533.9000244140625,517.7000122070312,530.0499877929688,493.51043701171875,2152367
2017-06-05,531.2999877929688,536.7000122070312,528.0,534.7999877929688,497.93292236328125,802335
2017-06-06,537.7000122070312,539.5499877929688,522.3499755859375,534.6500244140625,497.7933349609375,765557
2017-06-07,536.4000244140625,543.4500122070312,530.7000122070312,540.2000122070312,502.9607238769531,719071
2017-06-08,538.75,554.7000122070312,537.0999755859375,550.1500244140625,512.224853515625,1396596
2017-06-09,554.5,555.7999877929688,545.25,551.0999755859375,513.1093139648438,867969
2017-06-12,549.0,555.2000122070312,544.5499877929688,553.3499755859375,515.2041015625,910344
2017-06-13,553.3499755859375,555.0,546.5499877929688,551.5499877929688,513.5283203125,946713
2017-06-14,551.5,554.5,536.3499755859375,539.9000244140625,502.681396484375,1176535
2017-06-15,539.7000122070312,550.9000244140625,537.0499877929688,549.4500122070312,511.5731506347656,826366
2017-06-16,548.0,551.9500122070312,535.0499877929688,536.75,499.74853515625,1127326
2017-06-19,537.0999755859375,542.5,524.0,539.75,502.541748046875,1723168
2017-06-20,539.75,549.5,536.0,547.8499755859375,510.0834045410156,774728
2017-06-21,544.5,546.0,535.2000122070312,541.0,503.7055358886719,784293
2017-06-22,540.0,545.5499877929688,539.0499877929688,540.1500244140625,502.9141540527344,750732
2017-06-23,540.9000244140625,544.0,538.2999877929688,541.1500244140625,503.8452453613281,603986
2017-06-27,542.5,551.5999755859375,533.0999755859375,534.6500244140625,497.7933349609375,1038604
2017-06-28,535.4000244140625,538.6500244140625,531.0,536.8499755859375,499.8415832519531,601643
2017-06-29,538.4500122070312,546.9500122070312,534.25,543.75,506.2658996582031,1252382
2017-06-30,545.0,558.9000244140625,542.5,555.5999755859375,517.2991943359375,830751
2017-07-03,559.0,559.9000244140625,548.8499755859375,551.8499755859375,513.8074951171875,490390
2017-07-04,557.7000122070312,558.0,543.2999877929688,545.0499877929688,507.4764099121094,559358
2017-07-05,546.0999755859375,547.7999877929688,541.4500122070312,545.9000244140625,508.2677917480469,833105
2017-07-06,546.3499755859375,547.9000244140625,540.0999755859375,542.8499755859375,505.4279479980469,556426
2017-07-07,542.5999755859375,552.0,541.5,547.1500244140625,509.43170166015625,893680
2017-07-10,560.0,560.0,546.0999755859375,549.2000122070312,511.3403015136719,123363
2017-07-11,550.5,552.6500244140625,536.0499877929688,538.4500122070312,501.3313293457031,1526837
2017-07-12,539.4500122070312,543.5,537.0,539.9500122070312,502.72796630859375,1039208
2017-07-13,540.2000122070312,544.4500122070312,538.8499755859375,543.6500244140625,506.17291259765625,694180
2017-07-14,544.25,551.1500244140625,540.8499755859375,548.0499877929688,510.2695007324219,960041
2017-07-17,549.0,559.0,546.7000122070312,556.5,518.1370849609375,692893
2017-07-18,558.0,567.0,555.0999755859375,559.75,521.1630249023438,1319574
2017-07-19,560.2000122070312,569.4500122070312,560.2000122070312,568.25,529.0770263671875,761444
2017-07-20,569.0,577.0,562.6500244140625,571.9000244140625,532.4754028320312,1090882
2017-07-21,570.0,570.0,560.1500244140625,566.2000122070312,527.1683959960938,672906
2017-07-24,564.0,575.5,562.0999755859375,569.75,530.4736938476562,873677
2017-07-25,571.0,571.4000244140625,562.4000244140625,564.4000244140625,525.4925537109375,510032
2017-07-26,564.7000122070312,577.4500122070312,563.5,575.4500122070312,537.6860961914062,864728
2017-07-27,573.7000122070312,579.4000244140625,565.0,568.7000122070312,531.3790893554688,1853099
2017-07-28,566.75,570.9000244140625,556.5,566.0999755859375,528.9495849609375,907951
2017-07-31,567.5499877929688,568.9500122070312,556.7999877929688,560.0999755859375,523.3433837890625,753415
2017-08-01,560.0999755859375,565.9000244140625,558.5,562.4500122070312,525.5392456054688,712732
2017-08-02,562.8499755859375,570.9000244140625,560.0,568.5499877929688,531.23876953125,664681
2017-08-03,568.5499877929688,575.0,553.7999877929688,557.1500244140625,520.5869750976562,1065451
2017-08-04,551.9000244140625,571.7000122070312,543.0499877929688,568.7000122070312,531.3790893554688,1004233
2017-08-07,566.5,571.0999755859375,553.0,566.5,529.3234252929688,769606
2017-08-08,560.7999877929688,580.0,560.7999877929688,578.5999755859375,540.6292724609375,1367344
2017-08-09,581.0,581.0,557.25,561.8499755859375,524.978515625,1801630
2017-08-10,560.0,569.8499755859375,541.5,548.2000122070312,512.2244262695312,1217416
2017-08-11,545.0,563.7000122070312,525.4500122070312,541.4000244140625,505.87066650390625,4337214
2017-08-14,560.0,576.0,552.0999755859375,570.0499877929688,532.640380859375,4029605
2017-08-16,569.5,593.7000122070312,561.0499877929688,590.4500122070312,551.70166015625,1838012
2017-08-17,593.4000244140625,594.0,569.9000244140625,573.2000122070312,535.583740234375,1422631
2017-08-18,573.4000244140625,575.7999877929688,560.2000122070312,565.2999877929688,528.2022094726562,1680225
2017-08-21,566.9000244140625,570.0,555.1500244140625,561.75,524.8851318359375,1222907
2017-08-22,562.0499877929688,567.6500244140625,558.0,559.25,522.5491333007812,848353
2017-08-23,561.7000122070312,565.0,556.6500244140625,559.1500244140625,522.4556884765625,848822
2017-08-24,559.0,575.75,557.2999877929688,574.0499877929688,536.3779296875,1866440
2017-08-28,575.5,581.0,570.5499877929688,574.0999755859375,536.424560546875,905222
2017-08-29,570.5499877929688,574.0499877929688,564.5,568.9000244140625,531.56591796875,608351
2017-08-30,574.0,576.0,565.5,566.3499755859375,529.1831665039062,596376
2017-08-31,570.0,578.0,562.0,571.9000244140625,534.3690185546875,1908728
2017-09-01,573.0,577.3499755859375,565.0999755859375,568.4000244140625,531.0987548828125,891591
2017-09-04,574.5,577.0,557.5499877929688,561.7000122070312,524.8384399414062,1731377
2017-09-05,564.7000122070312,565.8499755859375,556.9000244140625,559.5999755859375,522.8761596679688,928770
2017-09-06,558.9000244140625,560.5999755859375,553.8499755859375,558.2999877929688,521.6615600585938,581901
2017-09-07,560.0,561.0,551.2999877929688,554.2000122070312,517.8306274414062,885205
2017-09-08,554.5,558.0,549.1500244140625,552.0,515.7750244140625,775272
2017-09-11,555.0999755859375,558.1500244140625,550.0,553.8499755859375,517.5035400390625,523800
2017-09-12,554.4000244140625,562.7999877929688,543.3499755859375,560.5,523.7172241210938,1330724
2017-09-13,556.0,562.0999755859375,552.5499877929688,554.4000244140625,518.0175170898438,1159840
2017-09-14,556.0,567.2999877929688,555.4500122070312,565.9500122070312,528.8095703125,1600717
2017-09-15,564.8499755859375,565.75,556.5499877929688,561.4000244140625,524.55810546875,926019
2017-09-18,563.2000122070312,572.1500244140625,560.6500244140625,570.7000122070312,533.2477416992188,649831
2017-09-19,571.7000122070312,574.5,564.5,573.4000244140625,535.7706298828125,675306
2017-09-20,572.5,573.7999877929688,565.2000122070312,569.7000122070312,532.3134155273438,759531
2017-09-21,570.0499877929688,594.0,570.0499877929688,591.9000244140625,553.0565185546875,3102522
2017-09-22,591.9000244140625,600.0,582.4500122070312,585.3499755859375,546.936279296875,4003845
2017-09-25,581.9000244140625,594.4000244140625,564.3499755859375,577.2000122070312,539.3212280273438,2389495
2017-09-26,582.0,582.0,570.0,579.0,541.003173828125,978323
2017-09-27,579.5999755859375,580.7000122070312,563.0,570.0999755859375,532.6871948242188,561243
2017-09-28,565.0,589.0,564.1500244140625,582.6500244140625,544.4136962890625,2993535
2017-09-29,580.0,592.0,577.75,586.0999755859375,547.6371459960938,1021610
2017-10-03,590.0999755859375,592.75,575.5,578.9000244140625,540.9097290039062,522462
2017-10-04,579.9000244140625,587.4000244140625,579.2999877929688,581.0499877929688,542.9185791015625,631463
2017-10-05,583.0,590.0,579.0499877929688,585.3499755859375,546.936279296875,647977
2017-10-06,586.0999755859375,589.2000122070312,582.8499755859375,585.4000244140625,546.9830932617188,462656
2017-10-09,584.9000244140625,595.5,578.5,585.5499877929688,547.1232299804688,1116280
2017-10-10,590.0,593.4500122070312,585.5499877929688,590.1500244140625,551.4212646484375,741493
2017-10-11,591.0,594.0,579.5499877929688,586.1500244140625,547.6838989257812,1053561
2017-10-12,589.4500122070312,593.3499755859375,580.2999877929688,589.6500244140625,550.9541625976562,751507
2017-10-13,590.2999877929688,598.25,588.2999877929688,592.8499755859375,553.944091796875,936015
2017-10-16,595.0,608.9000244140625,594.2999877929688,606.75,566.9320068359375,1716771
2017-10-17,606.0,635.9000244140625,602.0,632.0999755859375,590.6183471679688,2563968
2017-10-18,631.0,631.0,609.0,611.0,570.9031372070312,1185323
2017-10-19,613.9500122070312,613.9500122070312,602.0499877929688,607.7999877929688,567.9130859375,151609
2017-10-23,613.0,619.4500122070312,589.5,592.9000244140625,553.990966796875,1413195
2017-10-24,600.2999877929688,600.6500244140625,591.2999877929688,595.0499877929688,555.9998779296875,1138645
2017-10-25,599.0,604.0,589.5,592.6500244140625,553.7574462890625,991374
2017-10-26,595.4000244140625,616.7999877929688,592.5499877929688,611.5,571.370361328125,2002276
2017-10-27,625.0,629.7999877929688,616.2000122070312,625.0499877929688,584.031005859375,2198491
2017-10-30,623.25,630.0,614.5499877929688,626.0499877929688,584.9653930664062,1045267
2017-10-31,629.0,634.9000244140625,621.5999755859375,627.5999755859375,586.4136962890625,1522851
2017-11-01,628.25,633.3499755859375,621.1500244140625,626.75,585.6195068359375,1359809
2017-11-02,626.4000244140625,642.7999877929688,625.1500244140625,636.0,594.2625122070312,2058898
2017-11-03,640.0,648.1500244140625,629.5499877929688,640.0999755859375,598.0934448242188,1722647
2017-11-06,637.0999755859375,661.0,636.9000244140625,654.7999877929688,611.8287353515625,2195805
2017-11-07,663.4000244140625,663.4000244140625,602.0,607.5499877929688,567.679443359375,7331364
2017-11-08,624.8499755859375,637.7999877929688,620.0,622.5999755859375,581.7417602539062,5570213
2017-11-09,624.0,628.0,611.5999755859375,614.5499877929688,574.2200317382812,1809019
2017-11-10,617.5,621.5,603.6500244140625,609.2999877929688,569.314697265625,1400233
2017-11-13,610.2999877929688,611.2999877929688,595.7000122070312,602.0999755859375,562.587158203125,1109147
2017-11-14,598.0,613.2999877929688,598.0,602.4500122070312,562.9142456054688,1498244
2017-11-15,602.6500244140625,607.9500122070312,590.2000122070312,593.6500244140625,554.6917724609375,1171698
2017-11-16,595.3499755859375,599.4500122070312,590.0,592.8499755859375,553.944091796875,1228065
2017-11-17,607.0,614.9000244140625,600.6500244140625,608.5499877929688,568.6138916015625,1448847
2017-11-20,605.5499877929688,608.0,596.0999755859375,604.25,564.5960083007812,1609788
2017-11-21,607.0,624.0,607.0,616.0999755859375,575.6683959960938,2222545
2017-11-22,616.9000244140625,625.7000122070312,614.0,619.25,578.6116333007812,2014698
2017-11-23,619.25,625.2000122070312,615.0,617.5999755859375,577.0698852539062,792383
2017-11-24,619.5,623.9000244140625,613.25,615.7000122070312,575.294677734375,1118354
2017-11-27,617.0,619.9000244140625,611.0499877929688,614.7999877929688,574.4537353515625,1388114
2017-11-28,616.0,621.7000122070312,609.7999877929688,611.7999877929688,571.6505126953125,1486189
2017-11-29,615.0,619.4000244140625,605.25,607.9000244140625,568.0066528320312,1465289
2017-11-30,605.0,607.8499755859375,597.0499877929688,600.9000244140625,561.4660034179688,1612910
2017-12-01,604.5,606.0,593.7000122070312,598.0999755859375,558.849609375,747562
2017-12-04,599.2999877929688,602.7999877929688,588.7999877929688,596.7000122070312,557.5415649414062,660077
2017-12-05,595.0,599.8499755859375,591.75,596.4500122070312,557.3079833984375,979009
2017-12-06,595.7999877929688,603.7999877929688,594.5,596.4500122070312,557.3079833984375,919271
2017-12-07,598.0,600.0,588.2999877929688,593.4500122070312,554.5048217773438,752359
2017-12-08,595.0,607.0,592.4500122070312,603.0999755859375,563.5215454101562,606123
2017-12-11,612.0,612.9500122070312,597.2000122070312,603.6500244140625,564.0355224609375,850998
2017-12-12,604.7000122070312,606.0,590.0,591.6500244140625,552.822998046875,762200
2017-12-13,591.5,598.1500244140625,576.3499755859375,578.1500244140625,540.2088623046875,1197264
2017-12-14,580.0,593.7000122070312,575.0999755859375,590.4500122070312,551.70166015625,1428906
2017-12-15,597.0,597.0,573.2000122070312,576.4500122070312,538.6204833984375,4312419
2017-12-18,578.4000244140625,594.9000244140625,571.6500244140625,591.6500244140625,552.822998046875,2379562
2017-12-19,592.4500122070312,605.7000122070312,592.4500122070312,603.9000244140625,564.26904296875,1474696
2017-12-20,605.7000122070312,611.0,597.75,600.6500244140625,561.2323608398438,1068145
2017-12-21,602.9500122070312,608.7000122070312,596.0,599.7999877929688,560.4381103515625,1274585
2017-12-22,603.0,604.0,598.8499755859375,601.2000122070312,561.7462768554688,668806
2017-12-26,604.0499877929688,614.9000244140625,596.0999755859375,611.75,571.6038818359375,1239536
2017-12-27,613.0,623.75,610.2000122070312,612.6500244140625,572.4448852539062,1765029
2017-12-28,614.0,616.1500244140625,603.2000122070312,606.0499877929688,566.2778930664062,1428319
2017-12-29,606.1500244140625,611.9000244140625,604.0999755859375,608.5,568.5671997070312,702774
2018-01-01,608.0,617.8499755859375,607.0,611.5,571.370361328125,873546
2018-01-02,614.2000122070312,619.0,605.5,607.7999877929688,567.9130859375,1038258
2018-01-03,611.0,613.9000244140625,604.5499877929688,606.7999877929688,566.9786987304688,771828
2018-01-04,609.4500122070312,618.4000244140625,603.4500122070312,616.75,576.2757568359375,990602
2018-01-05,617.0,619.8499755859375,611.0999755859375,615.1500244140625,574.78076171875,1072254
2018-01-08,618.5,627.5,612.2000122070312,615.0499877929688,574.6873168945312,1061612
2018-01-09,617.0,618.6500244140625,610.6500244140625,615.5999755859375,575.2012329101562,846158
2018-01-10,616.0,624.1500244140625,612.8499755859375,619.75,579.078857421875,1207313
2018-01-11,619.0,619.0,609.0999755859375,612.3499755859375,572.1644287109375,1092456
2018-01-12,614.0,618.4000244140625,603.0999755859375,612.0999755859375,571.9307861328125,891848
2018-01-15,612.5,615.5,608.2000122070312,610.25,570.2023315429688,470386
2018-01-16,610.1500244140625,613.5,599.0,601.4000244140625,561.9332275390625,1088762
2018-01-17,601.0499877929688,610.5999755859375,597.0499877929688,607.1500244140625,567.3057861328125,883340
2018-01-18,608.0999755859375,612.9500122070312,598.25,603.6500244140625,564.0355224609375,1028921
2018-01-19,603.6500244140625,605.0999755859375,600.1500244140625,602.75,563.1945190429688,818518
2018-01-22,604.4000244140625,605.0,593.0999755859375,601.1500244140625,561.6995239257812,933769
2018-01-23,602.5,625.0,600.2999877929688,622.3499755859375,581.5082397460938,2105060
2018-01-24,621.9500122070312,623.75,612.9000244140625,618.2999877929688,577.7239990234375,1089562
2018-01-25,618.1500244140625,631.0,613.7000122070312,621.4000244140625,580.62060546875,2973765
2018-01-29,624.9500122070312,628.4000244140625,611.0999755859375,615.0,574.640625,1564268
2018-01-30,613.0,613.0999755859375,603.2000122070312,605.9500122070312,566.1845092773438,596682
2018-01-31,608.0,608.5,590.0,592.1500244140625,553.2901000976562,1264055
2018-02-01,591.9000244140625,597.0,580.2000122070312,587.0499877929688,548.5247802734375,1050098
2018-02-02,586.0,593.9000244140625,575.0999755859375,581.1500244140625,543.0120239257812,998752
2018-02-05,576.0,582.0999755859375,571.2000122070312,580.0999755859375,542.0308837890625,797017
2018-02-06,561.0,572.0,558.0499877929688,564.25,527.2211303710938,1284112
2018-02-07,578.5,579.9000244140625,554.2000122070312,569.25,531.8929443359375,3161498
2018-02-08,584.0,617.1500244140625,580.1500244140625,612.6500244140625,572.4448852539062,8349913
2018-02-09,595.0,626.0,595.0,621.4000244140625,580.62060546875,2373799
2018-02-12,629.3499755859375,635.0,618.8499755859375,621.6500244140625,580.8541870117188,1957424
2018-02-14,622.0999755859375,630.2999877929688,611.5,616.1500244140625,575.715087890625,1306512
2018-02-15,613.25,621.4500122070312,602.9500122070312,605.8499755859375,566.091064453125,1391858
2018-02-16,611.2999877929688,613.9500122070312,605.5,611.0999755859375,570.9963989257812,906025
2018-02-19,612.0,612.1500244140625,594.3499755859375,600.4000244140625,560.9987182617188,1216005
2018-02-20,603.4500122070312,606.0999755859375,592.0,603.4500122070312,563.8485107421875,1599249
2018-02-21,607.0,607.75,589.25,597.25,558.0554809570312,1409752
2018-02-22,595.0,597.25,586.5999755859375,589.6500244140625,550.9541625976562,1859008
2018-02-23,591.7999877929688,605.0,590.0,595.6500244140625,556.5604248046875,1576584
2018-02-26,596.25,598.2999877929688,588.75,590.0999755859375,551.3746337890625,1417465
2018-02-27,591.7000122070312,598.9000244140625,583.0999755859375,586.5,548.0108642578125,1349590
2018-02-28,590.0,596.5999755859375,587.0999755859375,589.6500244140625,550.9541625976562,2255189
2018-03-01,593.9000244140625,593.9000244140625,580.4000244140625,581.7000122070312,543.5259399414062,1343806
2018-03-05,582.0999755859375,585.0,578.0499877929688,579.25,541.2367553710938,1179725
2018-03-06,581.5999755859375,589.4000244140625,580.0499877929688,584.0999755859375,545.7683715820312,1891302
2018-03-07,587.4500122070312,589.0999755859375,578.2000122070312,580.2000122070312,542.124267578125,1849650
2018-03-08,584.0,584.0,574.0,578.0,540.0687255859375,1084582
2018-03-09,579.9500122070312,585.2000122070312,568.0499877929688,571.0499877929688,533.5748291015625,1149194
2018-03-12,575.0499877929688,582.2000122070312,563.5499877929688,580.6500244140625,542.5447998046875,919792
2018-03-13,579.0,582.9000244140625,575.1500244140625,578.75,540.7694702148438,801792
2018-03-14,578.3499755859375,583.7999877929688,571.6500244140625,577.9000244140625,539.9752807617188,811747
2018-03-15,578.0,579.5999755859375,569.0,571.1500244140625,533.6682739257812,849222
2018-03-16,570.0999755859375,574.0,557.0499877929688,559.4000244140625,522.6893310546875,1867538
2018-03-19,563.6500244140625,566.9000244140625,555.4000244140625,559.75,523.0164184570312,1447941
2018-03-20,555.0999755859375,561.8499755859375,522.9000244140625,552.9000244140625,516.615966796875,9119209
2018-03-21,558.5,567.4500122070312,546.4000244140625,551.0499877929688,514.8872680664062,3091963
2018-03-22,551.9000244140625,555.0,538.1500244140625,540.75,505.26324462890625,1506405
2018-03-23,539.0,540.7000122070312,534.0,538.4000244140625,503.0675048828125,1203262
2018-03-26,538.1500244140625,544.5999755859375,532.9500122070312,541.7999877929688,506.2442932128906,1105319
2018-03-27,541.0,549.0,541.0,545.0499877929688,509.28106689453125,2206872
2018-03-28,544.0,548.7999877929688,534.0,545.4500122070312,509.6547546386719,2667979
2018-04-02,548.0,578.9500122070312,545.9000244140625,576.25,538.4335327148438,2823880
2018-04-03,572.0,578.3499755859375,568.7999877929688,570.2999877929688,532.8740844726562,2493190
2018-04-04,572.3499755859375,575.4500122070312,564.5,569.7999877929688,532.4067993164062,1852997
2018-04-05,574.0,578.5499877929688,558.3499755859375,560.3499755859375,523.5769653320312,2396864
2018-04-06,560.2999877929688,571.0,557.25,558.9500122070312,522.2689208984375,2420324
2018-04-09,565.9000244140625,565.9000244140625,555.5,556.75,520.2131958007812,1470765
2018-04-10,558.0,567.0,556.5999755859375,558.1500244140625,521.5213623046875,1591682
2018-04-11,560.7000122070312,564.0,558.5,561.5,524.651611328125,1789789
2018-04-12,562.9000244140625,562.9500122070312,554.7999877929688,556.1500244140625,519.6526489257812,1309557
2018-04-13,557.5499877929688,561.1500244140625,552.5499877929688,555.5,519.0452880859375,1019158
2018-04-16,553.0499877929688,587.7999877929688,553.0499877929688,584.9500122070312,546.5626220703125,6741354
2018-04-17,585.5499877929688,588.3499755859375,575.7000122070312,579.9500122070312,541.8907470703125,2688507
2018-04-18,582.0,597.0,582.0,584.5999755859375,546.2354736328125,3853951
2018-04-19,584.25,592.0,583.0499877929688,584.4000244140625,546.0487670898438,1525419
2018-04-20,582.3499755859375,593.4000244140625,581.5,589.0499877929688,550.3935546875,1641179
2018-04-23,576.0,601.75,576.0,600.1500244140625,560.7652587890625,3016500
2018-04-24,601.0,604.9000244140625,595.0999755859375,601.9000244140625,562.4003295898438,2782988
2018-04-25,600.5,600.5,586.2000122070312,593.0499877929688,554.1310424804688,1125208
2018-04-26,591.0,602.9000244140625,590.5499877929688,599.9500122070312,560.5783081054688,1503008
2018-04-27,602.0,607.0,593.0,599.8499755859375,560.4848022460938,1031376
2018-04-30,602.2000122070312,609.0,602.0,607.4000244140625,567.5393676757812,687828
2018-05-02,610.0,621.9000244140625,608.9500122070312,612.0,571.8374633789062,1862999
2018-05-03,613.0,613.0999755859375,597.0,609.2999877929688,569.314697265625,999887
2018-05-04,612.0999755859375,612.4500122070312,595.5,597.0,557.8218383789062,925559
2018-05-07,598.5999755859375,600.0999755859375,585.0,591.0499877929688,552.2623291015625,1046885
2018-05-08,592.4000244140625,601.9500122070312,586.5499877929688,590.6500244140625,551.8886108398438,1039491
2018-05-09,591.4000244140625,596.0,585.5499877929688,588.0,549.4125366210938,652527
2018-05-10,594.0,594.5999755859375,572.5,575.5,537.7327880859375,2163326
2018-05-11,577.0499877929688,580.75,565.0999755859375,573.7000122070312,536.0508422851562,921890
2018-05-14,575.0,580.5,570.8499755859375,578.5,540.5358276367188,888370
2018-05-15,579.7999877929688,593.0,573.0999755859375,575.7999877929688,538.01318359375,2049528
2018-05-16,575.0,575.0,546.0,559.9000244140625,523.1566162109375,4071898
2018-05-17,557.9000244140625,560.0,538.7999877929688,553.75,517.4100952148438,3719963
2018-05-18,555.0,556.0,530.0,533.0499877929688,498.0685729980469,1708157
2018-05-21,531.6500244140625,536.7999877929688,516.0,520.4500122070312,486.2955017089844,2013336
2018-05-22,524.7999877929688,531.0999755859375,507.20001220703125,524.0,489.6125183105469,3080285
2018-05-23,515.0,564.9000244140625,515.0,532.4000244140625,497.46124267578125,7413823
2018-05-24,536.5,544.5499877929688,530.0,533.5,498.4890441894531,1925524
2018-05-25,538.8499755859375,538.8499755859375,527.5,536.6500244140625,501.4324645996094,1525355
2018-05-28,534.0,548.2999877929688,534.0,539.5,504.0951843261719,1460566
2018-05-29,539.0999755859375,542.5999755859375,527.7000122070312,530.5999755859375,495.7792663574219,2656979
2018-05-30,529.0999755859375,529.0999755859375,519.5499877929688,525.5999755859375,491.107421875,2156315
2018-05-31,528.5999755859375,533.6500244140625,521.0499877929688,524.7999877929688,490.35992431640625,3539206
2018-06-01,526.9500122070312,530.75,521.0499877929688,524.5,490.0796203613281,1625446
2018-06-04,527.5,529.0,517.1500244140625,520.7000122070312,486.529052734375,1247023
2018-06-05,520.2999877929688,544.75,517.7000122070312,542.0999755859375,506.52459716796875,3398337
2018-06-06,542.0999755859375,548.0,533.4000244140625,538.4500122070312,503.1142272949219,2909756
2018-06-07,541.9500122070312,542.5499877929688,537.2000122070312,540.7000122070312,505.2165222167969,1119973
2018-06-08,541.7999877929688,562.0,538.75,559.6500244140625,522.9229125976562,4815940
2018-06-11,560.0,570.0,559.0,560.7999877929688,523.9974975585938,3113604
2018-06-12,561.9000244140625,573.0,561.0,567.0999755859375,529.8839111328125,3234303
2018-06-13,569.9500122070312,593.5,569.9500122070312,582.0999755859375,543.8997192382812,4657712
2018-06-14,588.9500122070312,592.9000244140625,583.5,588.0499877929688,549.4591064453125,3244655
2018-06-15,590.0,614.5499877929688,589.7999877929688,611.5999755859375,571.4636840820312,7125922
2018-06-18,612.0,618.7999877929688,600.2999877929688,606.5,566.6983642578125,2518169
2018-06-19,606.25,610.4500122070312,598.2000122070312,601.8499755859375,562.3534545898438,2992184
2018-06-20,613.0,622.75,600.3499755859375,602.8499755859375,563.2879028320312,9121187
2018-06-21,608.7999877929688,609.7000122070312,602.0,603.5,563.8953247070312,3052143
2018-06-22,604.0,618.0499877929688,595.25,615.75,575.3413696289062,3245849
2018-06-25,615.0999755859375,622.5499877929688,608.0,611.4000244140625,571.2767944335938,3253606
2018-06-26,606.0,608.7000122070312,597.25,599.5,560.1577758789062,2323337
2018-06-27,602.5,606.9500122070312,593.0,602.2999877929688,562.7740478515625,2520918
2018-06-28,604.5,609.9000244140625,596.0,600.9000244140625,561.4660034179688,4173735
2018-06-29,601.5,619.9000244140625,599.9000244140625,616.6500244140625,576.182373046875,1525608
2018-07-02,620.0,620.0,611.0,617.0,576.5093994140625,1502606
2018-07-03,617.0,644.6500244140625,608.0499877929688,640.4000244140625,598.3737182617188,5271600
2018-07-04,644.9500122070312,648.0,623.7999877929688,628.9000244140625,587.6284790039062,5043141
2018-07-05,632.0,637.0,623.0999755859375,626.5499877929688,585.4325561523438,2127794
2018-07-06,624.9000244140625,631.0,610.4000244140625,612.5,572.3046875,2514518
2018-07-09,616.8499755859375,625.0,615.0,622.9000244140625,582.0221557617188,1462808
2018-07-10,626.5999755859375,633.9000244140625,620.1500244140625,632.0499877929688,590.5716552734375,1872744
2018-07-11,626.2999877929688,630.5,621.2999877929688,625.2999877929688,584.2646484375,1669583
2018-07-12,629.4000244140625,636.7000122070312,622.7000122070312,633.3499755859375,591.786376953125,2177684
2018-07-13,634.0,634.0,624.2000122070312,626.7000122070312,585.57275390625,1475306
2018-07-16,629.4000244140625,636.0,611.1500244140625,620.9500122070312,580.2001342773438,2211200
2018-07-17,621.9000244140625,639.5999755859375,620.0999755859375,637.4500122070312,595.6173706054688,2228377
2018-07-18,640.0,644.0,625.0999755859375,627.4000244140625,586.2267456054688,2348371
2018-07-19,629.7999877929688,632.0999755859375,606.1500244140625,610.0999755859375,570.062255859375,1424272
2018-07-20,614.9500122070312,630.0,602.1500244140625,625.7999877929688,584.7318725585938,2832150
2018-07-23,623.1500244140625,637.2999877929688,617.25,634.0999755859375,592.487060546875,1553101
2018-07-24,633.9500122070312,633.9500122070312,624.5,627.3499755859375,586.18017578125,1319369
2018-07-25,629.0,631.0,613.4500122070312,623.9000244140625,582.9566040039062,1413265
2018-07-26,619.0,631.25,617.4500122070312,627.8499755859375,586.6473388671875,3163498
2018-07-27,627.75,641.9000244140625,625.9000244140625,636.2000122070312,594.4493408203125,1508269
2018-07-30,633.0,636.25,628.0,634.2999877929688,592.6739501953125,990056
2018-07-31,636.9500122070312,647.0,628.0999755859375,641.3499755859375,599.2612915039062,2469759
2018-08-01,641.0,641.5499877929688,635.0,639.1500244140625,597.2057495117188,2411436
2018-08-02,635.0,651.9000244140625,633.0499877929688,638.5,596.598388671875,3974559
2018-08-03,640.9500122070312,647.5999755859375,639.0,641.0499877929688,598.981201171875,1530339
2018-08-06,647.0,648.7999877929688,635.2999877929688,637.9500122070312,596.0845336914062,2716402
2018-08-07,642.9000244140625,642.9000244140625,627.0999755859375,629.4500122070312,588.142333984375,2414266
2018-08-08,629.0,645.4500122070312,623.5999755859375,632.5499877929688,591.0389404296875,4121062
2018-08-09,649.0,662.5,616.7000122070312,619.1500244140625,578.518310546875,9996909
2018-08-10,624.9500122070312,628.5,614.5,621.0499877929688,580.2935180664062,3168280
2018-08-13,622.0,631.5499877929688,619.2000122070312,628.2999877929688,589.9173583984375,2374657
2018-08-14,629.0999755859375,647.0,624.0,642.75,603.484619140625,2451003
2018-08-16,644.7000122070312,660.0,634.25,648.3499755859375,608.7425537109375,3925549
2018-08-17,650.0499877929688,655.5,643.7000122070312,646.9000244140625,607.3810424804688,2915387
2018-08-20,649.9000244140625,653.5,642.4000244140625,643.8499755859375,604.517333984375,1296664
2018-08-21,647.9000244140625,654.4500122070312,644.0,650.25,610.5264892578125,1981523
2018-08-23,653.4500122070312,665.0,652.7000122070312,657.9500122070312,617.756103515625,2891829
2018-08-24,658.0,658.0,645.0,651.2000122070312,611.41845703125,1904031
2018-08-27,653.0,662.5,648.2000122070312,659.5999755859375,619.3052978515625,1381724
2018-08-28,662.0,677.5,644.6500244140625,648.2999877929688,608.6956176757812,5237362
2018-08-29,650.0,653.6500244140625,640.0,643.5,604.1889038085938,1891523
2018-08-30,645.0,651.9000244140625,640.5,649.4500122070312,609.7752685546875,2124122
2018-08-31,649.5499877929688,664.0,649.5499877929688,662.1500244140625,621.6995849609375,3056580
2018-09-03,665.5,671.2000122070312,646.5999755859375,649.0999755859375,609.4467163085938,1971733
2018-09-04,649.7999877929688,655.0,638.4000244140625,643.9000244140625,604.564453125,2249087
2018-09-05,645.0499877929688,650.9000244140625,637.2000122070312,646.5499877929688,607.0524291992188,2542543
2018-09-06,651.0,664.7000122070312,647.0,662.0999755859375,621.6524658203125,2841096
2018-09-07,663.8499755859375,669.5,656.2999877929688,664.75,624.1405639648438,2431363
2018-09-10,665.0,678.0,664.0,668.0499877929688,627.2391967773438,3453432
2018-09-11,670.0999755859375,675.0,650.5999755859375,654.9000244140625,614.8923950195312,3399042
2018-09-12,654.9000244140625,662.0,643.25,656.4500122070312,616.3477783203125,3302191
2018-09-14,664.0,670.0,659.0499877929688,666.4000244140625,625.6898803710938,1512857
2018-09-17,673.0,673.0,660.4000244140625,664.9000244140625,624.2815551757812,2220455
2018-09-18,665.0,673.0,660.5999755859375,663.7000122070312,623.15478515625,1814726
2018-09-19,668.0,678.4500122070312,645.75,660.5999755859375,620.2442016601562,3043018
2018-09-21,668.0,671.5499877929688,638.4000244140625,653.2000122070312,613.2963256835938,2276641
2018-09-24,662.0,668.9500122070312,640.7999877929688,645.5999755859375,606.1605224609375,2766326
2018-09-25,644.0,665.7999877929688,643.0,661.75,621.3239135742188,2295464
2018-09-26,664.4500122070312,675.25,656.0,672.7999877929688,631.6989135742188,2131833
2018-09-27,675.0,677.0,655.9500122070312,659.3499755859375,619.0704956054688,3433359
2018-09-28,659.3499755859375,663.0,647.2000122070312,654.0499877929688,614.0942993164062,1862405
2018-10-01,653.0499877929688,659.0,643.5,654.1500244140625,614.1882934570312,1309530
2018-10-03,650.0,663.9500122070312,650.0,654.5499877929688,614.563720703125,1533990
2018-10-04,650.0999755859375,654.6500244140625,632.0999755859375,638.4000244140625,599.400390625,1736407
2018-10-05,635.2999877929688,649.5499877929688,631.0,636.6500244140625,597.7572631835938,1806150
2018-10-08,636.5999755859375,642.6500244140625,628.4500122070312,638.7999877929688,599.7760009765625,1564640
2018-10-09,639.5,643.0999755859375,625.25,639.3499755859375,600.292236328125,1535781
2018-10-10,639.3499755859375,651.0,633.2999877929688,639.5999755859375,600.527099609375,1881053
2018-10-11,627.5,633.7999877929688,613.0499877929688,616.2000122070312,578.556640625,1707508
2018-10-12,620.0,627.2000122070312,612.5999755859375,622.9000244140625,584.8472900390625,2085360
2018-10-15,623.0,649.7999877929688,618.0499877929688,647.8499755859375,608.2730712890625,2666868
2018-10-16,647.8499755859375,651.6500244140625,637.3499755859375,639.75,600.66796875,1510216
2018-10-17,644.9000244140625,646.0,637.0,640.4500122070312,601.3251342773438,1280980
2018-10-19,640.2999877929688,645.5499877929688,626.0999755859375,633.7999877929688,595.0814819335938,2267774
2018-10-22,635.2000122070312,640.6500244140625,626.8499755859375,629.6500244140625,591.1849365234375,1399755
2018-10-23,628.7999877929688,632.0,616.0,622.3499755859375,584.330810546875,1370461
2018-10-24,625.5,635.0,615.5999755859375,621.2999877929688,583.3450317382812,987144
2018-10-25,618.5499877929688,624.0,605.1500244140625,609.0,571.79638671875,5739386
2018-10-26,609.2000122070312,612.3499755859375,598.6500244140625,603.7000122070312,566.8201293945312,1935618
2018-10-29,602.3499755859375,638.2000122070312,601.4500122070312,635.1500244140625,596.348876953125,1614423
2018-10-30,636.0,636.7000122070312,608.0999755859375,610.3499755859375,573.0640258789062,2418471
2018-10-31,612.0,631.75,606.2999877929688,629.25,590.8093872070312,2305046
2018-11-01,630.0,631.9500122070312,614.0,615.4000244140625,577.8053588867188,1442392
2018-11-02,619.9500122070312,619.9500122070312,605.5,607.0999755859375,570.0125122070312,1566053
2018-11-05,607.4000244140625,617.5,557.0999755859375,563.0499877929688,528.6535034179688,12941350
2018-11-06,555.0,555.0,527.3499755859375,530.7999877929688,498.37359619140625,16941828
2018-11-07,536.0,536.0,532.0999755859375,533.3499755859375,500.767822265625,698244
2018-11-09,535.5,535.7999877929688,524.0,526.9500122070312,494.75885009765625,6125274
2018-11-12,530.0,541.9000244140625,529.0499877929688,531.8499755859375,499.3594970703125,7669697
2018-11-13,534.0,534.0,526.5,528.0999755859375,495.83856201171875,2410643
2018-11-14,530.5999755859375,532.5999755859375,517.0,519.5499877929688,487.8108825683594,2740756
2018-11-15,521.9000244140625,525.0,514.4500122070312,519.1500244140625,487.4353332519531,2661535
2018-11-16,521.7000122070312,534.0,521.0999755859375,530.5999755859375,498.1859130859375,3483625
2018-11-19,535.0,536.0,523.9500122070312,528.25,495.9794921875,1913914
2018-11-20,528.0,529.8499755859375,518.6500244140625,520.7000122070312,488.89068603515625,1707971
2018-11-21,522.7999877929688,528.0499877929688,521.2999877929688,522.1500244140625,490.25213623046875,1749806
2018-11-22,523.0,525.0,511.75,517.9500122070312,486.30859375,2045318
2018-11-26,520.0,523.75,512.7999877929688,522.0999755859375,490.20513916015625,1728468
2018-11-27,526.0,526.9500122070312,513.0499877929688,517.6500244140625,486.0269775390625,2100159
2018-11-28,519.2000122070312,523.9500122070312,513.5999755859375,515.2999877929688,483.82049560546875,2003272
2018-11-29,518.0,526.4000244140625,516.0,524.7000122070312,492.6463317871094,2799578
2018-11-30,528.0,542.0,527.0,540.8499755859375,507.8096008300781,3855382
2018-12-03,542.0,545.4000244140625,534.0999755859375,535.7999877929688,503.0682373046875,2033213
2018-12-04,536.0,549.0,535.0499877929688,546.4500122070312,513.0675659179688,3400053
2018-12-05,546.0,548.9000244140625,525.2999877929688,528.4500122070312,496.1672058105469,2192065
2018-12-06,528.0,528.0,511.0,515.2999877929688,483.82049560546875,2562048
2018-12-07,520.0,530.6500244140625,512.0,513.5999755859375,482.2243347167969,3503808
2018-12-10,509.8999938964844,514.8499755859375,503.1000061035156,512.5499877929688,481.2384948730469,2201377
2018-12-11,503.0,523.9500122070312,503.0,518.7000122070312,487.0128173828125,2326059
2018-12-12,522.9000244140625,534.2999877929688,521.0999755859375,531.2999877929688,498.8431091308594,1683131
2018-12-13,532.0,533.7999877929688,519.2000122070312,527.0,494.8057861328125,2234487
2018-12-14,528.3499755859375,533.7999877929688,516.6500244140625,521.75,489.87652587890625,1950888
2018-12-17,524.0,529.3499755859375,520.7000122070312,523.6500244140625,491.6604309082031,1196871
2018-12-18,524.0,527.0,520.0499877929688,522.9000244140625,490.956298828125,1628240
2018-12-19,524.0,528.5999755859375,522.5499877929688,524.75,492.6932678222656,1241000
2018-12-20,523.7000122070312,526.0,515.4000244140625,520.25,488.4681396484375,2074097
2018-12-21,521.0,523.9500122070312,514.2999877929688,516.6500244140625,485.0880432128906,1758710
2018-12-24,518.7999877929688,520.7999877929688,513.0,518.7999877929688,487.1066589355469,1214348
2018-12-26,515.5999755859375,519.0,507.29998779296875,514.2999877929688,482.881591796875,1318560
2018-12-27,518.9000244140625,521.0,514.0,517.9000244140625,486.2616882324219,1351636
2018-12-28,514.2999877929688,525.3499755859375,514.2999877929688,522.0,490.1112365722656,1933464
2018-12-31,522.0,526.0,517.2000122070312,519.5,487.7639465332031,1897948
2019-01-01,520.0,524.0,518.6500244140625,523.0499877929688,491.0970764160156,1361809
2019-01-02,521.9000244140625,522.5,513.1500244140625,514.5499877929688,483.11627197265625,1243067
2019-01-03,516.5,520.5,511.20001220703125,512.4000244140625,481.09771728515625,2086150
2019-01-04,513.0,514.9000244140625,508.04998779296875,512.7999877929688,481.4732360839844,1651456
2019-01-07,516.0,517.75,510.29998779296875,514.0499877929688,482.6468505859375,1168002
2019-01-08,516.0,517.2000122070312,511.25,513.6500244140625,482.27130126953125,1765015
2019-01-09,515.5499877929688,516.75,507.5,510.1000061035156,478.93817138671875,1929305
2019-01-10,509.0,514.9000244140625,509.0,513.25,481.895751953125,1252439
2019-01-11,513.4000244140625,519.0,508.25,510.20001220703125,479.0321044921875,2051418
2019-01-14,510.20001220703125,514.0,505.6000061035156,511.95001220703125,480.67523193359375,1472415
2019-01-15,514.5,515.3499755859375,509.5,514.9500122070312,483.49188232421875,1177377
2019-01-16,515.0,515.9500122070312,509.0,511.5,480.2526550292969,1446921
2019-01-17,512.5,514.9500122070312,507.6000061035156,509.6000061035156,478.46875,1598184
2019-01-18,510.20001220703125,513.0,507.29998779296875,509.3999938964844,478.28094482421875,1502360
2019-01-21,510.0,514.2000122070312,508.20001220703125,509.25,478.14013671875,1150380
2019-01-22,510.0,511.3999938964844,502.45001220703125,507.1000061035156,476.1214294433594,1455953
2019-01-23,510.0,511.70001220703125,507.1000061035156,509.29998779296875,478.18701171875,1358623
2019-01-24,510.0,510.70001220703125,496.1000061035156,500.70001220703125,470.1124572753906,1620195
2019-01-25,502.1000061035156,508.6000061035156,501.3500061035156,507.6499938964844,476.6378173828125,1193442
2019-01-28,509.0,509.0,489.1000061035156,492.1499938964844,462.0847473144531,3215535
2019-01-29,489.1000061035156,507.54998779296875,483.75,505.04998779296875,474.1966857910156,2675481
2019-01-30,504.95001220703125,507.1000061035156,497.70001220703125,505.79998779296875,474.90087890625,1524621
2019-01-31,506.0,519.8499755859375,504.25,517.2999877929688,485.6983337402344,2203919
2019-02-01,517.6500244140625,522.5499877929688,512.5,521.3499755859375,489.5009460449219,1380838
2019-02-04,521.0,521.0,506.20001220703125,509.6000061035156,478.46875,1480952
2019-02-05,506.54998779296875,514.0,501.20001220703125,508.0,476.9665222167969,4358002
2019-02-06,510.5,546.7000122070312,504.1000061035156,534.9500122070312,502.2701416015625,8775759
2019-02-07,537.0999755859375,546.5999755859375,528.1500244140625,532.9000244140625,500.34539794921875,4417618
2019-02-08,532.8499755859375,543.7000122070312,531.2000122070312,534.25,501.61285400390625,2747159
2019-02-11,538.7000122070312,545.9000244140625,535.8499755859375,543.2999877929688,510.1099853515625,2989919
2019-02-12,540.0499877929688,545.7000122070312,536.0999755859375,543.2999877929688,510.1099853515625,2252766
2019-02-14,542.9000244140625,556.0,537.4000244140625,542.9000244140625,509.7344665527344,2766535
2019-02-15,540.0,551.4000244140625,528.5,540.5499877929688,507.52801513671875,2491806
2019-02-18,542.0,545.0499877929688,532.2999877929688,541.1500244140625,508.0914306640625,1590101
2019-02-19,544.7999877929688,545.0,536.75,539.6500244140625,506.68292236328125,1879600
2019-02-20,540.2000122070312,543.2000122070312,538.6500244140625,541.0999755859375,508.0443420410156,1208930
2019-02-21,542.8499755859375,547.9000244140625,540.5,545.5,512.175537109375,1093548
2019-02-22,543.7999877929688,546.0999755859375,539.0999755859375,541.2999877929688,508.2322692871094,1592112
2019-02-25,541.5,550.8499755859375,541.0,548.2999877929688,514.8045654296875,1961905
2019-02-26,545.0999755859375,553.6500244140625,538.0499877929688,550.4000244140625,516.7763061523438,1952961
2019-02-27,551.0,555.3499755859375,544.25,551.9000244140625,518.1846923828125,2389977
2019-02-28,555.0,558.2999877929688,546.0,554.5499877929688,520.6727294921875,2618486
2019-03-01,555.0,555.2999877929688,547.4000244140625,551.5499877929688,517.8560791015625,2430914
2019-03-05,550.0,551.5,546.5499877929688,548.6500244140625,515.1331176757812,1644098
2019-03-06,551.0,552.0,541.9500122070312,547.5499877929688,514.100341796875,1587182
2019-03-07,547.6500244140625,550.0,539.6500244140625,541.3499755859375,508.279052734375,1144534
2019-03-08,541.0,543.4000244140625,538.25,539.9500122070312,506.96466064453125,2618767
2019-03-11,542.0,542.0,535.5,540.0999755859375,507.1054992675781,2342102
2019-03-12,541.9000244140625,543.6500244140625,537.2999877929688,538.75,505.8379821777344,2049339
2019-03-13,542.0,542.5,531.0,532.7999877929688,500.2515563964844,1582245
2019-03-14,532.0499877929688,534.0999755859375,530.5,532.75,500.20452880859375,1490894
2019-03-15,534.0999755859375,535.4000244140625,528.9500122070312,532.5999755859375,500.0636291503906,2019240
2019-03-18,533.0499877929688,535.7999877929688,529.0,534.5,501.8476257324219,1266863
2019-03-19,537.1500244140625,537.7000122070312,530.2000122070312,533.6500244140625,501.049560546875,874797
2019-03-20,532.0,534.7999877929688,531.0999755859375,533.25,500.6739807128906,1255306
2019-03-22,534.9000244140625,539.0,523.5999755859375,526.7999877929688,494.6180114746094,1579084
2019-03-25,525.5999755859375,528.7000122070312,516.2000122070312,526.8499755859375,494.66485595703125,1874898
2019-03-26,528.5,532.5,525.7000122070312,529.2999877929688,496.96527099609375,3044792
2019-03-27,531.4000244140625,533.5999755859375,524.0499877929688,525.5,493.3974304199219,1217387
2019-03-28,525.2999877929688,527.3499755859375,522.2999877929688,525.5999755859375,493.4913635253906,4133379
2019-04-01,516.2999877929688,528.75,516.2999877929688,525.6500244140625,493.53826904296875,4091454
2019-04-02,529.9500122070312,529.9500122070312,521.1500244140625,522.6500244140625,490.7215270996094,1268431
2019-04-03,523.0,524.7999877929688,519.0999755859375,520.4500122070312,488.65594482421875,3276338
2019-04-04,519.0,522.0,517.5,521.0,489.17230224609375,5555991
2019-04-05,531.4000244140625,541.0,526.0,532.0999755859375,499.5941467285156,9784780
2019-04-08,536.5,536.9000244140625,522.7000122070312,525.4000244140625,493.3034973144531,2429845
2019-04-09,526.25,534.5,525.4000244140625,532.0,499.50030517578125,2301681
2019-04-10,531.5499877929688,551.75,530.7999877929688,546.4500122070312,513.0675659179688,5992326
2019-04-11,546.3499755859375,554.7000122070312,542.0,544.8499755859375,511.5653381347656,2977870
2019-04-12,547.9500122070312,556.7000122070312,545.2999877929688,554.8499755859375,520.954345703125,4347530
2019-04-15,555.0,569.2000122070312,552.0,566.2999877929688,531.7048950195312,2252373
2019-04-16,570.0,571.75,556.5999755859375,559.3499755859375,525.179443359375,2246831
2019-04-18,562.0,566.6500244140625,553.2000122070312,561.5499877929688,527.2449951171875,2306549
2019-04-22,560.0,566.0,556.5999755859375,561.0999755859375,526.8225708007812,1205612
2019-04-23,562.5,575.9500122070312,560.4000244140625,561.7000122070312,527.385986328125,2179959
2019-04-24,561.4000244140625,564.5,553.2000122070312,558.5499877929688,524.4283447265625,1896565
2019-04-25,558.7000122070312,563.9500122070312,551.1500244140625,555.5999755859375,521.6585693359375,2416194
2019-04-26,558.25,572.9000244140625,557.2000122070312,567.9500122070312,533.254150390625,2593397
2019-04-30,569.9000244140625,571.0499877929688,558.6500244140625,565.0,530.484375,1914026
2019-05-02,563.0,569.7000122070312,556.7000122070312,565.5999755859375,531.0477294921875,1700976
2019-05-03,568.0,573.0,561.6500244140625,564.5,530.0149536132812,2758638
2019-05-06,556.0,564.5,556.0,563.3499755859375,528.9351196289062,1715311
2019-05-07,564.0,566.2999877929688,555.1500244140625,557.9500122070312,523.864990234375,1478212
2019-05-08,556.0,561.4000244140625,549.0,558.0,523.9120483398438,1890174
2019-05-09,559.9000244140625,561.0499877929688,548.7000122070312,557.75,523.6773071289062,1672967
2019-05-10,557.75,562.7000122070312,551.0,555.5499877929688,521.6116943359375,1687480
2019-05-13,552.0,556.75,529.5999755859375,546.7000122070312,513.3023071289062,2027570
2019-05-14,546.0,560.75,541.2000122070312,556.0,522.0341796875,1822829
2019-05-15,554.0,562.5,551.5,555.7000122070312,521.7525024414062,1396473
2019-05-16,554.0,556.7000122070312,541.0499877929688,550.2000122070312,516.5885620117188,2589467
2019-05-17,549.0,551.9500122070312,541.0,544.1500244140625,510.9081115722656,1194005
2019-05-20,560.0,567.0,550.4000244140625,565.4500122070312,530.9068603515625,1586746
2019-05-21,565.4500122070312,580.0,552.75,559.3499755859375,525.179443359375,4286383
2019-05-22,562.0,574.0,550.0499877929688,553.0,519.217529296875,7762734
2019-05-23,561.9000244140625,568.9000244140625,543.75,564.75,530.2496948242188,5640728
2019-05-24,569.2000122070312,572.5,559.4500122070312,570.5999755859375,535.7423095703125,1796355
2019-05-27,570.0,586.0,568.0,578.7000122070312,543.3474731445312,1959075
2019-05-28,579.0,584.2000122070312,571.5,577.9500122070312,542.6432495117188,2469586
2019-05-29,577.4000244140625,582.4500122070312,559.9000244140625,564.3499755859375,529.8740844726562,1948077
2019-05-30,560.0999755859375,563.5,554.25,561.9500122070312,527.6206665039062,2577559
2019-05-31,562.7000122070312,569.0,550.8499755859375,558.8499755859375,524.7100219726562,1912387
2019-06-03,559.0,569.4500122070312,552.5,568.25,533.5357055664062,1284381
2019-06-04,564.0,575.0,561.0999755859375,562.6500244140625,528.2779541015625,1558827
2019-06-06,565.0,568.2999877929688,556.5499877929688,559.7999877929688,525.6019897460938,1750285
2019-06-07,565.0,565.0,542.0,549.5,515.9312133789062,2696228
2019-06-10,550.5999755859375,562.5999755859375,550.0,554.5499877929688,520.6727294921875,1708042
2019-06-11,555.4000244140625,566.4000244140625,551.0,559.8499755859375,525.6489868164062,2518184
2019-06-12,558.9000244140625,567.0,556.25,561.5999755859375,527.2921142578125,1253337
2019-06-13,560.0499877929688,566.5999755859375,559.25,564.5999755859375,530.1087646484375,1594956
2019-06-14,560.1500244140625,564.4500122070312,554.1500244140625,555.5999755859375,521.6585693359375,1808363
2019-06-17,555.5,556.5999755859375,543.8499755859375,545.1500244140625,511.84698486328125,1267159
2019-06-18,545.2000122070312,555.5,545.0499877929688,547.5999755859375,514.1472778320312,1257992
2019-06-19,550.5999755859375,551.9000244140625,532.5499877929688,533.7000122070312,501.09649658203125,1137906
2019-06-20,531.7999877929688,552.4500122070312,528.6500244140625,551.2999877929688,517.6212768554688,1986432
2019-06-21,549.8499755859375,553.7999877929688,545.2000122070312,551.5499877929688,517.8560791015625,1534007
2019-06-24,548.5499877929688,552.4500122070312,545.0999755859375,549.9000244140625,516.306884765625,981017
2019-06-25,548.9500122070312,554.9500122070312,546.5499877929688,550.0499877929688,516.4476928710938,805704
2019-06-26,550.0,558.7999877929688,548.0,556.5499877929688,522.550537109375,1020879
2019-06-27,556.8499755859375,563.9000244140625,550.2999877929688,551.9500122070312,518.2316284179688,1323494
2019-06-28,551.9000244140625,556.7000122070312,546.3499755859375,553.4500122070312,519.639892578125,996578
2019-07-01,555.7000122070312,559.3499755859375,553.1500244140625,555.7999877929688,521.8463745117188,565463
2019-07-02,557.1500244140625,558.5,551.5,555.3499755859375,521.423828125,565414
2019-07-03,555.3499755859375,556.7000122070312,549.4500122070312,553.25,519.4522094726562,797387
2019-07-04,554.6500244140625,555.6500244140625,550.5999755859375,551.5499877929688,517.8560791015625,639531
2019-07-05,551.5499877929688,554.25,549.2000122070312,550.0,516.4007568359375,796604
2019-07-08,547.0,549.0,534.6500244140625,538.4500122070312,505.55621337890625,1490078
2019-07-09,536.7999877929688,552.4500122070312,536.7999877929688,548.7999877929688,515.2741088867188,1472836
2019-07-10,545.3499755859375,551.1500244140625,541.8499755859375,544.9500122070312,511.6591796875,1045560
2019-07-11,549.0,553.7999877929688,546.0,552.4000244140625,518.6541748046875,726448
2019-07-12,554.0,566.5,547.2000122070312,556.7999877929688,522.7853393554688,1485506
2019-07-15,559.9000244140625,560.5,548.5999755859375,550.5499877929688,516.9171142578125,842129
2019-07-16,554.75,558.4500122070312,549.4000244140625,553.5499877929688,519.7337646484375,1460303
2019-07-17,554.0,558.5,547.4500122070312,557.5499877929688,523.4894409179688,1034734
2019-07-18,558.8499755859375,559.0,545.5,547.0,513.583984375,1355289
2019-07-19,550.7999877929688,552.0,535.5,536.7000122070312,503.9132385253906,783708
2019-07-22,536.7000122070312,540.0,526.2000122070312,530.9500122070312,498.5145263671875,1816845
2019-07-23,531.0,535.2000122070312,521.0,528.9000244140625,496.5897521972656,2353027
2019-07-24,529.0,529.0,517.0499877929688,518.75,487.05975341796875,2707033
2019-07-25,521.3499755859375,539.2000122070312,519.0,536.6500244140625,503.86627197265625,3183510
2019-07-26,533.2000122070312,539.9000244140625,528.25,532.0999755859375,499.5941467285156,1371242
2019-07-29,531.5999755859375,534.9500122070312,520.25,522.25,490.345947265625,735045
2019-07-30,522.2000122070312,533.5999755859375,517.7999877929688,520.0,488.2333984375,1665158
2019-07-31,516.9000244140625,522.7000122070312,506.0,521.0999755859375,492.1052551269531,1828077
2019-08-01,516.1500244140625,519.4500122070312,509.20001220703125,512.4500122070312,483.9365539550781,1289007
2019-08-02,509.0,519.7000122070312,508.70001220703125,516.0999755859375,487.3834228515625,1574251
2019-08-05,513.7999877929688,520.7999877929688,512.25,518.9000244140625,490.0277404785156,2162918
2019-08-06,518.0,527.0,496.8500061035156,500.1499938964844,472.3209533691406,7425849
2019-08-07,502.70001220703125,525.8499755859375,501.6499938964844,518.2999877929688,489.4610290527344,4668643
2019-08-08,504.75,510.0,493.79998779296875,503.04998779296875,475.05963134765625,6750611
2019-08-09,505.8999938964844,511.70001220703125,481.54998779296875,484.5,457.541748046875,5172748
2019-08-13,484.5,486.8999938964844,473.04998779296875,475.75,449.278564453125,2952687
2019-08-14,477.45001220703125,483.25,465.0,478.29998779296875,451.6866760253906,2376714
2019-08-16,477.0,483.3999938964844,474.5,476.1000061035156,449.60919189453125,1279325
2019-08-19,478.5,485.54998779296875,474.6000061035156,475.8500061035156,449.3730773925781,1211272
2019-08-20,478.8500061035156,481.70001220703125,470.54998779296875,478.70001220703125,452.06451416015625,1606901
2019-08-21,478.6000061035156,479.0,466.95001220703125,468.04998779296875,442.0070495605469,1065506
2019-08-22,464.8999938964844,469.95001220703125,460.6000061035156,464.0,438.1824035644531,1398888
2019-08-23,464.0,467.3500061035156,449.20001220703125,465.8999938964844,439.9766845703125,2217428
2019-08-26,468.1000061035156,470.95001220703125,454.8999938964844,466.54998779296875,440.59051513671875,2158865
2019-08-27,468.5,469.8500061035156,458.45001220703125,465.3500061035156,439.457275390625,2992115
2019-08-28,465.79998779296875,476.20001220703125,460.1499938964844,464.25,438.4184875488281,2193022
2019-08-29,465.5,468.0,456.54998779296875,465.20001220703125,439.315673828125,1410078
2019-08-30,468.0,475.20001220703125,461.45001220703125,472.45001220703125,446.1622619628906,1126818
2019-09-03,467.0,471.25,461.0,469.54998779296875,443.4235534667969,1564714
2019-09-04,471.1000061035156,475.0,467.04998779296875,471.3999938964844,445.170654296875,2339657
2019-09-05,472.0,479.75,470.6000061035156,478.3999938964844,451.7811584472656,1216510
2019-09-06,479.0,482.5,473.75,474.8999938964844,448.47589111328125,1668897
2019-09-09,475.0,478.70001220703125,472.1000061035156,475.0,448.5703430175781,780846
2019-09-11,474.0,478.29998779296875,468.04998779296875,471.79998779296875,445.54833984375,996410
2019-09-12,474.0,474.0,464.3999938964844,467.79998779296875,441.77093505859375,1179858
2019-09-13,468.04998779296875,469.6499938964844,464.5,469.0,442.9042053222656,818854
2019-09-16,467.0,472.0,464.1000061035156,470.5,444.3207702636719,1257381
2019-09-17,471.95001220703125,472.3999938964844,457.0,460.6499938964844,435.018798828125,1753611
2019-09-18,461.3999938964844,462.79998779296875,454.3500061035156,458.6499938964844,433.1300964355469,1656705
2019-09-19,458.6499938964844,461.95001220703125,449.8999938964844,452.04998779296875,426.8973083496094,1027073
2019-09-20,454.20001220703125,465.0,445.5,463.29998779296875,437.5213317871094,2558072
2019-09-23,468.0,472.29998779296875,445.0,448.8999938964844,423.9225769042969,2819792
2019-09-24,450.0,455.04998779296875,446.6000061035156,450.25,425.1974792480469,1959468
2019-09-25,449.8999938964844,450.0,432.20001220703125,434.6000061035156,410.4182434082031,3524655
2019-09-26,439.0,440.45001220703125,430.3999938964844,438.45001220703125,414.0540466308594,3960277
2019-09-27,438.45001220703125,446.0,435.70001220703125,439.3999938964844,414.9512023925781,3151119
2019-09-30,430.0,432.79998779296875,418.0,425.5,401.8245849609375,6307161
2019-10-01,426.8999938964844,426.8999938964844,402.70001220703125,412.6499938964844,389.6895751953125,4914716
2019-10-03,411.0,421.0,406.5,418.1000061035156,394.83636474609375,2639852
2019-10-04,419.5,431.29998779296875,416.1499938964844,418.3500061035156,395.0724182128906,4182360
2019-10-07,419.95001220703125,419.95001220703125,405.5,408.25,385.5343933105469,2564196
2019-10-09,408.29998779296875,427.0,407.5,423.3500061035156,399.7942199707031,4117690
2019-10-10,423.1000061035156,427.29998779296875,418.54998779296875,422.1499938964844,398.6609802246094,2381621
2019-10-11,422.54998779296875,443.0,389.54998779296875,441.3500061035156,416.7926940917969,17354782
2019-10-14,441.3500061035156,446.45001220703125,433.5,440.8999938964844,416.3677062988281,5861895
2019-10-15,440.0,448.5,435.3500061035156,446.54998779296875,421.70330810546875,3153015
2019-10-16,446.29998779296875,447.8500061035156,438.95001220703125,446.79998779296875,421.939453125,2180925
2019-10-17,445.29998779296875,447.70001220703125,439.3999938964844,446.29998779296875,421.4672546386719,1818421
2019-10-18,448.5,451.1499938964844,440.1000061035156,444.1499938964844,419.4368896484375,2850227
2019-10-22,441.25,457.75,440.20001220703125,453.8999938964844,428.6444091796875,2333810
2019-10-23,453.6499938964844,456.79998779296875,448.1000061035156,454.25,428.9749450683594,2262575
2019-10-24,455.0,456.0,443.54998779296875,446.8500061035156,421.98663330078125,1733751
2019-10-25,447.1000061035156,461.45001220703125,441.75,459.8500061035156,434.26336669921875,2647759
2019-10-27,462.0,463.8999938964844,459.5,461.04998779296875,435.39654541015625,179612
2019-10-29,463.8999938964844,478.3999938964844,462.0,473.04998779296875,446.7288818359375,3498572
2019-10-30,478.95001220703125,478.95001220703125,462.25,465.0,439.1268005371094,2640132
2019-10-31,465.0,472.70001220703125,460.1499938964844,466.8500061035156,440.8738708496094,3944718
2019-11-01,467.29998779296875,474.20001220703125,462.3999938964844,469.20001220703125,443.0931091308594,3649879
2019-11-04,471.3999938964844,478.5,467.04998779296875,468.29998779296875,442.2431945800781,2393325
2019-11-05,470.1499938964844,475.5,465.1499938964844,467.8500061035156,441.8181457519531,1391429
2019-11-06,469.04998779296875,487.95001220703125,464.25,480.8500061035156,454.0948791503906,17751556
2019-11-07,482.0,487.3999938964844,470.0,471.8500061035156,445.59564208984375,5892783
2019-11-08,470.1000061035156,470.1000061035156,461.25,462.5,436.765869140625,4300075
2019-11-11,459.3999938964844,459.3999938964844,451.75,454.8500061035156,429.5415344238281,4109355
2019-11-13,452.0,455.0,446.0,447.8999938964844,422.9782409667969,3001272
2019-11-14,445.20001220703125,458.20001220703125,442.6499938964844,451.3999938964844,426.2834777832031,2659601
2019-11-15,448.0,468.04998779296875,435.3999938964844,463.25,437.4741516113281,10693852
2019-11-18,463.0,472.0,457.6499938964844,460.6000061035156,434.9715881347656,2847404
2019-11-19,461.20001220703125,477.5,459.54998779296875,472.1000061035156,445.8316955566406,5080106
2019-11-20,472.0,483.70001220703125,468.6499938964844,482.6000061035156,455.74749755859375,4080054
2019-11-21,482.6000061035156,492.29998779296875,476.6000061035156,485.5,458.4861145019531,5600894
2019-11-22,485.0,485.0,472.70001220703125,478.8500061035156,452.2061462402344,2778328
2019-11-25,478.25,485.3500061035156,475.8999938964844,483.5,456.597412109375,1465490
2019-11-26,483.0,490.54998779296875,476.70001220703125,478.54998779296875,451.9228210449219,3880896
2019-11-27,475.0,475.0,464.54998779296875,468.0,441.9598388671875,3494515
2019-11-28,472.0,476.5,464.1000061035156,468.3500061035156,442.2903747558594,2933958
2019-11-29,469.6499938964844,473.3999938964844,465.6000061035156,466.70001220703125,440.732177734375,1307574
2019-12-02,469.6000061035156,469.6000061035156,455.3500061035156,464.0,438.1824035644531,2492362
2019-12-03,465.0,465.8500061035156,460.0,464.25,438.4184875488281,1067139
2019-12-04,463.0,471.8500061035156,462.0,470.0,443.8485412597656,1426757
2019-12-05,469.5,470.29998779296875,460.3999938964844,461.6000061035156,435.91595458984375,1483537
2019-12-06,463.0,467.0,454.0,455.45001220703125,430.1081848144531,2520045
2019-12-09,457.3999938964844,457.75,444.6000061035156,447.8999938964844,422.9782409667969,3761784
2019-12-10,450.6000061035156,454.95001220703125,449.5,453.04998779296875,427.8416442871094,2807906
2019-12-11,453.0,453.1000061035156,446.70001220703125,449.95001220703125,424.9141845703125,1806996
2019-12-12,452.20001220703125,463.1000061035156,452.20001220703125,461.04998779296875,435.39654541015625,2730092
2019-12-13,461.04998779296875,465.0,456.6000061035156,461.25,435.5854187011719,1213599
2019-12-16,463.04998779296875,464.75,457.5,458.25,432.7523498535156,903737
2019-12-17,462.04998779296875,466.20001220703125,460.3500061035156,463.95001220703125,438.1352233886719,2434853
2019-12-18,464.0,469.25,461.5,467.79998779296875,441.77093505859375,1705929
2019-12-19,465.6499938964844,471.5,464.79998779296875,467.6000061035156,441.5821228027344,1485123
2019-12-20,466.8999938964844,474.45001220703125,463.8999938964844,465.75,439.8350830078125,2248997
2019-12-23,467.0,469.0,464.5,467.8500061035156,441.8181457519531,866023
2019-12-24,467.25,480.0,465.5,478.70001220703125,452.06451416015625,3262749
2019-12-26,478.70001220703125,482.54998779296875,472.25,474.1499938964844,447.76763916015625,2887784
2019-12-27,474.54998779296875,483.5,472.79998779296875,481.1000061035156,454.3309020996094,2005404
2019-12-30,481.1000061035156,487.0,478.25,479.95001220703125,453.24493408203125,1809828
2019-12-31,479.95001220703125,484.29998779296875,476.95001220703125,478.20001220703125,451.5923156738281,1640854
2020-01-01,481.0,481.0,474.45001220703125,475.8999938964844,449.4202575683594,1316812
2020-01-02,478.8500061035156,479.8999938964844,472.29998779296875,473.5,447.15380859375,1406381
2020-01-03,475.79998779296875,475.79998779296875,467.25,469.95001220703125,443.8013610839844,2252752
2020-01-06,469.79998779296875,469.95001220703125,461.20001220703125,466.75,440.7793884277344,1501855
2020-01-07,466.0,470.0,463.6499938964844,468.6000061035156,442.5265197753906,2365554
2020-01-08,467.79998779296875,470.1000061035156,461.6000061035156,464.75,438.89068603515625,1507276
2020-01-09,467.5,473.29998779296875,467.5,470.1000061035156,443.9430236816406,1700600
2020-01-10,470.1000061035156,477.0,469.75,473.5,447.15380859375,1213600
2020-01-13,474.5,482.45001220703125,474.5,477.6499938964844,451.0729064941406,1229969
2020-01-14,480.6000061035156,485.20001220703125,479.20001220703125,484.25,457.3056640625,2160301
2020-01-15,484.0,486.8500061035156,479.54998779296875,484.0,457.0696105957031,1413668
2020-01-16,484.0,487.45001220703125,479.0,480.25,453.5282287597656,1694372
2020-01-17,480.0,482.95001220703125,476.54998779296875,480.29998779296875,453.5754089355469,2039387
2020-01-20,480.45001220703125,483.1499938964844,476.6499938964844,480.1499938964844,453.4338073730469,1206931
2020-01-21,478.95001220703125,479.54998779296875,472.20001220703125,473.3999938964844,447.0593566894531,1448808
2020-01-22,474.5,480.29998779296875,470.25,471.6000061035156,445.35955810546875,2380518
2020-01-23,464.5,475.8500061035156,459.3500061035156,465.1499938964844,439.2684020996094,5783749
2020-01-24,465.0,467.75,456.8500061035156,458.8500061035156,433.3190002441406,2713370
2020-01-27,457.5,466.5,454.20001220703125,464.45001220703125,438.60736083984375,5849003
2020-01-28,465.0,468.0,458.95001220703125,464.70001220703125,438.8434753417969,3592413
2020-01-29,464.70001220703125,467.3999938964844,460.3500061035156,461.54998779296875,435.86871337890625,1737293
2020-01-30,461.0,461.0,446.3500061035156,451.0,425.90576171875,2766881
2020-01-31,453.95001220703125,453.95001220703125,442.1000061035156,446.8999938964844,422.0338439941406,2184609
2020-02-03,444.0,450.6499938964844,439.3999938964844,444.54998779296875,419.8146057128906,1690394
2020-02-04,446.70001220703125,452.45001220703125,444.20001220703125,448.45001220703125,423.4976806640625,2030860
2020-02-05,449.54998779296875,459.1499938964844,437.5,447.54998779296875,422.6477355957031,3637403
2020-02-06,462.5,464.3500061035156,435.3500061035156,439.6499938964844,415.187255859375,7118843
2020-02-07,440.0,445.8999938964844,437.29998779296875,443.20001220703125,418.53973388671875,6386193
2020-02-10,444.20001220703125,451.0,442.1000061035156,444.75,420.0035095214844,3557480
2020-02-11,447.1000061035156,452.0,443.3500061035156,450.6000061035156,425.52801513671875,1889638
2020-02-12,454.95001220703125,454.95001220703125,445.0,446.79998779296875,421.939453125,1683136
2020-02-13,446.79998779296875,448.8999938964844,440.5,443.3999938964844,418.7286376953125,2041017
2020-02-14,444.0,448.8999938964844,441.5,447.1000061035156,422.2227478027344,1814780
2020-02-17,444.5,445.75,430.1000061035156,431.8999938964844,407.8684997558594,4581786
2020-02-18,433.0,437.6499938964844,428.1000061035156,436.0,411.7403564453125,2453801
2020-02-19,437.79998779296875,449.20001220703125,437.3999938964844,447.5,422.6004638671875,2359566
2020-02-20,448.0,448.79998779296875,434.5,435.75,411.5042419433594,3048500
2020-02-24,436.0,436.70001220703125,426.54998779296875,430.1499938964844,406.2158203125,2569563
2020-02-25,430.20001220703125,431.20001220703125,420.0,425.79998779296875,402.1078796386719,2438218
2020-02-26,406.0,425.0,405.79998779296875,422.20001220703125,398.7082214355469,8068909
2020-02-27,411.1000061035156,424.0,409.0,421.20001220703125,397.7638854980469,5109022
2020-02-28,413.0,416.45001220703125,398.04998779296875,402.1000061035156,379.72662353515625,4200936
2020-03-02,407.0,411.25,394.6499938964844,401.95001220703125,379.5849914550781,3460583
2020-03-03,402.0,429.20001220703125,402.0,425.29998779296875,401.63568115234375,5476676
2020-03-04,425.6000061035156,449.79998779296875,420.0,447.6499938964844,422.74212646484375,9297945
2020-03-05,447.8500061035156,472.0,437.45001220703125,440.6000061035156,416.0844421386719,9637431
2020-03-06,425.0,438.1499938964844,423.04998779296875,434.3999938964844,410.2294006347656,2916146
2020-03-09,425.0,432.6499938964844,423.5,426.1499938964844,402.43841552734375,2986596
2020-03-11,425.0,426.1499938964844,410.20001220703125,417.1000061035156,393.8919982910156,5314547
2020-03-12,412.5,412.5,390.75,394.75,372.78558349609375,5636464
2020-03-13,388.0,434.95001220703125,355.29998779296875,425.54998779296875,401.8717956542969,6096891
2020-03-16,416.0,423.8999938964844,392.75,396.3999938964844,374.34375,5394603
2020-03-17,397.0,422.0,390.75,401.75,379.39605712890625,2989674
2020-03-18,411.79998779296875,411.79998779296875,381.70001220703125,386.0,364.5224304199219,4200456
2020-03-19,374.79998779296875,390.75,362.8999938964844,374.70001220703125,357.5564270019531,2926091
2020-03-20,379.79998779296875,399.79998779296875,372.45001220703125,392.79998779296875,374.8282775878906,4718358
2020-03-23,370.0,406.8999938964844,370.0,375.25,358.0812683105469,5507004
2020-03-24,380.0,409.75,372.54998779296875,377.45001220703125,360.1806335449219,6649616
2020-03-25,378.0,394.8999938964844,374.0,376.45001220703125,359.22637939453125,6418955
2020-03-26,383.0,394.70001220703125,380.5,386.1499938964844,368.4825134277344,4291225
2020-03-27,393.0,411.0,391.95001220703125,407.6499938964844,388.9989013671875,6471291
2020-03-30,413.79998779296875,438.70001220703125,407.6499938964844,431.75,411.9962158203125,9020926
2020-03-31,446.0,446.6000061035156,420.0,422.8500061035156,403.50341796875,9434602
2020-04-01,424.8999938964844,430.8999938964844,410.3999938964844,413.75,394.8197937011719,6329668
2020-04-03,425.0,454.70001220703125,416.25,449.20001220703125,428.64788818359375,17906762
2020-04-07,479.0,513.4000244140625,452.0,492.25,469.7281799316406,20843608
2020-04-08,496.95001220703125,530.0,490.0,512.75,489.2902526855469,19456188
2020-04-09,564.0,610.0,564.0,579.5999755859375,553.0817260742188,27207708
2020-04-13,605.0,605.0,583.0,592.8499755859375,565.7255249023438,15483858
2020-04-15,604.4500122070312,614.0,578.5999755859375,592.3499755859375,565.248291015625,16213806
2020-04-16,590.0,612.7999877929688,582.0,600.4500122070312,572.9777221679688,12716342
2020-04-17,615.0,615.0,595.0,598.0,570.639892578125,8304173
2020-04-20,598.0,599.4000244140625,580.0,585.4000244140625,558.6163330078125,5856150
2020-04-21,578.0,609.7999877929688,570.0,592.0999755859375,565.0098266601562,14471856
2020-04-22,594.9000244140625,599.75,585.0,587.2000122070312,560.3339233398438,6182243
2020-04-23,590.0,603.9000244140625,579.0499877929688,586.7000122070312,559.8568115234375,6277840
2020-04-24,586.4000244140625,606.0,583.5999755859375,599.2999877929688,571.8803100585938,11127889
2020-04-27,600.0,632.6500244140625,600.0,608.7000122070312,580.8502807617188,14089786
2020-04-28,616.7999877929688,621.25,593.25,598.5999755859375,571.2124633789062,8193422
2020-04-29,605.0,607.9000244140625,590.0999755859375,596.25,568.9698486328125,6767183
2020-04-30,607.9000244140625,611.4500122070312,586.0999755859375,589.5999755859375,562.6240844726562,9099721
2020-05-04,589.0,616.9500122070312,580.5999755859375,611.8499755859375,583.8560791015625,16815950
2020-05-05,623.0499877929688,623.0499877929688,595.0,596.9000244140625,569.5902099609375,9257154
2020-05-06,597.5,606.0,590.0,591.75,564.67578125,6978135
2020-05-07,598.0,601.7999877929688,587.5,589.5499877929688,562.576416015625,4620871
2020-05-08,598.0,601.2000122070312,589.5,591.9000244140625,564.8189697265625,5051303
2020-05-11,600.9500122070312,600.9500122070312,583.4500122070312,586.0499877929688,559.236572265625,5853892
2020-05-12,587.0,593.7999877929688,566.2000122070312,570.1500244140625,544.0640869140625,8868938
2020-05-13,600.0,605.0,568.9000244140625,570.2000122070312,544.1117553710938,10438589
2020-05-14,571.0,577.9000244140625,566.0999755859375,569.75,543.682373046875,8546002
2020-05-15,572.0,585.0,565.5999755859375,570.2999877929688,544.2071533203125,14388403
2020-05-18,570.5999755859375,605.0,570.5,600.4500122070312,572.9777221679688,22898114
2020-05-19,600.0,608.7999877929688,590.2000122070312,594.9500122070312,567.7293090820312,10951060
2020-05-20,597.0,624.3499755859375,595.4000244140625,620.6500244140625,592.2535400390625,13440063
2020-05-21,620.6500244140625,626.8499755859375,612.2999877929688,616.5999755859375,588.3887939453125,7916771
2020-05-22,616.7000122070312,641.8499755859375,610.0999755859375,639.3499755859375,610.097900390625,10874832
2020-05-26,640.0,646.9000244140625,624.0499877929688,627.7000122070312,598.9810180664062,8859302
2020-05-27,630.0,637.7999877929688,625.7999877929688,633.0499877929688,604.0861206054688,7710100
2020-05-28,634.0,637.6500244140625,626.0499877929688,628.3499755859375,599.6011962890625,5488625
2020-05-29,633.0,650.9500122070312,631.0,648.1500244140625,618.495361328125,10580203
2020-06-01,649.0,652.5999755859375,634.5499877929688,642.5,613.103759765625,7439123
2020-06-02,644.9000244140625,658.6500244140625,636.0,637.5999755859375,608.4279174804688,6883363
2020-06-03,646.8499755859375,649.5,635.2999877929688,641.2000122070312,611.86328125,5044700
2020-06-04,643.0,664.7999877929688,642.5,660.5499877929688,630.3279418945312,10452388
2020-06-05,665.0,669.75,649.0,650.9000244140625,621.1195068359375,6481383
2020-06-08,656.7000122070312,657.7999877929688,633.0499877929688,635.0999755859375,606.0423583984375,6263334
2020-06-09,638.9000244140625,654.2999877929688,637.0499877929688,640.0499877929688,610.7659301757812,8968365
2020-06-10,646.7999877929688,650.75,639.7999877929688,642.9500122070312,613.533203125,5425984
2020-06-11,645.6500244140625,646.9500122070312,632.7999877929688,635.0,605.947021484375,3172467
2020-06-12,616.2999877929688,645.0,616.2999877929688,643.5999755859375,614.1535034179688,5579009
2020-06-15,643.0,653.5,637.0,643.6500244140625,614.201171875,4520180
2020-06-16,644.5,650.0,632.4500122070312,637.7999877929688,608.618896484375,2927072
2020-06-17,640.0,643.7999877929688,635.0,640.3499755859375,611.05224609375,2648039
2020-06-18,641.6500244140625,644.7999877929688,636.4000244140625,642.0499877929688,612.6743774414062,2161524
2020-06-19,648.8499755859375,648.8499755859375,631.5,636.2000122070312,607.0921020507812,4476020
2020-06-22,691.0,692.5,651.6500244140625,655.9500122070312,625.9384765625,29312493
2020-06-23,674.0,674.0,655.4000244140625,659.7999877929688,629.6122436523438,8287482
2020-06-24,660.0,662.25,628.2999877929688,631.2000122070312,602.3208618164062,6955942
2020-06-25,632.0,642.0,629.1500244140625,634.9000244140625,605.8515014648438,5816404
2020-06-26,639.0,643.6500244140625,631.5999755859375,634.9000244140625,605.8515014648438,3847728
2020-06-29,637.0,648.0,635.4000244140625,644.9000244140625,615.39404296875,6772032
2020-06-30,647.9500122070312,649.9000244140625,638.0,640.25,610.9567260742188,4319880
2020-07-01,642.5999755859375,642.5999755859375,621.0499877929688,627.0999755859375,598.408447265625,4809651
2020-07-02,630.0,654.4500122070312,626.0,646.2000122070312,616.634521484375,6169821
2020-07-03,652.9500122070312,652.9500122070312,635.5,638.7999877929688,609.5731201171875,5379171
2020-07-06,640.0,644.25,629.2000122070312,634.5999755859375,605.5653076171875,5604802
2020-07-07,637.9500122070312,642.5999755859375,635.2000122070312,636.5499877929688,607.426025390625,3781547
2020-07-08,643.4500122070312,648.0,632.5,634.4000244140625,605.3743896484375,6952585
2020-07-09,643.9500122070312,643.9500122070312,636.25,639.0499877929688,609.8116455078125,4354183
2020-07-10,640.0,647.0,636.7000122070312,638.9000244140625,609.6685791015625,4119561
2020-07-13,641.0,646.0,636.5999755859375,638.3499755859375,609.1436157226562,3450069
2020-07-14,639.9500122070312,644.0,631.25,632.2999877929688,603.3704833984375,5432821
2020-07-15,634.4000244140625,643.5,633.0999755859375,638.2000122070312,609.0005493164062,4253913
2020-07-16,639.9500122070312,677.4000244140625,635.9000244140625,674.5,643.6397705078125,16098128
2020-07-17,674.5,696.6500244140625,669.25,689.0999755859375,657.5717163085938,15244102
2020-07-20,689.0,690.8499755859375,672.3499755859375,674.3499755859375,643.4965209960938,5469496
2020-07-21,676.0999755859375,682.0999755859375,660.0,662.2999877929688,631.9979248046875,4314750
2020-07-22,666.1500244140625,677.7999877929688,657.5,661.7000122070312,631.4254150390625,5918154
2020-07-23,663.9500122070312,674.0,662.2000122070312,671.4500122070312,640.729248046875,4620517
2020-07-24,673.0,681.0,658.2000122070312,666.0499877929688,635.5763549804688,4962702
2020-07-27,673.9500122070312,673.9500122070312,650.4000244140625,652.9000244140625,623.0279541015625,4465020
2020-07-28,651.0,665.75,644.25,662.5999755859375,632.2841796875,4583066
2020-07-29,662.5999755859375,685.5499877929688,662.5999755859375,681.25,650.0808715820312,7288781
2020-07-30,681.2000122070312,698.9500122070312,681.0,685.9500122070312,654.56591796875,7170665
2020-07-31,687.0,724.0,687.0,720.1500244140625,687.2011108398438,18897302
2020-08-03,724.0,734.2000122070312,701.0,710.4000244140625,677.8972778320312,12500683
2020-08-04,708.0,718.9000244140625,703.2000122070312,713.8499755859375,681.1893310546875,6970907
2020-08-05,720.7999877929688,729.9500122070312,716.0,722.1500244140625,689.1095581054688,5263136
2020-08-06,724.9500122070312,739.7000122070312,720.0999755859375,731.0999755859375,697.650146484375,9663886
2020-08-07,738.0,739.6500244140625,724.5,728.6500244140625,695.312255859375,6159632
2020-08-10,760.0,814.5,751.3499755859375,795.5999755859375,759.1990356445312,56895213
2020-08-11,801.0999755859375,801.8499755859375,768.75,778.0,742.4043579101562,14861526
2020-08-12,778.0,778.0,755.5999755859375,762.0999755859375,727.2318115234375,7841540
2020-08-13,765.9500122070312,782.9000244140625,754.0999755859375,760.25,725.4664306640625,13741253
2020-08-14,762.0,787.75,752.5499877929688,771.7999877929688,736.4879760742188,16276204
2020-08-17,779.0,781.0,765.5,771.6500244140625,736.344970703125,6145819
2020-08-18,772.0,779.6500244140625,763.0,764.8499755859375,729.85595703125,5520627
2020-08-19,770.0,772.7000122070312,756.6500244140625,758.3499755859375,723.6533203125,6296055
2020-08-20,758.3499755859375,771.75,758.3499755859375,762.7000122070312,727.804443359375,8167570
2020-08-21,768.8499755859375,770.5999755859375,759.0499877929688,760.75,725.9435424804688,4700914
2020-08-24,763.0,767.0,750.25,751.75,717.3553466796875,4942344
2020-08-25,756.25,758.0,745.25,747.75,713.538330078125,3424047
2020-08-26,751.5,754.0,744.2000122070312,748.0,713.7769775390625,3730702
2020-08-27,750.7999877929688,764.0,749.9500122070312,756.2000122070312,721.6017456054688,6989194
2020-08-28,763.0,771.0,746.7000122070312,748.5999755859375,714.3494262695312,8205618
2020-08-31,752.0,755.7000122070312,705.2000122070312,713.5499877929688,680.9031372070312,7649137
2020-09-01,713.5499877929688,741.0,710.0,736.5499877929688,702.850830078125,6260037
2020-09-02,739.9500122070312,748.5,729.2000122070312,738.25,704.4729614257812,5583378
2020-09-03,742.7000122070312,745.9500122070312,735.0,738.5999755859375,704.8069458007812,3560610
2020-09-04,733.75,750.0,717.0999755859375,724.5999755859375,691.4475708007812,7473315
2020-09-07,728.0,733.7999877929688,707.0,716.75,683.9566650390625,4688730
2020-09-08,716.75,726.4500122070312,704.4000244140625,708.2000122070312,675.7979125976562,4818121
2020-09-09,709.1500244140625,734.9500122070312,705.2000122070312,727.5499877929688,694.2625732421875,9082694
2020-09-10,729.0,735.9000244140625,719.25,726.7999877929688,693.546875,4571167
2020-09-11,725.7999877929688,731.5,720.25,725.9500122070312,692.7357177734375,2465429
2020-09-14,729.0,730.25,717.75,721.5999755859375,688.5847778320312,3104686
2020-09-15,723.0,754.0,722.6500244140625,742.4500122070312,708.4808349609375,14548327
2020-09-16,743.9500122070312,756.5,732.0,752.5999755859375,718.1663818359375,6773101
2020-09-17,751.0,762.0,746.7000122070312,751.5,717.1167602539062,7105767
2020-09-18,780.0,819.2999877929688,776.1500244140625,806.25,769.36181640625,35527335
2020-09-21,806.25,811.9500122070312,762.0,768.0999755859375,732.957275390625,12576400
2020-09-22,777.0499877929688,787.9500122070312,755.1500244140625,777.6500244140625,742.0703735351562,14483843
2020-09-23,783.9500122070312,784.0,761.7999877929688,767.4000244140625,732.289306640625,6236391
2020-09-24,764.4500122070312,766.6500244140625,730.0,733.4500122070312,699.8926391601562,7123763
2020-09-25,752.0,777.0,740.4000244140625,770.0999755859375,734.86572265625,13365087
2020-09-28,772.0999755859375,778.0,755.5999755859375,774.7999877929688,739.3507690429688,9290917
2020-09-29,777.5999755859375,786.0,759.0499877929688,762.3499755859375,727.4703369140625,6582879
2020-09-30,762.3499755859375,794.9000244140625,761.0499877929688,774.7000122070312,739.25537109375,14333215
2020-10-01,779.7999877929688,781.0,765.75,773.0,737.6331787109375,5852563
2020-10-05,776.0,784.0499877929688,762.0499877929688,778.6500244140625,743.0245361328125,6798052
2020-10-06,782.0,788.0,777.0,780.3499755859375,744.646728515625,4789613
2020-10-07,780.0,790.6500244140625,771.0,773.5999755859375,738.2056884765625,6086371
2020-10-08,775.0,815.5999755859375,774.9000244140625,811.4500122070312,774.3239135742188,12019967
2020-10-09,813.0,825.0,800.3499755859375,803.1500244140625,766.4036865234375,11673228
2020-10-12,805.0,819.75,800.1500244140625,813.6500244140625,776.4232177734375,6612623
2020-10-13,810.0,829.0499877929688,778.5,787.1500244140625,751.1356811523438,13964602
2020-10-14,788.7999877929688,794.5499877929688,766.7999877929688,781.5,745.7442016601562,8675720
2020-10-15,780.6500244140625,788.0,762.9000244140625,768.2999877929688,733.1481323242188,6291141
2020-10-16,766.9500122070312,787.5,758.4000244140625,782.3499755859375,746.5552978515625,9099048
2020-10-19,783.0,784.0999755859375,762.1500244140625,764.0,729.044921875,4351337
2020-10-20,765.0,774.7000122070312,756.2999877929688,764.2999877929688,729.3310546875,6029701
2020-10-21,771.7999877929688,771.7999877929688,756.5,767.0999755859375,732.0029907226562,6932513
2020-10-22,765.0,769.8499755859375,744.0,757.5,722.84228515625,8429247
2020-10-23,761.25,774.6500244140625,755.0,757.5499877929688,722.8900146484375,8515845
2020-10-26,761.2000122070312,763.75,742.2999877929688,747.1500244140625,712.9658813476562,4665147
2020-10-27,750.0,773.5499877929688,747.0,770.25,735.0089721679688,7003966
2020-10-28,771.4000244140625,780.0,762.1500244140625,765.25,730.2376098632812,7050213
2020-10-29,766.0999755859375,774.6500244140625,757.0,762.2999877929688,727.422607421875,6084020
2020-10-30,765.7000122070312,767.5,746.0,754.5,719.9794921875,4126276
2020-11-02,757.5,762.3499755859375,744.4000244140625,751.25,716.8782348632812,3265890
2020-11-03,756.0999755859375,770.5499877929688,750.75,759.2999877929688,724.5598754882812,5390467
2020-11-04,757.7999877929688,783.7999877929688,757.2000122070312,781.1500244140625,745.41015625,9035451
2020-11-05,786.0,796.0999755859375,778.2999877929688,793.5,757.1951293945312,6656549
2020-11-06,797.4000244140625,802.0,786.5499877929688,789.9500122070312,753.8076171875,7765316
2020-11-09,795.0999755859375,804.0,752.2999877929688,763.2000122070312,728.281494140625,21178707
2020-11-10,769.7999877929688,769.7999877929688,706.5,717.2999877929688,684.4815063476562,22558440
2020-11-11,727.0,745.5,718.5999755859375,742.3499755859375,708.3854370117188,18892977
2020-11-12,742.4000244140625,758.8499755859375,733.5,739.7000122070312,705.856689453125,10422659
2020-11-13,742.5,751.0,740.1500244140625,744.6500244140625,710.5802001953125,6955531
2020-11-14,749.5,749.9000244140625,744.0,745.75,711.6298828125,631992
2020-11-17,747.4000244140625,751.9000244140625,734.0,742.5499877929688,708.5762939453125,7313289
2020-11-18,747.2999877929688,752.0,733.5,742.9500122070312,708.9580078125,7190828
2020-11-19,742.5499877929688,751.9000244140625,737.9500122070312,742.0999755859375,708.1467895507812,5804230
2020-11-20,742.0,748.4500122070312,732.25,739.9000244140625,706.0475463867188,5394676
2020-11-23,741.6500244140625,758.0499877929688,739.4000244140625,746.2999877929688,712.1546020507812,8690680
2020-11-24,748.2999877929688,752.0,741.5999755859375,748.4500122070312,714.2064208984375,5471533
2020-11-25,750.0999755859375,754.5499877929688,728.2000122070312,731.6500244140625,698.1749877929688,6060158
2020-11-26,734.0,741.0,726.5,738.7000122070312,704.9024658203125,6088729
2020-11-27,741.0,749.0,735.0,745.5999755859375,711.4867553710938,12777697
2020-12-01,753.0,760.0,746.1500244140625,755.5999755859375,721.0292358398438,6241872
2020-12-02,758.0,761.0,751.1500244140625,758.3499755859375,723.6533203125,3983393
2020-12-03,760.0,764.7999877929688,756.0499877929688,762.1500244140625,727.2794799804688,3765555
2020-12-04,763.0,770.5999755859375,757.0,766.9500122070312,731.85986328125,5423289
2020-12-07,766.9500122070312,782.5,766.0,773.1500244140625,737.7761840820312,6779545
2020-12-08,777.0,779.4500122070312,757.7999877929688,766.0,730.9533081054688,4166424
2020-12-09,769.9000244140625,773.9000244140625,759.9500122070312,762.4000244140625,727.51806640625,4045201
2020-12-10,763.0,767.7000122070312,755.0999755859375,762.75,727.8519897460938,3679209
2020-12-11,764.0,766.0999755859375,753.0,755.8499755859375,721.2676391601562,3178041
2020-12-14,778.2999877929688,793.2999877929688,776.3499755859375,789.2999877929688,753.1873168945312,19785595
2020-12-15,789.2999877929688,798.0,779.25,781.6500244140625,745.8873291015625,8249684
2020-12-16,790.3499755859375,790.3499755859375,782.2999877929688,786.7999877929688,750.8016967773438,3817724
2020-12-17,790.75,794.8499755859375,781.0999755859375,783.2000122070312,747.3663940429688,3984988
2020-12-18,784.25,796.0,781.5,793.4500122070312,757.1474609375,6487014
2020-12-21,793.0,816.9000244140625,760.0,778.5,742.8814086914062,14465355
2020-12-22,782.0,798.0,761.0999755859375,795.0,758.6265258789062,6139589
2020-12-23,796.3499755859375,827.0,792.25,824.6500244140625,786.9199829101562,8520251
2020-12-24,828.7999877929688,834.9000244140625,815.2999877929688,833.2000122070312,795.0787353515625,7294578
2020-12-28,837.5999755859375,839.0,825.2000122070312,830.1500244140625,792.1682739257812,4810932
2020-12-29,830.1500244140625,835.75,817.5,827.9500122070312,790.0689697265625,3311293
2020-12-30,830.0,830.0,816.0499877929688,823.7999877929688,786.1088256835938,2715404
2020-12-31,824.0,833.3499755859375,816.4000244140625,819.9500122070312,782.4349365234375,4842886
2021-01-01,822.7999877929688,828.9500122070312,820.6500244140625,826.5999755859375,788.7807006835938,2474916
2021-01-04,831.0,837.2999877929688,826.5499877929688,832.25,794.1722412109375,3487801
2021-01-05,832.25,843.75,825.2999877929688,827.25,789.4010620117188,4559213
2021-01-06,829.0,834.4000244140625,815.25,824.7999877929688,787.06298828125,3318460
2021-01-07,830.0,830.4500122070312,818.0,826.5499877929688,788.7329711914062,2879675
2021-01-08,830.7000122070312,846.2000122070312,827.4000244140625,838.7000122070312,800.3271484375,5072916
2021-01-11,839.0,860.0,832.75,856.8499755859375,817.6466064453125,5332109
2021-01-12,860.0,864.5999755859375,841.0,843.1500244140625,804.5736083984375,4338010
2021-01-13,847.3499755859375,852.0,832.5,841.7000122070312,803.1898803710938,3596529
2021-01-14,841.7000122070312,847.5499877929688,829.0,840.9000244140625,802.4263916015625,3652930
2021-01-15,839.0,844.9000244140625,821.0,823.7000122070312,786.013427734375,3137877
2021-01-18,822.0,826.6500244140625,796.2000122070312,801.75,765.0676879882812,3742440
2021-01-19,802.5,825.4000244140625,802.5,822.4500122070312,784.8206176757812,3791378
2021-01-20,822.5,834.9000244140625,822.2999877929688,832.7999877929688,794.697021484375,3056546
2021-01-21,835.0,839.2999877929688,809.0,812.75,775.5643920898438,3326213
2021-01-22,815.7999877929688,822.5,798.25,808.2999877929688,771.3179931640625,3883231
2021-01-25,813.0,857.0,808.25,836.7999877929688,798.5140991210938,10704200
2021-01-27,839.9000244140625,856.4500122070312,825.2000122070312,842.5,803.9532470703125,7410174
2021-01-28,835.5,848.8499755859375,825.7000122070312,841.9000244140625,803.3807373046875,4489853
2021-01-29,847.9500122070312,850.8499755859375,820.75,825.9000244140625,788.11279296875,7185812
2021-02-01,815.0,831.0,779.9500122070312,806.4000244140625,769.5049438476562,13856367
2021-02-02,807.0,826.3499755859375,801.5,821.5999755859375,784.0094604492188,8486828
2021-02-03,826.0,878.9000244140625,824.2000122070312,849.25,810.3944702148438,15674616
2021-02-04,847.5499877929688,856.5,832.5999755859375,834.4500122070312,796.2716064453125,4639606
2021-02-05,839.5999755859375,854.9000244140625,830.5,847.7000122070312,808.9154052734375,7381183
2021-02-08,852.0,859.25,841.0499877929688,847.25,808.4859619140625,4244906
2021-02-09,848.0,856.8499755859375,839.0,841.75,803.237548828125,4200281
2021-02-10,847.5999755859375,867.0,841.0,863.4000244140625,823.8970336914062,5665209
2021-02-11,868.0,874.9000244140625,856.0,859.7999877929688,820.461669921875,5347864
2021-02-12,859.0,864.3499755859375,845.5,848.5499877929688,809.7264404296875,2473012
2021-02-15,850.0999755859375,856.5999755859375,842.0,844.2999877929688,805.6708984375,2531913
2021-02-16,850.0,852.25,841.25,848.3499755859375,809.5355834960938,2808115
2021-02-17,849.4500122070312,854.7000122070312,833.0,835.7000122070312,797.4644165039062,2539649
2021-02-18,835.0,843.4500122070312,822.5,825.4500122070312,787.6834106445312,4114251
2021-02-19,823.7999877929688,825.4500122070312,799.0,807.3499755859375,770.4114990234375,3834443
2021-02-22,811.4000244140625,817.5,786.0499877929688,792.4500122070312,756.1931762695312,4090429
2021-02-23,795.0,803.1500244140625,788.4000244140625,790.9500122070312,754.7617797851562,3264477
2021-02-24,794.0,798.0999755859375,776.25,789.0499877929688,752.94873046875,1587082
2021-02-25,795.0,814.0,790.4500122070312,809.1500244140625,772.129150390625,5478169
2021-02-26,805.0,820.0,780.0,787.0499877929688,751.0402221679688,7549015
2021-03-01,795.0,800.5,782.0,789.7999877929688,753.6644287109375,2748271
2021-03-02,792.5999755859375,815.0,790.7999877929688,811.7999877929688,774.6578369140625,4275166
2021-03-03,817.9500122070312,818.1500244140625,807.5999755859375,812.5,775.3258666992188,3265559
2021-03-04,807.4000244140625,818.0,803.7000122070312,806.75,769.8389282226562,3640996
2021-03-05,806.5,812.0,800.25,805.1500244140625,768.3121948242188,3832170
2021-03-08,807.9500122070312,819.0,806.2000122070312,809.25,772.2244873046875,2915298
2021-03-09,812.5999755859375,816.7000122070312,792.0999755859375,797.0,760.5350341796875,2783825
2021-03-10,806.0,814.75,801.0,812.4000244140625,775.2304077148438,2512573
2021-03-12,816.5,818.7000122070312,802.0,805.9500122070312,769.0755615234375,2082799
2021-03-15,807.9000244140625,808.9000244140625,790.0,805.5,768.6461791992188,2651062
2021-03-16,805.0999755859375,808.5,787.0,792.2999877929688,756.0499877929688,3671229
2021-03-17,794.7999877929688,794.7999877929688,770.0,772.1500244140625,736.822021484375,3246092
2021-03-18,776.0,778.4500122070312,750.8499755859375,755.1500244140625,720.5997924804688,2894624
2021-03-19,751.0,767.25,738.0999755859375,760.6500244140625,725.8482055664062,5262000
2021-03-22,762.0,784.5999755859375,758.7000122070312,772.8499755859375,737.4899291992188,3563266
2021-03-23,775.0,779.4000244140625,768.4000244140625,776.0999755859375,740.5912475585938,2118532
2021-03-24,777.7999877929688,798.7000122070312,772.6500244140625,792.9500122070312,756.6703491210938,6904173
2021-03-25,796.9000244140625,802.2999877929688,783.2999877929688,787.25,751.2310791015625,5292130
2021-03-26,791.0,799.0,781.25,787.4500122070312,751.4219360351562,2934548
2021-03-30,790.25,815.9000244140625,790.25,812.2000122070312,775.03955078125,4453933
2021-03-31,811.0,823.9500122070312,805.0,815.0999755859375,777.8068237304688,3075406
2021-04-01,819.5,824.0,811.5999755859375,818.2999877929688,780.8605346679688,1910949
2021-04-05,825.0,827.0,806.0999755859375,819.75,782.244140625,2920638
2021-04-06,824.0,845.0,821.8499755859375,836.1500244140625,797.893798828125,4569120
2021-04-07,836.1500244140625,844.9000244140625,830.25,840.8499755859375,802.3787231445312,2404472
2021-04-08,843.0,850.4500122070312,838.4000244140625,842.0,803.47607421875,2459821
2021-04-09,840.9000244140625,892.2999877929688,836.6500244140625,883.0499877929688,842.6480102539062,11189432
2021-04-12,890.0,940.0,879.1500244140625,902.4000244140625,861.1127319335938,30141861
2021-04-13,921.9500122070312,932.5999755859375,878.2999877929688,885.2000122070312,844.6996459960938,11667200
2021-04-15,898.7999877929688,925.4000244140625,883.9000244140625,914.2000122070312,872.3727416992188,13218002
2021-04-16,919.75,944.25,910.9000244140625,938.0499877929688,895.1315307617188,13746268
2021-04-19,945.25,955.0,924.0,946.2999877929688,903.004150390625,17805574
2021-04-20,965.0999755859375,966.3499755859375,941.0999755859375,949.2999877929688,905.866943359375,10205616
2021-04-22,958.7999877929688,963.1500244140625,938.8499755859375,944.3499755859375,901.143310546875,8522208
2021-04-23,944.3499755859375,952.8499755859375,922.75,935.5999755859375,892.7936401367188,7972589
2021-04-26,935.5999755859375,940.0,902.1500244140625,905.4000244140625,863.9754638671875,10255697
2021-04-27,913.0,919.5,901.0,912.4000244140625,870.6551513671875,5669049
2021-04-28,914.3499755859375,918.0,902.9500122070312,910.2000122070312,868.5558471679688,7251009
2021-04-29,911.9500122070312,917.4000244140625,904.0,906.5,865.025146484375,4953091
2021-04-30,900.75,921.0,900.75,910.3499755859375,868.6989135742188,6459737
2021-05-03,919.0999755859375,924.4000244140625,906.4000244140625,910.2000122070312,868.5558471679688,6330144
2021-05-04,912.9000244140625,912.9000244140625,876.0,878.4500122070312,838.258544921875,8347795
2021-05-05,885.0,899.0,869.0,888.6500244140625,847.9918212890625,10491085
2021-05-06,907.0,916.7000122070312,880.9000244140625,884.2999877929688,843.8407592773438,17973153
2021-05-07,893.0,895.5,877.0,882.9000244140625,842.5048217773438,5479029
2021-05-10,892.5,906.4500122070312,877.5,900.25,859.06103515625,8379304
2021-05-11,899.9500122070312,905.9500122070312,888.2000122070312,890.9000244140625,850.1388549804688,5864464
2021-05-12,889.2999877929688,906.75,884.2999877929688,898.5999755859375,857.486572265625,5224240
2021-05-14,909.0,921.0,900.7999877929688,904.0499877929688,862.6871337890625,15048471
2021-05-17,895.0,905.0,870.0,881.2000122070312,840.8826904296875,14122085
2021-05-18,887.0,888.3499755859375,878.4500122070312,884.4000244140625,843.936279296875,5129966
2021-05-19,887.8499755859375,905.9500122070312,881.0,903.9500122070312,862.5917358398438,7242643
2021-05-20,906.0,927.9000244140625,905.0,924.2000122070312,881.915283203125,12378690
2021-05-21,930.0,935.0,922.2999877929688,926.9000244140625,884.4917602539062,6740711
2021-05-24,931.0,945.5,926.1500244140625,931.25,888.6427001953125,6420035
2021-05-25,939.6500244140625,940.0,930.0,935.5999755859375,892.7936401367188,3695242
2021-05-26,941.0,951.9500122070312,939.0499877929688,945.1500244140625,901.90673828125,5445187
2021-05-27,946.0,948.75,934.0499877929688,942.3499755859375,899.2348022460938,6249606
2021-05-28,940.2000122070312,947.3499755859375,931.0,934.3499755859375,891.600830078125,2156991
2021-05-31,934.3499755859375,951.0,924.0,949.3499755859375,905.91455078125,3183414
2021-06-01,952.0,958.0,943.5499877929688,946.4500122070312,903.1472778320312,2904962
2021-06-02,946.4500122070312,960.5,946.4500122070312,954.7000122070312,911.019775390625,2449102
2021-06-03,955.0,959.7000122070312,946.0,948.25,904.8649291992188,2258695
2021-06-04,948.0,951.5,936.5,946.4000244140625,903.0996704101562,3057699
2021-06-07,951.75,951.75,937.5499877929688,939.7999877929688,896.801513671875,2028426
2021-06-08,939.7999877929688,955.0,931.8499755859375,953.75,910.11328125,2278534
2021-06-09,954.7999877929688,975.0,950.2000122070312,958.6500244140625,914.7890625,5498857
2021-06-10,960.9500122070312,975.0,960.0,974.2000122070312,929.6276245117188,4754350
2021-06-11,975.0,982.2999877929688,965.5,967.8499755859375,923.568115234375,3480545
2021-06-14,972.7000122070312,979.0,957.0,976.1500244140625,931.4884033203125,2377279
2021-06-15,975.0,978.8499755859375,967.1500244140625,969.7000122070312,925.3335571289062,1289684
2021-06-16,969.0,971.1500244140625,953.7999877929688,956.75,912.9759521484375,1684500
2021-06-17,955.0,959.75,943.5,950.9500122070312,907.44140625,2429291
2021-06-18,950.9500122070312,967.6500244140625,945.3499755859375,960.9000244140625,916.9361572265625,4978288
2021-06-21,958.0,962.7000122070312,950.5,960.1500244140625,916.220458984375,1625660
2021-06-22,956.2000122070312,960.9000244140625,949.1500244140625,955.8499755859375,912.1171875,2344400
2021-06-23,956.0,966.0,954.2000122070312,957.75,913.9302368164062,1807471
2021-06-24,957.7999877929688,958.7000122070312,944.0,950.9000244140625,907.3937377929688,1769651
2021-06-25,951.0,961.0,948.9500122070312,957.0999755859375,913.3099975585938,2134441
2021-06-28,962.0,971.3499755859375,957.0999755859375,963.0499877929688,918.9877319335938,1759671
2021-06-29,964.0,989.0,960.0499877929688,979.5999755859375,934.7805786132812,4300755
2021-06-30,992.2000122070312,997.0,969.1500244140625,971.9000244140625,927.432861328125,7195632
2021-07-01,977.2000122070312,980.0,967.2000122070312,978.0999755859375,933.3491821289062,2291137
2021-07-02,981.8499755859375,985.7999877929688,975.0999755859375,979.2000122070312,934.3988037109375,1421148
2021-07-05,979.2999877929688,983.8499755859375,973.0999755859375,974.7000122070312,930.104736328125,1286458
2021-07-06,975.0,975.0,964.75,969.0999755859375,924.760986328125,1157576
2021-07-07,968.0,968.9500122070312,961.0,965.2000122070312,921.0394287109375,1740439
2021-07-08,965.5,968.0,944.7999877929688,950.6500244140625,907.1550903320312,1662518
2021-07-09,952.0,965.5999755859375,949.9500122070312,959.7999877929688,915.886474609375,1301555
2021-07-12,960.0,967.9500122070312,955.8499755859375,959.8499755859375,915.9341430664062,1122802
2021-07-13,962.2000122070312,969.8499755859375,956.0499877929688,965.6500244140625,921.4688720703125,1317621
2021-07-14,961.0999755859375,978.4000244140625,961.0999755859375,977.1500244140625,932.4426879882812,1729994
2021-07-15,979.0,981.0,972.0499877929688,973.5999755859375,929.0550537109375,979315
2021-07-16,973.5999755859375,989.9000244140625,973.5999755859375,977.1500244140625,932.4426879882812,2087320
2021-07-19,972.0999755859375,983.5999755859375,971.25,974.0,929.4368286132812,854347
2021-07-20,972.0,974.0999755859375,952.6500244140625,955.1500244140625,911.4492797851562,1520300
2021-07-22,958.0999755859375,958.9500122070312,946.6500244140625,949.9000244140625,906.439453125,1783069
2021-07-23,952.0,957.7000122070312,946.9500122070312,948.0,904.6262817382812,1056183
2021-07-26,948.0,960.0,947.0,950.5499877929688,907.0596313476562,1306026
2021-07-27,952.5,958.5,909.0,913.0999755859375,871.3230590820312,3366104
2021-07-28,921.5999755859375,921.5999755859375,886.6500244140625,889.9000244140625,849.1846313476562,5094903
2021-07-29,894.3499755859375,899.9500122070312,872.0,883.0999755859375,842.6956176757812,4929314
2021-07-30,885.0999755859375,929.9000244140625,877.75,920.0499877929688,877.9551391601562,6280365
2021-08-02,928.2999877929688,933.5999755859375,913.4000244140625,921.0499877929688,878.909423828125,2981630
2021-08-03,925.0,929.5499877929688,918.5,928.1500244140625,885.6845703125,2014511
2021-08-04,928.1500244140625,942.5,927.0,939.6500244140625,896.6583251953125,2517694
2021-08-05,944.2000122070312,953.0,932.0,945.4000244140625,902.145263671875,4022548
2021-08-06,939.0,939.0,909.0,911.2999877929688,869.60546875,9727673
2021-08-09,912.0999755859375,920.0,897.4000244140625,918.6500244140625,881.4555053710938,3310964
2021-08-10,920.0,923.7999877929688,905.0,912.5999755859375,875.650390625,2552532
2021-08-11,912.9000244140625,914.0,891.0499877929688,909.8499755859375,873.0116577148438,2174054
2021-08-12,912.0,916.2000122070312,903.7000122070312,905.2999877929688,868.64599609375,2127392
2021-08-13,906.0,910.9500122070312,892.3499755859375,894.4000244140625,858.187255859375,2919925
2021-08-16,896.0,901.0999755859375,886.0499877929688,888.25,852.2863159179688,1954152
2021-08-17,891.0,906.2999877929688,889.9000244140625,904.6500244140625,868.0223999023438,3767678
2021-08-18,900.2000122070312,910.7000122070312,900.0,908.8499755859375,872.0521850585938,2323095
2021-08-20,908.9000244140625,909.0499877929688,887.0,890.8499755859375,854.781005859375,2354874
2021-08-23,898.0,908.0,888.6500244140625,898.3499755859375,861.9773559570312,2081206
2021-08-24,903.0,919.5499877929688,897.6500244140625,917.6500244140625,880.4959716796875,2588128
2021-08-25,917.0,923.5999755859375,905.9500122070312,912.5999755859375,875.650390625,1697757
2021-08-26,912.5999755859375,916.75,906.2999877929688,911.2999877929688,874.403076171875,1522032
2021-08-27,913.7999877929688,925.4500122070312,907.5,923.9000244140625,886.492919921875,1878603
2021-08-30,924.0,936.5,920.4500122070312,934.7000122070312,896.8555297851562,2016968
2021-08-31,935.0,949.7000122070312,930.2999877929688,947.7999877929688,909.4252319335938,2463088
2021-09-01,949.0,954.9000244140625,920.0,922.8499755859375,885.4853515625,4434153
2021-09-02,927.0,960.0,923.4000244140625,955.25,916.573486328125,3688123
2021-09-03,956.0999755859375,963.0,930.6500244140625,941.0999755859375,902.9964599609375,3110583
2021-09-06,945.8499755859375,958.0,942.6500244140625,950.2000122070312,911.72802734375,1699875
2021-09-07,950.2000122070312,957.2999877929688,944.0499877929688,950.5,912.0159301757812,1113880
2021-09-08,948.0,953.1500244140625,940.0,951.7999877929688,913.2633056640625,1600457
2021-09-09,951.1500244140625,952.0999755859375,926.0,949.2999877929688,910.864501953125,3769007
2021-09-13,946.0,953.9000244140625,942.5499877929688,950.4500122070312,911.9679565429688,865538
2021-09-14,954.7999877929688,958.3499755859375,949.5999755859375,953.1500244140625,914.5586547851562,1373821
2021-09-15,955.0,956.5999755859375,948.2999877929688,952.9500122070312,914.3666381835938,2509424
2021-09-16,954.5,964.7999877929688,950.2000122070312,954.0,915.3742065429688,3574908
2021-09-17,960.0,962.5,948.0499877929688,954.0499877929688,915.4221801757812,2006356
2021-09-20,953.0,953.0,929.7999877929688,938.0999755859375,900.1179809570312,2308294
2021-09-21,935.0,959.0,933.0,956.0999755859375,917.38916015625,2438464
2021-09-22,952.25,974.25,951.6500244140625,963.5,924.489501953125,2267730
2021-09-23,965.4500122070312,970.0,959.5,968.0999755859375,928.9032592773438,1297533
2021-09-24,969.5999755859375,983.4000244140625,960.4500122070312,967.6500244140625,928.4714965820312,1803409
2021-09-27,965.0,970.0499877929688,952.2999877929688,962.7000122070312,923.721923828125,1217035
2021-09-28,960.5,977.0,950.7999877929688,971.0,931.6859130859375,1542732
2021-09-29,970.5,1005.0,965.1500244140625,987.5999755859375,947.6137084960938,4052980
2021-09-30,988.0,999.75,976.3499755859375,983.5499877929688,943.7277221679688,2312926
2021-10-01,980.0,991.9000244140625,973.0999755859375,986.2000122070312,946.2705078125,1948517
2021-10-04,986.0,996.9500122070312,954.9000244140625,957.5,918.7324829101562,4097873
2021-10-05,961.7999877929688,961.9000244140625,928.4500122070312,934.5499877929688,896.711669921875,4986700
2021-10-06,935.5499877929688,938.5499877929688,911.1500244140625,913.4500122070312,876.4660034179688,2615582
2021-10-07,920.0,922.25,898.0,916.0499877929688,878.960693359375,7008049
2021-10-08,923.0,929.4500122070312,911.6500244140625,917.0999755859375,879.9682006835938,2075219
2021-10-11,922.7999877929688,923.1500244140625,910.0,913.75,876.7538452148438,1449593
2021-10-12,913.5,924.7000122070312,907.8499755859375,915.9500122070312,878.86474609375,1164581
2021-10-13,921.6500244140625,924.4500122070312,912.0499877929688,913.5,876.5139770507812,1821818
2021-10-14,917.4500122070312,920.5,909.9000244140625,911.3499755859375,874.4509887695312,913675
2021-10-18,911.3499755859375,915.9000244140625,899.5,903.75,867.1587524414062,1913667
2021-10-19,906.0,917.2999877929688,903.25,906.2000122070312,869.509521484375,1360282
2021-10-20,905.0,912.7000122070312,900.0,905.9000244140625,869.2216796875,1941581
2021-10-21,914.4500122070312,917.9000244140625,901.5999755859375,911.5499877929688,874.6429443359375,2723509
2021-10-22,911.5499877929688,915.0,889.3499755859375,896.3499755859375,860.058349609375,1360319
2021-10-25,895.9000244140625,913.0,890.0,901.8499755859375,865.3356323242188,1901039
2021-10-26,908.9000244140625,914.1500244140625,900.0,907.5,870.7568359375,1405411
2021-10-27,916.9500122070312,926.9000244140625,902.4500122070312,922.5,885.1495971679688,5111161
2021-10-28,922.4000244140625,928.5499877929688,886.2999877929688,891.75,855.6446533203125,2224983
2021-10-29,893.0,917.0,885.25,905.0499877929688,868.4061279296875,2783659
2021-11-01,917.0,918.5499877929688,902.2000122070312,909.25,872.43603515625,986133
2021-11-02,910.0,912.8499755859375,900.5,903.4000244140625,866.8228759765625,1038025
2021-11-03,909.5499877929688,914.7000122070312,903.7000122070312,912.6500244140625,875.6984252929688,1275433
2021-11-04,912.6500244140625,914.25,908.8499755859375,910.7000122070312,873.8273315429688,96347
2021-11-08,917.9500122070312,917.9500122070312,898.7000122070312,913.7000122070312,876.7058715820312,860650
2021-11-09,913.0,925.0,909.6500244140625,914.1500244140625,877.1375732421875,843911
2021-11-10,910.0,924.5,910.0,912.4500122070312,875.5064697265625,1597922
2021-11-11,912.4500122070312,912.4500122070312,896.0,904.9000244140625,868.2621459960938,1180372
2021-11-12,910.7999877929688,917.0,905.0,915.9500122070312,878.86474609375,936613
2021-11-15,915.0,939.8499755859375,910.0999755859375,938.1500244140625,900.1658935546875,2615304
2021-11-16,943.1500244140625,943.9000244140625,919.0,921.75,884.429931640625,1925000
2021-11-17,921.75,921.75,901.0,905.3499755859375,868.69384765625,1996857
2021-11-18,905.2999877929688,907.0,891.0,892.2999877929688,856.1723022460938,1009418
2021-11-22,893.0,909.0,883.0,895.4000244140625,859.1468505859375,1443344
2021-11-23,891.7000122070312,918.5499877929688,890.0,910.5999755859375,873.7313232421875,1820473
2021-11-24,911.0,915.4000244140625,891.3499755859375,893.4500122070312,857.2758178710938,1392190
2021-11-25,894.0,902.4500122070312,884.0,899.9500122070312,863.5125122070312,1325422
2021-11-26,892.0,976.0499877929688,890.6500244140625,966.7000122070312,927.5599365234375,14458893
2021-11-29,974.0,998.0,956.0,965.0,925.9288330078125,8303735
2021-11-30,965.0,984.0,958.5999755859375,971.2999877929688,931.9737548828125,4771579
2021-12-01,980.75,986.7000122070312,921.8499755859375,928.1500244140625,890.57080078125,3879683
2021-12-02,937.9500122070312,937.9500122070312,917.5,921.25,883.9501342773438,2749084
2021-12-03,930.0,930.0,908.2999877929688,912.0499877929688,875.1226196289062,2388529
2021-12-06,915.0999755859375,915.7999877929688,892.5,894.9500122070312,858.7150268554688,1573419
2021-12-07,898.2999877929688,898.2999877929688,884.0,889.25,853.2457885742188,2471419
2021-12-08,895.0,902.0,890.2999877929688,897.9500122070312,861.5935668945312,1663728
2021-12-09,900.0,902.0,890.0499877929688,894.5,858.2832641601562,1645541
2021-12-10,895.0,901.0,891.0,893.9000244140625,857.7075805664062,947538
2021-12-13,895.2000122070312,903.0,886.5499877929688,891.2999877929688,855.2128295898438,1785608
2021-12-14,893.5,907.8499755859375,891.0,895.5999755859375,859.338623046875,2651452
2021-12-15,896.2000122070312,901.8499755859375,891.7000122070312,895.7000122070312,859.4346923828125,1192775
2021-12-16,903.5,903.5,878.25,881.0,845.3298950195312,2280037
2021-12-17,882.0,884.5,850.0,860.2000122070312,825.3720703125,2824703
2021-12-20,864.0,898.4500122070312,861.0999755859375,893.7999877929688,857.611572265625,8501360
2021-12-21,893.7999877929688,897.4000244140625,882.0499877929688,886.75,850.8470458984375,2301316
2021-12-22,889.0,893.8499755859375,880.9500122070312,889.7000122070312,853.6776123046875,1271710
2021-12-23,892.0,912.5,891.25,909.75,872.915771484375,1970110
2021-12-24,910.2000122070312,912.9000244140625,901.7999877929688,908.2999877929688,871.5245361328125,1114033
2021-12-27,912.9000244140625,933.1500244140625,910.1500244140625,930.25,892.5858154296875,4596248
2021-12-28,932.0,936.2999877929688,923.0499877929688,933.2999877929688,895.5122680664062,1907169
2021-12-29,938.0,947.5999755859375,933.25,935.5499877929688,897.6712036132812,2687014
2021-12-30,937.0,955.0,936.0999755859375,952.75,914.1748657226562,1729705
2021-12-31,955.0,957.25,942.0,944.0999755859375,905.875,2039044
2022-01-03,947.0499877929688,947.9000244140625,925.7999877929688,930.5,892.82568359375,2013140
2022-01-04,937.4500122070312,937.4500122070312,920.25,924.25,886.8287963867188,1238138
2022-01-05,926.5,931.7999877929688,919.0,928.5499877929688,890.95458984375,1407995
2022-01-06,928.5499877929688,935.9500122070312,919.2999877929688,922.0,884.6698608398438,1384402
2022-01-07,926.4000244140625,926.6500244140625,913.3499755859375,914.75,877.71337890625,1546099
2022-01-10,914.75,917.8499755859375,908.6500244140625,916.2000122070312,879.1046752929688,1637506
2022-01-11,917.5,921.75,913.0,915.9500122070312,878.86474609375,1578147
2022-01-12,918.4000244140625,918.4000244140625,901.2000122070312,906.2000122070312,869.509521484375,2090537
2022-01-13,912.0,929.1500244140625,908.7000122070312,924.0499877929688,886.63671875,2739659
2022-01-14,926.0499877929688,933.0,916.2999877929688,921.5,884.1900634765625,2321761
2022-01-17,915.5999755859375,920.2000122070312,909.0,910.2000122070312,873.3475952148438,1058857
2022-01-18,910.2000122070312,914.5999755859375,898.4500122070312,902.1500244140625,865.6234741210938,1830577
2022-01-19,900.0499877929688,901.5999755859375,885.0999755859375,895.6500244140625,859.3866577148438,1413292
2022-01-20,895.0,899.9000244140625,880.0499877929688,882.3499755859375,846.6251831054688,1614683
2022-01-21,880.0,880.0,860.0,867.4500122070312,832.3284912109375,1669132
2022-01-24,871.5,895.0,867.4500122070312,892.0999755859375,855.9803466796875,4992078
2022-01-25,891.4000244140625,909.0,881.0999755859375,905.6500244140625,868.9818115234375,2322693
2022-01-27,901.0,931.5,887.0,927.5999755859375,890.04296875,7859401
2022-01-28,926.5499877929688,942.0,917.4500122070312,932.25,894.5048217773438,2428175
2022-01-31,939.0,950.0,930.6500244140625,945.0,906.7385864257812,2008278
2022-02-01,948.0,959.0,938.7999877929688,946.4000244140625,908.0819091796875,2033319
2022-02-02,945.5,958.5,944.75,951.7999877929688,913.2633056640625,1735750
2022-02-03,953.0,957.0,944.5499877929688,952.75,914.1748657226562,1116446
2022-02-04,951.25,957.75,940.0,946.0999755859375,907.7940673828125,1428601
2022-02-07,946.2000122070312,947.0,927.0499877929688,933.2999877929688,895.5122680664062,949273
2022-02-08,933.2999877929688,951.0,931.0999755859375,948.0499877929688,909.6650390625,1812035
2022-02-09,954.7999877929688,972.5,950.25,968.25,929.0473022460938,2513281
2022-02-10,969.0,977.3499755859375,963.0,975.0499877929688,935.5718994140625,2044733
2022-02-11,956.5,976.0499877929688,953.0,958.5,919.6919555664062,1292417
2022-02-14,947.0,962.9000244140625,938.8499755859375,954.9000244140625,916.2378540039062,2346622
2022-02-15,916.5499877929688,938.7999877929688,912.2999877929688,921.8499755859375,884.5258178710938,8304774
2022-02-16,938.0,940.25,920.0999755859375,933.0999755859375,895.3203735351562,2480569
2022-02-17,934.7999877929688,955.5,925.7000122070312,928.2000122070312,890.6188354492188,2843010
2022-02-18,927.5,929.8499755859375,903.0499877929688,909.0999755859375,872.2920532226562,3643338
2022-02-21,903.0999755859375,913.7000122070312,896.0,907.25,870.5170288085938,1860041
2022-02-22,893.2000122070312,918.0,890.75,913.4000244140625,876.41796875,1884736
2022-02-23,915.25,921.2999877929688,910.25,914.9000244140625,877.8573608398438,1399309
2022-02-24,899.7999877929688,908.75,888.1500244140625,895.7999877929688,859.5305786132812,2003438
2022-02-25,903.0,926.7000122070312,890.9500122070312,923.6500244140625,886.2529907226562,2825642
2022-02-28,920.0499877929688,929.9500122070312,911.0,925.0499877929688,887.5963134765625,1534018
2022-03-02,911.0999755859375,931.2999877929688,911.0999755859375,923.0999755859375,885.7252197265625,3276260
2022-03-03,925.0,945.0,919.5499877929688,934.9000244140625,897.047607421875,2622469
2022-03-04,929.0,941.0,920.25,931.2000122070312,893.497314453125,2453781
2022-03-07,921.9000244140625,946.0,917.0499877929688,941.1500244140625,903.0444946289062,2604231
2022-03-08,938.0,977.0,935.4000244140625,969.5499877929688,930.294677734375,5826939
2022-03-09,969.5499877929688,987.5499877929688,960.0499877929688,981.5499877929688,941.8087768554688,3501351
2022-03-10,982.0499877929688,992.9000244140625,975.0,987.0499877929688,947.0860595703125,4146797
2022-03-11,984.25,1053.75,981.3499755859375,1043.949951171875,1001.6822509765625,11106725
2022-03-14,1045.0,1058.0,1036.75,1048.6500244140625,1006.1920166015625,5590771
2022-03-15,1045.0,1083.0,1045.0,1068.050048828125,1024.8065185546875,7945333
2022-03-16,1077.0,1078.0,1049.1500244140625,1055.800048828125,1013.052490234375,3379138
2022-03-17,1056.0,1066.4000244140625,1045.699951171875,1048.5,1006.0481567382812,3712730
2022-03-21,1067.800048828125,1071.0,1049.0999755859375,1050.300048828125,1007.775146484375,2039889
2022-03-22,1045.0,1049.25,1024.0,1032.5999755859375,990.7916870117188,2269544
2022-03-23,1044.9000244140625,1044.9000244140625,1011.25,1014.4500122070312,973.376708984375,2781735
2022-03-24,1014.0,1040.0999755859375,1001.75,1029.0,987.3375244140625,3344649
2022-03-25,1033.300048828125,1033.300048828125,1006.0,1013.5,972.4651489257812,1680031
2022-03-28,1022.0,1044.25,1008.9000244140625,1017.0999755859375,975.9193115234375,3847112
2022-03-29,1020.2000122070312,1041.0,1020.2000122070312,1038.8499755859375,996.7886962890625,3194089
2022-03-30,1043.0,1054.800048828125,1025.199951171875,1028.949951171875,987.2894897460938,3083750
2022-03-31,1030.0,1035.0,1013.5999755859375,1018.0499877929688,976.8309326171875,1976418
2022-04-01,1023.0,1025.9000244140625,1006.0,1014.8499755859375,973.7604370117188,1285646
2022-04-04,1018.0,1029.6500244140625,1003.4500122070312,1027.800048828125,986.1862182617188,1665075
2022-04-05,1035.0,1036.0,1017.0,1021.4500122070312,980.09326171875,1596381
2022-04-06,1014.0,1033.8499755859375,1014.0,1029.0,987.3375244140625,1487844
2022-04-07,1036.0,1062.6500244140625,1032.300048828125,1036.699951171875,994.7256469726562,3496357
2022-04-08,1038.449951171875,1038.449951171875,1005.0,1011.5999755859375,970.6420288085938,3001682
2022-04-11,1012.0,1028.300048828125,1011.5999755859375,1025.5,983.979248046875,2094493
2022-04-12,1021.5,1031.699951171875,1013.0,1027.25,985.6583862304688,2746930
2022-04-13,1031.0,1033.800048828125,1012.2000122070312,1016.5999755859375,975.4395141601562,1890795
2022-04-18,1016.5999755859375,1035.0,1010.0999755859375,1027.8499755859375,986.2341918945312,2092141
2022-04-19,1034.699951171875,1038.9000244140625,980.3499755859375,1000.2999877929688,959.7996215820312,1813890
2022-04-20,1001.9000244140625,1015.0,990.0499877929688,1012.0499877929688,971.07373046875,1796999
2022-04-21,1016.0499877929688,1020.0,996.7000122070312,998.5499877929688,958.1204223632812,1526774
2022-04-22,998.0,998.5499877929688,959.0,967.0,927.8478393554688,2455188
2022-04-25,957.0999755859375,963.0,946.2999877929688,953.1500244140625,914.5586547851562,1309361
2022-04-26,958.1500244140625,980.5999755859375,957.0499877929688,978.4000244140625,938.7862548828125,1806747
2022-04-27,965.2000122070312,980.25,964.0,977.75,938.1625366210938,1033333
2022-04-28,988.0,990.5999755859375,977.9500122070312,981.2000122070312,941.472900390625,1840948
2022-04-29,981.2999877929688,994.9000244140625,976.5,981.2000122070312,941.472900390625,1972427
2022-05-02,979.0,989.75,971.7999877929688,976.5999755859375,937.05908203125,1767117
2022-05-04,977.5,983.0,947.0499877929688,957.5499877929688,918.7804565429688,2086372
2022-05-05,959.9500122070312,967.2000122070312,944.0,948.4000244140625,910.0008544921875,2161283
2022-05-06,937.7999877929688,946.3499755859375,925.4000244140625,934.75,896.903564453125,1828238
2022-05-09,934.75,942.0,922.0,938.2999877929688,900.309814453125,2047297
2022-05-10,930.0,939.5999755859375,918.5499877929688,926.1500244140625,888.6517944335938,1662201
2022-05-11,912.0,942.5999755859375,904.25,937.5999755859375,899.63818359375,5296875
2022-05-12,935.0,937.0,915.5,920.75,883.470458984375,2242769
2022-05-13,924.0999755859375,940.0999755859375,922.2000122070312,934.5999755859375,896.7595825195312,1734146
2022-05-16,926.0499877929688,945.0,926.0499877929688,933.4000244140625,895.6082763671875,1456551
2022-05-17,935.0,941.0499877929688,916.2000122070312,938.0,900.0220336914062,2301253
2022-05-18,945.7999877929688,961.2000122070312,941.3499755859375,957.0999755859375,918.3486328125,2580102
2022-05-19,940.0,953.9500122070312,934.4000244140625,938.0,900.0220336914062,1198917
2022-05-20,950.0,982.5999755859375,939.0,978.4000244140625,938.7862548828125,2594816
2022-05-23,978.7999877929688,987.7000122070312,966.4500122070312,970.0499877929688,930.7743530273438,1220231
2022-05-24,977.0,977.7000122070312,961.75,970.4000244140625,931.1102294921875,1622192
2022-05-25,972.4000244140625,985.9000244140625,969.4500122070312,971.8499755859375,932.5015258789062,1950710
2022-05-26,972.0999755859375,977.3499755859375,960.25,964.5499877929688,925.4970092773438,1630614
2022-05-27,970.0999755859375,977.7999877929688,960.0,966.3499755859375,927.22412109375,1249374
2022-05-30,968.4000244140625,992.0,968.0,986.7999877929688,946.8460693359375,2171285
2022-05-31,988.9000244140625,1004.9000244140625,978.7000122070312,992.9500122070312,952.7471923828125,4874664
2022-06-01,994.5,998.6500244140625,980.3499755859375,983.5499877929688,943.7277221679688,1285579
2022-06-02,977.5,1006.8499755859375,977.5,987.0999755859375,947.1339721679688,2639988
2022-06-03,990.0499877929688,998.75,957.1500244140625,960.9500122070312,922.042724609375,1057504
2022-06-06,960.9500122070312,979.7000122070312,960.5,976.0499877929688,936.5313720703125,1412548
2022-06-07,971.5499877929688,979.6500244140625,962.0,972.75,933.3651123046875,1759986
2022-06-08,972.0,976.0499877929688,956.9000244140625,962.9500122070312,923.9617919921875,1874689
2022-06-09,962.9000244140625,974.2999877929688,955.0,971.9500122070312,932.597412109375,1405851
2022-06-10,960.0,971.5999755859375,960.0,966.7999877929688,927.6558837890625,776457
2022-06-13,955.0,984.75,947.7999877929688,954.75,916.0938110351562,3016612
2022-06-14,955.0,970.7999877929688,950.7999877929688,964.7000122070312,925.6409912109375,1570434
2022-06-15,965.0,974.9000244140625,964.0,968.7999877929688,929.5748901367188,1112618
2022-06-16,976.0,977.75,927.7999877929688,940.9500122070312,902.8524780273438,1898194
2022-06-17,932.2000122070312,944.5499877929688,910.7999877929688,914.75,877.71337890625,2715476
2022-06-20,914.75,928.1500244140625,902.0,925.8499755859375,888.3639526367188,942685
2022-06-21,927.0999755859375,944.4500122070312,927.0999755859375,938.2000122070312,900.2139282226562,521963
2022-06-22,931.0,945.0,912.7999877929688,916.9000244140625,879.7763061523438,1698830
2022-06-23,917.0,937.2999877929688,914.4000244140625,933.3499755859375,895.5601806640625,615616
2022-06-24,933.0,943.5,930.0,933.7000122070312,895.8961181640625,722838
2022-06-27,936.0,946.4000244140625,930.5499877929688,932.3499755859375,894.6007080078125,846797
2022-06-28,935.0,947.7999877929688,921.8499755859375,945.0999755859375,906.8345336914062,931109
2022-06-29,937.0499877929688,961.9000244140625,922.9000244140625,947.6500244140625,909.2813110351562,2455089
2022-06-30,944.0,944.0,911.4000244140625,917.2000122070312,880.0641479492188,2433648
2022-07-01,911.2000122070312,956.0499877929688,911.2000122070312,949.2999877929688,910.864501953125,1793834
2022-07-04,944.5999755859375,950.0,928.5,930.6500244140625,892.9696655273438,1004832
2022-07-05,935.0,949.6500244140625,930.25,937.4000244140625,899.4462280273438,1532205
2022-07-06,940.0,950.0,933.1500244140625,945.5999755859375,907.314208984375,1390651
2022-07-07,950.3499755859375,950.3499755859375,933.2999877929688,935.25,897.38330078125,1390277
2022-07-08,942.25,942.25,927.8499755859375,935.4500122070312,897.5752563476562,1072803
2022-07-11,938.0,950.0,927.0499877929688,947.5499877929688,909.185302734375,1037956
2022-07-12,941.9000244140625,947.3499755859375,934.0,935.75,897.8631591796875,672406
2022-07-13,940.4500122070312,958.9000244140625,932.1500244140625,953.3499755859375,914.7504272460938,1511059
2022-07-14,953.4000244140625,968.6500244140625,945.1500244140625,951.1500244140625,912.6395874023438,1713101
2022-07-15,963.0,968.0,951.5,966.0499877929688,926.936279296875,1046876
2022-07-18,971.6500244140625,975.4000244140625,960.0499877929688,967.3499755859375,928.1836547851562,846036
2022-07-19,958.2000122070312,974.0,955.4000244140625,960.6500244140625,921.7550048828125,1162631
2022-07-20,965.7000122070312,982.9500122070312,958.8499755859375,981.5,941.7606811523438,1627220
2022-07-21,985.0,989.5,966.3499755859375,968.5,929.2870483398438,1681422
2022-07-22,973.5,976.5,967.5,972.0999755859375,932.7413330078125,977238
2022-07-25,976.0,979.7999877929688,955.0499877929688,959.7999877929688,920.9393310546875,1024751
2022-07-26,959.9500122070312,962.0,944.5,955.7000122070312,917.0053100585938,988405
2022-07-27,956.9000244140625,976.25,951.7999877929688,974.0499877929688,934.6123657226562,904733
2022-07-28,977.0,978.9500122070312,964.2000122070312,967.4500122070312,928.2796630859375,1043837
2022-07-29,973.7000122070312,983.9500122070312,953.0,977.4000244140625,937.8268432617188,2941566
2022-08-01,990.0,1031.0,988.2999877929688,1004.5499877929688,963.87744140625,4647912
2022-08-02,1003.6500244140625,1006.0999755859375,992.0,1004.2000122070312,963.5416259765625,1184696
2022-08-03,1010.0,1028.75,1004.5,1011.8499755859375,970.8819580078125,4052763
2022-08-04,1017.7999877929688,1046.9000244140625,1015.0,1044.5,1002.2099609375,2865077
2022-08-05,1040.0,1045.949951171875,1032.0,1034.199951171875,992.3269653320312,1561405
2022-08-08,1036.199951171875,1039.5,1024.0999755859375,1029.550048828125,992.6644897460938,767289
2022-08-10,1035.550048828125,1046.300048828125,1029.050048828125,1038.3499755859375,1001.1492309570312,1293683
2022-08-11,1040.5,1049.0,1035.0,1038.4000244140625,1001.1973876953125,838963
2022-08-12,1043.5999755859375,1043.5999755859375,1022.3499755859375,1027.1500244140625,990.3504638671875,1140717
2022-08-16,1027.1500244140625,1036.0,1025.25,1034.550048828125,997.4853515625,776409
2022-08-17,1039.75,1042.949951171875,1024.199951171875,1025.75,989.0006103515625,1102323
2022-08-18,1028.5,1034.050048828125,1007.3499755859375,1032.199951171875,995.219482421875,1201720
2022-08-19,1029.050048828125,1036.5999755859375,1020.0999755859375,1030.0999755859375,993.1947631835938,654004
2022-08-22,1016.0,1029.8499755859375,1015.5,1022.5499877929688,985.915283203125,993053
2022-08-23,1010.2000122070312,1046.800048828125,1010.2000122070312,1040.6500244140625,1003.3668212890625,1868332
2022-08-24,1041.0,1053.8499755859375,1026.050048828125,1037.3499755859375,1000.18505859375,1562062
2022-08-25,1043.949951171875,1043.949951171875,1020.5499877929688,1025.75,989.0006103515625,1112617
2022-08-26,1030.9000244140625,1035.699951171875,1018.5,1020.7999877929688,984.2279663085938,1264070
2022-08-29,1000.0,1024.0,991.2999877929688,1017.2999877929688,980.8533935546875,1305557
2022-08-30,1018.5,1042.199951171875,1016.0999755859375,1038.449951171875,1001.24560546875,1571042
2022-09-01,1026.0,1044.25,1019.4000244140625,1023.0,986.34912109375,1528731
2022-09-02,1024.0,1031.199951171875,1012.0499877929688,1015.5999755859375,979.2141723632812,1655229
2022-09-05,1012.5,1030.449951171875,1012.0,1025.6500244140625,988.9042358398438,1275368
2022-09-06,1025.0,1042.0,1024.9000244140625,1040.8499755859375,1003.5595703125,1369910
2022-09-07,1033.8499755859375,1061.8499755859375,1033.0,1051.5,1013.828125,2471263
2022-09-08,1058.5,1059.75,1044.0,1056.050048828125,1018.215087890625,1755391
2022-09-09,1060.0,1065.949951171875,1055.0,1058.300048828125,1020.384521484375,1092235
2022-09-12,1058.300048828125,1068.5,1057.0999755859375,1064.75,1026.603271484375,936787
2022-09-13,1057.050048828125,1063.0,1052.6500244140625,1058.9000244140625,1020.9629516601562,1144685
2022-09-14,1040.0,1068.0,1040.0,1059.949951171875,1021.975341796875,998799
2022-09-15,1060.0,1062.949951171875,1028.5,1033.300048828125,996.2801513671875,927244
2022-09-16,1038.5,1060.0,1034.0,1043.5,1006.11474609375,2850439
2022-09-19,1043.949951171875,1043.949951171875,1015.0,1036.300048828125,999.1727294921875,2073673
2022-09-20,1041.5,1097.550048828125,1039.5,1092.300048828125,1053.1663818359375,2491392
2022-09-21,1100.0,1101.8499755859375,1064.25,1070.4000244140625,1032.051025390625,2283817
2022-09-22,1061.1500244140625,1071.800048828125,1051.0,1061.9000244140625,1023.8556518554688,1634304
2022-09-23,1067.25,1093.0,1063.25,1068.0999755859375,1029.8333740234375,3268298
2022-09-26,1065.699951171875,1081.199951171875,1050.8499755859375,1065.6500244140625,1027.4710693359375,1219450
2022-09-27,1070.949951171875,1104.9000244140625,1069.0,1098.699951171875,1059.3370361328125,2343041
2022-09-28,1101.0,1117.699951171875,1087.6500244140625,1097.1500244140625,1057.8426513671875,3450534
2022-09-29,1100.550048828125,1121.6500244140625,1088.0999755859375,1115.8499755859375,1075.87255859375,2093772
2022-09-30,1119.75,1128.0,1105.050048828125,1114.949951171875,1075.0047607421875,1834565
2022-10-03,1116.800048828125,1144.9000244140625,1115.0,1130.75,1090.2388916015625,2601710
2022-10-04,1138.8499755859375,1147.5,1133.0,1144.6500244140625,1103.6407470703125,1911413
2022-10-06,1150.4000244140625,1150.4000244140625,1124.0,1134.449951171875,1093.8062744140625,1561938
2022-10-07,1135.0,1147.199951171875,1129.050048828125,1130.5,1089.997802734375,1182984
2022-10-10,1110.0,1131.5,1110.0,1118.8499755859375,1078.76513671875,1583891
2022-10-11,1121.800048828125,1127.1500244140625,1103.800048828125,1110.0999755859375,1070.3287353515625,1538943
2022-10-12,1111.5999755859375,1118.050048828125,1099.199951171875,1108.449951171875,1068.737548828125,1231143
2022-10-13,1108.4000244140625,1127.8499755859375,1101.0999755859375,1103.6500244140625,1064.10986328125,1438932
2022-10-14,1115.0999755859375,1120.0,1105.4000244140625,1108.9000244140625,1069.1715087890625,1131139
2022-10-17,1108.0,1113.050048828125,1098.800048828125,1108.1500244140625,1068.4486083984375,1076392
2022-10-18,1113.699951171875,1130.199951171875,1110.300048828125,1125.8499755859375,1085.5142822265625,960283
2022-10-19,1131.5,1145.0,1119.0999755859375,1122.0,1081.80224609375,1300144
2022-10-20,1122.0,1142.0,1117.0,1136.800048828125,1096.0721435546875,1633570
2022-10-21,1136.800048828125,1148.0,1132.5,1134.75,1094.0955810546875,1349759
2022-10-24,1145.5999755859375,1150.0,1141.550048828125,1146.9000244140625,1105.8101806640625,129688
2022-10-25,1147.0,1164.8499755859375,1146.9000244140625,1155.9000244140625,1114.48779296875,2210622
2022-10-27,1169.949951171875,1180.0999755859375,1156.300048828125,1165.9000244140625,1124.1295166015625,2359658
2022-10-28,1169.0,1171.800048828125,1151.0,1155.199951171875,1113.8128662109375,1087865
2022-10-31,1161.0,1177.8499755859375,1159.050048828125,1167.4000244140625,1125.57568359375,1554670
2022-11-01,1167.5,1185.25,1163.5999755859375,1173.4000244140625,1131.36083984375,1491658
2022-11-02,1173.550048828125,1178.4000244140625,1156.199951171875,1159.25,1117.7177734375,1479828
2022-11-03,1152.199951171875,1176.0,1151.0999755859375,1163.0999755859375,1121.4296875,1992697
2022-11-04,1167.8499755859375,1175.25,1141.0,1146.0999755859375,1105.038818359375,1712836
2022-11-07,1146.0999755859375,1152.0,1116.5,1130.9000244140625,1090.3834228515625,2006468
2022-11-09,1141.0999755859375,1154.949951171875,1125.0,1129.4000244140625,1088.93701171875,2068940
2022-11-10,1130.0,1152.0,1119.0,1122.300048828125,1082.0914306640625,2028565
2022-11-11,1130.0,1143.8499755859375,1116.6500244140625,1121.4000244140625,1081.2237548828125,1513809
2022-11-14,1124.5,1133.5999755859375,1118.199951171875,1129.5,1089.03369140625,1501491
2022-11-15,1134.949951171875,1134.949951171875,1110.8499755859375,1118.75,1078.6685791015625,1262746
2022-11-16,1120.949951171875,1136.449951171875,1117.25,1121.199951171875,1081.031005859375,1649021
2022-11-17,1125.0,1132.449951171875,1116.449951171875,1119.5,1079.3917236328125,1270387
2022-11-18,1124.0,1127.050048828125,1099.449951171875,1102.4000244140625,1062.904541015625,1486381
2022-11-21,1104.949951171875,1108.199951171875,1093.75,1104.449951171875,1064.881103515625,1488424
2022-11-22,1107.449951171875,1109.699951171875,1097.199951171875,1104.0999755859375,1064.5435791015625,1302811
2022-11-23,1108.9000244140625,1124.550048828125,1098.6500244140625,1108.0,1068.3038330078125,2192276
2022-11-24,1113.550048828125,1117.6500244140625,1092.4000244140625,1095.3499755859375,1056.1070556640625,2933085
2022-11-25,1093.050048828125,1107.0,1078.5,1105.3499755859375,1065.748779296875,1454838
2022-11-28,1100.0,1110.0,1094.0999755859375,1101.75,1062.2777099609375,673339
2022-11-29,1106.0,1125.8499755859375,1105.0,1121.1500244140625,1080.9827880859375,1899345
2022-11-30,1121.1500244140625,1149.0,1120.0,1139.6500244140625,1098.820068359375,2680903
2022-12-01,1145.0,1145.199951171875,1117.0,1124.9000244140625,1084.598388671875,1360439
2022-12-02,1124.9000244140625,1124.9000244140625,1099.0,1114.3499755859375,1074.4263916015625,2586376
2022-12-05,1114.3499755859375,1122.550048828125,1108.1500244140625,1115.3499755859375,1075.390380859375,1236554
2022-12-06,1115.0,1117.800048828125,1103.4000244140625,1109.5999755859375,1069.8465576171875,1180968
2022-12-07,1111.0,1122.6500244140625,1103.4000244140625,1105.300048828125,1065.7005615234375,1031921
2022-12-08,1109.199951171875,1113.0,1103.1500244140625,1107.5,1067.82177734375,808315
2022-12-09,1115.0,1115.8499755859375,1101.0999755859375,1107.9000244140625,1068.20751953125,994866
2022-12-12,1105.0,1110.0,1093.0999755859375,1096.800048828125,1057.5052490234375,1544297
2022-12-13,1096.949951171875,1112.5,1088.199951171875,1109.9000244140625,1070.1358642578125,1282727
2022-12-14,1114.0,1119.0,1106.1500244140625,1112.699951171875,1072.83544921875,1013627
2022-12-15,1111.199951171875,1118.0999755859375,1099.3499755859375,1101.800048828125,1062.325927734375,710477
2022-12-16,1096.300048828125,1108.0,1086.0999755859375,1089.4000244140625,1050.370361328125,1309491
2022-12-19,1090.3499755859375,1100.5,1084.449951171875,1096.6500244140625,1057.3604736328125,779326
2022-12-20,1096.0,1097.4000244140625,1088.449951171875,1091.1500244140625,1052.0576171875,795748
2022-12-21,1096.0999755859375,1130.0,1085.6500244140625,1128.0,1087.5872802734375,3224730
2022-12-22,1135.0,1147.3499755859375,1117.050048828125,1122.449951171875,1082.236083984375,2070809
2022-12-23,1121.0,1146.949951171875,1113.199951171875,1119.1500244140625,1079.0543212890625,2773210
2022-12-26,1127.0,1135.0,1094.0,1096.5,1057.2158203125,1279529
2022-12-27,1094.050048828125,1104.9000244140625,1090.0999755859375,1095.8499755859375,1056.5889892578125,1209316
2022-12-28,1094.0,1103.1500244140625,1084.0999755859375,1085.800048828125,1046.899169921875,872940
2022-12-29,1086.0,1098.0,1070.0,1087.550048828125,1048.5865478515625,1625961
2022-12-30,1094.949951171875,1095.0,1073.5,1075.949951171875,1037.402099609375,1185711
2023-01-02,1080.25,1082.0,1063.8499755859375,1070.949951171875,1032.5811767578125,895053
2023-01-03,1070.050048828125,1080.949951171875,1066.4000244140625,1075.9000244140625,1037.3538818359375,952230
2023-01-04,1078.949951171875,1081.949951171875,1063.949951171875,1066.9000244140625,1028.6763916015625,1369415
2023-01-05,1075.0,1093.199951171875,1067.4000244140625,1088.3499755859375,1049.35791015625,1605744
2023-01-06,1088.3499755859375,1093.0999755859375,1073.5,1076.3499755859375,1037.787841796875,824772
2023-01-09,1081.75,1096.949951171875,1076.9000244140625,1087.449951171875,1048.490234375,893437
2023-01-10,1086.5,1090.25,1074.8499755859375,1078.699951171875,1040.053466796875,594426
2023-01-11,1078.699951171875,1083.949951171875,1043.0,1047.5999755859375,1010.0678100585938,2168577
2023-01-12,1052.800048828125,1064.0999755859375,1043.1500244140625,1061.1500244140625,1023.1323852539062,1188988
2023-01-13,1064.0,1070.5999755859375,1053.25,1067.75,1029.4959716796875,1089004
2023-01-16,1070.5,1074.699951171875,1051.0,1059.5999755859375,1021.6377563476562,825308
2023-01-17,1062.800048828125,1071.0999755859375,1053.3499755859375,1069.0999755859375,1030.7974853515625,762941
2023-01-18,1068.9000244140625,1072.0,1059.3499755859375,1063.4000244140625,1025.3016357421875,1299797
2023-01-19,1063.5,1069.5999755859375,1058.550048828125,1064.8499755859375,1026.69970703125,376954
2023-01-20,1067.0,1067.0,1050.449951171875,1053.449951171875,1015.708251953125,954230
2023-01-23,1053.4000244140625,1064.25,1050.699951171875,1062.550048828125,1024.482421875,750581
2023-01-24,1065.0,1074.9000244140625,1055.050048828125,1062.1500244140625,1024.0965576171875,712627
2023-01-25,1064.9000244140625,1068.25,1020.0,1035.25,998.1602172851562,2226483
2023-01-27,1023.25,1072.949951171875,1023.25,1047.25,1009.7304077148438,2947920
2023-01-30,1057.0,1057.0,1028.5,1034.4000244140625,997.3408203125,2118395
2023-01-31,1043.0,1043.0,1007.5,1017.9500122070312,981.4800415039062,2705095
2023-02-01,1019.0,1035.9000244140625,1015.0999755859375,1032.050048828125,995.074951171875,1598213
2023-02-02,1026.0999755859375,1032.800048828125,1017.2999877929688,1025.300048828125,988.5668334960938,1291262
2023-02-03,1022.0,1027.800048828125,1010.5,1022.2999877929688,985.6741943359375,1617105
2023-02-06,1020.0,1033.5999755859375,1010.1500244140625,1029.800048828125,992.905517578125,979035
2023-02-07,1029.800048828125,1034.8499755859375,1021.2999877929688,1031.300048828125,994.351806640625,965322
2023-02-08,1035.0,1041.199951171875,1019.1500244140625,1039.0999755859375,1001.872314453125,746863
2023-02-09,1025.300048828125,1044.5999755859375,1020.0,1021.5,984.9028930664062,1331902
2023-02-10,1021.0,1036.8499755859375,1015.0499877929688,1033.199951171875,996.1836547851562,1106858
2023-02-13,1036.0,1040.5999755859375,1019.0,1021.9500122070312,985.3367919921875,1042379
2023-02-14,1026.699951171875,1032.449951171875,1017.5999755859375,1028.3499755859375,991.5074462890625,759416
2023-02-15,1026.8499755859375,1033.449951171875,1016.0999755859375,1030.800048828125,993.8696899414062,662924
2023-02-16,1031.75,1038.0,1028.3499755859375,1035.5,998.4013671875,667265
2023-02-17,1035.5,1035.75,1021.1500244140625,1025.75,989.0006103515625,1509783
2023-02-20,998.0,998.0,955.25,964.0,929.462890625,5829572
2023-02-21,969.7999877929688,979.0999755859375,963.5,965.9500122070312,931.3430786132812,2042234
2023-02-22,966.5999755859375,972.7999877929688,959.0499877929688,962.5499877929688,928.0648803710938,1602953
2023-02-23,965.0,967.4500122070312,956.0,960.2999877929688,925.8955078125,1216409
2023-02-24,961.0999755859375,966.0,955.0,961.7999877929688,927.3417358398438,1585383
2023-02-27,965.5999755859375,968.5999755859375,948.6500244140625,950.2000122070312,916.1573486328125,1377270
2023-02-28,945.9000244140625,945.9000244140625,903.0999755859375,906.4000244140625,873.9265747070312,5380673
2023-03-01,907.7999877929688,910.25,896.0,899.5999755859375,867.3701171875,3496231
2023-03-02,901.9500122070312,903.0,884.5,886.4500122070312,854.6913452148438,1887367
2023-03-03,891.0,892.0,877.0,878.6500244140625,847.1707763671875,1892639
2023-03-06,885.0,885.5499877929688,869.0499877929688,880.9000244140625,849.3401489257812,4090356
2023-03-08,883.7000122070312,883.7999877929688,871.0999755859375,877.25,845.8209228515625,2933956
2023-03-09,877.25,896.8499755859375,877.0,881.75,850.15966796875,6176157
2023-03-10,879.1500244140625,884.5999755859375,871.2999877929688,881.2000122070312,849.6294555664062,1718841
2023-03-13,882.5999755859375,889.0999755859375,872.1500244140625,874.7999877929688,843.458740234375,1697362
2023-03-14,873.0,883.7000122070312,853.8499755859375,872.0499877929688,840.8071899414062,2444217
2023-03-15,875.0,883.4000244140625,872.5999755859375,877.9500122070312,846.495849609375,1286900
2023-03-16,881.0,890.0,876.75,883.4500122070312,851.7987670898438,2023997
2023-03-17,887.3499755859375,888.4000244140625,870.0,874.0499877929688,842.7355346679688,2205087
2023-03-20,874.0499877929688,876.9000244140625,861.7999877929688,866.7000122070312,835.6488647460938,997827
2023-03-21,866.7999877929688,872.4000244140625,860.5999755859375,862.3499755859375,831.4547729492188,888443
2023-03-22,864.0,866.0,852.0,863.4000244140625,832.4671020507812,1622488
2023-03-23,868.0,870.9000244140625,861.25,869.0999755859375,837.962890625,1865868
2023-03-24,869.0999755859375,879.0,866.1500244140625,877.25,845.8209228515625,3166046
2023-03-27,881.0499877929688,891.3499755859375,876.0499877929688,889.2999877929688,857.4391479492188,3986238
2023-03-28,891.7999877929688,894.25,886.4000244140625,889.5,857.6320190429688,3623017
2023-03-29,893.9500122070312,896.5999755859375,885.3499755859375,887.7000122070312,855.8965454101562,3049688
2023-03-31,888.7999877929688,902.7000122070312,886.7000122070312,900.5,868.2379150390625,2320879
2023-04-03,910.0,910.0,887.0499877929688,891.4500122070312,859.5121459960938,2623264
2023-04-05,889.0,897.3499755859375,886.2999877929688,895.75,863.6581420898438,1612376
2023-04-06,899.0,899.75,889.0,893.3499755859375,861.3440551757812,1512783
2023-04-10,896.9500122070312,904.5,894.2000122070312,901.8499755859375,869.5394897460938,919722
2023-04-11,905.0,908.1500244140625,902.0,907.1500244140625,874.649658203125,1778775
2023-04-12,909.0,920.9000244140625,908.2000122070312,917.9500122070312,885.062744140625,3449942
2023-04-13,921.9000244140625,923.0499877929688,912.2999877929688,915.75,882.9415893554688,1068355
2023-04-17,915.0,917.4500122070312,901.0999755859375,906.4500122070312,873.974853515625,2604979
2023-04-18,905.0,925.5,897.0,924.25,891.1370239257812,1949777
2023-04-19,925.9500122070312,925.9500122070312,909.0,911.9000244140625,879.2294921875,1538261
2023-04-20,912.0,913.7000122070312,898.9500122070312,904.0,871.612548828125,4446158
2023-04-21,903.0,918.5499877929688,903.0,915.0499877929688,882.2666625976562,3481218
2023-04-24,916.0,917.2000122070312,901.1500244140625,903.0,870.6483764648438,1784945
2023-04-25,904.5999755859375,912.0,896.2999877929688,909.6500244140625,877.0601806640625,2440358
2023-04-26,911.8499755859375,914.2000122070312,900.0499877929688,911.0999755859375,878.4581909179688,1400796
2023-04-27,911.2000122070312,917.2999877929688,903.0,913.9500122070312,881.2061157226562,2457652
2023-04-28,918.8499755859375,919.0,905.1500244140625,908.0499877929688,875.5173950195312,2695819
2023-05-02,910.4000244140625,921.0,906.0999755859375,917.7000122070312,884.8217163085938,1857324
2023-05-03,920.9500122070312,924.5,917.0,920.6500244140625,887.6660766601562,2566561
2023-05-04,920.6500244140625,935.4000244140625,920.6500244140625,933.5,900.0556640625,3393228
2023-05-05,935.0,935.2000122070312,920.8499755859375,924.7999877929688,891.6673583984375,2262141
2023-05-08,927.2000122070312,934.9000244140625,919.6500244140625,933.2999877929688,899.8628540039062,3877794
2023-05-09,935.0,943.0,929.0999755859375,939.2000122070312,905.5514526367188,2657968
2023-05-10,943.5,946.7000122070312,933.2000122070312,944.4000244140625,910.5651245117188,1618668
2023-05-11,946.4500122070312,947.0,935.0,943.5999755859375,909.7937622070312,1537103
2023-05-12,948.8499755859375,953.0,913.0,937.4500122070312,903.8641357421875,3850078
2023-05-15,940.0,940.0,896.8499755859375,922.7999877929688,889.7389526367188,5487301
2023-05-16,927.4000244140625,942.6500244140625,918.4000244140625,922.0999755859375,889.0640869140625,2964696
2023-05-17,924.9500122070312,932.0,917.0,923.9500122070312,890.8477783203125,1866976
2023-05-18,929.0,929.6500244140625,911.5499877929688,914.5,881.736328125,1881606
2023-05-19,917.0,922.0,913.0,916.25,883.4236450195312,1168086
2023-05-22,916.25,931.0499877929688,915.4500122070312,924.9500122070312,891.8118896484375,1402783
2023-05-23,926.4000244140625,932.2999877929688,919.5,930.4000244140625,897.0667114257812,1577827
2023-05-24,923.5,939.9000244140625,923.5,938.0,904.3944091796875,1034319
2023-05-25,941.4500122070312,947.0,935.0,945.4500122070312,911.5775146484375,2178211
2023-05-26,945.9000244140625,952.75,940.5,951.3499755859375,917.26611328125,1130476
2023-05-29,952.0,959.2000122070312,945.0999755859375,956.25,921.9906005859375,1744868
2023-05-30,957.5999755859375,961.5,951.0,959.8499755859375,925.4616088867188,1337311
2023-05-31,960.2000122070312,965.0,942.2999877929688,953.0499877929688,918.9052124023438,3561991
2023-06-01,950.0,966.5,946.75,964.75,930.1860961914062,1132919
2023-06-02,965.9000244140625,969.6500244140625,954.6500244140625,965.8499755859375,931.2466430664062,1098485
2023-06-05,970.0,976.9000244140625,959.1500244140625,974.7999877929688,939.8759765625,1469770
2023-06-06,972.9000244140625,974.9500122070312,964.0499877929688,972.0499877929688,937.2244873046875,2079735
2023-06-07,972.9500122070312,977.9000244140625,958.5,960.4500122070312,926.0401000976562,1614117
2023-06-08,964.9000244140625,969.8499755859375,963.0,965.4000244140625,930.8128051757812,1481632
2023-06-09,966.0,971.0,959.1500244140625,969.25,934.5248413085938,717024
2023-06-12,973.25,973.25,955.1500244140625,959.9500122070312,925.5579833984375,1239721
2023-06-13,963.0,983.8499755859375,957.0,981.5,946.3358764648438,2158120
2023-06-14,981.5,981.9000244140625,972.5999755859375,978.7000122070312,943.6362915039062,1831109
2023-06-15,981.9500122070312,1000.0,980.5999755859375,998.2000122070312,962.4376831054688,1804458
2023-06-16,1000.0,1007.1500244140625,993.75,1006.0499877929688,970.0064086914062,1572197
2023-06-19,1006.25,1017.5499877929688,999.2000122070312,1011.25,975.0200805664062,1015057
2023-06-20,1013.8499755859375,1018.7999877929688,1002.5999755859375,1011.1500244140625,974.9237060546875,1413571
2023-06-21,1010.2000122070312,1013.4500122070312,1002.25,1008.9000244140625,972.7543334960938,1140198
2023-06-22,1003.0999755859375,1007.0,990.0999755859375,998.2999877929688,962.5340576171875,2852669
2023-06-23,999.9500122070312,999.9500122070312,985.6500244140625,989.4000244140625,953.9529418945312,1776614
2023-06-26,989.3499755859375,1025.0,989.3499755859375,1021.9000244140625,985.2885131835938,2313439
2023-06-27,1024.0,1026.0999755859375,1005.0,1009.25,973.0917358398438,1651238
2023-06-28,1007.0,1018.5,1004.0499877929688,1009.9000244140625,973.718505859375,1653212
2023-06-30,1009.9000244140625,1021.4500122070312,1005.0,1014.9500122070312,978.587646484375,1963457
2023-07-03,1020.5,1029.9000244140625,999.0,1001.7999877929688,965.9086303710938,1454455
2023-07-04,1007.9500122070312,1016.0,996.5,1011.8499755859375,975.5986328125,1112255
2023-07-05,1017.0,1018.7999877929688,1005.4000244140625,1010.7999877929688,974.586181640625,748219
2023-07-06,1012.0,1023.5499877929688,1011.4000244140625,1021.25,984.661865234375,1236819
2023-07-07,1009.4500122070312,1028.75,998.0499877929688,1020.6500244140625,984.0833129882812,1914093
2023-07-10,1024.0,1026.0,1013.0,1016.7000122070312,980.2748413085938,1142988
2023-07-11,1018.9500122070312,1033.5,1018.0,1027.800048828125,990.9772338867188,814514
2023-07-12,1025.0,1032.9000244140625,1019.9500122070312,1022.2000122070312,985.5778198242188,1163653
2023-07-13,1027.8499755859375,1036.0,1018.0499877929688,1020.7000122070312,984.131591796875,1419223
2023-07-14,1026.1500244140625,1034.800048828125,1019.3499755859375,1030.9000244140625,993.9661254882812,787233
2023-07-17,1036.199951171875,1039.0,1025.4000244140625,1032.6500244140625,995.6534423828125,1047614
2023-07-18,1032.6500244140625,1035.199951171875,1019.5,1030.800048828125,993.8696899414062,780402
2023-07-19,1030.0,1042.0,1022.7000122070312,1035.800048828125,998.6905517578125,1069988
2023-07-20,1038.949951171875,1057.9000244140625,1027.0,1056.550048828125,1018.697265625,1280545
2023-07-21,1048.9000244140625,1062.0,1045.050048828125,1048.949951171875,1019.5719604492188,879139
2023-07-24,1048.949951171875,1053.0,1038.0,1048.949951171875,1019.5719604492188,936947
2023-07-25,1058.0,1061.75,1049.4000244140625,1054.75,1025.20947265625,599999
2023-07-26,1060.0,1082.050048828125,1042.1500244140625,1068.5,1038.5743408203125,1854416
2023-07-27,1115.0,1219.4000244140625,1108.550048828125,1171.449951171875,1138.64111328125,14590950
2023-07-28,1171.449951171875,1190.4000244140625,1155.699951171875,1177.800048828125,1144.8133544921875,4454009
2023-07-31,1181.800048828125,1184.75,1165.4000244140625,1175.0,1142.091796875,2221571
2023-08-01,1175.0,1187.300048828125,1168.0999755859375,1178.3499755859375,1145.347900390625,1362536
2023-08-02,1185.0,1185.0,1153.550048828125,1168.300048828125,1135.5794677734375,1861901
2023-08-03,1166.050048828125,1178.949951171875,1150.0,1165.8499755859375,1133.1978759765625,2574025
2023-08-04,1171.0,1238.699951171875,1171.0,1209.75,1175.868408203125,8359856
2023-08-07,1195.0,1228.5,1174.199951171875,1223.6500244140625,1189.3792724609375,2468250
2023-08-08,1225.0,1269.0,1224.050048828125,1266.449951171875,1230.9803466796875,5064238
2023-08-09,1270.0,1271.6500244140625,1252.25,1266.050048828125,1230.5916748046875,2105178
2023-08-10,1266.0,1277.9000244140625,1248.0999755859375,1258.949951171875,1223.6905517578125,2102129
2023-08-11,1258.300048828125,1258.800048828125,1245.0,1250.199951171875,1215.1854248046875,1286301
2023-08-14,1250.199951171875,1252.0,1231.6500244140625,1235.5999755859375,1200.994384765625,830936
2023-08-16,1231.550048828125,1246.0,1226.050048828125,1243.550048828125,1208.7218017578125,1665083
2023-08-17,1235.0,1245.8499755859375,1226.050048828125,1241.0,1206.2432861328125,1855386
2023-08-18,1239.0,1257.0,1231.0,1236.4000244140625,1201.7720947265625,1292509
2023-08-21,1237.449951171875,1245.300048828125,1230.300048828125,1233.800048828125,1199.244873046875,1101408
2023-08-22,1233.800048828125,1240.25,1218.050048828125,1221.0,1186.8033447265625,1379445
2023-08-23,1252.050048828125,1259.9000244140625,1225.050048828125,1230.6500244140625,1196.18310546875,2562635
2023-08-24,1235.199951171875,1239.6500244140625,1217.0,1220.5,1186.3172607421875,848018
2023-08-25,1217.949951171875,1219.9000244140625,1205.0,1209.4000244140625,1175.5283203125,887533
2023-08-28,1212.0,1237.0,1211.0,1228.9000244140625,1194.4820556640625,1666004
2023-08-29,1232.0,1245.6500244140625,1227.300048828125,1229.75,1195.308349609375,1209087
2023-08-30,1234.699951171875,1256.800048828125,1231.1500244140625,1236.1500244140625,1201.529052734375,1282450
2023-08-31,1240.1500244140625,1266.0999755859375,1223.199951171875,1257.5999755859375,1222.3782958984375,3103295
2023-09-01,1264.9000244140625,1268.9000244140625,1239.6500244140625,1245.4000244140625,1210.5201416015625,1167597
2023-09-04,1250.300048828125,1255.4000244140625,1232.550048828125,1238.8499755859375,1204.1534423828125,1126182
2023-09-05,1255.0,1266.0,1235.0999755859375,1238.949951171875,1204.2506103515625,2179947
2023-09-06,1246.1500244140625,1267.0,1242.5999755859375,1256.75,1221.5521240234375,2721714
2023-09-07,1259.0,1261.0,1245.0,1249.300048828125,1214.310791015625,849621
2023-09-08,1249.5,1262.0,1239.0,1244.5999755859375,1209.742431640625,787710
2023-09-11,1244.5999755859375,1252.75,1236.5,1247.3499755859375,1212.4154052734375,1162138
2023-09-12,1247.949951171875,1259.9000244140625,1234.949951171875,1239.800048828125,1205.076904296875,1132283
2023-09-13,1242.0,1250.0,1223.300048828125,1228.5,1194.09326171875,1627384
2023-09-14,1230.0,1244.25,1225.0,1233.75,1199.1961669921875,1713142
2023-09-15,1234.800048828125,1241.949951171875,1228.300048828125,1235.5,1200.8973388671875,1938487
2023-09-18,1240.949951171875,1257.5999755859375,1237.050048828125,1240.550048828125,1205.805908203125,1864030
2023-09-20,1243.25,1252.5999755859375,1236.0,1239.699951171875,1204.9794921875,1701959
2023-09-21,1232.0,1240.25,1204.0,1206.4000244140625,1172.6123046875,1895731
2023-09-22,1207.4000244140625,1209.0999755859375,1168.550048828125,1185.9000244140625,1152.6865234375,2796199
2023-09-25,1186.0,1197.1500244140625,1177.0,1179.3499755859375,1146.31982421875,1267600
2023-09-26,1181.0,1185.0,1161.5,1163.6500244140625,1131.0595703125,1056359
2023-09-27,1187.0,1189.0,1170.0999755859375,1180.5,1147.4376220703125,2165043
2023-09-28,1180.5,1185.0,1158.9000244140625,1164.050048828125,1131.4483642578125,1303811
2023-09-29,1169.9000244140625,1199.199951171875,1165.0,1186.1500244140625,1152.929443359375,1878381
2023-10-03,1184.0,1185.699951171875,1170.949951171875,1182.800048828125,1149.6732177734375,1581125
2023-10-04,1178.0999755859375,1185.0,1161.300048828125,1167.050048828125,1134.3643798828125,999123
2023-10-05,1170.0999755859375,1172.949951171875,1155.25,1161.0999755859375,1128.5809326171875,1446743
2023-10-06,1165.0,1181.699951171875,1160.449951171875,1163.0,1130.427734375,928951
2023-10-09,1159.0,1166.8499755859375,1151.6500244140625,1159.5,1127.0257568359375,822110
2023-10-10,1160.0999755859375,1163.5999755859375,1150.5,1155.050048828125,1122.7005615234375,822199
2023-10-11,1151.0,1175.0,1146.5,1171.949951171875,1139.1270751953125,1465239
2023-10-12,1179.050048828125,1186.3499755859375,1152.449951171875,1157.9000244140625,1125.470703125,2533930
2023-10-13,1156.0,1169.199951171875,1150.0,1167.75,1135.044677734375,940547
2023-10-16,1166.300048828125,1170.0999755859375,1158.800048828125,1164.4000244140625,1131.78857421875,802207
2023-10-17,1168.0,1178.050048828125,1160.6500244140625,1173.5,1140.6336669921875,877856
2023-10-18,1185.0,1219.449951171875,1176.1500244140625,1210.5999755859375,1176.6947021484375,7367540
2023-10-19,1210.5,1225.0,1189.6500244140625,1223.300048828125,1189.0389404296875,2157683
2023-10-20,1221.8499755859375,1221.8499755859375,1198.25,1200.199951171875,1166.5858154296875,692067
2023-10-23,1200.0,1210.199951171875,1178.449951171875,1183.800048828125,1150.645263671875,957929
2023-10-25,1184.5,1188.75,1154.050048828125,1157.449951171875,1125.033203125,1433911
2023-10-26,1154.800048828125,1155.0,1132.0,1150.8499755859375,1118.6180419921875,2016469
2023-10-27,1152.0,1197.9000244140625,1149.25,1174.25,1141.362548828125,1775011
2023-10-30,1186.0,1212.4000244140625,1177.5,1193.449951171875,1160.02490234375,2853500
2023-10-31,1199.949951171875,1206.0999755859375,1191.0999755859375,1200.0,1166.3914794921875,1720955
2023-11-01,1200.0,1208.699951171875,1186.550048828125,1201.25,1167.6065673828125,1051902
2023-11-02,1205.5,1211.8499755859375,1194.6500244140625,1208.5,1174.6533203125,1556467
2023-11-03,1215.0,1219.75,1204.0,1206.3499755859375,1172.5635986328125,772013
2023-11-06,1211.949951171875,1217.0,1197.25,1204.0999755859375,1170.3765869140625,1262938
2023-11-07,1205.0,1217.5,1200.75,1216.449951171875,1182.3807373046875,1210644
2023-11-08,1222.0,1242.4000244140625,1220.0,1241.0,1206.2432861328125,1107006
2023-11-09,1242.0,1245.0,1232.0,1238.1500244140625,1203.4730224609375,751433
2023-11-10,1237.8499755859375,1242.0,1230.0,1240.0999755859375,1205.368408203125,576673
2023-11-13,1243.0,1243.0,1230.6500244140625,1240.550048828125,1205.805908203125,689808
2023-11-15,1260.0,1260.0,1237.699951171875,1241.75,1206.97216796875,1323010
2023-11-16,1241.050048828125,1246.300048828125,1232.6500244140625,1234.800048828125,1200.2169189453125,1251094
2023-11-17,1236.0,1256.0999755859375,1235.5,1249.4000244140625,1214.407958984375,992848
2023-11-20,1241.5,1256.0,1241.0,1247.0999755859375,1212.17236328125,848916
2023-11-21,1246.949951171875,1255.0,1242.1500244140625,1253.25,1218.150146484375,594738
2023-11-22,1256.949951171875,1283.550048828125,1254.0,1271.5,1235.888916015625,1735497
2023-11-23,1270.0,1270.0,1164.550048828125,1170.6500244140625,1137.863525390625,7643376
2023-11-24,1190.050048828125,1205.0,1178.0,1198.6500244140625,1165.079345703125,5331201
2023-11-28,1200.0,1202.75,1188.0,1192.300048828125,1158.9072265625,1691543
2023-11-29,1198.75,1206.800048828125,1191.75,1201.550048828125,1167.8980712890625,2173427
2023-11-30,1200.0,1217.6500244140625,1198.0999755859375,1212.300048828125,1178.34716796875,3219799
2023-12-01,1213.449951171875,1217.8499755859375,1203.5,1205.699951171875,1171.9317626953125,1078680
2023-12-04,1212.300048828125,1219.0999755859375,1206.25,1216.5,1182.4293212890625,2097408
2023-12-05,1222.5999755859375,1229.0,1216.0,1224.449951171875,1190.15673828125,2132150
2023-12-06,1225.0,1229.8499755859375,1201.0,1205.199951171875,1171.4459228515625,1416770
2023-12-07,1206.0,1225.0,1197.0,1222.800048828125,1188.552978515625,1269290
2023-12-08,1225.0,1231.199951171875,1204.0,1219.0999755859375,1184.95654296875,1453955
2023-12-11,1217.5999755859375,1218.949951171875,1195.050048828125,1202.300048828125,1168.627197265625,1565455
2023-12-12,1210.5999755859375,1214.25,1195.199951171875,1198.6500244140625,1165.079345703125,899911
2023-12-13,1198.6500244140625,1217.949951171875,1195.199951171875,1216.5,1182.4293212890625,1809563
2023-12-14,1219.050048828125,1222.550048828125,1201.0999755859375,1204.6500244140625,1170.911376953125,1809248
2023-12-15,1215.0,1217.5999755859375,1202.8499755859375,1207.0999755859375,1173.2926025390625,1976112
2023-12-18,1205.5999755859375,1218.949951171875,1192.0999755859375,1216.800048828125,1182.7210693359375,1995091
2023-12-19,1219.449951171875,1240.1500244140625,1212.199951171875,1237.0999755859375,1202.4525146484375,1738507
2023-12-20,1239.0,1248.0,1231.0,1236.199951171875,1201.57763671875,2484819
2023-12-21,1236.199951171875,1236.199951171875,1205.8499755859375,1221.8499755859375,1187.629638671875,1580136
2023-12-22,1230.050048828125,1242.5,1221.6500244140625,1235.5999755859375,1200.994384765625,1969524
2023-12-26,1240.0,1250.0,1231.8499755859375,1244.949951171875,1210.0826416015625,820163
2023-12-27,1247.0,1250.3499755859375,1236.699951171875,1239.75,1205.0281982421875,2528609
2023-12-28,1239.75,1263.800048828125,1239.75,1260.800048828125,1225.48876953125,2592699
2023-12-29,1264.0,1267.5999755859375,1242.050048828125,1246.300048828125,1211.3948974609375,1794218
2024-01-01,1252.449951171875,1256.800048828125,1246.699951171875,1251.0,1215.963134765625,343584
2024-01-02,1255.0999755859375,1285.0,1252.0999755859375,1281.550048828125,1245.6575927734375,2589484
2024-01-03,1291.0,1307.0,1274.050048828125,1300.1500244140625,1263.7366943359375,2357093
2024-01-04,1304.0,1308.0,1286.6500244140625,1296.6500244140625,1260.3345947265625,1248143
2024-01-05,1300.0,1301.550048828125,1276.1500244140625,1286.9000244140625,1250.8577880859375,1013196
2024-01-08,1296.6500244140625,1297.0,1266.199951171875,1271.75,1236.1319580078125,740848
2024-01-09,1284.0,1295.0,1273.4000244140625,1289.3499755859375,1253.239013671875,1133466
2024-01-10,1296.0,1331.5,1294.300048828125,1329.199951171875,1291.9730224609375,3625567
2024-01-11,1339.8499755859375,1340.0,1323.050048828125,1325.6500244140625,1288.5225830078125,1097204
2024-01-12,1324.199951171875,1325.6500244140625,1300.4000244140625,1308.0,1271.36669921875,2051301
2024-01-15,1316.0,1327.75,1306.5999755859375,1313.1500244140625,1276.37255859375,762036
2024-01-16,1313.1500244140625,1314.4000244140625,1298.25,1302.3499755859375,1265.8748779296875,1030845
2024-01-17,1299.3499755859375,1312.9000244140625,1282.0999755859375,1294.0,1257.7587890625,2073596
2024-01-18,1285.050048828125,1327.199951171875,1267.9000244140625,1322.949951171875,1285.8980712890625,1723297
2024-01-19,1330.949951171875,1330.949951171875,1316.5999755859375,1327.949951171875,1290.7579345703125,1135846
2024-01-23,1385.0,1425.0,1368.699951171875,1409.0,1369.5380859375,7556815
2024-01-24,1409.0,1423.050048828125,1394.8499755859375,1417.3499755859375,1377.6541748046875,1808713
2024-01-25,1413.3499755859375,1413.449951171875,1353.5,1369.6500244140625,1331.2901611328125,1801468
2024-01-29,1365.0,1365.0,1325.300048828125,1336.8499755859375,1299.40869140625,2480508
2024-01-30,1345.0,1352.0,1314.1500244140625,1317.0999755859375,1280.2117919921875,1908926
2024-01-31,1317.0999755859375,1352.9000244140625,1312.0,1351.0,1313.1624755859375,1723379
2024-02-01,1359.699951171875,1394.8499755859375,1352.050048828125,1387.6500244140625,1348.7860107421875,2784507
2024-02-02,1387.0,1404.699951171875,1385.0,1392.6500244140625,1353.64599609375,1161705
2024-02-05,1400.6500244140625,1447.0,1394.300048828125,1433.9000244140625,1393.74072265625,2369316
2024-02-06,1444.8499755859375,1445.9000244140625,1412.550048828125,1425.449951171875,1385.52734375,979752
2024-02-07,1436.0,1444.5,1420.8499755859375,1438.75,1398.454833984375,890299
2024-02-08,1448.0,1457.699951171875,1417.6500244140625,1420.199951171875,1380.4241943359375,1447767
2024-02-09,1428.0999755859375,1447.550048828125,1417.050048828125,1439.75,1399.4267578125,1215784
2024-02-12,1440.0,1452.75,1425.0,1434.75,1394.56689453125,453460
2024-02-13,1439.0,1463.550048828125,1430.0,1457.75,1416.922607421875,981536
2024-02-14,1454.800048828125,1454.800048828125,1410.449951171875,1425.3499755859375,1385.4300537109375,1113254
2024-02-15,1425.3499755859375,1437.949951171875,1412.0,1422.3499755859375,1382.5140380859375,1402161
2024-02-16,1430.0,1449.0,1425.9000244140625,1440.699951171875,1400.3502197265625,857301
2024-02-19,1444.949951171875,1473.5999755859375,1438.949951171875,1470.3499755859375,1429.1697998046875,888909
2024-02-20,1475.0,1479.0,1436.0,1451.6500244140625,1410.9935302734375,1550412
2024-02-21,1452.0,1462.5,1433.449951171875,1447.300048828125,1406.765380859375,1074054
2024-02-22,1455.550048828125,1456.0,1420.550048828125,1453.300048828125,1412.597412109375,1582836
2024-02-23,1456.1500244140625,1482.3499755859375,1449.75,1466.4000244140625,1425.330322265625,1308103
2024-02-26,1473.5,1481.199951171875,1461.550048828125,1469.8499755859375,1428.683837890625,898290
2024-02-27,1473.449951171875,1491.0,1469.699951171875,1487.449951171875,1445.790771484375,1231196
2024-02-28,1491.449951171875,1493.949951171875,1470.0,1477.0,1435.633544921875,1083605
2024-02-29,1475.949951171875,1490.0,1451.4000244140625,1480.3499755859375,1438.8896484375,4923680
2024-03-01,1494.0,1494.0,1460.0,1470.9000244140625,1429.7044677734375,1982189
2024-03-04,1483.0,1495.300048828125,1469.75,1471.5,1430.28759765625,1147249
2024-03-05,1465.1500244140625,1479.699951171875,1452.800048828125,1473.449951171875,1432.1829833984375,1306046
2024-03-06,1476.0,1489.9000244140625,1448.1500244140625,1485.25,1443.6524658203125,1158132
2024-03-07,1485.25,1490.449951171875,1475.5,1483.1500244140625,1441.6114501953125,1569074
2024-03-11,1493.0,1519.0,1488.550048828125,1504.0999755859375,1461.974609375,2183994
2024-03-12,1512.0,1514.0,1460.0,1465.75,1424.6986083984375,1855916
2024-03-13,1470.0,1479.0,1449.0,1471.25,1430.0445556640625,1720173
2024-03-14,1467.0999755859375,1501.449951171875,1454.3499755859375,1496.6500244140625,1454.733154296875,1748907
2024-03-15,1494.800048828125,1496.199951171875,1466.050048828125,1488.050048828125,1446.3741455078125,1537072
2024-03-18,1489.0,1495.8499755859375,1471.0,1488.449951171875,1446.762939453125,996530
2024-03-19,1482.550048828125,1486.800048828125,1431.0999755859375,1435.699951171875,1395.490234375,1647925
2024-03-20,1435.800048828125,1444.9000244140625,1415.5999755859375,1417.4000244140625,1377.7027587890625,1728210
2024-03-21,1427.0,1455.0999755859375,1420.199951171875,1448.699951171875,1408.1260986328125,1699939
2024-03-22,1453.0,1489.5999755859375,1451.050048828125,1481.25,1439.764404296875,1746930
2024-03-26,1473.0,1481.25,1460.0,1472.25,1431.0166015625,1635695
2024-03-27,1484.0,1496.0,1458.0,1463.3499755859375,1422.3658447265625,1642266
2024-03-28,1472.0,1514.199951171875,1461.1500244140625,1496.949951171875,1455.0247802734375,2110407
2024-04-01,1510.0,1510.0,1493.800048828125,1498.6500244140625,1456.6771240234375,563831
2024-04-02,1502.9000244140625,1502.9000244140625,1483.300048828125,1489.4000244140625,1447.686279296875,614238
2024-04-03,1493.3499755859375,1501.550048828125,1467.0,1471.5,1430.28759765625,1465540
2024-04-04,1479.0,1481.199951171875,1445.0999755859375,1459.550048828125,1418.6722412109375,1474799
2024-04-05,1439.0,1474.0,1437.5,1449.4000244140625,1408.8065185546875,1211684
2024-04-08,1457.1500244140625,1472.8499755859375,1449.4000244140625,1462.449951171875,1421.4908447265625,1039235
2024-04-09,1467.75,1470.0,1447.0999755859375,1450.300048828125,1409.681396484375,1225255
2024-04-10,1453.1500244140625,1455.300048828125,1406.0,1422.949951171875,1383.0972900390625,2493253
2024-04-12,1423.0,1424.8499755859375,1388.0,1396.800048828125,1357.6798095703125,2190583
2024-04-15,1389.949951171875,1399.0,1375.550048828125,1381.4000244140625,1342.7110595703125,1125072
2024-04-16,1385.0,1391.949951171875,1371.550048828125,1375.199951171875,1336.6846923828125,1433760
2024-04-18,1376.0,1383.6500244140625,1342.4000244140625,1347.300048828125,1309.5660400390625,2974196
2024-04-19,1347.0,1357.699951171875,1335.0,1345.75,1308.0594482421875,1173025
2024-04-22,1350.25,1361.949951171875,1348.0,1354.8499755859375,1316.904541015625,974434
2024-04-23,1369.75,1369.75,1344.5,1346.699951171875,1308.9827880859375,1031497
2024-04-24,1353.449951171875,1401.9000244140625,1352.199951171875,1398.199951171875,1359.04052734375,4415480
2024-04-25,1407.0,1410.449951171875,1384.0999755859375,1406.199951171875,1366.81640625,2027213
2024-04-26,1413.0999755859375,1417.199951171875,1401.25,1409.1500244140625,1369.683837890625,695034
2024-04-29,1419.0,1420.0999755859375,1392.4000244140625,1408.0,1368.5660400390625,1082487
2024-04-30,1415.050048828125,1418.949951171875,1395.050048828125,1400.0,1360.7900390625,1327606
2024-05-02,1400.0,1426.0,1398.1500244140625,1420.050048828125,1380.2786865234375,1540210
2024-05-03,1428.0,1434.0,1415.199951171875,1424.75,1384.846923828125,804513
2024-05-06,1431.0,1431.8499755859375,1405.050048828125,1423.4000244140625,1383.5347900390625,929301
2024-05-07,1423.4000244140625,1428.8499755859375,1377.75,1387.199951171875,1348.3485107421875,1085239
2024-05-08,1375.050048828125,1398.1500244140625,1375.050048828125,1384.75,1345.96728515625,1497782
2024-05-09,1387.8499755859375,1392.199951171875,1353.0,1358.800048828125,1320.7440185546875,1152636
2024-05-10,1371.3499755859375,1396.9000244140625,1317.25,1339.550048828125,1302.0330810546875,5080539
2024-05-13,1371.0,1425.949951171875,1369.550048828125,1414.6500244140625,1375.02978515625,7910590
2024-05-14,1410.0,1410.0,1350.0999755859375,1357.3499755859375,1319.33447265625,3721994
2024-05-15,1395.0,1428.449951171875,1386.699951171875,1406.699951171875,1367.302490234375,7893092
2024-05-16,1409.0,1425.9000244140625,1387.300048828125,1421.0999755859375,1381.299072265625,3226214
2024-05-17,1417.0999755859375,1419.9000244140625,1396.4000244140625,1399.050048828125,1359.86669921875,3443452
2024-05-21,1410.0,1445.949951171875,1396.4000244140625,1442.300048828125,1401.9053955078125,2939271
2024-05-22,1450.949951171875,1494.800048828125,1437.25,1482.300048828125,1440.78515625,4216347
2024-05-23,1482.0,1504.550048828125,1462.699951171875,1489.1500244140625,1447.4432373046875,4389470
2024-05-24,1489.1500244140625,1493.9000244140625,1479.050048828125,1486.449951171875,1444.81884765625,758326
2024-05-27,1491.0,1492.550048828125,1475.199951171875,1478.6500244140625,1437.2374267578125,1393334
2024-05-28,1482.949951171875,1494.75,1475.199951171875,1479.449951171875,1438.0147705078125,784496
2024-05-29,1475.25,1497.5999755859375,1472.5999755859375,1493.550048828125,1451.719970703125,1607691
2024-05-30,1495.050048828125,1496.550048828125,1454.0,1466.5999755859375,1425.524658203125,1732140
2024-05-31,1466.949951171875,1472.699951171875,1440.0,1447.199951171875,1406.668212890625,3270743
2024-06-03,1482.0,1483.0,1446.050048828125,1452.3499755859375,1411.6739501953125,1335614
2024-06-04,1460.0,1476.949951171875,1418.550048828125,1462.550048828125,1421.5882568359375,2049577
2024-06-05,1490.0,1514.0,1466.8499755859375,1496.949951171875,1455.0247802734375,1834280
2024-06-06,1500.0,1501.0,1464.0,1477.0,1435.633544921875,1605122
2024-06-07,1484.0,1503.4000244140625,1479.300048828125,1497.25,1455.3162841796875,1591055
2024-06-10,1506.9000244140625,1540.8499755859375,1502.0,1534.25,1491.2801513671875,2751606
2024-06-11,1545.0,1546.449951171875,1527.0,1530.25,1487.3922119140625,1699446
2024-06-12,1542.449951171875,1549.0,1532.0,1540.949951171875,1497.79248046875,1578793
2024-06-13,1550.0,1551.0,1520.4000244140625,1544.550048828125,1501.291748046875,1525789
2024-06-14,1545.0,1567.0,1535.800048828125,1564.75,1520.9259033203125,1845043
2024-06-18,1570.0,1576.949951171875,1563.5999755859375,1574.800048828125,1530.6944580078125,2068897
2024-06-19,1577.4000244140625,1582.0,1553.4000244140625,1559.800048828125,1516.1146240234375,1881544
2024-06-20,1558.0,1559.1500244140625,1540.0,1544.8499755859375,1501.583251953125,1705002
2024-06-21,1549.9000244140625,1562.9000244140625,1533.5,1541.550048828125,1498.375732421875,2613883
2024-06-24,1528.0,1528.0,1495.050048828125,1504.4000244140625,1462.26611328125,1283529
2024-06-25,1511.5999755859375,1517.800048828125,1495.5,1499.699951171875,1457.69775390625,1199626
2024-06-26,1503.699951171875,1507.199951171875,1475.0,1479.0999755859375,1437.6746826171875,1930909
2024-06-27,1481.0,1486.199951171875,1465.300048828125,1480.9000244140625,1439.4244384765625,2792582
2024-06-28,1486.300048828125,1492.199951171875,1476.050048828125,1480.800048828125,1439.3271484375,2087765
2024-07-01,1484.949951171875,1493.699951171875,1472.199951171875,1479.0999755859375,1437.6746826171875,1313651
2024-07-02,1480.0,1492.75,1479.25,1488.6500244140625,1446.957275390625,1191962
2024-07-03,1494.0,1500.0,1474.5999755859375,1483.75,1442.1944580078125,1061247
2024-07-04,1477.75,1488.949951171875,1467.0,1480.75,1439.278564453125,1498413
2024-07-05,1487.0,1516.0,1486.0,1509.9000244140625,1467.612060546875,2188675
2024-07-08,1516.0,1524.6500244140625,1483.199951171875,1487.050048828125,1445.402099609375,1524489
2024-07-09,1496.9000244140625,1515.0,1487.300048828125,1512.050048828125,1469.7020263671875,1791406
2024-07-10,1512.0999755859375,1517.25,1492.25,1513.199951171875,1470.8197021484375,671042
2024-07-11,1517.0,1519.0,1495.0,1506.0,1463.8212890625,1314312
2024-07-12,1506.050048828125,1515.0,1502.4000244140625,1512.050048828125,1469.7020263671875,1192685
2024-07-15,1516.5999755859375,1531.949951171875,1513.25,1517.199951171875,1474.70751953125,1825510
2024-07-16,1517.199951171875,1524.449951171875,1503.0999755859375,1510.4000244140625,1468.09814453125,963199
2024-07-18,1497.0,1513.0,1485.5999755859375,1506.6500244140625,1464.453125,2169744
2024-07-19,1501.5999755859375,1506.0,1480.199951171875,1485.5,1443.8955078125,868261
2024-07-22,1475.050048828125,1507.050048828125,1470.6500244140625,1490.0,1448.2694091796875,1328847
2024-07-23,1490.0,1504.0,1475.1500244140625,1497.9000244140625,1455.9482421875,1241630
2024-07-24,1495.3499755859375,1511.300048828125,1485.0,1503.5,1461.391357421875,2266300
2024-07-25,1498.0,1508.699951171875,1489.800048828125,1500.050048828125,1458.0380859375,2200932
2024-07-26,1504.75,1600.0,1501.0,1575.0,1530.8887939453125,4687416
2024-07-29,1588.0,1589.0,1528.800048828125,1553.949951171875,1510.4283447265625,3983153
2024-07-30,1554.0,1564.050048828125,1526.0,1528.9000244140625,1486.080078125,2988651
2024-07-31,1530.0999755859375,1548.550048828125,1523.550048828125,1544.300048828125,1501.0487060546875,1645138
2024-08-01,1545.949951171875,1552.5,1535.550048828125,1546.199951171875,1502.8953857421875,1529481
2024-08-02,1529.0,1541.4000244140625,1523.699951171875,1528.800048828125,1498.5823974609375,1353707
2024-08-05,1472.0,1527.949951171875,1472.0,1515.050048828125,1485.104248046875,1719770
2024-08-06,1513.0,1542.3499755859375,1505.699951171875,1531.9000244140625,1501.62109375,1775016
2024-08-07,1532.0999755859375,1556.9000244140625,1532.0999755859375,1553.550048828125,1522.84326171875,1359682
2024-08-08,1545.0,1589.6500244140625,1545.0,1569.949951171875,1538.9189453125,3541556
2024-08-09,1574.800048828125,1581.199951171875,1561.5,1574.75,1543.624267578125,956684
2024-08-12,1574.699951171875,1593.0,1571.050048828125,1586.25,1554.8968505859375,1731555
2024-08-13,1600.0,1606.699951171875,1580.0,1583.449951171875,1552.152099609375,2281463
2024-08-14,1597.0,1597.0,1555.0,1563.800048828125,1532.8907470703125,896638
2024-08-16,1567.0,1580.449951171875,1560.0,1576.0999755859375,1544.947509765625,909870
2024-08-19,1578.449951171875,1584.949951171875,1569.699951171875,1575.5,1544.359375,742635
2024-08-20,1576.5,1579.0,1558.199951171875,1562.8499755859375,1531.9593505859375,1413845
2024-08-21,1565.6500244140625,1596.1500244140625,1561.0,1594.5999755859375,1563.081787109375,1074905
2024-08-22,1599.0,1599.0,1576.050048828125,1585.800048828125,1554.4559326171875,906819
2024-08-23,1580.050048828125,1585.800048828125,1568.449951171875,1574.550048828125,1543.42822265625,770573
2024-08-26,1570.0,1596.0,1566.550048828125,1593.949951171875,1562.4447021484375,658120
2024-08-27,1586.5,1619.800048828125,1586.5,1598.050048828125,1566.4637451171875,1570234
2024-08-28,1604.0,1630.0,1595.199951171875,1618.199951171875,1586.21533203125,1433847
2024-08-29,1622.0,1642.300048828125,1609.0,1618.550048828125,1586.5584716796875,2749546
2024-08-30,1615.0,1663.699951171875,1615.0,1654.9000244140625,1622.18994140625,3296701
2024-09-02,1669.0,1681.5999755859375,1642.0,1646.6500244140625,1614.10302734375,1306971
2024-09-03,1643.300048828125,1659.8499755859375,1643.300048828125,1653.199951171875,1620.5235595703125,1264708
2024-09-04,1635.050048828125,1658.0,1630.800048828125,1651.9000244140625,1619.2493896484375,1019049
2024-09-05,1651.0999755859375,1659.949951171875,1623.4000244140625,1627.75,1595.5765380859375,1081756
2024-09-06,1627.75,1631.949951171875,1608.050048828125,1611.050048828125,1579.206787109375,913336
2024-09-09,1611.050048828125,1636.800048828125,1610.0,1620.1500244140625,1588.1268310546875,1003511
2024-09-10,1633.0,1644.3499755859375,1624.300048828125,1632.0,1599.74267578125,1248269
2024-09-11,1627.0999755859375,1652.300048828125,1624.25,1628.3499755859375,1596.164794921875,1243738
2024-09-12,1635.0,1660.0,1630.550048828125,1657.25,1624.4935302734375,1728200
2024-09-13,1658.9000244140625,1669.199951171875,1643.5,1659.699951171875,1626.8951416015625,747149
2024-09-16,1661.199951171875,1671.8499755859375,1654.1500244140625,1659.4000244140625,1626.60107421875,683436
2024-09-17,1660.0,1683.0,1656.699951171875,1671.800048828125,1638.756103515625,958137
2024-09-18,1673.0,1673.0,1638.050048828125,1651.5999755859375,1618.9552001953125,1084127
2024-09-19,1660.0,1668.0,1632.75,1637.699951171875,1605.3299560546875,2048750
2024-09-20,1645.9000244140625,1652.5999755859375,1609.800048828125,1638.6500244140625,1606.26123046875,2504382
2024-09-23,1646.8499755859375,1664.8499755859375,1638.0,1658.1500244140625,1625.3758544921875,1129445
2024-09-24,1625.0,1659.5999755859375,1624.949951171875,1637.550048828125,1605.1829833984375,1476260
2024-09-25,1638.0,1649.0,1618.25,1643.199951171875,1610.72119140625,759761
2024-09-26,1643.199951171875,1652.449951171875,1602.300048828125,1621.800048828125,1589.744384765625,2613098
2024-09-27,1630.1500244140625,1679.050048828125,1630.0,1672.5,1639.442138671875,3866952
2024-09-30,1675.0,1678.9000244140625,1646.300048828125,1654.0999755859375,1621.40576171875,1313437
2024-10-01,1660.0,1667.050048828125,1651.550048828125,1664.8499755859375,1631.943359375,945740
2024-10-03,1661.25,1678.0,1640.3499755859375,1656.550048828125,1623.8074951171875,1533472
2024-10-04,1645.0999755859375,1656.4000244140625,1577.300048828125,1623.300048828125,1591.214599609375,2371220
2024-10-07,1623.0,1644.8499755859375,1612.050048828125,1624.6500244140625,1592.5379638671875,1553239
2024-10-08,1624.6500244140625,1653.199951171875,1623.8499755859375,1640.699951171875,1608.2705078125,1239808
2024-10-09,1630.5,1702.050048828125,1630.5,1680.5,1647.283935546875,1671718
2024-10-10,1693.949951171875,1694.0,1614.0999755859375,1618.9000244140625,1586.9014892578125,2288313
2024-10-11,1602.0999755859375,1613.800048828125,1573.75,1595.75,1564.2091064453125,1894245
2024-10-14,1600.0,1605.949951171875,1571.050048828125,1598.449951171875,1566.855712890625,2301224
2024-10-15,1601.9000244140625,1604.949951171875,1568.0,1571.75,1540.6834716796875,2206500
2024-10-16,1561.4000244140625,1573.0,1550.4000244140625,1562.199951171875,1531.3221435546875,2519123
2024-10-17,1562.199951171875,1578.699951171875,1552.1500244140625,1558.699951171875,1527.891357421875,1498368
2024-10-18,1549.050048828125,1562.050048828125,1536.3499755859375,1551.699951171875,1521.02978515625,1879293
2024-10-21,1552.0,1561.25,1517.1500244140625,1523.75,1493.6322021484375,1297970
2024-10-22,1523.0,1526.699951171875,1501.5,1510.3499755859375,1480.4970703125,1757792
2024-10-23,1504.75,1514.0999755859375,1482.300048828125,1485.5999755859375,1456.236328125,1925211
2024-10-24,1496.0,1508.0,1482.050048828125,1492.300048828125,1462.803955078125,1178365
2024-10-25,1492.300048828125,1506.75,1478.800048828125,1488.9000244140625,1459.4710693359375,1175088
2024-10-28,1496.800048828125,1513.199951171875,1471.699951171875,1503.1500244140625,1473.4393310546875,928896
2024-10-29,1510.0,1517.1500244140625,1450.0,1477.550048828125,1448.345458984375,3475282
2024-10-30,1440.0,1440.0,1403.0,1418.25,1390.217529296875,5064434
2024-10-31,1560.050048828125,1565.949951171875,1518.050048828125,1551.75,1521.078857421875,17447689
2024-11-01,1565.0999755859375,1573.449951171875,1551.75,1559.550048828125,1528.724609375,538362
2024-11-04,1584.0,1602.949951171875,1563.0,1584.5999755859375,1553.279541015625,4190449
2024-11-05,1583.5999755859375,1609.949951171875,1577.6500244140625,1601.199951171875,1569.5513916015625,2238168
2024-11-06,1610.199951171875,1612.3499755859375,1581.0,1594.050048828125,1562.542724609375,2074821
2024-11-07,1600.0,1602.0,1558.550048828125,1576.1500244140625,1544.99658203125,1512145
2024-11-08,1575.0999755859375,1597.75,1568.699951171875,1592.5999755859375,1561.121337890625,1718495
2024-11-11,1590.0999755859375,1599.75,1544.5,1552.800048828125,1522.1080322265625,1725382
2024-11-12,1551.050048828125,1556.949951171875,1521.949951171875,1525.1500244140625,1495.0045166015625,2782808
2024-11-13,1516.5,1525.9000244140625,1501.199951171875,1505.5999755859375,1475.8409423828125,1552443
2024-11-14,1497.0,1517.0,1490.25,1499.75,1470.1065673828125,1469143
2024-11-18,1497.5,1505.1500244140625,1460.8499755859375,1465.25,1436.28857421875,1760344
2024-11-19,1465.0,1485.8499755859375,1456.8499755859375,1471.550048828125,1442.4639892578125,1116002
2024-11-21,1470.0,1478.0999755859375,1453.8499755859375,1465.5,1436.5335693359375,1363706
2024-11-22,1466.0,1496.1500244140625,1460.050048828125,1486.5,1457.1185302734375,704859
2024-11-25,1495.9000244140625,1507.5,1487.5,1503.300048828125,1473.5865478515625,2453548
2024-11-26,1515.0,1515.0,1490.050048828125,1492.699951171875,1463.1959228515625,873585
2024-11-27,1487.0999755859375,1502.0,1468.5,1491.1500244140625,1461.6766357421875,1676606
2024-11-28,1485.0999755859375,1505.0,1473.9000244140625,1492.75,1463.2449951171875,4358321
2024-11-29,1490.0,1547.699951171875,1490.0,1533.9000244140625,1503.5816650390625,3256635
2024-12-02,1532.0,1548.5,1504.300048828125,1507.699951171875,1477.8994140625,5328936
2024-12-03,1517.050048828125,1549.4000244140625,1508.5,1533.9000244140625,1503.5816650390625,1951182
2024-12-04,1530.0,1536.75,1492.25,1500.8499755859375,1471.1849365234375,2971135
2024-12-05,1507.0,1507.0,1470.0999755859375,1498.25,1468.6363525390625,4084059
2024-12-06,1513.25,1513.25,1476.0,1477.4000244140625,1448.1983642578125,3768932
2024-12-09,1480.0,1484.75,1467.300048828125,1469.0,1439.9644775390625,2144057
2024-12-10,1476.949951171875,1479.0,1452.300048828125,1455.199951171875,1426.4371337890625,3397465
2024-12-11,1456.0999755859375,1467.9000244140625,1448.0,1454.0999755859375,1425.35888671875,2448702
2024-12-12,1460.0,1461.3499755859375,1438.5999755859375,1445.4000244140625,1416.830810546875,2651833
2024-12-13,1445.0999755859375,1449.5,1423.800048828125,1447.300048828125,1418.693359375,1318852
2024-12-16,1448.0,1457.550048828125,1436.0999755859375,1448.449951171875,1419.820556640625,2076469
2024-12-17,1470.0,1483.0,1448.0,1450.8499755859375,1422.1732177734375,3500888
2024-12-18,1455.0,1482.949951171875,1453.199951171875,1472.4000244140625,1443.2972412109375,2499842
2024-12-19,1450.0,1510.050048828125,1449.9000244140625,1506.550048828125,1476.7723388671875,3426222
2024-12-20,1506.550048828125,1506.5999755859375,1469.050048828125,1472.050048828125,1442.9541015625,2196991
2024-12-23,1473.949951171875,1491.0,1458.800048828125,1476.050048828125,1446.8751220703125,760728
2024-12-24,1476.0,1487.5999755859375,1461.300048828125,1475.75,1446.5810546875,909994
2024-12-26,1475.75,1494.949951171875,1466.25,1490.550048828125,1461.0885009765625,1254464
2024-12-27,1488.5999755859375,1512.75,1484.0,1506.5999755859375,1476.8212890625,1446303
2024-12-30,1509.0,1526.699951171875,1495.0999755859375,1521.4000244140625,1491.3287353515625,1501086
2024-12-31,1517.9000244140625,1535.949951171875,1514.5999755859375,1529.0,1498.7784423828125,1664122
2025-01-01,1531.949951171875,1547.8499755859375,1518.699951171875,1529.0999755859375,1498.87646484375,1578715
2025-01-02,1534.9000244140625,1543.449951171875,1527.25,1537.9000244140625,1507.502685546875,1448048
2025-01-03,1539.0,1539.0,1505.0999755859375,1511.25,1481.37939453125,1581838
2025-01-06,1500.0,1509.25,1479.5,1491.4000244140625,1461.921630859375,981443
2025-01-07,1490.0,1510.0,1487.949951171875,1497.449951171875,1467.8519287109375,1045516
2025-01-08,1504.9000244140625,1513.0,1487.550048828125,1494.9000244140625,1465.3525390625,1277871
2025-01-09,1490.0999755859375,1499.4000244140625,1481.0,1488.199951171875,1458.784912109375,995821
2025-01-10,1483.0999755859375,1497.699951171875,1465.1500244140625,1468.800048828125,1439.7684326171875,930723
2025-01-13,1460.0,1463.949951171875,1436.3499755859375,1439.199951171875,1410.75341796875,873093
2025-01-14,1436.0,1451.949951171875,1434.449951171875,1447.75,1419.134521484375,1028726
2025-01-15,1454.949951171875,1455.0,1429.8499755859375,1447.199951171875,1418.59521484375,1126634
2025-01-16,1451.75,1454.300048828125,1430.8499755859375,1443.5,1414.9683837890625,1080833
2025-01-17,1443.5,1449.6500244140625,1434.0,1442.300048828125,1413.7921142578125,658778
2025-01-20,1442.300048828125,1449.550048828125,1428.9000244140625,1445.449951171875,1416.8798828125,738447
2025-01-21,1450.5,1464.800048828125,1425.0,1428.0,1399.7747802734375,820225
2025-01-22,1431.0999755859375,1440.949951171875,1420.199951171875,1439.4000244140625,1410.949462890625,808605
2025-01-23,1432.550048828125,1458.199951171875,1432.550048828125,1451.1500244140625,1422.46728515625,1070838
2025-01-24,1445.25,1451.0,1408.0,1411.4000244140625,1383.5029296875,1615412
2025-01-27,1408.0999755859375,1414.9000244140625,1384.199951171875,1396.0999755859375,1368.5052490234375,1448841
2025-01-28,1395.050048828125,1473.0,1366.0999755859375,1420.5999755859375,1392.5211181640625,5627159
2025-01-29,1440.0,1455.0,1410.5999755859375,1423.949951171875,1395.8048095703125,3775947
2025-01-30,1431.0,1469.800048828125,1426.0,1457.449951171875,1428.6427001953125,1773294
2025-01-31,1460.0,1491.0,1452.0999755859375,1479.4000244140625,1450.158935546875,2083385
2025-02-01,1479.4000244140625,1486.5,1427.25,1439.5,1411.0474853515625,1306859
2025-02-03,1435.0,1439.300048828125,1406.1500244140625,1420.550048828125,1392.47216796875,1757831
2025-02-04,1425.9000244140625,1463.25,1423.5,1449.050048828125,1420.4088134765625,1750660
2025-02-05,1457.8499755859375,1458.0,1429.300048828125,1436.800048828125,1408.40087890625,2516488
2025-02-06,1443.949951171875,1475.300048828125,1438.1500244140625,1471.5,1442.4149169921875,2918537
2025-02-07,1473.5,1481.8499755859375,1455.0,1472.25,1443.150146484375,1445335
2025-02-10,1476.199951171875,1477.5999755859375,1431.550048828125,1458.8499755859375,1430.0150146484375,1282801
2025-02-11,1465.0,1468.0,1443.4000244140625,1453.1500244140625,1424.4276123046875,1938792
2025-02-12,1453.1500244140625,1462.300048828125,1435.1500244140625,1449.199951171875,1420.5556640625,1791670
2025-02-13,1449.199951171875,1493.0,1447.0999755859375,1472.1500244140625,1443.05224609375,1879916
2025-02-14,1478.0,1480.1500244140625,1438.550048828125,1459.449951171875,1430.6031494140625,1703559
2025-02-17,1457.449951171875,1480.699951171875,1451.300048828125,1474.6500244140625,1445.502685546875,1113888
2025-02-18,1474.6500244140625,1483.8499755859375,1466.0999755859375,1482.0999755859375,1452.805419921875,967394
2025-02-19,1454.949951171875,1474.0,1426.3499755859375,1464.1500244140625,1435.2103271484375,1210464
2025-02-20,1462.0,1483.0,1461.5,1479.699951171875,1450.452880859375,1652209
2025-02-21,1489.0,1502.0,1468.6500244140625,1475.75,1446.5810546875,1413123
2025-02-24,1460.0,1489.0,1457.5999755859375,1476.75,1447.5611572265625,1403090
2025-02-25,1471.0,1482.4000244140625,1454.5999755859375,1463.3499755859375,1434.4261474609375,992994
2025-02-27,1452.0,1464.300048828125,1436.0,1441.1500244140625,1412.6649169921875,1260808
2025-02-28,1440.0,1448.699951171875,1400.0,1407.5,1379.679931640625,3340343
2025-03-03,1400.0,1418.0999755859375,1396.0,1407.550048828125,1379.72900390625,854264
2025-03-04,1402.449951171875,1405.0,1389.300048828125,1401.800048828125,1374.0926513671875,1456530
2025-03-05,1395.0999755859375,1431.9000244140625,1393.0999755859375,1419.75,1391.6878662109375,2187830
2025-03-06,1424.949951171875,1464.449951171875,1419.75,1461.75,1432.8577880859375,1525159
2025-03-07,1465.949951171875,1471.0999755859375,1451.550048828125,1458.449951171875,1429.6229248046875,678497
2025-03-10,1458.3499755859375,1482.199951171875,1457.0,1462.75,1433.837890625,905854
2025-03-11,1448.0,1459.0,1438.0,1445.75,1417.1739501953125,1231247
2025-03-12,1442.0,1457.0,1437.75,1454.300048828125,1425.5550537109375,1254797
2025-03-13,1456.4000244140625,1465.699951171875,1445.6500244140625,1461.9000244140625,1433.0047607421875,804032
2025-03-17,1459.8499755859375,1496.949951171875,1455.699951171875,1492.5999755859375,1463.097900390625,1329884
2025-03-18,1492.5999755859375,1492.5999755859375,1492.5999755859375,1492.5999755859375,1463.097900390625,0
2025-03-19,1515.0,1515.0,1496.5,1499.1500244140625,1469.5185546875,1015731
2025-03-20,1499.6500244140625,1517.5999755859375,1495.449951171875,1512.050048828125,1482.16357421875,984355
2025-03-21,1513.9000244140625,1528.9000244140625,1510.0,1523.8499755859375,1493.730224609375,2846648
2025-03-24,1525.050048828125,1535.0,1515.199951171875,1524.050048828125,1493.9263916015625,826040
2025-03-25,1530.0,1534.0,1505.050048828125,1511.199951171875,1481.330322265625,1092805
2025-03-26,1507.0,1512.3499755859375,1472.300048828125,1476.199951171875,1447.02197265625,1375794
2025-03-27,1464.699951171875,1489.0,1462.4000244140625,1482.9000244140625,1453.5897216796875,1848444
2025-03-28,1475.0,1478.6500244140625,1434.449951171875,1442.199951171875,1413.694091796875,1495932
2025-04-01,1438.550048828125,1466.0,1429.0,1444.25,1415.70361328125,1080262
2025-04-02,1441.0,1464.0,1428.4000244140625,1452.3499755859375,1423.6434326171875,1054143
2025-04-03,1482.0,1523.300048828125,1480.0,1495.699951171875,1466.13671875,3488899
2025-04-04,1495.699951171875,1495.699951171875,1390.050048828125,1415.25,1387.27685546875,2768438
2025-04-07,1336.0,1401.3499755859375,1335.0,1384.699951171875,1357.33056640625,1604721
2025-04-08,1394.800048828125,1437.5999755859375,1382.6500244140625,1432.550048828125,1404.2349853515625,1324180
2025-04-09,1416.5,1423.0,1396.050048828125,1415.5999755859375,1387.619873046875,1701314
2025-04-11,1460.0,1488.5,1448.550048828125,1463.050048828125,1434.132080078125,2311803
2025-04-15,1482.199951171875,1485.9000244140625,1462.0999755859375,1481.800048828125,1452.511474609375,1720323
2025-04-16,1467.0999755859375,1499.0,1464.4000244140625,1496.4000244140625,1466.82275390625,1023697
2025-04-17,1498.0,1522.0,1486.0,1515.199951171875,1485.251220703125,1211601
2025-04-21,1525.0,1525.0,1505.0,1511.0999755859375,1481.2322998046875,570266
2025-04-22,1514.9000244140625,1534.699951171875,1502.699951171875,1528.199951171875,1497.9942626953125,954974
2025-04-23,1533.0,1539.0,1516.0,1533.699951171875,1503.385498046875,819016
2025-04-24,1533.699951171875,1556.0,1524.9000244140625,1551.699951171875,1521.02978515625,1590469
2025-04-25,1556.0,1566.699951171875,1513.5,1525.9000244140625,1495.73974609375,1353813
2025-04-28,1525.9000244140625,1565.0,1525.9000244140625,1555.0999755859375,1524.362548828125,1207247
2025-04-29,1555.0,1560.5999755859375,1531.0,1541.5,1511.0313720703125,1385331
2025-04-30,1542.0,1570.800048828125,1538.0,1550.0999755859375,1519.46142578125,2315010
2025-05-02,1537.5,1552.5,1513.5,1514.5,1484.5650634765625,1578868
2025-05-05,1532.0,1549.0,1528.300048828125,1542.9000244140625,1512.40380859375,786898
2025-05-06,1530.0,1531.9000244140625,1495.0,1511.4000244140625,1481.5263671875,1788719
2025-05-07,1500.0,1517.800048828125,1499.4000244140625,1508.800048828125,1478.977783203125,1424662
2025-05-08,1500.0,1508.699951171875,1477.9000244140625,1486.800048828125,1457.41259765625,2773328
2025-05-09,1469.9000244140625,1486.4000244140625,1463.699951171875,1480.0,1450.7469482421875,1042380
2025-05-12,1478.0,1516.9000244140625,1462.199951171875,1511.5999755859375,1481.722412109375,1706217
2025-05-13,1515.0,1539.9000244140625,1497.0999755859375,1520.0999755859375,1490.054443359375,4042184
2025-05-14,1495.0,1505.9000244140625,1474.5999755859375,1494.800048828125,1465.2545166015625,3417567
2025-05-15,1495.0,1512.9000244140625,1475.0,1502.199951171875,1472.5081787109375,3918531
2025-05-16,1509.699951171875,1510.199951171875,1492.0,1499.9000244140625,1470.253662109375,1660861
2025-05-19,1499.9000244140625,1511.699951171875,1489.0,1491.5999755859375,1462.11767578125,1857648
2025-05-20,1495.4000244140625,1497.800048828125,1451.199951171875,1454.4000244140625,1425.6529541015625,3573210
2025-05-21,1459.0,1491.0,1454.5999755859375,1482.4000244140625,1453.0994873046875,2001251
2025-05-22,1483.0,1489.699951171875,1460.0999755859375,1468.5,1439.474365234375,1804507
2025-05-23,1468.5,1489.0,1461.0,1484.199951171875,1454.8638916015625,915286
2025-05-26,1486.0999755859375,1493.9000244140625,1478.5,1484.199951171875,1454.8638916015625,885022
2025-05-27,1485.699951171875,1491.9000244140625,1475.800048828125,1480.5,1451.237060546875,881728
2025-05-28,1485.0,1486.0,1465.0,1468.5,1439.474365234375,1090511
2025-05-29,1475.0,1479.5,1463.0,1476.9000244140625,1447.708251953125,1384536
2025-05-30,1476.0,1489.0,1457.0999755859375,1465.699951171875,1436.7296142578125,7040777
2025-06-02,1468.0,1474.800048828125,1458.0,1470.199951171875,1441.140625,962897
2025-06-03,1472.4000244140625,1479.4000244140625,1460.4000244140625,1473.199951171875,1444.0814208984375,870331
2025-06-04,1473.199951171875,1488.0,1465.9000244140625,1471.9000244140625,1442.80712890625,1297075
2025-06-05,1476.0,1498.800048828125,1475.0,1489.800048828125,1460.3533935546875,1570159
2025-06-06,1489.800048828125,1505.9000244140625,1484.0,1504.199951171875,1474.468505859375,861882
2025-06-09,1511.699951171875,1511.699951171875,1497.0,1506.5999755859375,1476.8212890625,689631
2025-06-10,1508.9000244140625,1513.199951171875,1505.0,1510.800048828125,1480.938232421875,929786
2025-06-11,1512.5,1527.9000244140625,1509.4000244140625,1521.699951171875,1491.6226806640625,1046396
2025-06-12,1527.0,1537.9000244140625,1494.5,1502.800048828125,1473.0963134765625,1199034
2025-06-13,1480.0,1510.5,1480.0,1505.199951171875,1475.4488525390625,874315
2025-06-16,1501.9000244140625,1541.0,1499.800048828125,1527.0,1496.818115234375,2679763
2025-06-17,1527.0,1533.4000244140625,1495.5,1503.5,1473.782470703125,1334810
2025-06-18,1503.5,1512.9000244140625,1495.9000244140625,1498.0999755859375,1468.4892578125,1075494
2025-06-19,1502.4000244140625,1509.800048828125,1480.199951171875,1484.0,1454.6678466796875,1124204
2025-06-20,1484.0,1508.199951171875,1481.0999755859375,1499.699951171875,1470.0574951171875,1917041
2025-06-23,1499.699951171875,1504.9000244140625,1482.0999755859375,1499.0999755859375,1469.469482421875,657381
2025-06-24,1506.699951171875,1518.300048828125,1500.199951171875,1502.4000244140625,1472.704345703125,1351552
2025-06-25,1509.9000244140625,1518.0,1500.0,1510.0,1480.154052734375,1032762
2025-06-26,1511.0,1522.4000244140625,1503.0,1513.800048828125,1483.8790283203125,1440423
2025-06-27,1502.0,1508.699951171875,1492.0,1502.4000244140625,1488.436279296875,1851991
2025-06-30,1509.4000244140625,1514.699951171875,1500.199951171875,1505.9000244140625,1491.9036865234375,1053681
2025-07-01,1505.9000244140625,1517.699951171875,1496.199951171875,1515.699951171875,1501.612548828125,1112637
2025-07-02,1515.699951171875,1525.0,1493.300048828125,1497.5999755859375,1483.6807861328125,1273704
2025-07-03,1504.0,1513.199951171875,1498.800048828125,1508.699951171875,1494.6776123046875,869963
2025-07-04,1508.4000244140625,1521.0,1503.9000244140625,1513.300048828125,1499.2349853515625,1118483
2025-07-07,1516.0,1519.199951171875,1506.5,1510.5,1496.4609375,1061434
2025-07-08,1505.5,1510.5,1477.0999755859375,1488.300048828125,1474.46728515625,2197699
2025-07-09,1486.0,1501.699951171875,1486.0,1491.699951171875,1477.8355712890625,1364142
2025-07-10,1489.0,1490.9000244140625,1463.199951171875,1477.800048828125,1464.06494140625,2178068
2025-07-11,1480.0,1490.5,1470.0,1485.0,1471.1978759765625,920651
2025-07-14,1488.9000244140625,1492.5,1476.0,1484.0,1470.2071533203125,1554680
2025-07-15,1483.800048828125,1492.4000244140625,1469.4000244140625,1490.9000244140625,1477.0430908203125,1203850
2025-07-16,1485.0,1485.0,1468.199951171875,1475.800048828125,1462.08349609375,1569604
2025-07-17,1475.0,1489.0,1472.0,1482.4000244140625,1468.6220703125,1349535
2025-07-18,1481.0999755859375,1484.800048828125,1470.0,1482.300048828125,1468.5230712890625,1001794
2025-07-21,1481.0999755859375,1482.5,1468.5,1473.9000244140625,1460.2010498046875,1198993
2025-07-22,1475.0,1479.4000244140625,1454.5,1464.4000244140625,1450.7894287109375,1908949
2025-07-23,1465.300048828125,1476.5,1462.4000244140625,1473.5,1459.8048095703125,1268156
2025-07-24,1470.5,1490.0,1470.300048828125,1487.9000244140625,1474.071044921875,1389152
2025-07-25,1485.0,1553.699951171875,1469.0,1532.5,1518.2564697265625,5226395
2025-07-28,1541.199951171875,1577.0,1520.5,1572.0,1557.3892822265625,3843168
2025-07-29,1563.4000244140625,1579.4000244140625,1559.5999755859375,1574.0,1559.3707275390625,1303888
2025-07-30,1574.300048828125,1579.9000244140625,1551.199951171875,1559.4000244140625,1544.906494140625,1390012
2025-07-31,1540.0,1564.699951171875,1536.5999755859375,1554.5999755859375,1540.1510009765625,2457841
2025-08-01,1544.0,1549.699951171875,1494.0,1502.800048828125,1488.83251953125,2109707
2025-08-04,1510.0,1519.300048828125,1505.0,1515.0999755859375,1501.0181884765625,549494
2025-08-05,1513.5,1517.300048828125,1491.0999755859375,1499.800048828125,1485.8603515625,1156528
2025-08-06,1498.800048828125,1498.800048828125,1475.0,1486.699951171875,1472.882080078125,1157300
2025-08-07,1476.0999755859375,1499.800048828125,1464.0999755859375,1491.0,1477.1422119140625,1882304
2025-08-08,1483.0,1493.800048828125,1478.300048828125,1485.800048828125,1471.990478515625,920270
2025-08-11,1488.0,1514.0,1480.199951171875,1504.800048828125,1490.81396484375,898160
2025-08-12,1504.0,1524.9000244140625,1501.0999755859375,1521.5999755859375,1507.457763671875,910349
2025-08-13,1521.5999755859375,1567.800048828125,1520.4000244140625,1561.0,1546.4915771484375,1859765
2025-08-14,1562.5,1574.800048828125,1552.0,1564.0,1549.463623046875,2535958
2025-08-18,1566.199951171875,1572.800048828125,1557.5,1565.199951171875,1550.6524658203125,1783835
2025-08-19,1565.199951171875,1568.699951171875,1546.0999755859375,1548.9000244140625,1534.5040283203125,898746
2025-08-20,1539.199951171875,1556.9000244140625,1533.4000244140625,1546.0999755859375,1531.72998046875,936556
2025-08-21,1540.0999755859375,1596.0,1538.699951171875,1592.800048828125,1577.99609375,1698280
2025-08-22,1590.0,1602.0,1585.0,1592.800048828125,1577.99609375,1574526
2025-08-25,1594.0,1607.800048828125,1592.0,1601.199951171875,1586.31787109375,1298471
2025-08-26,1604.0,1604.0999755859375,1573.0,1579.800048828125,1565.1168212890625,2332380
2025-08-28,1594.0,1594.0,1568.699951171875,1580.300048828125,1565.6121826171875,1903230
2025-08-29,1578.5,1596.4000244140625,1567.800048828125,1589.4000244140625,1574.6275634765625,1342344
2025-09-01,1589.4000244140625,1598.0,1583.0,1587.199951171875,1572.447998046875,783524
2025-09-02,1587.0,1593.0,1563.300048828125,1569.199951171875,1554.615234375,1161872
2025-09-03,1570.0,1596.4000244140625,1569.0,1578.4000244140625,1563.7298583984375,1160380
2025-09-04,1599.0,1599.0,1573.699951171875,1577.800048828125,1563.135498046875,614470
2025-09-05,1577.800048828125,1585.5999755859375,1550.0,1553.4000244140625,1538.962158203125,701865
2025-09-08,1554.5,1564.9000244140625,1538.9000244140625,1541.199951171875,1526.87548828125,588546
2025-09-09,1541.199951171875,1555.199951171875,1533.0999755859375,1551.5999755859375,1537.1788330078125,788242
2025-09-10,1555.0,1571.0,1553.9000244140625,1563.800048828125,1549.265625,718311
2025-09-11,1563.5,1570.5,1554.0999755859375,1560.800048828125,1546.29345703125,732911
2025-09-12,1562.0999755859375,1578.300048828125,1562.0999755859375,1574.5999755859375,1559.965087890625,785508
2025-09-15,1568.0,1579.800048828125,1546.0999755859375,1548.300048828125,1533.90966796875,758979
2025-09-16,1556.0,1560.199951171875,1550.0,1559.0,1544.5101318359375,471395
2025-09-17,1556.0,1562.5,1549.0999755859375,1559.5999755859375,1545.1044921875,785651
2025-09-18,1560.0,1580.0,1556.4000244140625,1578.199951171875,1563.5316162109375,874860
2025-09-19,1581.0,1584.9000244140625,1557.5,1575.800048828125,1561.154052734375,1464121
2025-09-22,1575.0,1583.199951171875,1540.0,1542.199951171875,1527.8662109375,1257495
2025-09-23,1542.199951171875,1550.699951171875,1517.5,1527.0999755859375,1512.9066162109375,1487350
2025-09-24,1527.0,1542.5,1520.300048828125,1538.0,1523.705322265625,943785
2025-09-25,1538.0,1544.800048828125,1505.4000244140625,1509.699951171875,1495.6683349609375,2502680
2025-09-26,1495.5999755859375,1504.9000244140625,1475.199951171875,1499.4000244140625,1485.464111328125,2653841
2025-09-29,1506.9000244140625,1527.300048828125,1485.300048828125,1488.0,1474.1700439453125,1778220
2025-09-30,1488.0999755859375,1506.5999755859375,1488.0999755859375,1503.300048828125,1489.327880859375,1040806
2025-10-01,1505.0,1517.4000244140625,1498.4000244140625,1513.0,1498.9376220703125,1000285
2025-10-03,1522.0,1537.800048828125,1509.5,1517.699951171875,1503.593994140625,1070489
2025-10-06,1511.0,1520.0,1497.800048828125,1513.0999755859375,1499.0367431640625,772031
2025-10-07,1514.9000244140625,1522.0,1506.199951171875,1513.300048828125,1499.2349853515625,834623
2025-10-08,1512.0,1519.300048828125,1490.800048828125,1494.5999755859375,1480.7086181640625,1068066
2025-10-09,1510.0,1516.699951171875,1499.300048828125,1513.0999755859375,1499.0367431640625,878167
2025-10-10,1513.0,1569.0,1506.9000244140625,1561.800048828125,1547.2841796875,1495524
2025-10-13,1559.0,1566.9000244140625,1550.0999755859375,1563.5999755859375,1549.0673828125,671620
2025-10-14,1563.0,1566.0999755859375,1537.0999755859375,1552.300048828125,1537.8724365234375,1056222
2025-10-15,1550.0,1564.800048828125,1546.0,1558.699951171875,1544.212890625,1638237
2025-10-16,1559.0,1572.0,1555.0999755859375,1569.4000244140625,1554.8134765625,989785
2025-10-17,1565.300048828125,1582.0999755859375,1558.4000244140625,1577.5999755859375,1562.937255859375,1222051
2025-10-20,1590.0,1647.0,1577.9000244140625,1639.0999755859375,1623.8656005859375,3372906
2025-10-21,1646.699951171875,1669.0,1642.0999755859375,1663.5999755859375,1648.137939453125,709223
2025-10-23,1665.0,1673.0,1638.0999755859375,1645.0999755859375,1629.809814453125,2150725
2025-10-24,1625.0999755859375,1625.0999755859375,1581.0999755859375,1584.4000244140625,1569.674072265625,2941997
2025-10-27,1585.0,1593.800048828125,1575.199951171875,1584.0,1569.27783203125,1213749
2025-10-28,1585.800048828125,1589.9000244140625,1562.0999755859375,1568.0999755859375,1553.5255126953125,1489133
2025-10-29,1575.0,1588.0,1571.699951171875,1581.0999755859375,1566.4046630859375,898965
2025-10-30,1587.0,1593.300048828125,1504.0,1540.0999755859375,1525.7857666015625,4053965
2025-10-31,1510.0999755859375,1529.4000244140625,1500.0,1501.300048828125,1487.346435546875,3365093
2025-11-03,1502.9000244140625,1514.9000244140625,1490.300048828125,1511.5,1497.45166015625,1505905
2025-11-04,1511.5,1524.0,1498.0999755859375,1503.300048828125,1489.327880859375,1590643
2025-11-06,1510.800048828125,1512.9000244140625,1498.0,1501.5,1487.5445556640625,1596245
2025-11-07,1500.0,1510.0,1491.5999755859375,1505.699951171875,1491.7054443359375,1037508
2025-11-10,1510.0,1516.699951171875,1503.9000244140625,1511.5,1497.45166015625,1143959
2025-11-11,1511.300048828125,1517.5,1506.0999755859375,1514.9000244140625,1500.820068359375,850772
2025-11-12,1514.9000244140625,1528.0999755859375,1514.0999755859375,1519.300048828125,1505.17919921875,1179131
2025-11-13,1520.0,1534.9000244140625,1515.4000244140625,1525.800048828125,1511.6187744140625,1217362
2025-11-14,1526.9000244140625,1534.4000244140625,1522.0,1532.0999755859375,1517.860107421875,810970
2025-11-17,1537.5,1538.4000244140625,1526.5,1535.5999755859375,1521.32763671875,912322
2025-11-18,1530.0,1535.0,1512.0999755859375,1514.5,1500.4237060546875,747913
2025-11-19,1511.4000244140625,1529.5999755859375,1505.4000244140625,1526.800048828125,1512.6094970703125,1171078
2025-11-20,1526.9000244140625,1534.800048828125,1519.4000244140625,1529.199951171875,1514.987060546875,896750
2025-11-21,1521.0999755859375,1527.0,1507.699951171875,1511.800048828125,1497.7489013671875,1126820
2025-11-24,1515.0,1524.800048828125,1500.0,1504.0,1490.0213623046875,2801854
2025-11-25,1500.199951171875,1522.699951171875,1500.199951171875,1507.5,1493.48876953125,908386
2025-11-26,1505.0,1525.5,1505.0,1523.800048828125,1509.6373291015625,1087736
2025-11-27,1523.800048828125,1531.5,1520.0999755859375,1525.199951171875,1511.0242919921875,810411
2025-11-28,1525.199951171875,1535.800048828125,1520.5999755859375,1531.300048828125,1517.067626953125,991042
2025-12-01,1532.0,1536.300048828125,1517.5,1523.0999755859375,1508.9437255859375,1010599
2025-12-02,1520.0,1531.5,1513.199951171875,1516.5999755859375,1502.504150390625,1760512
2025-12-03,1516.699951171875,1522.800048828125,1495.0999755859375,1508.0,1493.984130859375,1034323
2025-12-04,1503.0999755859375,1525.699951171875,1503.0999755859375,1521.0,1506.86328125,726473
2025-12-05,1525.0,1528.0,1513.5999755859375,1520.800048828125,1506.665283203125,813485
2025-12-08,1515.0999755859375,1520.5,1494.300048828125,1497.5999755859375,1483.6807861328125,1263559
2025-12-09,1497.5999755859375,1502.4000244140625,1486.5,1490.5999755859375,1476.745849609375,1646840
2025-12-10,1492.0,1505.699951171875,1484.800048828125,1490.9000244140625,1477.0430908203125,1316274
2025-12-11,1492.0,1513.4000244140625,1492.0,1512.300048828125,1498.2442626953125,606130
2025-12-12,1520.0,1524.699951171875,1510.199951171875,1517.4000244140625,1503.2967529296875,1054050
2025-12-15,1505.0,1515.5,1498.0,1508.0,1493.984130859375,855508
2025-12-16,1500.0,1508.9000244140625,1496.0999755859375,1499.5999755859375,1485.6622314453125,789492
2025-12-17,1497.5999755859375,1505.300048828125,1491.0,1496.9000244140625,1482.9873046875,1000116
2025-12-18,1494.800048828125,1511.0,1493.699951171875,1498.9000244140625,1484.96875,974170
2025-12-19,1495.5,1520.0999755859375,1495.5,1517.0999755859375,1502.99951171875,769045
2025-12-22,1513.0,1522.5,1508.199951171875,1512.9000244140625,1498.838623046875,757496
2025-12-23,1520.4000244140625,1522.0,1498.300048828125,1500.699951171875,1486.751953125,826988
2025-12-24,1502.5,1508.0,1490.199951171875,1496.300048828125,1482.3929443359375,1022767
2025-12-26,1496.300048828125,1510.9000244140625,1494.0,1506.0,1492.002685546875,951555
2025-12-29,1506.0,1514.5,1492.0,1494.0,1480.1142578125,1077645
2025-12-30,1494.0,1498.699951171875,1475.9000244140625,1492.5,1478.628173828125,1993298
2025-12-31,1492.5,1513.5999755859375,1490.0999755859375,1511.300048828125,1497.2535400390625,883966
2026-01-01,1512.0,1512.0,1499.0,1500.9000244140625,1486.9501953125,228078
2026-01-02,1500.9000244140625,1517.800048828125,1498.5999755859375,1511.5999755859375,1497.5506591796875,964611
2026-01-05,1511.0,1525.0,1507.199951171875,1519.800048828125,1505.674560546875,1532549
2026-01-06,1519.800048828125,1539.699951171875,1519.800048828125,1530.800048828125,1516.572265625,1614326
2026-01-07,1516.0,1516.0,1455.0,1467.9000244140625,1454.2568359375,5076416
2026-01-08,1467.9000244140625,1469.300048828125,1458.0,1460.5999755859375,1447.024658203125,2651011
2026-01-09,1464.699951171875,1468.300048828125,1456.0999755859375,1465.699951171875,1452.0772705078125,1804271
2026-01-12,1464.0,1467.5,1444.199951171875,1465.199951171875,1451.5819091796875,2380033
2026-01-13,1460.0,1469.4000244140625,1436.5999755859375,1448.300048828125,1434.839111328125,1909873
2026-01-14,1443.800048828125,1449.800048828125,1425.699951171875,1434.5,1421.167236328125,1775529
2026-01-15,1434.5,1434.5,1434.5,1434.5,1421.167236328125,0
2026-01-16,1379.0,1409.5,1367.199951171875,1397.5,1384.51123046875,4333315
2026-01-19,1396.5,1398.0999755859375,1371.9000244140625,1392.300048828125,1379.3594970703125,1653550
2026-01-20,1392.300048828125,1395.9000244140625,1375.4000244140625,1378.4000244140625,1365.5887451171875,2040403
2026-01-21,1378.4000244140625,1398.4000244140625,1363.800048828125,1369.5999755859375,1356.8704833984375,2306655
2026-01-22,1381.199951171875,1384.5,1366.699951171875,1370.4000244140625,1357.6630859375,1536604
2026-01-23,1372.199951171875,1385.9000244140625,1303.0,1315.0,1302.7779541015625,6590032
2026-01-27,1300.0,1323.5,1281.699951171875,1313.0,1300.7965087890625,4109525
2026-01-28,1313.0,1334.699951171875,1310.0999755859375,1328.4000244140625,1316.053466796875,1535898
2026-01-29,1325.0,1327.5999755859375,1307.0,1320.9000244140625,1308.6231689453125,2099306
2026-01-30,1319.0,1329.9000244140625,1314.4000244140625,1324.0,1311.6943359375,2157826
2026-02-02,1330.0,1333.0,1293.0999755859375,1311.5999755859375,1299.4095458984375,1832963
2026-02-03,1365.0,1381.300048828125,1319.5999755859375,1322.800048828125,1310.5054931640625,2711571
2026-02-04,1322.800048828125,1335.0999755859375,1315.800048828125,1326.699951171875,1314.369140625,1590247
2026-02-05,1335.9000244140625,1335.9000244140625,1321.0,1333.300048828125,1320.907958984375,999810
2026-02-06,1328.0,1335.699951171875,1316.5,1330.0,1317.6385498046875,1457970
2026-02-09,1338.0,1352.0,1328.0,1342.5,1330.0223388671875,1936551
2026-02-10,1349.699951171875,1358.0,1337.0,1342.0999755859375,1329.6260986328125,1053439
2026-02-11,1342.0999755859375,1352.4000244140625,1335.0,1349.9000244140625,1337.3536376953125,830695
2026-02-12,1349.9000244140625,1350.0,1321.5999755859375,1330.0,1317.6385498046875,1613374
2026-02-13,1328.0,1336.0999755859375,1315.800048828125,1331.5,1319.1246337890625,1236946
2026-02-16,1331.0,1358.0,1327.5,1356.4000244140625,1343.793212890625,1616868
2026-02-17,1350.0,1356.0,1340.0999755859375,1343.9000244140625,1331.409423828125,1413727
2026-02-18,1350.800048828125,1352.9000244140625,1338.0999755859375,1349.800048828125,1337.2545166015625,1119159
2026-02-19,1349.800048828125,1357.0,1323.699951171875,1328.9000244140625,1316.548828125,587384
2026-02-20,1328.9000244140625,1342.9000244140625,1324.300048828125,1341.0999755859375,1328.6353759765625,1551722
2026-02-23,1335.9000244140625,1335.9000244140625,1308.800048828125,1326.5,1314.1710205078125,2435610
2026-02-24,1326.0,1338.5,1316.5,1326.699951171875,1314.369140625,2109672
2026-02-25,1326.699951171875,1349.0,1326.699951171875,1346.0999755859375,1333.5888671875,1018377
2026-02-26,1352.800048828125,1364.9000244140625,1343.300048828125,1358.0999755859375,1345.477294921875,2013877
2026-02-27,1353.0,1356.9000244140625,1338.5,1348.199951171875,1335.6693115234375,2609711
2026-03-02,1313.0,1354.5,1313.0,1351.5999755859375,1339.0377197265625,1899674
2026-03-04,1348.199951171875,1348.9000244140625,1311.0,1313.199951171875,1300.99462890625,1938762
2026-03-05,1314.9000244140625,1332.0999755859375,1314.9000244140625,1326.4000244140625,1314.072021484375,1184085
2026-03-06,1326.0999755859375,1332.699951171875,1315.0,1321.199951171875,1308.9202880859375,695774
2026-03-09,1309.0,1329.800048828125,1292.699951171875,1325.0,1312.68505859375,1674811
2026-03-10,1323.0,1340.300048828125,1317.5,1333.5,1321.10595703125,1050270
2026-03-11,1325.0,1338.0999755859375,1324.9000244140625,1329.5,1317.1431884765625,1268130
2026-03-12,1325.0999755859375,1341.699951171875,1319.0,1324.300048828125,1311.9915771484375,1405268
2026-03-13,1324.300048828125,1327.5,1301.0,1314.699951171875,1302.480712890625,1346347
2026-03-16,1314.699951171875,1327.9000244140625,1291.5999755859375,1300.0,1287.9173583984375,1496780
2026-03-17,1300.0,1302.5999755859375,1275.5999755859375,1281.9000244140625,1269.985595703125,2034284
2026-03-18,1282.0,1289.5,1264.5999755859375,1268.5,1256.7100830078125,2226496
2026-03-19,1253.9000244140625,1263.5,1235.4000244140625,1239.199951171875,1227.682373046875,1080395
2026-03-20,1250.0,1264.0,1248.0,1256.4000244140625,1244.72265625,1151621
2026-03-23,1252.0,1252.699951171875,1217.800048828125,1221.800048828125,1210.4442138671875,1295463
2026-03-24,1235.0,1240.0,1216.5999755859375,1219.4000244140625,1208.0665283203125,853054
2026-03-25,1222.699951171875,1252.9000244140625,1219.0,1244.4000244140625,1232.8341064453125,1466775
2026-03-27,1226.5,1249.199951171875,1226.5,1242.300048828125,1230.753662109375,2220695
2026-03-30,1231.199951171875,1235.0,1215.0,1224.199951171875,1212.82177734375,2089130
2026-04-01,1255.0,1257.0,1194.0,1195.9000244140625,1184.784912109375,2180444
2026-04-02,1190.0,1196.5999755859375,1165.699951171875,1192.4000244140625,1181.3175048828125,3128666
2026-04-06,1190.300048828125,1206.0,1170.0,1200.9000244140625,1189.7384033203125,2188849
2026-04-07,1195.0,1210.4000244140625,1185.4000244140625,1202.4000244140625,1191.2244873046875,2046737
2026-04-08,1220.0,1223.0,1204.5,1215.9000244140625,1204.5989990234375,2476674
2026-04-09,1215.199951171875,1231.199951171875,1213.0999755859375,1224.4000244140625,1213.02001953125,2545266
2026-04-10,1225.4000244140625,1239.0,1220.800048828125,1229.5,1218.0726318359375,2086385
2026-04-13,1222.300048828125,1222.300048828125,1203.199951171875,1211.0999755859375,1199.8436279296875,1611654
2026-04-15,1220.0,1228.699951171875,1216.0999755859375,1227.0,1215.5958251953125,1297882
2026-04-16,1231.0,1235.5,1222.800048828125,1230.5,1219.0633544921875,1778133
2026-04-17,1230.5,1244.5,1224.4000244140625,1240.800048828125,1229.2677001953125,2291092
2026-04-20,1245.0,1246.0,1226.0,1229.5,1218.0726318359375,1158618
2026-04-21,1228.5999755859375,1236.4000244140625,1223.300048828125,1232.5,1221.044677734375,1428292
2026-04-22,1226.0,1240.800048828125,1222.0,1236.300048828125,1224.8094482421875,1172238
2026-04-23,1234.0999755859375,1308.4000244140625,1227.5999755859375,1305.9000244140625,1293.7625732421875,5274028
2026-04-24,1295.0,1303.9000244140625,1254.0999755859375,1295.0,1282.9638671875,4427307
2026-04-27,1303.199951171875,1320.699951171875,1299.0,1317.199951171875,1304.95751953125,1721187
2026-04-28,1316.0,1326.0,1296.300048828125,1306.5,1294.35693359375,1501522
2026-04-29,1312.0,1322.0,1307.800048828125,1317.5999755859375,1305.353759765625,986556
2026-04-30,1317.9000244140625,1329.800048828125,1305.0,1309.5999755859375,1297.4281005859375,1370336
2026-05-01,1309.5999755859375,1309.5999755859375,1309.5999755859375,1309.5999755859375,1297.4281005859375,0
2026-05-04,1320.0,1337.4000244140625,1313.5999755859375,1335.0,1322.592041015625,1088765
2026-05-05,1339.0,1339.4000244140625,1316.4000244140625,1333.699951171875,1321.3040771484375,1051020
2026-05-06,1340.0,1372.0,1333.0999755859375,1364.4000244140625,1351.7188720703125,1854812
2026-05-07,1370.0,1379.5,1360.0999755859375,1362.300048828125,1349.638427734375,1248019
2026-05-08,1355.0,1366.699951171875,1341.300048828125,1347.0,1334.4805908203125,1044824
2026-05-11,1347.0,1350.0,1300.0999755859375,1304.9000244140625,1292.7718505859375,1428197
2026-05-12,1304.5999755859375,1309.0,1289.0,1292.300048828125,1280.2889404296875,1398439
2026-05-13,1279.0999755859375,1356.5999755859375,1274.699951171875,1327.5999755859375,1315.2608642578125,6015153
2026-05-14,1362.199951171875,1442.0,1362.199951171875,1436.699951171875,1423.3468017578125,9166941
2026-05-15,1436.699951171875,1444.5,1425.199951171875,1432.0999755859375,1418.78955078125,1138894
2026-05-18,1422.0,1442.0999755859375,1411.800048828125,1426.199951171875,1412.9443359375,2013605
2026-05-19,1420.0,1426.5999755859375,1408.699951171875,1409.800048828125,1396.6968994140625,1379218
2026-05-20,1392.300048828125,1422.0999755859375,1392.300048828125,1399.5,1386.4925537109375,1316586
2026-05-21,1406.5,1415.9000244140625,1397.699951171875,1401.9000244140625,1388.870361328125,1145360
2026-05-22,1409.0,1409.5999755859375,1392.0,1399.199951171875,1386.1953125,917323
2026-05-25,1406.0,1420.0,1398.5,1413.9000244140625,1400.7587890625,668915
2026-05-26,1413.9000244140625,1422.5999755859375,1409.5999755859375,1417.5,1404.3253173828125,1132793
2026-05-27,1417.5999755859375,1432.0,1416.0,1418.199951171875,1405.0186767578125,937447
2026-05-28,1418.199951171875,1418.199951171875,1418.199951171875,1418.199951171875,1405.0186767578125,0
2026-05-29,1411.0,1429.199951171875,1382.699951171875,1401.0,1387.9786376953125,9540984
2026-06-01,1410.0,1413.5999755859375,1386.0,1390.300048828125,1377.378173828125,714608
2026-06-02,1380.0,1384.9000244140625,1358.199951171875,1379.300048828125,1366.4803466796875,2290839
2026-06-03,1375.0,1384.9000244140625,1365.300048828125,1375.199951171875,1362.4183349609375,1520395
2026-06-04,1365.0,1404.9000244140625,1354.0,1398.699951171875,1385.699951171875,1548692
2026-06-05,1394.0,1406.0999755859375,1382.0,1401.300048828125,1401.300048828125,1050391
2026-06-08,1397.0,1405.0,1383.0,1387.9000244140625,1387.9000244140625,669481
2026-06-09,1383.0999755859375,1398.800048828125,1373.5999755859375,1376.5,1376.5,1419845
2026-06-10,1374.0,1391.4000244140625,1371.0999755859375,1377.0,1377.0,962642
2026-06-11,1376.0999755859375,1391.0,1373.9000244140625,1383.300048828125,1383.300048828125,654474
2026-06-12,1393.9000244140625,1396.0999755859375,1382.199951171875,1389.4000244140625,1389.4000244140625,805612
2026-06-15,1396.699951171875,1397.9000244140625,1374.5,1381.300048828125,1381.300048828125,1687655
2026-06-16,1382.5999755859375,1392.300048828125,1366.0,1373.199951171875,1373.199951171875,613961
2026-06-17,1380.0,1381.699951171875,1341.0999755859375,1350.800048828125,1350.800048828125,2014168
2026-06-18,1353.199951171875,1365.0,1348.699951171875,1355.5,1355.5,908719
2026-06-19,1355.0,1362.300048828125,1346.5999755859375,1351.800048828125,1351.800048828125,1476650
2026-06-22,1372.0,1418.199951171875,1370.5999755859375,1415.699951171875,1415.699951171875,3368853
2026-06-23,1422.800048828125,1461.0,1418.800048828125,1433.0999755859375,1433.0999755859375,4958067
2026-06-24,1445.699951171875,1451.9000244140625,1425.699951171875,1437.9000244140625,1437.9000244140625,2145293
2026-06-25,1448.0,1453.0,1431.0,1440.0999755859375,1440.0999755859375,1217683
2026-06-26,1440.0999755859375,1440.0999755859375,1440.0999755859375,1440.0999755859375,1440.0999755859375,0
2026-06-29,1443.699951171875,1490.0999755859375,1441.5,1454.0999755859375,1454.0999755859375,4162869
2026-06-30,1455.699951171875,1480.800048828125,1448.699951171875,1465.4000244140625,1465.4000244140625,2818077
2026-07-01,1468.0,1472.0999755859375,1446.0,1456.699951171875,1456.699951171875,753439
2026-07-02,1465.4000244140625,1468.199951171875,1452.699951171875,1456.0,1456.0,731416
2026-07-03,1452.0,1471.0,1452.0,1458.199951171875,1458.199951171875,1261674
2026-07-06,1458.199951171875,1474.699951171875,1453.4000244140625,1472.300048828125,1472.300048828125,769917
2026-07-07,1472.300048828125,1482.0,1449.199951171875,1451.800048828125,1451.800048828125,1164880
2026-07-08,1453.300048828125,1471.9000244140625,1428.9000244140625,1431.800048828125,1431.800048828125,1163676
2026-07-09,1430.0,1454.800048828125,1426.4000244140625,1441.300048828125,1441.300048828125,947375
2026-07-10,1441.300048828125,1454.5,1435.0,1439.4000244140625,1439.4000244140625,745842
2026-07-13,1439.4000244140625,1443.0,1420.0,1426.699951171875,1426.699951171875,844670
2026-07-14,1426.699951171875,1454.5,1425.300048828125,1438.0999755859375,1438.0999755859375,1221695
2026-07-15,1447.0,1453.0,1433.0,1438.0,1438.0,924453
2026-07-16,1439.9000244140625,1444.0,1426.5999755859375,1429.5,1429.5,568731
2026-07-17,1429.5,1434.0,1404.0,1418.699951171875,1418.699951171875,607055
2026-07-20,1425.699951171875,1466.5999755859375,1419.5,1441.5999755859375,1441.5999755859375,1494196
2026-07-21,1442.0999755859375,1443.9000244140625,1414.0,1432.5,1432.5,1341452
2026-07-22,1423.0,1423.0,1395.699951171875,1415.0999755859375,1415.0999755859375,1722239
2026-07-23,1409.0999755859375,1426.9000244140625,1366.0999755859375,1393.0,1393.0,4248433
2026-07-24,1390.0999755859375,1444.800048828125,1390.0999755859375,1410.5999755859375,1410.5999755859375,2917791
2026-07-27,1412.5999755859375,1418.0999755859375,1392.800048828125,1409.4000244140625,1409.4000244140625,1162030
2026-07-28,1426.699951171875,1447.800048828125,1426.699951171875,1444.5999755859375,1444.5999755859375,1621735
2026-07-29,1451.0,1491.199951171875,1442.0,1474.300048828125,1474.300048828125,2192262
2026-07-30,1478.800048828125,1483.800048828125,1464.0999755859375,1466.4000244140625,1466.4000244140625,833068
2026-07-31,1473.4000244140625,1478.800048828125,1462.300048828125,1473.199951171875,1473.199951171875,1223370
2026-08-03,1475.0,1480.5999755859375,1454.300048828125,1474.4000244140625,1474.4000244140625,811745
2026-08-04,1469.5999755859375,1469.5999755859375,1449.300048828125,1460.0,1460.0,947279
2026-08-05,1460.0,1463.0,1443.5,1458.800048828125,1458.800048828125,973585
2026-08-06,1461.0,1488.0999755859375,1461.0,1477.0,1477.0,1462279
2026-08-07,1477.0,1477.0,1462.0999755859375,1463.800048828125,1463.800048828125,765193
2026-08-10,1463.800048828125,1483.699951171875,1462.0,1467.699951171875,1467.699951171875,662981
2026-08-11,1466.0999755859375,1469.800048828125,1457.199951171875,1463.0,1463.0,958909
2026-08-12,1460.0,1468.800048828125,1456.0999755859375,1463.0,1463.0,621021
2026-08-13,1458.0999755859375,1464.4000244140625,1456.199951171875,1458.800048828125,1458.800048828125,440742
2026-08-14,1457.5,1474.300048828125,1449.199951171875,1450.0,1450.0,784917
2026-08-17,1445.4000244140625,1449.0,1423.699951171875,1431.5,1431.5,756514
2026-08-18,1431.5,1437.5999755859375,1428.4000244140625,1431.0999755859375,1431.0999755859375,589396
2026-08-19,1429.0,1435.0999755859375,1415.4000244140625,1422.0,1422.0,433654
2026-08-20,1430.0,1439.4000244140625,1427.5,1438.0,1438.0,327752
2026-08-21,1433.4000244140625,1443.5999755859375,1408.5999755859375,1432.199951171875,1432.199951171875,728275
2026-08-24,1428.0,1442.300048828125,1410.300048828125,1437.9000244140625,1437.9000244140625,1220646
2026-08-25,1435.9000244140625,1435.9000244140625,1411.0999755859375,1422.0,1422.0,799235
2026-08-26,1413.5,1419.4000244140625,1401.0999755859375,1402.699951171875,1402.699951171875,915493
2026-08-27,1405.0,1420.0,1402.0999755859375,1420.0,1420.0,533212
2026-08-28,1420.0,1423.9000244140625,1409.0999755859375,1423.5,1423.5,377976
2026-08-31,1418.0,1426.0999755859375,1409.199951171875,1409.199951171875,1409.199951171875,977929
2026-09-01,1420.9000244140625,1425.699951171875,1406.5,1423.0,1423.0,880100
2026-09-02,1414.0,1417.0,1401.199951171875,1412.800048828125,1412.800048828125,578260
2026-09-03,1414.0,1415.4000244140625,1389.4000244140625,1394.699951171875,1394.699951171875,549749
2026-09-04,1397.699951171875,1399.0999755859375,1375.5,1385.0,1385.0,1326180
2026-09-07,1380.0,1395.699951171875,1376.800048828125,1395.0,1395.0,606497
2026-09-08,1393.4000244140625,1398.4000244140625,1377.199951171875,1384.0,1384.0,728795
2026-09-09,1380.0,1388.699951171875,1363.0999755859375,1363.0999755859375,1363.0999755859375,818773
2026-09-10,1366.800048828125,1380.0,1363.0999755859375,1373.300048828125,1373.300048828125,826221
2026-09-11,1373.0,1373.0,1347.699951171875,1366.0,1366.0,1681155
2026-09-14,1366.0,1366.0,1366.0,1366.0,1366.0,0
2026-09-15,1355.0,1362.699951171875,1347.699951171875,1351.0,1351.0,1225305
2026-09-16,1351.0,1363.699951171875,1344.300048828125,1358.0,1358.0,911572
2026-09-17,1362.5,1385.0,1351.5999755859375,1376.300048828125,1376.300048828125,730653
2026-09-18,1371.699951171875,1394.5,1371.699951171875,1394.5,1394.5,1386584
2026-09-21,1383.199951171875,1405.199951171875,1378.300048828125,1386.0999755859375,1386.0999755859375,895131
2026-09-22,1386.300048828125,1388.699951171875,1364.5,1384.0999755859375,1384.0999755859375,767139
2026-09-23,1382.4000244140625,1387.0,1371.800048828125,1383.0,1383.0,651221
2026-09-24,1375.0,1419.0,1364.5999755859375,1399.0,1399.0,1580784
2026-09-25,1402.9000244140625,1421.0,1388.4000244140625,1399.699951171875,1399.699951171875,1166527
2026-09-28,1399.699951171875,1405.0,1380.5,1383.699951171875,1383.699951171875,711020
2026-09-29,1390.0,1401.800048828125,1376.199951171875,1379.300048828125,1379.300048828125,1479526
2026-09-30,1383.0,1384.0,1346.0,1346.0,1346.0,1063964
