date,open,high,low,close,adj_close,volume
2015-01-01,233.3000030517578,235.60000610351562,231.64999389648438,232.39999389648438,206.00631713867188,196868
2015-01-02,233.9499969482422,235.89999389648438,231.8000030517578,234.6999969482422,208.04513549804688,529083
2015-01-05,235.9499969482422,236.9499969482422,231.10000610351562,231.4499969482422,205.16419982910156,446506
2015-01-06,230.0,230.89999389648438,222.5,224.35000610351562,198.87060546875,1014678
2015-01-07,225.9499969482422,234.0,224.35000610351562,227.75,201.88442993164062,994200
2015-01-08,229.10000610351562,232.0,228.0500030517578,230.0,203.87890625,481222
2015-01-09,231.14999389648438,232.0,227.60000610351562,229.4499969482422,203.391357421875,491481
2015-01-12,229.8000030517578,235.75,228.64999389648438,234.75,208.0894317626953,788529
2015-01-13,235.9499969482422,240.0,234.35000610351562,235.75,208.9758758544922,767947
2015-01-14,236.0,255.0,236.0,251.0500030517578,222.53826904296875,3159750
2015-01-15,255.0,257.8999938964844,245.25,249.89999389648438,221.5188446044922,2159249
2015-01-16,252.5500030517578,253.35000610351562,247.6999969482422,251.39999389648438,222.84849548339844,1310592
2015-01-19,252.0500030517578,262.29998779296875,251.6999969482422,257.79998779296875,228.5216522216797,1523471
2015-01-20,257.6499938964844,257.95001220703125,248.39999389648438,254.14999389648438,225.2861785888672,1163764
2015-01-21,256.70001220703125,256.70001220703125,249.0500030517578,250.1999969482422,221.7847900390625,1098590
2015-01-22,252.89999389648438,254.0,248.5500030517578,250.1999969482422,221.7847900390625,1351354
2015-01-23,251.5500030517578,253.14999389648438,246.35000610351562,249.60000610351562,221.2529754638672,1352803
2015-01-27,250.5,251.35000610351562,247.8000030517578,248.75,220.49949645996094,1761657
2015-01-28,247.3000030517578,253.25,247.3000030517578,251.75,223.1587371826172,972156
2015-01-29,251.25,259.8999938964844,250.3000030517578,258.3999938964844,229.05349731445312,2990179
2015-01-30,259.45001220703125,262.5,251.0,256.25,227.1476593017578,2151258
2015-02-02,257.1000061035156,263.6000061035156,255.6999969482422,261.6499938964844,231.93438720703125,1392155
2015-02-03,263.0,267.6000061035156,261.8500061035156,265.8500061035156,235.6573944091797,2296886
2015-02-04,267.0,270.0,262.1000061035156,267.6499938964844,237.2530059814453,1171222
2015-02-05,267.95001220703125,271.0,264.79998779296875,267.8999938964844,237.47454833984375,1907513
2015-02-06,267.0,275.0,266.1499938964844,273.45001220703125,242.394287109375,1281980
2015-02-09,270.04998779296875,273.0,259.0,261.04998779296875,231.4025421142578,1508962
2015-02-10,260.1000061035156,273.25,258.25,270.5,239.77928161621094,1260943
2015-02-11,271.70001220703125,276.8999938964844,267.1000061035156,272.0,241.10894775390625,1796398
2015-02-12,271.79998779296875,273.54998779296875,263.3999938964844,267.1499938964844,236.8097686767578,1152534
2015-02-13,268.8500061035156,273.3500061035156,265.29998779296875,272.25,241.33055114746094,866174
2015-02-16,270.25,272.5,264.6000061035156,266.8500061035156,236.5438995361328,907037
2015-02-18,266.0,269.8999938964844,264.8500061035156,268.79998779296875,238.27232360839844,690544
2015-02-19,265.0,268.25,265.0,266.95001220703125,236.6324920654297,860826
2015-02-20,267.8999938964844,267.8999938964844,264.20001220703125,265.45001220703125,235.3028564453125,559541
2015-02-23,266.04998779296875,267.20001220703125,262.20001220703125,265.70001220703125,235.5244598388672,752319
2015-02-24,266.79998779296875,270.20001220703125,264.5,268.1499938964844,237.69622802734375,853844
2015-02-25,270.0,271.5,263.3500061035156,264.3500061035156,234.3277587890625,1097455
2015-02-26,264.79998779296875,266.8999938964844,259.95001220703125,263.45001220703125,233.5299835205078,1681355
2015-02-27,261.8999938964844,266.0,260.1000061035156,265.1499938964844,235.03689575195312,1535042
2015-03-02,264.3999938964844,265.20001220703125,260.1000061035156,262.6000061035156,232.7765350341797,1233871
2015-03-03,263.54998779296875,267.8999938964844,262.04998779296875,264.04998779296875,234.0618133544922,680214
2015-03-04,265.3500061035156,269.3999938964844,262.25,264.1499938964844,234.15048217773438,1965940
2015-03-05,263.54998779296875,271.75,263.25,266.70001220703125,236.41085815429688,2185705
2015-03-09,266.0,276.95001220703125,266.0,274.3500061035156,243.19204711914062,2571153
2015-03-10,277.3999938964844,278.5,264.8999938964844,265.79998779296875,235.6130828857422,1742218
2015-03-11,265.79998779296875,271.0,260.0,267.5,237.1200408935547,2494857
2015-03-12,269.45001220703125,273.3999938964844,268.6499938964844,271.20001220703125,240.3997802734375,1102968
2015-03-13,270.0,276.1499938964844,270.0,272.45001220703125,241.50782775878906,1111320
2015-03-16,273.0,274.45001220703125,269.6000061035156,271.25,240.44412231445312,518940
2015-03-17,272.0,284.0,272.0,283.29998779296875,251.1256103515625,2206776
2015-03-18,285.8999938964844,287.0,280.6000061035156,284.1000061035156,251.8347625732422,2059236
2015-03-19,286.8999938964844,287.0,273.20001220703125,275.3999938964844,244.12274169921875,1142423
2015-03-20,275.3500061035156,275.3500061035156,264.70001220703125,266.0,235.79042053222656,1261421
2015-03-23,266.29998779296875,272.3999938964844,266.29998779296875,269.1000061035156,238.53829956054688,516056
2015-03-24,269.1000061035156,271.95001220703125,265.25,266.5,236.2335662841797,792812
2015-03-25,266.0,269.3999938964844,266.0,268.20001220703125,237.74049377441406,727019
2015-03-26,267.0,268.5,261.3500061035156,262.75,232.90943908691406,980013
2015-03-27,276.0,276.0,262.8500061035156,264.79998779296875,234.72665405273438,535684
2015-03-30,267.79998779296875,270.70001220703125,265.29998779296875,266.04998779296875,235.83465576171875,763718
2015-03-31,266.8999938964844,269.45001220703125,264.45001220703125,265.54998779296875,235.3914794921875,664099
2015-04-01,266.5,268.5,264.6499938964844,266.54998779296875,236.2779083251953,642177
2015-04-06,267.0,273.8999938964844,267.0,272.95001220703125,241.95108032226562,966604
2015-04-07,274.1000061035156,275.6000061035156,271.1000061035156,274.29998779296875,243.14776611328125,799464
2015-04-08,275.6499938964844,286.5,274.79998779296875,284.3500061035156,252.05636596679688,1270528
2015-04-09,285.0,285.75,278.1000061035156,279.8999938964844,248.11175537109375,768529
2015-04-10,280.0,283.5,277.1000061035156,280.29998779296875,248.46632385253906,759749
2015-04-13,283.0,286.95001220703125,280.8999938964844,283.6000061035156,251.39158630371094,789775
2015-04-15,286.0,286.0,274.25,275.3500061035156,244.0784912109375,1225694
2015-04-16,275.0,278.20001220703125,272.04998779296875,276.1499938964844,244.78759765625,964375
2015-04-17,275.3999938964844,276.8999938964844,270.5,272.95001220703125,241.95108032226562,721933
2015-04-20,273.54998779296875,274.0,266.04998779296875,268.8999938964844,238.36099243164062,999987
2015-04-21,269.04998779296875,271.54998779296875,266.5,268.54998779296875,238.05072021484375,837487
2015-04-22,271.0,274.0,260.1499938964844,265.25,235.1255645751953,989682
2015-04-23,265.75,272.25,264.95001220703125,271.04998779296875,240.2667694091797,973607
2015-04-24,272.1000061035156,275.20001220703125,267.8999938964844,270.1000061035156,239.4247283935547,1047375
2015-04-27,270.1000061035156,272.8999938964844,262.1000061035156,263.45001220703125,233.5299835205078,1036665
2015-04-28,262.1499938964844,263.8500061035156,254.0,259.1000061035156,229.67398071289062,1454703
2015-04-29,260.0,260.0,252.35000610351562,255.3000030517578,226.3055419921875,1525998
2015-04-30,255.3000030517578,261.1499938964844,250.5,251.89999389648438,223.29165649414062,1894843
2015-05-04,252.25,263.1000061035156,252.25,261.45001220703125,231.7571258544922,869369
2015-05-05,263.8500061035156,267.0,261.54998779296875,264.6000061035156,234.54937744140625,1529164
2015-05-06,270.0,271.3999938964844,261.20001220703125,263.1000061035156,233.21975708007812,2211439
2015-05-07,262.95001220703125,263.20001220703125,251.0,257.20001220703125,227.98983764648438,1294036
2015-05-08,261.0,263.29998779296875,258.20001220703125,260.8500061035156,231.2252655029297,1176148
2015-05-11,261.1000061035156,262.45001220703125,255.85000610351562,257.20001220703125,227.98983764648438,743636
2015-05-12,258.3999938964844,262.6499938964844,253.5500030517578,260.6499938964844,231.04794311523438,1377638
2015-05-13,260.25,263.8500061035156,255.25,261.3999938964844,231.7127685546875,973860
2015-05-14,261.79998779296875,266.20001220703125,260.54998779296875,263.8500061035156,233.884521484375,901956
2015-05-15,264.8999938964844,267.0,263.1000061035156,264.8500061035156,234.77098083496094,654285
2015-05-18,265.79998779296875,266.5,262.5,265.70001220703125,235.5244598388672,611396
2015-05-19,265.79998779296875,265.79998779296875,263.20001220703125,264.70001220703125,234.6380157470703,388069
2015-05-20,265.0,267.1000061035156,263.45001220703125,264.1000061035156,234.1061248779297,327602
2015-05-21,263.6000061035156,264.5,258.1000061035156,259.04998779296875,229.629638671875,1200444
2015-05-22,260.0,265.8999938964844,257.6499938964844,265.25,235.1255645751953,1209831
2015-05-25,266.25,269.6000061035156,264.0,268.3999938964844,237.91781616210938,769674
2015-05-26,270.5,272.75,265.25,270.6499938964844,239.9122772216797,2286721
2015-05-27,266.29998779296875,270.8999938964844,265.6000061035156,269.3500061035156,238.75994873046875,1071111
2015-05-28,270.5,273.1000061035156,266.1000061035156,271.70001220703125,240.84307861328125,1156685
2015-05-29,272.0,275.25,268.54998779296875,269.8500061035156,239.20315551757812,2726402
2015-06-01,270.0,274.45001220703125,267.25,272.70001220703125,241.72947692871094,830901
2015-06-02,272.70001220703125,273.54998779296875,265.6499938964844,266.75,236.4552001953125,783535
2015-06-03,268.25,268.25,257.1000061035156,261.5,231.8014373779297,528323
2015-06-04,260.29998779296875,262.0,253.0,255.75,226.70445251464844,670834
2015-06-05,257.8999938964844,260.3999938964844,253.10000610351562,257.79998779296875,228.5216522216797,777601
2015-06-08,258.8999938964844,259.70001220703125,250.0,251.5,222.93716430664062,651661
2015-06-09,251.0,254.9499969482422,248.85000610351562,253.75,224.93161010742188,626390
2015-06-10,255.4499969482422,255.89999389648438,251.25,253.39999389648438,224.62135314941406,880066
2015-06-11,254.8000030517578,257.5,250.8000030517578,251.39999389648438,222.84849548339844,856895
2015-06-12,252.1999969482422,253.75,250.0,252.0,223.38035583496094,516031
2015-06-15,253.4499969482422,258.54998779296875,251.85000610351562,256.29998779296875,227.19198608398438,543540
2015-06-16,256.0,257.8999938964844,252.85000610351562,256.54998779296875,227.41357421875,507671
2015-06-17,257.04998779296875,275.95001220703125,257.0,265.45001220703125,235.3028564453125,3092463
2015-06-18,266.04998779296875,268.5,263.25,267.70001220703125,237.29734802246094,1735985
2015-06-19,268.1499938964844,272.20001220703125,266.75,269.29998779296875,238.7156219482422,1046888
2015-06-22,271.0,273.6000061035156,269.3500061035156,270.20001220703125,239.5133819580078,901263
2015-06-23,271.0,272.1000061035156,268.6499938964844,269.75,239.11448669433594,380642
2015-06-24,269.70001220703125,275.54998779296875,268.29998779296875,273.5,242.4385986328125,1726985
2015-06-25,274.0,280.75,273.29998779296875,276.75,245.3194580078125,2277126
2015-06-26,276.75,279.20001220703125,272.0,275.70001220703125,244.38877868652344,1399841
2015-06-29,273.29998779296875,278.29998779296875,268.5,275.8999938964844,245.2331085205078,1527665
2015-06-30,278.29998779296875,281.54998779296875,275.1000061035156,280.1000061035156,248.96629333496094,2917308
2015-07-01,281.70001220703125,284.3999938964844,281.5,282.5,251.0995330810547,1617534
2015-07-02,283.04998779296875,283.1499938964844,277.1499938964844,278.25,247.32196044921875,1481635
2015-07-03,279.6499938964844,287.3999938964844,278.6499938964844,285.54998779296875,253.81053161621094,1458887
2015-07-06,282.8999938964844,288.3500061035156,260.0,286.3999938964844,254.56607055664062,704734
2015-07-07,287.0,291.45001220703125,286.0,288.3999938964844,256.3437194824219,761051
2015-07-08,287.0,292.79998779296875,284.5,286.6000061035156,254.7438201904297,970113
2015-07-09,286.6000061035156,291.45001220703125,283.6499938964844,287.1000061035156,255.1881561279297,885522
2015-07-10,285.45001220703125,286.45001220703125,281.1000061035156,282.25,250.8773956298828,1096786
2015-07-13,281.6000061035156,287.1499938964844,280.6499938964844,286.45001220703125,254.6105194091797,724763
2015-07-14,288.1000061035156,297.1000061035156,288.0,296.1499938964844,263.2322998046875,1508597
2015-07-15,299.45001220703125,299.5,291.0,292.20001220703125,259.7214050292969,736368
2015-07-16,292.8500061035156,294.6000061035156,289.3999938964844,291.20001220703125,258.83258056640625,661066
2015-07-17,292.45001220703125,294.29998779296875,289.54998779296875,292.04998779296875,259.5880126953125,545409
2015-07-20,293.3999938964844,300.0,291.5,299.20001220703125,265.9432678222656,893701
2015-07-21,300.0,304.5,299.0,302.25,268.65435791015625,1376048
2015-07-22,299.8999938964844,301.0,295.3500061035156,298.6000061035156,265.4100036621094,785059
2015-07-23,300.8999938964844,303.70001220703125,296.3999938964844,298.45001220703125,265.2767028808594,431071
2015-07-24,299.79998779296875,302.29998779296875,296.0,296.54998779296875,263.58782958984375,452880
2015-07-27,295.0,300.29998779296875,293.45001220703125,296.3500061035156,263.41009521484375,889816
2015-07-28,296.6000061035156,301.3999938964844,292.6000061035156,294.45001220703125,261.7213134765625,985921
2015-07-29,296.75,301.1000061035156,289.20001220703125,290.6000061035156,258.29925537109375,2824890
2015-07-30,294.70001220703125,295.8999938964844,291.20001220703125,292.20001220703125,259.7214050292969,1446644
2015-07-31,292.8500061035156,295.45001220703125,289.6000061035156,293.29998779296875,260.6990661621094,988467
2015-08-03,294.95001220703125,294.95001220703125,288.5,290.8999938964844,258.56585693359375,1001944
2015-08-04,291.6000061035156,294.25,290.29998779296875,292.20001220703125,259.7214050292969,1208518
2015-08-05,294.5,308.8500061035156,292.8999938964844,306.6499938964844,272.56524658203125,1556315
2015-08-06,309.3999938964844,316.3999938964844,306.1000061035156,308.8500061035156,274.52069091796875,1922508
2015-08-07,307.79998779296875,312.79998779296875,302.79998779296875,309.1000061035156,274.7428894042969,836126
2015-08-10,310.79998779296875,313.8999938964844,304.5,305.3500061035156,271.40972900390625,446877
2015-08-11,307.75,307.75,299.5,299.8999938964844,266.5655822753906,813838
2015-08-12,300.0,302.70001220703125,295.5,298.3999938964844,265.23223876953125,924412
2015-08-13,299.0,301.25,290.5,292.0,259.5435791015625,1239094
2015-08-14,293.79998779296875,297.8999938964844,291.0,294.70001220703125,261.9434814453125,380032
2015-08-17,297.3999938964844,304.5,293.5,302.8999938964844,269.2320251464844,806063
2015-08-18,307.45001220703125,308.8999938964844,301.45001220703125,303.1000061035156,269.4098815917969,699944
2015-08-19,303.0,306.95001220703125,296.70001220703125,297.45001220703125,264.3878173828125,1308815
2015-08-20,299.8999938964844,304.20001220703125,295.04998779296875,297.6499938964844,264.5656433105469,742592
2015-08-21,295.0,301.20001220703125,293.45001220703125,298.6499938964844,265.45440673828125,1240658
2015-08-24,290.0,293.6000061035156,269.54998779296875,273.45001220703125,243.05548095703125,2071080
2015-08-25,278.3999938964844,281.20001220703125,256.70001220703125,273.3999938964844,243.01101684570312,3664616
2015-08-26,273.5,280.0,272.1000061035156,275.04998779296875,244.4776153564453,2052224
2015-08-27,281.3999938964844,287.75,278.5,284.5,252.87728881835938,2427487
2015-08-28,285.0,287.95001220703125,276.0,280.29998779296875,249.1440887451172,2725408
2015-08-31,280.5,282.70001220703125,271.20001220703125,273.04998779296875,242.69996643066406,1898280
2015-09-01,273.5,275.6499938964844,268.25,270.1000061035156,240.07781982421875,2407723
2015-09-02,272.8999938964844,284.04998779296875,272.3999938964844,280.1499938964844,249.01071166992188,2279831
2015-09-03,284.0,285.8999938964844,278.3500061035156,285.1000061035156,253.41058349609375,1573375
2015-09-04,281.20001220703125,289.25,280.04998779296875,286.25,254.4326934814453,2082650
2015-09-07,285.0,286.5,276.0,277.0,246.21084594726562,1669030
2015-09-08,276.54998779296875,280.0,272.1000061035156,274.5,243.98875427246094,1201253
2015-09-09,275.70001220703125,278.8500061035156,273.6000061035156,275.20001220703125,244.61093139648438,1113157
2015-09-10,273.0,281.45001220703125,268.75,279.8999938964844,248.78854370117188,1373008
2015-09-11,283.0,284.29998779296875,280.5,281.79998779296875,250.47727966308594,690493
2015-09-14,283.0,284.04998779296875,280.1499938964844,281.70001220703125,250.38848876953125,419284
2015-09-15,280.8500061035156,285.0,280.25,282.29998779296875,250.92173767089844,553832
2015-09-16,284.0,284.95001220703125,272.5,273.8999938964844,243.4555206298828,2462779
2015-09-18,275.45001220703125,278.5,269.6499938964844,275.25,244.6553955078125,3991475
2015-09-21,276.0,280.3500061035156,273.6000061035156,279.04998779296875,248.03309631347656,2478500
2015-09-22,280.1000061035156,280.95001220703125,273.6000061035156,277.95001220703125,247.05520629882812,2699724
2015-09-23,273.04998779296875,278.3500061035156,273.04998779296875,275.8500061035156,245.1886749267578,1033941
2015-09-24,276.5,277.04998779296875,273.3999938964844,274.8500061035156,244.29981994628906,2438025
2015-09-28,276.70001220703125,276.70001220703125,273.25,274.54998779296875,244.0331573486328,682398
2015-09-29,273.6000061035156,275.25,271.95001220703125,274.75,244.2109832763672,1076987
2015-09-30,278.0,278.0,274.79998779296875,276.0,245.32203674316406,2843891
2015-10-01,277.5,279.70001220703125,275.25,278.70001220703125,247.721923828125,1383806
2015-10-05,281.45001220703125,286.75,274.6499938964844,275.1000061035156,244.52212524414062,2503267
2015-10-06,276.5,278.79998779296875,275.0,276.8999938964844,246.12200927734375,2333198
2015-10-07,277.29998779296875,282.29998779296875,274.1000061035156,279.6000061035156,248.5218505859375,2288521
2015-10-08,280.0,280.0,275.79998779296875,277.79998779296875,246.92193603515625,700744
2015-10-09,278.20001220703125,281.6000061035156,277.20001220703125,279.8500061035156,248.7440948486328,1003106
2015-10-12,280.1000061035156,283.6000061035156,278.1000061035156,279.0,247.9886016845703,886526
2015-10-13,279.70001220703125,279.70001220703125,270.5,271.0,240.87774658203125,2078106
2015-10-14,271.75,274.20001220703125,270.8500061035156,272.79998779296875,242.47775268554688,602902
2015-10-15,273.0,274.54998779296875,271.0,271.79998779296875,241.58885192871094,623919
2015-10-16,272.0,273.1000061035156,271.1000061035156,272.6499938964844,242.34437561035156,450580
2015-10-19,275.0,275.29998779296875,271.54998779296875,272.45001220703125,242.1666259765625,652060
2015-10-20,273.0,273.0,269.6499938964844,271.04998779296875,240.92221069335938,805956
2015-10-21,271.8500061035156,271.8500061035156,268.79998779296875,270.25,240.211181640625,648268
2015-10-23,271.29998779296875,272.70001220703125,262.0,262.8999938964844,233.67813110351562,1925488
2015-10-26,264.0,269.0,264.0,266.70001220703125,237.0557403564453,990157
2015-10-27,266.8999938964844,271.29998779296875,265.1000061035156,271.0,240.87774658203125,2279056
2015-10-28,272.70001220703125,273.29998779296875,268.75,271.95001220703125,241.7222137451172,3333211
2015-10-29,273.29998779296875,274.70001220703125,271.0,272.45001220703125,242.1666259765625,1596428
2015-10-30,272.5,273.3500061035156,268.3500061035156,269.75,239.76673889160156,1920432
2015-11-02,269.75,271.20001220703125,265.1499938964844,270.8500061035156,240.74453735351562,1524569
2015-11-03,272.6499938964844,272.6499938964844,269.0,270.20001220703125,240.16671752929688,657613
2015-11-04,270.0,271.1000061035156,268.1000061035156,270.04998779296875,240.0334014892578,707656
2015-11-05,269.6000061035156,270.8500061035156,264.29998779296875,266.25,237.7563018798828,2012396
2015-11-06,263.54998779296875,268.45001220703125,263.54998779296875,267.6499938964844,239.00648498535156,894416
2015-11-09,260.04998779296875,269.25,260.04998779296875,266.6499938964844,238.11349487304688,2257719
2015-11-10,267.75,267.75,262.5,264.6499938964844,236.3275146484375,756444
2015-11-13,266.6000061035156,268.54998779296875,262.5,267.54998779296875,238.91714477539062,1156537
2015-11-16,267.95001220703125,268.0,260.1000061035156,260.8999938964844,232.97886657714844,2004956
2015-11-17,261.6499938964844,266.0,260.6499938964844,264.04998779296875,235.79173278808594,2120115
2015-11-18,264.3500061035156,270.0,264.20001220703125,269.04998779296875,240.25660705566406,978997
2015-11-19,270.20001220703125,274.5,270.20001220703125,274.0,244.6768798828125,1217423
2015-11-20,275.0,278.0,274.3500061035156,275.8999938964844,246.37350463867188,1678426
2015-11-23,274.25,278.8999938964844,273.54998779296875,274.79998779296875,245.39122009277344,646537
2015-11-24,274.95001220703125,277.95001220703125,274.04998779296875,275.20001220703125,245.74842834472656,568036
2015-11-26,275.8999938964844,280.75,274.8999938964844,279.79998779296875,249.85614013671875,646172
2015-11-27,281.0,281.3500061035156,274.8999938964844,275.70001220703125,246.19491577148438,811983
2015-11-30,276.29998779296875,277.45001220703125,271.6000061035156,272.54998779296875,243.38209533691406,2118028
2015-12-01,275.04998779296875,279.6499938964844,274.1499938964844,278.5,248.69532775878906,872615
2015-12-02,279.8999938964844,284.5,276.95001220703125,283.8999938964844,253.51736450195312,800977
2015-12-03,283.75,283.8500061035156,276.20001220703125,276.8500061035156,247.22186279296875,884186
2015-12-04,269.8500061035156,273.29998779296875,268.25,271.70001220703125,242.62307739257812,1506058
2015-12-07,273.95001220703125,278.8500061035156,271.0,276.25,246.68612670898438,855569
2015-12-08,275.29998779296875,278.5,272.04998779296875,275.1000061035156,245.65921020507812,1208271
2015-12-09,274.79998779296875,275.79998779296875,268.79998779296875,269.8999938964844,241.01565551757812,992370
2015-12-10,272.20001220703125,272.79998779296875,266.04998779296875,269.45001220703125,240.61383056640625,1073991
2015-12-11,271.5,271.5,266.5,268.0,239.3189697265625,839877
2015-12-14,265.0,267.95001220703125,261.8999938964844,265.8999938964844,237.4437713623047,1235627
2015-12-15,265.75,273.3999938964844,265.29998779296875,272.54998779296875,243.38209533691406,616027
2015-12-16,273.3500061035156,273.3500061035156,265.5,269.70001220703125,240.83705139160156,1058453
2015-12-17,271.0,276.0,267.75,275.5,246.01632690429688,889839
2015-12-18,275.0,278.3999938964844,272.75,274.0,244.6768798828125,1234650
2015-12-21,275.5,279.0,272.5,277.45001220703125,247.7576904296875,965806
2015-12-22,278.5,279.25,275.29998779296875,278.1000061035156,248.3382110595703,717391
2015-12-23,278.8999938964844,280.0,276.20001220703125,279.45001220703125,249.54364013671875,761905
2015-12-24,279.0,279.0,275.5,276.70001220703125,247.08795166015625,263389
2015-12-28,277.79998779296875,278.5,275.70001220703125,277.20001220703125,247.5344696044922,608324
2015-12-29,277.8999938964844,278.3999938964844,276.5,277.29998779296875,247.62376403808594,275161
2015-12-30,276.0,277.6000061035156,274.1000061035156,275.0,245.56988525390625,367883
2015-12-31,273.29998779296875,277.5,273.29998779296875,276.95001220703125,247.31118774414062,717614
2016-01-01,276.45001220703125,278.8999938964844,275.75,276.3999938964844,246.82003784179688,124367
2016-01-04,276.25,281.0,275.5,276.8999938964844,247.2665557861328,554107
2016-01-05,276.8999938964844,279.5,273.8999938964844,275.95001220703125,246.41822814941406,629235
2016-01-06,276.29998779296875,280.8999938964844,274.29998779296875,275.8999938964844,246.37350463867188,750275
2016-01-07,275.0,275.0,265.95001220703125,267.70001220703125,239.0511016845703,910959
2016-01-08,268.75,271.8999938964844,268.0,269.04998779296875,240.25660705566406,579211
2016-01-11,267.0,267.54998779296875,261.6499938964844,263.1000061035156,234.9434051513672,1259036
2016-01-12,264.0,264.0,253.1999969482422,254.89999389648438,227.62094116210938,1520863
2016-01-13,255.85000610351562,257.8999938964844,249.0,256.8500061035156,229.36227416992188,1266564
2016-01-14,255.8000030517578,261.79998779296875,252.1999969482422,259.79998779296875,231.99656677246094,1136944
2016-01-15,258.6000061035156,261.29998779296875,249.5,250.3000030517578,223.51324462890625,390418
2016-01-18,249.5,252.0,245.0,247.3000030517578,220.8343048095703,813644
2016-01-19,247.3000030517578,254.0,246.5,249.5500030517578,222.84353637695312,852044
2016-01-20,248.0,251.89999389648438,247.39999389648438,249.25,222.57559204101562,948030
2016-01-21,249.5,251.5,238.9499969482422,240.39999389648438,214.67271423339844,1598807
2016-01-22,241.3000030517578,245.10000610351562,239.0,240.9499969482422,215.16384887695312,1104880
2016-01-25,242.0,242.4499969482422,236.35000610351562,237.25,211.85983276367188,1288751
2016-01-27,236.0,237.6999969482422,231.5,236.85000610351562,211.50262451171875,2994537
2016-01-28,236.0,245.0,236.0,243.5,217.44093322753906,2276163
2016-01-29,245.8000030517578,252.64999389648438,243.14999389648438,250.64999389648438,223.82574462890625,1975624
2016-02-01,250.89999389648438,252.5,248.0500030517578,251.0500030517578,224.18295288085938,1161891
2016-02-02,250.9499969482422,252.39999389648438,239.5,241.14999389648438,215.3424530029297,1141536
2016-02-03,240.35000610351562,247.75,238.4499969482422,243.4499969482422,217.3962860107422,1841938
2016-02-04,245.5,248.39999389648438,244.89999389648438,247.25,220.7896270751953,933205
2016-02-05,246.1999969482422,252.0,246.10000610351562,251.3000030517578,224.4062042236328,570371
2016-02-08,250.1999969482422,253.25,249.35000610351562,250.9499969482422,224.0937042236328,1355234
2016-02-09,250.0,251.4499969482422,247.6999969482422,249.25,222.57559204101562,562650
2016-02-10,249.0,249.5,240.60000610351562,242.89999389648438,216.90521240234375,2019507
2016-02-11,243.5,245.89999389648438,237.0,239.14999389648438,213.55650329589844,814826
2016-02-12,241.3000030517578,249.35000610351562,238.0,247.8000030517578,221.28077697753906,1768414
2016-02-15,247.8000030517578,251.6999969482422,241.10000610351562,248.89999389648438,222.26304626464844,587206
2016-02-16,247.14999389648438,252.39999389648438,242.0500030517578,245.10000610351562,218.8697509765625,903440
2016-02-17,243.35000610351562,243.89999389648438,239.0,241.4499969482422,215.6103515625,708900
2016-02-18,243.89999389648438,245.4499969482422,242.1999969482422,243.75,217.66419982910156,625392
2016-02-19,243.9499969482422,245.1999969482422,240.8000030517578,244.39999389648438,218.2446746826172,641453
2016-02-22,244.39999389648438,249.6999969482422,243.0500030517578,248.60000610351562,221.9951629638672,704507
2016-02-23,250.0,250.89999389648438,237.10000610351562,238.89999389648438,213.33326721191406,938836
2016-02-24,239.9499969482422,240.8000030517578,234.25,236.35000610351562,211.05612182617188,793064
2016-02-25,237.4499969482422,241.6999969482422,233.5,238.60000610351562,213.06536865234375,1273986
2016-02-26,241.14999389648438,242.6999969482422,238.0,241.3000030517578,215.47640991210938,649723
2016-02-29,242.8000030517578,242.8000030517578,235.0,237.14999389648438,211.77053833007812,1241678
2016-03-01,237.14999389648438,243.39999389648438,237.0,241.9499969482422,216.05682373046875,1854784
2016-03-02,243.0,246.8000030517578,242.10000610351562,243.5500030517578,217.48561096191406,2676742
2016-03-03,244.75,246.64999389648438,241.10000610351562,245.10000610351562,218.8697509765625,2382139
2016-03-04,242.5500030517578,253.0,242.5500030517578,249.5500030517578,222.84353637695312,863628
2016-03-08,248.0,251.3000030517578,245.9499969482422,248.60000610351562,221.9951629638672,814441
2016-03-09,246.8000030517578,247.0,241.39999389648438,245.85000610351562,219.5394744873047,1948003
2016-03-10,246.0,247.89999389648438,244.10000610351562,245.9499969482422,219.6287841796875,823429
2016-03-11,246.0,251.0,244.10000610351562,249.85000610351562,223.1114501953125,781595
2016-03-14,252.3000030517578,254.5,249.5,251.0500030517578,224.18295288085938,1255475
2016-03-15,253.6999969482422,253.6999969482422,245.85000610351562,247.39999389648438,220.92356872558594,1913003
2016-03-16,245.8000030517578,249.8000030517578,244.14999389648438,247.25,220.7896270751953,2569912
2016-03-17,247.8000030517578,250.0,246.3000030517578,247.9499969482422,221.4147186279297,1021608
2016-03-18,249.0,250.89999389648438,245.60000610351562,249.60000610351562,222.88815307617188,1033786
2016-03-21,251.0,253.89999389648438,250.0,253.10000610351562,226.01361083984375,612911
2016-03-22,252.1999969482422,255.8000030517578,247.64999389648438,249.64999389648438,222.9327850341797,1496853
2016-03-23,247.1999969482422,250.5500030517578,247.1999969482422,248.9499969482422,222.30770874023438,519794
2016-03-28,249.9499969482422,249.9499969482422,242.0,243.5500030517578,217.48561096191406,1264277
2016-03-29,243.5500030517578,245.8000030517578,242.75,245.10000610351562,218.8697509765625,614581
2016-03-30,245.85000610351562,249.5500030517578,245.8000030517578,246.75,220.3431396484375,2079588
2016-03-31,247.0500030517578,251.8000030517578,246.39999389648438,249.89999389648438,223.1560516357422,2028211
2016-04-01,248.0500030517578,251.35000610351562,247.3000030517578,250.5,223.6918182373047,682598
2016-04-04,250.5,252.75,247.5,249.5500030517578,222.84353637695312,343178
2016-04-05,249.0,250.0500030517578,244.9499969482422,246.0,219.67337036132812,628025
2016-04-06,245.60000610351562,248.5,245.10000610351562,247.8000030517578,221.28077697753906,1394691
2016-04-07,248.0,249.39999389648438,246.0,247.6999969482422,221.19146728515625,847869
2016-04-08,247.5500030517578,251.89999389648438,246.4499969482422,250.0500030517578,223.29000854492188,652307
2016-04-11,250.0,254.39999389648438,248.14999389648438,253.39999389648438,226.28147888183594,468793
2016-04-12,254.85000610351562,263.6000061035156,254.75,262.79998779296875,234.67552185058594,1150416
2016-04-13,265.0,268.70001220703125,262.6499938964844,267.54998779296875,238.91714477539062,1458830
2016-04-18,267.95001220703125,275.0,267.75,273.6499938964844,244.3643341064453,1500549
2016-04-20,272.3999938964844,273.0,264.79998779296875,267.25,238.64927673339844,815581
2016-04-21,268.0,269.20001220703125,262.79998779296875,267.20001220703125,238.6046600341797,737895
2016-04-22,267.6000061035156,274.79998779296875,263.70001220703125,264.8999938964844,236.55072021484375,1363045
2016-04-25,266.54998779296875,269.25,262.54998779296875,266.79998779296875,238.24745178222656,970885
2016-04-26,266.79998779296875,269.04998779296875,264.45001220703125,266.54998779296875,238.02420043945312,734065
2016-04-27,266.0,274.5,264.25,272.5,243.33743286132812,1220728
2016-04-28,275.0,275.0,262.79998779296875,269.6499938964844,240.7924346923828,4787975
2016-04-29,273.04998779296875,279.3999938964844,271.1499938964844,275.79998779296875,246.28424072265625,3459534
2016-05-02,275.5,299.95001220703125,274.3999938964844,296.1499938964844,264.4563903808594,4131650
2016-05-03,296.1499938964844,296.6000061035156,287.20001220703125,290.3999938964844,259.3218078613281,1696503
2016-05-04,288.04998779296875,289.8999938964844,279.45001220703125,281.25,251.15103149414062,1793703
2016-05-05,283.54998779296875,289.0,280.1000061035156,282.6000061035156,252.35650634765625,1146631
2016-05-06,283.0,293.0,283.0,290.20001220703125,259.1431884765625,2197171
2016-05-09,291.3999938964844,295.0,285.8999938964844,287.75,256.955322265625,1338639
2016-05-10,288.1000061035156,292.5,288.1000061035156,290.1499938964844,259.0986022949219,1651270
2016-05-11,290.0,293.70001220703125,287.1000061035156,293.1000061035156,261.73291015625,1119130
2016-05-12,293.54998779296875,295.3999938964844,289.25,291.3999938964844,260.21478271484375,836974
2016-05-13,289.5,293.70001220703125,283.70001220703125,289.5,258.51806640625,1261256
2016-05-16,289.0,289.8500061035156,282.6000061035156,284.95001220703125,254.4550323486328,947331
2016-05-17,285.8999938964844,286.8999938964844,280.3500061035156,281.20001220703125,251.10633850097656,1094466
2016-05-18,278.20001220703125,287.5,278.20001220703125,286.3500061035156,255.70523071289062,873557
2016-05-19,288.79998779296875,290.25,279.79998779296875,281.54998779296875,251.4188690185547,1332297
2016-05-20,282.95001220703125,285.1000061035156,276.20001220703125,277.1000061035156,247.44512939453125,926117
2016-05-23,279.8500061035156,286.29998779296875,275.5,285.6000061035156,255.03549194335938,1445721
2016-05-24,287.29998779296875,289.79998779296875,281.04998779296875,283.1000061035156,252.80308532714844,1028754
2016-05-25,284.3500061035156,289.45001220703125,282.75,288.70001220703125,257.8037414550781,724723
2016-05-26,289.54998779296875,295.0,289.5,294.3999938964844,262.89361572265625,1385045
2016-05-27,295.70001220703125,300.8999938964844,292.5,295.79998779296875,264.1438903808594,1332795
2016-05-30,295.54998779296875,299.8999938964844,292.0,298.29998779296875,266.3763427734375,794145
2016-05-31,298.0,298.0,288.25,289.70001220703125,258.69671630859375,2638695
2016-06-01,289.8999938964844,293.0,288.54998779296875,290.1000061035156,259.0539245605469,887968
2016-06-02,290.0,300.0,289.04998779296875,299.29998779296875,267.269287109375,1923473
2016-06-03,300.0,306.8500061035156,297.79998779296875,305.8999938964844,273.1629943847656,2262884
2016-06-06,307.0,311.8999938964844,302.1499938964844,303.25,270.79656982421875,2192877
2016-06-07,305.3999938964844,309.0,303.20001220703125,307.6000061035156,274.68109130859375,1058429
2016-06-08,307.8999938964844,309.8999938964844,305.6000061035156,307.6499938964844,274.7257385253906,671346
2016-06-09,307.6499938964844,309.0,302.25,303.3500061035156,270.8858642578125,558781
2016-06-10,305.0,305.95001220703125,300.3999938964844,301.54998779296875,269.2785339355469,1645203
2016-06-13,298.0,305.0,297.1499938964844,303.45001220703125,270.9752197265625,1650657
2016-06-14,303.0,308.3999938964844,302.45001220703125,307.8999938964844,274.94891357421875,1015292
2016-06-15,308.0,313.20001220703125,307.25,312.25,278.8335266113281,1098536
2016-06-16,312.20001220703125,315.25,311.0,314.1000061035156,280.4855041503906,829794
2016-06-17,315.20001220703125,316.70001220703125,311.75,315.1499938964844,281.4230041503906,1060702
2016-06-20,313.54998779296875,316.0,311.79998779296875,313.25,279.7264404296875,1061429
2016-06-21,312.8999938964844,314.45001220703125,307.8999938964844,309.79998779296875,276.6456298828125,1068768
2016-06-22,309.04998779296875,313.75,308.6000061035156,309.79998779296875,276.6456298828125,685077
2016-06-23,309.0,310.79998779296875,304.95001220703125,306.70001220703125,273.8773498535156,1101184
2016-06-24,303.54998779296875,312.20001220703125,298.04998779296875,310.8500061035156,277.583251953125,1123598
2016-06-27,312.0,319.5,311.0,318.8999938964844,284.77178955078125,1204741
2016-06-28,319.79998779296875,320.0,311.79998779296875,313.0,279.5032043457031,1685023
2016-06-29,312.8999938964844,316.20001220703125,301.45001220703125,304.3999938964844,272.6947326660156,3337475
2016-06-30,308.0,310.25,304.6000061035156,308.6499938964844,276.5021057128906,1919520
2016-07-01,308.6499938964844,314.0,308.6499938964844,310.79998779296875,278.42816162109375,1160042
2016-07-04,310.79998779296875,312.20001220703125,306.1000061035156,307.95001220703125,275.8750305175781,901043
2016-07-05,309.0,311.0,307.20001220703125,308.0,275.9197692871094,676083
2016-07-07,308.0,315.45001220703125,307.54998779296875,314.6000061035156,281.8323669433594,2030792
2016-07-08,316.3500061035156,316.3500061035156,312.1499938964844,312.79998779296875,280.21978759765625,1339030
2016-07-11,313.1499938964844,317.75,313.1499938964844,315.1000061035156,282.2803039550781,1281791
2016-07-12,315.25,316.3999938964844,310.3999938964844,313.8999938964844,281.20526123046875,777966
2016-07-13,314.20001220703125,318.5,313.1499938964844,317.20001220703125,284.1615905761719,1953564
2016-07-14,319.8500061035156,320.0,312.5,313.75,281.0709228515625,1073681
2016-07-15,313.04998779296875,319.95001220703125,310.8999938964844,312.0,279.503173828125,754491
2016-07-18,313.25,316.0,311.25,313.75,281.0709228515625,535607
2016-07-19,315.0,316.0,303.3999938964844,310.75,278.3833923339844,1630541
2016-07-20,309.95001220703125,311.5,302.04998779296875,304.0,272.33642578125,1739069
2016-07-21,306.95001220703125,307.45001220703125,300.70001220703125,305.1000061035156,273.32177734375,882019
2016-07-22,303.20001220703125,308.8500061035156,302.8999938964844,307.6000061035156,275.5614318847656,1330341
2016-07-25,307.70001220703125,310.75,304.5,306.8500061035156,274.88958740234375,1147060
2016-07-26,307.0,307.54998779296875,302.5,303.0,271.4405212402344,679290
2016-07-27,303.95001220703125,310.5,296.1499938964844,307.6499938964844,275.6062316894531,4599198
2016-07-28,305.6000061035156,309.8999938964844,303.20001220703125,307.6000061035156,275.5614318847656,3387847
2016-07-29,307.95001220703125,307.95001220703125,303.04998779296875,303.6000061035156,271.9780578613281,1342080
2016-08-01,304.5,305.8999938964844,300.6000061035156,302.0,270.5447082519531,969976
2016-08-02,302.5,305.0,300.0,301.1000061035156,269.7384033203125,1068103
2016-08-03,302.1000061035156,303.1000061035156,296.1000061035156,296.95001220703125,266.0207214355469,756779
2016-08-04,299.0,300.3500061035156,292.75,295.6499938964844,264.8560791015625,955705
2016-08-05,296.5,298.0,294.1000061035156,295.75,264.9456787109375,772772
2016-08-08,296.0,296.8500061035156,291.45001220703125,292.5,262.0342102050781,1178796
2016-08-09,292.6000061035156,293.8999938964844,288.0,289.25,259.1226806640625,1711858
2016-08-10,290.0,293.8999938964844,285.0,286.04998779296875,256.2560119628906,1470743
2016-08-11,286.70001220703125,295.8500061035156,282.04998779296875,294.54998779296875,263.87066650390625,2372031
2016-08-12,296.95001220703125,297.8999938964844,293.75,295.79998779296875,264.9905090332031,1579108
2016-08-16,298.8999938964844,301.70001220703125,292.79998779296875,298.75,267.6332092285156,5568173
2016-08-17,299.79998779296875,303.95001220703125,298.6499938964844,303.45001220703125,271.84368896484375,1295400
2016-08-18,303.0,305.95001220703125,301.54998779296875,302.20001220703125,270.7239685058594,1705797
2016-08-19,302.79998779296875,304.95001220703125,299.0,299.75,268.5290832519531,2111128
2016-08-22,300.0,302.70001220703125,294.29998779296875,295.75,264.9456787109375,1341084
2016-08-23,295.75,296.04998779296875,289.70001220703125,290.79998779296875,260.5112609863281,1952280
2016-08-24,291.0,294.6000061035156,290.0,293.8999938964844,263.2883605957031,753677
2016-08-25,294.5,295.5,291.1000061035156,292.54998779296875,262.0790100097656,2767571
2016-08-26,292.95001220703125,293.95001220703125,287.1000061035156,288.45001220703125,258.4059753417969,1321190
2016-08-29,288.5,288.95001220703125,285.8500061035156,288.1499938964844,258.1372985839844,1092494
2016-08-30,288.0,294.8999938964844,288.0,293.79998779296875,263.1987609863281,1031991
2016-08-31,293.0,297.5,288.75,290.6000061035156,260.3321228027344,1994781
2016-09-01,290.6000061035156,294.79998779296875,290.6000061035156,293.75,263.1540222167969,688683
2016-09-02,293.8999938964844,297.45001220703125,290.6000061035156,297.0,266.0655517578125,1474040
2016-09-06,297.5,300.45001220703125,296.79998779296875,299.6499938964844,268.439453125,886657
2016-09-07,298.0,301.0,296.5,297.1499938964844,266.1999206542969,990152
2016-09-08,297.04998779296875,299.5,295.0,298.8500061035156,267.72283935546875,844056
2016-09-09,298.0,299.0,292.0,292.79998779296875,262.3028869628906,730794
2016-09-12,290.0,292.0,285.0,290.5,260.2425231933594,1241032
2016-09-14,290.25,294.95001220703125,290.25,293.25,262.7061462402344,1552329
2016-09-15,293.6499938964844,295.5,290.04998779296875,293.8999938964844,263.2883605957031,879097
2016-09-16,294.95001220703125,297.5,291.6000061035156,292.79998779296875,262.3028869628906,787652
2016-09-19,293.70001220703125,295.5,291.5,294.3999938964844,263.7362060546875,554995
2016-09-20,294.1499938964844,294.6499938964844,290.6499938964844,291.25,260.9144592285156,829871
2016-09-21,292.79998779296875,292.79998779296875,288.5,289.6499938964844,259.48101806640625,754702
2016-09-22,291.5,292.3500061035156,284.5,285.3500061035156,255.62893676757812,1749893
2016-09-23,283.29998779296875,285.3999938964844,281.5,282.25,252.85186767578125,1229928
2016-09-26,281.0,283.6000061035156,280.1000061035156,281.6499938964844,252.3143310546875,670064
2016-09-27,281.75,283.79998779296875,279.20001220703125,282.20001220703125,252.80703735351562,514394
2016-09-28,282.6000061035156,284.54998779296875,276.25,277.29998779296875,248.4174041748047,1505510
2016-09-29,279.8999938964844,279.8999938964844,269.29998779296875,270.6000061035156,242.4152374267578,1464634
2016-09-30,269.54998779296875,272.0,266.3999938964844,271.20001220703125,242.9527130126953,2636152
2016-10-03,272.1000061035156,278.70001220703125,271.20001220703125,276.5,247.7007293701172,3794016
2016-10-04,279.3999938964844,281.1499938964844,278.0,280.04998779296875,250.88095092773438,1676565
2016-10-05,280.6000061035156,283.8999938964844,279.20001220703125,283.04998779296875,253.56854248046875,4777111
2016-10-06,284.29998779296875,288.29998779296875,284.0,286.54998779296875,256.7039489746094,2764487
2016-10-07,286.54998779296875,286.54998779296875,283.54998779296875,284.6499938964844,255.00181579589844,1622298
2016-10-10,285.04998779296875,287.3999938964844,284.75,286.3500061035156,256.5247802734375,609807
2016-10-13,286.0,286.3999938964844,282.8500061035156,283.70001220703125,254.1508331298828,1855177
2016-10-14,283.79998779296875,285.0,279.25,279.8999938964844,250.74659729003906,1110150
2016-10-17,279.0,280.45001220703125,271.0,271.8999938964844,243.57984924316406,1415928
2016-10-18,271.1499938964844,276.3999938964844,271.1499938964844,275.0,246.35696411132812,1155764
2016-10-19,275.04998779296875,280.3500061035156,275.04998779296875,277.20001220703125,248.32786560058594,864550
2016-10-20,277.6000061035156,282.95001220703125,276.8500061035156,281.0,251.7320098876953,1067395
2016-10-21,281.3999938964844,285.79998779296875,280.25,285.1499938964844,255.44972229003906,1128598
2016-10-24,285.5,285.79998779296875,282.1499938964844,284.04998779296875,254.4643096923828,430543
2016-10-25,283.8500061035156,285.8999938964844,282.54998779296875,285.1000061035156,255.40501403808594,617238
2016-10-26,285.5,300.5,280.0,296.70001220703125,265.79681396484375,8561547
2016-10-27,294.0,294.5,289.0,290.5,260.2425231933594,6347929
2016-10-28,289.8999938964844,292.6000061035156,287.45001220703125,291.54998779296875,261.1831970214844,2385836
2016-11-01,292.0,294.0,290.6000061035156,291.25,260.9144592285156,3185803
2016-11-02,292.5,298.79998779296875,288.3500061035156,294.95001220703125,264.2290344238281,2247140
2016-11-03,295.0,298.5,290.70001220703125,293.1499938964844,263.7342224121094,2018310
2016-11-04,293.6499938964844,301.20001220703125,292.8999938964844,298.5,268.5473937988281,2166149
2016-11-07,300.6000061035156,303.0,296.04998779296875,297.20001220703125,267.3778991699219,2768060
2016-11-08,299.6000061035156,299.79998779296875,296.0,297.75,267.8726501464844,1398512
2016-11-09,285.0,299.3999938964844,272.45001220703125,298.45001220703125,268.50244140625,2575414
2016-11-10,300.0,305.0,296.3999938964844,297.5,267.6477355957031,1356394
2016-11-11,296.0,296.95001220703125,277.5,280.45001220703125,252.30859375,1628731
2016-11-15,283.3999938964844,283.45001220703125,269.5,270.75,243.58192443847656,2138839
2016-11-16,272.29998779296875,280.20001220703125,272.29998779296875,275.04998779296875,247.45040893554688,1380725
2016-11-17,275.04998779296875,280.3999938964844,275.04998779296875,276.5,248.7549591064453,927865
2016-11-18,276.5,280.1499938964844,274.3999938964844,278.45001220703125,250.50930786132812,731690
2016-11-21,278.45001220703125,280.6499938964844,274.54998779296875,276.04998779296875,248.35012817382812,831994
2016-11-22,277.29998779296875,280.0,274.25,275.95001220703125,248.26014709472656,935629
2016-11-23,278.3999938964844,284.45001220703125,275.1499938964844,281.5,253.25326538085938,1358410
2016-11-24,281.8999938964844,281.8999938964844,275.1000061035156,276.25,248.53004455566406,1863802
2016-11-25,278.95001220703125,278.95001220703125,274.79998779296875,275.3999938964844,247.7653045654297,329605
2016-11-28,275.0,279.29998779296875,274.75,277.8999938964844,250.014404296875,622317
2016-11-29,277.8500061035156,279.8999938964844,275.70001220703125,277.95001220703125,250.05934143066406,887651
2016-11-30,278.6499938964844,286.0,276.20001220703125,283.54998779296875,255.09754943847656,2231471
2016-12-01,285.04998779296875,288.29998779296875,283.6000061035156,286.1000061035156,257.3916320800781,1049834
2016-12-02,282.54998779296875,285.6499938964844,282.0,283.95001220703125,255.45741271972656,798369
2016-12-05,284.29998779296875,288.1499938964844,284.25,286.45001220703125,257.7065734863281,706207
2016-12-06,285.0,285.0,279.04998779296875,280.45001220703125,252.30859375,1718011
2016-12-07,278.3999938964844,281.0,277.20001220703125,279.54998779296875,251.4989013671875,601798
2016-12-08,280.75,282.1499938964844,277.3500061035156,279.0,251.00408935546875,918254
2016-12-09,280.0,281.6000061035156,277.70001220703125,279.45001220703125,251.408935546875,610133
2016-12-12,279.6499938964844,280.04998779296875,275.75,276.25,248.53004455566406,244981
2016-12-13,276.8500061035156,282.20001220703125,274.0,280.8500061035156,252.66851806640625,2967017
2016-12-14,281.25,282.3999938964844,275.0,275.3999938964844,247.7653045654297,573242
2016-12-15,274.0,274.79998779296875,270.8500061035156,271.3500061035156,244.12179565429688,671616
2016-12-16,271.3500061035156,272.25,269.79998779296875,271.1499938964844,243.9417724609375,645359
2016-12-19,272.3500061035156,272.3500061035156,268.20001220703125,268.95001220703125,241.9625701904297,764992
2016-12-20,270.0,276.04998779296875,268.3500061035156,274.6499938964844,247.09051513671875,821349
2016-12-21,276.0,276.3500061035156,270.8999938964844,271.45001220703125,244.2117462158203,643909
2016-12-22,271.8999938964844,272.20001220703125,265.0,265.5,238.85874938964844,834987
2016-12-23,265.0,266.20001220703125,261.5,262.04998779296875,235.75494384765625,752585
2016-12-26,260.75,264.1000061035156,259.1499938964844,259.95001220703125,233.8656768798828,434029
2016-12-27,260.29998779296875,271.0,260.29998779296875,270.5,243.3570098876953,482175
2016-12-28,271.0,275.6000061035156,269.8999938964844,274.1000061035156,246.59580993652344,887133
2016-12-29,274.0,275.8999938964844,272.54998779296875,274.3999938964844,246.86563110351562,1210890
2016-12-30,274.0,279.70001220703125,273.54998779296875,278.1499938964844,250.23947143554688,469730
2017-01-02,278.0,278.3999938964844,274.3999938964844,277.1499938964844,249.3396759033203,265516
2017-01-03,277.5,278.0,274.3999938964844,275.5,247.85525512695312,450185
2017-01-04,275.1000061035156,278.20001220703125,272.8999938964844,276.54998779296875,248.7999725341797,2110365
2017-01-05,278.1499938964844,279.95001220703125,276.95001220703125,278.8500061035156,250.86915588378906,508994
2017-01-06,279.25,280.5,275.5,276.6000061035156,248.844970703125,782100
2017-01-09,276.29998779296875,278.3999938964844,273.0,273.6000061035156,246.1459503173828,739964
2017-01-10,274.0,278.70001220703125,274.0,277.6499938964844,249.7895050048828,1585599
2017-01-11,278.79998779296875,280.0,277.0,278.5,250.5542449951172,1122729
2017-01-12,278.5,284.0,278.0,278.8500061035156,250.86915588378906,1149906
2017-01-13,279.20001220703125,282.6000061035156,279.20001220703125,281.6499938964844,253.38819885253906,477422
2017-01-16,281.1000061035156,282.1000061035156,277.04998779296875,277.5,249.65460205078125,406335
2017-01-17,279.20001220703125,282.95001220703125,274.95001220703125,277.8999938964844,250.014404296875,816845
2017-01-18,278.95001220703125,282.0,277.95001220703125,278.6000061035156,250.6442108154297,679046
2017-01-19,279.0,280.1000061035156,275.6000061035156,276.8999938964844,249.1148223876953,1091009
2017-01-20,276.8999938964844,278.0,274.0,275.8999938964844,248.215087890625,773746
2017-01-23,275.25,277.29998779296875,274.20001220703125,276.8500061035156,249.06982421875,552232
2017-01-24,277.0,278.3999938964844,275.25,277.29998779296875,249.4746856689453,1147148
2017-01-25,277.54998779296875,284.0,275.6000061035156,281.25,253.02833557128906,1898277
2017-01-27,283.0,284.0,276.1000061035156,277.1000061035156,249.2947235107422,998644
2017-01-30,277.0,281.0,275.1000061035156,280.20001220703125,252.0836944580078,436981
2017-01-31,280.20001220703125,281.0,273.6000061035156,276.0,248.30514526367188,1578474
2017-02-01,277.75,278.0,274.29998779296875,277.3500061035156,249.5196533203125,1822865
2017-02-02,278.70001220703125,278.70001220703125,271.5,273.8500061035156,246.37086486816406,1527342
2017-02-03,275.3999938964844,275.70001220703125,267.75,268.20001220703125,241.28782653808594,2088875
2017-02-06,269.8999938964844,271.75,268.20001220703125,270.04998779296875,242.95217895507812,883622
2017-02-07,270.0,270.20001220703125,266.20001220703125,266.8999938964844,240.11822509765625,1053891
2017-02-08,267.0,267.8999938964844,264.3999938964844,265.95001220703125,239.26356506347656,975065
2017-02-09,267.0,267.6000061035156,264.1000061035156,265.75,239.08364868164062,732608
2017-02-10,266.5,267.0,263.6000061035156,264.6000061035156,238.04905700683594,868861
2017-02-13,265.04998779296875,270.54998779296875,263.6499938964844,269.20001220703125,242.18746948242188,1004160
2017-02-14,270.0,271.3999938964844,268.1000061035156,269.3500061035156,242.32241821289062,1046002
2017-02-15,269.0,269.79998779296875,264.20001220703125,265.1000061035156,238.4988555908203,1179696
2017-02-16,265.1000061035156,266.45001220703125,264.1000061035156,266.0,239.30859375,613746
2017-02-17,266.25,267.3999938964844,264.1000061035156,265.8500061035156,239.17359924316406,477713
2017-02-20,266.0,266.25,264.1000061035156,264.54998779296875,238.00404357910156,538890
2017-02-21,265.04998779296875,273.75,265.0,273.0,245.60617065429688,1902449
2017-02-22,273.75,274.79998779296875,269.3999938964844,270.70001220703125,243.5369415283203,1362670
2017-02-23,270.5,272.70001220703125,268.75,269.54998779296875,242.5023651123047,2750467
2017-02-27,270.0,275.6000061035156,270.0,272.70001220703125,245.3363037109375,2053179
2017-02-28,274.79998779296875,277.25,273.3999938964844,276.8999938964844,249.1148223876953,1541960
2017-03-01,277.8999938964844,278.75,274.3500061035156,276.1499938964844,248.44003295898438,1500921
2017-03-02,276.1499938964844,278.95001220703125,274.6499938964844,276.54998779296875,248.7999725341797,1160456
2017-03-03,276.04998779296875,278.8500061035156,273.29998779296875,277.25,249.42971801757812,1767926
2017-03-06,277.5,279.29998779296875,275.0,277.8500061035156,249.969482421875,902398
2017-03-07,278.20001220703125,279.25,275.1499938964844,276.04998779296875,248.35012817382812,1057609
2017-03-08,277.0,277.0,274.1000061035156,274.95001220703125,247.3605194091797,1164236
2017-03-09,274.95001220703125,276.1499938964844,272.79998779296875,274.95001220703125,247.3605194091797,1053350
2017-03-10,275.3500061035156,276.95001220703125,272.79998779296875,273.3999938964844,245.96600341796875,1229415
2017-03-14,275.3999938964844,277.8999938964844,271.8500061035156,273.6000061035156,246.1459503173828,2533256
2017-03-15,274.5,277.20001220703125,271.25,273.8500061035156,246.37086486816406,2610270
2017-03-16,274.20001220703125,275.6000061035156,271.20001220703125,274.8999938964844,247.31549072265625,3142771
2017-03-17,275.29998779296875,281.0,274.20001220703125,278.1000061035156,250.19448852539062,4253850
2017-03-20,280.0,283.0,277.79998779296875,278.8999938964844,250.91415405273438,2854375
2017-03-21,280.8500061035156,283.0,279.54998779296875,282.1499938964844,253.8380126953125,1177149
2017-03-22,279.8999938964844,285.5,279.75,284.04998779296875,255.5473175048828,1796532
2017-03-23,285.1000061035156,286.3999938964844,280.6000061035156,281.3500061035156,253.11831665039062,1601624
2017-03-24,282.8500061035156,284.0,280.29998779296875,281.29998779296875,253.07327270507812,699668
2017-03-27,280.95001220703125,281.0,273.1000061035156,274.5,246.9556427001953,2587482
2017-03-28,275.3999938964844,277.20001220703125,273.3500061035156,274.70001220703125,247.13560485839844,1216915
2017-03-29,275.0,276.25,272.54998779296875,275.70001220703125,248.03517150878906,1108681
2017-03-30,276.3500061035156,276.8999938964844,272.75,274.1499938964844,246.64073181152344,2802111
2017-03-31,274.0,278.25,272.29998779296875,277.3500061035156,249.5196533203125,1190847
2017-04-03,277.54998779296875,281.20001220703125,277.20001220703125,280.29998779296875,252.17364501953125,1301171
2017-04-05,280.70001220703125,284.79998779296875,280.3500061035156,283.8999938964844,255.412353515625,1729357
2017-04-06,283.70001220703125,285.3999938964844,282.25,284.79998779296875,256.2220764160156,960662
2017-04-07,283.1000061035156,284.70001220703125,281.45001220703125,282.3999938964844,254.06289672851562,904847
2017-04-10,285.1000061035156,290.54998779296875,283.3999938964844,286.8999938964844,258.1112976074219,2212827
2017-04-11,286.6000061035156,290.1000061035156,285.75,289.45001220703125,260.405517578125,1108245
2017-04-12,288.79998779296875,291.0,285.1000061035156,288.95001220703125,259.95562744140625,1334651
2017-04-13,288.95001220703125,290.3999938964844,287.0,287.75,258.87603759765625,1048663
2017-04-17,288.0,293.8999938964844,285.3999938964844,292.8999938964844,263.50927734375,1051332
2017-04-18,293.79998779296875,295.79998779296875,287.25,289.6499938964844,260.5853576660156,1324260
2017-04-19,289.5,293.3999938964844,288.25,290.29998779296875,261.1701965332031,628336
2017-04-20,290.20001220703125,292.6499938964844,290.0,290.70001220703125,261.5300598144531,514989
2017-04-21,291.25,292.3500061035156,288.6499938964844,291.25,262.02490234375,597313
2017-04-24,292.0,293.95001220703125,291.20001220703125,293.3500061035156,263.9142150878906,540748
2017-04-25,293.3500061035156,295.95001220703125,292.6000061035156,293.8999938964844,264.408935546875,910464
2017-04-26,294.20001220703125,295.8999938964844,289.5,294.04998779296875,264.5438232421875,712393
2017-04-27,295.0,295.0,288.3999938964844,289.25,260.22552490234375,873930
2017-04-28,289.0,290.79998779296875,285.54998779296875,286.75,257.97637939453125,1646088
2017-05-02,285.0,288.5,282.45001220703125,284.8999938964844,256.3120422363281,1042683
2017-05-03,284.0,286.8500061035156,275.1000061035156,275.75,248.08023071289062,1758933
2017-05-04,275.75,277.5,272.3999938964844,276.1000061035156,248.39503479003906,2284242
2017-05-05,277.0,277.0,270.0,272.6000061035156,245.2462921142578,4118180
2017-05-08,273.0,275.3999938964844,270.79998779296875,273.70001220703125,246.2359161376953,3834244
2017-05-09,274.0,275.0,272.29998779296875,273.45001220703125,246.01100158691406,636912
2017-05-10,273.45001220703125,283.79998779296875,273.45001220703125,283.1000061035156,254.69273376464844,2318587
2017-05-11,284.0,284.79998779296875,276.54998779296875,278.25,250.32936096191406,2333019
2017-05-12,279.0,281.6499938964844,277.70001220703125,279.8500061035156,251.76876831054688,1055832
2017-05-15,279.8500061035156,280.8999938964844,273.79998779296875,275.45001220703125,247.8102569580078,3454627
2017-05-16,276.0,276.29998779296875,271.29998779296875,273.25,245.83106994628906,7058314
2017-05-17,274.95001220703125,277.25,273.04998779296875,276.0,248.30514526367188,9205086
2017-05-18,277.0,279.0,271.45001220703125,272.1000061035156,244.79649353027344,1998128
2017-05-19,275.5,278.75,274.25,275.25,247.63037109375,2007022
2017-05-22,278.79998779296875,278.8999938964844,275.3999938964844,276.95001220703125,249.1597900390625,894556
2017-05-23,277.5,277.5,272.5,273.70001220703125,246.2359161376953,5277115
2017-05-24,274.25,274.95001220703125,266.6000061035156,268.75,241.78260803222656,1147455
2017-05-25,268.0,270.0,265.0,269.0,242.007568359375,3109795
2017-05-26,270.04998779296875,271.45001220703125,267.20001220703125,269.75,242.68226623535156,1155482
2017-05-29,270.0,279.45001220703125,269.79998779296875,278.6000061035156,250.6442108154297,1962811
2017-05-30,278.6000061035156,282.79998779296875,275.1000061035156,278.3500061035156,250.41937255859375,3856802
2017-05-31,280.25,281.5,276.1499938964844,279.95001220703125,251.85882568359375,2360285
2017-06-01,279.8500061035156,287.0,278.0,285.3500061035156,256.7169189453125,5290798
2017-06-02,287.04998779296875,288.45001220703125,283.5,284.6000061035156,256.0421142578125,1243841
2017-06-05,285.1000061035156,287.1499938964844,284.04998779296875,285.79998779296875,257.1217346191406,501522
2017-06-06,286.1499938964844,286.20001220703125,281.25,282.75,254.37782287597656,531341
2017-06-07,283.5,285.1499938964844,283.04998779296875,283.79998779296875,255.32244873046875,671709
2017-06-08,285.8500061035156,285.8500061035156,281.54998779296875,282.1000061035156,253.79299926757812,687104
2017-06-09,281.5,283.20001220703125,277.5,282.1499938964844,253.8380126953125,1157597
2017-06-12,281.3999938964844,287.0,278.75,285.3999938964844,256.76190185546875,879416
2017-06-13,286.29998779296875,293.0,284.8999938964844,291.75,262.4747009277344,4149957
2017-06-14,294.0,295.0,288.1499938964844,289.79998779296875,260.7203674316406,2433597
2017-06-15,289.0,290.04998779296875,287.1000061035156,288.6000061035156,259.6407775878906,622494
2017-06-16,288.0,292.0,287.1000061035156,288.8999938964844,259.91070556640625,1160400
2017-06-19,288.95001220703125,290.45001220703125,286.75,287.79998779296875,258.92108154296875,1041616
2017-06-20,288.25,290.8999938964844,285.95001220703125,287.04998779296875,258.24627685546875,734718
2017-06-21,287.95001220703125,289.0,285.0,287.79998779296875,258.92108154296875,960501
2017-06-22,287.79998779296875,289.95001220703125,286.6499938964844,289.0,260.00067138671875,1083714
2017-06-23,289.0,290.79998779296875,284.70001220703125,289.79998779296875,260.7203674316406,1711427
2017-06-27,289.5,291.0,282.5,290.0,260.90032958984375,2410594
2017-06-28,289.75,291.95001220703125,286.79998779296875,289.8999938964844,260.8103332519531,3270135
2017-06-29,290.29998779296875,292.0,287.8999938964844,289.8500061035156,260.7654113769531,1561905
2017-06-30,289.04998779296875,293.45001220703125,287.1000061035156,292.1000061035156,262.7895812988281,805214
2017-07-03,291.8999938964844,296.29998779296875,291.3999938964844,295.0,265.39862060546875,1459354
2017-07-04,297.3999938964844,299.79998779296875,293.5,295.5,265.8484191894531,2258539
2017-07-05,292.79998779296875,298.45001220703125,292.6499938964844,297.8500061035156,268.87249755859375,1073397
2017-07-06,297.79998779296875,302.6000061035156,296.25,300.70001220703125,271.4452819824219,2674872
2017-07-07,301.5,303.29998779296875,298.8999938964844,301.8500061035156,272.4833679199219,1867619
2017-07-10,301.0,304.6499938964844,301.0,303.8500061035156,274.2887878417969,89024
2017-07-11,302.1000061035156,307.3999938964844,302.1000061035156,305.1000061035156,275.4172058105469,2494011
2017-07-12,306.79998779296875,308.8500061035156,303.29998779296875,304.70001220703125,275.0560607910156,1478749
2017-07-13,303.04998779296875,306.95001220703125,302.1000061035156,303.5,273.9727783203125,1116275
2017-07-14,306.0,306.3999938964844,301.1000061035156,304.1000061035156,274.5144348144531,1204568
2017-07-17,304.1000061035156,305.95001220703125,296.6000061035156,302.1499938964844,272.7541809082031,1668173
2017-07-18,300.20001220703125,302.0,297.6000061035156,299.8999938964844,270.72308349609375,1336542
2017-07-19,301.1000061035156,306.79998779296875,300.0,306.1499938964844,276.36505126953125,1116957
2017-07-20,306.70001220703125,307.3999938964844,300.0,301.04998779296875,271.7611389160156,1051959
2017-07-21,301.1000061035156,303.54998779296875,299.70001220703125,302.6000061035156,273.160400390625,823840
2017-07-24,302.20001220703125,306.70001220703125,300.79998779296875,305.79998779296875,276.0490417480469,652759
2017-07-25,305.8999938964844,308.95001220703125,305.75,306.8999938964844,277.0420227050781,968736
2017-07-26,308.3999938964844,308.3999938964844,304.1499938964844,306.25,276.4552917480469,696766
2017-07-27,307.0,313.6000061035156,306.0,311.8999938964844,281.5556335449219,2491847
2017-07-28,310.8999938964844,312.45001220703125,305.5,310.5,280.2917175292969,1050326
2017-07-31,310.0,312.70001220703125,308.25,310.0,279.8404235839844,745445
2017-08-01,309.95001220703125,310.25,301.20001220703125,301.70001220703125,272.34796142578125,1760770
2017-08-02,302.0,304.6000061035156,298.5,300.70001220703125,271.4452819824219,748776
2017-08-03,300.0,307.29998779296875,297.20001220703125,305.1000061035156,275.4172058105469,1518665
2017-08-04,307.6000061035156,309.3500061035156,301.1499938964844,307.29998779296875,277.4031066894531,3312729
2017-08-07,311.0,320.0,309.1000061035156,319.45001220703125,288.3710632324219,2371502
2017-08-08,320.0,323.0,313.20001220703125,314.95001220703125,284.3088684082031,1102440
2017-08-09,315.8999938964844,315.8999938964844,309.79998779296875,310.5,280.2917175292969,643371
2017-08-10,307.25,310.8999938964844,305.70001220703125,306.54998779296875,276.72607421875,566291
2017-08-11,300.25,307.6000061035156,300.25,303.3999938964844,273.8825988769531,649998
2017-08-14,304.1499938964844,311.5,303.5,307.1000061035156,277.22259521484375,554059
2017-08-16,309.0,311.8500061035156,307.20001220703125,309.04998779296875,278.9828796386719,920951
2017-08-17,310.04998779296875,311.25,306.25,307.95001220703125,277.98992919921875,741281
2017-08-18,305.95001220703125,311.45001220703125,305.45001220703125,310.04998779296875,279.88555908203125,585195
2017-08-21,311.0,313.75,302.79998779296875,304.25,274.6498718261719,575264
2017-08-22,304.8999938964844,307.0,300.5,301.1000061035156,271.8062744140625,856971
2017-08-23,302.0,302.5,296.5,298.8500061035156,269.77520751953125,1160867
2017-08-24,300.95001220703125,302.8999938964844,298.1499938964844,300.04998779296875,270.8584289550781,767155
2017-08-28,300.95001220703125,313.6499938964844,300.95001220703125,312.70001220703125,282.2777099609375,1644473
2017-08-29,313.0,313.0,305.5,309.25,279.1634521484375,879513
2017-08-30,310.0,315.5,309.8500061035156,314.3500061035156,283.76727294921875,790493
2017-08-31,314.8999938964844,316.70001220703125,312.5,315.1000061035156,284.4442138671875,1793314
2017-09-01,316.1000061035156,316.3999938964844,312.04998779296875,313.45001220703125,282.9548034667969,566713
2017-09-04,313.70001220703125,314.5,308.6000061035156,310.75,280.51751708984375,419178
2017-09-05,312.0,314.5,310.3500061035156,313.70001220703125,283.1805114746094,1166163
2017-09-06,313.3999938964844,313.3999938964844,308.75,309.45001220703125,279.343994140625,658591
2017-09-07,311.75,311.8999938964844,307.8999938964844,309.79998779296875,279.659912109375,692275
2017-09-08,309.79998779296875,311.70001220703125,305.3999938964844,306.8500061035156,276.9969482421875,1050240
2017-09-11,309.29998779296875,310.6000061035156,307.20001220703125,309.45001220703125,279.343994140625,457082
2017-09-12,309.95001220703125,309.95001220703125,305.6000061035156,306.8999938964844,277.0420227050781,982043
2017-09-13,306.29998779296875,312.79998779296875,306.0,308.29998779296875,278.3057861328125,1219806
2017-09-14,308.45001220703125,309.8999938964844,306.04998779296875,307.6000061035156,277.6739501953125,705764
2017-09-15,307.0,311.79998779296875,305.3500061035156,310.25,280.066162109375,1090461
2017-09-18,310.5,311.0,306.54998779296875,308.45001220703125,278.44122314453125,589016
2017-09-19,308.0,316.6499938964844,307.6000061035156,314.54998779296875,283.94775390625,1574712
2017-09-20,316.79998779296875,318.5,313.5,314.70001220703125,284.083251953125,928207
2017-09-21,315.0,316.45001220703125,308.0,310.25,280.066162109375,674189
2017-09-22,310.04998779296875,312.45001220703125,303.5,304.70001220703125,275.0560607910156,1004721
2017-09-25,304.5,316.0,298.70001220703125,312.25,281.8715515136719,1491187
2017-09-26,314.8999938964844,316.0,305.3999938964844,308.04998779296875,278.080078125,1680991
2017-09-27,314.75,314.75,303.25,305.79998779296875,276.0490417480469,1442109
2017-09-28,307.04998779296875,313.20001220703125,306.1499938964844,310.79998779296875,280.5625915527344,1485354
2017-09-29,313.0,314.20001220703125,303.8999938964844,305.0,275.3268737792969,1487559
2017-10-03,310.5,313.20001220703125,306.0,311.29998779296875,281.013916015625,932669
2017-10-04,312.20001220703125,319.3500061035156,312.0,315.25,284.57965087890625,1432297
2017-10-05,318.0,320.70001220703125,315.6499938964844,316.3500061035156,285.5726318359375,785261
2017-10-06,316.75,318.45001220703125,315.1499938964844,316.04998779296875,285.3018493652344,522193
2017-10-09,315.70001220703125,319.6499938964844,315.1000061035156,317.6499938964844,286.7461853027344,521923
2017-10-10,316.75,321.79998779296875,312.20001220703125,317.29998779296875,286.43017578125,577431
2017-10-11,317.5,322.45001220703125,315.1499938964844,317.75,286.83648681640625,1246803
2017-10-12,316.54998779296875,328.1000061035156,316.54998779296875,325.70001220703125,294.0129699707031,2236883
2017-10-13,327.3500061035156,328.29998779296875,321.0,321.95001220703125,290.6278381347656,1254721
2017-10-16,324.8999938964844,324.8999938964844,320.20001220703125,321.95001220703125,290.6278381347656,709813
2017-10-17,323.3999938964844,323.3999938964844,318.20001220703125,319.95001220703125,288.8223876953125,659502
2017-10-18,320.3999938964844,320.3999938964844,315.0,319.04998779296875,288.0099792480469,606827
2017-10-19,319.04998779296875,320.8500061035156,317.04998779296875,318.54998779296875,287.5586242675781,123621
2017-10-23,317.75,320.0,316.1000061035156,316.79998779296875,285.9788818359375,699567
2017-10-24,318.79998779296875,320.8999938964844,314.0,318.54998779296875,287.5586242675781,612851
2017-10-25,318.54998779296875,324.79998779296875,318.1499938964844,323.1000061035156,291.6659851074219,1404053
2017-10-26,325.79998779296875,326.70001220703125,321.20001220703125,322.79998779296875,291.3951110839844,1474933
2017-10-27,323.25,325.0,319.5,322.95001220703125,291.5305480957031,510117
2017-10-30,323.0,325.0,318.0,322.25,290.89862060546875,500658
2017-10-31,325.8999938964844,334.6000061035156,322.79998779296875,332.8500061035156,300.4673767089844,3629462
2017-11-01,338.8999938964844,360.8500061035156,338.25,349.54998779296875,315.5426940917969,6791796
2017-11-02,345.8500061035156,349.20001220703125,340.25,342.6499938964844,309.31396484375,1340030
2017-11-03,343.0,346.6000061035156,337.20001220703125,340.3999938964844,307.2828369140625,1051083
2017-11-06,341.0,345.8999938964844,339.25,342.54998779296875,309.2236633300781,875130
2017-11-07,346.0,347.1499938964844,336.04998779296875,340.1499938964844,308.1817932128906,994486
2017-11-08,341.0,343.1499938964844,337.0,338.25,306.4602966308594,408429
2017-11-09,342.0,349.79998779296875,336.5,348.45001220703125,315.70172119140625,1129910
2017-11-10,349.45001220703125,350.0,341.0,342.1000061035156,309.94854736328125,1000630
2017-11-13,344.0,344.0,336.6000061035156,337.45001220703125,305.735595703125,587578
2017-11-14,336.29998779296875,340.20001220703125,336.29998779296875,337.95001220703125,306.1885070800781,705306
2017-11-15,337.0,337.8500061035156,329.70001220703125,334.8999938964844,303.4252014160156,1701301
2017-11-16,335.20001220703125,340.0,331.79998779296875,339.1000061035156,307.23046875,669913
2017-11-17,341.0,341.5,335.5,336.5,304.8748474121094,849992
2017-11-20,336.0,339.6499938964844,334.70001220703125,337.54998779296875,305.826171875,622658
2017-11-21,338.0,340.75,338.0,339.79998779296875,307.8646240234375,766870
2017-11-22,341.0,341.95001220703125,336.6499938964844,339.3500061035156,307.4569396972656,842038
2017-11-23,342.0,342.0,336.54998779296875,340.04998779296875,308.0911560058594,897818
2017-11-24,342.70001220703125,349.20001220703125,340.3500061035156,344.5,312.1229553222656,1121583
2017-11-27,344.6499938964844,345.6499938964844,338.20001220703125,342.3999938964844,310.2203063964844,838506
2017-11-28,342.3999938964844,345.8500061035156,338.0,344.8999938964844,312.4853820800781,697992
2017-11-29,345.8500061035156,345.8500061035156,338.1499938964844,339.8999938964844,307.9552307128906,814738
2017-11-30,340.0,350.8999938964844,336.3999938964844,344.29998779296875,311.9417419433594,4490135
2017-12-01,344.04998779296875,346.75,338.6000061035156,340.75,308.7253723144531,894675
2017-12-04,344.3999938964844,344.79998779296875,338.8999938964844,341.45001220703125,309.35955810546875,565552
2017-12-05,340.70001220703125,346.0,340.0,344.04998779296875,311.7152404785156,793096
2017-12-06,344.79998779296875,347.95001220703125,340.29998779296875,342.54998779296875,310.3561706542969,1088413
2017-12-07,342.70001220703125,346.3999938964844,340.1000061035156,345.45001220703125,312.983642578125,494152
2017-12-08,348.0,352.79998779296875,347.0,351.1499938964844,318.1479797363281,1075013
2017-12-11,352.5,352.75,346.6000061035156,349.54998779296875,316.6983337402344,804547
2017-12-12,349.3999938964844,350.5,344.25,348.1499938964844,315.429931640625,724281
2017-12-13,347.29998779296875,350.8999938964844,344.0,345.75,313.2554626464844,492970
2017-12-14,347.95001220703125,347.95001220703125,340.04998779296875,344.20001220703125,311.8511047363281,562831
2017-12-15,344.20001220703125,346.5,340.6000061035156,342.25,310.0843811035156,1375982
2017-12-18,340.95001220703125,349.0,325.0,347.6499938964844,314.97686767578125,523286
2017-12-19,347.5,354.25,347.5,350.04998779296875,317.1513366699219,1493359
2017-12-20,349.79998779296875,352.8999938964844,345.54998779296875,350.79998779296875,317.8308410644531,942790
2017-12-21,350.79998779296875,352.0,348.3999938964844,349.6499938964844,316.7889404296875,527045
2017-12-22,350.95001220703125,356.25,349.1000061035156,353.54998779296875,320.3223876953125,1465697
2017-12-26,354.95001220703125,356.0,352.1000061035156,353.5,320.2770690917969,711575
2017-12-27,357.70001220703125,357.70001220703125,351.29998779296875,352.95001220703125,319.77880859375,705119
2017-12-28,353.0,353.0,343.3999938964844,344.79998779296875,312.3947448730469,2812009
2017-12-29,345.0,350.1000061035156,345.0,349.70001220703125,316.8342590332031,851154
2018-01-01,351.0,351.8500061035156,347.70001220703125,349.0,316.2000427246094,272884
2018-01-02,351.0,352.0,346.45001220703125,349.04998779296875,316.2453308105469,595436
2018-01-03,350.0,360.8999938964844,349.25,354.6499938964844,321.3189697265625,1819175
2018-01-04,354.1499938964844,356.0,353.6499938964844,355.0,321.6361389160156,1107800
2018-01-05,356.0,360.0,352.1000061035156,358.20001220703125,324.5353698730469,1200209
2018-01-08,358.20001220703125,362.25,358.0,361.3500061035156,327.3893737792969,1129672
2018-01-09,361.0,361.04998779296875,354.6499938964844,359.3500061035156,325.5773010253906,758032
2018-01-10,359.95001220703125,362.3500061035156,356.1000061035156,357.79998779296875,324.1730041503906,894740
2018-01-11,357.45001220703125,361.25,356.0,359.8999938964844,326.07562255859375,557387
2018-01-12,359.79998779296875,360.8999938964844,356.6499938964844,358.1499938964844,324.489990234375,843519
2018-01-15,360.29998779296875,363.8500061035156,359.0,361.25,327.2987976074219,1334475
2018-01-16,363.0,363.0,355.20001220703125,358.3999938964844,324.716552734375,919047
2018-01-17,355.54998779296875,361.95001220703125,352.0,358.8999938964844,325.1695861816406,1599096
2018-01-18,365.0,368.6000061035156,361.3500061035156,364.6499938964844,330.3791809082031,1240349
2018-01-19,362.29998779296875,367.3500061035156,358.70001220703125,363.79998779296875,329.6091003417969,565302
2018-01-22,365.1499938964844,368.45001220703125,361.29998779296875,363.1000061035156,328.9748840332031,939881
2018-01-23,364.3999938964844,367.25,360.3500061035156,364.0,329.7902526855469,1287281
2018-01-24,363.79998779296875,365.79998779296875,358.5,359.20001220703125,325.44140625,1374753
2018-01-25,359.1000061035156,364.5,352.0,353.75,320.50360107421875,991272
2018-01-29,354.3500061035156,361.0,354.3500061035156,359.70001220703125,325.8944091796875,1118359
2018-01-30,359.5,362.0,356.6000061035156,358.6000061035156,324.8977966308594,774775
2018-01-31,359.3500061035156,360.79998779296875,346.6499938964844,355.6000061035156,322.17974853515625,4361853
2018-02-01,357.3500061035156,358.8500061035156,348.5,349.70001220703125,316.8342590332031,2438075
2018-02-02,348.0,353.8500061035156,340.20001220703125,344.45001220703125,312.0776672363281,1350425
2018-02-05,348.20001220703125,349.0,337.1000061035156,339.1000061035156,307.23046875,1270434
2018-02-06,330.6000061035156,341.6499938964844,326.0,339.25,307.3663024902344,1948962
2018-02-07,342.1499938964844,347.0,337.04998779296875,338.3500061035156,306.55096435546875,835895
2018-02-08,339.5,342.5,337.20001220703125,340.29998779296875,308.31768798828125,1463375
2018-02-09,337.5,343.45001220703125,336.0,340.54998779296875,308.54412841796875,744243
2018-02-12,344.8500061035156,346.5,340.8999938964844,344.75,312.3495178222656,919718
2018-02-14,344.5,347.6000061035156,339.54998779296875,340.75,308.7253723144531,825559
2018-02-15,342.54998779296875,344.6499938964844,339.0,339.6000061035156,307.68341064453125,366437
2018-02-16,343.3999938964844,344.75,341.3999938964844,342.75,310.5374450683594,871481
2018-02-19,342.8999938964844,344.0,338.6000061035156,339.3500061035156,307.4569396972656,515046
2018-02-20,339.25,345.0,339.25,340.70001220703125,308.68011474609375,890534
2018-02-21,341.70001220703125,343.1000061035156,333.29998779296875,334.5,303.0628356933594,1312888
2018-02-22,335.75,335.79998779296875,326.29998779296875,327.1000061035156,296.3583068847656,2278159
2018-02-23,329.79998779296875,334.3999938964844,324.6000061035156,330.6000061035156,299.5293273925781,2071180
2018-02-26,335.0,337.3999938964844,331.1499938964844,331.75,300.57122802734375,778390
2018-02-27,332.04998779296875,334.20001220703125,326.3500061035156,328.1000061035156,297.2642822265625,698699
2018-02-28,328.04998779296875,328.04998779296875,323.6499938964844,325.04998779296875,294.5008239746094,2526442
2018-03-01,326.3999938964844,327.54998779296875,323.75,325.20001220703125,294.6368713378906,818541
2018-03-05,326.0,327.20001220703125,322.1000061035156,325.0,294.45556640625,5281481
2018-03-06,326.3500061035156,329.6000061035156,321.0,322.70001220703125,292.3717956542969,678537
2018-03-07,321.20001220703125,326.79998779296875,321.1000061035156,323.3999938964844,293.0059814453125,2118798
2018-03-08,325.29998779296875,328.8999938964844,318.8999938964844,325.04998779296875,294.5008239746094,10405395
2018-03-09,328.6000061035156,334.8999938964844,325.04998779296875,327.25,296.4941711425781,1796651
2018-03-12,330.04998779296875,333.6000061035156,327.1499938964844,327.75,296.9471130371094,1508106
2018-03-13,327.75,333.04998779296875,324.3500061035156,325.1499938964844,294.59149169921875,2618470
2018-03-14,325.0,326.8999938964844,323.0,325.0,294.45556640625,2212159
2018-03-15,325.1000061035156,327.6499938964844,324.5,325.04998779296875,294.5008239746094,2053015
2018-03-16,325.04998779296875,326.45001220703125,320.45001220703125,321.25,291.0579833984375,2715500
2018-03-19,321.54998779296875,325.79998779296875,318.04998779296875,319.70001220703125,289.6536865234375,1008579
2018-03-20,319.0,321.8500061035156,314.6499938964844,319.3500061035156,289.33660888671875,2312806
2018-03-21,320.0,326.3999938964844,317.70001220703125,322.45001220703125,292.145263671875,1446774
2018-03-22,320.79998779296875,324.0,315.25,316.95001220703125,287.1622009277344,2546884
2018-03-23,312.8500061035156,320.8500061035156,311.95001220703125,318.20001220703125,288.294677734375,2284582
2018-03-26,319.79998779296875,321.1000061035156,314.79998779296875,315.54998779296875,285.8937683105469,2439303
2018-03-27,317.1000061035156,327.5,317.1000061035156,324.8500061035156,294.3197326660156,2876080
2018-03-28,323.70001220703125,334.6000061035156,322.70001220703125,328.3999938964844,297.5361328125,6429642
2018-04-02,329.0,337.79998779296875,326.20001220703125,335.8999938964844,304.3311767578125,1249566
2018-04-03,333.95001220703125,339.1499938964844,333.6499938964844,337.70001220703125,305.9620056152344,856565
2018-04-04,338.0,341.5,334.0,335.5,303.96881103515625,1407850
2018-04-05,337.25,339.1499938964844,335.45001220703125,336.8999938964844,305.2371826171875,560831
2018-04-06,338.0,344.0,336.3999938964844,342.8500061035156,310.6280212402344,1278796
2018-04-09,345.0,345.8999938964844,340.6499938964844,342.20001220703125,310.03912353515625,1204038
2018-04-10,344.75,344.75,335.5,337.04998779296875,305.3730773925781,768086
2018-04-11,337.04998779296875,345.3999938964844,336.25,344.3999938964844,312.03228759765625,1244627
2018-04-12,344.95001220703125,347.0,342.5,345.0,312.5759582519531,763270
2018-04-13,345.20001220703125,346.8999938964844,339.45001220703125,340.45001220703125,308.4534912109375,701414
2018-04-16,340.70001220703125,344.45001220703125,339.70001220703125,343.5,311.2169189453125,669176
2018-04-17,345.0,347.6499938964844,341.6000061035156,343.75,311.4434509277344,806533
2018-04-18,347.54998779296875,357.3500061035156,347.5,355.8500061035156,322.4062805175781,2552706
2018-04-19,359.0,362.0,356.1000061035156,358.3500061035156,324.6712951660156,2551633
2018-04-20,356.5,359.5,353.04998779296875,355.1499938964844,321.7720642089844,550428
2018-04-23,354.79998779296875,363.3500061035156,353.75,357.6000061035156,323.9918212890625,993987
2018-04-24,359.6499938964844,362.79998779296875,355.6499938964844,356.8999938964844,323.35760498046875,740202
2018-04-25,358.0,360.70001220703125,356.1000061035156,358.8999938964844,325.1695861816406,613774
2018-04-26,361.0,364.0,355.0,357.1000061035156,323.5387268066406,1573999
2018-04-27,360.0,368.8999938964844,358.5,366.45001220703125,332.0100402832031,1367950
2018-04-30,368.8999938964844,371.95001220703125,367.0,369.3999938964844,334.6827392578125,917470
2018-05-02,378.70001220703125,383.0,367.54998779296875,371.79998779296875,336.8572082519531,4642509
2018-05-03,370.5,374.29998779296875,368.54998779296875,369.8999938964844,335.1357421875,875515
2018-05-04,370.0,373.54998779296875,367.0,370.3500061035156,335.5434875488281,1086906
2018-05-07,370.3500061035156,374.75,366.79998779296875,369.3500061035156,334.63751220703125,1158622
2018-05-08,370.29998779296875,372.0,368.6000061035156,369.70001220703125,334.9545593261719,1266845
2018-05-09,369.3999938964844,369.3999938964844,365.25,368.54998779296875,333.9126892089844,729600
2018-05-10,368.54998779296875,371.95001220703125,367.04998779296875,367.8500061035156,333.2784729003906,1061262
2018-05-11,368.5,369.8999938964844,364.6000061035156,366.45001220703125,332.0100402832031,919285
2018-05-14,368.6000061035156,372.1000061035156,365.8500061035156,370.5,335.67938232421875,784431
2018-05-15,371.54998779296875,377.5,368.3999938964844,370.6499938964844,335.8152770996094,1782317
2018-05-16,369.0,379.3500061035156,367.04998779296875,373.8500061035156,338.71453857421875,1962889
2018-05-17,376.5,377.3500061035156,369.6000061035156,371.3500061035156,336.44952392578125,1228856
2018-05-18,371.6000061035156,383.5,367.1000061035156,374.54998779296875,339.3487548828125,893157
2018-05-21,376.8500061035156,377.5,370.1000061035156,373.1499938964844,338.0804138183594,1435221
2018-05-22,373.5,375.25,366.0,374.70001220703125,339.4847106933594,1474387
2018-05-23,374.0,377.6499938964844,366.6000061035156,368.20001220703125,333.59552001953125,1568630
2018-05-24,370.5,373.8500061035156,366.79998779296875,369.5,334.77337646484375,1137318
2018-05-25,371.0,379.75,370.5,378.29998779296875,342.7463073730469,1559715
2018-05-28,380.0,382.0,375.6000061035156,377.79998779296875,342.2933044433594,1349683
2018-05-29,378.79998779296875,387.0,375.25,385.54998779296875,349.3149108886719,1483955
2018-05-30,386.6000061035156,389.25,380.1000061035156,381.8999938964844,346.0079650878906,2348568
2018-05-31,383.04998779296875,387.0,380.75,383.29998779296875,347.2763977050781,3223114
2018-06-01,385.0,392.29998779296875,382.95001220703125,386.75,350.4022216796875,1733390
2018-06-04,388.0,389.29998779296875,384.1499938964844,384.95001220703125,348.7713623046875,926051
2018-06-05,386.70001220703125,386.95001220703125,380.0,380.8999938964844,345.10198974609375,790381
2018-06-06,382.0,385.79998779296875,375.29998779296875,378.6000061035156,343.0181884765625,1852078
2018-06-07,379.95001220703125,385.0,378.5,383.95001220703125,347.8653564453125,2017889
2018-06-08,384.0,384.5,380.5,382.3500061035156,346.4157409667969,1416758
2018-06-11,383.3999938964844,389.0,383.3500061035156,386.20001220703125,349.9039001464844,2111468
2018-06-12,387.70001220703125,389.1499938964844,385.29998779296875,387.0,350.6287536621094,890594
2018-06-13,387.0,390.04998779296875,385.45001220703125,388.1499938964844,351.6705017089844,1387211
2018-06-14,388.8999938964844,388.8999938964844,382.0,386.8999938964844,350.5380859375,655966
2018-06-15,387.8500061035156,387.8500061035156,381.0,383.8500061035156,347.7746887207031,1370715
2018-06-18,383.6499938964844,389.79998779296875,382.3999938964844,386.3999938964844,350.0850830078125,1639574
2018-06-19,388.0,388.0,377.29998779296875,379.8500061035156,344.1506042480469,1043988
2018-06-20,378.1499938964844,384.5,378.1499938964844,379.79998779296875,344.1053466796875,1215628
2018-06-21,381.20001220703125,386.1000061035156,379.79998779296875,385.6000061035156,349.3602294921875,1033023
2018-06-22,385.6000061035156,386.70001220703125,381.1000061035156,385.1499938964844,348.95257568359375,569600
2018-06-25,385.0,387.5,382.3999938964844,384.45001220703125,348.31829833984375,645746
2018-06-26,386.29998779296875,388.0,383.6000061035156,386.5,350.17572021484375,804351
2018-06-27,387.75,396.3999938964844,385.3500061035156,393.5,356.5177917480469,2173065
2018-06-28,395.0,395.5,385.29998779296875,387.45001220703125,351.0364074707031,2014384
2018-06-29,389.3500061035156,392.8999938964844,386.5,391.45001220703125,354.66046142578125,1551244
2018-07-02,391.45001220703125,391.45001220703125,382.29998779296875,383.70001220703125,347.6387939453125,2244408
2018-07-03,384.5,387.5,381.3500061035156,384.75,348.5901184082031,1893774
2018-07-04,382.0,383.95001220703125,377.70001220703125,379.75,349.7413024902344,2452019
2018-07-05,380.8999938964844,381.70001220703125,375.95001220703125,376.79998779296875,347.02447509765625,2379568
2018-07-06,376.75,380.04998779296875,369.3999938964844,370.0,340.7617492675781,2777742
2018-07-09,371.20001220703125,379.3500061035156,371.20001220703125,375.1499938964844,345.5048522949219,1796707
2018-07-10,377.1499938964844,380.5,375.0,376.25,346.5179748535156,2008710
2018-07-11,376.75,382.45001220703125,376.25,378.70001220703125,348.77435302734375,4187393
2018-07-12,380.70001220703125,382.75,375.95001220703125,378.1000061035156,348.2217712402344,2464624
2018-07-13,379.70001220703125,380.75,375.04998779296875,376.1000061035156,346.3797607421875,1577536
2018-07-16,375.0,376.8999938964844,365.54998779296875,367.29998779296875,338.2751770019531,906673
2018-07-17,369.29998779296875,379.3999938964844,368.1000061035156,377.8500061035156,347.9914855957031,3469146
2018-07-18,378.95001220703125,381.8999938964844,372.04998779296875,374.25,344.6759948730469,3554218
2018-07-19,374.25,379.5,372.5,375.29998779296875,345.6429748535156,2130414
2018-07-20,373.6000061035156,377.25,370.29998779296875,373.0,343.5247802734375,1534917
2018-07-23,375.29998779296875,377.0,371.8500061035156,373.8999938964844,344.3536376953125,1648451
2018-07-24,374.6499938964844,375.45001220703125,372.1000061035156,373.70001220703125,344.16943359375,1142955
2018-07-25,373.6499938964844,377.1499938964844,370.1499938964844,371.6000061035156,342.2354736328125,2028167
2018-07-26,370.5,375.3999938964844,370.5,373.29998779296875,343.801025390625,2236860
2018-07-27,374.3999938964844,387.79998779296875,374.3999938964844,386.0,355.4974365234375,2835864
2018-07-30,391.0,395.8999938964844,384.20001220703125,393.45001220703125,362.3587341308594,2998129
2018-07-31,396.0,428.45001220703125,384.6499938964844,421.54998779296875,388.2381591796875,18573319
2018-08-01,423.79998779296875,439.04998779296875,423.70001220703125,432.25,398.0926513671875,9757456
2018-08-02,431.0,436.5,426.04998779296875,428.8999938964844,395.0074157714844,3356054
2018-08-03,422.0,441.3500061035156,422.0,436.8999938964844,402.3752136230469,5007266
2018-08-06,437.1000061035156,442.8500061035156,434.1000061035156,436.0,401.5463562011719,2403824
2018-08-07,436.45001220703125,444.8500061035156,436.45001220703125,443.20001220703125,408.17742919921875,3264114
2018-08-08,445.1499938964844,446.75,441.54998779296875,445.1499938964844,409.97332763671875,2903147
2018-08-09,443.25,446.75,441.1000061035156,445.8999938964844,410.66400146484375,3303838
2018-08-10,443.8500061035156,444.6000061035156,440.0,442.6000061035156,407.62481689453125,1682527
2018-08-13,439.95001220703125,444.45001220703125,438.3999938964844,441.20001220703125,406.33544921875,1636383
2018-08-14,440.5,454.0,440.5,453.0,417.2030029296875,2732923
2018-08-16,451.3500061035156,455.8500061035156,443.70001220703125,444.8999938964844,409.7430419921875,2271009
2018-08-17,447.0,459.0,444.0,456.20001220703125,420.150146484375,3213894
2018-08-20,456.8999938964844,457.79998779296875,448.29998779296875,453.29998779296875,417.4792175292969,3313045
2018-08-21,454.25,461.70001220703125,451.79998779296875,458.79998779296875,422.54461669921875,3651453
2018-08-23,465.0,489.3500061035156,462.1000061035156,483.95001220703125,445.7072448730469,11287480
2018-08-24,483.0,483.8500061035156,473.6499938964844,475.1000061035156,437.5565490722656,2451638
2018-08-27,475.20001220703125,490.6499938964844,475.20001220703125,481.95001220703125,443.8653259277344,4340143
2018-08-28,483.0,488.95001220703125,483.0,485.75,447.3650207519531,2612757
2018-08-29,486.6000061035156,488.20001220703125,476.6499938964844,477.79998779296875,440.0432434082031,2647406
2018-08-30,477.79998779296875,484.3500061035156,475.3999938964844,479.8999938964844,441.9772644042969,3133686
2018-08-31,482.6499938964844,482.6499938964844,475.04998779296875,478.75,440.91815185546875,2509851
2018-09-03,481.04998779296875,481.04998779296875,465.0,466.3500061035156,429.4980163574219,2667557
2018-09-04,465.0,467.75,443.70001220703125,448.6000061035156,413.1507263183594,6220706
2018-09-05,445.79998779296875,460.8999938964844,445.79998779296875,456.8999938964844,420.7947998046875,3769921
2018-09-06,457.20001220703125,465.45001220703125,448.5,454.1000061035156,418.216064453125,2407025
2018-09-07,456.6499938964844,469.45001220703125,451.0,468.29998779296875,431.2939453125,2225030
2018-09-10,468.20001220703125,468.20001220703125,448.04998779296875,449.8999938964844,414.3479309082031,1861480
2018-09-11,449.8999938964844,454.3500061035156,441.70001220703125,443.75,408.6839904785156,3437600
2018-09-12,445.95001220703125,461.0,439.3999938964844,454.20001220703125,418.30816650390625,5951399
2018-09-14,458.0,469.8999938964844,456.6499938964844,468.25,431.2479553222656,4145878
2018-09-17,468.0,468.0,454.04998779296875,461.8500061035156,425.3536682128906,2108447
2018-09-18,462.8500061035156,475.1499938964844,461.8500061035156,470.3999938964844,433.22802734375,2843314
2018-09-19,470.70001220703125,474.0,462.5,466.8500061035156,429.9585266113281,4251592
2018-09-21,465.0,466.70001220703125,430.1499938964844,455.70001220703125,419.6896667480469,3634800
2018-09-24,452.8999938964844,457.5,429.0,432.3999938964844,398.23089599609375,2851579
2018-09-25,430.1499938964844,441.45001220703125,422.0,437.5,402.9278259277344,3324143
2018-09-26,440.95001220703125,442.3500061035156,432.04998779296875,436.45001220703125,401.9608459472656,2052494
2018-09-27,438.0,440.0,426.3999938964844,437.29998779296875,402.74359130859375,2875616
2018-09-28,441.0,441.5,416.54998779296875,426.8999938964844,393.16546630859375,3675960
2018-10-01,425.0,441.0,423.04998779296875,439.25,404.5395202636719,1829837
2018-10-03,440.0,442.5,421.6000061035156,425.29998779296875,391.69189453125,2273144
2018-10-04,419.04998779296875,425.0,410.1000061035156,415.45001220703125,382.62030029296875,2016129
2018-10-05,412.54998779296875,425.0,403.95001220703125,420.04998779296875,386.8567199707031,3797505
2018-10-08,421.0,423.29998779296875,404.8500061035156,409.70001220703125,377.3245849609375,2069981
2018-10-09,409.0,410.70001220703125,383.79998779296875,392.3999938964844,361.39178466796875,5737986
2018-10-10,394.6499938964844,411.6000061035156,391.54998779296875,405.25,373.2262878417969,3567594
2018-10-11,391.5,396.6499938964844,385.0,393.3500061035156,362.2666931152344,4493264
2018-10-12,397.29998779296875,411.3999938964844,397.29998779296875,407.8500061035156,375.6208190917969,3680197
2018-10-15,411.0,411.0,393.04998779296875,396.3500061035156,365.029541015625,2730907
2018-10-16,398.79998779296875,408.29998779296875,397.95001220703125,406.6499938964844,374.5157165527344,1943053
2018-10-17,409.0,423.0,400.75,403.04998779296875,371.2001647949219,3809686
2018-10-19,404.3500061035156,414.0,398.0,404.45001220703125,372.489501953125,2437432
2018-10-22,408.0,414.0,402.79998779296875,404.70001220703125,372.71978759765625,2276552
2018-10-23,399.5,409.6499938964844,397.0,400.6000061035156,368.94384765625,2552727
2018-10-24,404.0,408.6000061035156,400.6000061035156,405.1499938964844,373.1341552734375,1262996
2018-10-25,403.95001220703125,405.6000061035156,396.0,398.54998779296875,367.0557556152344,3241540
2018-10-26,395.04998779296875,405.0,394.0,398.25,366.7794189453125,1294180
2018-10-29,400.70001220703125,416.70001220703125,400.0,409.3999938964844,377.0483703613281,5964529
2018-10-30,405.25,407.45001220703125,388.20001220703125,396.3500061035156,365.029541015625,4806534
2018-10-31,398.0,401.75,379.5,384.75,354.34625244140625,7847341
2018-11-01,384.75,387.1499938964844,369.3999938964844,370.6499938964844,341.3604736328125,6914459
2018-11-02,373.70001220703125,374.8999938964844,365.45001220703125,369.45001220703125,340.2552795410156,6169192
2018-11-05,369.0,373.25,362.6000061035156,366.8500061035156,337.8606872558594,4362441
2018-11-06,368.0,368.54998779296875,364.0,365.95001220703125,337.03192138671875,3681999
2018-11-07,368.5,370.29998779296875,367.20001220703125,369.29998779296875,340.1170959472656,361716
2018-11-09,372.0,379.8999938964844,367.0,377.20001220703125,348.57269287109375,3518530
2018-11-12,378.0,383.45001220703125,374.5,376.29998779296875,347.7409973144531,3151205
2018-11-13,375.0,375.0,366.20001220703125,369.54998779296875,341.5032958984375,3678684
2018-11-14,372.0,381.1000061035156,369.0,378.8500061035156,350.0975341796875,3170677
2018-11-15,382.5,389.8500061035156,375.29998779296875,388.8500061035156,359.3385314941406,3649804
2018-11-16,392.8500061035156,397.0,388.29998779296875,395.6499938964844,365.6224670410156,3658867
2018-11-19,396.1000061035156,409.8999938964844,393.25,408.5,377.4972229003906,3624536
2018-11-20,406.0,406.45001220703125,393.1000061035156,394.1000061035156,364.1900939941406,1734543
2018-11-21,394.1499938964844,403.45001220703125,394.1499938964844,400.5,370.10443115234375,1189054
2018-11-22,395.20001220703125,406.25,395.20001220703125,400.79998779296875,370.381591796875,3013407
2018-11-26,401.5,420.04998779296875,399.25,419.04998779296875,387.24652099609375,5599857
2018-11-27,420.0,422.25,413.3500061035156,420.8500061035156,388.909912109375,3658792
2018-11-28,421.0,426.54998779296875,413.25,414.79998779296875,383.3190612792969,2591499
2018-11-29,416.75,421.04998779296875,411.3999938964844,414.95001220703125,383.4576721191406,2462246
2018-11-30,415.1499938964844,418.3999938964844,406.54998779296875,409.1000061035156,378.05169677734375,4471587
2018-12-03,412.79998779296875,417.79998779296875,407.6499938964844,412.95001220703125,381.60943603515625,1489299
2018-12-04,413.20001220703125,416.0,405.0,409.0,377.9592590332031,2328913
2018-12-05,408.3999938964844,412.70001220703125,401.79998779296875,409.54998779296875,378.46746826171875,2710255
2018-12-06,407.8500061035156,407.8500061035156,395.0,400.6000061035156,370.19683837890625,2984610
2018-12-07,403.5,414.20001220703125,401.6000061035156,411.45001220703125,380.2232971191406,2219884
2018-12-10,407.79998779296875,410.79998779296875,402.20001220703125,405.6000061035156,374.8172912597656,1450549
2018-12-11,396.25,416.29998779296875,396.0,412.45001220703125,381.1474609375,2266498
2018-12-12,414.1499938964844,432.95001220703125,413.70001220703125,430.54998779296875,397.8737487792969,4236256
2018-12-13,434.0,441.0,430.25,434.70001220703125,401.7087707519531,3906222
2018-12-14,426.0,446.29998779296875,426.0,444.04998779296875,410.34918212890625,3600390
2018-12-17,444.04998779296875,448.75,438.79998779296875,442.3999938964844,408.82440185546875,3996750
2018-12-18,440.79998779296875,444.95001220703125,438.0,442.8999938964844,409.28643798828125,2109797
2018-12-19,445.95001220703125,458.79998779296875,445.29998779296875,456.79998779296875,422.1314697265625,4720385
2018-12-20,452.75,454.0,440.1000061035156,444.04998779296875,410.34918212890625,2723047
2018-12-21,445.0,448.5,434.20001220703125,437.75,404.5273742675781,2130122
2018-12-24,439.0,441.95001220703125,424.25,425.8500061035156,393.53045654296875,3263009
2018-12-26,424.8999938964844,429.79998779296875,414.20001220703125,422.6000061035156,390.5270690917969,7349664
2018-12-27,428.0,432.0,422.3500061035156,429.95001220703125,397.3193359375,3386941
2018-12-28,431.8500061035156,437.25,428.5,433.25,400.36883544921875,1925920
2018-12-31,433.6499938964844,439.8999938964844,428.95001220703125,430.6499938964844,397.9660949707031,2076007
2019-01-01,431.75,433.95001220703125,421.1000061035156,421.8500061035156,389.8340148925781,1617567
2019-01-02,421.95001220703125,425.3500061035156,411.0,416.3999938964844,384.79766845703125,2550167
2019-01-03,416.3999938964844,426.0,413.5,422.0,389.97259521484375,3271824
2019-01-04,423.0,425.45001220703125,416.8999938964844,419.25,387.431396484375,1831799
2019-01-07,421.54998779296875,425.75,418.3999938964844,420.45001220703125,388.5403137207031,1394010
2019-01-08,422.3500061035156,422.5,414.0,416.3999938964844,384.79766845703125,1412597
2019-01-09,419.75,426.79998779296875,417.0,421.5,389.5106201171875,2975792
2019-01-10,422.5,423.8999938964844,418.54998779296875,421.1499938964844,389.1871643066406,1089796
2019-01-11,422.45001220703125,422.75,418.6499938964844,421.6499938964844,389.6492004394531,929656
2019-01-14,422.3500061035156,435.29998779296875,420.79998779296875,433.5,400.599853515625,3145076
2019-01-15,434.8999938964844,438.0,424.0,426.1000061035156,393.7614440917969,4594571
2019-01-16,425.1499938964844,427.3999938964844,419.3500061035156,423.8500061035156,391.6822204589844,1621386
2019-01-17,425.8500061035156,426.75,417.6499938964844,420.29998779296875,388.40167236328125,2118185
2019-01-18,422.95001220703125,427.0,418.54998779296875,424.1000061035156,391.9132385253906,2301927
2019-01-21,425.1000061035156,433.75,424.1499938964844,428.1499938964844,395.65582275390625,2235926
2019-01-22,428.20001220703125,434.3500061035156,423.20001220703125,433.3500061035156,400.46124267578125,1553097
2019-01-23,433.3500061035156,436.04998779296875,428.6499938964844,430.6499938964844,397.9660949707031,1537391
2019-01-24,429.3999938964844,433.79998779296875,427.3999938964844,430.3999938964844,397.7351989746094,1179389
2019-01-25,432.1499938964844,438.45001220703125,428.20001220703125,430.0,397.3654479980469,1819072
2019-01-28,430.75,432.0,422.5,427.3999938964844,394.9627990722656,1613234
2019-01-29,425.0,426.1499938964844,417.6000061035156,423.1499938964844,391.035400390625,1910592
2019-01-30,425.54998779296875,432.45001220703125,424.3500061035156,431.1499938964844,398.4281921386719,1919495
2019-01-31,434.45001220703125,448.20001220703125,427.20001220703125,443.6499938964844,409.9794921875,10969400
2019-02-01,450.0,456.0,441.3500061035156,451.8500061035156,417.55718994140625,6034606
2019-02-04,452.0,458.0,443.6000061035156,447.45001220703125,413.49114990234375,2210541
2019-02-05,447.8999938964844,453.0,444.20001220703125,449.04998779296875,414.9697265625,1499771
2019-02-06,451.0,455.0,447.1000061035156,453.70001220703125,419.2668151855469,1491252
2019-02-07,453.5,462.0,453.0,459.79998779296875,424.90380859375,2064428
2019-02-08,459.8999938964844,464.20001220703125,449.54998779296875,451.95001220703125,417.64959716796875,1970613
2019-02-11,451.0,452.5,441.79998779296875,448.95001220703125,414.8773193359375,1208431
2019-02-12,450.8999938964844,452.8999938964844,444.0,446.25,412.38214111328125,1103428
2019-02-14,438.5,444.3999938964844,437.0,440.20001220703125,406.7913818359375,1107732
2019-02-15,440.0,443.45001220703125,430.1000061035156,434.29998779296875,401.3390808105469,1882950
2019-02-18,431.3500061035156,434.5,417.5,422.3500061035156,390.296142578125,3075577
2019-02-19,420.0,427.3999938964844,417.70001220703125,420.79998779296875,388.86370849609375,1806783
2019-02-20,422.25,426.0,421.29998779296875,424.70001220703125,392.4677429199219,912999
2019-02-21,426.0,428.75,423.1000061035156,426.54998779296875,394.1773376464844,892660
2019-02-22,426.1499938964844,436.20001220703125,425.3999938964844,435.3999938964844,402.35565185546875,1427270
2019-02-25,438.5,439.8500061035156,429.75,431.8999938964844,399.121337890625,1630382
2019-02-26,426.75,433.54998779296875,424.0,428.8500061035156,396.30279541015625,1333714
2019-02-27,431.0,441.0,429.5,434.6000061035156,401.61639404296875,3023613
2019-02-28,437.95001220703125,440.0,433.0,438.04998779296875,404.8045349121094,2950017
2019-03-01,439.70001220703125,446.04998779296875,439.70001220703125,445.29998779296875,411.5043029785156,2704142
2019-03-05,445.5,445.8500061035156,440.04998779296875,442.79998779296875,409.19403076171875,3043292
2019-03-06,443.04998779296875,445.0,435.25,436.75,403.60321044921875,1699096
2019-03-07,438.75,441.79998779296875,432.1000061035156,433.1000061035156,400.23016357421875,1361590
2019-03-08,431.5,435.54998779296875,430.79998779296875,432.20001220703125,399.3984680175781,832863
2019-03-11,434.29998779296875,444.0,432.70001220703125,442.29998779296875,408.73193359375,1940292
2019-03-12,448.0,454.70001220703125,444.70001220703125,447.29998779296875,413.3525390625,2683161
2019-03-13,447.29998779296875,448.0,439.1499938964844,440.29998779296875,406.88372802734375,1630557
2019-03-14,440.0,440.79998779296875,435.1499938964844,438.8999938964844,405.5901184082031,1205591
2019-03-15,438.0,439.1499938964844,423.5,425.45001220703125,393.1608581542969,2771756
2019-03-18,426.75,428.6499938964844,422.20001220703125,427.54998779296875,395.1014099121094,1598197
2019-03-19,429.8999938964844,429.8999938964844,425.3999938964844,427.04998779296875,394.639404296875,1463935
2019-03-20,427.20001220703125,427.95001220703125,423.54998779296875,426.04998779296875,393.71527099609375,2261001
2019-03-22,426.5,428.0,424.1000061035156,425.04998779296875,392.7911376953125,2909755
2019-03-25,420.54998779296875,423.8999938964844,416.20001220703125,419.95001220703125,388.0782165527344,3136076
2019-03-26,422.0,431.70001220703125,420.29998779296875,425.1000061035156,392.83740234375,2340305
2019-03-27,425.20001220703125,427.04998779296875,409.45001220703125,411.25,380.0384826660156,5120542
2019-03-28,410.0,417.29998779296875,407.45001220703125,410.95001220703125,379.7613220214844,6247333
2019-04-01,410.04998779296875,411.3500061035156,399.1000061035156,400.95001220703125,370.5202331542969,5907663
2019-04-02,402.1000061035156,408.0,399.6000061035156,402.0,371.4905090332031,4074190
2019-04-03,406.8999938964844,408.8500061035156,402.1499938964844,403.45001220703125,372.83050537109375,3689189
2019-04-04,405.6000061035156,406.79998779296875,403.25,405.04998779296875,374.30902099609375,2366959
2019-04-05,405.5,407.1499938964844,399.6499938964844,400.3500061035156,369.96575927734375,2956038
2019-04-08,401.04998779296875,405.0,400.3999938964844,401.1000061035156,370.65887451171875,1381349
2019-04-09,402.0,404.54998779296875,400.0,403.6499938964844,373.0152893066406,1468121
2019-04-10,406.75,408.75,401.25,403.29998779296875,372.6918029785156,2861296
2019-04-11,403.5,406.20001220703125,399.29998779296875,403.70001220703125,373.0614929199219,1319979
2019-04-12,404.6000061035156,409.3500061035156,403.0,407.29998779296875,376.3882751464844,3346428
2019-04-15,409.0,411.0,404.8500061035156,405.75,374.9559020996094,1289166
2019-04-16,406.6499938964844,410.0,406.3500061035156,409.0,377.9592590332031,1586331
2019-04-18,409.8999938964844,412.0,403.54998779296875,404.95001220703125,374.2166748046875,1435665
2019-04-22,405.70001220703125,405.8500061035156,401.5,403.54998779296875,372.9228210449219,838599
2019-04-23,404.1000061035156,406.70001220703125,402.0,403.04998779296875,372.46087646484375,1045407
2019-04-24,403.8500061035156,404.29998779296875,397.0,398.6499938964844,368.39483642578125,1863429
2019-04-25,398.6499938964844,401.70001220703125,393.79998779296875,395.1000061035156,365.1141662597656,1937889
2019-04-26,395.25,400.6000061035156,394.5,397.95001220703125,367.7479248046875,1400795
2019-04-30,398.54998779296875,403.1000061035156,397.0,398.1000061035156,367.886474609375,2073958
2019-05-02,398.1000061035156,399.70001220703125,376.8999938964844,382.1499938964844,353.14703369140625,13091778
2019-05-03,382.1499938964844,385.8999938964844,377.29998779296875,380.20001220703125,351.3450622558594,5523649
2019-05-06,380.0,380.95001220703125,375.1000061035156,377.75,349.0809326171875,1785915
2019-05-07,378.54998779296875,384.3500061035156,374.45001220703125,375.5,347.00164794921875,3510917
2019-05-08,375.5,375.75,365.0,367.25,339.37786865234375,5290060
2019-05-09,367.0,368.5,364.3999938964844,367.29998779296875,339.4240417480469,1718130
2019-05-10,368.20001220703125,371.45001220703125,367.45001220703125,369.79998779296875,341.7342834472656,3122309
2019-05-13,368.0,372.25,362.04998779296875,363.1499938964844,335.5889892578125,2096407
2019-05-14,363.6499938964844,370.75,360.54998779296875,368.6000061035156,340.6253967285156,2082247
2019-05-15,369.0,370.8500061035156,362.5,363.54998779296875,335.9586181640625,1360428
2019-05-16,365.1000061035156,365.1000061035156,357.54998779296875,361.04998779296875,333.64837646484375,1864739
2019-05-17,361.0,377.29998779296875,361.0,370.04998779296875,341.96527099609375,6586973
2019-05-20,377.6000061035156,384.54998779296875,374.25,382.3999938964844,353.3780822753906,4140456
2019-05-21,389.95001220703125,389.95001220703125,381.6499938964844,382.95001220703125,353.8863220214844,2949046
2019-05-22,383.0,386.95001220703125,378.8500061035156,385.6499938964844,356.38140869140625,1811235
2019-05-23,390.29998779296875,393.6499938964844,384.29998779296875,385.45001220703125,356.1965637207031,2477785
2019-05-24,390.0,405.95001220703125,388.0,399.04998779296875,368.7643737792969,5822005
2019-05-27,400.20001220703125,408.3999938964844,397.3999938964844,400.1000061035156,369.73468017578125,3052919
2019-05-28,402.0,405.8999938964844,396.04998779296875,398.1000061035156,367.886474609375,3755326
2019-05-29,396.70001220703125,400.75,391.0,399.0,368.7181396484375,1312259
2019-05-30,399.95001220703125,402.0,394.20001220703125,396.3500061035156,366.2693176269531,1171056
2019-05-31,396.95001220703125,403.20001220703125,394.8500061035156,395.95001220703125,365.89971923828125,3194649
2019-06-03,400.0,409.5,398.04998779296875,408.79998779296875,377.7744140625,3171471
2019-06-04,408.70001220703125,410.29998779296875,404.20001220703125,405.54998779296875,374.7710876464844,1662840
2019-06-06,406.0,408.70001220703125,401.5,402.95001220703125,372.3684387207031,1621809
2019-06-07,403.1000061035156,408.29998779296875,400.8500061035156,404.1499938964844,373.47735595703125,1097730
2019-06-10,408.0,414.3500061035156,406.8999938964844,409.29998779296875,378.23651123046875,2216371
2019-06-11,411.0,413.95001220703125,407.0,409.75,378.6523742675781,1644164
2019-06-12,409.70001220703125,410.45001220703125,406.1499938964844,409.0,377.9592590332031,930133
2019-06-13,410.8500061035156,411.0,406.20001220703125,409.04998779296875,378.0054931640625,1347458
2019-06-14,408.0,408.8999938964844,400.0,400.54998779296875,370.1505126953125,1247599
2019-06-17,398.3500061035156,404.6000061035156,398.3500061035156,400.8500061035156,370.4278564453125,1561211
2019-06-18,398.0,399.25,382.29998779296875,387.70001220703125,358.2757873535156,4943967
2019-06-19,387.0,387.0,379.1000061035156,381.95001220703125,352.9622497558594,2457109
2019-06-20,380.0,389.79998779296875,376.8500061035156,387.79998779296875,358.3681335449219,1635129
2019-06-21,388.0,393.95001220703125,385.8999938964844,392.6000061035156,362.803955078125,2511877
2019-06-24,392.6000061035156,396.3999938964844,388.04998779296875,392.3500061035156,362.5729064941406,1284017
2019-06-25,389.6000061035156,395.3999938964844,388.20001220703125,394.29998779296875,364.3749084472656,1284969
2019-06-26,394.0,397.25,392.6000061035156,394.25,364.3287048339844,1161718
2019-06-27,396.6000061035156,402.8999938964844,395.04998779296875,401.1000061035156,370.65887451171875,1810323
2019-06-28,403.0,403.1000061035156,394.29998779296875,400.5,370.10443115234375,1385118
2019-07-01,400.79998779296875,405.3500061035156,399.29998779296875,401.75,371.259521484375,1475814
2019-07-02,403.0,404.1499938964844,397.79998779296875,402.6499938964844,372.0911560058594,705067
2019-07-03,403.6000061035156,410.0,402.6000061035156,407.6499938964844,376.7117004394531,2134582
2019-07-04,407.6499938964844,407.6499938964844,400.79998779296875,402.95001220703125,372.3684387207031,1981032
2019-07-05,403.6000061035156,411.5,403.6000061035156,407.29998779296875,376.3882751464844,3490386
2019-07-08,405.20001220703125,408.95001220703125,399.75,401.3500061035156,370.88983154296875,1995705
2019-07-09,401.6499938964844,407.25,397.29998779296875,406.25,375.41796875,1626488
2019-07-10,404.0,410.8999938964844,404.0,409.75,378.6523742675781,1681840
2019-07-11,411.0,411.79998779296875,405.25,409.25,378.1902770996094,1473109
2019-07-12,410.04998779296875,413.0,406.0,407.70001220703125,376.7579040527344,1868831
2019-07-15,407.0,411.70001220703125,406.1499938964844,410.70001220703125,379.5302429199219,1439581
2019-07-16,408.6000061035156,426.95001220703125,407.25,425.0,392.74493408203125,3403659
2019-07-17,425.0,433.25,424.5,431.1499938964844,398.4281921386719,3953381
2019-07-18,429.8999938964844,435.25,426.6499938964844,428.8999938964844,396.3489685058594,3432159
2019-07-19,431.04998779296875,435.3999938964844,415.8500061035156,420.20001220703125,388.3092041015625,12364368
2019-07-22,423.6000061035156,428.8999938964844,417.79998779296875,421.3999938964844,389.41815185546875,3104361
2019-07-23,422.8999938964844,427.45001220703125,418.29998779296875,423.75,391.58978271484375,2420287
2019-07-24,423.75,423.75,413.54998779296875,420.95001220703125,389.0023193359375,2726560
2019-07-25,420.79998779296875,426.3500061035156,419.04998779296875,422.8500061035156,390.7580871582031,2074309
2019-07-26,423.20001220703125,429.5,421.54998779296875,428.1499938964844,395.65582275390625,1517097
2019-07-29,429.0,433.8500061035156,425.0,427.8999938964844,395.4248046875,1868355
2019-07-30,428.0,429.25,420.54998779296875,422.95001220703125,390.8505554199219,1587114
2019-07-31,422.95001220703125,429.6000061035156,415.70001220703125,426.45001220703125,394.0849914550781,1776047
2019-08-01,424.45001220703125,428.0,421.8500061035156,425.3999938964844,393.1145935058594,1848165
2019-08-02,424.0,428.95001220703125,422.6000061035156,426.5,394.1311340332031,2240395
2019-08-05,424.29998779296875,432.0,421.0,429.6000061035156,396.9958801269531,1525725
2019-08-06,428.1499938964844,439.0,425.6000061035156,433.5,400.599853515625,2116448
2019-08-07,433.0,438.0,429.20001220703125,430.6499938964844,399.3479919433594,1457292
2019-08-08,432.6499938964844,437.8999938964844,431.5,435.3999938964844,403.75274658203125,1319364
2019-08-09,436.3500061035156,440.8500061035156,431.3500061035156,439.04998779296875,407.1374206542969,2005066
2019-08-13,438.0,438.5,427.0,429.25,398.0497741699219,1357430
2019-08-14,430.3500061035156,433.8500061035156,426.0,431.75,400.3680419921875,1117663
2019-08-16,430.95001220703125,431.6000061035156,427.1000061035156,428.04998779296875,396.93695068359375,1115520
2019-08-19,428.1000061035156,436.0,428.1000061035156,432.1000061035156,400.692626953125,1127677
2019-08-20,432.1000061035156,433.25,428.20001220703125,431.75,400.3680419921875,1064051
2019-08-21,431.70001220703125,431.70001220703125,421.6000061035156,427.04998779296875,396.0096130371094,1151788
2019-08-22,425.0,431.8500061035156,424.79998779296875,427.5,396.4269714355469,1582956
2019-08-23,426.0,429.6499938964844,422.8500061035156,424.3999938964844,393.5522766113281,1681100
2019-08-26,426.0,437.0,419.25,435.8500061035156,404.1700439453125,1464917
2019-08-27,436.0,446.8999938964844,436.0,440.1499938964844,408.1575012207031,3122216
2019-08-28,441.0,442.1499938964844,433.1499938964844,434.79998779296875,403.1963806152344,1583233
2019-08-29,434.75,445.0,432.0,442.8500061035156,410.6612548828125,1652654
2019-08-30,444.70001220703125,450.3500061035156,444.0,448.79998779296875,416.1787109375,3191823
2019-09-03,447.95001220703125,452.29998779296875,439.3999938964844,443.04998779296875,410.8466796875,2282758
2019-09-04,443.54998779296875,446.79998779296875,433.95001220703125,442.20001220703125,410.0584716796875,2053458
2019-09-05,444.45001220703125,445.6499938964844,437.1000061035156,438.95001220703125,407.0447082519531,887639
2019-09-06,440.45001220703125,442.6499938964844,437.1499938964844,441.29998779296875,409.2239685058594,500428
2019-09-09,441.0,447.20001220703125,438.0,444.25,411.9594421386719,1327946
2019-09-11,445.0,450.0,441.70001220703125,449.1000061035156,416.4569091796875,3044215
2019-09-12,449.1000061035156,451.70001220703125,446.54998779296875,450.20001220703125,417.47705078125,1327793
2019-09-13,451.70001220703125,454.6499938964844,446.54998779296875,452.20001220703125,419.3316345214844,2368150
2019-09-16,449.8999938964844,457.29998779296875,449.0,454.75,421.6962585449219,2261361
2019-09-17,455.0,456.8500061035156,450.25,451.70001220703125,418.8679504394531,1991114
2019-09-18,453.95001220703125,462.0,451.95001220703125,460.0,426.5646667480469,2286519
2019-09-19,462.8500061035156,462.8500061035156,456.3999938964844,458.54998779296875,425.2200622558594,1914739
2019-09-20,458.5,469.20001220703125,441.1000061035156,445.70001220703125,413.3041076660156,5241569
2019-09-23,443.0,451.75,432.70001220703125,440.79998779296875,408.7602233886719,3523419
2019-09-24,441.0,453.54998779296875,436.0,451.8999938964844,419.0533752441406,3051265
2019-09-25,452.0,453.29998779296875,441.95001220703125,445.54998779296875,413.1649475097656,1691954
2019-09-26,445.54998779296875,449.79998779296875,443.0,447.20001220703125,414.69500732421875,1913386
2019-09-27,446.20001220703125,448.8999938964844,442.0,447.1000061035156,414.602294921875,1470958
2019-09-30,446.0,449.25,442.04998779296875,447.25,414.7414245605469,1130716
2019-10-01,446.0,451.5,438.0,439.6499938964844,407.69390869140625,1043636
2019-10-03,436.1000061035156,438.95001220703125,431.6499938964844,433.6499938964844,402.1299743652344,1637904
2019-10-04,434.75,436.04998779296875,424.25,425.70001220703125,394.7577819824219,2334293
2019-10-07,425.1499938964844,433.95001220703125,421.5,432.54998779296875,401.10986328125,1546043
2019-10-09,432.79998779296875,445.75,431.25,443.79998779296875,411.54217529296875,1488325
2019-10-10,443.3999938964844,443.45001220703125,436.45001220703125,439.3999938964844,407.46197509765625,571364
2019-10-11,441.3999938964844,447.0,440.0,445.6000061035156,413.2113037109375,846266
2019-10-14,446.8500061035156,456.8500061035156,444.0,455.0,421.92816162109375,2030424
2019-10-15,458.6000061035156,459.04998779296875,447.3999938964844,450.0,417.29144287109375,2746832
2019-10-16,452.0,458.0,450.0,456.1000061035156,422.9481506347656,927864
2019-10-17,455.95001220703125,463.6000061035156,454.3999938964844,462.3999938964844,428.7902526855469,1122519
2019-10-18,462.5,467.70001220703125,461.0,466.5,432.59222412109375,918558
2019-10-22,466.0,480.0,465.70001220703125,472.6000061035156,438.2489013671875,1981127
2019-10-23,474.0,478.1000061035156,468.3500061035156,471.75,437.4606018066406,1432436
2019-10-24,472.04998779296875,479.0,464.29998779296875,469.79998779296875,435.6523742675781,1429210
2019-10-25,472.1499938964844,472.79998779296875,463.0,465.54998779296875,431.7112731933594,649773
2019-10-27,468.6499938964844,470.79998779296875,467.0,469.29998779296875,435.18865966796875,153353
2019-10-29,469.29998779296875,469.8999938964844,458.70001220703125,465.8500061035156,431.9894714355469,1134661
2019-10-30,465.8500061035156,467.79998779296875,456.95001220703125,460.3500061035156,426.8892517089844,1796647
2019-10-31,462.0,465.0,458.1499938964844,461.95001220703125,428.3729248046875,1885493
2019-11-01,462.5,471.95001220703125,461.0,463.8500061035156,430.13482666015625,1818491
2019-11-04,464.20001220703125,467.95001220703125,458.0,460.3999938964844,426.9356384277344,1679706
2019-11-05,459.04998779296875,483.3999938964844,455.20001220703125,481.3500061035156,446.3628234863281,8858287
2019-11-06,484.5,487.70001220703125,473.5,476.54998779296875,441.9117126464844,3883468
2019-11-07,478.54998779296875,480.79998779296875,472.0,477.70001220703125,442.9781494140625,1456741
2019-11-08,477.70001220703125,484.29998779296875,471.6000061035156,473.6499938964844,439.2225341796875,1561299
2019-11-11,474.3999938964844,480.6000061035156,472.1000061035156,477.45001220703125,442.746337890625,1100336
2019-11-13,479.0,480.6499938964844,462.45001220703125,463.8999938964844,431.44635009765625,1734670
2019-11-14,465.5,468.75,455.0,462.54998779296875,430.1907043457031,1593020
2019-11-15,464.5,466.6000061035156,460.04998779296875,461.70001220703125,429.4002380371094,594085
2019-11-18,461.70001220703125,462.8500061035156,452.20001220703125,455.1000061035156,423.2619934082031,1318573
2019-11-19,455.8999938964844,456.6499938964844,448.6000061035156,453.70001220703125,421.95989990234375,1811882
2019-11-20,458.0,470.8999938964844,455.5,468.79998779296875,436.0034484863281,2389925
2019-11-21,470.0,473.8999938964844,462.3999938964844,464.25,431.77178955078125,2168444
2019-11-22,464.1000061035156,464.8999938964844,457.04998779296875,463.79998779296875,431.3533020019531,1117561
2019-11-25,463.70001220703125,470.70001220703125,463.6499938964844,469.6000061035156,436.74755859375,1229982
2019-11-26,470.29998779296875,476.95001220703125,459.0,462.75,430.37677001953125,6724984
2019-11-27,465.1000061035156,470.45001220703125,462.8500061035156,469.29998779296875,436.468505859375,1173971
2019-11-28,467.0,471.75,464.29998779296875,466.25,433.63189697265625,893025
2019-11-29,466.75,466.8999938964844,457.29998779296875,459.1000061035156,426.9820556640625,3751777
2019-12-02,458.8999938964844,459.1000061035156,449.25,453.75,422.0063781738281,3468701
2019-12-03,453.6000061035156,454.79998779296875,449.70001220703125,451.04998779296875,419.4952697753906,2600811
2019-12-04,452.8999938964844,458.75,446.1499938964844,457.79998779296875,425.7730407714844,3264668
2019-12-05,456.1000061035156,466.8500061035156,455.6000061035156,466.1000061035156,433.4924011230469,2047971
2019-12-06,468.75,471.8500061035156,460.8999938964844,463.79998779296875,431.3533020019531,1614204
2019-12-09,463.8500061035156,468.5,461.5,465.3500061035156,432.79486083984375,1721369
2019-12-10,463.6499938964844,464.8999938964844,455.0,456.8999938964844,424.93597412109375,1963909
2019-12-11,458.5,459.1499938964844,448.3999938964844,451.3999938964844,419.8207702636719,2047964
2019-12-12,453.1000061035156,460.3500061035156,451.70001220703125,457.70001220703125,425.6800842285156,974325
2019-12-13,460.0,462.79998779296875,457.6499938964844,460.0,427.81915283203125,855397
2019-12-16,461.0,462.0,456.0,459.5,427.3541259765625,903982
2019-12-17,459.0,462.3999938964844,456.3999938964844,460.6000061035156,428.3772277832031,1011059
2019-12-18,458.5,464.20001220703125,457.20001220703125,462.79998779296875,430.42327880859375,1178799
2019-12-19,463.6000061035156,466.0,458.5,460.0,427.81915283203125,1348905
2019-12-20,459.8999938964844,461.95001220703125,457.70001220703125,459.79998779296875,427.6330871582031,1603344
2019-12-23,458.0,462.8999938964844,456.95001220703125,461.0,428.74920654296875,1339055
2019-12-24,459.5,461.0,454.6499938964844,457.70001220703125,425.6800842285156,748881
2019-12-26,457.70001220703125,461.20001220703125,456.70001220703125,457.6000061035156,425.5870361328125,744378
2019-12-27,459.8999938964844,460.8999938964844,455.8999938964844,459.79998779296875,427.6330871582031,1081584
2019-12-30,459.5,465.6499938964844,458.3500061035156,462.6000061035156,430.23724365234375,1349981
2019-12-31,462.6000061035156,466.79998779296875,457.5,458.3999938964844,426.3310852050781,1167751
2020-01-01,459.70001220703125,460.79998779296875,457.54998779296875,459.79998779296875,427.6330871582031,495678
2020-01-02,459.79998779296875,462.20001220703125,458.0,459.95001220703125,427.7726745605469,502422
2020-01-03,459.0,460.70001220703125,453.54998779296875,455.6000061035156,423.7269592285156,1376230
2020-01-06,454.0,456.45001220703125,445.70001220703125,448.0,416.65869140625,1415568
2020-01-07,450.29998779296875,456.0,449.1499938964844,453.5,421.7738952636719,966767
2020-01-08,449.79998779296875,457.95001220703125,446.6000061035156,456.6499938964844,424.7035217285156,1291151
2020-01-09,459.1499938964844,464.0,457.75,460.70001220703125,428.47021484375,1811623
2020-01-10,463.0,469.0,459.8999938964844,466.8500061035156,434.18994140625,1037751
2020-01-13,469.75,479.45001220703125,469.5,478.70001220703125,445.21087646484375,2755979
2020-01-14,480.95001220703125,483.6499938964844,477.54998779296875,482.6499938964844,448.88458251953125,1804874
2020-01-15,481.95001220703125,492.1000061035156,480.25,490.54998779296875,456.23187255859375,1346372
2020-01-16,491.75,494.3999938964844,485.3500061035156,487.6000061035156,453.4883117675781,2012701
2020-01-17,488.0,491.95001220703125,486.70001220703125,489.6499938964844,455.3948669433594,1015739
2020-01-20,489.6499938964844,492.70001220703125,484.54998779296875,486.04998779296875,452.0467529296875,1406615
2020-01-21,485.3999938964844,488.3500061035156,480.45001220703125,487.0,452.93017578125,788507
2020-01-22,489.20001220703125,494.0,486.25,486.79998779296875,452.7442626953125,1140015
2020-01-23,486.70001220703125,492.0,482.75,489.79998779296875,455.5343322753906,798731
2020-01-24,490.04998779296875,501.8999938964844,490.0,500.5,465.48583984375,2564212
2020-01-27,500.3999938964844,505.8500061035156,491.6499938964844,493.20001220703125,458.69647216796875,1640739
2020-01-28,493.25,499.20001220703125,486.75,488.3999938964844,454.2322998046875,1372031
2020-01-29,490.8999938964844,495.5,488.70001220703125,491.6000061035156,457.2084655761719,830287
2020-01-30,492.0,496.20001220703125,472.1499938964844,478.75,445.2573547363281,7747030
2020-01-31,483.95001220703125,503.45001220703125,480.04998779296875,495.75,461.068115234375,7462427
2020-02-03,484.8999938964844,500.8999938964844,483.8999938964844,497.0,462.2306823730469,3688146
2020-02-04,498.20001220703125,513.0,498.1000061035156,503.3500061035156,468.1364440917969,3128490
2020-02-05,505.0,513.0,503.5,511.1499938964844,475.3907470703125,1728547
2020-02-06,514.4000244140625,518.0,505.29998779296875,509.6499938964844,473.99566650390625,1730852
2020-02-07,512.7999877929688,517.7000122070312,506.3999938964844,513.6500244140625,477.7159118652344,1439486
2020-02-10,513.5999755859375,517.5,508.54998779296875,512.8499755859375,476.9718322753906,1094750
2020-02-11,514.8499755859375,517.0,507.79998779296875,508.8999938964844,473.29815673828125,1212549
2020-02-12,511.29998779296875,523.25,511.29998779296875,519.9000244140625,483.5286560058594,2805428
2020-02-13,518.7999877929688,518.7999877929688,510.6499938964844,512.7000122070312,476.8323059082031,1632953
2020-02-14,515.0,516.9500122070312,503.45001220703125,506.1000061035156,470.6940612792969,1260687
2020-02-17,506.45001220703125,510.0,500.25,500.95001220703125,465.90435791015625,1336491
2020-02-18,499.0,507.20001220703125,496.0,504.54998779296875,469.2524719238281,2041114
2020-02-19,499.0,510.5,488.8500061035156,508.04998779296875,472.50762939453125,3634077
2020-02-20,509.0,517.0,503.04998779296875,506.1499938964844,470.7405700683594,2543540
2020-02-24,503.54998779296875,513.4000244140625,498.5,501.0,465.9508361816406,3415189
2020-02-25,503.5,509.5,499.1000061035156,500.25,465.2533264160156,2111814
2020-02-26,501.0,507.0,497.25,501.95001220703125,466.8343811035156,2775398
2020-02-27,502.79998779296875,508.20001220703125,501.3999938964844,506.3500061035156,470.9265441894531,3265481
2020-02-28,501.0,504.95001220703125,492.0,496.1000061035156,461.3936462402344,4192788
2020-03-02,503.79998779296875,513.7000122070312,493.70001220703125,499.25,464.3232727050781,3441005
2020-03-03,503.0,513.0,500.29998779296875,506.6000061035156,471.1590576171875,3579242
2020-03-04,511.0,516.9000244140625,506.6000061035156,514.4000244140625,478.41339111328125,3354621
2020-03-05,520.0,525.0,514.5499877929688,517.9500122070312,481.715087890625,3594544
2020-03-06,511.0,513.25,496.20001220703125,500.54998779296875,465.5323181152344,2903801
2020-03-09,492.0,494.95001220703125,478.1000061035156,483.1499938964844,449.349609375,2176031
2020-03-11,479.79998779296875,494.3500061035156,476.45001220703125,488.0,453.8603210449219,2848963
2020-03-12,477.5,478.0,451.70001220703125,455.25,423.4014892578125,2856276
2020-03-13,425.0,472.75,401.70001220703125,450.6000061035156,419.0767517089844,4078543
2020-03-16,439.3999938964844,454.95001220703125,426.3999938964844,431.5,401.3129577636719,3101283
2020-03-17,431.5,450.8999938964844,424.3999938964844,430.3999938964844,400.28997802734375,2506801
2020-03-18,435.0,437.25,412.1000061035156,414.54998779296875,385.5487365722656,2896377
2020-03-19,400.45001220703125,428.45001220703125,390.5,418.8500061035156,389.5479431152344,3097171
2020-03-20,419.0,452.70001220703125,415.0,444.3500061035156,413.2640380859375,4011074
2020-03-23,408.0,428.0,386.04998779296875,396.04998779296875,368.3429260253906,2662357
2020-03-24,392.1499938964844,419.6000061035156,391.0,401.20001220703125,373.1327209472656,4911904
2020-03-25,403.6499938964844,412.04998779296875,391.04998779296875,405.20001220703125,376.8528747558594,4409305
2020-03-26,415.0,433.95001220703125,400.54998779296875,425.95001220703125,396.15118408203125,5838526
2020-03-27,441.5,445.6000061035156,418.0,423.0,393.4075927734375,3674758
2020-03-30,415.0,434.8999938964844,404.1000061035156,427.54998779296875,397.6392822265625,3175357
2020-03-31,435.8999938964844,455.54998779296875,430.45001220703125,450.04998779296875,418.565185546875,3302637
2020-04-01,450.8999938964844,454.79998779296875,430.29998779296875,434.8500061035156,404.4285888671875,2154766
2020-04-03,444.5,454.25,424.04998779296875,427.79998779296875,397.8717956542969,4235746
2020-04-07,446.8500061035156,489.0,434.3999938964844,477.54998779296875,444.14129638671875,4522049
2020-04-08,474.29998779296875,517.4000244140625,470.0,488.29998779296875,454.13934326171875,5642395
2020-04-09,501.0,514.0,479.25,485.3500061035156,451.39569091796875,5377864
2020-04-13,485.8999938964844,492.95001220703125,472.75,479.79998779296875,446.23394775390625,2769922
2020-04-15,480.0,506.0,480.0,502.8500061035156,467.67138671875,4343214
2020-04-16,497.75,509.0,492.1499938964844,503.5,468.27593994140625,3438673
2020-04-17,515.0,515.0,487.20001220703125,490.1000061035156,455.8133850097656,3429703
2020-04-20,492.3999938964844,499.95001220703125,482.5,492.8500061035156,458.3710021972656,3233932
2020-04-21,486.5,503.0,484.0,498.20001220703125,463.3467712402344,4518995
2020-04-22,498.5,504.79998779296875,495.54998779296875,502.70001220703125,467.5318908691406,2801897
2020-04-23,506.1000061035156,516.1500244140625,497.04998779296875,499.0,464.0907287597656,4322555
2020-04-24,499.0,503.75,494.5,499.04998779296875,464.1372375488281,2376828
2020-04-27,502.0,504.6499938964844,487.25,491.75,457.34796142578125,4482196
2020-04-28,494.0,494.3999938964844,482.3999938964844,487.54998779296875,453.4417724609375,2010508
2020-04-29,490.0,490.6499938964844,475.45001220703125,478.25,444.7923278808594,2503008
2020-04-30,485.0,495.3500061035156,478.25,489.29998779296875,455.0693359375,4295419
2020-05-04,480.0,482.79998779296875,465.70001220703125,468.75,435.9570617675781,3267221
2020-05-05,471.0,475.54998779296875,450.0,452.5,420.84381103515625,3676031
2020-05-06,454.95001220703125,458.3500061035156,443.1000061035156,455.70001220703125,423.8199768066406,4087839
2020-05-07,456.5,456.5,440.0,441.8999938964844,410.9853515625,3356812
2020-05-08,447.0,452.0,441.6499938964844,446.79998779296875,415.5426330566406,3238325
2020-05-11,450.0,454.70001220703125,443.5,446.54998779296875,415.3100280761719,2890780
2020-05-12,447.0,451.75,439.20001220703125,443.1499938964844,412.1479187011719,2465770
2020-05-13,458.0,458.6000061035156,442.45001220703125,444.04998779296875,412.9849853515625,2202274
2020-05-14,445.5,461.0,445.0,458.6000061035156,426.5171203613281,3710845
2020-05-15,463.0,463.6499938964844,441.3500061035156,443.8999938964844,412.845458984375,4049485
2020-05-18,446.0,446.0,430.1000061035156,436.1000061035156,405.5911560058594,3056578
2020-05-19,440.45001220703125,447.1499938964844,433.5,437.1000061035156,406.52117919921875,3631044
2020-05-20,437.79998779296875,444.95001220703125,435.25,439.6499938964844,408.892822265625,2543929
2020-05-21,440.0,449.3999938964844,439.1000061035156,440.1499938964844,409.3578186035156,2934438
2020-05-22,439.6000061035156,443.95001220703125,429.8999938964844,431.70001220703125,401.4990234375,3326987
2020-05-26,431.70001220703125,436.20001220703125,427.3999938964844,433.1000061035156,402.801025390625,3334407
2020-05-27,432.0,434.8500061035156,424.1000061035156,428.95001220703125,398.9413757324219,5829539
2020-05-28,429.95001220703125,451.25,421.20001220703125,448.3999938964844,417.0306701660156,10807910
2020-05-29,443.75,470.0,440.29998779296875,466.45001220703125,433.8179626464844,7711038
2020-06-01,470.0,473.95001220703125,462.0,469.25,436.42205810546875,6224484
2020-06-02,469.25,476.8999938964844,459.04998779296875,460.8500061035156,428.60968017578125,3195295
2020-06-03,464.1000061035156,470.6000061035156,457.1000061035156,463.3500061035156,430.934814453125,3870392
2020-06-04,465.0,469.45001220703125,458.0,462.54998779296875,430.1907043457031,2631670
2020-06-05,464.0,466.5,457.5,462.8500061035156,430.4697265625,2549236
2020-06-08,469.5,469.5,456.95001220703125,458.1000061035156,426.05206298828125,2555231
2020-06-09,460.29998779296875,475.8500061035156,458.70001220703125,466.54998779296875,433.910888671875,5028353
2020-06-10,468.0,473.8999938964844,458.8999938964844,461.8999938964844,429.5862121582031,3751933
2020-06-11,461.8999938964844,465.0,448.0,450.1000061035156,418.6117858886719,3476454
2020-06-12,431.3500061035156,457.0,431.0,455.6499938964844,423.7734680175781,2789834
2020-06-15,456.0,460.45001220703125,451.8999938964844,453.6499938964844,421.9133605957031,1990031
2020-06-16,455.6000061035156,458.0,445.79998779296875,448.5,417.1236267089844,3353195
2020-06-17,446.5,457.3999938964844,438.0,440.5,409.68328857421875,4824055
2020-06-18,440.0,443.54998779296875,436.5,440.0,409.2183532714844,3947046
2020-06-19,442.8999938964844,449.5,441.5,443.04998779296875,412.0549011230469,4482029
2020-06-22,445.0,449.0,441.04998779296875,443.5,412.47344970703125,3082797
2020-06-23,441.5,460.0,441.5,458.6000061035156,426.5171203613281,5596513
2020-06-24,460.95001220703125,464.8500061035156,450.79998779296875,455.04998779296875,423.2154235839844,3473535
2020-06-25,454.6000061035156,465.75,452.75,459.1499938964844,427.0285949707031,3845591
2020-06-26,462.1000061035156,464.95001220703125,455.04998779296875,460.3500061035156,428.14459228515625,3102744
2020-06-29,460.0,469.0,458.1000061035156,463.75,431.3067626953125,5083680
2020-06-30,468.5,472.70001220703125,462.5,465.95001220703125,433.3529052734375,4999118
2020-07-01,470.8999938964844,471.0,465.54998779296875,466.6000061035156,433.9574279785156,2383843
2020-07-02,469.5,471.5,463.8999938964844,465.04998779296875,432.5158386230469,2370799
2020-07-03,467.1000061035156,470.75,464.70001220703125,467.04998779296875,434.3759460449219,2323284
2020-07-06,470.0,470.1000061035156,464.0,465.95001220703125,433.3529052734375,1892579
2020-07-07,466.0,481.8999938964844,465.04998779296875,478.54998779296875,445.0713806152344,5373286
2020-07-08,483.8999938964844,483.8999938964844,471.04998779296875,473.25,440.1422119140625,2670696
2020-07-09,466.0,477.0,466.0,473.04998779296875,439.9561767578125,1944218
2020-07-10,473.3999938964844,478.3999938964844,472.1000061035156,474.1499938964844,440.9792175292969,2126443
2020-07-13,474.95001220703125,486.0,474.6000061035156,484.5,450.6051330566406,3108357
2020-07-14,486.0,487.3999938964844,475.8500061035156,479.45001220703125,445.908447265625,3209743
2020-07-15,484.8999938964844,486.8500061035156,477.3500061035156,479.6499938964844,446.09442138671875,2305139
2020-07-16,481.0,489.0,474.5,487.6499938964844,453.5347900390625,3164943
2020-07-17,489.95001220703125,495.3500061035156,483.5,490.75,456.41790771484375,5791083
2020-07-20,494.0,503.0,487.29998779296875,500.95001220703125,465.90435791015625,3529535
2020-07-21,499.1000061035156,502.70001220703125,490.45001220703125,491.6499938964844,457.2549133300781,3328043
2020-07-22,493.0,495.20001220703125,478.3999938964844,481.04998779296875,447.39654541015625,3073060
2020-07-23,482.95001220703125,486.8500061035156,476.6499938964844,479.45001220703125,445.908447265625,2331308
2020-07-24,479.0,482.79998779296875,470.1499938964844,471.5,438.51458740234375,2141706
2020-07-27,473.0,474.20001220703125,462.95001220703125,466.3999938964844,433.7713623046875,3751567
2020-07-28,466.3999938964844,477.0,466.0,475.1000061035156,441.8628234863281,3183237
2020-07-29,476.75,491.6499938964844,476.54998779296875,489.6000061035156,455.348388671875,6554407
2020-07-30,493.8999938964844,497.75,480.75,491.8999938964844,457.48748779296875,8628513
2020-07-31,496.0,515.0,494.04998779296875,513.5499877929688,477.6228942871094,8509912
2020-08-03,514.8499755859375,518.6500244140625,507.29998779296875,510.45001220703125,474.73974609375,4310402
2020-08-04,515.0,516.2000122070312,505.54998779296875,506.95001220703125,471.484619140625,2173942
2020-08-05,508.04998779296875,511.1499938964844,501.0,503.04998779296875,467.85748291015625,2597217
2020-08-06,503.95001220703125,509.6000061035156,501.29998779296875,506.79998779296875,471.3450622558594,2349815
2020-08-07,507.8999938964844,513.7000122070312,506.04998779296875,512.2999877929688,476.4602966308594,2754108
2020-08-10,515.0,528.0,506.3500061035156,508.54998779296875,472.9726257324219,5418102
2020-08-11,510.0,524.5999755859375,510.0,513.1500244140625,477.2508850097656,5206538
2020-08-12,513.9000244140625,519.5,502.0,503.6000061035156,468.3690185546875,4289689
2020-08-13,508.8999938964844,509.29998779296875,495.75,497.8500061035156,464.4969787597656,3607000
2020-08-14,499.5,501.6000061035156,488.75,497.1000061035156,463.7972106933594,4703261
2020-08-17,503.54998779296875,503.54998779296875,491.0,495.54998779296875,462.3510437011719,2880081
2020-08-18,494.0,499.1000061035156,492.75,497.0,463.70391845703125,3279512
2020-08-19,497.0,504.8999938964844,493.0,494.20001220703125,461.0915222167969,3390431
2020-08-20,492.79998779296875,496.8500061035156,490.3500061035156,492.6000061035156,459.5987243652344,1638348
2020-08-21,496.5,498.5,491.0,491.95001220703125,458.99224853515625,1911355
2020-08-24,492.29998779296875,495.45001220703125,486.54998779296875,490.5,457.6393737792969,2692195
2020-08-25,492.95001220703125,494.0,486.29998779296875,491.95001220703125,458.99224853515625,2055713
2020-08-26,496.0,502.0,492.1499938964844,495.95001220703125,462.7242126464844,4093077
2020-08-27,498.75,499.3500061035156,491.0,493.1499938964844,460.1118469238281,1859971
2020-08-28,495.20001220703125,495.6499938964844,488.0,489.1000061035156,456.33319091796875,1854626
2020-08-31,491.3999938964844,495.3999938964844,470.8999938964844,474.6000061035156,442.8045654296875,4785569
2020-09-01,478.3999938964844,491.0,473.6499938964844,487.6000061035156,454.9337158203125,3914565
2020-09-02,488.79998779296875,494.79998779296875,487.6000061035156,489.5,456.70635986328125,2111745
2020-09-03,491.70001220703125,497.29998779296875,484.75,494.70001220703125,461.5580139160156,2149283
2020-09-04,493.0,496.0,481.29998779296875,483.79998779296875,451.38824462890625,2578717
2020-09-07,486.8999938964844,490.95001220703125,478.3999938964844,487.8999938964844,455.2135314941406,2630952
2020-09-08,484.20001220703125,490.3999938964844,481.5,486.3999938964844,453.8140869140625,2088168
2020-09-09,485.0,494.0,482.04998779296875,492.3500061035156,459.36541748046875,2157196
2020-09-10,497.3999938964844,497.5,489.6000061035156,495.5,462.304443359375,2500434
2020-09-11,491.70001220703125,511.70001220703125,491.70001220703125,508.25,474.2002258300781,5351472
2020-09-14,511.0,514.7000122070312,498.25,504.20001220703125,470.42156982421875,4233220
2020-09-15,503.8999938964844,508.0,499.54998779296875,505.75,471.86773681640625,2657472
2020-09-16,507.0,513.0,504.29998779296875,509.6000061035156,475.4597473144531,2763452
2020-09-17,509.70001220703125,510.95001220703125,501.1499938964844,502.54998779296875,468.882080078125,2087520
2020-09-18,503.8999938964844,509.8999938964844,498.75,508.45001220703125,474.3868408203125,3067745
2020-09-21,510.0,511.95001220703125,487.25,490.70001220703125,457.8259582519531,2405043
2020-09-22,492.20001220703125,494.6000061035156,480.0,492.1000061035156,459.1322021484375,1843708
2020-09-23,495.04998779296875,495.95001220703125,484.3500061035156,485.75,453.2076416015625,2096287
2020-09-24,484.0,490.75,478.79998779296875,486.29998779296875,453.720703125,2732039
2020-09-25,491.3999938964844,496.0,488.25,492.6000061035156,459.5987243652344,2817278
2020-09-28,494.95001220703125,504.6499938964844,492.04998779296875,503.25,469.5352783203125,2319660
2020-09-29,503.04998779296875,510.29998779296875,496.25,497.20001220703125,463.89044189453125,2520348
2020-09-30,497.25,514.0,496.29998779296875,510.54998779296875,476.34613037109375,4019124
2020-10-01,515.75,517.4000244140625,510.3999938964844,513.7999877929688,479.3783264160156,3703107
2020-10-05,515.3499755859375,521.6500244140625,510.6499938964844,520.0,485.1629943847656,2820656
2020-10-06,524.25,535.0,522.0,526.7999877929688,491.507568359375,8742072
2020-10-07,527.0,531.2999877929688,521.5,524.0499877929688,488.9418029785156,2420627
2020-10-08,526.6500244140625,527.0,516.4500122070312,522.0499877929688,487.0757751464844,2229377
2020-10-09,524.5999755859375,524.5999755859375,516.0,519.0999755859375,484.3233642578125,1704989
2020-10-12,520.0,521.4000244140625,512.75,515.5,480.964599609375,1945978
2020-10-13,515.9000244140625,524.5,512.7999877929688,514.25,479.79827880859375,3197252
2020-10-14,513.8499755859375,518.5,506.25,516.9500122070312,482.3173522949219,3519347
2020-10-15,518.2000122070312,525.6500244140625,515.25,517.5999755859375,482.92376708984375,3824212
2020-10-16,520.7999877929688,524.3499755859375,510.79998779296875,511.70001220703125,477.4190979003906,2531683
2020-10-19,514.9000244140625,522.0,510.20001220703125,519.2999877929688,484.5099792480469,2434568
2020-10-20,521.2000122070312,529.9500122070312,518.75,528.0499877929688,492.6737060546875,5066334
2020-10-21,530.4000244140625,533.0,508.1000061035156,515.8499755859375,481.2910461425781,5603035
2020-10-22,515.8499755859375,516.0,505.1000061035156,507.1499938964844,473.1739807128906,4991374
2020-10-23,512.0,520.9000244140625,509.79998779296875,519.1500244140625,484.3699645996094,4275575
2020-10-26,519.9500122070312,521.7999877929688,509.70001220703125,513.5,479.0985107421875,2134741
2020-10-27,515.0,526.4000244140625,512.25,523.2000122070312,488.14874267578125,3284285
2020-10-28,523.1500244140625,526.0,515.4000244140625,517.1500244140625,482.5039978027344,1863446
2020-10-29,515.5,522.4500122070312,509.20001220703125,519.75,484.9298095703125,2966915
2020-10-30,520.5,524.0,508.04998779296875,511.45001220703125,477.18585205078125,3022547
2020-11-02,515.0,516.7999877929688,504.04998779296875,506.25,472.3342590332031,3217501
2020-11-03,510.45001220703125,523.5,509.54998779296875,515.4000244140625,480.8712463378906,9690523
2020-11-04,524.0,530.0,517.3499755859375,518.4500122070312,483.7169189453125,7074924
2020-11-05,521.0,525.6500244140625,516.0,519.5499877929688,484.7431945800781,3293074
2020-11-06,520.9000244140625,528.9000244140625,518.7000122070312,527.2000122070312,491.8807373046875,4929181
2020-11-09,530.0,535.9500122070312,524.1500244140625,527.5499877929688,492.20721435546875,5212222
2020-11-10,527.7000122070312,529.9000244140625,511.79998779296875,515.0,480.498046875,4847614
2020-11-11,516.7999877929688,519.25,505.6000061035156,510.0,477.45538330078125,4915653
2020-11-12,512.5,521.9500122070312,510.54998779296875,517.9000244140625,484.85125732421875,5297239
2020-11-13,520.0,522.0,512.5999755859375,515.4000244140625,482.5108642578125,3104681
2020-11-14,520.0,522.0,515.5,517.1500244140625,484.149169921875,438259
2020-11-17,522.2000122070312,522.2000122070312,509.5,511.6499938964844,479.00006103515625,3016364
2020-11-18,513.0,514.1500244140625,504.45001220703125,505.3999938964844,473.1488952636719,3492271
2020-11-19,505.0,510.0,500.04998779296875,507.29998779296875,474.92767333984375,5496008
2020-11-20,511.04998779296875,513.7999877929688,505.95001220703125,508.3999938964844,475.95751953125,4801287
2020-11-23,508.0,511.3999938964844,505.1000061035156,509.1000061035156,476.61285400390625,3182272
2020-11-24,510.0,511.25,506.5,507.8999938964844,475.489501953125,2495047
2020-11-25,508.79998779296875,510.5,500.04998779296875,501.29998779296875,469.310546875,3897557
2020-11-26,501.79998779296875,505.0,494.04998779296875,504.1000061035156,471.931884765625,4957778
2020-11-27,507.0,507.1000061035156,496.6499938964844,499.79998779296875,467.90625,7150001
2020-12-01,503.04998779296875,507.0,500.6000061035156,506.0,473.710693359375,2177754
2020-12-02,507.5,509.5,497.25,502.5,470.4341125488281,3467739
2020-12-03,500.5,506.95001220703125,500.5,501.5,469.497802734375,3471978
2020-12-04,502.8999938964844,506.79998779296875,501.6000061035156,502.29998779296875,470.24676513671875,3038914
2020-12-07,502.6000061035156,505.5,499.0,502.04998779296875,470.0127258300781,3544985
2020-12-08,503.0,506.79998779296875,499.04998779296875,502.6000061035156,470.52764892578125,4020487
2020-12-09,510.0,510.0,501.0,502.1499938964844,470.1063537597656,4619524
2020-12-10,502.0,517.0,502.0,514.4000244140625,481.57464599609375,9250804
2020-12-11,517.3499755859375,519.5,508.79998779296875,513.7999877929688,481.0129089355469,4988627
2020-12-14,517.0,518.9500122070312,512.4000244140625,513.5999755859375,480.82568359375,3013023
2020-12-15,513.9500122070312,517.2000122070312,511.20001220703125,513.8499755859375,481.05975341796875,3113626
2020-12-16,515.4000244140625,519.5499877929688,512.2999877929688,513.6500244140625,480.87255859375,3925836
2020-12-17,515.2000122070312,517.4000244140625,510.5,511.5,478.8597106933594,2926337
2020-12-18,513.1500244140625,513.4000244140625,503.04998779296875,509.3500061035156,476.84686279296875,3666563
2020-12-21,509.0,514.9500122070312,494.20001220703125,503.6000061035156,471.4638366699219,5009242
2020-12-22,504.8999938964844,508.8999938964844,492.54998779296875,504.25,472.0723571777344,4879416
2020-12-23,505.0,512.5,502.29998779296875,510.1499938964844,477.5958251953125,3046867
2020-12-24,515.0,515.75,508.29998779296875,514.5499877929688,481.7150573730469,2894330
2020-12-28,514.5499877929688,526.9000244140625,514.0,525.0499877929688,491.54510498046875,5556022
2020-12-29,527.5,533.7999877929688,524.5499877929688,528.9500122070312,495.1961669921875,6040679
2020-12-30,530.0,540.5,524.3499755859375,539.5499877929688,505.1197814941406,6666770
2020-12-31,539.7000122070312,539.7999877929688,532.1500244140625,534.0,499.9239807128906,3337284
2021-01-01,534.0,538.4500122070312,532.2999877929688,534.2000122070312,500.1110534667969,2285766
2021-01-04,537.0,544.0,532.4000244140625,543.3499755859375,508.6772155761719,3026253
2021-01-05,542.0,542.4000244140625,535.5,538.9000244140625,504.5112609863281,2126666
2021-01-06,539.0,541.7000122070312,529.5999755859375,534.0999755859375,500.0175476074219,4825471
2021-01-07,537.4000244140625,539.2999877929688,533.4000244140625,535.2000122070312,501.04742431640625,1850927
2021-01-08,537.0,542.4500122070312,534.0,540.0999755859375,505.63470458984375,3665938
2021-01-11,543.0,549.0,540.0,546.5,511.6261901855469,2812154
2021-01-12,549.0,550.9500122070312,538.25,541.0,506.47723388671875,3857637
2021-01-13,541.1500244140625,545.4500122070312,533.5999755859375,536.0999755859375,501.88983154296875,2933547
2021-01-14,536.5,552.4500122070312,535.25,548.9500122070312,513.9199829101562,6273001
2021-01-15,548.5,552.5499877929688,539.0499877929688,540.75,506.2431945800781,2546799
2021-01-18,541.2000122070312,544.7999877929688,533.2000122070312,537.5,503.20068359375,2572902
2021-01-19,539.0499877929688,547.4500122070312,539.0,541.4000244140625,506.8518371582031,2174161
2021-01-20,544.0,544.8499755859375,536.5999755859375,537.6500244140625,503.3409423828125,1606896
2021-01-21,540.0,546.0,535.4000244140625,537.0499877929688,502.7792663574219,2903743
2021-01-22,537.0,540.5,531.2999877929688,532.9500122070312,498.9408874511719,2153095
2021-01-25,538.0,541.2999877929688,525.0,532.5999755859375,498.6131896972656,3036463
2021-01-27,533.9000244140625,537.5,525.6500244140625,527.5,493.8386535644531,1786873
2021-01-28,526.7999877929688,535.0,521.0499877929688,527.9000244140625,494.21319580078125,2380469
2021-01-29,530.0,532.0,511.3500061035156,514.5499877929688,481.7150573730469,6467932
2021-02-01,515.1500244140625,536.0,515.1500244140625,525.2000122070312,491.68548583984375,5219141
2021-02-02,530.0,535.5999755859375,524.4000244140625,526.4000244140625,492.8088684082031,2246578
2021-02-03,527.4500122070312,529.1500244140625,523.0,524.75,491.26416015625,2680479
2021-02-04,524.75,529.9000244140625,524.0499877929688,526.0999755859375,492.52801513671875,2515981
2021-02-05,527.0,528.5499877929688,517.7999877929688,521.75,488.45556640625,2592937
2021-02-08,522.7999877929688,526.5,517.2999877929688,518.4000244140625,485.3193359375,2667420
2021-02-09,523.0499877929688,532.0499877929688,519.0,525.1500244140625,491.6386413574219,4281247
2021-02-10,527.4000244140625,528.8499755859375,522.4000244140625,524.6500244140625,491.17059326171875,1871619
2021-02-11,524.7000122070312,537.5,523.9500122070312,535.7999877929688,501.6091003417969,4491181
2021-02-12,539.2999877929688,544.4500122070312,532.0499877929688,534.0,499.9239807128906,4218265
2021-02-15,537.5,540.8499755859375,526.2999877929688,527.2999877929688,493.65142822265625,2574672
2021-02-16,530.0,532.75,520.4000244140625,522.5999755859375,489.2513427734375,3119109
2021-02-17,523.2000122070312,526.0,519.0,520.0499877929688,486.8641357421875,2436843
2021-02-18,522.0,528.0,517.9000244140625,520.0499877929688,486.8641357421875,3416920
2021-02-19,515.0,515.0,507.8500061035156,513.4500122070312,480.68524169921875,13849233
2021-02-22,514.75,517.2999877929688,497.04998779296875,500.3500061035156,468.42120361328125,3810112
2021-02-23,502.0,505.5,498.75,500.04998779296875,468.140380859375,3011786
2021-02-24,502.5,506.25,498.04998779296875,503.6499938964844,471.5106201171875,1464678
2021-02-25,508.0,510.54998779296875,505.04998779296875,509.04998779296875,476.5660095214844,4492656
2021-02-26,508.5,513.6500244140625,501.0,503.1000061035156,470.9956970214844,5709953
2021-03-01,504.0,507.8500061035156,502.79998779296875,505.8500061035156,473.57025146484375,1751572
2021-03-02,507.3999938964844,512.5,504.79998779296875,511.25,478.62567138671875,1420334
2021-03-03,514.2000122070312,520.0,512.0499877929688,518.0999755859375,485.03851318359375,3130922
2021-03-04,515.1500244140625,527.5,515.1500244140625,524.2000122070312,490.749267578125,4314919
2021-03-05,525.4500122070312,528.9000244140625,522.6500244140625,524.4000244140625,490.9364929199219,3785627
2021-03-08,525.0,530.9500122070312,521.75,528.6500244140625,494.9154052734375,1684546
2021-03-09,531.0,531.1500244140625,519.0,525.75,492.2004089355469,1424487
2021-03-10,526.2999877929688,534.4000244140625,525.1500244140625,531.1500244140625,497.25567626953125,2158157
2021-03-12,533.9000244140625,534.3499755859375,522.2000122070312,523.4500122070312,490.0471496582031,1757943
2021-03-15,523.0999755859375,530.0,521.2999877929688,526.0999755859375,492.52801513671875,3007071
2021-03-16,526.0999755859375,530.75,525.1500244140625,529.0999755859375,495.3365478515625,1684209
2021-03-17,527.5,533.5,525.25,527.5499877929688,493.88543701171875,2054354
2021-03-18,528.8499755859375,529.9500122070312,519.5999755859375,521.9000244140625,488.5960693359375,1333801
2021-03-19,516.0,526.75,516.0,524.7999877929688,491.31097412109375,1899152
2021-03-22,525.0999755859375,534.7000122070312,523.7000122070312,533.5,499.45587158203125,1720620
2021-03-23,533.7999877929688,536.9500122070312,531.25,533.25,499.2218017578125,1557222
2021-03-24,531.7999877929688,535.7999877929688,527.75,529.0499877929688,495.289794921875,1431667
2021-03-25,528.0,529.2999877929688,515.0,517.3499755859375,484.3363342285156,1569877
2021-03-26,517.5999755859375,531.0,517.5999755859375,529.7999877929688,495.991943359375,1757265
2021-03-30,532.5,541.2000122070312,532.0,538.0,503.6687316894531,2643994
2021-03-31,538.0,542.7999877929688,536.6500244140625,540.5,506.0091552734375,1560926
2021-04-01,540.4500122070312,543.9500122070312,536.7999877929688,538.6500244140625,504.2771301269531,823482
2021-04-05,538.2000122070312,541.0999755859375,534.0999755859375,537.0,502.732421875,1359678
2021-04-06,537.0,547.75,534.3499755859375,546.9500122070312,512.0475463867188,1825976
2021-04-07,548.0,557.5,547.3499755859375,553.2000122070312,517.8987426757812,3109165
2021-04-08,553.4500122070312,561.7000122070312,548.25,559.1500244140625,523.4691772460938,2009731
2021-04-09,560.0,566.3499755859375,557.2000122070312,560.5,524.73291015625,2203711
2021-04-12,556.0,561.4500122070312,549.5,554.75,519.3499145507812,2061407
2021-04-13,555.2000122070312,565.7000122070312,554.2999877929688,560.25,524.4988403320312,3181848
2021-04-15,565.0,577.0,560.75,572.0499877929688,535.5458374023438,5336354
2021-04-16,581.9000244140625,581.9000244140625,571.0,575.0,538.3076171875,3675431
2021-04-19,565.0,574.0,562.6500244140625,569.2000122070312,532.8777465820312,1876054
2021-04-20,574.0,575.9500122070312,565.7999877929688,569.0,532.6904907226562,2321346
2021-04-22,572.6500244140625,573.25,564.0499877929688,566.1500244140625,530.0223388671875,2545878
2021-04-23,566.1500244140625,566.9500122070312,556.0999755859375,559.9500122070312,524.218017578125,2408395
2021-04-26,560.9000244140625,562.5999755859375,539.5499877929688,541.2999877929688,506.758056640625,3121274
2021-04-27,544.25,544.25,534.6500244140625,538.5999755859375,504.2303161621094,2463374
2021-04-28,542.0,545.7000122070312,536.1500244140625,541.25,506.711181640625,2614846
2021-04-29,544.4500122070312,547.0499877929688,540.2000122070312,541.9000244140625,507.31976318359375,1796174
2021-04-30,539.7999877929688,545.25,535.7000122070312,538.0499877929688,503.71551513671875,1960727
2021-05-03,538.75,548.4000244140625,538.5999755859375,542.4000244140625,507.787841796875,1725231
2021-05-04,545.0,545.7000122070312,535.3499755859375,537.5499877929688,503.24725341796875,1772835
2021-05-05,538.7999877929688,542.4500122070312,537.0499877929688,540.9500122070312,506.4304504394531,1136917
2021-05-06,542.8499755859375,547.3499755859375,539.0,545.25,510.4560241699219,2142388
2021-05-07,548.0,548.0,532.2999877929688,534.5999755859375,500.48553466796875,8776663
2021-05-10,535.0,535.75,519.2999877929688,522.75,489.3918151855469,6409447
2021-05-11,522.75,526.7999877929688,520.4000244140625,525.4500122070312,491.91949462890625,2458535
2021-05-12,527.0,532.5999755859375,525.0,529.2000122070312,495.4302673339844,3997812
2021-05-14,532.0,538.4500122070312,529.6500244140625,535.0,500.8601379394531,3274059
2021-05-17,537.0999755859375,539.25,532.2000122070312,534.3499755859375,500.2515869140625,2002740
2021-05-18,537.0,539.0,529.4500122070312,531.0999755859375,497.2090148925781,2056620
2021-05-19,530.0,539.1500244140625,528.0499877929688,538.0499877929688,503.71551513671875,2402429
2021-05-20,537.0,541.0,533.5999755859375,535.7999877929688,501.6091003417969,2586717
2021-05-21,538.0,540.0,535.4500122070312,536.75,502.4984436035156,1582534
2021-05-24,538.0,538.1500244140625,532.0,533.25,499.2218017578125,2142262
2021-05-25,535.4000244140625,536.75,529.2999877929688,530.5499877929688,496.69403076171875,2341520
2021-05-26,532.9500122070312,532.9500122070312,528.75,532.2000122070312,498.23876953125,1533553
2021-05-27,533.0,533.7999877929688,524.4000244140625,527.2000122070312,493.5578308105469,7104429
2021-05-28,530.0,532.9000244140625,528.0499877929688,530.4000244140625,496.5535888671875,1322812
2021-05-31,532.2999877929688,544.2999877929688,529.5499877929688,540.4500122070312,505.96234130859375,2775615
2021-06-01,544.7000122070312,545.0,535.0,537.0499877929688,502.7792663574219,1855968
2021-06-02,538.3499755859375,540.25,529.75,532.25,498.2856140136719,4073182
2021-06-03,534.7999877929688,541.7999877929688,534.0,540.7999877929688,506.2899169921875,2070792
2021-06-04,542.0,545.0,539.3499755859375,544.0499877929688,509.3325500488281,1964169
2021-06-07,545.1500244140625,550.0,542.4000244140625,548.5,513.4985961914062,2061081
2021-06-08,551.8499755859375,560.75,551.8499755859375,556.3499755859375,520.8475341796875,3966396
2021-06-09,559.0,561.5,554.25,558.5999755859375,522.9540405273438,2452001
2021-06-10,560.5,563.8499755859375,556.0499877929688,559.9500122070312,524.218017578125,2602822
2021-06-11,560.75,566.2000122070312,559.7000122070312,565.2000122070312,529.1328735351562,1036563
2021-06-14,564.9500122070312,571.4000244140625,560.25,568.4500122070312,532.1755981445312,1628291
2021-06-15,569.0499877929688,576.0,569.0499877929688,574.7999877929688,538.120361328125,1774944
2021-06-16,576.0,582.7000122070312,575.2999877929688,580.5999755859375,543.5502319335938,2232810
2021-06-17,577.7000122070312,581.0,570.2000122070312,573.2000122070312,536.6224365234375,1512920
2021-06-18,574.75,581.9000244140625,571.5999755859375,577.0999755859375,540.2734985351562,3901362
2021-06-21,576.0,579.6500244140625,570.0,571.75,535.2650146484375,2238942
2021-06-22,574.25,578.0,565.0499877929688,566.6500244140625,530.4903564453125,2681016
2021-06-23,567.2000122070312,570.0,560.25,566.4500122070312,530.3031616210938,1172122
2021-06-24,566.4500122070312,576.75,561.3499755859375,575.2000122070312,538.4948120117188,1362412
2021-06-25,575.25,575.5,562.9500122070312,564.4500122070312,528.4308471679688,1190963
2021-06-28,568.4500122070312,568.5999755859375,564.2999877929688,567.0499877929688,530.8649291992188,794690
2021-06-29,565.0999755859375,570.5,561.5499877929688,567.3499755859375,531.145751953125,1761569
2021-06-30,568.5499877929688,573.5,563.5,568.75,532.4564208984375,1346860
2021-07-01,572.4000244140625,591.4500122070312,569.9000244140625,589.75,552.1163940429688,5398923
2021-07-02,591.5499877929688,592.0,583.8499755859375,590.4500122070312,552.7717895507812,2477693
2021-07-05,593.4000244140625,593.6500244140625,586.5,587.7000122070312,550.1971435546875,1196198
2021-07-06,588.6500244140625,595.4500122070312,588.0,591.7999877929688,554.0354614257812,1428646
2021-07-07,590.7999877929688,596.0,588.0999755859375,594.4000244140625,556.4696044921875,1255033
2021-07-08,594.2000122070312,599.0,591.0,596.0999755859375,558.0610961914062,1845925
2021-07-09,596.0,605.0,592.3499755859375,595.5999755859375,557.593017578125,2686530
2021-07-12,597.0,600.1500244140625,591.7000122070312,593.1500244140625,555.2993774414062,1038327
2021-07-13,594.2000122070312,595.3499755859375,585.5999755859375,589.1500244140625,551.5545654296875,934799
2021-07-14,588.5,588.5,581.5,585.2999877929688,547.9503784179688,1290445
2021-07-15,585.2999877929688,589.4500122070312,582.0499877929688,584.4500122070312,547.1546020507812,1233095
2021-07-16,584.8499755859375,588.8499755859375,578.7000122070312,580.2999877929688,543.2693481445312,2229326
2021-07-19,578.7999877929688,590.0,576.0,588.7999877929688,551.2271118164062,1953706
2021-07-20,591.0,592.4500122070312,583.0,588.2000122070312,550.665283203125,1877572
2021-07-22,590.7000122070312,595.4000244140625,584.5499877929688,588.4500122070312,550.8992919921875,1191908
2021-07-23,590.9000244140625,594.0999755859375,585.6500244140625,590.1500244140625,552.4908447265625,666936
2021-07-26,593.0,599.0,590.1500244140625,595.3499755859375,557.3589477539062,1527942
2021-07-27,597.3499755859375,598.7999877929688,587.75,588.7000122070312,551.13330078125,1585300
2021-07-28,586.1500244140625,603.4500122070312,586.1500244140625,590.0999755859375,552.4439086914062,2559515
2021-07-29,588.4000244140625,593.4500122070312,582.2000122070312,584.5999755859375,550.091552734375,2365089
2021-07-30,587.2000122070312,603.6500244140625,584.1500244140625,600.7000122070312,565.2412109375,3145307
2021-08-02,605.9000244140625,609.0,594.0499877929688,599.0499877929688,563.6885375976562,5788412
2021-08-03,602.7000122070312,619.7999877929688,597.9000244140625,614.25,577.9913330078125,13194079
2021-08-04,615.0,615.9000244140625,586.75,588.0999755859375,553.3848266601562,5849144
2021-08-05,593.4500122070312,596.4500122070312,585.8499755859375,589.5499877929688,554.7493286132812,3160815
2021-08-06,590.0,596.5499877929688,584.0999755859375,585.2000122070312,550.6561889648438,2452586
2021-08-09,590.9500122070312,594.0,579.25,581.75,547.4097900390625,2261395
2021-08-10,584.6500244140625,585.6500244140625,573.5999755859375,579.7999877929688,545.5748901367188,2070287
2021-08-11,582.0,582.4000244140625,570.6500244140625,575.0999755859375,541.1522827148438,2320928
2021-08-12,576.0,584.7999877929688,574.0499877929688,575.4000244140625,541.4347534179688,2474432
2021-08-13,579.7000122070312,591.5,576.8499755859375,588.2999877929688,553.5731201171875,5318962
2021-08-16,588.2000122070312,592.6500244140625,583.0,588.3499755859375,553.6202392578125,1315500
2021-08-17,589.0,597.7999877929688,588.3499755859375,596.5999755859375,561.3831176757812,4557665
2021-08-18,598.3499755859375,600.75,594.1500244140625,597.4000244140625,562.1361083984375,1992466
2021-08-20,594.6500244140625,616.0,590.2999877929688,611.7000122070312,575.591796875,4420438
2021-08-23,614.75,621.9500122070312,605.8499755859375,609.9000244140625,573.898193359375,3188046
2021-08-24,608.0,610.5,589.2000122070312,592.8499755859375,557.8546142578125,2295973
2021-08-25,593.0,601.7999877929688,592.1500244140625,600.0999755859375,564.6765747070312,1533202
2021-08-26,599.9500122070312,609.2000122070312,598.9500122070312,605.5,569.7578735351562,1793401
2021-08-27,608.0,612.5999755859375,605.0499877929688,608.75,572.8161010742188,1477611
2021-08-30,610.0,617.5499877929688,610.0,616.75,580.3438720703125,1299450
2021-08-31,616.0,623.8499755859375,610.0,621.5,584.8134155273438,3026655
2021-09-01,622.0,627.7000122070312,615.6500244140625,626.25,589.2830810546875,2467985
2021-09-02,626.5,643.9000244140625,624.4500122070312,640.8499755859375,603.0211181640625,3017389
2021-09-03,643.2000122070312,644.0,634.0,641.25,603.3975830078125,1676263
2021-09-06,641.25,645.4000244140625,633.75,634.7999877929688,597.3283081054688,1420648
2021-09-07,637.0,651.3499755859375,635.4000244140625,638.0,600.3394165039062,2457494
2021-09-08,639.0,642.5499877929688,634.0,640.6500244140625,602.8330078125,1262769
2021-09-09,635.0,639.1500244140625,627.2000122070312,638.2999877929688,600.6217041015625,2195875
2021-09-13,642.4000244140625,649.25,637.0,640.2000122070312,602.4095458984375,2328010
2021-09-14,640.2000122070312,640.9500122070312,634.75,639.2000122070312,601.468505859375,1422838
2021-09-15,640.4000244140625,644.0,636.2999877929688,637.2000122070312,599.5867309570312,1157146
2021-09-16,642.2000122070312,645.6500244140625,638.0499877929688,640.4000244140625,602.5978393554688,1115690
2021-09-17,641.0,655.9000244140625,640.3499755859375,653.9500122070312,615.3480224609375,2959141
2021-09-20,654.8499755859375,658.4000244140625,643.0,645.6500244140625,607.5377807617188,2804783
2021-09-21,647.9500122070312,652.1500244140625,645.0,651.2999877929688,612.8543701171875,785138
2021-09-22,654.0,654.0,647.5499877929688,648.4000244140625,610.12548828125,877503
2021-09-23,650.0999755859375,651.0,642.6500244140625,647.6500244140625,609.4198608398438,1480529
2021-09-24,649.0,658.9500122070312,649.0,651.9000244140625,613.4189453125,2416462
2021-09-27,654.0,654.25,632.0,633.2000122070312,595.82275390625,1468310
2021-09-28,634.0,634.3499755859375,621.0,626.3499755859375,589.3770141601562,1906140
2021-09-29,627.0,628.2999877929688,620.25,623.1500244140625,586.3660888671875,1827330
2021-09-30,624.0,626.7999877929688,616.0999755859375,617.0499877929688,580.6260375976562,1705501
2021-10-01,617.0,620.2000122070312,609.0,617.9500122070312,581.4729614257812,1563570
2021-10-04,619.9000244140625,625.4500122070312,613.2999877929688,624.2000122070312,587.35400390625,2158448
2021-10-05,626.4000244140625,626.4000244140625,614.0,616.2000122070312,579.8262329101562,3156201
2021-10-06,616.7999877929688,623.7000122070312,614.0,614.9500122070312,578.6499633789062,2026192
2021-10-07,617.5499877929688,619.4000244140625,614.4000244140625,615.1500244140625,578.8381958007812,1228502
2021-10-08,616.0499877929688,620.9000244140625,606.0,607.0,571.1692504882812,3407806
2021-10-11,610.0,611.0,607.0,608.6500244140625,572.7219848632812,1426583
2021-10-12,611.0,621.5999755859375,610.0,616.7999877929688,580.3908081054688,2801156
2021-10-13,621.4500122070312,625.0,616.0999755859375,623.7999877929688,586.9777221679688,1499629
2021-10-14,626.0,627.9000244140625,612.4500122070312,615.2000122070312,578.88525390625,2722324
2021-10-18,632.0,632.0,612.5999755859375,614.1500244140625,577.8972778320312,1464144
2021-10-19,615.0,620.2999877929688,604.0999755859375,605.25,569.5225830078125,1524974
2021-10-20,607.0,607.8499755859375,591.0499877929688,592.6500244140625,557.6664428710938,2784702
2021-10-21,598.5,599.0,585.25,587.4000244140625,552.7262573242188,1925145
2021-10-22,591.9000244140625,597.0,585.0,590.75,555.8785400390625,1407275
2021-10-25,592.0,593.25,576.5499877929688,581.2999877929688,546.9863891601562,1462238
2021-10-26,582.0,583.9500122070312,574.4500122070312,581.3499755859375,547.0333251953125,1949684
2021-10-27,584.0,597.9500122070312,583.3499755859375,591.6500244140625,556.7254028320312,3252371
2021-10-28,594.0,594.3499755859375,586.4500122070312,589.7000122070312,554.890625,1105554
2021-10-29,589.9000244140625,593.7999877929688,582.4500122070312,585.8499755859375,551.2677001953125,1980982
2021-11-01,588.0,600.7999877929688,587.0,597.0499877929688,561.806640625,3104045
2021-11-02,599.8499755859375,604.9000244140625,588.75,598.0499877929688,562.7476196289062,6908391
2021-11-03,608.0,612.2999877929688,600.75,610.5499877929688,574.509765625,7257690
2021-11-04,616.0,616.1500244140625,611.75,612.5499877929688,576.3916625976562,276957
2021-11-08,625.0,625.0,604.5,606.7999877929688,570.9811401367188,2428555
2021-11-09,606.0,609.4000244140625,600.1500244140625,603.2000122070312,567.5936279296875,876256
2021-11-10,601.2000122070312,606.9000244140625,598.0,605.25,569.5225830078125,1801639
2021-11-11,604.7000122070312,604.7000122070312,595.0,599.0,565.9793701171875,2031771
2021-11-12,602.0,604.2999877929688,598.5999755859375,602.4500122070312,569.2391357421875,2304135
2021-11-15,604.0,607.0,598.0999755859375,604.0,570.7037353515625,1665604
2021-11-16,605.7999877929688,611.9000244140625,604.5499877929688,610.0,576.3728637695312,1793708
2021-11-17,608.0,611.7999877929688,606.0499877929688,608.0,574.4832763671875,1022417
2021-11-18,608.0,610.0,601.4500122070312,608.75,575.19189453125,841689
2021-11-22,611.0,616.5999755859375,603.5499877929688,606.7999877929688,573.349365234375,3998703
2021-11-23,607.4500122070312,613.5,599.2000122070312,611.5499877929688,577.8375244140625,1508700
2021-11-24,610.0499877929688,611.5499877929688,602.0,602.9500122070312,569.711669921875,1845329
2021-11-25,603.2999877929688,606.9500122070312,594.0499877929688,606.4000244140625,572.971435546875,1518710
2021-11-26,603.0,612.4000244140625,599.7999877929688,602.0,568.81396484375,1952921
2021-11-29,600.0,602.0,589.25,598.0,565.0344848632812,1125420
2021-11-30,595.0,602.5,592.0499877929688,594.9500122070312,562.152587890625,5219689
2021-12-01,595.0999755859375,598.2000122070312,574.2999877929688,576.0999755859375,544.341796875,3306382
2021-12-02,577.0,583.0,575.0999755859375,578.5499877929688,546.65673828125,1931467
2021-12-03,580.0,584.0499877929688,578.0499877929688,581.3499755859375,549.3023071289062,1202147
2021-12-06,583.0,583.0,566.0,567.2999877929688,536.02685546875,1525444
2021-12-07,569.9500122070312,574.6500244140625,567.2000122070312,572.4000244140625,540.845703125,889360
2021-12-08,575.4000244140625,576.8499755859375,572.4500122070312,574.0499877929688,542.4046630859375,1406874
2021-12-09,575.5,580.9500122070312,571.5,579.75,547.79052734375,1444157
2021-12-10,582.0,583.6500244140625,575.5,577.7999877929688,545.947998046875,1258379
2021-12-13,582.9500122070312,583.1500244140625,574.0499877929688,578.9000244140625,546.9874267578125,1626598
2021-12-14,578.0,580.4000244140625,573.1500244140625,579.4000244140625,547.4598388671875,1167762
2021-12-15,577.5499877929688,578.0499877929688,571.7999877929688,573.2999877929688,541.6959838867188,929113
2021-12-16,574.25,575.9000244140625,569.0,570.25,538.814208984375,884563
2021-12-17,570.5,572.0,561.5499877929688,564.75,533.6174926757812,1884521
2021-12-20,562.0,563.6500244140625,550.4000244140625,558.2000122070312,527.428466796875,1332911
2021-12-21,559.0,564.7999877929688,557.0,559.0999755859375,528.27880859375,641150
2021-12-22,560.0999755859375,565.25,558.0,564.0499877929688,532.9559936523438,912026
2021-12-23,566.0,571.0,562.7000122070312,569.4500122070312,538.058349609375,926683
2021-12-24,573.9000244140625,573.9000244140625,562.1500244140625,563.7000122070312,532.625244140625,418659
2021-12-27,564.0,564.4000244140625,558.25,561.4500122070312,530.4993896484375,571197
2021-12-28,561.9500122070312,565.25,560.7000122070312,562.4500122070312,531.4443359375,394545
2021-12-29,563.4500122070312,570.2999877929688,561.0,566.5999755859375,535.3654174804688,1354842
2021-12-30,566.5999755859375,572.5499877929688,561.75,571.5499877929688,540.0426025390625,917276
2021-12-31,573.0,581.25,571.7999877929688,580.0499877929688,548.0739135742188,1024258
2022-01-03,580.0,584.9000244140625,578.5499877929688,581.1500244140625,549.1134033203125,1161811
2022-01-04,583.0,583.0,570.5,574.0499877929688,542.4046630859375,3062561
2022-01-05,575.0,583.5,573.6500244140625,582.5,550.3889770507812,1001768
2022-01-06,582.5,583.4500122070312,574.4000244140625,582.5499877929688,550.4360961914062,1246823
2022-01-07,583.0499877929688,590.8499755859375,582.5499877929688,587.5,555.1133422851562,1492507
2022-01-10,589.0,591.25,586.0499877929688,589.0999755859375,556.6251831054688,813368
2022-01-11,590.4000244140625,590.7999877929688,584.0,587.5499877929688,555.160400390625,815198
2022-01-12,590.0999755859375,590.4000244140625,580.5999755859375,582.5,550.3889770507812,1287352
2022-01-13,582.5,584.8499755859375,577.5499877929688,580.7000122070312,548.6881103515625,1421440
2022-01-14,576.5999755859375,584.2000122070312,571.0499877929688,575.7999877929688,544.0582275390625,2009075
2022-01-17,575.7999877929688,578.4500122070312,568.9000244140625,569.5999755859375,538.2000732421875,1486008
2022-01-18,569.5999755859375,571.2999877929688,562.5999755859375,563.9000244140625,532.8143310546875,1185072
2022-01-19,563.9000244140625,569.5999755859375,560.0,568.5499877929688,537.2078247070312,1103105
2022-01-20,568.9500122070312,569.0,556.25,559.8499755859375,528.987548828125,1007594
2022-01-21,555.2000122070312,558.75,547.9000244140625,551.5499877929688,521.1449584960938,2389963
2022-01-24,552.0,554.3499755859375,541.0,546.0999755859375,515.9954223632812,2431761
2022-01-25,544.0999755859375,546.1500244140625,536.6500244140625,542.7999877929688,512.8775024414062,1847960
2022-01-27,541.0,542.0,527.0499877929688,529.0499877929688,499.8854675292969,2183776
2022-01-28,533.25,542.5,531.0999755859375,533.9500122070312,504.5152893066406,1426419
2022-01-31,538.0999755859375,541.5,535.2999877929688,536.75,507.1609802246094,1749168
2022-02-01,541.1500244140625,550.3499755859375,538.0,546.4500122070312,516.3262939453125,1500268
2022-02-02,550.5,562.75,545.0,557.4500122070312,526.7198486328125,1157446
2022-02-03,549.9500122070312,559.2000122070312,548.6500244140625,556.4500122070312,525.7749633789062,1798123
2022-02-04,560.0,570.25,556.0,569.0,537.6331787109375,2712529
2022-02-07,570.0,570.75,559.5999755859375,566.7000122070312,535.4600219726562,2481096
2022-02-08,566.7000122070312,569.9000244140625,561.25,562.25,531.2552490234375,820398
2022-02-09,564.4000244140625,574.4500122070312,562.0,570.5,539.0504760742188,1381438
2022-02-10,570.5,571.1500244140625,560.3499755859375,564.5999755859375,533.4756469726562,2044201
2022-02-11,562.0,563.75,555.5499877929688,560.8499755859375,529.9323120117188,1053326
2022-02-14,551.0999755859375,559.9000244140625,546.25,553.0999755859375,522.6095581054688,1256655
2022-02-15,552.5,563.9000244140625,550.9000244140625,562.4500122070312,531.4443359375,1349136
2022-02-16,562.4500122070312,566.7000122070312,556.0,561.8499755859375,530.877197265625,1053001
2022-02-17,562.0999755859375,565.0999755859375,553.1500244140625,554.4000244140625,523.8380126953125,1222505
2022-02-18,551.0,554.7000122070312,545.5,547.7999877929688,517.6018676757812,1383430
2022-02-21,545.4500122070312,554.9000244140625,541.7000122070312,553.5999755859375,523.0820922851562,1157096
2022-02-22,542.9000244140625,551.8499755859375,542.2000122070312,550.0499877929688,519.727783203125,1465489
2022-02-23,550.0499877929688,551.0,540.5999755859375,543.25,513.3026733398438,940986
2022-02-24,532.0,539.5499877929688,526.4000244140625,533.7000122070312,504.2790222167969,3036292
2022-02-25,536.0,546.9000244140625,533.4500122070312,544.8499755859375,514.814453125,1284779
2022-02-28,542.7999877929688,570.0999755859375,526.9500122070312,563.3499755859375,532.2945556640625,7992990
2022-03-02,562.9500122070312,570.0,558.7000122070312,565.25,534.08984375,1871881
2022-03-03,566.2999877929688,570.75,560.0,562.9000244140625,531.869384765625,2166986
2022-03-04,557.0,561.2000122070312,537.0,539.0499877929688,509.3341369628906,2103625
2022-03-07,520.0,527.0,502.0,505.95001220703125,478.058837890625,3178030
2022-03-08,506.0,522.7999877929688,505.0,521.5499877929688,492.7988586425781,2161459
2022-03-09,520.0,533.0499877929688,516.5,528.0999755859375,498.9878234863281,2952144
2022-03-10,538.9500122070312,547.0,531.5499877929688,545.7000122070312,515.6175537109375,1658773
2022-03-11,545.5,549.5499877929688,540.8499755859375,547.5499877929688,517.3656005859375,1238386
2022-03-14,546.4000244140625,548.4000244140625,532.25,540.5999755859375,510.79864501953125,3049209
2022-03-15,539.8499755859375,558.75,539.7999877929688,556.6500244140625,525.9640502929688,2726150
2022-03-16,563.5,566.0,559.4000244140625,564.7000122070312,533.5702514648438,1685983
2022-03-17,566.2000122070312,570.7000122070312,555.6500244140625,560.25,529.3655395507812,1988370
2022-03-21,554.5,560.9500122070312,547.0999755859375,549.5499877929688,519.2554321289062,1119604
2022-03-22,549.0,549.0,531.2999877929688,534.0,504.5625915527344,2369464
2022-03-23,538.5,538.5,522.0999755859375,522.8499755859375,494.0271911621094,3708515
2022-03-24,520.9000244140625,530.7999877929688,519.6500244140625,523.75,494.87762451171875,2528645
2022-03-25,526.0,527.1500244140625,517.7000122070312,519.7999877929688,491.1453857421875,1185395
2022-03-28,522.1500244140625,524.1500244140625,512.2000122070312,515.1500244140625,486.75164794921875,2529886
2022-03-29,516.0,523.0,513.6500244140625,515.7999877929688,487.3658752441406,2072288
2022-03-30,518.2999877929688,529.5999755859375,518.25,527.7000122070312,498.60986328125,3274773
2022-03-31,530.9000244140625,539.0,527.7000122070312,536.2000122070312,506.64129638671875,2884367
2022-04-01,539.0,545.0,536.25,542.4500122070312,512.5467529296875,1488872
2022-04-04,542.9000244140625,546.0,534.5999755859375,544.6500244140625,514.6255493164062,2818537
2022-04-05,548.0,553.0,546.2999877929688,548.9500122070312,518.6884765625,2471895
2022-04-06,548.9500122070312,548.9500122070312,538.5999755859375,541.4500122070312,511.6019592285156,1813477
2022-04-07,540.5,556.0,540.5,550.5499877929688,520.2001953125,2078365
2022-04-08,550.5499877929688,558.0,550.2000122070312,556.9500122070312,526.2474365234375,974621
2022-04-11,558.5499877929688,558.5499877929688,549.25,552.4000244140625,521.9483032226562,1472046
2022-04-12,552.0,556.9000244140625,548.0999755859375,553.75,523.2237548828125,1373926
2022-04-13,553.7999877929688,557.7000122070312,551.0,555.9000244140625,525.2553100585938,1405005
2022-04-18,550.0,563.8499755859375,549.1500244140625,562.7000122070312,531.680419921875,1332556
2022-04-19,567.4500122070312,569.7000122070312,546.0,549.0,518.7356567382812,3225494
2022-04-20,550.0,556.2999877929688,542.3499755859375,550.2999877929688,519.9639282226562,1341149
2022-04-21,552.4500122070312,563.0,550.7999877929688,561.8499755859375,530.877197265625,1293680
2022-04-22,557.9500122070312,564.7000122070312,554.0499877929688,559.8499755859375,528.987548828125,1804787
2022-04-25,555.5499877929688,559.9000244140625,545.5499877929688,551.2999877929688,520.9088745117188,1262104
2022-04-26,554.2000122070312,561.5,554.0,559.9000244140625,529.0348510742188,1950606
2022-04-27,555.2000122070312,561.25,549.7000122070312,559.8499755859375,528.987548828125,1704589
2022-04-28,564.0,576.8499755859375,560.0499877929688,572.25,540.7040405273438,2316486
2022-04-29,575.0,575.0999755859375,554.0999755859375,556.7000122070312,526.0111694335938,3244210
2022-05-02,552.0,559.4500122070312,549.25,557.2000122070312,526.483642578125,1089778
2022-05-04,557.7999877929688,565.0,532.2999877929688,538.0499877929688,508.3892517089844,3409715
2022-05-05,540.5,543.4500122070312,523.5999755859375,529.0499877929688,499.8854675292969,3769187
2022-05-06,518.2000122070312,526.9000244140625,508.3500061035156,510.79998779296875,482.6414489746094,3569229
2022-05-09,510.79998779296875,513.4000244140625,502.04998779296875,504.54998779296875,476.73602294921875,1443702
2022-05-10,505.79998779296875,508.70001220703125,499.3500061035156,502.54998779296875,474.8463134765625,2305275
2022-05-11,502.54998779296875,509.95001220703125,494.20001220703125,507.1000061035156,479.1454772949219,1809222
2022-05-12,507.0,507.1000061035156,495.5,498.3500061035156,470.8777770996094,2176908
2022-05-13,502.0,512.4500122070312,498.3500061035156,500.79998779296875,473.1927185058594,2733902
2022-05-16,504.6000061035156,505.95001220703125,495.3999938964844,496.79998779296875,469.4132080078125,895516
2022-05-17,499.45001220703125,503.6499938964844,494.29998779296875,501.8500061035156,474.1848449707031,2052078
2022-05-18,504.25,515.25,502.0,509.79998779296875,481.69659423828125,3035188
2022-05-19,499.04998779296875,502.8500061035156,489.3500061035156,492.1000061035156,464.9723815917969,2053355
2022-05-20,497.70001220703125,507.3500061035156,496.8500061035156,503.3500061035156,475.6021728515625,2149292
2022-05-23,505.0,513.1500244140625,504.0,506.29998779296875,478.3895568847656,1572782
2022-05-24,508.6000061035156,508.6000061035156,498.20001220703125,502.1499938964844,474.46832275390625,2089081
2022-05-25,504.8500061035156,505.0,493.45001220703125,494.45001220703125,467.1927795410156,1054477
2022-05-26,497.29998779296875,501.5,488.29998779296875,497.8500061035156,470.40533447265625,2070365
2022-05-27,501.20001220703125,501.3500061035156,495.70001220703125,497.70001220703125,470.263671875,1089096
2022-05-30,501.3999938964844,510.5,500.0,510.1000061035156,481.9801025390625,1594338
2022-05-31,509.79998779296875,526.25,504.1000061035156,519.0,490.3894348144531,5516299
2022-06-01,519.3499755859375,527.0,515.4000244140625,517.5499877929688,489.0193786621094,1596876
2022-06-02,517.5499877929688,524.9500122070312,512.0499877929688,521.7000122070312,492.94061279296875,1883760
2022-06-03,521.5,522.9500122070312,512.6500244140625,513.9500122070312,485.61785888671875,2117973
2022-06-06,509.0,513.1500244140625,505.3500061035156,508.6000061035156,480.562744140625,3537326
2022-06-07,507.8999938964844,507.8999938964844,496.70001220703125,501.25,473.617919921875,1213684
2022-06-08,498.0,501.04998779296875,491.54998779296875,494.79998779296875,467.5235595703125,1415492
2022-06-09,495.0,498.5,488.70001220703125,497.6499938964844,470.2163391113281,1191289
2022-06-10,496.5,504.75,491.0,502.25,474.5627746582031,1775867
2022-06-13,500.75,506.79998779296875,494.3999938964844,497.79998779296875,470.35809326171875,2658015
2022-06-14,499.3999938964844,503.6000061035156,492.04998779296875,495.6499938964844,468.32666015625,1325521
2022-06-15,498.5,501.0,493.25,496.29998779296875,468.9408264160156,1213910
2022-06-16,498.29998779296875,501.8500061035156,492.70001220703125,497.0,469.6021728515625,1778349
2022-06-17,493.0,494.95001220703125,482.25,484.6000061035156,457.88580322265625,4334329
2022-06-20,486.5,503.1000061035156,484.6000061035156,500.79998779296875,473.1927185058594,3139895
2022-06-21,501.6499938964844,510.45001220703125,497.8999938964844,505.8999938964844,478.0115966796875,1819682
2022-06-22,505.5,512.4000244140625,495.1499938964844,498.95001220703125,471.4447326660156,1766236
2022-06-23,500.0,509.0,499.04998779296875,505.1499938964844,477.30291748046875,1065402
2022-06-24,507.0,514.7000122070312,506.3500061035156,509.75,481.6493835449219,1581131
2022-06-27,517.5,519.0,512.25,515.7000122070312,487.2713317871094,664059
2022-06-28,515.7000122070312,515.7000122070312,507.45001220703125,512.0999755859375,483.86981201171875,1358007
2022-06-29,507.0,512.9000244140625,498.1000061035156,501.20001220703125,473.5707092285156,1698999
2022-06-30,497.70001220703125,502.8999938964844,495.0,495.95001220703125,468.6101379394531,1706703
2022-07-01,492.04998779296875,512.7000122070312,492.04998779296875,511.25,483.06671142578125,1704654
2022-07-04,511.95001220703125,526.9000244140625,511.25,525.0,496.0587158203125,2119912
2022-07-05,528.0,532.7999877929688,526.0,530.7000122070312,501.44451904296875,1891633
2022-07-06,530.5999755859375,544.75,521.0999755859375,542.9500122070312,513.0191650390625,2355807
2022-07-07,542.0999755859375,552.2999877929688,538.0999755859375,543.5499877929688,513.5861206054688,1624706
2022-07-08,545.0,548.4500122070312,540.5999755859375,543.9000244140625,513.9168701171875,759628
2022-07-11,539.0999755859375,547.0,539.0999755859375,545.4000244140625,515.334228515625,767902
2022-07-12,539.0499877929688,545.0,539.0499877929688,543.4500122070312,513.4915771484375,383407
2022-07-13,542.0,548.1500244140625,540.0499877929688,545.2999877929688,515.2395629882812,1655868
2022-07-14,545.9000244140625,552.0,544.0499877929688,549.25,518.9718017578125,1608306
2022-07-15,550.25,555.0,543.4000244140625,548.3499755859375,518.1213989257812,848018
2022-07-18,550.0,553.5999755859375,542.1500244140625,550.0999755859375,519.7749633789062,1156564
2022-07-19,551.6500244140625,553.4000244140625,545.0999755859375,549.4500122070312,519.1608276367188,986838
2022-07-20,552.0,560.0,550.2000122070312,558.25,527.4757690429688,2544134
2022-07-21,558.2000122070312,574.5999755859375,558.0,571.9500122070312,543.0469970703125,3414847
2022-07-22,574.75,577.9000244140625,567.5999755859375,576.2999877929688,547.177001953125,2036934
2022-07-25,570.0,575.7999877929688,564.1500244140625,567.9000244140625,539.2017822265625,1440874
2022-07-26,565.5999755859375,568.0999755859375,556.25,558.25,530.0393676757812,1549359
2022-07-27,555.9000244140625,569.25,555.9000244140625,567.75,539.0592041015625,1151735
2022-07-28,568.5,577.9000244140625,568.0499877929688,572.7000122070312,543.7590942382812,1914336
2022-07-29,573.2000122070312,585.25,571.0499877929688,584.0999755859375,554.5829467773438,2161611
2022-08-01,584.0999755859375,585.5499877929688,576.5,580.7999877929688,551.44970703125,993023
2022-08-02,580.7999877929688,590.5,575.0,578.25,549.0286254882812,1291098
2022-08-03,578.0,579.3499755859375,565.5999755859375,569.7999877929688,541.0057373046875,1793491
2022-08-04,572.0,576.0,566.2000122070312,573.9000244140625,544.8984985351562,2687696
2022-08-05,573.9000244140625,582.5499877929688,573.0,579.1500244140625,549.8832397460938,1455945
2022-08-08,580.0,587.5,577.5499877929688,586.5,556.8617553710938,1395495
2022-08-10,588.9500122070312,591.4500122070312,580.9500122070312,584.9500122070312,555.3900146484375,1222405
2022-08-11,588.0,590.0,581.0,582.7000122070312,553.2537841796875,1222897
2022-08-12,582.0,586.5499877929688,573.25,581.5999755859375,552.2093505859375,1418557
2022-08-16,582.25,587.9000244140625,577.5999755859375,579.5999755859375,550.3104248046875,1076292
2022-08-17,580.0,586.0,576.2000122070312,584.9500122070312,555.3900146484375,1524111
2022-08-18,585.75,596.0499877929688,583.6500244140625,594.5999755859375,564.5524291992188,1777307
2022-08-19,597.7999877929688,602.0,586.0499877929688,587.2000122070312,557.5263671875,2461951
2022-08-22,584.5,591.9000244140625,581.3499755859375,584.2000122070312,554.677978515625,1333644
2022-08-23,579.2000122070312,591.9500122070312,579.0,588.0999755859375,558.380859375,1186601
2022-08-24,585.0,588.5,579.2000122070312,587.0999755859375,557.4314575195312,1383496
2022-08-25,588.5,589.5499877929688,578.0,579.7000122070312,550.4052734375,1563845
2022-08-26,581.0499877929688,582.5499877929688,567.7999877929688,572.0,543.0944213867188,2359504
2022-08-29,564.9500122070312,580.7999877929688,563.8499755859375,573.0499877929688,544.0914306640625,2612374
2022-08-30,575.0499877929688,586.0,575.0499877929688,583.5999755859375,554.1082763671875,1784269
2022-09-01,565.0499877929688,574.5499877929688,565.0499877929688,569.5999755859375,540.8157348632812,3042496
2022-09-02,571.25,572.5,566.5,570.7000122070312,541.860107421875,1659835
2022-09-05,572.1500244140625,574.0499877929688,568.0499877929688,570.0999755859375,541.2904663085938,686752
2022-09-06,571.5499877929688,573.0,568.4000244140625,571.0,542.1449584960938,562408
2022-09-07,569.9500122070312,574.7000122070312,569.0499877929688,572.3499755859375,543.4268188476562,485140
2022-09-08,573.8499755859375,573.9000244140625,567.25,570.4000244140625,541.5753784179688,853719
2022-09-09,577.8499755859375,577.8499755859375,569.5,574.9000244140625,545.8479614257812,965576
2022-09-12,574.9000244140625,578.5999755859375,568.5499877929688,570.4000244140625,541.5753784179688,835551
2022-09-13,572.9500122070312,573.9000244140625,569.7999877929688,571.0,542.1449584960938,827907
2022-09-14,567.4000244140625,571.0,565.0,567.0,538.34716796875,867842
2022-09-15,569.8499755859375,569.8499755859375,560.2000122070312,563.4500122070312,534.9765625,1225198
2022-09-16,560.25,562.8499755859375,544.0,546.4000244140625,518.7881469726562,1946975
2022-09-19,549.1500244140625,550.7999877929688,540.2999877929688,548.1500244140625,520.44970703125,685828
2022-09-20,550.7999877929688,560.5499877929688,548.4500122070312,556.7999877929688,528.66259765625,812820
2022-09-21,556.7999877929688,568.7000122070312,554.7000122070312,561.5,533.1250610351562,1660482
2022-09-22,561.9000244140625,580.0,558.9000244140625,575.6500244140625,546.5599975585938,2626545
2022-09-23,575.7000122070312,576.8499755859375,567.5499877929688,568.5499877929688,539.8187866210938,1156625
2022-09-26,564.5499877929688,566.7999877929688,555.0999755859375,556.2000122070312,528.0928955078125,1442609
2022-09-27,559.0,565.4500122070312,557.0499877929688,560.5,532.1755981445312,1734629
2022-09-28,558.0499877929688,568.5,555.9500122070312,564.0499877929688,535.5462646484375,1551538
2022-09-29,566.9000244140625,578.1500244140625,563.9000244140625,575.75,546.6549682617188,2309452
2022-09-30,575.75,575.75,568.0999755859375,572.9500122070312,543.9964599609375,1598546
2022-10-03,571.5999755859375,577.8499755859375,555.0,557.1500244140625,528.994873046875,1606325
2022-10-04,568.2000122070312,568.2000122070312,552.2000122070312,553.7999877929688,525.8141479492188,2948474
2022-10-06,557.5,557.5,544.5,546.4000244140625,518.7881469726562,2675443
2022-10-07,537.9000244140625,544.5,534.25,540.1500244140625,512.8540649414062,3803118
2022-10-10,534.0,537.7999877929688,526.5499877929688,529.0999755859375,502.36236572265625,3601832
2022-10-11,531.75,531.75,517.0,518.9500122070312,492.7252502441406,6628877
2022-10-12,518.9500122070312,538.8499755859375,518.9500122070312,533.5999755859375,506.63494873046875,3197008
2022-10-13,535.0,538.5499877929688,529.25,530.0,503.2169189453125,2075101
2022-10-14,535.0,535.0,527.0,531.3499755859375,504.4986877441406,1518166
2022-10-17,531.3499755859375,534.5,527.0,529.9500122070312,503.16937255859375,757924
2022-10-18,531.5499877929688,533.5,528.7000122070312,531.3499755859375,504.4986877441406,1247608
2022-10-19,532.5499877929688,536.0,525.0499877929688,526.0999755859375,499.5139465332031,2677154
2022-10-20,525.0,537.5,522.0,535.9500122070312,508.8662109375,2273116
2022-10-21,536.0,540.0,532.4500122070312,537.9500122070312,510.76513671875,1238126
2022-10-24,540.3499755859375,541.0,534.5,536.8499755859375,509.720703125,164839
2022-10-25,536.0,538.0,530.75,532.1500244140625,505.25830078125,1231137
2022-10-27,541.5,551.2999877929688,536.0,549.0499877929688,521.3042602539062,5098267
2022-10-28,552.5,554.25,546.25,551.0499877929688,523.2030639648438,2012341
2022-10-31,553.3499755859375,558.5,550.2000122070312,554.7000122070312,526.668701171875,1517302
2022-11-01,556.9000244140625,565.0,554.8499755859375,563.7999877929688,535.3087768554688,1354247
2022-11-02,565.9500122070312,566.4000244140625,558.5,562.25,533.837158203125,936356
2022-11-03,562.25,562.5999755859375,554.5,555.9000244140625,530.1654663085938,807402
2022-11-04,557.4000244140625,560.4000244140625,554.1500244140625,557.5,531.6912841796875,620438
2022-11-07,557.5,563.25,547.6500244140625,553.5999755859375,527.971923828125,1295002
2022-11-09,555.0,560.3499755859375,549.0,554.1500244140625,528.4964599609375,883098
2022-11-10,551.0,555.8499755859375,548.0,553.9000244140625,528.258056640625,927378
2022-11-11,556.7000122070312,559.5,550.2000122070312,553.0999755859375,527.4949951171875,1331351
2022-11-14,555.4500122070312,568.0,550.2999877929688,553.2000122070312,527.5903930664062,2173335
2022-11-15,555.2000122070312,556.0,542.0,550.75,525.25390625,1939642
2022-11-16,549.0499877929688,551.0,544.2000122070312,550.0499877929688,524.5862426757812,2344384
2022-11-17,548.25,553.7999877929688,545.6500244140625,551.9000244140625,526.3506469726562,2201076
2022-11-18,551.9000244140625,551.9500122070312,543.0,548.5,523.1079711914062,1143913
2022-11-21,547.4500122070312,551.9500122070312,544.2000122070312,550.7999877929688,525.301513671875,1022010
2022-11-22,548.4500122070312,548.9000244140625,540.5499877929688,546.4500122070312,521.1529541015625,1710541
2022-11-23,546.0999755859375,552.5,544.0,551.4000244140625,525.873779296875,1450395
2022-11-24,553.0,557.0,550.5,553.5999755859375,527.971923828125,1285517
2022-11-25,555.0,557.5,547.7000122070312,556.5499877929688,530.7853393554688,815285
2022-11-28,556.5499877929688,562.9000244140625,555.5999755859375,558.5999755859375,532.7404174804688,1384789
2022-11-29,559.8499755859375,598.2999877929688,558.0999755859375,593.0999755859375,565.643310546875,11072058
2022-11-30,595.4500122070312,598.9000244140625,585.7000122070312,588.3499755859375,561.1132202148438,6800183
2022-12-01,589.5,591.5999755859375,586.0999755859375,586.7999877929688,559.6348876953125,2181957
2022-12-02,584.9000244140625,592.9500122070312,576.5,591.1500244140625,563.78369140625,3556471
2022-12-05,591.0,592.5,582.8499755859375,587.0999755859375,559.9210205078125,3137533
2022-12-06,585.9000244140625,594.0499877929688,582.1500244140625,592.5999755859375,565.1663818359375,1040850
2022-12-07,601.0,610.75,598.3499755859375,602.25,574.3696899414062,6182504
2022-12-08,605.5,607.0,598.7999877929688,604.4000244140625,576.4202270507812,1825451
2022-12-09,606.7999877929688,609.5499877929688,594.0,598.75,571.03173828125,1253564
2022-12-12,600.0,603.7999877929688,590.2999877929688,602.4500122070312,574.560546875,1989220
2022-12-13,603.2000122070312,604.8499755859375,593.0,594.2000122070312,566.6923828125,1713097
2022-12-14,596.0,598.1500244140625,585.3499755859375,587.0999755859375,559.9210205078125,1470878
2022-12-15,585.6500244140625,590.0,582.2999877929688,586.9000244140625,559.7303466796875,993549
2022-12-16,585.0,587.9500122070312,579.0,579.75,552.9113159179688,1749583
2022-12-19,578.0,589.7999877929688,574.0499877929688,589.0499877929688,561.78076171875,2060993
2022-12-20,576.0999755859375,582.4000244140625,569.5499877929688,579.5,552.6728515625,8300358
2022-12-21,582.3499755859375,586.5999755859375,574.6500244140625,577.25,550.5270385742188,2308329
2022-12-22,577.4000244140625,583.0999755859375,574.4500122070312,577.75,551.00390625,818353
2022-12-23,572.2999877929688,575.5,562.9500122070312,565.8499755859375,539.6547241210938,1890316
2022-12-26,560.25,567.5499877929688,557.25,566.0999755859375,539.8931884765625,2149944
2022-12-27,568.0,577.2999877929688,566.1500244140625,573.5,546.9506225585938,756651
2022-12-28,575.0,575.0,568.0,569.1500244140625,542.802001953125,1041815
2022-12-29,568.5,569.9500122070312,559.75,560.9500122070312,534.9816284179688,1761390
2022-12-30,563.5,568.25,560.0999755859375,561.4500122070312,535.4584350585938,699061
2023-01-02,561.4500122070312,563.4500122070312,558.0999755859375,561.5499877929688,535.5537719726562,564453
2023-01-03,564.2999877929688,568.3499755859375,557.25,560.8499755859375,534.88623046875,904153
2023-01-04,562.5,564.5,557.7999877929688,559.8499755859375,533.9324951171875,1223101
2023-01-05,561.0999755859375,574.1500244140625,561.0,572.75,546.2354125976562,2641778
2023-01-06,573.1500244140625,573.9500122070312,548.5,552.8499755859375,527.2565307617188,2789534
2023-01-09,556.0,556.0,545.7000122070312,549.5499877929688,524.1094360351562,3024289
2023-01-10,550.2000122070312,555.2000122070312,547.5,554.5999755859375,528.9255981445312,1156889
2023-01-11,554.5999755859375,555.2000122070312,545.0999755859375,548.3499755859375,522.9649658203125,1862522
2023-01-12,547.7999877929688,549.2999877929688,541.9000244140625,544.9500122070312,519.7223510742188,1973109
2023-01-13,545.5,549.9000244140625,538.5499877929688,543.7000122070312,518.5302124023438,3143762
2023-01-16,545.2000122070312,553.7999877929688,543.0499877929688,553.0499877929688,527.4473876953125,1120373
2023-01-17,553.0499877929688,559.25,550.0499877929688,556.5499877929688,530.7853393554688,1228285
2023-01-18,556.4500122070312,559.9500122070312,554.0,557.5999755859375,531.7866821289062,676706
2023-01-19,556.5,560.7999877929688,551.7999877929688,554.9500122070312,529.2594604492188,1182667
2023-01-20,554.0499877929688,568.5,551.0999755859375,566.0,539.7978515625,2511076
2023-01-23,568.0,568.0,560.5999755859375,564.4000244140625,538.2719116210938,704349
2023-01-24,565.6500244140625,569.5,561.25,566.9500122070312,540.7039184570312,611251
2023-01-25,565.6500244140625,567.4500122070312,560.6500244140625,563.2999877929688,537.2228393554688,854326
2023-01-27,564.3499755859375,567.5,556.25,562.0499877929688,536.0308227539062,1373950
2023-01-30,563.0,563.7000122070312,551.6500244140625,558.0499877929688,532.2158203125,2094290
2023-01-31,559.4000244140625,559.7000122070312,553.4500122070312,557.75,531.9297485351562,2302382
2023-02-01,560.0,568.75,553.5999755859375,561.9500122070312,535.935302734375,2239694
2023-02-02,557.5,560.9500122070312,546.5,554.4500122070312,528.7825927734375,1698846
2023-02-03,562.0,562.0499877929688,528.25,533.7000122070312,508.9930725097656,4206140
2023-02-06,533.7000122070312,546.4500122070312,530.25,544.7000122070312,519.4839477539062,2259398
2023-02-07,544.4500122070312,545.9000244140625,533.0,535.6500244140625,510.85284423828125,2293797
2023-02-08,535.6500244140625,537.0,529.2000122070312,533.9500122070312,509.2315368652344,1629050
2023-02-09,533.9500122070312,536.6500244140625,530.6500244140625,533.25,508.5639953613281,1095213
2023-02-10,533.25,533.9500122070312,530.2999877929688,532.4000244140625,507.75335693359375,913857
2023-02-13,532.0,535.5,529.0,534.4500122070312,509.70843505859375,1379183
2023-02-14,535.0,538.3499755859375,529.5499877929688,530.0,505.46441650390625,1728878
2023-02-15,529.7999877929688,536.5,524.0,534.8499755859375,510.0898132324219,1530576
2023-02-16,535.8499755859375,538.9500122070312,533.0,535.5999755859375,510.8052062988281,1400865
2023-02-17,533.9000244140625,536.6500244140625,530.5,534.5,509.7561340332031,1510520
2023-02-20,534.9500122070312,536.25,529.6500244140625,535.0,510.2329406738281,1462577
2023-02-21,536.2999877929688,537.9000244140625,532.6500244140625,535.1500244140625,510.3760070800781,2460231
2023-02-22,535.5,535.5,529.5999755859375,533.2000122070312,508.5162048339844,922754
2023-02-23,531.0,543.0999755859375,530.0499877929688,539.75,514.7631225585938,2803998
2023-02-24,540.9000244140625,541.25,534.0,534.9000244140625,510.13763427734375,1375098
2023-02-27,534.0,534.0499877929688,523.2999877929688,526.2000122070312,501.84033203125,1746670
2023-02-28,526.5,535.0,522.25,532.5999755859375,507.94403076171875,2330523
2023-03-01,535.7999877929688,536.4500122070312,526.0,527.25,502.8417053222656,1767693
2023-03-02,528.9000244140625,530.7999877929688,525.4500122070312,530.0999755859375,505.559814453125,1215381
2023-03-03,531.5499877929688,536.75,529.9000244140625,534.7999877929688,510.0422058105469,970153
2023-03-06,536.0999755859375,539.0999755859375,533.0999755859375,537.0,512.1404418945312,1070128
2023-03-08,537.4500122070312,537.4500122070312,530.25,531.8499755859375,507.228759765625,1455390
2023-03-09,531.0,533.1500244140625,526.0,526.6500244140625,502.2695007324219,1585845
2023-03-10,525.0,531.0,524.0499877929688,529.9500122070312,505.4167175292969,909401
2023-03-13,527.5,529.8499755859375,520.0,523.5499877929688,499.3130187988281,1409053
2023-03-14,522.6500244140625,528.5499877929688,522.0999755859375,526.5,502.12646484375,838398
2023-03-15,526.25,529.0999755859375,518.5999755859375,521.8499755859375,497.69171142578125,3297110
2023-03-16,520.5,537.75,520.5,534.5,509.7561340332031,2094724
2023-03-17,536.0999755859375,539.25,532.3499755859375,536.1500244140625,511.3297424316406,1400977
2023-03-20,532.0,537.9000244140625,529.0,537.0999755859375,512.2357177734375,870716
2023-03-21,537.9500122070312,539.8499755859375,531.1500244140625,532.2999877929688,507.6578674316406,1645563
2023-03-22,532.1500244140625,542.0,531.2000122070312,540.1500244140625,515.1445922851562,784791
2023-03-23,540.9500122070312,544.4500122070312,536.5999755859375,539.4000244140625,514.4292602539062,1927951
2023-03-24,536.2000122070312,540.0,535.0,536.4000244140625,511.56817626953125,639799
2023-03-27,534.2000122070312,546.0,534.2000122070312,541.4500122070312,516.3843383789062,1319154
2023-03-28,539.0,542.75,532.0,533.7999877929688,509.0885009765625,1173081
2023-03-29,533.0,537.5,529.2000122070312,535.6500244140625,510.85284423828125,1804819
2023-03-31,536.9500122070312,548.0,536.9500122070312,544.9000244140625,519.6746215820312,1361128
2023-04-03,547.5,549.9500122070312,543.0499877929688,547.5999755859375,522.2496337890625,2436530
2023-04-05,555.0,555.0499877929688,541.8499755859375,548.0499877929688,522.6788330078125,1737173
2023-04-06,547.7999877929688,548.0499877929688,525.0,525.9000244140625,501.55426025390625,3766812
2023-04-10,527.9000244140625,528.0,521.2000122070312,523.2000122070312,498.979248046875,1618940
2023-04-11,523.7000122070312,526.6500244140625,519.7000122070312,521.8499755859375,497.69171142578125,3509174
2023-04-12,522.0,522.0,515.4500122070312,517.6500244140625,493.6861572265625,2122535
2023-04-13,519.0,527.7999877929688,514.2000122070312,527.1500244140625,502.74639892578125,8617033
2023-04-17,529.9500122070312,529.9500122070312,521.5499877929688,524.0999755859375,499.8375549316406,1555572
2023-04-18,524.6500244140625,524.8499755859375,519.25,520.9000244140625,496.7857666015625,2893384
2023-04-19,520.0,520.7000122070312,517.4500122070312,520.0499877929688,495.97503662109375,1138035
2023-04-20,520.0499877929688,526.25,518.7999877929688,525.2999877929688,500.98199462890625,2688238
2023-04-21,525.4000244140625,528.3499755859375,523.7000122070312,525.1500244140625,500.8389892578125,1242615
2023-04-24,526.4000244140625,527.5,520.75,524.8499755859375,500.5528869628906,2399145
2023-04-25,522.5,528.7000122070312,520.2000122070312,526.4000244140625,502.0311279296875,965836
2023-04-26,526.2000122070312,534.9500122070312,526.0,533.6500244140625,508.945556640625,2552760
2023-04-27,534.6500244140625,534.8499755859375,528.0499877929688,530.4000244140625,505.8459167480469,1298338
2023-04-28,531.0,534.75,528.75,532.9000244140625,508.23016357421875,2032847
2023-05-02,535.0,537.1500244140625,532.0499877929688,536.4500122070312,511.6158752441406,1099379
2023-05-03,538.9000244140625,541.5,535.9500122070312,537.9500122070312,513.04638671875,2882258
2023-05-04,539.4000244140625,540.8499755859375,528.2000122070312,530.4000244140625,505.8459167480469,4124229
2023-05-05,517.5,527.0,503.6499938964844,505.0,481.62176513671875,6512813
2023-05-08,508.0,515.0,506.04998779296875,513.9000244140625,490.1097412109375,2707182
2023-05-09,515.8499755859375,518.6500244140625,514.5499877929688,517.9000244140625,493.924560546875,1447224
2023-05-10,518.9500122070312,518.9500122070312,509.1000061035156,514.2999877929688,490.4912414550781,2751302
2023-05-11,514.5999755859375,521.0,512.4500122070312,520.2000122070312,496.1181640625,1959951
2023-05-12,520.9000244140625,522.4000244140625,517.1500244140625,518.3499755859375,494.35369873046875,1542764
2023-05-15,518.0,533.9500122070312,513.6500244140625,533.0499877929688,508.3732604980469,3666778
2023-05-16,535.0,535.8499755859375,530.0,530.75,506.1796875,1530503
2023-05-17,530.0,530.4000244140625,519.5999755859375,523.9500122070312,499.69451904296875,2511945
2023-05-18,527.4500122070312,527.4500122070312,522.0,523.4500122070312,499.2176208496094,1579098
2023-05-19,525.8499755859375,525.9000244140625,517.0,519.0999755859375,495.0689697265625,1402249
2023-05-22,518.9000244140625,525.2000122070312,515.4000244140625,522.25,498.0731506347656,1305271
2023-05-23,523.0,526.5,520.0,525.75,501.4111633300781,1500934
2023-05-24,526.7999877929688,528.5,522.25,526.7000122070312,502.31719970703125,2304274
2023-05-25,526.7000122070312,533.5499877929688,525.5499877929688,530.1500244140625,505.6075134277344,2297300
2023-05-26,529.5499877929688,543.7000122070312,528.5,542.0999755859375,517.0042114257812,2184804
2023-05-29,545.9500122070312,550.0,542.4000244140625,548.3499755859375,522.9649658203125,2215580
2023-05-30,550.0,552.9000244140625,546.7000122070312,549.9000244140625,524.4432373046875,2023557
2023-05-31,548.5,558.0,546.0499877929688,555.4000244140625,529.6886596679688,4905059
2023-06-01,555.4500122070312,563.9000244140625,553.25,556.9000244140625,531.119140625,1385234
2023-06-02,557.5,560.0,555.8499755859375,557.2000122070312,531.4051513671875,1166828
2023-06-05,558.5499877929688,563.0,551.5499877929688,552.25,526.6844482421875,1570130
2023-06-06,553.5499877929688,554.3499755859375,541.5499877929688,547.5,522.154296875,2685928
2023-06-07,548.9500122070312,558.2000122070312,546.2000122070312,556.5,530.7376098632812,2718117
2023-06-08,559.0,560.0,551.2999877929688,552.0999755859375,526.5413208007812,1650679
2023-06-09,555.6500244140625,556.5,546.5999755859375,549.9500122070312,524.4909057617188,2146305
2023-06-12,549.0,555.7000122070312,546.6500244140625,553.5999755859375,527.971923828125,1007065
2023-06-13,553.5999755859375,562.9000244140625,551.2999877929688,560.4500122070312,534.5048217773438,2644392
2023-06-14,561.0,563.5,557.75,562.3499755859375,536.3168334960938,1577846
2023-06-15,562.3499755859375,570.5,561.5499877929688,569.0499877929688,542.7066040039062,2246105
2023-06-16,573.0,573.0,565.25,570.9000244140625,544.4710083007812,2022971
2023-06-19,571.0999755859375,573.0,566.6500244140625,569.1500244140625,542.802001953125,1114637
2023-06-20,567.3499755859375,572.9000244140625,563.0999755859375,572.0999755859375,545.6153564453125,1068183
2023-06-21,572.0,575.5,564.7999877929688,567.0999755859375,540.8469848632812,1632121
2023-06-22,567.0999755859375,569.0499877929688,560.0499877929688,562.6500244140625,536.6029663085938,1815315
2023-06-23,560.0,565.75,556.0,563.3499755859375,537.2705078125,1536193
2023-06-26,560.1500244140625,570.0,560.1500244140625,569.5499877929688,543.1834716796875,825926
2023-06-27,569.0,571.7000122070312,564.0499877929688,570.5999755859375,544.184814453125,1900084
2023-06-28,571.0,575.9000244140625,568.7000122070312,574.0999755859375,547.5228271484375,2195767
2023-06-30,573.0,578.0,569.2999877929688,572.9500122070312,546.4260864257812,1993618
2023-07-03,574.9500122070312,583.8499755859375,573.0999755859375,582.25,555.2955932617188,1375594
2023-07-04,584.0,586.0999755859375,577.4000244140625,579.6500244140625,552.8159790039062,730709
2023-07-05,579.2000122070312,595.8499755859375,576.5999755859375,592.4500122070312,565.0233154296875,1607408
2023-07-06,592.4500122070312,597.0999755859375,586.7999877929688,591.9500122070312,564.5465698242188,1116191
2023-07-07,596.0,596.25,570.6500244140625,572.2000122070312,545.7108764648438,3008774
2023-07-10,572.25,576.1500244140625,566.0,572.7000122070312,546.1876220703125,1999303
2023-07-11,575.75,582.4000244140625,573.0,581.6500244140625,554.7235107421875,1212325
2023-07-12,583.9500122070312,585.8499755859375,578.8499755859375,583.4000244140625,556.3923950195312,1388783
2023-07-13,584.0,585.7000122070312,576.5,577.7000122070312,550.9562377929688,793507
2023-07-14,577.6500244140625,588.0,576.7999877929688,586.5,559.3488159179688,1133717
2023-07-17,588.6500244140625,594.75,580.9000244140625,582.25,555.2955932617188,1721733
2023-07-18,582.2000122070312,582.2000122070312,573.0499877929688,577.0,550.2886352539062,1492660
2023-07-19,577.0,581.0499877929688,573.6500244140625,574.5499877929688,547.9520874023438,607767
2023-07-20,574.5499877929688,580.0,570.0499877929688,578.5,551.7191772460938,1538931
2023-07-21,572.0,577.25,564.0499877929688,565.2000122070312,541.5625,3010552
2023-07-24,565.2000122070312,571.9500122070312,559.25,565.2999877929688,541.6582641601562,2410138
2023-07-25,566.9500122070312,569.5999755859375,563.0999755859375,568.3499755859375,544.5807495117188,594176
2023-07-26,570.4500122070312,576.0499877929688,568.2000122070312,575.0,550.9526977539062,1273253
2023-07-27,576.7999877929688,578.9500122070312,572.0,573.7999877929688,549.8028564453125,2005022
2023-07-28,572.25,582.8499755859375,570.0,581.7000122070312,557.3724365234375,1812535
2023-07-31,575.0,579.9500122070312,572.5999755859375,575.5999755859375,551.5275268554688,1156926
2023-08-01,575.7999877929688,578.2999877929688,567.5,568.75,544.9639892578125,1334010
2023-08-02,568.0999755859375,568.9000244140625,561.75,565.6500244140625,541.9937133789062,1868482
2023-08-03,556.75,562.0,545.6500244140625,555.0499877929688,531.8370361328125,5441318
2023-08-04,564.0,593.75,563.7999877929688,569.7000122070312,545.8743286132812,7508691
2023-08-07,566.0499877929688,567.7999877929688,558.0999755859375,565.2999877929688,541.6582641601562,1988682
2023-08-08,564.9000244140625,567.0999755859375,558.5499877929688,562.4000244140625,538.879638671875,1956590
2023-08-09,562.2999877929688,572.9500122070312,561.0,572.1500244140625,548.2218017578125,1130663
2023-08-10,572.4500122070312,579.4500122070312,569.0,571.5499877929688,547.6469116210938,1310628
2023-08-11,571.5,571.75,562.0,563.1500244140625,539.59814453125,1198557
2023-08-14,563.0,567.75,556.0,564.8499755859375,541.2271118164062,1300882
2023-08-16,562.0999755859375,566.3499755859375,559.5,565.3499755859375,541.7062377929688,641032
2023-08-17,563.75,565.3499755859375,556.4000244140625,561.2000122070312,537.729736328125,2172788
2023-08-18,560.9000244140625,567.9500122070312,558.2999877929688,565.5,541.849853515625,1108955
2023-08-21,563.5,568.5499877929688,562.0499877929688,567.75,544.0057373046875,1138890
2023-08-22,566.0,577.9500122070312,565.25,574.75,550.7130737304688,1750504
2023-08-23,575.6500244140625,575.7999877929688,565.75,567.2999877929688,543.57470703125,1933561
2023-08-24,570.9500122070312,570.9500122070312,564.0499877929688,564.9000244140625,541.2750244140625,740364
2023-08-25,561.25,568.6500244140625,557.0499877929688,558.0499877929688,534.71142578125,2083408
2023-08-28,558.1500244140625,559.8499755859375,551.7000122070312,554.1500244140625,530.974609375,1481763
2023-08-29,553.5499877929688,553.9000244140625,546.0999755859375,550.1500244140625,527.1419067382812,2642866
2023-08-30,553.9500122070312,555.8499755859375,552.0,554.9000244140625,531.6931762695312,845829
2023-08-31,554.9000244140625,557.4500122070312,546.5,553.0999755859375,529.968505859375,4736298
2023-09-01,551.5,555.9500122070312,550.4000244140625,553.3499755859375,530.2080688476562,924117
2023-09-04,554.1500244140625,560.0,551.0499877929688,557.9000244140625,534.5677490234375,944485
2023-09-05,560.0,562.9000244140625,558.0,559.8499755859375,536.4361572265625,992447
2023-09-06,559.75,563.0,558.7000122070312,561.5499877929688,538.0650634765625,635877
2023-09-07,561.5499877929688,568.75,561.5499877929688,566.0,542.3290405273438,1352944
2023-09-08,566.0,568.9000244140625,563.5499877929688,567.0999755859375,543.383056640625,695069
2023-09-11,567.25,571.25,566.9500122070312,569.7000122070312,545.8743286132812,690033
2023-09-12,571.0,572.9500122070312,561.6500244140625,565.7000122070312,542.0416259765625,1086960
2023-09-13,563.5999755859375,566.7000122070312,560.2000122070312,565.5,541.849853515625,1206619
2023-09-14,564.0999755859375,569.4000244140625,563.1500244140625,567.4500122070312,543.7183227539062,998731
2023-09-15,568.0499877929688,569.2000122070312,560.5,565.5,541.849853515625,2463912
2023-09-18,571.0,576.5999755859375,563.25,565.6500244140625,541.9937133789062,1469701
2023-09-20,565.0,565.4000244140625,554.25,561.1500244140625,537.6818237304688,2487342
2023-09-21,559.75,561.4000244140625,553.5499877929688,560.1500244140625,536.7236328125,2150267
2023-09-22,559.4500122070312,564.9000244140625,557.5499877929688,561.2999877929688,537.8256225585938,956641
2023-09-25,561.2999877929688,563.0,552.7999877929688,554.2999877929688,531.1183471679688,1426546
2023-09-26,554.25,557.9500122070312,553.0499877929688,555.4500122070312,532.22021484375,1290222
2023-09-27,555.0499877929688,562.0499877929688,553.7000122070312,561.0,537.5382080078125,1375349
2023-09-28,561.0,561.8499755859375,545.5499877929688,547.25,524.3632202148438,2182058
2023-09-29,548.9000244140625,552.9000244140625,546.75,551.5999755859375,528.53125,838408
2023-10-03,555.2000122070312,555.5,546.0999755859375,553.5999755859375,530.4476318359375,1924677
2023-10-04,552.0,557.2000122070312,550.5999755859375,555.3499755859375,532.12451171875,1096308
2023-10-05,555.3499755859375,558.0,547.4500122070312,550.75,527.7168579101562,1509964
2023-10-06,551.0,551.9000244140625,545.7999877929688,547.1500244140625,524.2673950195312,1061490
2023-10-09,543.1500244140625,545.2000122070312,540.0999755859375,541.75,519.0932006835938,1076708
2023-10-10,544.9500122070312,545.4000244140625,541.75,543.8499755859375,521.1052856445312,814992
2023-10-11,544.4500122070312,546.7000122070312,543.0999755859375,543.75,521.009521484375,1039964
2023-10-12,545.4500122070312,546.2000122070312,538.7999877929688,541.0,518.3745727539062,903301
2023-10-13,541.9000244140625,542.4500122070312,536.5,538.8499755859375,516.3143920898438,1607850
2023-10-16,538.0,538.9500122070312,534.5499877929688,536.9500122070312,514.4939575195312,1807237
2023-10-17,537.0999755859375,543.0,536.0,540.25,517.6558837890625,2040439
2023-10-18,538.1500244140625,540.7999877929688,533.3499755859375,534.0,511.66729736328125,1251181
2023-10-19,525.0,528.3499755859375,520.5,525.6500244140625,503.6665954589844,4093512
2023-10-20,523.0,526.25,516.0,524.7999877929688,502.85205078125,7600488
2023-10-23,524.7999877929688,526.0,518.6500244140625,521.3499755859375,499.54632568359375,1535943
2023-10-25,517.2999877929688,525.0,516.2999877929688,517.9000244140625,496.2406311035156,2014418
2023-10-26,517.9000244140625,517.9000244140625,504.1000061035156,508.45001220703125,487.18585205078125,2400780
2023-10-27,510.8999938964844,525.8499755859375,509.04998779296875,524.5499877929688,502.6124572753906,2125985
2023-10-30,524.5,524.7000122070312,521.7000122070312,523.4500122070312,501.5585021972656,1711768
2023-10-31,524.5999755859375,531.0499877929688,522.25,528.9000244140625,506.7806396484375,1687120
2023-11-01,530.5,532.0,516.2000122070312,517.0999755859375,495.4740295410156,2712123
2023-11-02,519.75,533.5,517.3499755859375,530.4000244140625,508.2178955078125,1919439
2023-11-03,534.0999755859375,537.8499755859375,531.4000244140625,535.5,513.1045532226562,1337219
2023-11-06,536.9000244140625,539.5499877929688,533.3499755859375,537.9500122070312,515.4520874023438,478913
2023-11-07,539.0,539.9000244140625,532.8499755859375,536.0999755859375,513.6795654296875,823342
2023-11-08,538.7000122070312,539.7999877929688,533.4000244140625,539.25,516.6978149414062,776461
2023-11-09,540.0,540.0,533.0,534.8499755859375,512.481689453125,1366713
2023-11-10,532.6500244140625,535.0,526.7000122070312,533.3499755859375,513.6856689453125,1361649
2023-11-13,535.5,535.7999877929688,525.9500122070312,530.0999755859375,510.55548095703125,979880
2023-11-15,523.0499877929688,527.5,516.7000122070312,526.0,506.60662841796875,3398705
2023-11-16,532.25,535.4000244140625,526.2000122070312,534.9000244140625,515.1785278320312,1612231
2023-11-17,535.7999877929688,542.5999755859375,531.6500244140625,540.7000122070312,520.7647094726562,1512369
2023-11-20,540.7000122070312,545.4500122070312,537.2000122070312,543.2000122070312,523.172607421875,1910044
2023-11-21,545.6500244140625,545.6500244140625,539.25,540.8499755859375,520.9091796875,1379849
2023-11-22,540.7000122070312,541.9500122070312,537.5499877929688,541.0,521.0536499023438,680568
2023-11-23,541.0,542.0,535.25,540.3499755859375,520.4276123046875,800753
2023-11-24,542.0,542.0999755859375,536.0,537.3499755859375,517.5381469726562,440877
2023-11-28,536.5,537.3499755859375,531.0499877929688,533.7999877929688,514.1190185546875,2251292
2023-11-29,533.7999877929688,536.0499877929688,532.0,534.5999755859375,514.8895263671875,1815670
2023-11-30,534.5999755859375,540.4000244140625,533.0,538.0499877929688,518.21240234375,3167951
2023-12-01,540.0,544.4000244140625,537.7000122070312,541.1500244140625,521.1981201171875,1584387
2023-12-04,544.9000244140625,548.9000244140625,541.7000122070312,547.0,526.8323974609375,2125643
2023-12-05,548.9500122070312,552.5,546.7999877929688,552.0,531.6480712890625,1748869
2023-12-06,554.75,554.9000244140625,549.2999877929688,550.0499877929688,529.7698974609375,1028497
2023-12-07,550.0499877929688,550.9500122070312,537.4500122070312,545.7999877929688,525.6766357421875,1150700
2023-12-08,548.9000244140625,556.25,545.7999877929688,547.5,527.31396484375,2453675
2023-12-11,548.0,551.3499755859375,545.0499877929688,550.5,530.203369140625,1278433
2023-12-12,550.5,553.5999755859375,546.7000122070312,549.0,528.7586669921875,1418773
2023-12-13,547.5499877929688,549.3499755859375,543.0999755859375,547.5499877929688,527.3621215820312,1628806
2023-12-14,548.7000122070312,549.7000122070312,544.5999755859375,547.4500122070312,527.2658081054688,2078199
2023-12-15,547.9500122070312,548.0,537.25,539.7000122070312,519.801513671875,2655593
2023-12-18,539.7000122070312,543.0499877929688,537.2999877929688,540.5,520.5720825195312,2700975
2023-12-19,541.4500122070312,551.5,539.7000122070312,548.2000122070312,527.9881591796875,2155547
2023-12-20,550.0,551.4000244140625,532.2999877929688,534.9500122070312,515.2266845703125,3685894
2023-12-21,533.25,534.0,527.0499877929688,530.25,510.69989013671875,6150231
2023-12-22,531.9500122070312,532.6500244140625,526.5,529.2999877929688,509.7850036621094,3869597
2023-12-26,530.0,534.7999877929688,529.0,530.5999755859375,511.03704833984375,1655240
2023-12-27,531.0,536.0499877929688,530.0499877929688,534.3499755859375,514.6488037109375,3308899
2023-12-28,534.5499877929688,545.75,534.3499755859375,543.0999755859375,523.076171875,3512802
2023-12-29,544.75,560.0,543.6500244140625,557.2000122070312,536.6563110351562,4120332
2024-01-01,560.0,563.0,555.0,557.4500122070312,536.8970947265625,1417550
2024-01-02,559.4500122070312,562.3499755859375,551.3499755859375,556.8499755859375,536.3191528320312,1201767
2024-01-03,557.0,562.7000122070312,546.5999755859375,551.0999755859375,530.78125,2733401
2024-01-04,554.6500244140625,567.2999877929688,550.9000244140625,566.25,545.3727416992188,3064476
2024-01-05,571.0,571.6500244140625,564.5,569.0499877929688,548.0693969726562,2834989
2024-01-08,572.5,572.5,551.0,553.25,532.8519897460938,2152367
2024-01-09,555.0,556.0,546.2000122070312,547.8499755859375,527.6510620117188,2107464
2024-01-10,548.8499755859375,551.4000244140625,542.2999877929688,547.3499755859375,527.1695556640625,1758621
2024-01-11,549.5999755859375,556.0,548.4500122070312,552.0,531.6480712890625,2089001
2024-01-12,552.0,552.9500122070312,548.0,549.7000122070312,529.432861328125,1029614
2024-01-15,551.0,557.5,548.25,554.1500244140625,533.7188110351562,1524201
2024-01-16,556.1500244140625,561.9000244140625,552.9500122070312,558.7999877929688,538.1973876953125,2027207
2024-01-17,557.8499755859375,557.8499755859375,546.0999755859375,549.4500122070312,529.1920166015625,2075918
2024-01-18,546.2000122070312,549.9500122070312,535.3499755859375,539.4500122070312,519.560791015625,1520695
2024-01-19,543.25,543.9500122070312,539.5499877929688,542.2999877929688,522.3056640625,1965102
2024-01-23,544.4000244140625,544.4000244140625,522.5999755859375,524.7999877929688,505.4508361816406,2256565
2024-01-24,525.75,537.4000244140625,522.2000122070312,536.5999755859375,516.8157958984375,914551
2024-01-25,536.5999755859375,537.5499877929688,529.0499877929688,531.5999755859375,512.0001831054688,924085
2024-01-29,515.0,535.9500122070312,515.0,534.25,514.5524291992188,1316110
2024-01-30,534.25,537.7000122070312,533.25,535.9500122070312,516.1898803710938,1603876
2024-01-31,535.9500122070312,545.5999755859375,534.0,539.5999755859375,519.7052001953125,3475918
2024-02-01,547.0,575.5,547.0,554.4000244140625,533.9595947265625,11117689
2024-02-02,554.5,559.0,539.75,544.6500244140625,524.5690307617188,3318354
2024-02-05,543.0,544.7999877929688,532.2999877929688,533.6500244140625,513.9746704101562,1417520
2024-02-06,534.25,537.4000244140625,531.25,532.7000122070312,513.0596313476562,1247440
2024-02-07,533.1500244140625,538.4500122070312,530.6500244140625,537.4000244140625,517.5863647460938,1784199
2024-02-08,539.7000122070312,541.0,532.0,533.9500122070312,514.2635498046875,1488521
2024-02-09,534.9000244140625,540.0,528.6500244140625,539.2000122070312,519.3200073242188,1786915
2024-02-12,539.2000122070312,543.75,535.4000244140625,536.5499877929688,516.7676391601562,1454041
2024-02-13,536.3499755859375,539.9000244140625,531.1500244140625,538.75,518.8865966796875,725665
2024-02-14,533.5499877929688,545.25,533.25,544.2999877929688,524.23193359375,828939
2024-02-15,545.9500122070312,547.3499755859375,540.9000244140625,544.2000122070312,524.1356811523438,1006711
2024-02-16,545.0999755859375,547.8499755859375,541.0,544.5,524.4246215820312,839405
2024-02-19,545.0,550.2000122070312,540.25,547.6500244140625,527.45849609375,1353397
2024-02-20,551.2000122070312,551.2000122070312,543.0,547.5499877929688,527.3621215820312,1057848
2024-02-21,547.5999755859375,549.8499755859375,544.3499755859375,546.2999877929688,526.158203125,1636393
2024-02-22,546.5,546.5,538.6500244140625,541.5999755859375,521.6315307617188,1264327
2024-02-23,542.0999755859375,544.5499877929688,534.25,535.2999877929688,515.5637817382812,1160683
2024-02-26,534.1500244140625,537.0999755859375,526.8499755859375,529.25,509.7368469238281,1180365
2024-02-27,527.9000244140625,538.2000122070312,526.0,535.5999755859375,515.8527221679688,2954271
2024-02-28,535.3499755859375,541.4500122070312,531.9000244140625,536.25,516.478759765625,2697005
2024-02-29,536.2999877929688,539.3499755859375,532.2999877929688,538.1500244140625,518.3087158203125,2453976
2024-03-01,538.1500244140625,544.9500122070312,538.1500244140625,541.0999755859375,521.14990234375,762406
2024-03-04,538.0,539.7000122070312,531.7999877929688,537.2999877929688,517.4900512695312,2030164
2024-03-05,535.1500244140625,536.7999877929688,533.0499877929688,534.75,515.0340576171875,1464768
2024-03-06,534.7999877929688,536.0,528.25,531.5,511.9039001464844,1082367
2024-03-07,531.5,537.75,530.5,535.25,515.515625,894981
2024-03-11,535.25,538.4000244140625,531.5999755859375,533.4000244140625,513.7338256835938,984138
2024-03-12,530.5499877929688,532.2999877929688,525.8499755859375,529.0,509.49609375,1011782
2024-03-13,529.5499877929688,531.4000244140625,515.7999877929688,519.9500122070312,500.7796936035156,2666699
2024-03-14,517.0,530.7999877929688,516.1500244140625,529.6500244140625,510.1220703125,2047715
2024-03-15,528.9500122070312,530.3499755859375,524.25,526.5499877929688,507.1363525390625,1710825
2024-03-18,526.5499877929688,526.5499877929688,521.0999755859375,523.5999755859375,504.295166015625,1247334
2024-03-19,523.25,530.0,516.5499877929688,518.3499755859375,499.2386779785156,2071489
2024-03-20,518.3499755859375,521.2000122070312,512.0,520.2000122070312,501.02056884765625,925067
2024-03-21,522.25,525.6500244140625,518.5,523.9500122070312,504.63226318359375,973386
2024-03-22,524.0,527.3499755859375,519.0,520.7999877929688,501.5983581542969,1072318
2024-03-26,512.5999755859375,522.25,512.5999755859375,521.0999755859375,501.8873291015625,1961179
2024-03-27,524.0,524.4000244140625,519.0999755859375,521.6500244140625,502.41705322265625,2638465
2024-03-28,522.0,526.0,517.75,523.1500244140625,503.8617248535156,2312982
2024-04-01,523.5,530.5999755859375,523.5,529.1500244140625,509.6405334472656,847682
2024-04-02,529.1500244140625,532.5499877929688,527.6500244140625,531.5999755859375,512.0001831054688,1175093
2024-04-03,530.9000244140625,532.4000244140625,528.5999755859375,531.0,511.4223327636719,1176084
2024-04-04,531.0,531.9500122070312,502.29998779296875,506.04998779296875,487.39215087890625,10445923
2024-04-05,510.0,510.0,504.0,507.8999938964844,489.1739807128906,7615006
2024-04-08,508.04998779296875,509.8500061035156,502.20001220703125,503.04998779296875,484.5028076171875,3602540
2024-04-09,506.5,508.5,502.5,503.1499938964844,484.59912109375,2217268
2024-04-10,505.0,506.95001220703125,502.25,506.25,487.5848693847656,1978008
2024-04-12,507.0,507.6499938964844,499.1000061035156,500.6000061035156,482.1431579589844,4166549
2024-04-15,495.8999938964844,497.0,489.20001220703125,495.20001220703125,476.9422607421875,3600795
2024-04-16,495.20001220703125,505.6000061035156,492.3500061035156,503.8999938964844,485.32147216796875,2928056
2024-04-18,505.75,507.95001220703125,501.0,503.8500061035156,485.2733154296875,2604037
2024-04-19,501.6000061035156,505.79998779296875,496.04998779296875,504.20001220703125,485.61041259765625,2183936
2024-04-22,507.3999938964844,508.0,503.29998779296875,506.1499938964844,487.4884948730469,1208372
2024-04-23,507.1000061035156,510.45001220703125,505.20001220703125,507.1499938964844,488.4516296386719,1904186
2024-04-24,509.8999938964844,510.29998779296875,507.6499938964844,509.45001220703125,490.6668395996094,1855798
2024-04-25,509.5,510.25,504.1499938964844,506.45001220703125,487.7774963378906,1022931
2024-04-26,507.3500061035156,511.54998779296875,505.29998779296875,509.0,490.2334289550781,1372205
2024-04-29,512.4000244140625,512.7999877929688,506.0,506.70001220703125,488.0182800292969,1373441
2024-04-30,509.0,512.4000244140625,505.1499938964844,507.75,489.0295104980469,2092290
2024-05-02,508.0,536.0499877929688,508.0,525.2999877929688,505.9324645996094,7092006
2024-05-03,536.25,538.0,524.0,531.75,512.1446533203125,7008370
2024-05-06,535.0,535.5,524.25,530.7999877929688,511.229736328125,3172072
2024-05-07,533.5499877929688,566.9000244140625,531.2999877929688,558.4500122070312,537.8602294921875,14721222
2024-05-08,558.4500122070312,561.9500122070312,554.0999755859375,556.5999755859375,536.0784301757812,4085815
2024-05-09,556.5999755859375,564.9500122070312,550.4500122070312,552.7999877929688,532.4185791015625,5305923
2024-05-10,550.9500122070312,551.9500122070312,540.3499755859375,550.7999877929688,530.4923095703125,2521438
2024-05-13,550.7999877929688,553.2000122070312,543.7000122070312,550.25,529.962646484375,3067643
2024-05-14,550.25,562.7000122070312,550.25,554.5499877929688,534.10400390625,2872594
2024-05-15,554.5499877929688,555.0,543.0,545.8499755859375,525.7247924804688,2436198
2024-05-16,547.6500244140625,549.4000244140625,534.7000122070312,542.0499877929688,522.0648803710938,3864351
2024-05-17,543.2000122070312,544.0,535.0,535.7999877929688,516.0453491210938,1642503
2024-05-21,538.0999755859375,541.0,533.5999755859375,539.3499755859375,519.4644775390625,1388390
2024-05-22,543.0,555.9000244140625,538.7999877929688,554.0,533.5742797851562,4319988
2024-05-23,556.0,562.0,551.6500244140625,559.9500122070312,539.3049926757812,2924910
2024-05-24,559.0,564.9000244140625,554.0499877929688,558.0999755859375,537.5230712890625,2805803
2024-05-27,559.8499755859375,571.0,559.7999877929688,567.4000244140625,546.4803466796875,3169943
2024-05-28,570.0,578.9000244140625,564.5499877929688,570.7999877929688,549.7548828125,4429603
2024-05-29,570.7999877929688,570.7999877929688,553.0499877929688,555.4500122070312,534.9708862304688,2620387
2024-05-30,555.4500122070312,557.4000244140625,549.3499755859375,551.1500244140625,530.829345703125,1591522
2024-05-31,552.0499877929688,554.5,540.5499877929688,545.0999755859375,525.0025024414062,11192196
2024-06-03,560.0,561.2000122070312,543.0,544.7999877929688,524.7135009765625,2836670
2024-06-04,548.4500122070312,584.4500122070312,536.75,578.2000122070312,556.882080078125,17458506
2024-06-05,585.0,633.4000244140625,584.5,600.25,578.1190795898438,21568184
2024-06-06,600.25,605.2999877929688,582.0499877929688,597.2000122070312,575.1815185546875,7598586
2024-06-07,599.4500122070312,614.7999877929688,598.1500244140625,613.0999755859375,590.4953002929688,5429725
2024-06-10,604.2000122070312,627.4500122070312,604.2000122070312,619.8499755859375,596.9963989257812,5180578
2024-06-11,619.8499755859375,622.9500122070312,608.0,613.4500122070312,590.8323974609375,3728825
2024-06-12,614.1500244140625,623.0,611.75,619.5,596.6593017578125,4528718
2024-06-13,612.0,614.5499877929688,588.1500244140625,609.6500244140625,587.172607421875,7963596
2024-06-14,610.9500122070312,618.7999877929688,606.0,608.6500244140625,586.20947265625,1975440
2024-06-18,608.0999755859375,613.75,598.0,600.2000122070312,578.0709228515625,4304663
2024-06-19,602.0,603.0999755859375,594.0,598.5499877929688,576.4818115234375,1703051
2024-06-20,598.5,604.9000244140625,595.0,600.75,578.6006469726562,2886298
2024-06-21,601.0,603.9000244140625,588.5499877929688,589.9500122070312,568.1989135742188,3868601
2024-06-24,590.75,602.4500122070312,588.8499755859375,599.75,577.6375122070312,1774168
2024-06-25,603.7999877929688,603.9500122070312,592.5,593.3499755859375,571.4735107421875,1791877
2024-06-26,591.4000244140625,603.0,590.2999877929688,601.7999877929688,579.6118774414062,2230523
2024-06-27,602.0,606.0,595.0499877929688,599.2999877929688,577.2041625976562,2405121
2024-06-28,601.7999877929688,609.6500244140625,597.6500244140625,600.7000122070312,578.552490234375,1710529
2024-07-01,600.7000122070312,613.25,600.7000122070312,610.9500122070312,588.4246215820312,2469588
2024-07-02,616.7999877929688,616.7999877929688,602.0,602.7999877929688,580.5750732421875,3919339
2024-07-03,607.0,613.2999877929688,605.0,609.7000122070312,587.220703125,1786017
2024-07-04,609.7999877929688,613.5999755859375,605.0499877929688,605.9500122070312,583.6089477539062,2277423
2024-07-05,604.0,607.9500122070312,603.25,606.4500122070312,584.0904541015625,879215
2024-07-08,610.4000244140625,633.0,610.4000244140625,623.4500122070312,600.4637451171875,7279634
2024-07-09,622.0499877929688,633.4000244140625,618.0499877929688,630.2000122070312,606.96484375,2665679
2024-07-10,630.0,637.25,619.5499877929688,631.7000122070312,608.4096069335938,2882570
2024-07-11,635.7999877929688,635.7999877929688,623.7999877929688,629.3499755859375,606.1461181640625,1588742
2024-07-12,633.9000244140625,633.9000244140625,626.0,630.0,606.7722778320312,1630043
2024-07-15,632.9000244140625,638.9500122070312,630.1500244140625,632.4000244140625,609.083740234375,1091279
2024-07-16,634.0,648.7000122070312,630.0,640.9500122070312,617.3185424804688,2960104
2024-07-18,640.9500122070312,651.0,639.25,644.8499755859375,621.07470703125,3161993
2024-07-19,645.0,647.2000122070312,631.6500244140625,632.9000244140625,612.1759643554688,2176993
2024-07-22,628.25,639.8499755859375,627.2000122070312,636.6500244140625,615.8031616210938,1365836
2024-07-23,639.9000244140625,662.3499755859375,632.0999755859375,652.2999877929688,630.9407348632812,7195533
2024-07-24,650.0,650.0,618.0499877929688,634.1500244140625,613.3849487304688,8340915
2024-07-25,625.5,636.4500122070312,625.0,631.2000122070312,610.5316162109375,1831371
2024-07-26,631.2000122070312,635.25,625.0999755859375,632.4500122070312,611.74072265625,1469979
2024-07-29,635.8499755859375,643.1500244140625,631.0499877929688,641.0999755859375,620.107421875,2240896
2024-07-30,641.0499877929688,648.8499755859375,632.5,633.9000244140625,613.1431884765625,3020230
2024-07-31,636.9500122070312,640.75,630.0,635.7000122070312,614.88427734375,2769613
2024-08-01,638.9000244140625,655.8499755859375,636.75,643.5,622.4288330078125,6852547
2024-08-02,643.5,650.0,625.0,627.5499877929688,607.0010986328125,4123973
2024-08-05,615.0,640.0,614.0499877929688,634.0,613.2399291992188,4771981
2024-08-06,638.0,643.0,627.0,629.1500244140625,608.548828125,1854542
2024-08-07,631.2000122070312,641.2999877929688,631.2000122070312,639.25,618.3180541992188,1788865
2024-08-08,639.0,641.7999877929688,634.6500244140625,637.4500122070312,616.5770263671875,1528269
2024-08-09,641.5999755859375,642.2000122070312,622.0999755859375,623.9500122070312,603.51904296875,2679620
2024-08-12,626.9000244140625,627.25,615.75,620.3499755859375,600.0369262695312,1139283
2024-08-13,620.5999755859375,624.25,602.7000122070312,605.8499755859375,586.01171875,2691122
2024-08-14,609.9000244140625,609.9000244140625,598.5999755859375,604.4000244140625,584.6091918945312,2012408
2024-08-16,606.3499755859375,618.5,604.4000244140625,617.5999755859375,597.3768920898438,1259712
2024-08-19,618.0,624.9000244140625,614.8499755859375,621.2999877929688,600.955810546875,2332398
2024-08-20,625.4000244140625,625.4500122070312,617.0499877929688,623.0999755859375,602.6968383789062,1340039
2024-08-21,624.9000244140625,635.9500122070312,617.9500122070312,634.3499755859375,613.5784912109375,2105395
2024-08-22,637.0,647.7000122070312,632.0999755859375,646.1500244140625,624.9921264648438,3452342
2024-08-23,647.9000244140625,651.2000122070312,640.8499755859375,643.25,622.1870727539062,3461642
2024-08-26,646.0,655.4000244140625,640.9000244140625,654.5499877929688,633.1170043945312,2940223
2024-08-27,655.0,655.0,641.6500244140625,643.4000244140625,622.3322143554688,1428673
2024-08-28,645.9500122070312,649.5,638.0,644.4000244140625,623.2994384765625,1149783
2024-08-29,644.0,647.9000244140625,638.5999755859375,644.1500244140625,623.0576171875,1071747
2024-08-30,644.0,645.5499877929688,636.0999755859375,637.1500244140625,616.2868041992188,3304453
2024-09-02,637.7999877929688,644.6500244140625,634.4500122070312,636.6500244140625,615.8031616210938,745420
2024-09-03,636.6500244140625,648.5,635.25,638.2000122070312,617.3024291992188,1775357
2024-09-04,638.0499877929688,651.5499877929688,634.2000122070312,650.0499877929688,628.7643432617188,3104663
2024-09-05,655.0,655.0,642.6500244140625,644.7999877929688,623.686279296875,2131132
2024-09-06,644.0,653.7000122070312,643.3499755859375,644.4000244140625,623.2994384765625,1910995
2024-09-09,645.0,664.9000244140625,644.0499877929688,662.3499755859375,640.66162109375,6213572
2024-09-10,669.3499755859375,669.9000244140625,662.3499755859375,665.25,643.4666748046875,4126339
2024-09-11,668.0,671.5,662.0,663.9000244140625,642.1609497070312,3134456
2024-09-12,663.9500122070312,669.5,663.0,664.75,642.9830932617188,2222824
2024-09-13,665.6500244140625,667.7000122070312,651.25,660.9000244140625,639.2591552734375,2559794
2024-09-16,660.0,667.8499755859375,658.25,661.3499755859375,639.6943359375,806885
2024-09-17,661.3499755859375,672.0,656.4000244140625,660.1500244140625,638.53369140625,1793296
2024-09-18,660.0,662.2999877929688,650.5499877929688,654.4000244140625,632.971923828125,1465661
2024-09-19,655.0,666.7999877929688,654.4000244140625,664.7000122070312,642.9347534179688,1768324
2024-09-20,668.9500122070312,669.9500122070312,662.0999755859375,667.5499877929688,645.69140625,1798471
2024-09-23,668.0,671.5,656.2999877929688,661.0499877929688,639.4041748046875,1684518
2024-09-24,660.0,666.0,652.4000244140625,655.8499755859375,634.3743896484375,1881683
2024-09-25,651.0,653.9500122070312,622.1500244140625,627.0,606.4691772460938,7092888
2024-09-26,627.0499877929688,628.4000244140625,620.5999755859375,625.75,605.2601318359375,2581456
2024-09-27,628.0,634.7999877929688,622.0,633.0,612.2726440429688,4628215
2024-09-30,633.0,635.7999877929688,623.3499755859375,625.2000122070312,604.7280883789062,2475507
2024-10-01,626.0,629.75,614.0,619.0,598.7310791015625,1095384
2024-10-03,580.3499755859375,595.7999877929688,571.0,580.2000122070312,561.2015380859375,18729275
2024-10-04,584.75,585.0,571.0499877929688,572.4500122070312,553.7053833007812,4745480
2024-10-07,575.0,581.1500244140625,562.0,569.4000244140625,550.7552490234375,4723935
2024-10-08,571.5,572.6500244140625,564.7000122070312,567.3499755859375,548.7723999023438,3261216
2024-10-09,567.75,571.9500122070312,563.2000122070312,565.0499877929688,546.547607421875,3580212
2024-10-10,567.0,576.4000244140625,564.2000122070312,571.7000122070312,552.9799194335938,2379978
2024-10-11,574.5,574.9500122070312,569.2000122070312,570.8499755859375,552.15771484375,1276108
2024-10-14,570.8499755859375,575.1500244140625,566.0,567.2999877929688,548.7239990234375,1902352
2024-10-15,568.0,572.9000244140625,567.2999877929688,571.0,552.3028564453125,1687923
2024-10-16,572.9000244140625,579.3499755859375,570.5,578.2999877929688,559.36376953125,2647660
2024-10-17,578.0,579.0999755859375,572.0,572.5499877929688,553.8020629882812,1838328
2024-10-18,571.5,572.0999755859375,564.9500122070312,571.4000244140625,552.6897583007812,2159572
2024-10-21,571.0,575.0,566.0999755859375,568.2000122070312,549.5945434570312,1511359
2024-10-22,565.5999755859375,571.75,556.0,559.0999755859375,540.79248046875,1510177
2024-10-23,558.0,562.9000244140625,556.0499877929688,558.7000122070312,540.4056396484375,1233395
2024-10-24,555.7999877929688,558.0,535.25,541.0,523.28515625,3076408
2024-10-25,545.2999877929688,545.2999877929688,536.3499755859375,538.7000122070312,521.0604858398438,1506493
2024-10-28,540.0,558.5,537.0999755859375,553.7000122070312,535.5693359375,1750115
2024-10-29,553.7000122070312,554.0,532.8499755859375,535.8499755859375,518.3038330078125,5088807
2024-10-30,539.0,551.9000244140625,536.0,546.6500244140625,528.7501831054688,5828617
2024-10-31,538.0499877929688,548.9500122070312,533.0,540.0,522.3179321289062,3001455
2024-11-01,541.7000122070312,545.1500244140625,540.3499755859375,542.5499877929688,524.784423828125,159703
2024-11-04,545.0499877929688,545.4000244140625,531.6500244140625,534.9500122070312,517.433349609375,2308784
2024-11-05,535.0499877929688,536.8499755859375,528.7000122070312,534.8499755859375,517.3366088867188,2117262
2024-11-06,536.0,543.4000244140625,535.3499755859375,539.5999755859375,521.9310302734375,2368331
2024-11-07,541.3499755859375,544.1500244140625,532.2999877929688,534.5,516.9979858398438,1695158
2024-11-08,532.3499755859375,535.0,528.5999755859375,531.5,516.7549438476562,1458407
2024-11-11,530.0,531.4000244140625,520.3499755859375,522.75,508.24774169921875,1589666
2024-11-12,522.7999877929688,524.1500244140625,509.5,510.5,496.3375549316406,4775306
2024-11-13,511.3500061035156,514.2000122070312,507.29998779296875,510.8500061035156,496.6778564453125,2253481
2024-11-14,510.8500061035156,513.9500122070312,502.6499938964844,508.1000061035156,494.0041198730469,2083472
2024-11-18,509.1000061035156,509.6000061035156,499.0,508.5,494.3930358886719,3329177
2024-11-19,511.0,514.5,506.1499938964844,508.20001220703125,494.10137939453125,2126926
2024-11-21,508.5,509.3999938964844,502.3999938964844,505.75,491.71929931640625,1771693
2024-11-22,506.6499938964844,515.0999755859375,504.3999938964844,513.0,498.7682189941406,1050913
2024-11-25,516.3499755859375,528.1500244140625,515.2000122070312,521.5,507.03240966796875,4146364
2024-11-26,524.0,529.9000244140625,519.4000244140625,525.3499755859375,510.77557373046875,894410
2024-11-27,519.9500122070312,529.2000122070312,519.4500122070312,527.5,512.8659057617188,1722809
2024-11-28,529.8499755859375,534.3499755859375,524.0,526.0,511.40753173828125,1554564
2024-11-29,518.25,529.6500244140625,518.25,527.1500244140625,512.525634765625,2225080
2024-12-02,522.5,528.0,520.7000122070312,523.9000244140625,509.3658752441406,1510906
2024-12-03,523.9000244140625,529.0499877929688,521.0,522.5499877929688,508.05328369140625,3691025
2024-12-04,524.0,527.25,520.0,522.7999877929688,508.2962646484375,2515588
2024-12-05,525.0,527.2999877929688,516.6500244140625,523.1500244140625,508.6365966796875,2760858
2024-12-06,525.0,525.8499755859375,520.25,523.7999877929688,509.2685852050781,1663402
2024-12-09,519.0,520.75,503.20001220703125,506.8500061035156,492.788818359375,6086175
2024-12-10,507.95001220703125,511.70001220703125,504.3500061035156,506.95001220703125,492.88604736328125,3425754
2024-12-11,507.0,511.25,505.1000061035156,508.3500061035156,494.2472229003906,3602452
2024-12-12,510.0,512.0,505.75,506.6499938964844,492.5943908691406,3491848
2024-12-13,506.6499938964844,514.2999877929688,499.5,512.7999877929688,498.57373046875,2205228
2024-12-16,514.0499877929688,516.0,509.04998779296875,509.95001220703125,495.8028259277344,1041908
2024-12-17,509.0,510.29998779296875,504.1000061035156,505.3999938964844,491.3790588378906,2821249
2024-12-18,507.95001220703125,508.95001220703125,502.45001220703125,505.3999938964844,491.3790588378906,2300294
2024-12-19,503.0,505.3999938964844,499.5,503.95001220703125,489.9692687988281,1583630
2024-12-20,504.0,508.29998779296875,500.0,502.54998779296875,488.60809326171875,3228278
2024-12-23,502.70001220703125,511.0,500.8999938964844,509.5,495.36529541015625,1777848
2024-12-24,512.0,515.9500122070312,507.75,509.95001220703125,495.8028259277344,3207041
2024-12-26,510.45001220703125,511.5,504.04998779296875,505.6000061035156,491.573486328125,2088931
2024-12-27,506.5,509.70001220703125,504.04998779296875,507.1499938964844,493.08050537109375,1299653
2024-12-30,507.0,509.79998779296875,503.1000061035156,505.25,491.2331848144531,4298784
2024-12-31,505.29998779296875,509.0,502.29998779296875,507.0,492.9346618652344,812765
2025-01-01,506.8999938964844,512.5,506.5,510.95001220703125,496.7751159667969,1065540
2025-01-02,510.95001220703125,515.5,507.75,513.3499755859375,499.1084899902344,1720007
2025-01-03,515.0,529.0,514.0499877929688,524.9000244140625,510.3381042480469,3814344
2025-01-06,522.2999877929688,522.5,501.1000061035156,504.8500061035156,490.84429931640625,5026479
2025-01-07,508.0,512.75,503.1000061035156,508.8500061035156,494.73333740234375,2248836
2025-01-08,509.79998779296875,514.8499755859375,505.29998779296875,513.75,499.4974060058594,1666424
2025-01-09,514.0,530.9000244140625,511.54998779296875,521.1500244140625,506.692138671875,4084746
2025-01-10,519.0,522.9500122070312,514.0499877929688,517.9000244140625,503.53228759765625,2316135
2025-01-13,515.9500122070312,519.5499877929688,509.5,510.75,496.58062744140625,2857732
2025-01-14,512.2000122070312,520.8499755859375,510.1499938964844,512.5,498.2820739746094,2539143
2025-01-15,513.0,516.4500122070312,510.20001220703125,515.5,501.1988220214844,1959656
2025-01-16,518.0,523.7000122070312,514.8499755859375,522.4000244140625,507.907470703125,2718298
2025-01-17,521.5,531.8499755859375,516.0,526.0499877929688,511.4561767578125,2943339
2025-01-20,528.6500244140625,529.0,520.9500122070312,521.5999755859375,507.129638671875,1536752
2025-01-21,522.0499877929688,528.9000244140625,519.5,521.25,506.78936767578125,2258554
2025-01-22,521.25,524.5999755859375,517.7000122070312,520.5,506.06011962890625,1532395
2025-01-23,518.0999755859375,526.7000122070312,515.1500244140625,524.5999755859375,510.0463562011719,698448
2025-01-24,524.6500244140625,527.0,518.5999755859375,521.6500244140625,507.17822265625,1031251
2025-01-27,517.0999755859375,532.9500122070312,517.0999755859375,523.8499755859375,509.3171691894531,3023866
2025-01-28,525.0,528.2999877929688,522.7000122070312,525.3499755859375,510.77557373046875,2683319
2025-01-29,525.0,527.5,515.5,518.0999755859375,503.7267150878906,2201858
2025-01-30,521.25,540.0,519.0,533.7000122070312,518.8939819335938,3384404
2025-01-31,538.0,542.7999877929688,523.0,529.8499755859375,515.1507568359375,4302619
2025-02-01,533.4500122070312,551.7000122070312,522.7000122070312,539.0999755859375,524.1441040039062,4921220
2025-02-03,540.4000244140625,546.4000244140625,530.2999877929688,534.5499877929688,519.7203369140625,3792769
2025-02-04,536.5499877929688,542.75,534.6500244140625,541.0499877929688,526.0399780273438,3275638
2025-02-05,542.0,543.0,530.6500244140625,531.5,516.7549438476562,2811816
2025-02-06,531.5,536.7000122070312,524.6500244140625,526.2000122070312,511.60205078125,1225984
2025-02-07,529.6500244140625,529.8499755859375,520.1500244140625,527.0999755859375,512.4769897460938,2097013
2025-02-10,527.0999755859375,535.4500122070312,523.6500244140625,528.0999755859375,513.44921875,1678247
2025-02-11,529.9000244140625,532.2000122070312,515.7000122070312,517.7000122070312,503.33782958984375,1177152
2025-02-12,518.2999877929688,527.3499755859375,515.6500244140625,525.75,511.16455078125,2113562
2025-02-13,525.5499877929688,528.7999877929688,517.2999877929688,519.8499755859375,505.4281311035156,1484585
2025-02-14,520.5499877929688,524.8499755859375,517.2999877929688,519.9000244140625,505.476806640625,1191521
2025-02-17,518.0999755859375,522.2999877929688,514.75,520.5499877929688,506.1087341308594,974964
2025-02-18,520.0,520.4000244140625,514.0,515.1500244140625,500.8585510253906,1603493
2025-02-19,515.0,515.0,503.70001220703125,504.45001220703125,490.4554138183594,2715980
2025-02-20,505.0,510.95001220703125,500.1499938964844,510.3500061035156,496.19171142578125,2052520
2025-02-21,510.95001220703125,511.6000061035156,503.5,508.6499938964844,494.53887939453125,2057493
2025-02-24,503.6000061035156,507.0,502.6000061035156,505.70001220703125,491.67071533203125,736767
2025-02-25,505.1499938964844,512.4000244140625,504.1499938964844,510.95001220703125,496.7751159667969,1483864
2025-02-27,510.1499938964844,515.0,501.5,503.25,489.2886962890625,1181893
2025-02-28,500.29998779296875,504.45001220703125,490.8500061035156,493.29998779296875,479.61474609375,5530947
2025-03-03,493.0,496.54998779296875,485.0,491.75,478.10772705078125,2166131
2025-03-04,486.0,489.25,480.0,483.70001220703125,470.28106689453125,2477085
2025-03-05,483.0,491.0,482.6000061035156,487.70001220703125,474.17010498046875,1767699
2025-03-06,489.8999938964844,497.75,488.70001220703125,495.0,481.2675476074219,1219415
2025-03-07,495.0,499.1000061035156,491.79998779296875,495.79998779296875,482.0453796386719,1913893
2025-03-10,495.0,501.3999938964844,492.0,493.3500061035156,479.6633605957031,2526521
2025-03-11,490.0,500.5,489.54998779296875,497.54998779296875,483.746826171875,1830398
2025-03-12,496.20001220703125,500.8999938964844,491.75,499.95001220703125,486.08026123046875,1450825
2025-03-13,500.5,504.0,498.8999938964844,500.95001220703125,487.052490234375,1288721
2025-03-17,498.3999938964844,502.5,490.1000061035156,494.75,481.02447509765625,1646821
2025-03-18,494.75,494.75,494.75,494.75,481.02447509765625,0
2025-03-19,501.6000061035156,502.25,492.8500061035156,495.45001220703125,481.7051086425781,2652053
2025-03-20,497.0,499.75,493.0,499.0,485.1565856933594,3651974
2025-03-21,500.0,507.8999938964844,497.8999938964844,506.79998779296875,492.7402038574219,2013377
2025-03-24,507.45001220703125,509.04998779296875,502.20001220703125,507.20001220703125,493.1291198730469,2299229
2025-03-25,507.20001220703125,512.0,505.04998779296875,509.25,495.1222229003906,2782397
2025-03-26,509.0,510.95001220703125,505.04998779296875,508.8500061035156,494.73333740234375,2517374
2025-03-27,507.6000061035156,514.9500122070312,503.8500061035156,512.8499755859375,498.6223449707031,1649107
2025-03-28,513.0,519.4500122070312,503.79998779296875,506.5,492.4485168457031,1759182
2025-04-01,505.8500061035156,512.5499877929688,496.54998779296875,497.5,483.69818115234375,1974802
2025-04-02,496.1499938964844,497.6000061035156,484.45001220703125,495.75,481.99676513671875,2835760
2025-04-03,473.95001220703125,483.75,458.20001220703125,465.3999938964844,452.48870849609375,12356973
2025-04-04,466.8999938964844,467.25,458.5,461.75,448.94000244140625,3850303
2025-04-07,435.0,454.1499938964844,433.29998779296875,451.3999938964844,438.8771057128906,4571485
2025-04-08,454.8999938964844,464.04998779296875,453.0,459.0,446.26629638671875,1640063
2025-04-09,459.79998779296875,468.45001220703125,458.04998779296875,465.25,452.3428649902344,2429984
2025-04-11,463.0,465.20001220703125,455.8999938964844,461.29998779296875,448.5024719238281,2170343
2025-04-15,467.6499938964844,474.45001220703125,462.6000061035156,473.75,460.6070861816406,2374405
2025-04-16,474.79998779296875,481.70001220703125,473.79998779296875,481.3500061035156,467.9962463378906,1382224
2025-04-17,480.45001220703125,480.54998779296875,476.20001220703125,479.29998779296875,466.00311279296875,844403
2025-04-21,481.29998779296875,481.8500061035156,474.79998779296875,475.54998779296875,462.3571472167969,2586539
2025-04-22,476.0,485.75,475.5,484.3999938964844,470.96160888671875,1525955
2025-04-23,486.0,487.3500061035156,482.04998779296875,486.20001220703125,472.7117004394531,1107728
2025-04-24,486.20001220703125,494.5,484.45001220703125,491.70001220703125,478.05914306640625,3251494
2025-04-25,489.0,493.04998779296875,480.0,484.6000061035156,471.1560974121094,1369564
2025-04-28,483.0,487.8500061035156,480.20001220703125,482.20001220703125,468.82269287109375,1312796
2025-04-29,482.25,486.95001220703125,481.29998779296875,483.6499938964844,470.232421875,1470658
2025-04-30,483.6000061035156,490.45001220703125,482.3500061035156,487.75,474.2187194824219,2195362
2025-05-02,485.29998779296875,487.75,476.6000061035156,479.3999938964844,466.1003112792969,1697677
2025-05-05,481.0,485.3999938964844,479.25,481.8500061035156,468.4823913574219,3248925
2025-05-06,482.0,486.25,479.3999938964844,480.6000061035156,467.2670593261719,702529
2025-05-07,473.29998779296875,485.75,473.29998779296875,482.1000061035156,468.7254333496094,1520898
2025-05-08,469.95001220703125,478.6000061035156,461.1000061035156,468.70001220703125,455.69720458984375,7843512
2025-05-09,466.3500061035156,467.29998779296875,458.6000061035156,462.75,449.9122314453125,2037837
2025-05-12,468.04998779296875,476.54998779296875,467.0,475.04998779296875,461.8710021972656,2902701
2025-05-13,474.95001220703125,479.20001220703125,471.70001220703125,473.75,460.6070861816406,2449180
2025-05-14,473.75,474.54998779296875,467.0,468.95001220703125,455.9402770996094,3541267
2025-05-15,469.3999938964844,472.5,467.1000061035156,469.0,455.9888610839844,2739793
2025-05-16,471.20001220703125,477.3999938964844,467.29998779296875,476.6499938964844,463.4266357421875,2431240
2025-05-19,477.6000061035156,484.5,475.1000061035156,483.45001220703125,470.03802490234375,1640651
2025-05-20,484.8500061035156,486.3999938964844,475.0,475.6499938964844,462.4543762207031,1843098
2025-05-21,477.79998779296875,484.8999938964844,477.29998779296875,481.75,468.3851318359375,1927887
2025-05-22,482.0,483.1000061035156,475.0,477.04998779296875,463.8155212402344,1958254
2025-05-23,477.95001220703125,484.45001220703125,477.95001220703125,481.95001220703125,468.5796203613281,1495455
2025-05-26,482.0,485.54998779296875,479.75,480.29998779296875,466.9753723144531,2584471
2025-05-27,481.29998779296875,485.6000061035156,480.3999938964844,484.1000061035156,470.6699523925781,1713846
2025-05-28,484.0,486.79998779296875,482.54998779296875,484.70001220703125,471.2532958984375,1568432
2025-05-29,484.70001220703125,484.8500061035156,479.95001220703125,482.1000061035156,468.7254333496094,1599536
2025-05-30,482.0,486.1499938964844,478.70001220703125,482.95001220703125,469.5518798828125,6304976
2025-06-02,484.45001220703125,490.20001220703125,481.54998779296875,484.45001220703125,471.0102233886719,1851827
2025-06-03,484.45001220703125,486.79998779296875,482.54998779296875,485.6499938964844,472.17694091796875,1460542
2025-06-04,487.0,493.3999938964844,484.3999938964844,491.8500061035156,478.2049560546875,2318406
2025-06-05,494.29998779296875,494.3500061035156,487.0,488.70001220703125,475.142333984375,1792668
2025-06-06,487.3999938964844,487.6499938964844,480.54998779296875,481.25,467.8990173339844,3468649
2025-06-09,483.6499938964844,486.0,481.3500061035156,485.6000061035156,472.12835693359375,1389266
2025-06-10,486.1499938964844,491.3999938964844,484.5,489.54998779296875,475.96875,1496169
2025-06-11,490.0,493.70001220703125,485.3500061035156,486.5,473.00335693359375,2168242
2025-06-12,487.1000061035156,487.79998779296875,471.45001220703125,472.95001220703125,459.82928466796875,3727720
2025-06-13,468.0,470.04998779296875,464.25,466.5,453.5582275390625,3850751
2025-06-16,467.6000061035156,473.95001220703125,465.29998779296875,471.70001220703125,458.61395263671875,1942798
2025-06-17,471.70001220703125,474.3500061035156,469.1499938964844,472.04998779296875,458.9542541503906,1521179
2025-06-18,472.0,474.1499938964844,468.04998779296875,470.20001220703125,457.15557861328125,2812394
2025-06-19,469.0,470.70001220703125,464.0,465.1000061035156,452.1970520019531,1349010
2025-06-20,465.1000061035156,468.6000061035156,463.8999938964844,466.8999938964844,453.9471130371094,2804520
2025-06-23,465.6499938964844,468.3500061035156,463.1000061035156,467.5,454.53045654296875,1567027
2025-06-24,468.0,475.5,468.0,475.1000061035156,461.9196472167969,2587207
2025-06-25,476.0,481.5,475.3500061035156,480.25,466.9267578125,2954897
2025-06-26,482.0,483.29998779296875,478.79998779296875,481.54998779296875,468.190673828125,1414934
2025-06-27,482.70001220703125,488.29998779296875,481.6000061035156,486.3500061035156,472.8575439453125,2780971
2025-06-30,487.3999938964844,487.75,479.3999938964844,485.25,471.7880554199219,3254231
2025-07-01,487.0,489.20001220703125,480.70001220703125,482.3999938964844,469.01708984375,1617894
2025-07-02,484.79998779296875,488.3999938964844,479.3999938964844,487.54998779296875,474.02423095703125,2358163
2025-07-03,489.5,492.95001220703125,487.5,491.6000061035156,477.9618835449219,2976302
2025-07-04,493.0,497.3999938964844,491.6000061035156,495.1000061035156,481.3647766113281,2857925
2025-07-07,501.8999938964844,517.7000122070312,496.04998779296875,512.75,498.525146484375,10017201
2025-07-08,512.5,514.4000244140625,510.5,513.0999755859375,498.86541748046875,1995221
2025-07-09,511.0,523.4500122070312,511.0,522.1500244140625,507.66436767578125,3433335
2025-07-10,523.7000122070312,524.4000244140625,517.8499755859375,522.4000244140625,507.907470703125,2272923
2025-07-11,521.5,535.9000244140625,518.5999755859375,530.8499755859375,516.1229858398438,4512466
2025-07-14,533.5,536.5,524.5499877929688,526.2000122070312,511.60205078125,1428794
2025-07-15,526.5,528.9000244140625,523.1500244140625,527.0,512.3798217773438,1243559
2025-07-16,527.0,530.3499755859375,525.0999755859375,527.9500122070312,513.3034057617188,2301562
2025-07-17,530.0,531.7000122070312,526.5499877929688,528.7000122070312,514.03271484375,1537940
2025-07-18,522.4500122070312,523.4000244140625,518.3499755859375,522.5999755859375,513.1979370117188,1616139
2025-07-21,520.0999755859375,522.1500244140625,513.4000244140625,514.5499877929688,505.2927551269531,1172175
2025-07-22,515.4500122070312,516.5,511.0,515.0499877929688,505.78375244140625,1471884
2025-07-23,517.75,518.5,510.8500061035156,513.8499755859375,504.6053466796875,1898497
2025-07-24,516.9000244140625,516.9000244140625,511.0,512.5499877929688,503.3287353515625,3715595
2025-07-25,512.0,514.0,508.3500061035156,511.3500061035156,502.1503601074219,2132786
2025-07-28,507.0,523.9500122070312,507.0,522.0,512.6087036132812,2759206
2025-07-29,524.6500244140625,525.5999755859375,514.6500244140625,518.2999877929688,508.9752502441406,2646055
2025-07-30,519.0499877929688,523.25,517.5999755859375,522.0,512.6087036132812,1616247
2025-07-31,518.2999877929688,531.75,517.1500244140625,529.0,519.4827880859375,3024718
2025-08-01,533.0,547.7000122070312,531.9000244140625,534.3499755859375,524.736572265625,8042006
2025-08-04,534.3499755859375,538.8499755859375,528.2000122070312,529.6500244140625,520.1211547851562,2602888
2025-08-05,529.6500244140625,529.6500244140625,521.0,524.7000122070312,515.2601928710938,2027038
2025-08-06,524.1500244140625,524.1500244140625,512.0,514.0,504.7526550292969,931299
2025-08-07,513.75,519.7000122070312,512.0999755859375,517.2000122070312,507.8951110839844,957305
2025-08-08,518.0,519.7999877929688,506.0,507.25,498.12408447265625,510393
2025-08-11,507.70001220703125,511.54998779296875,499.29998779296875,510.04998779296875,500.87371826171875,1123741
2025-08-12,510.0,510.95001220703125,501.25,502.8999938964844,493.85235595703125,839972
2025-08-13,503.3999938964844,504.95001220703125,498.6499938964844,503.5,494.44158935546875,864573
2025-08-14,504.0,505.5,499.3999938964844,500.8999938964844,491.8883361816406,1202134
2025-08-18,513.9000244140625,529.7999877929688,512.0,519.0999755859375,509.7608947753906,4810046
2025-08-19,519.8499755859375,522.75,514.0,522.0499877929688,512.6578369140625,645927
2025-08-20,522.0,536.4000244140625,521.0999755859375,535.0,525.3748779296875,12345218
2025-08-21,535.9500122070312,536.4500122070312,514.75,515.7000122070312,506.4220886230469,6041694
2025-08-22,516.0,519.8499755859375,514.5499877929688,515.9500122070312,506.6676025390625,1596318
2025-08-25,515.9000244140625,520.4500122070312,513.4500122070312,518.5999755859375,509.2698974609375,1204983
2025-08-26,518.5999755859375,526.7999877929688,517.0999755859375,522.4000244140625,513.0015869140625,3045617
2025-08-28,526.5499877929688,526.5499877929688,512.25,513.8499755859375,504.6053466796875,2068611
2025-08-29,515.4500122070312,528.5499877929688,509.70001220703125,521.0999755859375,511.72491455078125,3745766
2025-09-01,521.5499877929688,524.5499877929688,520.0499877929688,523.6500244140625,514.2290649414062,4327053
2025-09-02,525.0,547.75,523.6500244140625,544.5999755859375,534.8021240234375,8973936
2025-09-03,545.9000244140625,549.25,541.25,543.5,533.721923828125,2220814
2025-09-04,565.0,577.0,551.3499755859375,552.7000122070312,542.7564086914062,8712233
2025-09-05,553.7999877929688,555.8499755859375,542.3499755859375,546.7000122070312,536.8643798828125,1489345
2025-09-08,547.9500122070312,551.6500244140625,542.7000122070312,546.2000122070312,536.3733520507812,782235
2025-09-09,546.25,547.4000244140625,539.25,544.25,534.4584350585938,1937685
2025-09-10,546.9000244140625,548.9500122070312,543.7000122070312,547.5,537.6499633789062,874891
2025-09-11,547.25,548.4000244140625,543.0,544.0999755859375,534.3110961914062,891836
2025-09-12,544.0999755859375,544.0999755859375,533.7000122070312,538.8499755859375,529.155517578125,2746427
2025-09-15,536.5,542.5999755859375,536.5,540.9000244140625,531.168701171875,837561
2025-09-16,540.5999755859375,542.2999877929688,534.5,535.7000122070312,526.062255859375,1405923
2025-09-17,537.5499877929688,539.5,532.2000122070312,535.1500244140625,525.522216796875,822210
2025-09-18,536.0,539.0,532.4000244140625,536.2999877929688,526.6514892578125,2012300
2025-09-19,536.9500122070312,542.7999877929688,532.7000122070312,535.4500122070312,525.8167724609375,2411369
2025-09-22,536.0,536.75,518.0,522.0499877929688,512.6578369140625,2892697
2025-09-23,522.0,522.0,512.6500244140625,515.0,505.7346496582031,3466804
2025-09-24,515.0,520.9500122070312,511.3999938964844,517.7999877929688,508.48431396484375,1781081
2025-09-25,517.7999877929688,521.8499755859375,505.1499938964844,506.29998779296875,497.1911926269531,2356326
2025-09-26,508.0,508.0,493.0,499.75,490.759033203125,3168298
2025-09-29,497.75,501.70001220703125,490.54998779296875,492.8500061035156,483.9831848144531,17685374
2025-09-30,495.0,500.1499938964844,489.5,491.29998779296875,482.4610595703125,2645097
2025-10-01,491.29998779296875,496.0,483.6499938964844,495.04998779296875,486.1435852050781,2443402
2025-10-03,495.04998779296875,497.79998779296875,490.75,496.1499938964844,487.2237854003906,3035129
2025-10-06,495.5,497.75,491.79998779296875,493.3500061035156,484.47418212890625,2681852
2025-10-07,493.3500061035156,502.79998779296875,489.8999938964844,492.25,483.3939514160156,4534081
2025-10-08,485.0,493.20001220703125,479.1499938964844,480.1499938964844,471.5116271972656,3627391
2025-10-09,480.45001220703125,486.5,479.1499938964844,485.3999938964844,476.6672058105469,3052079
2025-10-10,485.3999938964844,490.8500061035156,485.3999938964844,489.70001220703125,480.8898620605469,1613675
2025-10-13,488.6000061035156,489.6000061035156,482.54998779296875,487.75,478.9749450683594,1990140
2025-10-14,487.75,489.75,484.54998779296875,487.3500061035156,478.5821228027344,1611549
2025-10-15,486.04998779296875,494.3999938964844,486.04998779296875,493.1499938964844,484.2777404785156,2084672
2025-10-16,493.8999938964844,502.0,493.8999938964844,500.75,491.7410583496094,1236003
2025-10-17,500.6000061035156,511.6499938964844,499.6000061035156,508.3500061035156,499.2043151855469,3436032
2025-10-20,511.1000061035156,511.1000061035156,503.5,504.54998779296875,495.47265625,824259
2025-10-21,506.1499938964844,507.8500061035156,503.45001220703125,506.3999938964844,497.2893981933594,128942
2025-10-23,507.0,515.0,505.29998779296875,511.3999938964844,502.1994323730469,3693389
2025-10-24,512.4000244140625,512.4000244140625,498.3999938964844,508.45001220703125,499.3025207519531,3786598
2025-10-27,508.5,510.20001220703125,504.70001220703125,507.04998779296875,497.9277038574219,3258720
2025-10-28,508.1000061035156,508.20001220703125,501.0,503.3999938964844,494.3433532714844,2826407
2025-10-29,503.3999938964844,508.8999938964844,501.79998779296875,508.04998779296875,498.9096984863281,1880484
2025-10-30,511.5,511.5,499.6000061035156,501.54998779296875,492.5266418457031,1744704
2025-10-31,502.8999938964844,502.95001220703125,486.70001220703125,487.54998779296875,478.77850341796875,4980727
2025-11-03,488.1000061035156,504.45001220703125,485.6000061035156,503.29998779296875,494.2451477050781,4523334
2025-11-04,502.29998779296875,519.9500122070312,501.95001220703125,517.0499877929688,507.7477722167969,5322219
2025-11-06,517.0499877929688,524.5,511.04998779296875,523.7000122070312,514.2781982421875,3911239
2025-11-07,522.0,522.0,512.5,518.6500244140625,512.0076293945312,1754801
2025-11-10,520.0,521.0,512.7999877929688,515.4500122070312,508.8486022949219,1005698
2025-11-11,515.7000122070312,521.6500244140625,512.6500244140625,519.9500122070312,513.2909545898438,1478112
2025-11-12,519.9500122070312,524.9000244140625,516.0499877929688,522.2999877929688,515.61083984375,2517903
2025-11-13,522.0,528.5999755859375,517.0,522.2000122070312,515.5121459960938,1859578
2025-11-14,522.0,527.0,517.5499877929688,525.0,518.2763061523438,1789377
2025-11-17,529.0,529.9000244140625,523.3499755859375,524.25,517.535888671875,1856462
2025-11-18,524.2000122070312,524.25,512.5,520.8499755859375,514.179443359375,1958068
2025-11-19,520.8499755859375,523.5499877929688,516.5999755859375,517.5499877929688,510.92169189453125,2419687
2025-11-20,519.0499877929688,527.0,516.7000122070312,525.0499877929688,518.3256225585938,2956054
2025-11-21,525.0499877929688,525.0499877929688,514.2999877929688,515.6500244140625,509.0460510253906,2659623
2025-11-24,516.9500122070312,517.8499755859375,511.3999938964844,512.4000244140625,505.8376770019531,5926288
2025-11-25,511.3999938964844,515.4500122070312,509.0,514.4000244140625,507.81207275390625,2050235
2025-11-26,514.1500244140625,520.0499877929688,513.8499755859375,517.2000122070312,510.5762023925781,914828
2025-11-27,517.25,520.5,514.75,519.1500244140625,512.501220703125,1262843
2025-11-28,520.4500122070312,520.4500122070312,513.4500122070312,517.4000244140625,510.7736511230469,999605
2025-12-01,517.4500122070312,519.3499755859375,514.1500244140625,515.25,508.6511535644531,1619957
2025-12-02,513.0999755859375,517.8499755859375,507.0,507.95001220703125,501.4446716308594,2434279
2025-12-03,505.1499938964844,509.04998779296875,500.79998779296875,506.0,499.5196228027344,1388012
2025-12-04,505.1499938964844,510.25,502.54998779296875,508.1000061035156,501.5927429199219,1371715
2025-12-05,503.25,510.79998779296875,502.3500061035156,510.1000061035156,503.5671081542969,1205977
2025-12-08,508.1000061035156,510.8999938964844,500.75,504.45001220703125,497.9894714355469,1140189
2025-12-09,500.3500061035156,505.95001220703125,498.0,503.6000061035156,497.1503601074219,1423785
2025-12-10,505.0,505.95001220703125,498.1000061035156,502.54998779296875,496.1138000488281,1311806
2025-12-11,500.1000061035156,503.3500061035156,496.6499938964844,501.75,495.3240661621094,1116224
2025-12-12,502.5,503.70001220703125,494.0,495.0,488.6604919433594,1506050
2025-12-15,493.5,499.8999938964844,493.1000061035156,497.20001220703125,490.83233642578125,993514
2025-12-16,497.0,504.5,494.6000061035156,497.20001220703125,490.83233642578125,1484940
2025-12-17,497.0,498.6000061035156,492.29998779296875,494.1499938964844,487.8213806152344,551891
2025-12-18,494.04998779296875,494.04998779296875,489.54998779296875,492.54998779296875,486.2418518066406,683973
2025-12-19,493.0,495.0,491.3999938964844,493.95001220703125,487.62396240234375,1241449
2025-12-22,495.3999938964844,497.5,493.04998779296875,493.70001220703125,487.3771667480469,998215
2025-12-23,494.1499938964844,495.5,491.45001220703125,493.1499938964844,486.8341979980469,993407
2025-12-24,493.1499938964844,495.04998779296875,489.04998779296875,490.54998779296875,484.2674865722656,850597
2025-12-26,490.70001220703125,492.95001220703125,487.79998779296875,488.20001220703125,481.9476013183594,518698
2025-12-29,488.3500061035156,491.25,485.95001220703125,489.29998779296875,483.0334777832031,982019
2025-12-30,489.3999938964844,497.3500061035156,487.0,495.6499938964844,489.3021545410156,2216264
2025-12-31,495.0,509.8999938964844,494.8999938964844,503.6000061035156,497.1503601074219,2391679
2026-01-01,505.0,505.8999938964844,497.8500061035156,499.95001220703125,493.547119140625,698247
2026-01-02,501.45001220703125,526.3499755859375,499.0,522.5999755859375,515.906982421875,5340608
2026-01-05,524.0,534.0,519.9000244140625,521.2000122070312,514.5249633789062,3290459
2026-01-06,517.4000244140625,522.6500244140625,501.25,520.3499755859375,513.685791015625,2899294
2026-01-07,523.7999877929688,527.0,518.75,520.9000244140625,514.2288208007812,2870097
2026-01-08,520.0,526.5999755859375,515.0,519.4500122070312,512.79736328125,3203359
2026-01-09,518.7000122070312,525.5499877929688,516.0999755859375,522.4000244140625,515.7095947265625,1522552
2026-01-12,522.2999877929688,525.9500122070312,519.5,524.0,517.2891235351562,1894623
2026-01-13,525.0,529.1500244140625,516.75,522.0499877929688,515.3640747070312,1288670
2026-01-14,518.0999755859375,523.7000122070312,511.1000061035156,513.75,507.1703796386719,798936
2026-01-15,513.75,513.75,513.75,513.75,507.1703796386719,0
2026-01-16,513.75,520.2999877929688,512.0,514.5499877929688,507.9601135253906,660633
2026-01-19,510.79998779296875,517.7999877929688,510.20001220703125,512.75,506.18316650390625,581267
2026-01-20,512.75,516.5,503.8500061035156,505.1000061035156,498.63116455078125,807821
2026-01-21,501.1000061035156,518.4000244140625,501.1000061035156,516.2000122070312,509.5889892578125,4341920
2026-01-22,521.0,529.5499877929688,519.1500244140625,525.3499755859375,518.6217651367188,4249013
2026-01-23,525.3499755859375,533.0,517.9000244140625,519.0,512.3531494140625,2352107
2026-01-27,520.5,521.0,512.0999755859375,513.4000244140625,506.8248596191406,1475952
2026-01-28,513.9500122070312,518.0,502.20001220703125,515.75,509.1447448730469,2775407
2026-01-29,515.7999877929688,517.2000122070312,499.3500061035156,510.45001220703125,503.9126281738281,1887628
2026-01-30,512.1500244140625,519.9000244140625,501.3500061035156,506.6000061035156,500.1119384765625,2737132
2026-02-02,501.0,503.0,493.8500061035156,499.0,492.6092834472656,2469560
2026-02-03,509.0,510.0,495.6000061035156,500.5,494.0900573730469,1860653
2026-02-04,500.0,506.20001220703125,496.79998779296875,501.20001220703125,494.7810974121094,1059709
2026-02-05,501.54998779296875,507.8999938964844,499.3500061035156,504.29998779296875,497.84136962890625,1537272
2026-02-06,502.0,509.0,498.54998779296875,508.29998779296875,501.7901611328125,950728
2026-02-09,510.5,516.0,507.54998779296875,514.4000244140625,507.81207275390625,1265939
2026-02-10,516.0,520.6500244140625,510.0,519.7000122070312,513.044189453125,1143420
2026-02-11,519.7000122070312,523.0,517.0,522.3499755859375,515.6602172851562,1282937
2026-02-12,520.6500244140625,522.8499755859375,516.0999755859375,519.5499877929688,512.8960571289062,911264
2026-02-13,517.25,518.9500122070312,510.1000061035156,512.4500122070312,505.88702392578125,1746636
2026-02-16,512.9000244140625,515.9500122070312,508.04998779296875,514.25,507.6639709472656,667469
2026-02-17,511.1000061035156,519.0499877929688,511.1000061035156,516.7999877929688,510.1813049316406,963143
2026-02-18,525.0,525.2999877929688,503.5,510.6000061035156,504.06072998046875,4359136
2026-02-19,510.6000061035156,514.2999877929688,500.04998779296875,501.6499938964844,495.225341796875,923005
2026-02-20,501.1499938964844,511.1499938964844,500.3999938964844,509.70001220703125,503.1722412109375,1277646
2026-02-23,509.0,515.9500122070312,507.29998779296875,514.3499755859375,507.7626647949219,1044529
2026-02-24,514.4500122070312,519.75,512.75,518.0499877929688,511.415283203125,1517098
2026-02-25,521.25,523.75,516.5,518.6500244140625,512.0076293945312,3015805
2026-02-26,518.6500244140625,525.0,517.4000244140625,524.4500122070312,517.7333374023438,714000
2026-02-27,523.0499877929688,525.5,512.0,518.5,511.8595275878906,2414657
2026-03-02,500.79998779296875,513.75,500.79998779296875,507.6000061035156,501.0991516113281,2107282
2026-03-04,499.0,504.95001220703125,486.0,487.3999938964844,481.1578369140625,1732747
2026-03-05,494.0,494.0,482.0,487.8999938964844,481.65142822265625,972511
2026-03-06,486.0,486.1499938964844,477.5,478.6000061035156,472.4705505371094,1190560
2026-03-09,472.54998779296875,473.04998779296875,464.20001220703125,466.70001220703125,460.72296142578125,858312
2026-03-10,472.54998779296875,483.45001220703125,471.20001220703125,480.8999938964844,474.7410583496094,1029742
2026-03-11,485.0,485.0,470.0,471.8500061035156,465.8069763183594,861166
2026-03-12,471.29998779296875,471.29998779296875,456.5,459.3500061035156,453.4670715332031,1756738
2026-03-13,454.79998779296875,462.45001220703125,452.04998779296875,453.5,447.6919860839844,1711951
2026-03-16,455.0,461.45001220703125,449.20001220703125,458.8500061035156,452.9734802246094,2534686
2026-03-17,460.29998779296875,460.70001220703125,451.8999938964844,452.6000061035156,446.80352783203125,1315801
2026-03-18,452.20001220703125,455.79998779296875,450.0,451.8500061035156,446.0631408691406,2602680
2026-03-19,448.70001220703125,448.70001220703125,428.79998779296875,430.20001220703125,424.6903991699219,3248941
2026-03-20,433.70001220703125,434.79998779296875,429.0,430.70001220703125,425.18402099609375,1933160
2026-03-23,428.95001220703125,428.95001220703125,416.04998779296875,417.3500061035156,412.0049743652344,3382496
2026-03-24,422.1000061035156,426.20001220703125,417.0,421.3999938964844,416.0030822753906,2473037
2026-03-25,425.0,439.1499938964844,421.1000061035156,431.0,425.48016357421875,2329148
2026-03-27,430.0,430.0,418.5,419.6000061035156,414.2261657714844,1692776
2026-03-30,417.5,417.5,408.0,410.45001220703125,405.193359375,2504445
2026-04-01,420.0,420.95001220703125,412.20001220703125,414.95001220703125,409.6357116699219,979365
2026-04-02,412.45001220703125,420.0,403.3500061035156,417.25,411.90625,1150474
2026-04-06,423.5,423.8500061035156,408.3500061035156,413.70001220703125,408.4017333984375,2859076
2026-04-07,413.5,416.20001220703125,408.5,414.25,408.9446716308594,2064376
2026-04-08,425.0,430.6499938964844,422.8999938964844,427.25,421.7781677246094,1650777
2026-04-09,427.1000061035156,433.3999938964844,422.95001220703125,429.3999938964844,423.900634765625,1797506
2026-04-10,425.0,437.79998779296875,424.75,435.70001220703125,430.1199645996094,2166631
2026-04-13,430.04998779296875,432.3999938964844,422.6499938964844,424.75,419.3102111816406,1187970
2026-04-15,430.20001220703125,437.3999938964844,428.25,433.25,427.7013244628906,4079260
2026-04-16,435.5,441.3999938964844,426.3999938964844,427.54998779296875,422.0743103027344,3639152
2026-04-17,427.0,444.1000061035156,424.20001220703125,442.8500061035156,437.17840576171875,4983325
2026-04-20,443.95001220703125,447.29998779296875,436.54998779296875,441.70001220703125,436.0431213378906,1662485
2026-04-21,441.6499938964844,455.45001220703125,439.04998779296875,452.0,446.2112121582031,3053842
2026-04-22,452.0,465.0,450.75,460.0,454.1087341308594,2380888
2026-04-23,458.8999938964844,461.29998779296875,452.70001220703125,460.0,454.1087341308594,1370343
2026-04-24,460.0,462.5,448.1000061035156,451.1000061035156,445.3227233886719,1509926
2026-04-27,452.45001220703125,457.3999938964844,451.0,452.0,446.2112121582031,677273
2026-04-28,452.1499938964844,453.1000061035156,449.0,450.1499938964844,444.3848876953125,533943
2026-04-29,449.04998779296875,458.25,449.04998779296875,456.0,450.15997314453125,1078626
2026-04-30,456.0,456.0,440.3500061035156,441.5,435.8456726074219,1448773
2026-05-01,441.5,441.5,441.5,441.5,435.8456726074219,0
2026-05-04,445.0,450.8999938964844,443.0,445.6499938964844,439.9425354003906,1046716
2026-05-05,446.79998779296875,462.20001220703125,445.8500061035156,460.54998779296875,454.6517028808594,2742900
2026-05-06,465.0,468.0,458.6000061035156,466.25,460.2787170410156,2906897
2026-05-07,469.3500061035156,474.5,461.1000061035156,470.0,463.9806823730469,2831472
2026-05-08,485.0,490.5,469.1000061035156,487.70001220703125,481.4540100097656,11860370
2026-05-11,485.0,485.0,471.20001220703125,473.45001220703125,467.3865051269531,2033029
2026-05-12,472.75,476.25,469.54998779296875,473.25,467.1890563964844,2195129
2026-05-13,480.79998779296875,480.79998779296875,461.6000061035156,463.1000061035156,457.1690368652344,2495630
2026-05-14,467.0,469.8999938964844,457.8500061035156,464.75,458.79791259765625,1901251
2026-05-15,465.29998779296875,471.5,460.5,467.70001220703125,461.71014404296875,932763
2026-05-18,466.79998779296875,466.79998779296875,453.8999938964844,456.3500061035156,450.5054931640625,1177536
2026-05-19,456.3500061035156,462.25,451.5,452.79998779296875,447.0009460449219,1222771
2026-05-20,449.79998779296875,453.0,445.54998779296875,450.8999938964844,445.1252746582031,854233
2026-05-21,453.0,454.1000061035156,443.6000061035156,446.8500061035156,441.1271667480469,2589322
2026-05-22,448.0,454.6499938964844,445.70001220703125,451.04998779296875,445.2733459472656,970954
2026-05-25,453.3999938964844,455.75,446.25,447.20001220703125,441.4726867675781,879387
2026-05-26,447.20001220703125,449.1000061035156,445.20001220703125,447.6000061035156,441.8675537109375,1154362
2026-05-27,440.75,447.0,440.29998779296875,445.45001220703125,439.7451171875,1295057
2026-05-28,445.45001220703125,445.45001220703125,445.45001220703125,445.45001220703125,439.7451171875,0
2026-05-29,445.45001220703125,455.0,440.1000061035156,443.3999938964844,437.7213439941406,13072946
2026-06-01,441.0,442.0,423.5,424.6000061035156,419.162109375,3233902
2026-06-02,421.54998779296875,426.8500061035156,419.70001220703125,425.5,420.05059814453125,2753289
2026-06-03,424.79998779296875,424.79998779296875,416.0,417.8500061035156,412.4985656738281,3353591
2026-06-04,417.5,428.95001220703125,414.6000061035156,424.6499938964844,419.2114562988281,2919945
2026-06-05,425.20001220703125,426.95001220703125,420.6000061035156,424.1499938964844,418.7178649902344,1864100
2026-06-08,421.0,424.1499938964844,418.1499938964844,419.75,414.3742370605469,647231
2026-06-09,422.0,427.0,420.3500061035156,426.1499938964844,420.6922607421875,915087
2026-06-10,427.0,438.75,426.70001220703125,427.8999938964844,422.41986083984375,2288936
2026-06-11,427.75,430.3999938964844,420.0,421.70001220703125,416.29925537109375,1689034
2026-06-12,421.0,429.04998779296875,420.54998779296875,426.3999938964844,420.9390563964844,2569834
2026-06-15,432.5,437.5,428.0,429.1499938964844,423.6538391113281,684074
2026-06-16,430.0,437.45001220703125,429.6499938964844,435.45001220703125,429.8731689453125,1685284
2026-06-17,435.0,435.8999938964844,427.75,429.0,423.5057678222656,1137052
2026-06-18,429.5,431.8500061035156,426.70001220703125,428.70001220703125,423.2096252441406,1585207
2026-06-19,427.70001220703125,427.70001220703125,421.3999938964844,423.5,418.0762023925781,1915071
2026-06-22,425.5,426.20001220703125,421.5,422.25,416.84222412109375,1244814
2026-06-23,422.25,425.29998779296875,419.25,419.79998779296875,414.423583984375,1553970
2026-06-24,420.70001220703125,425.04998779296875,417.45001220703125,424.1000061035156,418.66851806640625,2440919
2026-06-25,425.5,431.45001220703125,422.79998779296875,423.8999938964844,418.4710693359375,1810833
2026-06-26,423.8999938964844,423.8999938964844,423.8999938964844,423.8999938964844,418.4710693359375,0
2026-06-29,425.3500061035156,430.79998779296875,424.25,426.29998779296875,420.84033203125,1842565
2026-06-30,426.79998779296875,426.8500061035156,421.6000061035156,422.20001220703125,416.7928771972656,1799370
2026-07-01,422.8999938964844,447.0,422.6499938964844,444.75,439.0540466308594,8597999
2026-07-02,444.75,451.0,442.6000061035156,447.0,441.2752380371094,3035247
2026-07-03,448.8999938964844,450.1000061035156,442.1499938964844,444.3500061035156,438.6591796875,2061060
2026-07-06,447.79998779296875,450.70001220703125,438.29998779296875,449.75,443.9900207519531,3812533
2026-07-07,451.8999938964844,456.0,446.75,453.5,447.6919860839844,1548269
2026-07-08,452.0,452.79998779296875,435.1499938964844,436.54998779296875,430.9590759277344,1952606
2026-07-09,437.5,449.45001220703125,437.0,443.1499938964844,437.47454833984375,1477623
2026-07-10,444.54998779296875,447.0,441.04998779296875,443.5,437.820068359375,1705250
2026-07-13,442.0,442.75,438.3999938964844,438.8999938964844,433.2789611816406,774683
2026-07-14,437.8999938964844,440.45001220703125,432.1000061035156,434.45001220703125,428.885986328125,1427118
2026-07-15,434.0,437.6000061035156,430.04998779296875,431.29998779296875,425.77630615234375,1001738
2026-07-16,433.6000061035156,433.79998779296875,428.75,429.45001220703125,423.95001220703125,1622560
2026-07-17,426.5,428.6499938964844,422.3500061035156,427.20001220703125,427.20001220703125,2117096
2026-07-20,427.20001220703125,430.95001220703125,424.1000061035156,426.5,426.5,1048161
2026-07-21,426.5,427.8999938964844,422.3999938964844,426.1000061035156,426.1000061035156,1008135
2026-07-22,426.8999938964844,427.6000061035156,421.54998779296875,426.5,426.5,897737
2026-07-23,425.8999938964844,426.70001220703125,420.5,423.1499938964844,423.1499938964844,2558937
2026-07-24,420.75,424.79998779296875,419.3999938964844,423.20001220703125,423.20001220703125,641619
2026-07-27,425.6000061035156,429.04998779296875,424.5,427.3500061035156,427.3500061035156,853775
2026-07-28,427.3500061035156,438.0,422.5,424.6000061035156,424.6000061035156,4458851
2026-07-29,427.3999938964844,435.29998779296875,427.0,433.70001220703125,433.70001220703125,2039461
2026-07-30,433.0,433.0,415.54998779296875,426.1000061035156,426.1000061035156,5673826
2026-07-31,429.0,429.75,420.25,421.45001220703125,421.45001220703125,2509913
2026-08-03,423.79998779296875,426.20001220703125,421.3999938964844,425.79998779296875,425.79998779296875,1969475
2026-08-04,420.79998779296875,420.79998779296875,405.3500061035156,409.6499938964844,409.6499938964844,6370534
2026-08-05,412.0,414.04998779296875,406.8999938964844,414.0,414.0,3045910
2026-08-06,415.0,415.20001220703125,411.04998779296875,411.29998779296875,411.29998779296875,1596570
2026-08-07,410.95001220703125,413.45001220703125,408.5,410.0,410.0,1749544
2026-08-10,411.45001220703125,414.20001220703125,409.25,414.20001220703125,414.20001220703125,1346084
2026-08-11,414.0,414.0,411.04998779296875,412.6499938964844,412.6499938964844,1132096
2026-08-12,412.6499938964844,413.1000061035156,405.04998779296875,411.25,411.25,1677000
2026-08-13,408.8999938964844,411.25,406.6000061035156,410.0,410.0,730919
2026-08-14,408.0,410.45001220703125,405.25,405.25,405.25,1463543
2026-08-17,405.6499938964844,408.0,402.45001220703125,406.79998779296875,406.79998779296875,1337661
2026-08-18,406.79998779296875,406.79998779296875,402.1000061035156,403.5,403.5,1853755
2026-08-19,403.5,403.5,398.0,399.75,399.75,927611
2026-08-20,402.1000061035156,402.1000061035156,398.70001220703125,400.0,400.0,913960
2026-08-21,400.04998779296875,400.75,397.6499938964844,400.5,400.5,672540
2026-08-24,400.5,400.54998779296875,395.6499938964844,398.45001220703125,398.45001220703125,827894
2026-08-25,397.8999938964844,398.1000061035156,392.1499938964844,395.04998779296875,395.04998779296875,3323557
2026-08-26,395.6000061035156,397.5,392.20001220703125,392.20001220703125,392.20001220703125,1276848
2026-08-27,393.5,394.79998779296875,386.04998779296875,386.20001220703125,386.20001220703125,1282102
2026-08-28,387.70001220703125,387.70001220703125,383.1000061035156,386.0,386.0,1925866
2026-08-31,385.8999938964844,387.3999938964844,381.0,381.0,381.0,3273736
2026-09-01,384.0,386.79998779296875,381.0,384.0,384.0,1394674
2026-09-02,383.70001220703125,383.70001220703125,377.6000061035156,379.0,379.0,1597939
2026-09-03,379.8999938964844,381.54998779296875,377.45001220703125,380.70001220703125,380.70001220703125,2062074
2026-09-04,380.45001220703125,383.25,377.3500061035156,380.8999938964844,380.8999938964844,1702061
2026-09-07,380.8999938964844,381.79998779296875,373.79998779296875,375.5,375.5,2530210
2026-09-08,375.25,377.95001220703125,373.75,375.0,375.0,2107745
2026-09-09,374.70001220703125,374.70001220703125,368.04998779296875,371.54998779296875,371.54998779296875,2451979
2026-09-10,370.45001220703125,377.75,369.0,376.45001220703125,376.45001220703125,2119982
2026-09-11,372.3500061035156,377.0,372.1000061035156,376.0,376.0,863561
2026-09-14,376.0,376.0,376.0,376.0,376.0,0
2026-09-15,379.0,390.95001220703125,376.75,384.8999938964844,384.8999938964844,9936721
2026-09-16,386.8500061035156,389.45001220703125,382.0,382.0,382.0,1792878
2026-09-17,382.3999938964844,386.3999938964844,381.29998779296875,384.54998779296875,384.54998779296875,1528427
2026-09-18,384.6000061035156,395.25,382.95001220703125,395.25,395.25,2455500
2026-09-21,390.0,392.79998779296875,386.79998779296875,386.79998779296875,386.79998779296875,2097526
2026-09-22,388.29998779296875,390.1000061035156,385.20001220703125,388.1000061035156,388.1000061035156,1352500
2026-09-23,388.29998779296875,395.45001220703125,387.3999938964844,387.3999938964844,387.3999938964844,1480659
2026-09-24,387.20001220703125,388.8999938964844,383.45001220703125,385.70001220703125,385.70001220703125,836163
2026-09-25,384.79998779296875,386.0,381.54998779296875,385.6000061035156,385.6000061035156,690022
2026-09-28,386.5,386.5,381.8500061035156,385.75,385.75,2851715
2026-09-29,383.8500061035156,384.45001220703125,378.0,380.3999938964844,380.3999938964844,6185956
2026-09-30,379.95001220703125,384.6499938964844,379.1499938964844,380.1000061035156,380.1000061035156,1957070
