date,open,high,low,close,adj_close,volume
2015-01-01,523.7046508789062,525.8494873046875,520.0014038085938,525.0162353515625,490.92376708984375,266598
2015-01-02,525.4174194335938,540.9866333007812,524.4761962890625,539.3972778320312,504.3708801269531,291180
2015-01-05,540.060791015625,547.4056396484375,536.5118408203125,541.4263916015625,506.268310546875,641685
2015-01-06,538.0548706054688,538.3634643554688,515.6654663085938,520.7806396484375,486.9632263183594,812394
2015-01-07,524.6304931640625,529.8767700195312,520.0014038085938,527.330810546875,493.0881042480469,843430
2015-01-08,529.2595825195312,534.197265625,524.3681640625,528.4803466796875,494.1628723144531,266021
2015-01-09,529.2595825195312,534.4595947265625,523.8589477539062,525.3325805664062,491.21954345703125,329649
2015-01-12,526.0963745117188,532.0370483398438,523.5503540039062,530.115966796875,495.6923522949219,184597
2015-01-13,534.9688110351562,553.9480590820312,531.8827514648438,547.2127685546875,511.6789245605469,611309
2015-01-14,547.0044555664062,555.4757080078125,546.2946166992188,550.3682250976562,514.6295166015625,347284
2015-01-15,555.4910888671875,569.84130859375,550.8697509765625,566.0068359375,529.2527465820312,697076
2015-01-16,566.0068359375,570.5202026367188,557.8211059570312,561.1231689453125,524.68603515625,509549
2015-01-19,563.607421875,573.2359619140625,562.0952758789062,563.592041015625,526.99462890625,472032
2015-01-20,568.9077758789062,572.0015258789062,565.6751098632812,569.6175537109375,532.6287231445312,441416
2015-01-21,571.1605834960938,587.894775390625,563.823486328125,583.7671508789062,545.8596801757812,758001
2015-01-22,589.4378051757812,590.178466796875,580.2258911132812,587.8021850585938,549.6326904296875,481759
2015-01-23,592.5238647460938,592.7784423828125,579.7321166992188,585.279296875,547.2736206054688,601141
2015-01-27,586.151123046875,596.2271118164062,582.494140625,594.06689453125,555.490478515625,839250
2015-01-28,591.0039672851562,603.7879638671875,591.0039672851562,600.9642333984375,561.9398803710938,786672
2015-01-29,600.856201171875,609.4971923828125,594.3214721679688,606.7042846679688,567.307373046875,537695
2015-01-30,606.4111328125,613.3547973632812,595.8104858398438,599.3209228515625,560.4033813476562,727295
2015-02-02,590.6876220703125,598.4490966796875,586.3517456054688,587.6324462890625,549.4740600585938,397704
2015-02-03,589.73095703125,602.0906372070312,586.3517456054688,599.9226684570312,560.9661254882812,1131714
2015-02-04,600.5399169921875,607.552978515625,597.9630126953125,601.34228515625,562.2935180664062,587771
2015-02-05,598.726806640625,605.693603515625,594.06689453125,599.853271484375,560.901123046875,1163469
2015-02-06,592.5546875,604.5595092773438,583.6282958984375,587.1232299804688,548.9976806640625,605062
2015-02-09,585.5802001953125,586.4906005859375,568.7843017578125,572.2329711914062,535.074462890625,265445
2015-02-10,569.2240600585938,590.8496704101562,563.4994506835938,588.4039306640625,550.1953125,480858
2015-02-11,588.4039306640625,599.8840942382812,585.6033325195312,593.1641845703125,554.6464233398438,764819
2015-02-12,602.8621826171875,606.642578125,587.5244140625,590.5564575195312,552.2080688476562,730328
2015-02-13,592.5238647460938,600.8407592773438,592.5238647460938,595.6021728515625,556.9262084960938,392409
2015-02-16,595.9262084960938,601.7511596679688,591.9066162109375,594.876953125,556.248046875,259994
2015-02-18,594.99267578125,599.4674682617188,587.894775390625,596.7517700195312,558.0010375976562,570707
2015-02-19,596.8443603515625,601.7820434570312,580.349365234375,584.214599609375,546.2779541015625,802206
2015-02-20,584.4846801757812,588.6893920898438,578.7908935546875,580.28759765625,542.6060180664062,275256
2015-02-23,581.876953125,586.2514038085938,563.56884765625,570.2579345703125,533.2276611328125,442881
2015-02-24,569.2240600585938,572.0786743164062,563.823486328125,568.1130981445312,531.22216796875,298075
2015-02-25,569.5404052734375,574.0075073242188,563.2062377929688,566.030029296875,529.2742309570312,278536
2015-02-26,567.071533203125,573.05078125,552.50537109375,555.1670532226562,519.1167602539062,791021
2015-02-27,560.55224609375,582.185546875,554.6578979492188,577.9036254882812,540.3768310546875,788973
2015-03-02,586.3517456054688,618.3773193359375,584.044921875,615.252685546875,575.3006591796875,1010770
2015-03-03,614.1262817382812,621.0467529296875,604.8681030273438,616.8728637695312,576.8154907226562,753348
2015-03-04,616.5951538085938,618.4313354492188,595.8799438476562,599.1280517578125,560.2230224609375,465680
2015-03-05,599.6217651367188,603.3250732421875,579.8170166015625,583.9909057617188,546.06884765625,579547
2015-03-09,582.494140625,587.5861206054688,570.9214477539062,572.5338745117188,535.3558349609375,416679
2015-03-10,572.4644775390625,578.3897094726562,567.0638427734375,570.7439575195312,533.6820678710938,396550
2015-03-11,570.45849609375,574.1618041992188,561.694091796875,571.0757446289062,533.9923706054688,250007
2015-03-12,574.0075073242188,583.1113891601562,572.8733520507812,577.27099609375,539.7852172851562,303798
2015-03-13,578.0579223632812,584.3457641601562,557.9599609375,566.2151489257812,529.4474487304688,838350
2015-03-16,569.3783569335938,573.9689331054688,563.669189453125,569.7410278320312,532.7442626953125,183722
2015-03-17,571.716064453125,575.0875854492188,566.222900390625,571.7315063476562,534.6055908203125,310693
2015-03-18,572.7730712890625,572.7730712890625,563.514892578125,566.184326171875,529.41845703125,309559
2015-03-19,567.5267333984375,575.3653564453125,554.7196044921875,557.3427734375,521.151123046875,343525
2015-03-20,557.3427734375,561.6632080078125,547.7759399414062,557.8751220703125,521.6489868164062,350031
2015-03-23,562.4270629882812,568.6068725585938,552.3742065429688,560.0816040039062,523.7120971679688,313234
2015-03-24,557.0573120117188,564.749267578125,552.405029296875,554.4727172851562,518.4674682617188,377892
2015-03-25,554.7196044921875,561.1771850585938,547.93798828125,550.9237670898438,515.14892578125,601225
2015-03-26,549.3189697265625,555.6453857421875,544.4815673828125,547.644775390625,512.0830078125,1163113
2015-03-27,546.5723876953125,555.3367919921875,546.23291015625,550.7000122070312,514.9398193359375,361036
2015-03-30,551.6412353515625,565.9760131835938,548.5474853515625,560.2899169921875,523.906982421875,524111
2015-03-31,560.4288330078125,563.9700927734375,554.457275390625,558.9397583007812,522.6444702148438,552354
2015-04-01,561.6632080078125,574.8870239257812,553.9480590820312,570.0032958984375,532.989501953125,266456
2015-04-06,571.0757446289062,575.550537109375,567.4033203125,570.6282348632812,533.5740356445312,190871
2015-04-07,571.1220092773438,584.0371704101562,566.97900390625,581.1517333984375,543.4140625,431870
2015-04-08,579.4080810546875,587.894775390625,579.4080810546875,586.3903198242188,548.3123779296875,286760
2015-04-09,587.894775390625,589.9469604492188,580.326171875,581.4757690429688,543.717041015625,213696
2015-04-10,581.72265625,586.9612426757812,578.9451904296875,585.225341796875,547.2230224609375,172200
2015-04-13,584.970703125,586.3517456054688,578.181396484375,583.3428344726562,545.4628295898438,184902
2015-04-15,584.0371704101562,590.5025024414062,583.443115234375,587.0615234375,548.9401245117188,276754
2015-04-16,586.5060424804688,590.2478637695312,569.5558471679688,575.550537109375,538.1764526367188,636409
2015-04-17,575.550537109375,578.0193481445312,560.1201782226562,562.7742309570312,526.22998046875,462939
2015-04-20,560.8917236328125,569.0543212890625,552.58251953125,557.3427734375,521.151123046875,439569
2015-04-21,557.0341186523438,566.1380004882812,550.2448120117188,560.7528686523438,524.3397827148438,489419
2015-04-22,560.7528686523438,572.4644775390625,559.3486938476562,566.2922973632812,529.51953125,364386
2015-04-23,567.8199462890625,571.6929321289062,554.8739013671875,561.5552368164062,525.090087890625,288361
2015-04-24,561.8638305664062,570.0881958007812,555.5142822265625,565.2199096679688,528.5167846679688,165090
2015-04-27,564.7647094726562,565.9837036132812,553.27685546875,557.6050415039062,521.3963623046875,504150
2015-04-28,556.4169311523438,562.2650146484375,548.7172241210938,559.1480712890625,522.8391723632812,501636
2015-04-29,555.9771728515625,569.3783569335938,545.4691162109375,555.40625,519.3402709960938,443756
2015-04-30,554.727294921875,558.5771484375,550.4299926757812,553.840087890625,517.8759765625,1039784
2015-05-04,552.559326171875,563.0519409179688,547.0121459960938,559.3486938476562,523.0267944335938,829536
2015-05-05,556.1854858398438,559.3486938476562,548.55517578125,552.482177734375,516.6060791015625,452512
2015-05-06,551.633544921875,554.1332397460938,534.197265625,536.6661376953125,501.8170471191406,706933
2015-05-07,534.197265625,544.3504028320312,531.2655029296875,541.688720703125,506.5135192871094,257545
2015-05-08,544.3504028320312,544.3504028320312,536.2032470703125,539.0038452148438,504.0030517578125,422007
2015-05-11,541.6038208007812,550.7077026367188,539.1967163085938,548.8175048828125,513.1795043945312,158467
2015-05-12,549.1646728515625,551.633544921875,535.7402954101562,538.2322998046875,503.2815856933594,649863
2015-05-13,540.8323364257812,548.5474853515625,534.6602172851562,542.2518920898438,507.04022216796875,209289
2015-05-14,540.369384765625,548.3931884765625,533.3023071289062,544.7284545898438,509.3559265136719,152803
2015-05-15,543.1854248046875,552.5130615234375,543.1854248046875,547.8145141601562,512.2415161132812,218414
2015-05-18,547.3284912109375,551.6181030273438,545.5617065429688,548.0305786132812,512.443603515625,354380
2015-05-19,549.3189697265625,557.1884155273438,544.9984741210938,554.0252075195312,518.0490112304688,493969
2015-05-20,554.5189819335938,560.8453979492188,552.3973388671875,554.7813110351562,518.7559814453125,264142
2015-05-21,557.7902221679688,569.1392211914062,551.9730224609375,567.1409912109375,530.3131103515625,476931
2015-05-22,568.1439819335938,570.61279296875,559.3486938476562,561.732666015625,525.2559814453125,195764
2015-05-25,560.8917236328125,566.6009521484375,548.1463012695312,550.4993896484375,514.7520751953125,148940
2015-05-26,551.633544921875,556.046630859375,547.7759399414062,551.2014770507812,515.4085693359375,194863
2015-05-27,549.3189697265625,558.5771484375,547.9302368164062,552.2044677734375,516.346435546875,504072
2015-05-28,552.775390625,553.6703491210938,540.3848266601562,541.8892822265625,506.701171875,897111
2015-05-29,543.1468505859375,565.11962890625,543.1468505859375,561.7635498046875,525.2848510742188,569878
2015-06-01,561.7635498046875,567.8353271484375,556.4169311523438,557.5664672851562,521.3603515625,186950
2015-06-02,557.0341186523438,558.0062255859375,538.5177612304688,540.4234008789062,505.3304443359375,318703
2015-06-03,538.0548706054688,539.2044067382812,523.5503540039062,525.664306640625,491.52978515625,342792
2015-06-04,527.9171752929688,533.8115234375,523.86669921875,532.1759033203125,497.6185302734375,320453
2015-06-05,528.3414916992188,535.1231079101562,524.6304931640625,526.011474609375,491.8543701171875,400964
2015-06-08,526.7598876953125,530.6251831054688,520.6185913085938,525.6180419921875,491.48651123046875,171137
2015-06-09,524.6304931640625,534.6293334960938,524.599609375,531.3118286132812,496.810546875,219334
2015-06-10,530.8026123046875,535.8945922851562,529.575927734375,532.361083984375,497.7916259765625,259547
2015-06-11,532.5230712890625,534.04296875,516.9153442382812,519.2067260742188,485.4914855957031,461837
2015-06-12,518.6281127929688,520.7728881835938,512.3170776367188,517.733154296875,484.1136169433594,277019
2015-06-15,517.6868286132812,520.9194946289062,513.0577392578125,516.9462280273438,483.3778076171875,373790
2015-06-16,515.372314453125,522.9408569335938,513.0577392578125,520.1016845703125,486.3283386230469,287259
2015-06-17,520.4488525390625,526.1735229492188,516.3753051757812,519.4304809570312,485.70068359375,300156
2015-06-18,520.6109008789062,522.7788696289062,517.0696411132812,519.4690551757812,485.7367858886719,346998
2015-06-19,520.6417846679688,525.4019775390625,519.2298583984375,522.1925048828125,488.2834167480469,288374
2015-06-22,522.7325439453125,527.5313720703125,520.3099975585938,524.4221801757812,490.3682861328125,420088
2015-06-23,526.1735229492188,531.7284545898438,523.8049926757812,529.845947265625,495.4398498535156,315327
2015-06-24,529.8767700195312,536.9747314453125,521.1432495117188,524.6767578125,490.6063232421875,704172
2015-06-25,524.6304931640625,528.4880981445312,522.31591796875,525.5331420898438,491.4071350097656,677296
2015-06-26,525.7106323242188,530.6483154296875,523.1029052734375,524.1907348632812,490.15179443359375,373343
2015-06-29,522.3082275390625,522.4625244140625,509.3544921875,520.3485717773438,486.5592346191406,429926
2015-06-30,520.3485717773438,533.1171875,517.1082153320312,531.1806640625,496.6879577636719,181033
2015-07-01,531.2732543945312,544.6898803710938,528.97412109375,542.6068115234375,507.3720703125,283818
2015-07-02,547.606201171875,547.606201171875,533.734375,535.4471435546875,500.6773681640625,226508
2015-07-03,533.4720458984375,543.1468505859375,533.4720458984375,541.1023559570312,505.96533203125,248076
2015-07-06,535.7402954101562,551.4714965820312,535.2774047851562,549.4346923828125,513.7566528320312,344179
2015-07-07,549.6275634765625,556.663818359375,549.6275634765625,551.37890625,515.5745849609375,286462
2015-07-08,549.3189697265625,551.224609375,539.289306640625,541.5652465820312,506.39813232421875,338599
2015-07-09,542.5296630859375,549.2803955078125,541.0174560546875,542.6299438476562,507.3936462402344,158674
2015-07-10,543.6098022460938,556.046630859375,543.1468505859375,554.9510498046875,518.9146728515625,349085
2015-07-13,558.4074096679688,563.823486328125,551.8804321289062,560.4442138671875,524.0511474609375,319967
2015-07-14,560.8917236328125,562.4347534179688,555.9617309570312,559.3949584960938,523.070068359375,174792
2015-07-15,560.0739135742188,570.7208251953125,559.3486938476562,568.8383178710938,531.9000854492188,366499
2015-07-16,570.7053833007812,571.5386352539062,564.3480834960938,567.0252685546875,530.2048950195312,279871
2015-07-17,568.1285400390625,574.6246948242188,566.9095458984375,570.4430541992188,533.4006958007812,312113
2015-07-20,567.0638427734375,583.1113891601562,559.8115844726562,581.583740234375,543.8179931640625,562172
2015-07-21,580.1950073242188,583.7285766601562,561.8175659179688,566.3848876953125,529.606201171875,368832
2015-07-22,566.2922973632812,578.721435546875,564.749267578125,576.8389282226562,539.3812866210938,267499
2015-07-23,575.589111328125,576.7232055664062,567.8353271484375,570.9677124023438,533.891357421875,156186
2015-07-24,567.071533203125,572.2947387695312,565.1658935546875,566.7398071289062,529.9380493164062,142738
2015-07-27,563.2062377929688,574.7789916992188,561.8021240234375,568.1054077148438,531.21484375,335463
2015-07-28,566.9095458984375,576.669189453125,561.2466430664062,567.1795654296875,530.3492431640625,359079
2015-07-29,567.0638427734375,570.5665283203125,561.6632080078125,564.2323608398438,527.5933837890625,233093
2015-07-30,568.4525756835938,575.936279296875,564.3944091796875,574.1309204101562,536.8492431640625,379720
2015-07-31,577.0935668945312,580.1796264648438,571.5540771484375,573.4288330078125,536.192626953125,434994
2015-08-03,573.5445556640625,578.3279418945312,572.4644775390625,576.823486328125,539.3668823242188,419687
2015-08-04,577.0935668945312,584.5078125,573.2359619140625,580.9125366210938,543.1902465820312,840449
2015-08-05,580.9511108398438,584.6466674804688,575.9594116210938,580.5730590820312,542.8729858398438,491441
2015-08-06,580.9511108398438,585.5802001953125,574.0075073242188,578.9683227539062,541.3724365234375,337336
2015-08-07,579.4080810546875,592.9713134765625,571.5386352539062,587.6941528320312,549.531494140625,2197720
2015-08-10,590.1707153320312,591.9451904296875,577.8650512695312,582.2395629882812,544.4312133789062,466277
2015-08-11,582.5095825195312,586.0430908203125,571.2840576171875,574.0151977539062,536.740966796875,405999
2015-08-12,572.1558227539062,579.8709716796875,558.7314453125,564.8958740234375,528.2137451171875,476717
2015-08-13,564.7030029296875,568.5759887695312,551.479248046875,556.3012084960938,520.17724609375,255652
2015-08-14,560.1201782226562,574.3161010742188,558.5771484375,571.5000610351562,534.3889770507812,179769
2015-08-17,571.6929321289062,574.4703979492188,565.1736450195312,569.1469116210938,532.1887817382812,113743
2015-08-18,569.393798828125,578.3279418945312,567.1409912109375,572.5570068359375,535.3775024414062,208459
2015-08-19,572.4644775390625,580.1796264648438,568.7611694335938,576.5457763671875,539.1071166992188,597220
2015-08-20,566.4466552734375,575.56591796875,560.2744750976562,569.8335571289062,532.8308715820312,319157
2015-08-21,563.514892578125,565.8294067382812,552.5361938476562,559.3872680664062,523.0628662109375,436964
2015-08-24,547.7759399414062,552.1581420898438,524.7847900390625,533.00146484375,498.39044189453125,933779
2015-08-25,534.8222045898438,539.2815551757812,518.8672485351562,533.6417846679688,498.98919677734375,560636
2015-08-26,533.5337524414062,539.5670166015625,522.7788696289062,526.4666748046875,492.280029296875,430736
2015-08-27,527.716552734375,543.3474731445312,519.8471069335938,540.701171875,505.5901184082031,531045
2015-08-28,545.77001953125,548.55517578125,531.0494995117188,532.3302001953125,497.7626953125,383738
2015-08-31,532.3456420898438,539.0655517578125,527.562255859375,531.8132934570312,497.2794494628906,143969
2015-09-01,527.716552734375,532.3147583007812,520.4642944335938,527.7705688476562,493.4992370605469,420244
2015-09-02,528.4880981445312,532.1913452148438,522.5474243164062,526.8524780273438,492.6407775878906,451222
2015-09-03,527.3770751953125,530.8026123046875,523.0874633789062,528.20263671875,497.2877502441406,314718
2015-09-04,524.9390869140625,528.179443359375,512.780029296875,520.7266235351562,490.2492980957031,424424
2015-09-07,520.7728881835938,526.1735229492188,516.9153442382812,522.8868408203125,492.2830505371094,357912
2015-09-08,523.8589477539062,530.8026123046875,520.0476684570312,528.3491821289062,497.4256896972656,140898
2015-09-09,532.361083984375,541.9124145507812,531.1575317382812,540.7860107421875,509.1346740722656,186878
2015-09-10,533.8964233398438,536.9747314453125,528.5189208984375,534.7681884765625,503.4690246582031,365229
2015-09-11,533.888671875,542.3753662109375,530.8026123046875,534.3515625,503.0767822265625,315178
2015-09-14,535.2774047851562,539.8602294921875,533.3177490234375,536.51953125,505.1179504394531,220313
2015-09-15,533.888671875,537.0750122070312,532.0216064453125,533.3794555664062,502.16162109375,284330
2015-09-16,534.8530883789062,537.1907348632812,531.6127319335938,534.9071044921875,503.59991455078125,268231
2015-09-18,536.9747314453125,547.6216430664062,536.2032470703125,539.5824584960938,508.00152587890625,194830
2015-09-21,535.7402954101562,537.5919799804688,529.2595825195312,533.6726684570312,502.4376220703125,259722
2015-09-22,534.2281494140625,536.9747314453125,522.7865600585938,529.1361694335938,498.16668701171875,849062
2015-09-23,524.6304931640625,533.271484375,522.31591796875,531.06494140625,499.9824523925781,219969
2015-09-24,529.1052856445312,535.1231079101562,527.253662109375,529.7147827148438,498.7113952636719,595619
2015-09-28,530.0311279296875,536.0335083007812,528.4880981445312,532.3765258789062,501.2174377441406,328865
2015-09-29,526.1735229492188,539.906494140625,521.5598754882812,530.9414672851562,499.8663330078125,447917
2015-09-30,532.1913452148438,546.8578491210938,530.1082763671875,542.8151245117188,511.04510498046875,513619
2015-10-01,545.6311645507812,550.8619995117188,540.292236328125,544.5587158203125,512.6865844726562,173573
2015-10-05,549.01806640625,561.1231689453125,545.7854614257812,557.8287963867188,525.1800537109375,419343
2015-10-06,558.4228515625,565.4822387695312,550.0905151367188,555.9771728515625,523.4366455078125,356246
2015-10-07,555.4910888671875,563.2062377929688,552.405029296875,562.373046875,529.4581909179688,215089
2015-10-08,562.4193115234375,566.5932006835938,560.9148559570312,563.8466186523438,530.8455200195312,231207
2015-10-09,564.7801513671875,569.1854858398438,560.1741943359375,562.1107177734375,529.2112426757812,237396
2015-10-12,563.9314575195312,569.1160888671875,557.8519287109375,558.9397583007812,526.2258911132812,156464
2015-10-13,559.0401000976562,563.823486328125,558.5771484375,562.4656372070312,529.54541015625,113400
2015-10-14,560.1201782226562,564.5872802734375,558.8858032226562,560.9843139648438,528.1506958007812,172452
2015-10-15,563.2062377929688,567.2181396484375,560.2899169921875,562.3576049804688,529.4436645507812,407036
2015-10-16,563.514892578125,565.3665161132812,557.7207641601562,563.0596923828125,530.104736328125,259255
2015-10-19,562.9362182617188,562.9362182617188,553.9480590820312,556.0388793945312,523.4948120117188,284654
2015-10-20,556.6021118164062,559.3486938476562,554.1023559570312,556.6098022460938,524.0323486328125,299579
2015-10-21,557.1884155273438,562.8976440429688,554.1023559570312,561.2080688476562,528.3614501953125,162796
2015-10-23,563.2448120117188,569.7872924804688,561.4395141601562,562.8128051757812,529.8721923828125,145654
2015-10-26,563.399169921875,573.205078125,558.5925903320312,569.4015502929688,536.0753784179688,213210
2015-10-27,568.6068725585938,574.0075073242188,566.4466552734375,568.8306274414062,535.5379638671875,367231
2015-10-28,566.338623046875,572.6187744140625,566.3077392578125,570.5125122070312,537.1212768554688,213605
2015-10-29,569.68701171875,570.76708984375,562.1261596679688,566.6009521484375,533.438720703125,464054
2015-10-30,572.3101196289062,580.0253295898438,567.5344848632812,572.78076171875,539.2567749023438,716790
2015-11-02,572.78076171875,576.6074829101562,563.2833862304688,569.5635375976562,536.2279052734375,126944
2015-11-03,571.5540771484375,574.0075073242188,569.0697631835938,570.7593994140625,537.3538208007812,381839
2015-11-04,573.228271484375,574.8330078125,565.9837036132812,570.53564453125,537.1431884765625,199127
2015-11-05,569.3783569335938,571.8472290039062,565.1658935546875,570.4353637695312,537.0487060546875,194338
2015-11-06,570.30419921875,573.8377685546875,564.4715576171875,569.2318115234375,535.91552734375,206671
2015-11-09,564.594970703125,565.0579223632812,559.3486938476562,563.0442504882812,530.0900268554688,439122
2015-11-10,560.1124877929688,561.7017822265625,554.2567138671875,558.7623291015625,526.0587768554688,292722
2015-11-13,553.3231811523438,560.1201782226562,548.6632080078125,559.0477905273438,526.32763671875,461066
2015-11-16,559.3486938476562,569.99560546875,556.0774536132812,568.0822143554688,534.833251953125,203612
2015-11-17,569.2240600585938,569.8798828125,552.7136840820312,557.7207641601562,525.0781860351562,288665
2015-11-18,558.1142578125,559.4798583984375,552.7290649414062,557.3427734375,524.7222900390625,222173
2015-11-19,557.8828125,567.8353271484375,557.3427734375,565.5748291015625,532.47265625,162861
2015-11-20,565.5208129882812,570.61279296875,563.14453125,568.4216918945312,535.1529541015625,275775
2015-11-23,568.2982788085938,572.7730712890625,562.8204956054688,566.7321166992188,533.5621948242188,261193
2015-11-24,564.749267578125,573.8531494140625,563.2216796875,570.2039184570312,536.8307495117188,440749
2015-11-26,570.2039184570312,577.078125,567.8507690429688,575.5350952148438,541.8500366210938,434489
2015-11-27,576.0674438476562,578.6365966796875,573.4057006835938,576.2603149414062,542.53271484375,349772
2015-11-30,576.322021484375,578.9451904296875,574.3161010742188,577.3558349609375,543.5640869140625,187572
2015-12-01,578.9451904296875,582.4786987304688,574.4163818359375,576.2294311523438,542.5036010742188,178674
2015-12-02,576.3374633789062,581.0745849609375,576.0211181640625,579.6318359375,545.7069091796875,387497
2015-12-03,577.6027221679688,584.0371704101562,574.8252563476562,577.7184448242188,543.9054565429688,586229
2015-12-04,575.6970825195312,579.4080810546875,571.6929321289062,573.9380493164062,540.3463745117188,271368
2015-12-07,574.79443359375,584.8087158203125,574.79443359375,581.7303466796875,547.6826171875,339500
2015-12-08,580.2258911132812,581.68408203125,575.681640625,576.9315185546875,543.16455078125,84334
2015-12-09,575.72021484375,577.9190673828125,569.53271484375,571.0757446289062,537.651611328125,407205
2015-12-10,570.9214477539062,573.8531494140625,564.749267578125,572.6959228515625,539.1769409179688,194513
2015-12-11,572.3101196289062,575.550537109375,556.5712280273438,558.7854614257812,526.0806884765625,202167
2015-12-14,556.8335571289062,573.8917236328125,553.3617553710938,563.437744140625,530.4606323242188,246644
2015-12-15,563.707763671875,570.76708984375,558.4228515625,568.429443359375,535.16015625,170495
2015-12-16,569.7255859375,575.550537109375,569.1006469726562,574.7404174804688,541.1017456054688,245024
2015-12-17,575.33447265625,578.6365966796875,571.6929321289062,576.5765991210938,542.8305053710938,267622
2015-12-18,574.3161010742188,580.9356689453125,568.892333984375,574.25439453125,540.6442260742188,478979
2015-12-21,574.3161010742188,575.550537109375,569.0543212890625,572.125,538.639404296875,111611
2015-12-22,572.1558227539062,577.5564575195312,567.9896850585938,574.8484497070312,541.2034301757812,330421
2015-12-23,575.8899536132812,578.8680419921875,574.1386108398438,576.8929443359375,543.1282958984375,171837
2015-12-24,577.4638671875,578.6365966796875,572.2329711914062,573.7914428710938,540.208251953125,105908
2015-12-28,574.0075073242188,575.5427856445312,568.1439819335938,570.1807861328125,536.8090209960938,138746
2015-12-29,570.9214477539062,580.9511108398438,566.724365234375,577.4638671875,543.6658325195312,400374
2015-12-30,578.3125610351562,578.3125610351562,571.098876953125,574.8792724609375,541.2324829101562,173392
2015-12-31,574.7789916992188,580.4727783203125,572.62646484375,579.3849487304688,545.4744873046875,378087
2016-01-01,577.5873413085938,584.8240966796875,576.322021484375,581.3754272460938,547.3484497070312,149348
2016-01-04,580.1873168945312,583.7285766601562,560.5985717773438,564.324951171875,531.2957763671875,429103
2016-01-05,565.1350708007812,569.6406860351562,559.5801391601562,564.6104125976562,531.5645751953125,214175
2016-01-06,564.594970703125,568.9154663085938,555.9000244140625,563.5765991210938,530.5914306640625,334983
2016-01-07,560.2744750976562,563.1985473632812,546.23291015625,548.886962890625,516.761474609375,543534
2016-01-08,550.87744140625,554.997314453125,542.3521728515625,551.7415161132812,519.448974609375,173431
2016-01-11,548.8560791015625,562.0567016601562,544.821044921875,558.9011840820312,526.1896362304688,334627
2016-01-12,559.1943969726562,563.3142700195312,540.4234008789062,547.721923828125,515.6646728515625,589249
2016-01-13,550.8619995117188,554.7118530273438,539.443603515625,544.2269897460938,512.374267578125,378449
2016-01-14,542.8382568359375,543.7409057617188,536.2032470703125,539.9373779296875,508.3358154296875,540915
2016-01-15,540.369384765625,543.4554443359375,530.6483154296875,540.6317138671875,508.98944091796875,374107
2016-01-18,541.6038208007812,546.9195556640625,537.082763671875,540.215087890625,508.5971374511719,409719
2016-01-19,538.5486450195312,545.1759643554688,537.8465576171875,543.5634765625,511.7496337890625,360945
2016-01-20,535.3854370117188,550.7926025390625,533.580078125,536.3806762695312,504.98712158203125,568115
2016-01-21,537.7848510742188,541.4495239257812,530.270263671875,532.6928100585938,501.51507568359375,294277
2016-01-22,533.9041137695312,540.215087890625,530.0311279296875,531.9290161132812,500.7960205078125,252827
2016-01-25,532.361083984375,537.7308349609375,529.2595825195312,531.5355834960938,500.4256591796875,378994
2016-01-27,528.0328979492188,537.5610961914062,526.983642578125,528.295166015625,497.3749084472656,607330
2016-01-28,530.8026123046875,532.0061645507812,512.4482421875,516.1669921875,485.9565734863281,953461
2016-01-29,517.1005249023438,531.4197998046875,517.1005249023438,523.6506958007812,493.00225830078125,588646
2016-02-01,541.9124145507812,550.8543090820312,527.716552734375,530.5557250976562,499.5031433105469,1164947
2016-02-02,533.271484375,536.8204345703125,526.6827392578125,530.67919921875,499.6193542480469,520248
2016-02-03,528.025146484375,534.3515625,525.4019775390625,526.4821166992188,495.6678771972656,458500
2016-02-04,528.6886596679688,533.4566040039062,525.2476806640625,529.7456665039062,498.740478515625,196308
2016-02-05,532.1913452148438,536.9747314453125,528.7041015625,534.374755859375,503.0986022949219,469336
2016-02-08,536.8204345703125,542.7070922851562,527.4156494140625,529.1747436523438,498.2029724121094,317997
2016-02-09,527.6934204101562,534.2821655273438,523.0874633789062,524.3373413085938,493.6487121582031,228284
2016-02-10,524.3218994140625,531.4197998046875,520.7728881835938,528.5498046875,497.6146240234375,229664
2016-02-11,528.333740234375,530.75634765625,517.3396606445312,523.419189453125,492.7843017578125,350641
2016-02-12,523.419189453125,524.931396484375,513.0654907226562,522.146240234375,491.58587646484375,234091
2016-02-15,524.622802734375,541.5961303710938,522.31591796875,535.8020629882812,504.4423828125,392020
2016-02-16,536.3575439453125,540.81689453125,527.6239624023438,530.9723510742188,499.8953857421875,165997
2016-02-17,532.1913452148438,540.022216796875,524.6073608398438,533.2406005859375,502.0308837890625,440224
2016-02-18,536.5118408203125,539.289306640625,526.945068359375,532.1141967773438,500.9703369140625,236573
2016-02-19,532.1913452148438,532.1913452148438,526.1735229492188,528.8892822265625,497.9342041015625,208032
2016-02-22,529.2595825195312,539.1041259765625,529.2595825195312,537.4222412109375,505.9678039550781,218239
2016-02-23,538.2863159179688,539.289306640625,521.54443359375,525.8340454101562,495.0577392578125,408669
2016-02-24,523.7046508789062,530.0311279296875,518.4738159179688,519.6619262695312,489.2469482421875,306772
2016-02-25,521.54443359375,526.34326171875,506.1295471191406,509.4239196777344,479.6081237792969,716900
2016-02-26,512.1319580078125,512.5948486328125,498.86187744140625,509.2927551269531,479.4846496582031,540740
2016-02-29,510.74322509765625,518.6126708984375,502.0328063964844,513.4666748046875,483.4142761230469,409466
2016-03-01,516.9153442382812,531.7284545898438,510.89752197265625,528.4649047851562,497.5346374511719,621251
2016-03-02,531.2655029296875,538.2091674804688,529.8150634765625,532.5770874023438,501.4061584472656,177747
2016-03-03,533.734375,544.5355834960938,530.8026123046875,539.5901489257812,508.00885009765625,323778
2016-03-04,539.906494140625,544.8287963867188,532.3456420898438,542.421630859375,510.6745910644531,658962
2016-03-08,543.6869506835938,547.4673461914062,540.2228393554688,544.589599609375,512.7156372070312,377983
2016-03-09,544.6898803710938,563.514892578125,543.1468505859375,560.4133911132812,527.6133422851562,548057
2016-03-10,561.5089111328125,565.4899291992188,552.7136840820312,555.7225341796875,523.1969604492188,283986
2016-03-11,554.2026977539062,560.2744750976562,550.0905151367188,552.7830810546875,520.429443359375,267091
2016-03-14,554.2567138671875,559.78076171875,551.440673828125,553.5314331054688,521.1341552734375,309203
2016-03-15,553.4851684570312,559.8115844726562,547.0044555664062,547.86083984375,515.7954711914062,730801
2016-03-16,549.1646728515625,555.1284790039062,546.2174682617188,552.6056518554688,520.262451171875,217046
2016-03-17,555.4910888671875,564.7415771484375,554.4110107421875,560.9071655273438,528.078125,537526
2016-03-18,561.7017822265625,571.6929321289062,561.7017822265625,564.2786865234375,531.25244140625,479860
2016-03-21,565.0579223632812,578.6211547851562,561.6786499023438,576.206298828125,542.48193359375,956221
2016-03-22,577.0703735351562,582.7255859375,576.2757568359375,578.5131225585938,544.653564453125,401262
2016-03-23,584.9630126953125,590.5178833007812,582.03125,583.4199829101562,549.2733154296875,527455
2016-03-28,583.1036376953125,587.4318237304688,576.0751342773438,584.2686157226562,550.0722045898438,659734
2016-03-29,581.7689208984375,586.3363037109375,578.2739868164062,581.2597045898438,547.2394409179688,817080
2016-03-30,584.6544189453125,595.440185546875,582.825927734375,592.3155517578125,557.648193359375,869490
2016-03-31,592.8324584960938,596.1962890625,588.2188110351562,593.1641845703125,558.4472045898438,1310796
2016-04-01,588.049072265625,599.776123046875,588.049072265625,594.4989013671875,559.703857421875,278108
2016-04-04,599.776123046875,600.239013671875,594.37548828125,598.418212890625,563.3937377929688,366713
2016-04-05,596.9832153320312,599.737548828125,589.8930053710938,591.8063354492188,557.1688232421875,413653
2016-04-06,593.2259521484375,604.8681030273438,590.988525390625,603.7262573242188,568.3911743164062,762998
2016-04-07,607.1749267578125,607.1749267578125,601.7820434570312,603.3096313476562,567.998779296875,480327
2016-04-08,602.0134887695312,615.9779052734375,597.9244384765625,614.519775390625,578.5529174804688,759200
2016-04-11,616.1013793945312,621.6099853515625,604.0040283203125,618.2847290039062,582.0974731445312,644037
2016-04-12,617.3666381835938,625.0663452148438,614.2343139648438,623.6853637695312,587.1820678710938,572691
2016-04-13,624.156005859375,635.6052856445312,622.2811889648438,628.5613403320312,591.7726440429688,432324
2016-04-18,628.6307983398438,634.1856689453125,619.2260131835938,631.1998901367188,594.2567749023438,621439
2016-04-20,631.8711547851562,638.6604614257812,626.2776489257812,631.5702514648438,594.6054077148438,437943
2016-04-21,632.9666748046875,636.0681762695312,615.3607177734375,617.5980834960938,581.4509887695312,317673
2016-04-22,614.5891723632812,624.4182739257812,612.2206420898438,619.21826171875,582.976318359375,395909
2016-04-25,619.6812133789062,625.6990356445312,615.6693115234375,623.1838989257812,586.7098388671875,294038
2016-04-26,621.8414306640625,634.1856689453125,620.2984008789062,630.6829833984375,593.7700805664062,414113
2016-04-27,630.63671875,639.8948974609375,628.0135498046875,637.48779296875,600.1766357421875,513444
2016-04-28,635.7286987304688,638.0432739257812,630.328125,635.3738403320312,598.1864624023438,480256
2016-04-29,636.0296020507812,637.580322265625,625.6218872070312,630.59814453125,593.6903076171875,177105
2016-05-02,628.7850952148438,632.6426391601562,624.927490234375,628.1292724609375,591.3657836914062,104858
2016-05-03,631.25390625,644.817138671875,627.2420654296875,639.1928100585938,601.7819213867188,675922
2016-05-04,638.5061645507812,641.5767822265625,632.357177734375,639.4628295898438,602.0360717773438,343713
2016-05-05,642.51806640625,642.51806640625,632.010009765625,634.9957885742188,597.8305053710938,191253
2016-05-06,633.3987426757812,637.2640380859375,629.764892578125,634.5020141601562,597.3656616210938,214966
2016-05-09,638.0432739257812,643.1044311523438,630.3435668945312,637.912109375,600.5759887695312,736660
2016-05-10,637.912109375,660.417236328125,632.6426391601562,650.5109252929688,612.4374389648438,497754
2016-05-11,650.858154296875,663.4955444335938,646.2984619140625,658.0255126953125,619.5122680664062,1002248
2016-05-12,658.8742065429688,661.188720703125,651.1898803710938,657.1614379882812,618.6988525390625,276507
2016-05-13,655.7418212890625,657.7786254882812,642.36376953125,656.0581665039062,617.6600952148438,377387
2016-05-16,657.2848510742188,659.6456909179688,651.4830322265625,658.4961547851562,619.9554443359375,178304
2016-05-17,658.905029296875,665.0463256835938,656.7139282226562,660.7952270507812,622.1199340820312,272710
2016-05-18,659.6456909179688,659.6456909179688,655.7418212890625,658.2029418945312,619.679443359375,145842
2016-05-19,658.2569580078125,660.1163330078125,650.41064453125,656.1353149414062,617.7327880859375,343674
2016-05-20,655.0166015625,655.7880859375,648.0729370117188,649.114501953125,611.122802734375,146899
2016-05-23,651.899658203125,657.1768188476562,646.7305297851562,649.79345703125,611.7620849609375,176205
2016-05-24,649.7703247070312,666.4196166992188,646.9774169921875,662.0142211914062,623.2674560546875,183696
2016-05-25,665.9721069335938,671.9822387695312,662.5774536132812,670.207763671875,630.9815063476562,445856
2016-05-26,670.207763671875,672.761474609375,662.7317504882812,668.2866821289062,629.1729736328125,398812
2016-05-27,668.9038696289062,676.6190185546875,668.1477661132812,672.954345703125,633.5673828125,330855
2016-05-30,674.6516723632812,679.6047973632812,669.8297119140625,671.4884643554688,632.1873168945312,244097
2016-05-31,668.1323852539062,675.8475341796875,665.9335327148438,672.2908325195312,632.942626953125,580552
2016-06-01,672.31396484375,677.3905639648438,668.4486694335938,672.1442260742188,632.8046875,302255
2016-06-02,671.9899291992188,672.3988647460938,667.36083984375,669.8914184570312,630.6837158203125,423406
2016-06-03,669.8297119140625,674.25048828125,665.0694580078125,666.3964233398438,627.3932495117188,124048
2016-06-06,663.6961669921875,670.2926025390625,663.6961669921875,666.3810424804688,627.3788452148438,126050
2016-06-07,667.5460205078125,676.202392578125,665.8409423828125,667.6617431640625,628.5845336914062,762415
2016-06-08,669.6754150390625,672.607177734375,664.8765869140625,668.4564208984375,629.332763671875,237564
2016-06-09,669.0581665039062,672.2985229492188,661.188720703125,664.2362060546875,625.3595581054688,162725
2016-06-10,663.318115234375,670.516357421875,656.081298828125,665.2314453125,626.2964477539062,230455
2016-06-13,664.2747802734375,668.7033081054688,660.532958984375,665.3394775390625,626.398193359375,722376
2016-06-14,665.5092163085938,665.5092163085938,656.5905151367188,659.136474609375,620.5582885742188,335864
2016-06-15,661.535888671875,667.36083984375,660.8569946289062,665.910400390625,626.9357299804688,188713
2016-06-16,666.4349975585938,666.4349975585938,658.8818969726562,661.8753662109375,623.1368408203125,172543
2016-06-17,663.8118896484375,671.2184448242188,663.8118896484375,667.5768432617188,628.504638671875,537727
2016-06-20,663.5032958984375,669.6754150390625,655.7958374023438,666.720458984375,627.6983642578125,168460
2016-06-21,667.9472045898438,669.2124633789062,662.5851440429688,664.8148193359375,625.904296875,154540
2016-06-22,665.8178100585938,667.322265625,658.6967163085938,659.9388427734375,621.313720703125,1113775
2016-06-23,660.417236328125,665.0463256835938,658.9204711914062,663.4569702148438,624.6259155273438,367944
2016-06-24,655.7880859375,666.74365234375,654.2373657226562,662.1453857421875,623.3910522460938,1172879
2016-06-27,661.6207885742188,678.625,660.417236328125,674.0730590820312,634.62060546875,659546
2016-06-28,675.1531372070312,690.2748413085938,675.1531372070312,688.0374755859375,647.7677612304688,735941
2016-06-29,688.5852661132812,694.52587890625,686.6487426757812,690.2979736328125,649.8959350585938,749972
2016-06-30,693.98583984375,724.885009765625,690.5062866210938,719.9241943359375,677.7881469726562,1755467
2016-07-01,718.4351806640625,721.366943359375,714.0220947265625,716.4678344726562,674.5341796875,927421
2016-07-04,717.2007446289062,720.5953979492188,705.0570678710938,706.6926879882812,665.3311157226562,590253
2016-07-05,707.6339721679688,711.537841796875,698.2137451171875,700.2042846679688,659.222412109375,548530
2016-07-07,701.2921142578125,705.1651000976562,697.449951171875,702.1407470703125,661.0455932617188,365242
2016-07-08,700.8446044921875,706.44580078125,698.028564453125,700.6671752929688,659.6581420898438,992566
2016-07-11,702.557373046875,710.9900512695312,702.0790405273438,704.262451171875,663.0430908203125,662527
2016-07-12,705.1805419921875,726.860107421875,703.0125732421875,715.8969116210938,673.99658203125,890118
2016-07-13,716.5835571289062,717.9645385742188,710.5657348632812,714.1918334960938,672.3912963867188,461092
2016-07-14,714.0684204101562,736.7972412109375,712.270751953125,734.598388671875,691.6033935546875,1105687
2016-07-15,742.0435180664062,747.6832885742188,732.1681518554688,743.9877319335938,700.443359375,913591
2016-07-18,745.1141967773438,748.1693725585938,736.3343505859375,740.2844848632812,696.956787109375,370433
2016-07-19,744.5123901367188,744.5123901367188,732.2684326171875,734.4904174804688,691.5018920898438,424268
2016-07-20,738.3402709960938,750.1907348632812,736.5194702148438,747.0737915039062,703.3487548828125,1099135
2016-07-21,747.4441528320312,761.4857177734375,743.9954833984375,756.270263671875,712.007080078125,1079343
2016-07-22,756.5480346679688,763.7848510742188,748.5242919921875,754.6964111328125,710.5252075195312,824591
2016-07-25,755.3135986328125,758.0447998046875,746.9349365234375,750.0673217773438,706.1670532226562,655249
2016-07-26,750.0673217773438,756.5480346679688,747.9070434570312,749.365234375,705.5060424804688,405682
2016-07-27,749.365234375,759.0169067382812,748.8328857421875,751.471435546875,707.4890747070312,529665
2016-07-28,751.471435546875,758.9397583007812,743.8643188476562,746.4642944335938,702.7749633789062,1157527
2016-07-29,749.9130249023438,758.708251953125,746.3563232421875,755.2364501953125,711.0336303710938,653499
2016-08-01,757.936767578125,774.4472045898438,757.936767578125,769.67919921875,724.6310424804688,477579
2016-08-02,771.5154418945312,778.62109375,766.97119140625,770.2192993164062,725.1395263671875,822083
2016-08-03,770.743896484375,773.0584716796875,760.4750366210938,766.6394653320312,721.7692260742188,379214
2016-08-04,767.9664306640625,774.1154174804688,766.6780395507812,770.821044921875,725.7059936523438,673427
2016-08-05,773.0584716796875,827.2265625,771.3611450195312,812.4751586914062,764.9223022460938,1245334
2016-08-08,814.7202758789062,824.595703125,812.5755004882812,815.6615600585938,767.9221801757812,526463
2016-08-09,815.6461181640625,819.3185424804688,795.4324340820312,800.2698364257812,753.4313354492188,407107
2016-08-10,802.3760375976562,802.3760375976562,741.5189208984375,747.3670043945312,703.6248779296875,1733199
2016-08-11,746.672607421875,747.876220703125,696.7401733398438,700.4743041992188,659.4766235351562,3967801
2016-08-12,685.4219970703125,712.309326171875,641.2141723632812,703.8612670898438,662.6654052734375,13958165
2016-08-16,704.3936157226562,707.4411010742188,680.6309204101562,691.9876098632812,651.4866333007812,3278955
2016-08-17,691.27783203125,708.0968627929688,689.765625,697.4730834960938,656.651123046875,2076951
2016-08-18,697.912841796875,717.5016479492188,697.912841796875,713.9603881835938,672.1734008789062,1702111
2016-08-19,717.6636352539062,724.4530029296875,710.5888671875,714.8322143554688,672.9942626953125,1620110
2016-08-22,714.8322143554688,717.5093383789062,692.8208618164062,694.7110595703125,654.0507202148438,1723018
2016-08-23,692.8671264648438,705.9366455078125,690.406005859375,698.4683227539062,657.5880737304688,1658113
2016-08-24,699.1472778320312,710.203125,693.6694946289062,705.6511840820312,664.3505859375,1011366
2016-08-25,705.9366455078125,713.6517944335938,696.7787475585938,698.7384033203125,657.8423461914062,1746251
2016-08-26,702.0790405273438,705.381103515625,695.5983276367188,699.5253295898438,658.5831909179688,526736
2016-08-29,701.1531982421875,705.0108032226562,696.4469604492188,698.0440063476562,657.1885986328125,449226
2016-08-30,699.772216796875,730.59423828125,699.772216796875,722.6322021484375,680.3377075195312,1861926
2016-08-31,726.7675170898438,733.6109008789062,718.6820678710938,720.5568237304688,678.3837280273438,1267660
2016-09-01,717.6636352539062,728.9277954101562,706.8624267578125,710.372802734375,668.7957763671875,1081643
2016-09-02,714.1146850585938,715.96630859375,700.080810546875,711.8155517578125,670.1541748046875,1341988
2016-09-06,717.5016479492188,732.9242553710938,714.6547241210938,725.5099487304688,683.0470581054688,1047250
2016-09-07,723.3651733398438,727.5390625,715.3645629882812,716.8304443359375,679.0707397460938,828421
2016-09-08,718.5894775390625,743.7254638671875,717.9722290039062,736.94384765625,698.1248168945312,1683057
2016-09-09,736.94384765625,737.40673828125,723.8666381835938,726.2506103515625,687.9947509765625,749972
2016-09-12,719.0523681640625,724.6072998046875,706.2452392578125,715.1484985351562,677.4774169921875,694425
2016-09-14,715.1484985351562,731.0725708007812,714.4310302734375,727.9248046875,689.5806884765625,820275
2016-09-15,729.0820922851562,737.25244140625,724.8001708984375,729.552734375,691.1228637695312,758954
2016-09-16,732.9396362304688,751.99609375,732.9396362304688,748.8869018554688,709.4385986328125,1202004
2016-09-19,748.8869018554688,756.8180541992188,746.055419921875,749.6661376953125,710.1769409179688,555789
2016-09-20,750.0673217773438,760.683349609375,743.3551025390625,752.5284423828125,712.8883666992188,741035
2016-09-21,756.8566284179688,758.399658203125,749.5966796875,751.2477416992188,711.675048828125,666312
2016-09-22,757.628173828125,762.2418212890625,753.060791015625,760.3052978515625,720.2555541992188,697568
2016-09-23,760.7142333984375,767.8121337890625,753.5776977539062,756.000244140625,716.1771850585938,674523
2016-09-26,755.0050048828125,762.01806640625,745.438232421875,747.7141723632812,708.3275756835938,722752
2016-09-27,755.9154052734375,755.9154052734375,742.3907470703125,745.1141967773438,705.86474609375,451008
2016-09-28,745.1295776367188,755.8150634765625,742.51416015625,753.1842041015625,713.5095825195312,588737
2016-09-29,760.8685302734375,760.8685302734375,719.7930297851562,726.397216796875,688.133544921875,1997101
2016-09-30,726.7598266601562,750.314208984375,726.397216796875,746.2946166992188,706.9828491210938,866800
2016-10-03,750.6845092773438,760.9071044921875,749.2417602539062,756.115966796875,716.2869262695312,526904
2016-10-04,758.6851196289062,761.4625854492188,752.9990844726562,758.7545776367188,718.7864990234375,480858
2016-10-05,762.1029663085938,770.1961669921875,756.3937377929688,761.261962890625,721.1617431640625,752227
2016-10-06,766.8863525390625,786.1741943359375,762.4115600585938,778.6133422851562,737.59912109375,1656533
2016-10-07,783.088134765625,797.2840576171875,774.6015014648438,790.7647705078125,749.1104736328125,796485
2016-10-10,794.738037109375,799.8300170898438,780.0020751953125,782.856689453125,741.6189575195312,559497
2016-10-13,786.9457397460938,789.2988891601562,762.0258178710938,766.7320556640625,726.34375,906495
2016-10-14,770.743896484375,771.9397583007812,758.553955078125,767.7735595703125,727.3303833007812,926208
2016-10-17,769.2008666992188,771.2839965820312,746.171142578125,748.7943115234375,709.3509521484375,589639
2016-10-18,754.5421142578125,758.708251953125,749.9901733398438,755.3135986328125,715.5267333984375,538125
2016-10-19,759.5569458007812,763.64599609375,755.6607666015625,758.168212890625,718.2310791015625,735157
2016-10-20,763.49169921875,767.6578369140625,756.7409057617188,759.2483520507812,719.254150390625,516430
2016-10-21,761.4857177734375,762.6044311523438,746.9812622070312,749.6815185546875,710.1913452148438,383026
2016-10-24,752.9990844726562,753.9248657226562,744.5123901367188,749.9515991210938,710.447265625,513870
2016-10-25,751.841796875,753.7705688476562,742.7379150390625,750.6459350585938,711.10498046875,752371
2016-10-26,749.7586669921875,761.4857177734375,744.5895385742188,749.9515991210938,710.447265625,325716
2016-10-27,748.2927856445312,754.3106079101562,735.6399536132812,739.5361328125,700.5803833007812,1155961
2016-10-28,739.65185546875,755.9308471679688,734.6755981445312,744.7438354492188,705.5137329101562,1470425
2016-11-01,753.6934204101562,755.1978759765625,740.693359375,742.5450439453125,703.4307250976562,632709
2016-11-02,739.1117553710938,742.1978149414062,720.0553588867188,722.022705078125,683.9895629882812,748747
2016-11-03,720.6725463867188,726.7675170898438,691.625,701.8475952148438,664.8771362304688,1053749
2016-11-04,701.8475952148438,714.3847045898438,682.8297119140625,694.6339111328125,658.0433959960938,850844
2016-11-07,702.0790405273438,716.7378540039062,700.6131591796875,708.7140502929688,671.3819580078125,1203799
2016-11-08,709.794189453125,715.0791015625,697.064208984375,702.6190795898438,665.6080322265625,863163
2016-11-09,663.5418701171875,700.6131591796875,632.3726196289062,691.162109375,654.7545166015625,1700352
2016-11-10,703.6220703125,715.46484375,694.4410400390625,710.025634765625,672.6243286132812,736738
2016-11-11,702.0404663085938,712.7259521484375,687.4202270507812,693.5923461914062,657.0567016601562,2923496
2016-11-15,691.27783203125,694.4024658203125,626.1619262695312,632.1026000976562,598.8060913085938,1943296
2016-11-16,643.44384765625,645.3341064453125,615.8621826171875,630.13525390625,596.9423828125,946900
2016-11-17,633.1055908203125,640.3577880859375,629.1708374023438,632.4883422851562,599.1714477539062,689019
2016-11-18,634.0313720703125,636.345947265625,618.13818359375,631.5625610351562,598.2945556640625,885441
2016-11-21,635.6515502929688,635.6515502929688,603.2479248046875,607.5298461914062,575.527587890625,1414258
2016-11-22,610.5773315429688,623.9244995117188,607.259765625,621.4171142578125,588.6834106445312,1091699
2016-11-23,627.0106201171875,630.9453125,619.5269165039062,626.6633911132812,593.6533813476562,933245
2016-11-24,625.6990356445312,632.5269165039062,619.5269165039062,625.120361328125,592.191650390625,2164397
2016-11-25,625.6990356445312,637.271728515625,619.5654907226562,635.0343627929688,601.5834350585938,1418871
2016-11-28,634.9572143554688,655.0166015625,632.5269165039062,648.1115112304688,613.9716796875,942739
2016-11-29,649.615966796875,657.7940673828125,648.1886596679688,655.3251953125,620.8052978515625,802374
2016-11-30,658.1412353515625,675.3845825195312,649.615966796875,671.4498901367188,636.0806274414062,1572461
2016-12-01,675.0759887695312,681.2095336914062,665.2006225585938,673.494384765625,638.0173950195312,1399065
2016-12-02,668.1323852539062,678.1620483398438,666.2421264648438,673.378662109375,637.9077758789062,1604679
2016-12-05,677.1591186523438,678.8564453125,657.5240478515625,672.722900390625,637.2865600585938,612974
2016-12-06,676.1175537109375,682.0196533203125,668.5181274414062,674.4202270507812,638.89453125,606645
2016-12-07,677.6605834960938,679.705078125,671.2184448242188,676.2332763671875,640.6119995117188,1017384
2016-12-08,681.2481079101562,693.5923461914062,678.3163452148438,689.9662475585938,653.62158203125,1429123
2016-12-09,692.8208618164062,692.8208618164062,676.1561279296875,677.6605834960938,641.964111328125,2111817
2016-12-12,676.2332763671875,679.58935546875,656.9839477539062,664.8533935546875,629.8316650390625,556573
2016-12-13,663.5032958984375,665.9335327148438,649.615966796875,656.2124633789062,621.6458740234375,552178
2016-12-14,655.7880859375,665.0463256835938,652.4705810546875,656.4824829101562,621.9017333984375,374088
2016-12-15,652.5477294921875,659.6456909179688,639.0847778320312,641.4379272460938,607.6494750976562,721999
2016-12-16,644.5239868164062,644.8325805664062,628.3607177734375,630.7138671875,597.4904174804688,968447
2016-12-19,631.099609375,640.2806396484375,629.1708374023438,635.8444213867188,602.3507690429688,432188
2016-12-20,635.7286987304688,643.01953125,632.6426391601562,639.4705810546875,605.7857666015625,508097
2016-12-21,639.6634521484375,644.2153930664062,633.9156494140625,639.3934326171875,605.7127685546875,424268
2016-12-22,638.6604614257812,640.3577880859375,625.9304809570312,631.6011352539062,598.3309936523438,434629
2016-12-23,630.7138671875,641.9008178710938,627.2034912109375,639.2391357421875,605.566650390625,272789
2016-12-26,639.1233520507812,639.1233520507812,626.4319458007812,628.6693725585938,595.5535888671875,382658
2016-12-27,627.8978271484375,632.4111938476562,617.2509155273438,626.0076293945312,593.0320434570312,800041
2016-12-28,627.0106201171875,640.7050170898438,621.7257080078125,625.7761840820312,592.8128662109375,456126
2016-12-29,631.6397094726562,654.322265625,626.4705200195312,650.7732543945312,616.4932861328125,1755798
2016-12-30,648.0729370117188,670.4468994140625,647.7257690429688,665.6249389648438,630.5625,1077749
2017-01-02,669.6754150390625,675.8475341796875,663.4647216796875,673.764404296875,638.2733154296875,418300
2017-01-03,674.3045043945312,679.705078125,667.36083984375,670.5240478515625,635.2035522460938,281115
2017-01-04,670.9869995117188,675.8475341796875,665.0463256835938,668.9038696289062,633.6687622070312,223658
2017-01-05,669.6754150390625,679.396484375,663.2717895507812,667.9780883789062,632.791748046875,504004
2017-01-06,667.36083984375,667.36083984375,656.5596313476562,659.8385620117188,625.0809936523438,612062
2017-01-09,661.420166015625,667.74658203125,656.4439086914062,662.4231567382812,627.5294799804688,300830
2017-01-10,664.2747802734375,666.58935546875,652.8949584960938,654.43798828125,619.9649047851562,373768
2017-01-11,658.2569580078125,664.4676513671875,654.8623046875,661.883056640625,627.017822265625,447515
2017-01-12,662.0374145507812,666.2807006835938,656.2896118164062,660.0700073242188,625.30029296875,425330
2017-01-13,661.9602661132812,661.9988403320312,650.6189575195312,652.7406005859375,618.3569946289062,300108
2017-01-16,651.8533935546875,665.8949584960938,645.4884033203125,659.4528198242188,624.7155151367188,447541
2017-01-17,660.2243041992188,665.7406616210938,649.693115234375,652.2777099609375,617.91845703125,358153
2017-01-18,655.0166015625,670.1768798828125,651.6605224609375,667.43798828125,632.2800903320312,1677493
2017-01-19,670.2540283203125,670.2540283203125,661.9988403320312,667.20654296875,632.060791015625,1948333
2017-01-20,663.5032958984375,682.9454345703125,662.6546020507812,666.0492553710938,630.9644775390625,1047342
2017-01-23,667.16796875,684.3341674804688,663.1174926757812,681.7882080078125,645.8744506835938,1923500
2017-01-24,684.874267578125,707.4025268554688,682.6368408203125,703.12060546875,666.0831909179688,1723320
2017-01-25,701.3075561523438,727.0761108398438,698.221435546875,716.04345703125,678.3252563476562,4236177
2017-01-27,716.42919921875,724.9930419921875,713.6517944335938,718.4351806640625,680.5910034179688,897493
2017-01-30,722.6785278320312,775.79736328125,721.366943359375,748.0227661132812,708.6199951171875,5959967
2017-01-31,737.7230834960938,746.479736328125,699.5715942382812,702.5033569335938,665.4984130859375,4739617
2017-02-01,709.794189453125,729.0820922851562,709.794189453125,724.9930419921875,686.8033447265625,2141926
2017-02-02,729.0820922851562,737.1444091796875,719.5924682617188,734.6755981445312,695.9759521484375,1227311
2017-02-03,731.7824096679688,741.4263305664062,725.2244873046875,728.5419921875,690.1654052734375,853491
2017-02-06,742.0435180664062,742.9693603515625,726.6132202148438,729.1978149414062,690.7866821289062,836269
2017-02-07,732.5538940429688,739.88330078125,727.1533203125,733.209716796875,694.587158203125,765374
2017-02-08,733.364013671875,755.4678955078125,731.1651611328125,753.0762329101562,713.4072265625,1014482
2017-02-09,758.785400390625,758.785400390625,736.8743896484375,751.95751953125,712.3475952148438,963016
2017-02-10,780.0020751953125,790.3789672851562,770.821044921875,780.0792236328125,738.98779296875,8426063
2017-02-13,782.316650390625,786.9457397460938,769.3165893554688,771.7468872070312,731.094482421875,2536650
2017-02-14,774.9486694335938,783.088134765625,769.3551635742188,780.0020751953125,738.9146728515625,1971538
2017-02-15,781.5451049804688,797.7469482421875,771.2068481445312,776.607421875,735.6990356445312,2716241
2017-02-16,780.0020751953125,796.1267700195312,775.7587890625,792.3849487304688,750.6453857421875,1763308
2017-02-17,798.4413452148438,806.040771484375,790.9576416015625,802.8389282226562,760.5487060546875,1933919
2017-02-20,805.4620971679688,816.6105346679688,798.5184936523438,814.2188110351562,771.3291625976562,2258138
2017-02-21,822.0496826171875,828.6075439453125,814.7588500976562,824.2099609375,780.7940063476562,2181786
2017-02-22,825.521484375,831.230712890625,793.1950073242188,808.1624145507812,765.5917358398438,4070205
2017-02-23,808.5481567382812,813.8716430664062,786.2127685546875,790.7261352539062,749.0739135742188,5867730
2017-02-27,790.6489868164062,799.1356811523438,782.008056640625,785.6727294921875,744.2867431640625,2527780
2017-02-28,789.18310546875,801.2958984375,756.3937377929688,763.95458984375,723.7125244140625,32868975
2017-03-01,761.8714599609375,782.316650390625,752.8447265625,775.9130859375,735.0411376953125,2428889
2017-03-02,781.4679565429688,781.4679565429688,763.80029296875,767.7349853515625,727.2938842773438,1172165
2017-03-03,769.972412109375,793.6193237304688,764.18603515625,787.7172241210938,746.2235717773438,2025188
2017-03-06,790.8033447265625,793.6578979492188,769.1622924804688,774.6786499023438,733.8717651367188,1038638
2017-03-07,782.085205078125,782.085205078125,768.3522338867188,776.2216796875,735.3335571289062,1022014
2017-03-08,779.2305908203125,780.7736206054688,767.8507080078125,773.1741943359375,732.4466552734375,1010544
2017-03-09,772.2869262695312,782.239501953125,770.010986328125,778.8448486328125,737.8184204101562,1059449
2017-03-10,780.0406494140625,783.6668090820312,767.6578369140625,770.782470703125,730.1807861328125,834083
2017-03-14,783.8596801757812,800.0615234375,773.3284912109375,797.6697998046875,755.6517333984375,3842252
2017-03-15,797.7855224609375,822.4354248046875,793.1564331054688,808.9725341796875,766.359130859375,1468350
2017-03-16,813.9873657226562,817.8063354492188,805.6549682617188,810.5155639648438,767.8208618164062,1221856
2017-03-17,810.8627319335938,813.8330688476562,794.815185546875,803.4561767578125,761.1333618164062,1122134
2017-03-20,806.619384765625,825.521484375,797.5540771484375,819.6965942382812,776.518310546875,3200096
2017-03-21,825.521484375,846.6224365234375,814.8359985351562,842.494873046875,798.1156005859375,1588944
2017-03-22,840.1802978515625,843.497802734375,827.8746337890625,833.3138427734375,789.4183349609375,1482167
2017-03-23,837.8657836914062,845.4266357421875,831.8093872070312,842.417724609375,798.0426025390625,1737726
2017-03-24,844.8093872070312,847.2011108398438,814.7588500976562,816.4947509765625,773.485107421875,4762424
2017-03-27,817.6906127929688,824.86572265625,810.0911865234375,819.6580200195312,776.4817504882812,1160085
2017-03-28,823.2069702148438,824.75,810.4769287109375,822.2039794921875,778.8936157226562,820971
2017-03-29,825.521484375,825.521484375,811.9428100585938,816.2247314453125,773.2293701171875,981298
2017-03-30,817.0348510742188,829.6876831054688,811.6342163085938,824.17138671875,780.7573852539062,2821373
2017-03-31,825.6758422851562,827.0645141601562,807.352294921875,809.3197021484375,766.6880493164062,2084143
2017-04-03,812.521484375,817.7677612304688,806.310791015625,810.5541381835938,767.8573608398438,636615
2017-04-05,811.6342163085938,831.693603515625,811.6342163085938,821.8953857421875,778.6012573242188,1862780
2017-04-06,822.4354248046875,828.7233276367188,816.2633056640625,824.8271484375,781.3787231445312,1173525
2017-04-07,823.3612670898438,828.6075439453125,810.0911865234375,815.5689697265625,772.608154296875,1922756
2017-04-10,819.349365234375,843.420654296875,818.114990234375,841.4533081054688,797.12890625,1161536
2017-04-11,842.494873046875,847.1239624023438,833.3909912109375,839.6788330078125,795.447998046875,2100434
2017-04-12,843.266357421875,843.652099609375,813.0615234375,827.3345947265625,783.75390625,1318158
2017-04-13,827.3345947265625,829.2633666992188,808.5481567382812,810.5927124023438,767.89404296875,1230486
2017-04-17,820.0437622070312,830.227783203125,815.8775634765625,827.1802978515625,783.6078491210938,1093738
2017-04-18,827.9132080078125,842.494873046875,817.7677612304688,821.5482177734375,778.2724609375,2261188
2017-04-19,823.2069702148438,840.0260009765625,818.577880859375,834.9340209960938,790.953125,456089
2017-04-20,837.09423828125,887.8599853515625,834.8954467773438,885.275390625,838.6427612304688,2487243
2017-04-21,887.2427368164062,887.4741821289062,866.4118041992188,871.6195678710938,825.7062377929688,1038032
2017-04-24,869.6907958984375,918.4119873046875,869.6907958984375,910.46533203125,862.5057373046875,1488073
2017-04-25,910.38818359375,924.9698486328125,902.7116088867188,910.07958984375,862.140380859375,847232
2017-04-26,910.7739868164062,921.189453125,896.5780639648438,899.2783813476562,851.9080810546875,1381556
2017-04-27,904.216064453125,906.3377685546875,879.450439453125,888.9400634765625,842.1144409179688,2002092
2017-04-28,891.100341796875,916.560302734375,887.2427368164062,891.138916015625,844.1973266601562,922461
2017-05-02,897.1181640625,905.6819458007812,883.5780639648438,889.6730346679688,842.8087158203125,810301
2017-05-03,894.8035888671875,901.4385986328125,883.6937866210938,893.8005981445312,846.7188110351562,921778
2017-05-04,896.2308959960938,932.5307006835938,896.2308959960938,928.480224609375,879.5716552734375,2184596
2017-05-05,939.705810546875,939.705810546875,912.1241455078125,919.7235717773438,871.2762451171875,2238547
2017-05-08,922.5009765625,928.133056640625,911.3140258789062,914.0143432617188,865.8677368164062,740620
2017-05-09,913.5513916015625,921.92236328125,892.334716796875,900.8214111328125,853.3698120117188,1248297
2017-05-10,908.8451538085938,911.1211547851562,890.4830932617188,899.9341430664062,852.5293579101562,1444343
2017-05-11,901.2071533203125,906.2606201171875,891.100341796875,892.8748168945312,845.8417358398438,967000
2017-05-12,897.658203125,897.69677734375,883.8095092773438,886.6255493164062,839.9216918945312,697549
2017-05-15,888.0142822265625,908.8451538085938,888.0142822265625,904.8333129882812,857.17041015625,1817673
2017-05-16,904.9876098632812,910.9668579101562,893.4148559570312,900.0499267578125,852.6390380859375,1481230
2017-05-17,901.8244018554688,907.1092529296875,888.9786376953125,903.328857421875,855.7452392578125,1116002
2017-05-18,897.2724609375,904.177490234375,863.4800415039062,872.0438842773438,826.108154296875,1154901
2017-05-19,873.35546875,897.2724609375,848.6669921875,864.4444580078125,818.9090576171875,1837490
2017-05-22,870.2694091796875,874.8984985351562,850.8657836914062,854.4147338867188,809.40771484375,976835
2017-05-23,860.0082397460938,860.0082397460938,837.1328125,846.2752685546875,801.6968994140625,1626708
2017-05-24,852.5245361328125,861.01123046875,838.6758422851562,847.0082397460938,802.3912963867188,1883143
2017-05-25,848.6669921875,859.0824584960938,835.8983764648438,846.5838623046875,801.9892578125,7612469
2017-05-26,855.379150390625,863.5572509765625,842.649169921875,855.919189453125,810.8328857421875,1903284
2017-05-29,859.4682006835938,861.55126953125,841.7233276367188,853.1803588867188,808.2384033203125,944985
2017-05-30,854.839111328125,877.0587158203125,845.6966552734375,873.7412109375,827.7160034179688,1309674
2017-05-31,875.6699829101562,899.2012329101562,875.6699829101562,891.138916015625,844.1973266601562,9601080
2017-06-01,879.527587890625,891.678955078125,877.2130737304688,881.6878051757812,835.244140625,1000705
2017-06-02,887.2427368164062,897.1181640625,883.8480834960938,895.6137084960938,848.4364624023438,873719
2017-06-05,894.8807373046875,902.2872924804688,884.7738647460938,891.447509765625,844.48974609375,525135
2017-06-06,898.0439453125,901.9015502929688,871.0794677734375,876.1715087890625,830.0183715820312,808659
2017-06-07,882.9222412109375,882.9222412109375,871.5424194335938,878.948974609375,832.6495971679688,1575591
2017-06-08,878.756103515625,881.9964599609375,867.569091796875,869.2664184570312,823.4769287109375,956402
2017-06-09,871.4266967773438,871.8124389648438,853.6432495117188,859.2367553710938,813.9756469726562,1840871
2017-06-12,860.4325561523438,871.8124389648438,842.1862182617188,863.7501220703125,818.2513427734375,986395
2017-06-13,869.4207153320312,874.2813110351562,861.126953125,865.5631713867188,819.9688720703125,2065059
2017-06-14,865.7174682617188,869.8065185546875,851.8302001953125,861.55126953125,816.1682739257812,2283301
2017-06-15,861.16552734375,868.4177856445312,854.0675659179688,857.7322998046875,812.5504760742188,802407
2017-06-16,857.9251708984375,867.954833984375,857.2307739257812,862.6699829101562,817.22802734375,658389
2017-06-19,870.2308349609375,871.8124389648438,858.1951904296875,862.01416015625,816.6068115234375,953515
2017-06-20,867.800537109375,884.7352905273438,864.1744384765625,882.0350341796875,835.572998046875,1766776
2017-06-21,884.92822265625,885.08251953125,871.0794677734375,873.509765625,827.4968872070312,1170273
2017-06-22,875.6699829101562,917.8718872070312,870.2694091796875,904.447509765625,856.804931640625,3073243
2017-06-23,907.3021240234375,914.2457885742188,877.9845581054688,903.946044921875,856.3298950195312,1734271
2017-06-27,912.7027587890625,942.4832763671875,903.444580078125,938.7028198242188,889.2557983398438,2976108
2017-06-28,935.4624633789062,940.554443359375,926.5900268554688,930.1775512695312,881.1796264648438,1507641
2017-06-29,943.1004638671875,947.4209594726562,930.4090576171875,939.0114135742188,889.548095703125,2878392
2017-06-30,948.9639892578125,977.5100708007812,947.4209594726562,958.29931640625,907.8200073242188,2987272
2017-07-03,958.22216796875,993.7118530273438,949.5426025390625,990.1629028320312,938.005126953125,1982716
2017-07-04,995.33203125,998.4180908203125,968.2518920898438,977.4714965820312,925.9823608398438,6346903
2017-07-05,975.889892578125,998.3409423828125,969.2548217773438,993.0946655273438,940.7825317382812,1340142
2017-07-06,995.13916015625,995.2548828125,976.429931640625,981.6762084960938,929.965576171875,1067814
2017-07-07,977.8958129882812,985.9195556640625,962.1954956054688,965.050048828125,914.215087890625,1175280
2017-07-10,967.4803466796875,975.0411987304688,958.68505859375,968.5990600585938,917.5772705078125,401612
2017-07-11,970.720703125,979.3616943359375,965.8987426757812,970.2578125,919.1486206054688,1795907
2017-07-12,974.4240112304688,981.7533569335938,969.7177734375,976.391357421875,924.9590454101562,1509733
2017-07-13,985.2252197265625,1008.3706665039062,985.0323486328125,993.2103881835938,940.8921508789062,2837551
2017-07-14,997.5694580078125,997.5694580078125,973.8839111328125,980.9047241210938,929.2347412109375,1982885
2017-07-17,991.3973388671875,1026.8870849609375,991.3973388671875,1008.0620727539062,954.9614868164062,5209394
2017-07-18,1010.6852416992188,1020.7149047851562,987.7326049804688,1008.9878540039062,955.8385620117188,7939176
2017-07-19,1065.8121337890625,1069.7464599609375,1008.1414184570312,1045.841552734375,990.7507934570312,6366813
2017-07-20,1057.7939453125,1075.623046875,1055.154541015625,1068.7005615234375,1012.4058227539062,2196435
2017-07-21,1070.7425537109375,1082.6949462890625,1048.82958984375,1056.8975830078125,1001.2244262695312,1593661
2017-07-24,1060.5828857421875,1066.75830078125,1041.060546875,1049.02880859375,993.7701416015625,895251
2017-07-25,1048.82958984375,1074.3780517578125,1048.48095703125,1071.290283203125,1014.8592529296875,1074840
2017-07-26,1070.7425537109375,1071.439697265625,1062.325927734375,1065.5133056640625,1009.3863525390625,763390
2017-07-27,1070.7425537109375,1075.72265625,1063.272216796875,1066.40966796875,1010.2356567382812,1398812
2017-07-28,1063.471435546875,1080.951904296875,1060.8319091796875,1067.15673828125,1010.943115234375,599339
2017-07-31,1065.7623291015625,1078.6112060546875,1059.7860107421875,1066.0113525390625,1009.8582763671875,921924
2017-08-01,1060.7821044921875,1097.6356201171875,1060.7821044921875,1095.0458984375,1037.36328125,1116661
2017-08-02,1085.68310546875,1106.5999755859375,1082.8443603515625,1100.7730712890625,1042.7889404296875,581586
2017-08-03,1105.6038818359375,1127.2677001953125,1096.8885498046875,1121.73974609375,1062.651123046875,930797
2017-08-04,1124.5286865234375,1125.524658203125,1101.9185791015625,1121.83935546875,1062.745361328125,360246
2017-08-07,1121.83935546875,1132.6961669921875,1116.560302734375,1120.64404296875,1061.613037109375,700765
2017-08-08,1109.4385986328125,1128.0147705078125,1100.4244384765625,1104.25927734375,1046.091552734375,655510
2017-08-09,1103.61181640625,1120.29541015625,1080.951904296875,1087.4759521484375,1030.192138671875,693680
2017-08-10,1082.6949462890625,1089.468017578125,1039.865234375,1066.50927734375,1010.3298950195312,2477540
2017-08-11,1050.8216552734375,1074.5772705078125,1035.383056640625,1056.5489501953125,1000.8943481445312,1142027
2017-08-14,1065.9117431640625,1113.1240234375,1065.9117431640625,1104.25927734375,1046.091552734375,1361312
2017-08-16,1112.576171875,1118.8013916015625,1084.88623046875,1102.1177978515625,1044.062744140625,1167816
2017-08-17,1095.6434326171875,1104.06005859375,1088.4222412109375,1096.3406982421875,1038.58984375,742436
2017-08-18,1091.6593017578125,1112.576171875,1076.220703125,1093.701171875,1036.0894775390625,745456
2017-08-21,1107.097900390625,1125.225830078125,1092.6553955078125,1107.048095703125,1048.7332763671875,1302653
2017-08-22,1115.5643310546875,1124.4788818359375,1104.40869140625,1109.8370361328125,1051.3751220703125,1198830
2017-08-23,1115.5643310546875,1120.54443359375,1107.097900390625,1114.6180419921875,1055.9046630859375,537994
2017-08-24,1116.560302734375,1136.9293212890625,1116.062255859375,1129.95703125,1070.435546875,1424297
2017-08-28,1138.47314453125,1144.847900390625,1130.5048828125,1138.47314453125,1078.5029296875,868389
2017-08-29,1141.4613037109375,1145.0469970703125,1119.1998291015625,1128.3634033203125,1068.9259033203125,861281
2017-08-30,1135.933349609375,1182.7969970703125,1134.040771484375,1168.4041748046875,1106.857421875,1524425
2017-08-31,1190.2672119140625,1195.2474365234375,1167.009765625,1190.4664306640625,1127.757568359375,1392268
2017-09-01,1205.2078857421875,1233.296142578125,1148.43359375,1166.11328125,1104.6871337890625,3427305
2017-09-04,1164.3702392578125,1179.310791015625,1152.218505859375,1165.814453125,1104.404052734375,890744
2017-09-05,1163.3741455078125,1181.3028564453125,1160.834228515625,1175.27685546875,1113.3681640625,958209
2017-09-06,1174.33056640625,1186.2830810546875,1161.531494140625,1181.5518798828125,1119.3126220703125,828654
2017-09-07,1177.5179443359375,1218.4552001953125,1177.5179443359375,1207.349365234375,1143.751220703125,1365858
2017-09-08,1205.1580810546875,1212.18017578125,1190.2672119140625,1204.9090576171875,1146.6419677734375,828807
2017-09-11,1210.18798828125,1233.096923828125,1205.2078857421875,1227.8677978515625,1168.4906005859375,934212
2017-09-12,1229.11279296875,1271.3946533203125,1229.11279296875,1252.6192626953125,1192.0452880859375,1492771
2017-09-13,1251.922119140625,1262.6793212890625,1217.8077392578125,1224.680419921875,1165.457275390625,590214
2017-09-14,1230.10888671875,1245.0494384765625,1197.837158203125,1228.26611328125,1168.86962890625,998835
2017-09-15,1233.096923828125,1259.890380859375,1221.5926513671875,1235.1885986328125,1175.4573974609375,9867112
2017-09-18,1241.0653076171875,1250.975830078125,1219.4013671875,1224.829833984375,1165.599609375,535991
2017-09-19,1226.0748291015625,1232.0511474609375,1212.2298583984375,1216.014892578125,1157.2110595703125,459819
2017-09-20,1213.1761474609375,1228.86376953125,1208.8931884765625,1216.512939453125,1157.68505859375,551806
2017-09-21,1217.1602783203125,1233.843994140625,1188.872802734375,1196.741455078125,1138.8695068359375,773760
2017-09-22,1190.1177978515625,1190.1177978515625,1167.4080810546875,1171.641357421875,1114.9832763671875,500564
2017-09-25,1163.4737548828125,1165.9638671875,1127.0186767578125,1136.1822509765625,1081.2388916015625,1071664
2017-09-26,1141.4613037109375,1141.4613037109375,1120.1461181640625,1125.972900390625,1071.52294921875,1764650
2017-09-27,1137.4771728515625,1137.6265869140625,1103.96044921875,1113.1240234375,1059.295654296875,1147422
2017-09-28,1109.0899658203125,1139.96728515625,1096.7391357421875,1123.1341552734375,1068.82177734375,1683695
2017-09-29,1133.4432373046875,1137.2779541015625,1117.556396484375,1129.458984375,1074.8406982421875,944999
2017-10-03,1140.16650390625,1159.8880615234375,1133.5926513671875,1154.5093994140625,1098.6795654296875,648520
2017-10-04,1153.114990234375,1155.8541259765625,1139.51904296875,1145.5450439453125,1090.14892578125,210926
2017-10-05,1144.449462890625,1162.627197265625,1136.4810791015625,1156.0533447265625,1100.14892578125,368128
2017-10-06,1163.1749267578125,1164.1212158203125,1140.7142333984375,1147.23828125,1091.7603759765625,377535
2017-10-09,1150.4256591796875,1159.3900146484375,1142.1585693359375,1151.969482421875,1096.2626953125,253835
2017-10-10,1155.4058837890625,1175.02783203125,1135.534912109375,1149.3798828125,1093.79833984375,1006981
2017-10-11,1157.49755859375,1170.645263671875,1142.4573974609375,1145.3458251953125,1089.95947265625,490807
2017-10-12,1146.5411376953125,1154.0113525390625,1122.6859130859375,1131.5506591796875,1076.8311767578125,587292
2017-10-13,1132.4969482421875,1147.0889892578125,1124.777587890625,1142.6068115234375,1087.3526611328125,920668
2017-10-16,1150.3260498046875,1159.3900146484375,1136.6802978515625,1137.9752197265625,1082.945068359375,645842
2017-10-17,1138.27392578125,1147.935546875,1124.927001953125,1130.0068359375,1075.362060546875,688736
2017-10-18,1130.1064453125,1144.9971923828125,1117.357177734375,1142.1087646484375,1086.8790283203125,339736
2017-10-19,1141.4613037109375,1147.4375,1123.5325927734375,1134.140380859375,1079.295654296875,101971
2017-10-23,1140.4652099609375,1183.294921875,1120.0465087890625,1177.3685302734375,1120.43359375,648221
2017-10-24,1175.87451171875,1203.2158203125,1171.740966796875,1176.17333984375,1119.2958984375,594993
2017-10-25,1187.2293701171875,1220.1484375,1175.27685546875,1206.950927734375,1148.5853271484375,960327
2017-10-26,1206.950927734375,1214.470947265625,1184.6396484375,1188.773193359375,1131.2864990234375,420582
2017-10-27,1194.05224609375,1205.2078857421875,1176.7210693359375,1182.0001220703125,1124.841064453125,540996
2017-10-30,1185.2869873046875,1199.1319580078125,1185.2869873046875,1193.65380859375,1135.93115234375,403677
2017-10-31,1192.25927734375,1231.3040771484375,1192.25927734375,1222.2401123046875,1163.13525390625,1071072
2017-11-01,1227.0709228515625,1250.2288818359375,1211.78173828125,1242.360107421875,1182.2823486328125,1146430
2017-11-02,1249.0335693359375,1294.8514404296875,1248.9837646484375,1288.327392578125,1226.0264892578125,1198653
2017-11-03,1291.86328125,1294.8016357421875,1267.8089599609375,1282.79931640625,1220.765869140625,733882
2017-11-06,1279.9107666015625,1289.8712158203125,1276.1756591796875,1281.5045166015625,1219.53369140625,370730
2017-11-07,1289.8712158203125,1289.8712158203125,1224.132568359375,1251.125244140625,1190.6231689453125,671170
2017-11-08,1253.0177001953125,1255.009765625,1233.196533203125,1248.5853271484375,1188.2064208984375,306692
2017-11-09,1251.025634765625,1253.1671142578125,1207.7974853515625,1222.4393310546875,1163.3248291015625,440253
2017-11-10,1222.4393310546875,1254.0137939453125,1210.23779296875,1241.1649169921875,1181.14453125,656841
2017-11-13,1242.360107421875,1247.78857421875,1212.18017578125,1220.1484375,1161.14453125,350354
2017-11-14,1207.199951171875,1234.441650390625,1186.1834716796875,1201.87109375,1143.7510986328125,966937
2017-11-15,1195.2474365234375,1195.2474365234375,1158.9915771484375,1174.13134765625,1117.352783203125,546891
2017-11-16,1175.32666015625,1189.719482421875,1150.4754638671875,1155.4556884765625,1099.580322265625,809174
2017-11-17,1173.7828369140625,1189.271240234375,1168.3543701171875,1172.2388916015625,1115.5518798828125,1212747
2017-11-20,1165.3662109375,1187.577880859375,1155.9537353515625,1177.7669677734375,1120.8123779296875,971496
2017-11-21,1185.2869873046875,1188.773193359375,1157.94580078125,1164.0216064453125,1107.73193359375,641956
2017-11-22,1165.3662109375,1199.2315673828125,1163.2745361328125,1189.470458984375,1131.9500732421875,1176404
2017-11-23,1190.2672119140625,1208.1959228515625,1190.2672119140625,1204.6600341796875,1146.4052734375,624399
2017-11-24,1198.434814453125,1214.968994140625,1190.4166259765625,1196.841064453125,1138.964111328125,538080
2017-11-27,1194.25146484375,1198.036376953125,1182.2989501953125,1189.9683837890625,1132.424072265625,688819
2017-11-28,1184.291015625,1192.80712890625,1163.5733642578125,1170.894287109375,1114.272216796875,653737
2017-11-29,1170.346435546875,1186.9803466796875,1165.6650390625,1177.7669677734375,1120.8123779296875,685759
2017-11-30,1180.306884765625,1181.3028564453125,1161.033447265625,1165.2666015625,1108.9168701171875,1482422
2017-12-01,1172.3385009765625,1172.3385009765625,1139.61865234375,1145.8936767578125,1090.4805908203125,407769
2017-12-04,1145.4454345703125,1159.7386474609375,1121.59033203125,1131.5008544921875,1076.78369140625,808272
2017-12-05,1127.5167236328125,1135.086669921875,1104.45849609375,1111.4306640625,1057.6842041015625,653731
2017-12-06,1108.791259765625,1122.13818359375,1085.68310546875,1091.6094970703125,1038.8216552734375,733326
2017-12-07,1096.6395263671875,1117.556396484375,1090.613525390625,1115.2156982421875,1061.2862548828125,796563
2017-12-08,1119.9967041015625,1139.07080078125,1118.5523681640625,1129.55859375,1074.935546875,547309
2017-12-11,1134.389404296875,1136.1324462890625,1121.54052734375,1129.458984375,1074.8406982421875,630509
2017-12-12,1129.458984375,1130.654296875,1111.0323486328125,1114.9168701171875,1061.0018310546875,706887
2017-12-13,1113.07421875,1139.36962890625,1103.31298828125,1114.2196044921875,1060.33837890625,799545
2017-12-14,1118.5523681640625,1149.330078125,1092.6553955078125,1138.77197265625,1083.7032470703125,925404
2017-12-15,1146.4415283203125,1149.2802734375,1126.520751953125,1135.086669921875,1080.1962890625,850182
2017-12-18,1124.5286865234375,1142.6566162109375,1099.279052734375,1125.674072265625,1071.2388916015625,928296
2017-12-19,1125.624267578125,1137.4771728515625,1120.64404296875,1132.3475341796875,1077.589599609375,887084
2017-12-20,1127.5167236328125,1131.451171875,1115.6141357421875,1118.7017822265625,1064.603759765625,961730
2017-12-21,1129.857421875,1137.4273681640625,1118.4527587890625,1123.8314208984375,1069.4853515625,769163
2017-12-22,1125.723876953125,1136.9791259765625,1123.5325927734375,1129.658203125,1075.0303955078125,362352
2017-12-26,1133.4930419921875,1146.2423095703125,1129.55859375,1141.0130615234375,1085.8359375,422247
2017-12-27,1141.0130615234375,1148.8818359375,1130.5048828125,1135.634521484375,1080.7177734375,293065
2017-12-28,1136.4810791015625,1140.4652099609375,1118.7515869140625,1124.727783203125,1070.338134765625,297028
2017-12-29,1129.5087890625,1165.9638671875,1125.923095703125,1161.133056640625,1104.983154296875,693176
2018-01-01,1160.4359130859375,1165.1669921875,1136.3814697265625,1139.41943359375,1084.3197021484375,188269
2018-01-02,1143.951416015625,1149.5291748046875,1124.5286865234375,1135.036865234375,1080.148681640625,334784
2018-01-03,1129.5087890625,1144.798095703125,1119.6480712890625,1122.7357177734375,1068.4425048828125,670232
2018-01-04,1130.056640625,1170.844482421875,1123.9310302734375,1165.6650390625,1109.2960205078125,1012807
2018-01-05,1172.0396728515625,1214.1722412109375,1166.11328125,1209.3912353515625,1150.90771484375,1014661
2018-01-08,1208.1959228515625,1210.68603515625,1185.2869873046875,1198.235595703125,1140.29150390625,898877
2018-01-09,1199.7296142578125,1238.9736328125,1191.8111572265625,1232.598876953125,1172.9930419921875,1064611
2018-01-10,1235.9356689453125,1244.5513916015625,1219.3515625,1230.6068115234375,1171.09716796875,745166
2018-01-11,1240.0692138671875,1250.726806640625,1217.0108642578125,1239.0732421875,1179.1544189453125,755517
2018-01-12,1242.559326171875,1244.4517822265625,1207.050537109375,1216.8116455078125,1157.9693603515625,793507
2018-01-15,1218.2559814453125,1256.10546875,1216.8116455078125,1237.927734375,1178.0640869140625,1910875
2018-01-16,1238.0771484375,1253.0177001953125,1209.7398681640625,1224.132568359375,1164.93603515625,860989
2018-01-17,1225.128662109375,1250.0296630859375,1208.3951416015625,1243.057373046875,1182.945556640625,718085
2018-01-18,1244.7506103515625,1250.0296630859375,1198.235595703125,1212.7777099609375,1154.13037109375,593063
2018-01-19,1215.168212890625,1226.6724853515625,1180.406494140625,1218.7042236328125,1159.770263671875,746121
2018-01-22,1219.15234375,1236.9814453125,1201.2236328125,1234.391845703125,1174.69921875,426132
2018-01-23,1240.0692138671875,1242.609130859375,1211.18408203125,1218.5548095703125,1159.6278076171875,975410
2018-01-24,1220.1484375,1220.1484375,1190.5162353515625,1195.2972412109375,1137.4951171875,457560
2018-01-25,1190.2672119140625,1207.050537109375,1179.211181640625,1188.275146484375,1130.812744140625,889953
2018-01-29,1185.4364013671875,1196.0443115234375,1170.197021484375,1179.858642578125,1122.80322265625,647388
2018-01-30,1175.72509765625,1180.207275390625,1151.4217529296875,1158.6429443359375,1102.61328125,475080
2018-01-31,1155.4058837890625,1163.3243408203125,1138.22412109375,1155.4556884765625,1099.580322265625,484129
2018-02-01,1155.5054931640625,1194.3509521484375,1129.1104736328125,1184.19140625,1126.9263916015625,940721
2018-02-02,1175.32666015625,1178.2650146484375,1114.4188232421875,1124.3792724609375,1070.006591796875,755111
2018-02-05,1105.6038818359375,1119.8472900390625,1074.1290283203125,1093.701171875,1040.81201171875,1202620
2018-02-06,1062.774169921875,1073.8302001953125,1023.1318359375,1061.2303466796875,1009.9114990234375,1626128
2018-02-07,1067.75439453125,1086.18115234375,1047.3853759765625,1053.760009765625,1002.8023681640625,640357
2018-02-08,1054.805908203125,1110.8829345703125,1046.090576171875,1104.25927734375,1050.8597412109375,848646
2018-02-09,1083.1929931640625,1119.5484619140625,1070.7923583984375,1104.5579833984375,1051.1439208984375,801200
2018-02-12,1106.6995849609375,1132.0487060546875,1106.1019287109375,1127.8155517578125,1073.2767333984375,494226
2018-02-14,1124.5784912109375,1148.134765625,1111.9287109375,1122.28759765625,1068.0162353515625,1026475
2018-02-15,1125.524658203125,1139.46923828125,1094.6474609375,1099.279052734375,1046.1204833984375,703707
2018-02-16,1105.4046630859375,1111.978515625,1085.68310546875,1095.6932373046875,1042.7076416015625,415498
2018-02-19,1095.6932373046875,1103.06396484375,1077.3662109375,1085.38427734375,1032.8973388671875,404203
2018-02-20,1088.3226318359375,1119.5484619140625,1084.68701171875,1114.2196044921875,1060.33837890625,400838
2018-02-21,1119.5484619140625,1122.5863037109375,1095.6434326171875,1106.2015380859375,1052.7078857421875,404367
2018-02-22,1110.3350830078125,1117.506591796875,1098.233154296875,1106.0023193359375,1052.5184326171875,780080
2018-02-23,1108.592041015625,1137.3775634765625,1108.592041015625,1132.1981201171875,1077.447265625,463827
2018-02-26,1144.150634765625,1179.310791015625,1138.0748291015625,1175.92431640625,1119.0592041015625,818391
2018-02-27,1187.627685546875,1196.890869140625,1155.7047119140625,1167.30859375,1110.8599853515625,798997
2018-02-28,1158.5931396484375,1170.744873046875,1141.3118896484375,1148.134765625,1092.6134033203125,1100025
2018-03-01,1148.134765625,1182.2989501953125,1148.134765625,1161.979736328125,1105.788818359375,1141309
2018-03-05,1155.4058837890625,1160.684814453125,1133.4930419921875,1137.2281494140625,1082.234130859375,476050
2018-03-06,1144.449462890625,1146.2423095703125,1117.556396484375,1129.458984375,1074.8406982421875,498982
2018-03-07,1125.524658203125,1140.36572265625,1106.4505615234375,1110.4844970703125,1056.78369140625,679111
2018-03-08,1120.29541015625,1125.574462890625,1085.63330078125,1096.2908935546875,1043.276611328125,1001891
2018-03-09,1102.51611328125,1104.10986328125,1090.464111328125,1095.9920654296875,1042.9921875,759633
2018-03-12,1101.9683837890625,1108.741455078125,1095.9422607421875,1101.6197509765625,1048.3477783203125,800253
2018-03-13,1103.61181640625,1109.8868408203125,1093.8505859375,1104.8070068359375,1051.380859375,847122
2018-03-14,1102.1177978515625,1121.49072265625,1100.4742431640625,1117.307373046875,1063.2767333984375,973667
2018-03-15,1118.5523681640625,1126.520751953125,1097.6356201171875,1103.56201171875,1050.196044921875,969970
2018-03-16,1107.346923828125,1110.5343017578125,1085.78271484375,1089.218994140625,1036.5465087890625,1533339
2018-03-19,1089.218994140625,1100.3248291015625,1063.770263671875,1093.8505859375,1040.954345703125,855699
2018-03-20,1090.613525390625,1099.627685546875,1078.7108154296875,1091.7589111328125,1038.9635009765625,880833
2018-03-21,1090.962158203125,1099.129638671875,1080.951904296875,1090.364501953125,1037.6368408203125,835453
2018-03-22,1095.6434326171875,1095.6434326171875,1080.902099609375,1088.5716552734375,1035.9307861328125,1322686
2018-03-23,1066.75830078125,1083.1431884765625,1042.6541748046875,1078.3123779296875,1026.16748046875,947002
2018-03-26,1082.6949462890625,1084.43798828125,1044.596435546875,1076.3203125,1024.271728515625,1088350
2018-03-27,1075.822265625,1092.4063720703125,1060.8817138671875,1084.53759765625,1032.091552734375,737144
2018-03-28,1080.702880859375,1096.6395263671875,1036.528564453125,1046.7379150390625,996.119873046875,7172583
2018-04-02,1049.82568359375,1088.2728271484375,1040.861328125,1084.93603515625,1032.470703125,1471569
2018-04-03,1077.7147216796875,1088.2728271484375,1062.873779296875,1083.5914306640625,1031.19140625,906202
2018-04-04,1091.4600830078125,1091.5098876953125,1050.8216552734375,1055.154541015625,1004.12939453125,983760
2018-04-05,1073.5313720703125,1094.896484375,1061.3797607421875,1089.916259765625,1037.210205078125,988552
2018-04-06,1087.6751708984375,1098.133544921875,1077.416015625,1080.304443359375,1028.0633544921875,691793
2018-04-09,1088.6712646484375,1090.015869140625,1072.286376953125,1074.2286376953125,1022.2811279296875,488008
2018-04-10,1076.71875,1085.73291015625,1070.8421630859375,1077.615234375,1025.5040283203125,433103
2018-04-11,1078.7108154296875,1080.204833984375,1055.9014892578125,1064.4674072265625,1012.9918823242188,566323
2018-04-12,1063.770263671875,1063.919677734375,1055.3536376953125,1060.2342529296875,1008.963623046875,960329
2018-04-13,1060.0350341796875,1069.7464599609375,1055.8018798828125,1059.4375,1008.205322265625,623336
2018-04-16,1052.8138427734375,1092.9542236328125,1052.7640380859375,1088.0736083984375,1035.4566650390625,808907
2018-04-17,1090.663330078125,1094.6474609375,1072.834228515625,1090.414306640625,1037.6842041015625,471399
2018-04-18,1091.7589111328125,1096.1414794921875,1082.8443603515625,1088.5218505859375,1035.8831787109375,560217
2018-04-19,1089.667236328125,1110.5841064453125,1088.4222412109375,1099.777099609375,1046.5941162109375,1118667
2018-04-20,1096.3406982421875,1105.1556396484375,1080.702880859375,1096.4403076171875,1043.4189453125,355385
2018-04-23,1098.432373046875,1101.6695556640625,1077.7147216796875,1080.802490234375,1028.5369873046875,677070
2018-04-24,1085.78271484375,1093.3028564453125,1074.6768798828125,1076.12109375,1024.08203125,580420
2018-04-25,1073.2325439453125,1079.6571044921875,1044.845458984375,1058.142578125,1006.9730224609375,1548224
2018-04-26,1061.6785888671875,1070.6429443359375,1049.82568359375,1064.9654541015625,1013.4660034179688,719547
2018-04-27,1069.2484130859375,1084.68701171875,1064.9654541015625,1082.4957275390625,1030.1485595703125,838147
2018-04-30,1082.5455322265625,1095.6434326171875,1078.7606201171875,1089.368408203125,1036.68896484375,408559
2018-05-02,1094.6474609375,1110.4844970703125,1085.28466796875,1091.4102783203125,1038.6319580078125,2662170
2018-05-03,1094.5478515625,1102.1177978515625,1074.2286376953125,1083.1929931640625,1030.8121337890625,741605
2018-05-04,1084.68701171875,1084.68701171875,1065.0650634765625,1069.6468505859375,1017.9212036132812,584244
2018-05-07,1073.6309814453125,1078.1131591796875,1059.7860107421875,1072.734619140625,1020.8594970703125,808646
2018-05-08,1075.423828125,1100.5738525390625,1071.240478515625,1088.2728271484375,1035.646240234375,929372
2018-05-09,1081.898193359375,1093.4521484375,1077.31640625,1090.613525390625,1037.8736572265625,301697
2018-05-10,1080.802490234375,1095.1455078125,1071.041259765625,1088.7210693359375,1036.072998046875,938142
2018-05-11,1091.8585205078125,1104.45849609375,1078.1131591796875,1096.3905029296875,1043.371337890625,1046691
2018-05-14,1096.6893310546875,1102.51611328125,1086.52978515625,1095.7430419921875,1042.75537109375,966421
2018-05-15,1095.6434326171875,1099.528076171875,1079.3582763671875,1085.13525390625,1032.660400390625,1200842
2018-05-16,1075.822265625,1084.68701171875,1066.75830078125,1078.1131591796875,1025.977783203125,456957
2018-05-17,1078.1131591796875,1091.8087158203125,1072.236572265625,1078.9100341796875,1026.736328125,840761
2018-05-18,1078.7108154296875,1086.9281005859375,1053.809814453125,1058.640625,1007.4468383789062,771446
2018-05-21,1057.1964111328125,1067.10693359375,1025.9705810546875,1031.74755859375,981.8544311523438,941554
2018-05-22,1031.39892578125,1038.3712158203125,1006.9959716796875,1035.383056640625,985.3140258789062,638562
2018-05-23,1040.861328125,1054.805908203125,1022.982421875,1043.2020263671875,992.7550048828125,1851373
2018-05-24,1043.8494873046875,1050.72216796875,991.557373046875,1017.653564453125,968.4419555664062,1019279
2018-05-25,1021.9365844726562,1033.5902099609375,1003.2608032226562,1026.568115234375,976.9254150390625,1026099
2018-05-28,1036.877197265625,1065.7623291015625,1017.952392578125,1056.1505126953125,1005.0773315429688,625466
2018-05-29,1060.6824951171875,1071.738525390625,1046.2398681640625,1053.610595703125,1002.6600341796875,674917
2018-05-30,1041.9569091796875,1054.158447265625,1030.1041259765625,1037.3751220703125,987.2098999023438,731767
2018-05-31,1038.7696533203125,1089.268798828125,1024.9744873046875,1035.681884765625,985.5985107421875,1442657
2018-06-01,1040.76171875,1044.397216796875,1017.0061645507812,1024.6258544921875,975.0770263671875,913804
2018-06-04,1025.9207763671875,1041.1103515625,1011.3785400390625,1030.75146484375,980.906494140625,838646
2018-06-05,1028.9088134765625,1029.8551025390625,1009.436279296875,1020.1934814453125,970.8590087890625,673214
2018-06-06,1018.9484252929688,1038.5206298828125,1008.4402465820312,1030.0045166015625,980.1956787109375,597685
2018-06-07,1034.8851318359375,1052.8138427734375,1032.9427490234375,1039.4669189453125,989.200439453125,597047
2018-06-08,1035.881103515625,1035.881103515625,1019.9444580078125,1024.5262451171875,974.9822387695312,811956
2018-06-11,1026.169677734375,1055.8018798828125,1022.7333984375,1044.945068359375,994.4136962890625,418209
2018-06-12,1048.63037109375,1049.82568359375,1027.912841796875,1034.6859130859375,984.6506958007812,566513
2018-06-13,1034.7855224609375,1039.2677001953125,1027.414794921875,1032.8929443359375,982.9443969726562,423007
2018-06-14,1031.79736328125,1044.845458984375,1027.265380859375,1032.09619140625,982.18603515625,600430
2018-06-15,1019.9444580078125,1030.80126953125,1014.4662475585938,1027.713623046875,978.0155029296875,644251
2018-06-18,1030.75146484375,1030.90087890625,1012.0260009765625,1016.0599365234375,966.9254760742188,546427
2018-06-19,1011.9761962890625,1011.9761962890625,996.23876953125,1006.0995483398438,957.4466552734375,950187
2018-06-20,1011.8765869140625,1019.3468627929688,1000.023681640625,1013.27099609375,964.2713623046875,874428
2018-06-21,1012.9722290039062,1014.9642944335938,1003.0118408203125,1007.9421997070312,959.2002563476562,590148
2018-06-22,1005.9501342773438,1010.9801025390625,987.9716186523438,1006.3983764648438,957.7310791015625,709128
2018-06-25,1008.2410278320312,1016.5081787109375,998.0316162109375,1002.5635986328125,954.0816650390625,746981
2018-06-26,996.6371459960938,1035.781494140625,991.358154296875,1032.59423828125,982.66015625,822788
2018-06-27,1027.016357421875,1030.90087890625,1017.4544067382812,1021.6875610351562,972.2808837890625,1055043
2018-06-28,1011.8765869140625,1017.3049926757812,985.2822875976562,999.6253051757812,951.2855224609375,1697388
2018-06-29,1005.8007202148438,1010.9801025390625,993.2506103515625,1002.8624267578125,954.3660888671875,597236
2018-07-02,1000.023681640625,1004.0078735351562,978.16064453125,983.3898315429688,935.8350830078125,497257
2018-07-03,977.1148071289062,988.8182373046875,960.23193359375,981.945556640625,934.4607543945312,536261
2018-07-04,981.0989379882812,981.5969848632812,957.5426025390625,961.6263427734375,915.1240234375,909022
2018-07-05,962.0745849609375,970.3417358398438,948.2794189453125,964.763916015625,918.1099853515625,1563007
2018-07-06,968.0508422851562,989.9636840820312,961.0785522460938,984.6348876953125,937.0200805664062,800166
2018-07-09,987.5731811523438,990.959716796875,975.6207275390625,980.1527099609375,932.754638671875,883552
2018-07-10,985.8799438476562,995.0435180664062,973.678466796875,986.7265625,939.0106201171875,834588
2018-07-11,981.4973754882812,986.0791625976562,970.2421264648438,974.9235229492188,927.7782592773438,541620
2018-07-12,977.71240234375,981.0989379882812,952.2138061523438,956.3971557617188,910.1478881835938,790051
2018-07-13,957.5924072265625,962.1741943359375,928.010009765625,931.6455688476562,886.5931396484375,1117904
2018-07-16,933.2890625,933.9364624023438,910.579345703125,925.0219116210938,880.289794921875,602433
2018-07-17,919.344482421875,945.0422973632812,915.509765625,937.024169921875,891.7115478515625,668957
2018-07-18,940.1617431640625,949.2257080078125,929.5538940429688,939.8629150390625,894.4130859375,666174
2018-07-19,937.522216796875,943.0502319335938,921.8843994140625,932.0440063476562,886.9723510742188,596435
2018-07-20,933.388671875,941.0581665039062,924.22509765625,935.3807373046875,890.147705078125,473464
2018-07-23,935.2811279296875,951.2177734375,912.3721923828125,917.7508544921875,873.370361328125,1157661
2018-07-24,919.294677734375,998.0316162109375,919.294677734375,995.59130859375,947.4465942382812,3291693
2018-07-25,988.5692138671875,1001.9659423828125,964.763916015625,981.895751953125,934.4133911132812,1038419
2018-07-26,981.895751953125,1025.9207763671875,976.1187744140625,1020.1436767578125,970.8116455078125,2257565
2018-07-27,1014.06787109375,1025.9207763671875,996.03955078125,1021.3887329101562,971.9964599609375,654417
2018-07-30,1016.2093505859375,1022.783203125,1002.1153564453125,1016.7571411132812,967.5889282226562,721655
2018-07-31,1010.9801025390625,1036.379150390625,1007.1951904296875,1021.1397094726562,971.759521484375,720053
2018-08-01,1020.9405517578125,1032.8929443359375,1013.0220336914062,1026.269287109375,976.6409912109375,588560
2018-08-02,1022.9326171875,1023.9286499023438,996.6869506835938,1010.1832885742188,961.3329467773438,647523
2018-08-03,1011.8765869140625,1013.91845703125,998.0316162109375,1002.2149658203125,953.7499389648438,754022
2018-08-06,1007.7927856445312,1010.9801025390625,988.0712280273438,995.44189453125,947.3045043945312,626913
2018-08-07,1000.521728515625,1030.90087890625,995.69091796875,1014.8148803710938,965.7405395507812,1096324
2018-08-08,1020.6417236328125,1022.8330078125,1000.770751953125,1005.103515625,956.4987182617188,601676
2018-08-09,1009.9840698242188,1011.0797119140625,988.1210327148438,993.4000244140625,945.361328125,676108
2018-08-10,993.4000244140625,993.9478759765625,963.2200317382812,967.5029907226562,920.716552734375,942758
2018-08-13,964.9630737304688,994.0474853515625,953.7576293945312,982.9415893554688,935.4086303710938,1100381
2018-08-14,989.8640747070312,1000.023681640625,968.2500610351562,982.692626953125,935.171630859375,3366559
2018-08-16,982.742431640625,1005.9501342773438,977.86181640625,995.49169921875,947.3517456054688,3113819
2018-08-17,1001.0197143554688,1044.496826171875,997.0355834960938,1041.7080078125,991.3331298828125,2676173
2018-08-20,1040.861328125,1045.841552734375,1028.9088134765625,1035.731689453125,985.6458129882812,1487349
2018-08-21,1038.8692626953125,1065.7623291015625,1023.9286499023438,1061.1805419921875,1009.8640747070312,1757156
2018-08-23,1063.820068359375,1063.820068359375,1035.881103515625,1041.4091796875,991.0489501953125,935402
2018-08-24,1039.865234375,1063.770263671875,1028.9088134765625,1056.1007080078125,1005.030029296875,1700820
2018-08-27,1058.8896484375,1088.6712646484375,1058.8896484375,1074.1788330078125,1022.2337036132812,2010028
2018-08-28,1075.623046875,1084.43798828125,1059.0888671875,1067.85400390625,1016.2146606445312,693551
2018-08-29,1063.720458984375,1088.4222412109375,1061.3797607421875,1070.7425537109375,1018.963623046875,1042796
2018-08-30,1070.7425537109375,1076.51953125,1059.1884765625,1069.7464599609375,1018.0157470703125,1536621
2018-08-31,1062.276123046875,1072.734619140625,1054.805908203125,1063.272216796875,1017.729736328125,1386435
2018-09-03,1073.7305908203125,1073.7305908203125,1049.82568359375,1061.7283935546875,1016.2518310546875,910792
2018-09-04,1057.7939453125,1058.6904296875,1013.27099609375,1019.0978393554688,975.4474487304688,877486
2018-09-05,1019.7951049804688,1027.763427734375,1004.505859375,1024.0281982421875,980.1666259765625,695593
2018-09-06,1025.9207763671875,1034.6361083984375,1013.17138671875,1026.817138671875,982.8361206054688,544699
2018-09-07,1028.6099853515625,1031.34912109375,1011.4781494140625,1021.2891235351562,977.544921875,412093
2018-09-10,1020.7413330078125,1028.161865234375,1002.2149658203125,1012.0260009765625,968.6785278320312,586676
2018-09-11,1018.450439453125,1020.9903564453125,989.8640747070312,999.973876953125,957.1427612304688,1153543
2018-09-12,1010.7809448242188,1026.717529296875,992.2545776367188,1015.5618896484375,972.0630493164062,1002061
2018-09-14,1020.9405517578125,1062.325927734375,1020.0440673828125,1059.4873046875,1014.1068725585938,1046040
2018-09-17,1048.92919921875,1074.9259033203125,1039.865234375,1060.9813232421875,1015.5369873046875,745216
2018-09-18,1062.276123046875,1069.7464599609375,1049.87548828125,1062.624755859375,1017.1100463867188,1279989
2018-09-19,1057.3956298828125,1072.734619140625,1047.8336181640625,1063.969482421875,1018.3970947265625,1142569
2018-09-21,1067.25634765625,1077.7147216796875,994.0474853515625,1046.9869384765625,1002.1420288085938,1448316
2018-09-24,1046.9869384765625,1047.8336181640625,1010.2330932617188,1015.4124755859375,971.9199829101562,778313
2018-09-25,1018.9484252929688,1039.2677001953125,1004.0078735351562,1034.9847412109375,990.6538696289062,706138
2018-09-26,1038.0723876953125,1045.841552734375,1029.3570556640625,1040.76171875,996.18359375,1243973
2018-09-27,1038.8194580078125,1062.276123046875,1012.5737915039062,1021.4385375976562,977.6879272460938,1399326
2018-09-28,1026.916748046875,1032.39501953125,999.4260864257812,1017.4544067382812,973.8744506835938,1335579
2018-10-01,1016.9563598632812,1018.9484252929688,978.11083984375,994.7446899414062,952.1373901367188,929416
2018-10-03,989.0672607421875,989.2166748046875,958.4888305664062,965.6603393554688,924.298828125,1149381
2018-10-04,954.2058715820312,970.1425170898438,931.3965454101562,955.500732421875,914.574462890625,1438279
2018-10-05,956.1979370117188,956.1979370117188,913.4180297851562,919.095458984375,879.728515625,1305380
2018-10-08,912.3721923828125,921.1373901367188,897.431640625,917.4022216796875,878.1077270507812,1143017
2018-10-09,930.2012939453125,930.2012939453125,872.2816162109375,898.4774780273438,859.9935913085938,1506464
2018-10-10,898.4276733398438,911.3761596679688,889.6127319335938,906.04736328125,867.2393188476562,690655
2018-10-11,885.4791259765625,885.4791259765625,856.593994140625,874.871337890625,837.3984985351562,1648636
2018-10-12,888.8656616210938,897.431640625,875.5685424804688,891.5549926757812,853.3675537109375,1363306
2018-10-15,893.4474487304688,900.2205200195312,877.8096313476562,894.3438720703125,856.0369873046875,693087
2018-10-16,895.1407470703125,908.3880615234375,891.9534301757812,901.913818359375,863.2827758789062,1007765
2018-10-17,911.9738159179688,911.9738159179688,875.3693237304688,878.4570922851562,840.8307495117188,532063
2018-10-19,873.9251098632812,885.4293212890625,863.2674560546875,871.2855834960938,833.9663696289062,546874
2018-10-22,879.1044921875,881.7938232421875,848.6256713867188,853.9544677734375,817.3775634765625,685235
2018-10-23,843.6455078125,860.4785766601562,815.85595703125,822.6788330078125,787.4415283203125,1282815
2018-10-24,831.6929931640625,836.9222412109375,793.843505859375,805.7959594726562,771.2818603515625,1787079
2018-10-25,797.2300415039062,797.2300415039062,775.914794921875,781.5922241210938,748.1148681640625,2033250
2018-10-26,783.3850708007812,783.3850708007812,753.005859375,756.0438232421875,723.6607666015625,2645129
2018-10-29,760.6754150390625,785.377197265625,760.6754150390625,779.3511352539062,745.9697265625,3042871
2018-10-30,781.5922241210938,806.2442016601562,781.5424194335938,801.5628051757812,767.2299194335938,2898249
2018-10-31,802.708251953125,835.5775756835938,783.8831176757812,830.248779296875,794.6873779296875,2364900
2018-11-01,836.6234130859375,852.60986328125,816.90185546875,842.1016235351562,806.0324096679688,1061258
2018-11-02,853.5062866210938,859.5820922851562,837.9182739257812,844.2431030273438,808.0822143554688,2501173
2018-11-05,842.6494750976562,853.6058959960938,836.9720458984375,849.9703369140625,813.5640869140625,1315652
2018-11-06,853.3568725585938,858.5860595703125,839.063720703125,847.629638671875,811.3236083984375,509425
2018-11-07,856.593994140625,857.2911987304688,849.2731323242188,854.8509521484375,818.2357177734375,72810
2018-11-09,856.394775390625,866.5543823242188,850.9165649414062,864.5623168945312,827.5310668945312,622229
2018-11-12,864.5623168945312,870.9369506835938,845.6375732421875,857.3908081054688,820.666748046875,1113396
2018-11-13,858.1876831054688,876.5645751953125,853.5062866210938,872.7796630859375,835.396484375,1349306
2018-11-14,877.5108032226562,888.16845703125,864.5623168945312,872.8792724609375,835.4918212890625,1149492
2018-11-15,851.6138305664062,851.6138305664062,792.0506591796875,805.4971923828125,770.9959106445312,4485336
2018-11-16,812.7682495117188,834.38232421875,806.7920532226562,828.6052856445312,793.1141967773438,3796019
2018-11-19,832.6890258789062,858.3370971679688,826.7128295898438,846.0360107421875,809.7982788085938,3362650
2018-11-20,844.3427124023438,859.5820922851562,829.0037231445312,834.63134765625,798.8821411132812,1652045
2018-11-21,841.6533813476562,864.8113403320312,837.6692504882812,860.3291625976562,823.479248046875,930228
2018-11-22,861.57421875,862.4208374023438,837.2708129882812,840.0099487304688,804.0303344726562,638643
2018-11-26,843.6455078125,847.231201171875,827.8084716796875,842.0020141601562,805.9370727539062,857050
2018-11-27,840.6573486328125,859.0841064453125,836.3245849609375,857.191650390625,820.4761962890625,747988
2018-11-28,858.5860595703125,861.57421875,830.6969604492188,837.4700317382812,801.5991821289062,1000623
2018-11-29,839.6613159179688,853.6058959960938,834.08349609375,848.5260620117188,812.181640625,1445763
2018-11-30,851.6138305664062,869.2935180664062,847.430419921875,862.8192749023438,825.8626708984375,1751800
2018-12-03,866.2555541992188,879.5029296875,854.1038818359375,861.1259765625,824.2418823242188,1043986
2018-12-04,864.2634887695312,866.7536010742188,839.013916015625,842.3506469726562,806.2708740234375,653580
2018-12-05,839.8605346679688,839.8605346679688,813.0172729492188,822.7286376953125,787.4892578125,1211071
2018-12-06,818.7445068359375,822.7784423828125,789.4111328125,791.8514404296875,757.9345703125,1766716
2018-12-07,798.82373046875,805.7959594726562,789.958984375,799.1224975585938,764.8942260742188,896271
2018-12-10,786.8712158203125,793.0466918945312,774.9187622070312,787.2696533203125,753.5490112304688,595265
2018-12-11,780.89501953125,801.7620239257812,771.9306640625,797.3296508789062,763.1781616210938,991877
2018-12-12,801.8118286132812,812.7682495117188,794.142333984375,808.3358764648438,773.7129516601562,1235318
2018-12-13,815.7564086914062,834.58154296875,812.369873046875,826.1151733398438,790.730712890625,1182723
2018-12-14,846.6336059570312,849.3727416992188,832.1910400390625,843.8446655273438,807.7008666992188,1767542
2018-12-17,842.8984375,854.3529052734375,838.964111328125,842.9482421875,806.8428344726562,786318
2018-12-18,842.3506469726562,854.2034912109375,829.352294921875,850.9165649414062,814.4697875976562,620675
2018-12-19,855.5979614257812,872.5306396484375,847.779052734375,851.5142211914062,815.0418090820312,1537459
2018-12-20,844.2431030273438,852.65966796875,823.0274658203125,825.21875,789.8726806640625,2501968
2018-12-21,827.7088623046875,831.4938354492188,809.8797607421875,813.1666870117188,778.3367919921875,2419686
2018-12-24,807.041015625,825.3681640625,800.9652099609375,804.9493408203125,770.4714965820312,1308738
2018-12-26,804.7999267578125,818.9935302734375,791.9510498046875,816.00537109375,781.0540161132812,1078274
2018-12-27,824.7207641601562,824.7207641601562,807.5888671875,810.5271606445312,775.8104858398438,1137889
2018-12-28,811.672607421875,824.6709594726562,811.672607421875,821.334228515625,786.154541015625,931276
2018-12-31,826.7128295898438,830.8463745117188,819.7405395507812,822.3302612304688,787.1079711914062,657008
2019-01-01,824.2227172851562,831.4440307617188,820.2385864257812,830.198974609375,794.6395874023438,465132
2019-01-02,826.6132202148438,834.68115234375,809.5311279296875,812.270263671875,777.478759765625,825079
2019-01-03,814.7603149414062,815.7564086914062,794.8395385742188,796.5328369140625,762.4154663085938,963393
2019-01-04,798.92333984375,807.5888671875,789.859375,802.957275390625,768.5648193359375,1073253
2019-01-07,806.9912109375,821.5333862304688,804.7999267578125,817.3998413085938,782.3887329101562,1075850
2019-01-08,816.75244140625,836.1253662109375,808.0868530273438,833.2866821289062,797.594970703125,1027800
2019-01-09,836.6732177734375,840.9561767578125,823.2266845703125,831.9918212890625,796.3556518554688,4021049
2019-01-10,831.2946166992188,834.13330078125,815.7564086914062,816.9515991210938,781.9595947265625,823072
2019-01-11,819.2424926757812,829.352294921875,808.5848999023438,811.0252075195312,776.2870483398438,1222694
2019-01-14,811.772216796875,814.7603149414062,803.8038940429688,810.4773559570312,775.7626342773438,736948
2019-01-15,812.6686401367188,818.5950927734375,799.5209350585938,812.270263671875,777.478759765625,2636801
2019-01-16,817.5492553710938,838.1174926757812,817.5492553710938,823.0274658203125,787.7752685546875,1933812
2019-01-17,828.1570434570312,836.0755615234375,817.7484741210938,824.8203125,789.4913330078125,1001551
2019-01-18,825.6171875,831.2448120117188,814.9595336914062,821.6828002929688,786.4882202148438,963387
2019-01-21,824.7207641601562,824.7207641601562,808.7343139648438,812.4196166992188,777.6217041015625,508442
2019-01-22,808.7841186523438,809.4813232421875,797.0308227539062,801.1644287109375,766.8486938476562,759111
2019-01-23,802.409423828125,803.305908203125,773.9227294921875,779.0523071289062,745.6837158203125,1578782
2019-01-24,778.9028930664062,789.859375,774.9187622070312,782.6878662109375,749.1634521484375,1013460
2019-01-25,783.7835083007812,791.4530029296875,754.0517578125,756.5916137695312,724.1849975585938,995296
2019-01-28,759.9781494140625,759.9781494140625,724.3199462890625,729.8977661132812,698.634521484375,1270693
2019-01-29,719.1405639648438,740.655029296875,719.1405639648438,730.594970703125,699.3018188476562,995680
2019-01-30,736.0732421875,738.0653076171875,715.1563720703125,722.128662109375,691.1981811523438,1478483
2019-01-31,727.10888671875,730.5452270507812,711.6702270507812,718.14453125,687.3847045898438,2626649
2019-02-01,721.1824340820312,726.71044921875,706.0426025390625,716.1026000976562,685.4302368164062,1312658
2019-02-04,716.7500610351562,716.9990844726562,698.2236938476562,703.950927734375,673.7990112304688,1011716
2019-02-05,704.000732421875,711.1722412109375,695.235595703125,701.1620483398438,671.129638671875,1174129
2019-02-06,702.2576904296875,736.9198608398438,702.2576904296875,730.594970703125,699.3018188476562,1594160
2019-02-07,735.126953125,753.802734375,728.0053100585938,749.7687377929688,717.6544189453125,2860113
2019-02-08,756.9900512695312,761.0239868164062,705.5944213867188,715.1065673828125,684.4769287109375,4007263
2019-02-11,707.4868774414062,721.1326293945312,701.5604248046875,713.8117065429688,683.2374267578125,1185923
2019-02-12,714.1603393554688,725.0171508789062,707.1880493164062,716.0029907226562,685.3348999023438,1192381
2019-02-14,711.1722412109375,720.6345825195312,707.2876586914062,716.0527954101562,685.3826293945312,672164
2019-02-15,718.6425170898438,719.4891357421875,686.370849609375,703.950927734375,673.7990112304688,1363880
2019-02-18,709.13037109375,709.13037109375,691.05224609375,697.0782470703125,667.220703125,1163194
2019-02-19,699.7177734375,721.1326293945312,694.4387817382812,715.5050048828125,684.8583374023438,1777840
2019-02-20,718.4432983398438,730.594970703125,718.4432983398438,727.8060913085938,696.6324462890625,1114314
2019-02-21,723.4235229492188,748.673095703125,722.178466796875,744.83837890625,712.9352416992188,1728246
2019-02-22,744.04150390625,758.9821166992188,739.1111450195312,755.6951904296875,723.3269653320312,1529989
2019-02-25,758.9821166992188,778.4049072265625,747.0296630859375,775.566162109375,742.3468627929688,1908958
2019-02-26,770.9346313476562,782.5384521484375,759.5797729492188,777.9068603515625,744.5872802734375,1458212
2019-02-27,779.8491821289062,793.743896484375,773.2254638671875,779.3013305664062,745.9219360351562,1240465
2019-02-28,785.7755737304688,787.3692626953125,770.4365844726562,773.9725341796875,740.8214721679688,1299837
2019-03-01,777.4088745117188,791.4530029296875,774.9685668945312,788.6143188476562,754.8361206054688,1162654
2019-03-05,788.3652954101562,810.2283325195312,786.3234252929688,806.94140625,772.378173828125,1243759
2019-03-06,815.6567993164062,818.9437255859375,801.3137817382812,816.85205078125,781.8643188476562,1124423
2019-03-07,817.7484741210938,821.085205078125,805.2979736328125,806.9912109375,772.42578125,1125516
2019-03-08,807.041015625,809.1326904296875,794.142333984375,803.8536987304688,769.4227294921875,1272253
2019-03-11,805.7959594726562,828.6550903320312,805.0489501953125,824.2227172851562,788.9192504882812,1248687
2019-03-12,828.6052856445312,835.2787475585938,822.9278564453125,827.5096435546875,792.0654907226562,1277484
2019-03-13,828.7048950195312,830.8961791992188,817.7484741210938,819.8899536132812,784.7720947265625,607686
2019-03-14,819.8899536132812,834.08349609375,805.2979736328125,829.601318359375,794.067626953125,1068725
2019-03-15,834.78076171875,842.4502563476562,820.786376953125,826.5634155273438,791.1597900390625,1757076
2019-03-18,813.2662963867188,820.2385864257812,802.907470703125,815.3081665039062,780.3865356445312,2093037
2019-03-19,816.75244140625,829.501708984375,811.871826171875,819.0433349609375,783.9618530273438,1409808
2019-03-20,823.7246704101562,825.81640625,808.4354858398438,814.4117431640625,779.5286254882812,1418476
2019-03-22,817.7484741210938,825.716796875,811.373779296875,816.85205078125,781.8643188476562,1690259
2019-03-25,811.772216796875,813.7642822265625,804.7999267578125,812.170654296875,777.383544921875,989289
2019-03-26,816.75244140625,835.4779663085938,812.8678588867188,833.3862915039062,797.6904907226562,1081642
2019-03-27,839.6613159179688,841.0557861328125,821.7326049804688,825.318359375,789.968017578125,1139700
2019-03-28,825.318359375,838.1174926757812,820.437744140625,826.8622436523438,791.44580078125,1014970
2019-04-01,864.2136840820312,867.5504150390625,848.3766479492188,853.9544677734375,817.3775634765625,1728859
2019-04-02,853.9544677734375,856.195556640625,834.18310546875,842.3008422851562,806.2230834960938,1295996
2019-04-03,843.794921875,848.7252807617188,824.7207641601562,828.4060668945312,792.9234619140625,1019414
2019-04-04,830.8961791992188,837.3704223632812,822.1310424804688,831.5933837890625,795.9743041992188,1225060
2019-04-05,831.6929931640625,849.5220947265625,825.5673828125,845.5877685546875,809.3692626953125,2011181
2019-04-08,851.6138305664062,854.8011474609375,833.6851196289062,837.1213989257812,801.2655639648438,908700
2019-04-09,833.6851196289062,845.7371826171875,825.716796875,842.6494750976562,806.556884765625,682499
2019-04-10,835.6771850585938,850.3687744140625,834.9301147460938,843.9442749023438,807.796142578125,877653
2019-04-11,844.6415405273438,849.6217041015625,840.0099487304688,845.3885498046875,809.1785278320312,1063389
2019-04-12,849.0739135742188,857.4406127929688,836.8724365234375,850.0699462890625,813.6593627929688,1373569
2019-04-15,850.1197509765625,865.558349609375,849.2731323242188,862.5702514648438,825.6243896484375,959659
2019-04-16,866.4547729492188,881.4949951171875,862.6200561523438,880.0507202148438,842.356201171875,1639776
2019-04-18,883.885498046875,884.3834838867188,858.1876831054688,863.8153076171875,826.8160400390625,1051816
2019-04-22,863.0682373046875,867.9488525390625,851.71337890625,860.4785766601562,823.622314453125,875453
2019-04-23,860.5781860351562,870.33935546875,852.9086303710938,866.006591796875,828.9135131835938,1225779
2019-04-24,864.0642700195312,883.487060546875,846.2351684570312,877.0626220703125,839.4959716796875,1838840
2019-04-25,872.6302490234375,936.2771606445312,872.6302490234375,921.1373901367188,881.6829833984375,7163932
2019-04-26,922.7808227539062,930.3009033203125,894.5430908203125,909.8323364257812,870.8621215820312,2555157
2019-04-30,914.3643188476562,920.1412963867188,893.1984252929688,897.630859375,859.1832885742188,1450483
2019-05-02,896.4356079101562,903.5572509765625,887.81982421875,895.7383422851562,857.371826171875,1025462
2019-05-03,896.4356079101562,906.34619140625,878.0586547851562,895.0909423828125,856.7520751953125,1087362
2019-05-06,885.2301635742188,894.9415283203125,881.8436279296875,892.999267578125,854.75,876330
2019-05-07,896.4356079101562,903.3082275390625,862.0722045898438,868.8950805664062,831.6782836914062,1380816
2019-05-08,871.3353881835938,876.3156127929688,858.5860595703125,867.5006103515625,830.3435668945312,1175113
2019-05-09,860.5781860351562,869.5425415039062,853.6557006835938,865.558349609375,828.4845581054688,857472
2019-05-10,871.4848022460938,871.5346069335938,849.9205322265625,854.2034912109375,817.615966796875,635528
2019-05-13,850.9165649414062,851.0161743164062,830.049560546875,834.63134765625,798.8821411132812,655277
2019-05-14,836.8226318359375,847.878662109375,814.4615478515625,842.2012329101562,806.1278076171875,1346851
2019-05-15,842.6494750976562,843.6455078125,806.8916015625,811.572998046875,776.8114013671875,1304675
2019-05-16,811.772216796875,823.4259033203125,801.6624145507812,816.85205078125,781.8643188476562,1469175
2019-05-17,815.7564086914062,830.298583984375,811.0750122070312,825.6669921875,790.3016967773438,1781086
2019-05-20,839.6613159179688,890.4593505859375,839.6613159179688,886.7739868164062,848.7913818359375,1956895
2019-05-21,899.1248779296875,899.1248779296875,858.5860595703125,862.1718139648438,825.2429809570312,1270483
2019-05-22,865.159912109375,865.159912109375,845.6375732421875,853.9544677734375,817.3775634765625,1367357
2019-05-23,868.5464477539062,902.113037109375,858.1378784179688,883.0388793945312,845.2162475585938,3434175
2019-05-24,888.51708984375,910.927978515625,874.522705078125,906.44580078125,867.62060546875,2203557
2019-05-27,901.415771484375,955.9987182617188,892.999267578125,931.5957641601562,891.6932983398438,3436774
2019-05-28,934.2850952148438,934.2850952148438,904.1549072265625,907.3422241210938,868.4786376953125,5234595
2019-05-29,907.3920288085938,911.8742065429688,897.9794311523438,906.8939819335938,868.0496215820312,1357165
2019-05-30,908.3880615234375,916.1571655273438,895.1407470703125,907.8402099609375,868.9552612304688,2254269
2019-05-31,908.8860473632812,909.3840942382812,875.3195190429688,882.5906372070312,844.7872314453125,3001346
2019-06-03,886.5747680664062,893.3478393554688,881.4949951171875,891.5051879882812,853.3199462890625,1332908
2019-06-04,886.4751586914062,900.3201293945312,879.8016967773438,882.9890747070312,845.1686401367188,1001864
2019-06-06,886.3756103515625,886.3756103515625,848.9743041992188,866.106201171875,829.0089111328125,2895951
2019-06-07,868.5464477539062,873.8753051757812,853.5560913085938,867.9986572265625,830.8201904296875,1249774
2019-06-10,873.3274536132812,880.9471435546875,861.4248046875,877.4609985351562,839.8773803710938,1275597
2019-06-11,881.4451904296875,892.252197265625,873.0286254882812,886.5747680664062,848.6006469726562,1283479
2019-06-12,882.4910278320312,892.401611328125,873.8255004882812,884.7819213867188,846.8846435546875,825180
2019-06-13,880.4989624023438,903.9058837890625,866.2555541992188,901.017333984375,862.4246826171875,1522460
2019-06-14,900.4197387695312,903.0094604492188,889.3637084960938,895.4395141601562,857.0857543945312,1857932
2019-06-17,893.5470581054688,896.4356079101562,870.33935546875,875.8673706054688,838.3519287109375,1488586
2019-06-18,874.522705078125,880.3993530273438,862.5702514648438,876.1661987304688,838.6380004882812,889937
2019-06-19,879.5029296875,884.8815307617188,869.3931274414062,878.5567016601562,840.9262084960938,958111
2019-06-20,872.6800537109375,902.013427734375,866.5543823242188,897.232421875,858.8018188476562,1420675
2019-06-21,892.501220703125,910.180908203125,890.2103271484375,894.1945190429688,855.8939819335938,1835093
2019-06-24,897.033203125,905.69873046875,876.5147705078125,883.138427734375,845.3115844726562,1073598
2019-06-25,883.0388793945312,902.8600463867188,873.5764770507812,898.5770874023438,860.0889282226562,1024286
2019-06-26,893.5470581054688,916.3563842773438,893.5470581054688,915.509765625,876.29638671875,1837043
2019-06-27,921.2867431640625,934.0858764648438,912.4219970703125,918.1492309570312,878.82275390625,2084022
2019-06-28,921.1373901367188,923.72705078125,901.415771484375,910.479736328125,871.4818115234375,1685470
2019-07-01,915.8583374023438,922.3325805664062,901.864013671875,916.3563842773438,877.1066284179688,835610
2019-07-02,919.344482421875,926.1175537109375,911.7247924804688,916.1571655273438,876.9159545898438,1031893
2019-07-03,920.3405151367188,930.3009033203125,916.9539794921875,924.22509765625,884.6383666992188,1455304
2019-07-04,926.4163818359375,942.05419921875,921.9342041015625,937.870849609375,897.6996459960938,1411446
2019-07-05,939.2652587890625,945.7395629882812,913.4678344726562,923.3784790039062,883.8280639648438,1727064
2019-07-08,914.5634765625,916.3563842773438,874.472900390625,885.0309448242188,847.123046875,1897406
2019-07-09,883.487060546875,909.8821411132812,879.0048828125,907.3422241210938,868.4786376953125,1308607
2019-07-10,904.1051025390625,915.2607421875,901.166748046875,909.8323364257812,870.8621215820312,994282
2019-07-11,916.2567749023438,920.9879760742188,906.04736328125,915.6093139648438,876.3916625976562,786557
2019-07-12,916.3563842773438,924.17529296875,907.6410522460938,912.4219970703125,873.3408203125,1144580
2019-07-15,915.3603515625,923.92626953125,912.3721923828125,918.6472778320312,879.2994995117188,667808
2019-07-16,919.942138671875,933.6376342773438,915.01171875,926.8147583007812,887.1170654296875,1212769
2019-07-17,925.7191162109375,935.2811279296875,917.8006591796875,923.0298461914062,883.4942626953125,573073
2019-07-18,921.2867431640625,922.7808227539062,901.864013671875,904.1051025390625,865.3801879882812,695443
2019-07-19,911.3761596679688,921.3365478515625,871.5346069335938,876.4649658203125,838.9239501953125,1237552
2019-07-22,875.5187377929688,891.6047973632812,859.6817016601562,888.61669921875,850.5551147460938,901037
2019-07-23,888.9652709960938,894.8917236328125,875.3195190429688,880.0009155273438,842.3084716796875,699653
2019-07-24,876.5147705078125,882.1423950195312,862.6698608398438,874.970947265625,837.4939575195312,1007667
2019-07-25,875.020751953125,882.3914184570312,859.7813110351562,865.209716796875,828.1507568359375,973080
2019-07-26,866.6041870117188,876.4151611328125,863.6160888671875,871.4848022460938,834.1571044921875,710409
2019-07-29,870.53857421875,872.4808349609375,786.0245971679688,792.4988403320312,758.5542602539062,5696289
2019-07-30,787.8672485351562,813.7642822265625,754.9979858398438,759.5299682617188,726.99755859375,5231380
2019-07-31,756.9900512695312,788.5645141601562,753.50390625,785.227783203125,751.5946655273438,2581491
2019-08-01,773.9227294921875,779.8989868164062,761.3228149414062,771.482421875,738.43798828125,1038747
2019-08-02,768.9425048828125,783.7337036132812,748.0755004882812,774.9187622070312,741.7271118164062,1934553
2019-08-05,769.8389282226562,769.8389282226562,743.6929321289062,746.4818115234375,714.50830078125,1103201
2019-08-06,739.4597778320312,767.348876953125,737.0692749023438,758.484130859375,725.9965209960938,1519811
2019-08-07,754.8485717773438,759.9781494140625,730.0969848632812,735.0274047851562,703.5444946289062,1638212
2019-08-08,736.0732421875,739.907958984375,713.263916015625,734.5293579101562,709.8006591796875,2507054
2019-08-09,736.0732421875,763.9623413085938,736.0732421875,743.5435180664062,718.5113525390625,2047215
2019-08-13,745.03759765625,747.0296630859375,702.9050903320312,706.8394775390625,683.0430297851562,1359604
2019-08-14,706.8394775390625,741.7008666992188,706.1920166015625,731.591064453125,706.9613647460938,2963050
2019-08-16,722.228271484375,754.3505249023438,716.4014282226562,749.270751953125,724.0458374023438,2553356
2019-08-19,753.9521484375,756.7908325195312,728.4036865234375,729.4495239257812,704.891845703125,1635566
2019-08-20,735.0771484375,735.326171875,716.9990844726562,726.36181640625,701.9081420898438,1410059
2019-08-21,724.2203369140625,727.00927734375,692.2474975585938,696.0324096679688,672.599853515625,1967583
2019-08-22,689.1597290039062,705.9927978515625,678.5519409179688,685.822998046875,662.734130859375,2280042
2019-08-23,688.6617431640625,737.0692749023438,677.356689453125,716.6006469726562,692.4756469726562,3111181
2019-08-26,721.4314575195312,738.0653076171875,702.3074951171875,734.3799438476562,709.6563720703125,1845859
2019-08-27,741.0534057617188,746.7806396484375,718.044921875,721.0828247070312,696.8069458007812,2236661
2019-08-28,722.576904296875,729.7981567382812,705.2955932617188,710.6741943359375,686.7485961914062,1400013
2019-08-29,710.6741943359375,710.6741943359375,692.2474975585938,706.0426025390625,682.2730712890625,1518734
2019-08-30,710.1762084960938,713.164306640625,696.2814331054688,708.1343383789062,684.2943115234375,1424457
2019-09-03,703.2039184570312,709.08056640625,690.65380859375,693.4925537109375,670.1454467773438,2362487
2019-09-04,695.235595703125,699.1201782226562,685.773193359375,691.30126953125,668.0278930664062,1523360
2019-09-05,691.4506225585938,702.8054809570312,688.8609619140625,694.3391723632812,670.963623046875,1190309
2019-09-06,699.369140625,708.63232421875,696.8790893554688,700.9130249023438,677.3160400390625,1253494
2019-09-09,700.9130249023438,709.08056640625,693.6917114257812,702.9548950195312,679.2892456054688,1047968
2019-09-11,705.6940307617188,713.662353515625,704.000732421875,708.68212890625,684.8236694335938,1298358
2019-09-12,709.18017578125,725.9136352539062,709.18017578125,714.7081909179688,690.6468505859375,1812604
2019-09-13,717.34765625,720.5847778320312,701.3612670898438,714.7081909179688,690.6468505859375,1950769
2019-09-16,712.2180786132812,723.6725463867188,707.2378540039062,713.8615112304688,689.8286743164062,990471
2019-09-17,713.164306640625,721.2322387695312,697.1280517578125,698.1738891601562,674.669189453125,1446135
2019-09-18,703.0545043945312,708.68212890625,698.2236938476562,700.3153686523438,676.738525390625,817748
2019-09-19,701.2118530273438,707.7857055664062,692.4964599609375,697.1280517578125,673.6586303710938,1060144
2019-09-20,696.2316284179688,761.97021484375,694.3889770507812,747.9758911132812,722.7945556640625,3765888
2019-09-23,757.936279296875,782.8870849609375,749.270751953125,756.2928466796875,730.83154296875,3090228
2019-09-24,757.587646484375,762.66748046875,737.3182373046875,746.7308349609375,721.5914306640625,1393396
2019-09-25,739.3103637695312,741.8004150390625,715.4552001953125,721.2820434570312,696.9993896484375,1357856
2019-09-26,725.8140258789062,744.98779296875,717.2978515625,740.8541870117188,715.9126586914062,1979608
2019-09-27,743.4439086914062,743.4439086914062,719.1405639648438,724.1207275390625,699.7424926757812,1286742
2019-09-30,721.829833984375,735.6748046875,705.4450073242188,727.2084350585938,702.7262573242188,1749122
2019-10-01,733.8819580078125,733.8819580078125,687.2672729492188,690.40478515625,667.16162109375,3466261
2019-10-03,688.2633056640625,693.1937255859375,667.3464965820312,676.958251953125,654.1678466796875,3061113
2019-10-04,674.6673583984375,679.0499267578125,647.4755249023438,651.8082885742188,629.864501953125,3266097
2019-10-07,651.8082885742188,651.8082885742188,631.0906372070312,646.4296875,624.6670532226562,2407237
2019-10-09,647.4257202148438,675.2152099609375,640.3538208007812,667.7449340820312,645.2647094726562,2395820
2019-10-10,677.306884765625,723.9713134765625,677.306884765625,693.8411254882812,670.4822998046875,7619401
2019-10-11,693.3431396484375,703.0046997070312,685.2752075195312,688.6617431640625,665.477294921875,1706669
2019-10-14,691.20166015625,705.0963745117188,685.2752075195312,695.8829956054688,672.4554443359375,1653381
2019-10-15,696.7794799804688,703.3533325195312,688.3629150390625,700.9130249023438,677.3160400390625,943383
2019-10-16,705.2955932617188,731.541259765625,705.2955932617188,727.9555053710938,703.4481811523438,2831288
2019-10-17,725.2661743164062,727.9555053710938,709.18017578125,721.680419921875,697.3843383789062,1883676
2019-10-18,722.626708984375,746.0336303710938,715.4552001953125,743.5435180664062,718.5113525390625,2272930
2019-10-22,742.9956665039062,768.9425048828125,739.5095825195312,753.0556640625,727.7033081054688,2182945
2019-10-23,752.0098266601562,752.0098266601562,732.3878784179688,740.206787109375,715.2869873046875,1151929
2019-10-24,740.057373046875,740.057373046875,660.8224487304688,702.8054809570312,679.1448974609375,7423987
2019-10-25,697.1778564453125,713.9611206054688,686.370849609375,707.1382446289062,683.331787109375,2926393
2019-10-27,708.68212890625,712.915283203125,691.25146484375,700.2158203125,676.642333984375,590611
2019-10-29,696.2814331054688,718.044921875,685.1755981445312,711.9192504882812,687.951904296875,2920420
2019-10-30,722.576904296875,738.3641357421875,711.8694458007812,732.0392456054688,707.3944091796875,2269362
2019-10-31,737.1688842773438,771.8310546875,732.9356689453125,765.7053833007812,739.9271240234375,3871916
2019-11-01,765.6555786132812,794.8395385742188,760.5758056640625,772.6278686523438,746.6165161132812,4575847
2019-11-04,781.3432006835938,792.7478637695312,776.9108276367188,780.69580078125,754.4130249023438,2514667
2019-11-05,781.8910522460938,791.8514404296875,756.5418090820312,765.5559692382812,739.7827758789062,2753700
2019-11-06,766.950439453125,779.5005493164062,757.986083984375,770.1875610351562,744.258544921875,1911261
2019-11-07,774.9187622070312,778.9028930664062,768.3449096679688,774.7693481445312,748.6859741210938,1138289
2019-11-08,772.3290405273438,782.7874755859375,766.950439453125,770.9346313476562,744.9803466796875,1351460
2019-11-11,766.950439453125,768.6935424804688,752.2588500976562,764.0619506835938,738.339111328125,1634062
2019-11-13,756.9900512695312,765.8049926757812,733.3341064453125,736.6210327148438,711.8219604492188,2169582
2019-11-14,710.2758178710938,753.8525390625,709.18017578125,731.043212890625,706.4319458007812,4280246
2019-11-15,732.0890502929688,764.9583740234375,721.929443359375,752.1592407226562,726.8370971679688,4591327
2019-11-18,747.0296630859375,782.7874755859375,747.0296630859375,766.452392578125,740.6489868164062,4195366
2019-11-19,771.9306640625,790.3573608398438,768.9425048828125,783.0364990234375,756.6748046875,3872595
2019-11-20,787.8672485351562,797.8276977539062,777.9068603515625,786.5226440429688,760.0435791015625,3170178
2019-11-21,792.1502685546875,793.843505859375,772.2294311523438,775.864990234375,749.7448120117188,1801943
2019-11-22,775.3171997070312,793.743896484375,767.199462890625,790.0585327148438,763.46044921875,1463703
2019-11-25,790.8554077148438,821.6329956054688,789.0625,819.6409301757812,792.046875,3733959
2019-11-26,819.6409301757812,821.9816284179688,780.94482421875,787.9170532226562,761.3909912109375,3934814
2019-11-27,783.8831176757812,799.6205444335938,781.8910522460938,784.978759765625,758.5516967773438,1871064
2019-11-28,788.7637329101562,799.5209350585938,779.94873046875,796.9810180664062,770.1498413085938,2156790
2019-11-29,792.8474731445312,805.7959594726562,781.3432006835938,783.9329223632812,757.5411376953125,2208357
2019-12-02,806.7920532226562,818.7445068359375,799.0726928710938,804.0529174804688,776.9837036132812,5108844
2019-12-03,801.8118286132812,801.8118286132812,775.964599609375,779.2017211914062,752.9691772460938,2460349
2019-12-04,777.9566650390625,787.5186767578125,772.4784545898438,782.2894287109375,755.9530029296875,1618761
2019-12-05,776.9108276367188,786.7218017578125,763.8627319335938,766.2532348632812,740.4566040039062,1757155
2019-12-06,771.9306640625,776.5621948242188,761.0737915039062,764.9583740234375,739.2052612304688,1713845
2019-12-09,767.9464721679688,770.9346313476562,759.3307495117188,763.2650756835938,737.5690307617188,1214194
2019-12-10,762.96630859375,778.9028930664062,761.6714477539062,767.149658203125,741.32275390625,2108475
2019-12-11,767.149658203125,771.5322265625,756.4920043945312,764.3607177734375,738.627685546875,1345699
2019-12-12,769.0421142578125,775.914794921875,766.502197265625,771.1337890625,745.1727294921875,997387
2019-12-13,772.9765014648438,784.480712890625,771.681640625,779.2017211914062,752.9691772460938,1460681
2019-12-16,776.9108276367188,780.09814453125,758.384521484375,760.0777587890625,734.4889526367188,1549248
2019-12-17,762.76708984375,769.8887329101562,753.8525390625,765.7551879882812,739.9752807617188,1832318
2019-12-18,770.5361938476562,773.3250732421875,748.523681640625,751.2130126953125,725.9226684570312,1680699
2019-12-19,751.9102172851562,757.587646484375,733.6329345703125,740.007568359375,715.094482421875,3585881
2019-12-20,740.555419921875,745.08740234375,738.0155029296875,742.6470947265625,717.6452026367188,1613335
2019-12-23,741.0534057617188,750.0177612304688,732.0890502929688,739.4099731445312,714.5170288085938,2498865
2019-12-24,743.0454711914062,746.0336303710938,734.2305297851562,735.5751953125,710.8113403320312,1487197
2019-12-26,736.6708374023438,742.8463134765625,731.093017578125,733.8321533203125,709.1270141601562,1303525
2019-12-27,734.5791625976562,741.0534057617188,732.6867065429688,736.8202514648438,712.0144653320312,1058946
2019-12-30,739.0613403320312,742.9458618164062,729.8977661132812,733.8321533203125,709.1270141601562,1313072
2019-12-31,734.0811157226562,743.1450805664062,729.9973754882812,740.7047729492188,715.7682495117188,1690403
2020-01-01,743.8423461914062,744.43994140625,735.6748046875,739.559326171875,714.661376953125,688037
2020-01-02,739.0613403320312,765.4563598632812,738.0653076171875,763.3148803710938,737.6171264648438,2423328
2020-01-03,766.900634765625,766.900634765625,748.523681640625,753.6533203125,728.2808837890625,1417070
2020-01-06,752.4082641601562,752.8067016601562,732.0890502929688,734.0811157226562,709.3676147460938,961348
2020-01-07,735.2763671875,753.005859375,732.5870971679688,739.3601684570312,714.4689331054688,1108401
2020-01-08,732.4874877929688,746.9300537109375,730.694580078125,739.708740234375,714.8056640625,1317705
2020-01-09,749.9679565429688,758.284912109375,747.0794677734375,754.3007202148438,728.9064331054688,1477783
2020-01-10,753.802734375,763.4642944335938,748.0256958007812,753.2548828125,727.8958740234375,1266475
2020-01-13,754.001953125,761.97021484375,754.001953125,756.5916137695312,731.1201782226562,835989
2020-01-14,759.7789306640625,764.8587646484375,750.1173706054688,756.8904418945312,731.4091186523438,1190936
2020-01-15,754.9979858398438,765.9544067382812,744.53955078125,763.3646850585938,737.665283203125,1522089
2020-01-16,764.3109130859375,767.9464721679688,750.1173706054688,753.0556640625,727.7033081054688,1041500
2020-01-17,712.1682739257812,768.9425048828125,708.18408203125,765.2073974609375,739.4459838867188,4938472
2020-01-20,764.5599365234375,774.4207153320312,759.4303588867188,769.7393798828125,743.8253173828125,1581541
2020-01-21,775.914794921875,778.0064697265625,760.4263916015625,768.5939331054688,742.7185668945312,1667878
2020-01-22,767.7970581054688,795.8355712890625,764.0619506835938,789.759765625,763.1716918945312,3093985
2020-01-23,781.8910522460938,808.7343139648438,779.8989868164062,805.6964111328125,778.5718994140625,2597472
2020-01-24,804.7999267578125,821.135009765625,792.7976684570312,818.7445068359375,791.1806030273438,1933519
2020-01-27,811.772216796875,833.5855102539062,806.7920532226562,809.8797607421875,782.6143798828125,2820058
2020-01-28,814.2623291015625,820.587158203125,794.092529296875,805.6964111328125,778.5718994140625,1790691
2020-01-29,810.7761840820312,819.5911254882812,796.8316040039062,799.1224975585938,772.2192993164062,1840396
2020-01-30,805.7959594726562,805.7959594726562,784.1321411132812,788.1162719726562,761.5836181640625,1330496
2020-01-31,789.958984375,794.7897338867188,772.4784545898438,775.815185546875,749.6965942382812,1304458
2020-02-03,755.9940185546875,779.8989868164062,747.2786865234375,777.3092651367188,751.140380859375,1541064
2020-02-04,776.9606323242188,793.1961059570312,776.9606323242188,790.5565795898438,763.9417724609375,1075827
2020-02-05,790.5565795898438,798.92333984375,784.928955078125,796.7319946289062,769.9092407226562,1062607
2020-02-06,799.2221069335938,803.455322265625,790.1581420898438,797.8276977539062,770.9680786132812,1222421
2020-02-07,797.8276977539062,800.4173583984375,782.4388427734375,784.530517578125,758.1185302734375,1086833
2020-02-10,783.8831176757812,786.5724487304688,749.021728515625,754.5497436523438,729.1470947265625,4260702
2020-02-11,756.9900512695312,765.9544067382812,751.1134033203125,756.2928466796875,730.83154296875,3394755
2020-02-12,759.0817260742188,771.3828125,751.5118408203125,752.3584594726562,727.0296630859375,1852945
2020-02-13,752.3584594726562,761.9204711914062,742.3482666015625,749.270751953125,724.0458374023438,1884479
2020-02-14,751.5118408203125,767.7970581054688,734.1807250976562,740.107177734375,715.1907348632812,3412990
2020-02-17,740.057373046875,747.0296630859375,730.594970703125,734.4795532226562,709.7525024414062,1522461
2020-02-18,734.4297485351562,738.2645263671875,712.716064453125,721.0330200195312,696.7587280273438,1757880
2020-02-19,727.10888671875,756.7410278320312,723.4235229492188,754.1513061523438,728.7621459960938,2076090
2020-02-20,747.0296630859375,764.7591552734375,742.9458618164062,748.3245239257812,723.1314086914062,2137038
2020-02-24,745.03759765625,745.03759765625,719.3397827148438,722.029052734375,697.7213134765625,2367336
2020-02-25,724.1207275390625,729.9973754882812,712.2678833007812,717.546875,693.389892578125,2281107
2020-02-26,715.1563720703125,719.3397827148438,697.2276611328125,700.0166015625,676.4497680664062,2852422
2020-02-27,700.0166015625,714.6583862304688,683.2831420898438,710.0267944335938,686.1229858398438,3363958
2020-02-28,684.2791748046875,704.697998046875,681.291015625,684.4783935546875,661.4347534179688,4407386
2020-03-02,698.2236938476562,698.7217407226562,654.69677734375,665.8026123046875,643.3876953125,2254276
2020-03-03,668.342529296875,701.8094482421875,668.342529296875,697.2774658203125,673.8029174804688,3363570
2020-03-04,699.7177734375,705.9927978515625,679.2989501953125,686.769287109375,663.6485595703125,2853717
2020-03-05,690.0562133789062,692.7454833984375,675.3148193359375,677.605712890625,654.7935180664062,2171130
2020-03-06,647.4257202148438,668.242919921875,642.4454956054688,662.4160766601562,640.115234375,1701571
2020-03-09,645.43359375,651.4098510742188,622.8235473632812,632.086669921875,610.8068237304688,2786900
2020-03-11,632.485107421875,637.9633178710938,613.5603637695312,622.7737426757812,601.8074951171875,3001659
2020-03-12,607.3350830078125,607.5841064453125,552.8019409179688,557.6327514648438,538.8595581054688,4778932
2020-03-13,535.4708251953125,629.1483764648438,502.9999694824219,602.5541381835938,582.2685546875,6209514
2020-03-16,577.7029418945312,597.125732421875,556.7860717773438,574.615234375,555.270263671875,2988394
2020-03-17,569.0374145507812,583.33056640625,551.0588989257812,553.4493408203125,534.81689453125,3007242
2020-03-18,565.7504272460938,565.7504272460938,490.4498596191406,524.962646484375,507.2893371582031,6864942
2020-03-19,479.09503173828125,516.7453002929688,479.09503173828125,489.105224609375,472.6390380859375,3915320
2020-03-20,493.0395812988281,562.4635009765625,486.1170959472656,527.3033447265625,509.55120849609375,3046590
2020-03-23,479.3938293457031,498.019775390625,395.4775085449219,431.53411865234375,417.006103515625,4492684
2020-03-24,434.2732238769531,456.0865173339844,391.44354248046875,398.5154113769531,385.0989990234375,2996993
2020-03-25,388.4554138183594,456.8833312988281,383.5250244140625,449.56243896484375,434.427490234375,4213471
2020-03-26,438.20758056640625,482.0831298828125,422.2709655761719,469.5330505371094,453.72576904296875,3976225
2020-03-27,470.1804504394531,491.8443298339844,445.08026123046875,459.0746154785156,443.61944580078125,2028451
2020-03-30,446.2257080078125,474.61285400390625,436.46453857421875,448.7158203125,433.609375,1999573
2020-03-31,461.5647277832031,477.8499755859375,451.80352783203125,474.21441650390625,458.2495422363281,1808450
2020-04-01,476.0072937011719,482.3819580078125,450.8074951171875,474.26422119140625,458.29766845703125,2128750
2020-04-03,471.6247253417969,475.8080749511719,449.41302490234375,452.899169921875,437.65185546875,1475994
2020-04-07,476.1069030761719,520.8291015625,461.1662902832031,516.4962768554688,499.1079406738281,2642753
2020-04-08,510.47027587890625,530.3910522460938,498.4181823730469,510.5698547363281,493.38104248046875,2411598
2020-04-09,526.9049072265625,545.2818603515625,510.9682922363281,528.4487915039062,510.6579895019531,2500431
2020-04-13,528.4487915039062,558.7781982421875,507.98016357421875,542.343505859375,524.0849609375,3275888
2020-04-15,556.6865234375,570.5812377929688,528.0503540039062,533.279541015625,515.326171875,2133786
2020-04-16,527.9009399414062,554.7940063476562,520.9784545898438,541.5964965820312,523.3631591796875,3609311
2020-04-17,557.7821655273438,560.770263671875,531.2376708984375,543.3893432617188,525.0956420898438,2741854
2020-04-20,546.0786743164062,550.7102661132812,517.3429565429688,519.5840454101562,502.091796875,3118395
2020-04-21,512.8109741210938,515.2512817382812,501.50592041015625,507.5319519042969,490.44537353515625,2598896
2020-04-22,508.9761962890625,511.26708984375,500.4600524902344,508.3785705566406,491.26348876953125,2333990
2020-04-23,512.9603881835938,515.799072265625,496.72491455078125,498.4679870605469,481.6866149902344,2048968
2020-04-24,490.05145263671875,499.9122314453125,482.8301696777344,497.0735168457031,480.3390197753906,2560066
2020-04-27,502.9003601074219,508.6773986816406,490.3502502441406,496.2767028808594,479.56903076171875,1765581
2020-04-28,504.9422302246094,509.4742126464844,491.8443298339844,495.4798583984375,478.79901123046875,2128372
2020-04-29,498.019775390625,502.9003601074219,493.58740234375,499.9620361328125,483.1303405761719,1404693
2020-04-30,502.9999694824219,512.9603881835938,499.3146057128906,502.9003601074219,485.9697570800781,6561590
2020-05-04,491.0474853515625,492.9897766113281,474.46343994140625,477.1527404785156,461.08892822265625,3320830
2020-05-05,483.07916259765625,485.8680725097656,467.39154052734375,469.58282470703125,453.7738342285156,1735925
2020-05-06,473.1187744140625,484.0752258300781,467.34173583984375,480.4894714355469,464.3133544921875,1896522
2020-05-07,480.4894714355469,490.00164794921875,474.51324462890625,483.27838134765625,467.00836181640625,1743414
2020-05-08,487.86016845703125,490.8482971191406,480.83807373046875,484.3740234375,468.0671081542969,1451705
2020-05-11,487.2625427246094,510.47027587890625,482.8301696777344,502.4521484375,485.53662109375,3912963
2020-05-12,500.7090759277344,518.9365844726562,490.15106201171875,515.898681640625,498.5303955078125,3122914
2020-05-13,547.8217163085938,547.8217163085938,516.9943237304688,520.8788452148438,503.3429260253906,2711938
2020-05-14,515.948486328125,526.5064697265625,506.2370910644531,509.3746032714844,492.22601318359375,1940379
2020-05-15,512.2133178710938,517.7911376953125,507.88055419921875,515.799072265625,498.4342041015625,1384443
2020-05-18,513.4583740234375,513.4583740234375,492.14312744140625,493.8363952636719,477.21087646484375,2678574
2020-05-19,496.2268981933594,518.9365844726562,493.0893859863281,509.8228454589844,492.6591796875,3299878
2020-05-20,508.9761962890625,536.8154907226562,504.9920349121094,534.7238159179688,516.7218017578125,2862696
2020-05-21,534.7238159179688,534.8234252929688,519.4844360351562,524.863037109375,507.1929931640625,2005953
2020-05-22,521.8251342773438,532.8313598632812,511.06787109375,530.2416381835938,512.390625,1752039
2020-05-26,532.8811645507812,542.243896484375,525.7594604492188,530.5404663085938,512.6793212890625,4004041
2020-05-27,532.8811645507812,567.3441162109375,526.9547119140625,564.4058227539062,545.404541015625,4754112
2020-05-28,565.7504272460938,579.3463745117188,555.0430297851562,574.216796875,554.8851318359375,3330221
2020-05-29,587.962158203125,599.6157836914062,574.7147827148438,586.8665161132812,567.109130859375,5979901
2020-06-01,590.1534423828125,597.6237182617188,577.7527465820312,581.1890869140625,561.622802734375,2564085
2020-06-02,580.6910400390625,598.9683837890625,573.2705688476562,593.9881591796875,573.990966796875,2681043
2020-06-03,598.1715698242188,607.5841064453125,590.0040283203125,595.4324340820312,575.3865966796875,2436065
2020-06-04,594.6356201171875,608.5801391601562,580.5416259765625,602.7035522460938,582.4129638671875,1650031
2020-06-05,609.1777954101562,628.2021484375,607.0861206054688,624.6661987304688,603.63623046875,3146152
2020-06-08,632.485107421875,641.847900390625,611.3192749023438,614.705810546875,594.0111694335938,2757483
2020-06-09,620.6322631835938,633.2819213867188,604.2971801757812,609.4765625,588.9579467773438,2091161
2020-06-10,609.576171875,623.520751953125,607.6837158203125,612.3153076171875,591.7011108398438,1797749
2020-06-11,615.5524291992188,623.520751953125,580.2428588867188,588.2609252929688,568.4566650390625,2507917
2020-06-12,565.9496459960938,603.7991943359375,565.9496459960938,599.5659790039062,579.3809814453125,2110589
2020-06-15,607.5841064453125,608.4307250976562,574.8143920898438,579.5953979492188,560.082763671875,2927192
2020-06-16,595.6316528320312,602.1058959960938,577.9021606445312,586.7669067382812,567.0128173828125,1815454
2020-06-17,584.7748413085938,595.3328247070312,578.499755859375,581.5376586914062,561.9596557617188,1161867
2020-06-18,580.6910400390625,600.4624633789062,576.0096435546875,595.7312622070312,575.6754150390625,1808862
2020-06-19,595.6316528320312,601.30908203125,591.1992797851562,598.8687744140625,578.707275390625,2630246
2020-06-22,601.50830078125,626.3594360351562,584.6752319335938,615.1539916992188,594.4442138671875,5901428
2020-06-23,620.1342163085938,631.8377075195312,610.6220092773438,619.8851928710938,599.01611328125,3194115
2020-06-24,623.520751953125,630.9412231445312,596.129638671875,611.2196655273438,590.6423950195312,2452073
2020-06-25,608.5303344726562,624.0685424804688,601.6576538085938,605.044189453125,584.6747436523438,2097893
2020-06-26,610.47265625,623.869384765625,607.5841064453125,613.7097778320312,593.0486450195312,1767686
2020-06-29,611.3192749023438,621.9768676757812,596.129638671875,616.7974853515625,596.0323486328125,2018333
2020-06-30,622.7737426757812,626.2598876953125,608.8789672851562,617.2457275390625,596.465576171875,1634716
2020-07-01,617.3452758789062,623.470947265625,609.7255859375,611.9168701171875,591.3160400390625,1402760
2020-07-02,612.5145263671875,629.0487670898438,612.5145263671875,615.5026245117188,594.7811279296875,2512090
2020-07-03,621.3294677734375,627.5048828125,611.0702514648438,625.6622314453125,604.5986938476562,2074752
2020-07-06,630.4930419921875,650.812255859375,626.6084594726562,638.6107177734375,617.1112670898438,4075813
2020-07-07,638.6107177734375,640.3538208007812,618.83935546875,621.1800537109375,600.2674560546875,2164858
2020-07-08,625.5128173828125,629.3475952148438,602.9027099609375,606.0900268554688,585.6853637695312,2401094
2020-07-09,609.576171875,620.2836303710938,607.5343017578125,614.207763671875,593.5298461914062,1631873
2020-07-10,614.207763671875,617.4448852539062,594.7352294921875,609.0283813476562,588.52490234375,2704109
2020-07-13,611.9666748046875,615.5026245117188,605.143798828125,609.3272094726562,588.8135375976562,1722338
2020-07-14,610.0244140625,611.4188842773438,591.4981079101562,594.3367919921875,574.327880859375,1758125
2020-07-15,600.0640258789062,604.5960083007812,584.0277709960938,586.5676879882812,566.8202514648438,1921434
2020-07-16,589.6553955078125,590.6514282226562,577.7029418945312,580.7408447265625,561.1896362304688,1515681
2020-07-17,582.1851196289062,593.0419311523438,580.6910400390625,589.7550048828125,569.9003295898438,2180665
2020-07-20,595.6316528320312,608.9785766601562,591.0000610351562,600.76123046875,580.5360717773438,2295638
2020-07-21,602.6039428710938,614.058349609375,599.5161743164062,600.71142578125,580.4879150390625,1950293
2020-07-22,604.5960083007812,609.576171875,591.6474609375,599.4165649414062,579.2366943359375,1749629
2020-07-23,602.9027099609375,609.3770141601562,594.6356201171875,595.8806762695312,575.8197631835938,1211759
2020-07-24,594.4364013671875,594.4364013671875,579.2965698242188,580.3922119140625,560.8527221679688,1255646
2020-07-27,582.68310546875,582.68310546875,566.1986694335938,568.5393676757812,549.3988647460938,2224709
2020-07-28,570.5314331054688,595.5818481445312,562.7623291015625,593.8885498046875,573.8946533203125,5625982
2020-07-29,597.6237182617188,619.38720703125,596.976318359375,613.8591918945312,593.1929931640625,6110360
2020-07-30,611.7176513671875,622.6243286132812,598.7691650390625,600.56201171875,580.3435668945312,2519390
2020-07-31,603.9485473632812,634.3775634765625,599.6157836914062,630.5428466796875,609.3150024414062,4769694
2020-08-03,627.5048828125,640.2044067382812,619.18798828125,630.9910278320312,609.7481079101562,2556245
2020-08-04,632.883544921875,637.21630859375,619.7357788085938,622.1760864257812,601.2299194335938,2070693
2020-08-05,622.2258911132812,641.051025390625,619.23779296875,630.9412231445312,609.7000122070312,2505820
2020-08-06,633.4811401367188,643.9395751953125,626.5088500976562,631.6882934570312,610.4219360351562,2312477
2020-08-07,631.4890747070312,639.3577880859375,625.7618408203125,634.0289916992188,612.6837158203125,2235535
2020-08-10,637.46533203125,640.8020629882812,625.2139892578125,631.5388793945312,610.2774047851562,1932817
2020-08-11,632.485107421875,638.4115600585938,616.5982666015625,621.7777099609375,600.844970703125,2069626
2020-08-12,617.5444946289062,626.5088500976562,612.6639404296875,623.670166015625,602.6737060546875,2151111
2020-08-13,629.2977905273438,635.4732055664062,619.03857421875,629.3475952148438,608.1600952148438,3049144
2020-08-14,629.4970092773438,637.26611328125,620.9808349609375,626.4590454101562,605.36865234375,2852059
2020-08-17,627.654296875,631.4890747070312,608.2813720703125,622.8733520507812,601.9036865234375,4326042
2020-08-18,618.54052734375,675.8128051757812,618.54052734375,664.4579467773438,642.0884399414062,15527149
2020-08-19,665.3046264648438,669.3385620117188,657.8342895507812,662.2168579101562,639.9227294921875,3257907
2020-08-20,657.5355224609375,672.32666015625,652.4556884765625,662.9639282226562,640.6446533203125,3026994
2020-08-21,672.0278930664062,680.2949829101562,666.2508544921875,674.6673583984375,651.9539794921875,4009171
2020-08-24,677.705322265625,690.75341796875,663.5615234375,668.8903198242188,646.3714599609375,3836076
2020-08-25,669.3385620117188,676.759033203125,659.029541015625,671.0816650390625,648.4890747070312,1831246
2020-08-26,670.2847900390625,675.8128051757812,655.9916381835938,664.5575561523438,646.0199584960938,2459758
2020-08-27,667.4959106445312,685.2752075195312,664.3583984375,682.3369140625,663.3033447265625,3272319
2020-08-28,687.2174682617188,714.6583862304688,681.291015625,698.3731079101562,678.8922119140625,7416581
2020-08-31,700.2158203125,707.9849243164062,667.993896484375,672.1773071289062,653.4271850585938,4474304
2020-09-01,674.2689819335938,702.0086669921875,648.4715576171875,681.8388671875,662.8191528320312,4746522
2020-09-02,678.3029174804688,683.2333374023438,660.0255737304688,675.7630004882812,656.9127807617188,3946609
2020-09-03,682.287109375,726.46142578125,678.9005737304688,721.879638671875,701.7431030273438,7528192
2020-09-04,702.2078857421875,721.1326293945312,695.9328002929688,703.701904296875,684.0724487304688,3620215
2020-09-07,717.1484375,717.9453125,690.25537109375,697.3770751953125,677.9239501953125,4194868
2020-09-08,700.1162109375,700.1162109375,671.5298461914062,674.4183959960938,655.6057739257812,2836862
2020-09-09,673.32275390625,693.7415161132812,661.4200439453125,684.3787841796875,665.2882690429688,2847119
2020-09-10,693.7913208007812,714.9073486328125,678.6017456054688,710.4749755859375,690.6565551757812,4943692
2020-09-11,712.1682739257812,724.1207275390625,701.8592529296875,718.0947265625,698.063720703125,7359626
2020-09-14,718.14453125,733.0352783203125,700.2158203125,704.199951171875,684.5565795898438,3056973
2020-09-15,708.78173828125,720.6345825195312,706.9888916015625,717.546875,697.5311279296875,2938207
2020-09-16,720.0867919921875,734.2803344726562,711.2718505859375,717.546875,697.5311279296875,3050802
2020-09-17,717.546875,735.82421875,713.712158203125,721.829833984375,701.6947021484375,3942939
2020-09-18,725.0669555664062,745.6849975585938,721.780029296875,742.0494384765625,721.3502197265625,3228972
2020-09-21,746.6810302734375,746.6810302734375,707.2378540039062,714.0109252929688,694.09375,2436306
2020-09-22,717.546875,743.0454711914062,704.000732421875,726.21240234375,705.9549560546875,3326343
2020-09-23,726.46142578125,729.8479614257812,702.2078857421875,715.5548095703125,695.5946044921875,2586941
2020-09-24,705.1959838867188,712.1682739257812,672.82470703125,677.008056640625,658.1232299804688,2836522
2020-09-25,680.2949829101562,709.3793334960938,680.2949829101562,705.3453979492188,685.6700439453125,2267006
2020-09-28,712.1682739257812,732.7365112304688,712.1682739257812,731.292236328125,710.89306640625,2555901
2020-09-29,733.0850830078125,736.9696655273438,712.2180786132812,718.5927124023438,698.5478515625,1829165
2020-09-30,718.5927124023438,743.4439086914062,712.2180786132812,741.2526245117188,720.5755615234375,2387252
2020-10-01,746.2328491210938,753.005859375,733.1348876953125,751.5616455078125,730.5970458984375,2413277
2020-10-05,749.220947265625,760.5758056640625,739.0115356445312,747.1790771484375,726.3367919921875,1907600
2020-10-06,747.2786865234375,756.9402465820312,737.5672607421875,754.6991577148438,733.6470947265625,1861945
2020-10-07,752.0098266601562,758.6832885742188,745.03759765625,756.6414184570312,735.5350952148438,1633121
2020-10-08,761.97021484375,771.6318359375,755.6951904296875,767.299072265625,745.8955078125,2229138
2020-10-09,766.502197265625,769.8389282226562,739.3103637695312,742.1490478515625,721.4470825195312,2916735
2020-10-12,743.1948852539062,749.370361328125,735.0771484375,741.7506713867188,721.059814453125,2824839
2020-10-13,739.858154296875,759.9781494140625,734.0313110351562,746.4818115234375,725.6589965820312,2751314
2020-10-14,740.057373046875,764.9583740234375,730.5452270507812,760.5758056640625,739.3598022460938,2415604
2020-10-15,757.3386840820312,764.9085693359375,742.2486572265625,747.1292724609375,726.2883911132812,1506667
2020-10-16,749.9679565429688,773.5740966796875,747.0296630859375,769.6397705078125,748.1708984375,1772044
2020-10-19,768.9425048828125,779.3013305664062,758.533935546875,770.0879516601562,748.6066284179688,2143086
2020-10-20,771.9306640625,776.8112182617188,761.4722290039062,774.1219482421875,752.528076171875,1746130
2020-10-21,776.9108276367188,791.3035888671875,768.4943237304688,788.6143188476562,766.6160888671875,2418947
2020-10-22,788.6143188476562,791.3035888671875,777.9068603515625,788.5147094726562,766.5194091796875,1706604
2020-10-23,790.9550170898438,800.8157958984375,779.0025024414062,782.0902709960938,760.274169921875,2363692
2020-10-26,781.8910522460938,786.7218017578125,764.9583740234375,776.9108276367188,755.2391967773438,1344142
2020-10-27,770.9346313476562,786.8712158203125,769.7891845703125,776.014404296875,754.3677368164062,1536888
2020-10-28,786.5724487304688,786.5724487304688,769.9883422851562,774.1717529296875,752.5764770507812,1985259
2020-10-29,769.6895751953125,774.2713623046875,762.96630859375,767.149658203125,745.750244140625,1066172
2020-10-30,766.950439453125,790.6063842773438,762.21923828125,775.2673950195312,753.6416015625,1716739
2020-11-02,781.2933959960938,788.7139282226562,772.4286499023438,784.729736328125,762.8399658203125,1795870
2020-11-03,786.0744018554688,797.7778930664062,783.9329223632812,788.0166625976562,766.0352783203125,2056424
2020-11-04,787.2696533203125,791.8514404296875,775.615966796875,779.99853515625,758.2408447265625,1505112
2020-11-05,784.3811645507812,807.1904296875,784.3811645507812,801.2142333984375,778.8646850585938,2985097
2020-11-06,805.7959594726562,805.7959594726562,788.3652954101562,791.2039794921875,769.133544921875,1506722
2020-11-09,793.843505859375,805.0987548828125,786.0744018554688,789.0126953125,767.0034790039062,2196951
2020-11-10,795.8355712890625,813.2662963867188,777.9566650390625,786.3732299804688,764.4375610351562,2914387
2020-11-11,788.8633422851562,805.3975830078125,786.8712158203125,799.9193725585938,777.6058959960938,2520351
2020-11-12,800.8157958984375,827.7088623046875,799.9193725585938,823.6748657226562,800.6986694335938,3845786
2020-11-13,823.7246704101562,844.6415405273438,816.25439453125,838.0178833007812,814.6417236328125,5942145
2020-11-14,839.6613159179688,841.2550048828125,831.7926025390625,835.2787475585938,811.9788818359375,326158
2020-11-17,843.5458984375,850.1197509765625,832.2408447265625,839.5617065429688,816.1424560546875,1893365
2020-11-18,838.217041015625,848.3268432617188,834.9301147460938,845.5877685546875,822.0003662109375,1727008
2020-11-19,841.4542236328125,858.4864501953125,828.7048950195312,833.4360961914062,810.1876831054688,1931331
2020-11-20,836.6732177734375,858.4864501953125,835.2787475585938,852.60986328125,828.8265380859375,2058126
2020-11-23,859.9805297851562,865.458740234375,847.729248046875,851.2153930664062,827.4710083007812,2233883
2020-11-24,853.6058959960938,860.3291625976562,846.6336059570312,849.8707275390625,826.1638793945312,1399638
2020-11-25,852.60986328125,870.33935546875,836.7230224609375,839.7609252929688,816.3361206054688,2401936
2020-11-26,846.8328247070312,877.5108032226562,843.6953125,873.9251098632812,849.5472412109375,4266333
2020-11-27,873.9251098632812,882.3416137695312,866.5543823242188,872.2816162109375,847.9495239257812,4020685
2020-12-01,863.5662841796875,907.0932006835938,858.7354736328125,904.2047119140625,878.9822387695312,4126748
2020-12-02,897.9794311523438,915.310546875,896.53515625,911.8742065429688,886.4378051757812,2854485
2020-12-03,917.3524169921875,921.2369384765625,902.4118041992188,906.44580078125,881.1607666015625,1996094
2020-12-04,911.7745971679688,943.1498413085938,909.4837036132812,927.8108520507812,901.9298706054688,3042427
2020-12-07,936.2273559570312,950.2217407226562,926.5657958984375,933.9862670898438,907.9330444335938,3205743
2020-12-08,933.7870483398438,938.2692260742188,914.7626953125,922.1334228515625,896.4107666015625,1763695
2020-12-09,923.2788696289062,930.0519409179688,912.5216064453125,916.6054077148438,891.037109375,1618537
2020-12-10,918.3484497070312,921.1373901367188,898.9754638671875,905.89794921875,880.6282348632812,1734033
2020-12-11,906.29638671875,912.0236206054688,897.431640625,898.6766967773438,873.6083984375,1945748
2020-12-14,903.0592651367188,920.3405151367188,902.7106323242188,907.8402099609375,882.5162963867188,2052814
2020-12-15,908.3880615234375,914.0654907226562,899.4237060546875,908.3880615234375,883.0489501953125,1467901
2020-12-16,916.7547607421875,921.6353759765625,907.3920288085938,911.1769409179688,885.7599487304688,1395643
2020-12-17,912.2725830078125,922.7310180664062,908.3880615234375,909.0852661132812,883.7266235351562,1482672
2020-12-18,908.3880615234375,913.1192626953125,898.4276733398438,906.04736328125,880.7735595703125,2224860
2020-12-21,905.99755859375,906.34619140625,864.8611450195312,873.8753051757812,849.4988403320312,1912602
2020-12-22,873.8753051757812,885.8775634765625,859.9307250976562,881.6942138671875,857.0996704101562,1715164
2020-12-23,882.5906372070312,905.3999633789062,877.8594360351562,898.4276733398438,873.3663330078125,2387101
2020-12-24,903.0592651367188,908.2386474609375,887.57080078125,893.5968627929688,868.6703491210938,1425968
2020-12-28,897.630859375,908.7366943359375,893.5470581054688,903.0592651367188,877.8687744140625,1495820
2020-12-29,907.3920288085938,918.995849609375,902.6110229492188,905.89794921875,880.6282348632812,1631226
2020-12-30,907.4916381835938,935.2313232421875,893.7462768554688,930.6993408203125,904.73779296875,2289284
2020-12-31,936.0779418945312,937.123779296875,917.9002075195312,924.17529296875,898.395751953125,2086260
2021-01-01,920.8385620117188,934.2850952148438,916.6054077148438,929.7033081054688,903.7695922851562,1156184
2021-01-04,933.4384765625,963.1702270507812,933.4384765625,960.6303100585938,933.8338623046875,2678141
2021-01-05,951.2177734375,968.1006469726562,943.1996459960938,957.4927978515625,930.7838745117188,1517829
2021-01-06,956.1979370117188,985.5811157226562,951.267578125,980.7005004882812,953.34423828125,2171483
2021-01-07,986.0791625976562,1000.671142578125,973.329833984375,989.9138793945312,962.300537109375,1896450
2021-01-08,995.69091796875,1019.7951049804688,988.1708374023438,1000.322509765625,972.4188232421875,2390870
2021-01-11,995.39208984375,1008.2908325195312,990.5115356445312,1000.322509765625,972.4188232421875,1254601
2021-01-12,1001.8165893554688,1016.5579223632812,993.7486572265625,1006.2987670898438,978.2283935546875,1557324
2021-01-13,1005.00390625,1036.877197265625,1003.4600219726562,1029.2574462890625,1000.546630859375,2214186
2021-01-14,1030.90087890625,1036.827392578125,1009.286865234375,1016.2093505859375,987.8624877929688,1528096
2021-01-15,1011.0797119140625,1035.183837890625,997.6331787109375,1028.9586181640625,1000.2561645507812,2034259
2021-01-18,1018.9484252929688,1025.4725341796875,986.92578125,995.24267578125,967.4807739257812,1854738
2021-01-19,998.0316162109375,1048.3316650390625,998.0316162109375,1027.813232421875,999.1427001953125,4075179
2021-01-20,1023.9286499023438,1034.3870849609375,1010.7809448242188,1030.60205078125,1001.853759765625,1534841
2021-01-21,1031.89697265625,1042.8035888671875,1008.4900512695312,1013.0718383789062,984.8125,1273254
2021-01-22,1018.251220703125,1026.667724609375,996.03955078125,1000.023681640625,972.12841796875,1033889
2021-01-25,1020.9405517578125,1110.2354736328125,1012.9722290039062,1065.5133056640625,1035.7911376953125,15405089
2021-01-27,1059.7362060546875,1109.9366455078125,1046.8873291015625,1057.3458251953125,1027.8514404296875,6647316
2021-01-28,1036.379150390625,1071.738525390625,1034.4368896484375,1063.172607421875,1033.5157470703125,2845529
2021-01-29,1058.3916015625,1089.667236328125,1044.297607421875,1051.4691162109375,1022.1387329101562,3837388
2021-02-01,1055.8018798828125,1126.321533203125,1043.2020263671875,1121.19189453125,1089.91650390625,2107472
2021-02-02,1139.46923828125,1205.1082763671875,1131.9490966796875,1185.2869873046875,1152.223876953125,4139299
2021-02-03,1173.4342041015625,1200.7257080078125,1167.6072998046875,1186.1336669921875,1153.046875,2436735
2021-02-04,1175.32666015625,1212.6282958984375,1166.412109375,1183.79296875,1150.771484375,2669863
2021-02-05,1183.79296875,1204.0125732421875,1168.3543701171875,1181.4024658203125,1148.4476318359375,1642638
2021-02-08,1181.3028564453125,1215.168212890625,1180.306884765625,1206.004638671875,1172.363525390625,1963580
2021-02-09,1205.2078857421875,1221.6424560546875,1199.2315673828125,1213.1263427734375,1179.28662109375,1733956
2021-02-10,1211.18408203125,1244.0533447265625,1211.18408203125,1226.5230712890625,1192.3096923828125,3276987
2021-02-11,1218.1563720703125,1239.8699951171875,1216.7618408203125,1230.5570068359375,1196.2310791015625,1221329
2021-02-12,1239.0732421875,1249.8304443359375,1216.214111328125,1237.1806640625,1202.669921875,3434991
2021-02-15,1252.071533203125,1253.6153564453125,1211.93115234375,1223.0867919921875,1188.96923828125,1921858
2021-02-16,1229.51123046875,1252.021728515625,1220.74609375,1238.82421875,1204.2674560546875,1567856
2021-02-17,1223.2362060546875,1244.0533447265625,1223.1365966796875,1233.545166015625,1199.1358642578125,1052775
2021-02-18,1233.545166015625,1242.708740234375,1208.1959228515625,1224.780029296875,1190.6153564453125,1542595
2021-02-19,1226.8717041015625,1234.7901611328125,1205.2078857421875,1213.1761474609375,1179.3350830078125,1319734
2021-02-22,1216.662353515625,1230.10888671875,1210.18798828125,1225.626708984375,1191.4383544921875,1133104
2021-02-23,1234.093017578125,1244.9498291015625,1216.7618408203125,1226.6226806640625,1192.406494140625,1440367
2021-02-24,1234.093017578125,1252.021728515625,1226.3736572265625,1245.2486572265625,1210.51318359375,443684
2021-02-25,1253.0177001953125,1283.89501953125,1249.0335693359375,1265.41845703125,1230.119873046875,1949746
2021-02-26,1250.0296630859375,1264.97021484375,1186.1336669921875,1196.0443115234375,1162.680908203125,2809674
2021-03-01,1202.169921875,1264.97021484375,1197.438720703125,1260.936279296875,1225.762939453125,1607731
2021-03-02,1269.950439453125,1293.3572998046875,1256.005859375,1289.6221923828125,1253.648681640625,1961842
2021-03-03,1293.8553466796875,1337.68115234375,1284.8909912109375,1312.8797607421875,1276.2574462890625,2252759
2021-03-04,1300.82763671875,1354.61376953125,1295.349365234375,1345.0517578125,1307.53173828125,1958602
2021-03-05,1343.4581298828125,1366.2674560546875,1318.75634765625,1334.0455322265625,1296.832763671875,2724965
2021-03-08,1334.6431884765625,1362.2833251953125,1326.2764892578125,1338.9261474609375,1301.577392578125,1406248
2021-03-09,1376.526611328125,1402.4237060546875,1355.65966796875,1360.9385986328125,1322.9755859375,5099085
2021-03-10,1372.54248046875,1383.8475341796875,1354.61376953125,1379.5645751953125,1341.08203125,1090258
2021-03-12,1389.47509765625,1399.3857421875,1369.5543212890625,1374.0364990234375,1335.7081298828125,1210907
2021-03-15,1383.4989013671875,1386.387451171875,1341.665283203125,1378.6182861328125,1340.162109375,974779
2021-03-16,1374.6341552734375,1392.2142333984375,1370.4508056640625,1379.0167236328125,1340.549560546875,1181261
2021-03-17,1377.124267578125,1389.37548828125,1355.9085693359375,1361.6856689453125,1323.7017822265625,1009550
2021-03-18,1386.487060546875,1394.355712890625,1366.5662841796875,1382.3037109375,1343.7447509765625,1797660
2021-03-19,1375.1322021484375,1409.39599609375,1357.6019287109375,1405.6607666015625,1366.450439453125,2441007
2021-03-22,1413.380126953125,1422.344482421875,1395.700439453125,1408.30029296875,1369.0162353515625,1593946
2021-03-23,1408.30029296875,1416.8662109375,1388.3297119140625,1405.6607666015625,1366.450439453125,1007993
2021-03-24,1403.419677734375,1403.419677734375,1374.1859130859375,1382.154296875,1343.5997314453125,1496233
2021-03-25,1378.020751953125,1394.903564453125,1348.2391357421875,1367.313232421875,1329.172607421875,2174481
2021-03-26,1375.5306396484375,1405.8599853515625,1373.53857421875,1400.033203125,1360.979736328125,1772011
2021-03-30,1410.9896240234375,1435.9404296875,1390.22216796875,1416.9658203125,1377.4400634765625,2584538
2021-03-31,1411.3880615234375,1450.2335205078125,1404.415771484375,1444.80517578125,1404.5029296875,1247057
2021-04-01,1454.2177734375,1461.18994140625,1431.259033203125,1448.739501953125,1408.327392578125,1275251
2021-04-05,1449.237548828125,1466.867431640625,1419.4559326171875,1440.771240234375,1400.5814208984375,1402086
2021-04-06,1441.2691650390625,1443.51025390625,1420.3524169921875,1426.87646484375,1387.0740966796875,739833
2021-04-07,1422.145263671875,1438.779052734375,1422.145263671875,1431.707275390625,1391.7703857421875,609297
2021-04-08,1441.0699462890625,1457.504638671875,1427.8724365234375,1442.0660400390625,1401.8402099609375,1573056
2021-04-09,1449.237548828125,1463.5306396484375,1427.17529296875,1434.296875,1394.28759765625,1129821
2021-04-12,1412.334228515625,1419.3065185546875,1362.1339111328125,1371.1480712890625,1332.9002685546875,1328953
2021-04-13,1367.363037109375,1401.1287841796875,1365.1717529296875,1386.686279296875,1348.0052490234375,1428913
2021-04-15,1387.4830322265625,1394.405517578125,1319.75244140625,1343.9063720703125,1306.4185791015625,2016916
2021-04-16,1337.68115234375,1374.5345458984375,1335.68896484375,1347.8406982421875,1310.2431640625,1443699
2021-04-19,1325.0313720703125,1333.6968994140625,1300.08056640625,1319.45361328125,1282.64794921875,1241897
2021-04-20,1345.7490234375,1367.910888671875,1276.5242919921875,1286.783447265625,1250.88916015625,3702862
2021-04-22,1266.8626708984375,1308.4473876953125,1265.26904296875,1295.0506591796875,1258.9256591796875,1876238
2021-04-23,1293.8553466796875,1317.90966796875,1257.001953125,1273.0380859375,1237.527099609375,2851038
2021-04-26,1279.9107666015625,1315.7681884765625,1279.9107666015625,1307.1524658203125,1270.68994140625,1238450
2021-04-27,1314.772216796875,1333.8961181640625,1302.8197021484375,1325.9278564453125,1288.941650390625,1241249
2021-04-28,1332.153076171875,1343.6573486328125,1315.9176025390625,1335.83837890625,1298.575439453125,1288850
2021-04-29,1349.035888671875,1364.076171875,1327.0234375,1345.3505859375,1307.822509765625,1800136
2021-04-30,1336.68505859375,1401.8260498046875,1327.720703125,1396.1983642578125,1357.251708984375,3274647
2021-05-03,1391.06884765625,1419.4061279296875,1368.807373046875,1408.94775390625,1369.6456298828125,1793989
2021-05-04,1409.39599609375,1443.1617431640625,1398.439453125,1410.3421630859375,1371.001220703125,2079242
2021-05-05,1414.4757080078125,1449.187744140625,1399.435546875,1415.2725830078125,1375.7938232421875,2165853
2021-05-06,1414.3760986328125,1444.25732421875,1412.483642578125,1442.1656494140625,1401.93701171875,1643323
2021-05-07,1444.25732421875,1456.1102294921875,1427.6234130859375,1443.85888671875,1403.5830078125,1272527
2021-05-10,1454.2177734375,1469.1583251953125,1424.5855712890625,1438.828857421875,1398.6932373046875,2080852
2021-05-11,1419.3563232421875,1463.13232421875,1419.3563232421875,1444.40673828125,1404.1156005859375,1527199
2021-05-12,1446.1995849609375,1450.8809814453125,1402.4735107421875,1406.7564697265625,1367.5155029296875,1354561
2021-05-14,1414.3760986328125,1416.318359375,1349.484130859375,1361.5860595703125,1323.605224609375,1245183
2021-05-17,1367.661865234375,1394.853759765625,1357.0540771484375,1388.3297119140625,1349.6026611328125,755051
2021-05-18,1399.53515625,1422.195068359375,1380.6103515625,1386.885498046875,1348.19873046875,1049467
2021-05-19,1385.490966796875,1416.2686767578125,1374.9329833984375,1384.1961669921875,1345.58447265625,912471
2021-05-20,1383.4989013671875,1383.4989013671875,1359.693603515625,1369.8033447265625,1331.59326171875,886461
2021-05-21,1374.5345458984375,1381.45703125,1359.593994140625,1366.4168701171875,1328.3011474609375,743088
2021-05-24,1367.213623046875,1370.9488525390625,1345.2509765625,1365.3211669921875,1327.236083984375,1450921
2021-05-25,1374.5345458984375,1393.7083740234375,1348.8367919921875,1369.4547119140625,1331.2542724609375,3103636
2021-05-26,1379.5147705078125,1426.27880859375,1375.5804443359375,1403.818115234375,1364.6590576171875,4319669
2021-05-27,1409.34619140625,1430.561767578125,1387.4830322265625,1411.5374755859375,1372.1630859375,4469025
2021-05-28,1422.543701171875,1474.1385498046875,1415.3721923828125,1459.6461181640625,1418.929931640625,2700533
2021-05-31,1459.4468994140625,1488.9794921875,1449.237548828125,1465.3734130859375,1424.497314453125,2951302
2021-06-01,1469.7559814453125,1473.2918701171875,1431.308837890625,1438.828857421875,1398.6932373046875,1122065
2021-06-02,1438.2811279296875,1448.689697265625,1419.9041748046875,1436.5379638671875,1396.46630859375,1804692
2021-06-03,1439.476318359375,1458.201904296875,1430.362548828125,1452.97265625,1412.4425048828125,1010766
2021-06-04,1453.0224609375,1501.0316162109375,1446.5980224609375,1497.29638671875,1455.52978515625,2566329
2021-06-07,1512.585693359375,1524.88671875,1489.6767578125,1495.0552978515625,1453.351318359375,2501045
2021-06-08,1502.973876953125,1510.0457763671875,1484.298095703125,1497.19677734375,1455.4329833984375,1031475
2021-06-09,1504.1192626953125,1521.8487548828125,1479.11865234375,1486.1407470703125,1444.6854248046875,1734171
2021-06-10,1485.094970703125,1510.991943359375,1481.31005859375,1486.5889892578125,1445.1212158203125,879471
2021-06-11,1499.9359130859375,1504.0196533203125,1469.6563720703125,1484.696533203125,1443.2813720703125,899012
2021-06-14,1475.632568359375,1491.7684326171875,1451.4288330078125,1487.0870361328125,1445.605224609375,685484
2021-06-15,1489.0791015625,1508.9998779296875,1482.1068115234375,1489.328125,1447.7838134765625,817869
2021-06-16,1489.5771484375,1495.6031494140625,1458.102294921875,1463.38134765625,1422.560791015625,921327
2021-06-17,1459.1978759765625,1484.746337890625,1444.80517578125,1452.4248046875,1411.909912109375,798597
2021-06-18,1458.201904296875,1483.3021240234375,1414.4259033203125,1474.885498046875,1433.744140625,1491403
2021-06-21,1455.5125732421875,1494.9058837890625,1449.237548828125,1490.7225341796875,1449.1395263671875,1150374
2021-06-22,1494.059326171875,1514.7769775390625,1487.1368408203125,1490.3739013671875,1448.80029296875,1410254
2021-06-23,1494.059326171875,1506.2607421875,1478.1226806640625,1492.814208984375,1451.1727294921875,977659
2021-06-24,1492.0672607421875,1501.0316162109375,1481.6087646484375,1492.963623046875,1451.3179931640625,1150441
2021-06-25,1495.7525634765625,1508.9998779296875,1484.098876953125,1500.8822021484375,1459.015625,1198951
2021-06-28,1508.9998779296875,1540.8731689453125,1506.7587890625,1514.5777587890625,1472.3291015625,2457270
2021-06-29,1510.991943359375,1517.2171630859375,1493.063232421875,1497.34619140625,1455.5782470703125,737277
2021-06-30,1497.34619140625,1503.720947265625,1485.094970703125,1492.814208984375,1451.1727294921875,902718
2021-07-01,1497.29638671875,1502.376220703125,1483.1029052734375,1494.358154296875,1452.673583984375,637573
2021-07-02,1499.03955078125,1506.9580078125,1481.11083984375,1483.849853515625,1442.45849609375,745289
2021-07-05,1491.5692138671875,1502.027587890625,1480.11474609375,1483.800048828125,1442.409912109375,787645
2021-07-06,1485.8419189453125,1518.9603271484375,1485.792236328125,1491.3201904296875,1449.7203369140625,1828294
2021-07-07,1489.0791015625,1494.059326171875,1470.154296875,1487.9337158203125,1446.42822265625,1123558
2021-07-08,1490.8719482421875,1492.814208984375,1466.369384765625,1469.6065673828125,1428.6124267578125,1079337
2021-07-09,1469.1583251953125,1502.027587890625,1455.2137451171875,1494.208740234375,1452.5283203125,801755
2021-07-12,1501.0316162109375,1534.59814453125,1501.0316162109375,1530.066162109375,1487.3856201171875,1866434
2021-07-13,1533.90087890625,1575.8839111328125,1531.9088134765625,1570.40576171875,1526.599853515625,2184726
2021-07-14,1569.26025390625,1573.742431640625,1556.959228515625,1561.5908203125,1518.03076171875,705279
2021-07-15,1561.7900390625,1573.493408203125,1546.998779296875,1551.08251953125,1507.8155517578125,911522
2021-07-16,1558.6026611328125,1573.0452880859375,1541.9189453125,1566.072998046875,1522.387939453125,853187
2021-07-19,1552.62646484375,1569.35986328125,1538.731689453125,1552.62646484375,1509.3162841796875,562032
2021-07-20,1552.02880859375,1581.2625732421875,1532.8052978515625,1567.8658447265625,1524.130859375,1735941
2021-07-22,1588.68310546875,1593.165283203125,1566.9693603515625,1575.7843017578125,1531.828369140625,986602
2021-07-23,1573.742431640625,1582.656982421875,1539.030517578125,1543.36328125,1500.3118896484375,1414915
2021-07-26,1543.36328125,1560.046875,1534.94677734375,1544.1103515625,1501.0380859375,1014895
2021-07-27,1545.0565185546875,1558.0050048828125,1507.0078125,1512.685302734375,1470.4893798828125,772365
2021-07-28,1521.9483642578125,1531.1617431640625,1480.11474609375,1527.4764404296875,1484.867919921875,1298575
2021-07-29,1536.8890380859375,1551.43115234375,1516.96826171875,1538.482666015625,1495.5673828125,1223764
2021-07-30,1531.6099853515625,1559.7979736328125,1515.62353515625,1545.2059326171875,1502.1029052734375,1130851
2021-08-02,1558.8018798828125,1607.8070068359375,1552.47705078125,1585.3463134765625,1541.123779296875,2029644
2021-08-03,1568.7623291015625,1593.5635986328125,1538.383056640625,1586.0933837890625,1541.8499755859375,1650483
2021-08-04,1583.702880859375,1598.8924560546875,1530.9625244140625,1548.6920166015625,1505.4918212890625,1252484
2021-08-05,1532.90478515625,1546.849365234375,1518.9603271484375,1531.3111572265625,1488.5955810546875,718574
2021-08-06,1538.482666015625,1547.347412109375,1514.1793212890625,1524.9365234375,1482.3990478515625,688396
2021-08-09,1538.881103515625,1540.8731689453125,1500.5833740234375,1506.1611328125,1464.147216796875,611589
2021-08-10,1513.9801025390625,1513.9801025390625,1472.0966796875,1484.696533203125,1443.2813720703125,933609
2021-08-11,1478.1226806640625,1510.892333984375,1474.1385498046875,1496.4498291015625,1454.706787109375,1273342
2021-08-12,1493.860107421875,1508.9998779296875,1482.7542724609375,1486.3897705078125,1453.6353759765625,508925
2021-08-13,1487.3858642578125,1526.3807373046875,1479.61669921875,1490.9715576171875,1458.1160888671875,2451296
2021-08-16,1492.963623046875,1518.9603271484375,1481.5091552734375,1484.995361328125,1452.2716064453125,932948
2021-08-17,1490.5731201171875,1492.614990234375,1454.3173828125,1475.134521484375,1442.6280517578125,1095272
2021-08-18,1476.329833984375,1502.824462890625,1474.1385498046875,1495.2545166015625,1462.3046875,891871
2021-08-20,1484.049072265625,1497.34619140625,1469.1583251953125,1478.7701416015625,1446.18359375,777228
2021-08-23,1489.0791015625,1493.312255859375,1426.32861328125,1434.9443359375,1403.3236083984375,1168369
2021-08-24,1438.2811279296875,1456.2098388671875,1434.9443359375,1454.3671875,1422.318359375,916666
2021-08-25,1460.6920166015625,1466.817626953125,1440.372802734375,1441.9664306640625,1410.19091796875,842972
2021-08-26,1440.372802734375,1453.96875,1424.3863525390625,1433.3507080078125,1401.7650146484375,940660
2021-08-27,1438.2811279296875,1462.18603515625,1437.2352294921875,1452.5244140625,1420.5162353515625,899807
2021-08-30,1459.1978759765625,1477.1265869140625,1456.2098388671875,1465.3236083984375,1433.0333251953125,767630
2021-08-31,1476.130615234375,1498.44189453125,1461.83740234375,1494.457763671875,1461.525634765625,1662849
2021-09-01,1504.0196533203125,1508.5018310546875,1474.3377685546875,1480.11474609375,1447.49853515625,666666
2021-09-02,1484.098876953125,1501.0316162109375,1479.11865234375,1493.312255859375,1460.4052734375,1022291
2021-09-03,1504.0196533203125,1513.9302978515625,1486.5889892578125,1504.4678955078125,1471.31494140625,1140167
2021-09-06,1506.01171875,1560.7939453125,1506.01171875,1524.9365234375,1491.3326416015625,2520316
2021-09-07,1531.9088134765625,1551.72998046875,1508.7508544921875,1548.293701171875,1514.175048828125,1162828
2021-09-08,1555.813720703125,1602.279052734375,1546.2518310546875,1570.45556640625,1535.8486328125,4094362
2021-09-09,1573.593017578125,1596.6513671875,1563.7821044921875,1591.571533203125,1556.499267578125,845937
2021-09-13,1603.6236572265625,1607.1097412109375,1573.294189453125,1599.9881591796875,1564.73046875,971858
2021-09-14,1603.6236572265625,1613.4844970703125,1587.68701171875,1605.41650390625,1570.0390625,1087072
2021-09-15,1608.6038818359375,1616.2235107421875,1583.702880859375,1600.436279296875,1565.1685791015625,1003371
2021-09-16,1608.6038818359375,1611.5919189453125,1567.7662353515625,1572.1986083984375,1537.55322265625,855454
2021-09-17,1580.9637451171875,1603.4244384765625,1556.162353515625,1562.5867919921875,1528.153076171875,1964523
2021-09-20,1558.8018798828125,1561.341796875,1522.4962158203125,1529.518310546875,1495.8133544921875,777241
2021-09-21,1528.920654296875,1558.8018798828125,1520.653564453125,1550.98291015625,1516.8050537109375,771658
2021-09-22,1545.1561279296875,1576.3819580078125,1540.8233642578125,1568.4136962890625,1533.851806640625,920391
2021-09-23,1572.4476318359375,1618.564208984375,1567.2183837890625,1600.486083984375,1565.2174072265625,1218521
2021-09-24,1608.6038818359375,1651.43359375,1608.6038818359375,1623.29541015625,1587.5240478515625,2009800
2021-09-27,1628.624267578125,1650.6865234375,1615.775390625,1642.27001953125,1606.08056640625,912417
2021-09-28,1646.453369140625,1677.92822265625,1634.6004638671875,1642.22021484375,1606.03173828125,1569131
2021-09-29,1635.4969482421875,1671.8524169921875,1628.574462890625,1663.286376953125,1626.6337890625,821908
2021-09-30,1653.4256591796875,1687.58984375,1653.4256591796875,1662.8382568359375,1626.195556640625,1081824
2021-10-01,1653.3758544921875,1680.966064453125,1629.022705078125,1670.5076904296875,1633.696044921875,705296
2021-10-04,1645.457275390625,1648.2960205078125,1614.580078125,1634.6502685546875,1598.628662109375,1154208
2021-10-05,1634.6502685546875,1646.901611328125,1616.5721435546875,1620.5562744140625,1584.84521484375,543442
2021-10-06,1614.580078125,1633.5048828125,1585.6949462890625,1592.667236328125,1557.57080078125,1041144
2021-10-07,1602.5777587890625,1620.5562744140625,1583.702880859375,1585.6949462890625,1550.7520751953125,3216011
2021-10-08,1589.6790771484375,1610.396728515625,1585.3463134765625,1592.468017578125,1557.3759765625,696357
2021-10-11,1600.635498046875,1658.90380859375,1600.585693359375,1645.208251953125,1608.9539794921875,1703912
2021-10-12,1645.208251953125,1658.4058837890625,1622.1002197265625,1631.1641845703125,1595.219482421875,771610
2021-10-13,1631.1641845703125,1706.4647216796875,1616.3729248046875,1670.4080810546875,1633.5986328125,1353155
2021-10-14,1673.346435546875,1767.97021484375,1673.346435546875,1745.559326171875,1707.0936279296875,2318372
2021-10-18,1755.0216064453125,1791.2774658203125,1739.0850830078125,1747.0035400390625,1708.506103515625,1339088
2021-10-19,1750.04150390625,1763.438232421875,1704.771484375,1711.0963134765625,1673.39013671875,551969
2021-10-20,1703.3272705078125,1717.122314453125,1675.1392822265625,1685.796875,1648.6483154296875,837973
2021-10-21,1702.6300048828125,1747.0533447265625,1683.3565673828125,1738.8858642578125,1700.5673828125,1374606
2021-10-22,1741.6746826171875,1757.7607421875,1703.3272705078125,1707.0125732421875,1669.3963623046875,719097
2021-10-25,1693.2672119140625,1712.88916015625,1662.5394287109375,1703.875,1666.327880859375,576094
2021-10-26,1710.1998291015625,1760.0018310546875,1697.5003662109375,1732.5111083984375,1694.3331298828125,1340095
2021-10-27,1737.0928955078125,1747.7008056640625,1715.8773193359375,1721.5546875,1683.6180419921875,527976
2021-10-28,1729.0748291015625,1729.0748291015625,1685.8466796875,1695.65771484375,1658.291748046875,652099
2021-10-29,1698.2474365234375,1735.598876953125,1668.814453125,1714.28369140625,1676.50732421875,1156691
2021-11-01,1715.1800537109375,1788.737548828125,1712.39111328125,1781.9146728515625,1742.6478271484375,1416529
2021-11-02,1784.90283203125,1797.851318359375,1730.61865234375,1737.1427001953125,1698.8624267578125,1121991
2021-11-03,1738.0889892578125,1786.09814453125,1728.3277587890625,1778.4783935546875,1739.2874755859375,1007472
2021-11-04,1789.883056640625,1792.8712158203125,1778.4783935546875,1784.50439453125,1745.1806640625,95576
2021-11-08,1784.50439453125,1849.7449951171875,1772.452392578125,1841.6273193359375,1801.044677734375,1498465
2021-11-09,1843.669189453125,1872.4547119140625,1841.2288818359375,1856.46826171875,1815.55859375,1049506
2021-11-10,1839.58544921875,1871.9566650390625,1834.704833984375,1867.0263671875,1825.884033203125,507309
2021-11-11,1870.363037109375,1885.5028076171875,1824.545166015625,1837.0455322265625,1796.5638427734375,949302
2021-11-12,1850.5418701171875,1867.5740966796875,1835.202880859375,1851.0897216796875,1810.2987060546875,1157525
2021-11-15,1851.687255859375,1882.4649658203125,1832.7625732421875,1848.5,1807.765869140625,653718
2021-11-16,1852.633544921875,1867.5740966796875,1809.8038330078125,1815.929443359375,1775.9132080078125,518987
2021-11-17,1818.0709228515625,1818.0709228515625,1779.5740966796875,1785.55029296875,1746.203369140625,669416
2021-11-18,1776.1376953125,1804.7738037109375,1756.3663330078125,1767.47216796875,1728.5235595703125,477111
2021-11-22,1762.442138671875,1791.1778564453125,1743.0692138671875,1771.257080078125,1732.2252197265625,748099
2021-11-23,1771.954345703125,1797.3533935546875,1758.4580078125,1776.287109375,1737.1444091796875,1470853
2021-11-24,1782.9107666015625,1786.8450927734375,1727.232177734375,1740.03125,1701.687255859375,698612
2021-11-25,1709.203857421875,1765.9781494140625,1709.203857421875,1759.7528076171875,1720.9742431640625,708577
2021-11-26,1750.34033203125,1750.8880615234375,1672.350341796875,1683.4063720703125,1646.3104248046875,751240
2021-11-29,1673.346435546875,1713.28759765625,1636.194091796875,1677.28076171875,1640.3197021484375,1454309
2021-11-30,1673.346435546875,1702.8790283203125,1643.7640380859375,1655.865966796875,1619.3768310546875,1649983
2021-12-01,1660.39794921875,1687.6893310546875,1646.802001953125,1672.947998046875,1636.08251953125,867171
2021-12-02,1669.9598388671875,1743.1190185546875,1666.8223876953125,1717.022705078125,1679.1859130859375,984813
2021-12-03,1728.3775634765625,1735.200439453125,1691.374755859375,1697.1517333984375,1659.7528076171875,921208
2021-12-06,1694.2633056640625,1711.7935791015625,1650.5869140625,1654.172607421875,1617.720947265625,851251
2021-12-07,1660.39794921875,1690.279052734375,1660.39794921875,1678.8743896484375,1641.878173828125,824437
2021-12-08,1693.2672119140625,1735.100830078125,1687.291015625,1709.452880859375,1671.782958984375,1008502
2021-12-09,1722.94921875,1723.1484375,1695.25927734375,1715.9271240234375,1678.1142578125,653385
2021-12-10,1708.207763671875,1750.24072265625,1708.207763671875,1742.2723388671875,1703.8790283203125,973292
2021-12-13,1755.0216064453125,1762.691162109375,1720.4093017578125,1725.5887451171875,1687.563232421875,716279
2021-12-14,1708.207763671875,1737.9893798828125,1703.67578125,1715.1800537109375,1677.3837890625,615369
2021-12-15,1708.207763671875,1725.1405029296875,1691.275146484375,1697.6497802734375,1660.239990234375,573823
2021-12-16,1705.1201171875,1732.9593505859375,1695.15966796875,1710.4986572265625,1672.8055419921875,886870
2021-12-17,1698.7952880859375,1707.8094482421875,1649.640625,1659.20263671875,1622.6400146484375,617780
2021-12-20,1649.2423095703125,1649.2423095703125,1594.6593017578125,1610.048095703125,1574.568603515625,948588
2021-12-21,1611.7413330078125,1662.1907958984375,1611.7413330078125,1629.9688720703125,1594.0504150390625,949077
2021-12-22,1641.37353515625,1655.417724609375,1622.74755859375,1632.1103515625,1596.144775390625,899027
2021-12-23,1640.4771728515625,1663.286376953125,1629.6700439453125,1653.0272216796875,1616.6007080078125,1111226
2021-12-24,1653.6248779296875,1661.3939208984375,1588.93212890625,1604.5201416015625,1569.16259765625,1124342
2021-12-27,1594.1612548828125,1609.848876953125,1585.8941650390625,1596.203125,1561.028564453125,1202016
2021-12-28,1610.595947265625,1632.9072265625,1605.61572265625,1615.5263671875,1579.9261474609375,1432912
2021-12-29,1617.5682373046875,1632.4091796875,1591.671142578125,1598.2947998046875,1563.074462890625,755567
2021-12-30,1598.6434326171875,1613.8828125,1581.2625732421875,1587.33837890625,1552.359375,1165542
2021-12-31,1596.7509765625,1637.489013671875,1594.2110595703125,1615.8251953125,1580.2183837890625,1663106
2022-01-03,1623.29541015625,1660.24853515625,1610.595947265625,1655.019287109375,1618.5487060546875,628963
2022-01-04,1664.382080078125,1689.7811279296875,1651.43359375,1685.2989501953125,1648.1612548828125,895183
2022-01-05,1678.32666015625,1746.1568603515625,1677.33056640625,1740.130859375,1701.7847900390625,1771249
2022-01-06,1739.1846923828125,1739.1846923828125,1703.8251953125,1713.73583984375,1675.9715576171875,1158707
2022-01-07,1715.1800537109375,1799.8433837890625,1715.1800537109375,1790.530517578125,1751.0738525390625,2905803
2022-01-10,1802.83154296875,1837.6929931640625,1786.4964599609375,1831.5672607421875,1791.2061767578125,1468479
2022-01-11,1826.8858642578125,1863.5899658203125,1813.7879638671875,1839.58544921875,1799.0478515625,1416519
2022-01-12,1850.5916748046875,1870.014404296875,1837.6929931640625,1866.578125,1825.4456787109375,701250
2022-01-13,1872.5543212890625,1875.54248046875,1842.673095703125,1849.4959716796875,1808.739990234375,844542
2022-01-14,1852.533935546875,1860.352783203125,1825.093017578125,1849.9442138671875,1809.17822265625,1239491
2022-01-17,1849.9442138671875,1921.3602294921875,1838.68896484375,1911.10107421875,1868.987548828125,1256235
2022-01-18,1920.314453125,1922.1571044921875,1835.402099609375,1844.9141845703125,1804.2591552734375,945496
2022-01-19,1837.6929931640625,1856.51806640625,1789.185791015625,1799.345458984375,1759.694580078125,809295
2022-01-20,1809.8038330078125,1829.4755859375,1806.4173583984375,1823.7484130859375,1783.559814453125,716176
2022-01-21,1821.75634765625,1821.75634765625,1771.954345703125,1785.00244140625,1745.6676025390625,527053
2022-01-24,1784.70361328125,1784.70361328125,1677.33056640625,1684.0040283203125,1646.894775390625,1022826
2022-01-25,1661.9915771484375,1719.3634033203125,1651.4833984375,1714.48291015625,1676.7021484375,837999
2022-01-27,1690.378662109375,1693.2672119140625,1653.5252685546875,1680.3685302734375,1643.33935546875,817874
2022-01-28,1693.2672119140625,1729.4732666015625,1684.3526611328125,1690.279052734375,1653.0316162109375,1141606
2022-01-31,1699.143798828125,1730.1207275390625,1695.25927734375,1720.6583251953125,1682.7413330078125,513199
2022-02-01,1729.7222900390625,1769.9124755859375,1710.2994384765625,1764.3345947265625,1725.4552001953125,1145245
2022-02-02,1772.9503173828125,1782.9107666015625,1756.0177001953125,1771.057861328125,1732.0303955078125,691679
2022-02-03,1772.004150390625,1778.9266357421875,1715.1800537109375,1725.837646484375,1687.806640625,482344
2022-02-04,1725.837646484375,1758.009765625,1720.3594970703125,1728.4273681640625,1690.3392333984375,571680
2022-02-07,1718.218017578125,1742.7205810546875,1693.2672119140625,1705.568359375,1667.98388671875,483211
2022-02-08,1714.53271484375,1721.1563720703125,1678.7249755859375,1710.9967041015625,1673.292724609375,423296
2022-02-09,1711.2955322265625,1739.0850830078125,1706.2156982421875,1732.8099365234375,1694.6253662109375,455811
2022-02-10,1719.7618408203125,1764.2847900390625,1719.7618408203125,1761.5457763671875,1722.727783203125,624867
2022-02-11,1743.0692138671875,1753.029541015625,1695.25927734375,1703.376953125,1665.8409423828125,987534
2022-02-14,1689.8807373046875,1689.8807373046875,1629.172119140625,1636.443115234375,1600.3819580078125,828020
2022-02-15,1652.7283935546875,1709.004638671875,1611.6417236328125,1705.3193359375,1667.7406005859375,1199604
2022-02-16,1708.008544921875,1743.0194091796875,1705.7674560546875,1714.48291015625,1676.7021484375,1208851
2022-02-17,1731.06689453125,1744.862060546875,1693.2672119140625,1704.47265625,1666.9124755859375,1071634
2022-02-18,1695.25927734375,1733.0091552734375,1691.275146484375,1715.9271240234375,1678.1142578125,1205180
2022-02-21,1697.2513427734375,1729.8717041015625,1680.6673583984375,1685.7470703125,1648.5994873046875,1035748
2022-02-22,1630.6661376953125,1683.008056640625,1630.6661376953125,1677.47998046875,1640.5145263671875,884474
2022-02-23,1683.4063720703125,1697.2513427734375,1656.5631103515625,1663.186767578125,1626.536376953125,675772
2022-02-24,1618.564208984375,1646.403564453125,1528.920654296875,1538.233642578125,1504.336669921875,1260593
2022-02-25,1573.742431640625,1592.468017578125,1553.9710693359375,1561.640625,1527.227783203125,1125821
2022-02-28,1546.3514404296875,1598.0457763671875,1532.3570556640625,1592.169189453125,1557.0836181640625,1217106
2022-03-02,1565.774169921875,1576.4815673828125,1532.4068603515625,1542.3671875,1508.3792724609375,1150949
2022-03-03,1551.82958984375,1571.3519287109375,1490.2744140625,1497.64501953125,1464.6424560546875,1150368
2022-03-04,1479.11865234375,1508.9002685546875,1441.2691650390625,1471.748046875,1439.3162841796875,1633853
2022-03-07,1439.277099609375,1469.8555908203125,1404.116943359375,1440.821044921875,1409.0706787109375,927442
2022-03-08,1434.296875,1459.8951416015625,1401.6268310546875,1452.4248046875,1420.418701171875,819693
2022-03-09,1459.8951416015625,1502.724853515625,1437.7830810546875,1487.4356689453125,1454.6580810546875,1697970
2022-03-10,1543.861328125,1568.7623291015625,1525.0361328125,1548.7418212890625,1514.61328125,1492221
2022-03-11,1547.596435546875,1569.65869140625,1534.89697265625,1560.046875,1525.6690673828125,1206952
2022-03-14,1550.0367431640625,1577.6768798828125,1539.7774658203125,1571.2523193359375,1536.627685546875,550221
2022-03-15,1566.7701416015625,1592.368408203125,1551.43115234375,1558.0548095703125,1523.7210693359375,916893
2022-03-16,1573.294189453125,1609.450439453125,1569.95751953125,1597.697265625,1562.4898681640625,1406631
2022-03-17,1613.5841064453125,1650.1884765625,1605.61572265625,1613.4346923828125,1577.880615234375,2739045
2022-03-21,1600.635498046875,1608.0560302734375,1550.2857666015625,1563.2342529296875,1528.786376953125,1291439
2022-03-22,1563.2342529296875,1584.6490478515625,1519.0599365234375,1576.2325439453125,1541.498291015625,1017766
2022-03-23,1588.18505859375,1588.68310546875,1558.1046142578125,1575.8341064453125,1541.1085205078125,844629
2022-03-24,1570.75439453125,1597.5478515625,1562.8856201171875,1593.065673828125,1557.9605712890625,1080721
2022-03-25,1595.1573486328125,1605.61572265625,1567.9654541015625,1584.7486572265625,1549.82666015625,662852
2022-03-28,1588.48388671875,1610.546142578125,1568.96142578125,1604.5699462890625,1569.211181640625,1283149
2022-03-29,1612.5880126953125,1632.1103515625,1600.585693359375,1617.2694091796875,1581.630859375,1743946
2022-03-30,1631.5128173828125,1671.3045654296875,1626.0843505859375,1661.0950927734375,1624.4906005859375,1510711
2022-03-31,1663.385986328125,1671.9520263671875,1643.7640380859375,1657.4097900390625,1620.88671875,781390
2022-04-01,1654.620849609375,1674.1929931640625,1651.43359375,1663.336181640625,1626.682373046875,844681
2022-04-04,1660.39794921875,1681.314697265625,1652.4295654296875,1673.047607421875,1636.179931640625,808254
2022-04-05,1681.314697265625,1705.2197265625,1662.9378662109375,1695.55810546875,1658.1943359375,1206116
2022-04-06,1693.2672119140625,1710.4986572265625,1686.7431640625,1693.0181884765625,1655.71044921875,448766
2022-04-07,1682.808837890625,1693.2672119140625,1661.3939208984375,1675.2886962890625,1638.37158203125,867367
2022-04-08,1669.3623046875,1778.7274169921875,1669.3623046875,1764.2349853515625,1725.3577880859375,2508015
2022-04-11,1777.6317138671875,1823.6488037109375,1757.7109375,1812.94140625,1772.9910888671875,3289420
2022-04-12,1794.86328125,1807.811767578125,1743.0692138671875,1748.54736328125,1710.015869140625,1507804
2022-04-13,1750.04150390625,1770.958251953125,1731.51513671875,1758.9560546875,1720.1953125,839407
2022-04-18,1754.025634765625,1760.3006591796875,1718.267822265625,1734.4036865234375,1696.183837890625,466583
2022-04-19,1747.0533447265625,1769.9622802734375,1693.3668212890625,1713.58642578125,1675.8253173828125,747891
2022-04-20,1711.4947509765625,1752.0335693359375,1710.2496337890625,1729.7222900390625,1691.605712890625,678130
2022-04-21,1738.0889892578125,1762.940185546875,1727.630615234375,1757.2626953125,1718.5391845703125,711001
2022-04-22,1741.0771484375,1747.0533447265625,1703.2276611328125,1710.050537109375,1672.367431640625,900053
2022-04-25,1681.314697265625,1699.093994140625,1671.7030029296875,1686.9921875,1649.817138671875,453315
2022-04-26,1698.2474365234375,1723.1484375,1688.2869873046875,1711.1959228515625,1673.487548828125,753432
2022-04-27,1689.2830810546875,1702.7296142578125,1670.3582763671875,1693.4664306640625,1656.148681640625,426076
2022-04-28,1710.1998291015625,1714.18408203125,1683.3067626953125,1705.1201171875,1667.545654296875,814436
2022-04-29,1709.602294921875,1731.66455078125,1678.42626953125,1685.59765625,1648.4532470703125,1115565
2022-05-02,1669.3623046875,1682.260986328125,1650.63671875,1672.898193359375,1636.03369140625,438839
2022-05-04,1673.446044921875,1696.7532958984375,1608.9525146484375,1615.8251953125,1580.2183837890625,607695
2022-05-05,1625.4866943359375,1638.3853759765625,1595.1573486328125,1600.535888671875,1565.26611328125,524858
2022-05-06,1584.101318359375,1598.0457763671875,1544.9071044921875,1559.3995361328125,1525.0361328125,527671
2022-05-09,1543.8115234375,1567.4176025390625,1530.514404296875,1545.6043701171875,1511.544921875,965410
2022-05-10,1544.8572998046875,1569.60888671875,1528.3231201171875,1535.9925537109375,1502.1448974609375,856641
2022-05-11,1535.8929443359375,1557.507080078125,1502.077392578125,1529.269287109375,1495.56982421875,840087
2022-05-12,1520.952392578125,1523.9404296875,1457.454833984375,1479.96533203125,1447.3524169921875,693593
2022-05-13,1497.64501953125,1511.938232421875,1460.1441650390625,1469.2579345703125,1436.880859375,489395
2022-05-16,1469.1583251953125,1490.9715576171875,1431.906494140625,1446.4984130859375,1414.6229248046875,814351
2022-05-17,1450.2335205078125,1484.098876953125,1442.3150634765625,1475.532958984375,1443.017578125,772250
2022-05-18,1484.098876953125,1503.372314453125,1470.3037109375,1481.4593505859375,1448.8134765625,776063
2022-05-19,1464.1781005859375,1465.1243896484375,1440.821044921875,1452.0264892578125,1420.0291748046875,525816
2022-05-20,1466.170166015625,1515.97216796875,1462.43505859375,1482.4554443359375,1449.78759765625,645075
2022-05-23,1480.11474609375,1504.4678955078125,1446.2493896484375,1451.6280517578125,1419.6396484375,959790
2022-05-24,1452.2255859375,1461.18994140625,1374.5345458984375,1397.1944580078125,1366.405517578125,1863231
2022-05-25,1394.455322265625,1438.978271484375,1351.4263916015625,1370.1021728515625,1339.9100341796875,3390982
2022-05-26,1386.487060546875,1395.302001953125,1334.9420166015625,1387.034912109375,1356.4698486328125,1562780
2022-05-27,1404.415771484375,1417.314453125,1372.59228515625,1391.16845703125,1360.512451171875,1274718
2022-05-30,1404.415771484375,1443.26123046875,1397.5430908203125,1435.29296875,1403.6644287109375,784377
2022-05-31,1442.5142822265625,1449.486572265625,1414.2266845703125,1422.942138671875,1391.585693359375,2034013
2022-06-01,1419.3563232421875,1444.25732421875,1407.0054931640625,1430.860595703125,1399.329833984375,871147
2022-06-02,1443.26123046875,1443.26123046875,1409.9935302734375,1426.87646484375,1395.433349609375,888795
2022-06-03,1429.3167724609375,1435.8408203125,1324.7823486328125,1334.1451416015625,1304.7454833984375,4829454
2022-06-06,1328.716796875,1334.6929931640625,1304.811767578125,1321.4456787109375,1292.325927734375,2364329
2022-06-07,1309.7919921875,1331.704833984375,1292.361328125,1321.3958740234375,1292.2772216796875,2011482
2022-06-08,1331.704833984375,1349.633544921875,1302.2718505859375,1323.487548828125,1294.3228759765625,2671127
2022-06-09,1321.7445068359375,1321.7445068359375,1296.843505859375,1303.9154052734375,1275.1820068359375,1360831
2022-06-10,1284.8909912109375,1326.5255126953125,1280.9566650390625,1321.2464599609375,1292.131103515625,1149961
2022-06-13,1294.8514404296875,1310.240234375,1280.5582275390625,1287.430908203125,1259.060791015625,1204017
2022-06-14,1293.8553466796875,1316.3160400390625,1281.0064697265625,1304.164306640625,1275.4254150390625,1069818
2022-06-15,1314.124755859375,1335.68896484375,1302.7698974609375,1326.4259033203125,1297.196533203125,1062150
2022-06-16,1339.6732177734375,1342.5616455078125,1272.98828125,1279.9605712890625,1251.7550048828125,954602
2022-06-17,1281.80322265625,1301.57470703125,1271.5440673828125,1284.9407958984375,1256.62548828125,1027138
2022-06-20,1284.9906005859375,1316.2662353515625,1279.9107666015625,1310.7880859375,1281.9031982421875,670772
2022-06-21,1325.7286376953125,1334.6929931640625,1311.3358154296875,1328.8162841796875,1299.5340576171875,582021
2022-06-22,1322.840087890625,1325.7286376953125,1305.558837890625,1319.65283203125,1290.572509765625,506446
2022-06-23,1328.716796875,1336.48583984375,1293.9549560546875,1310.837890625,1281.951904296875,829824
2022-06-24,1315.220458984375,1334.6929931640625,1306.056884765625,1318.00927734375,1288.96533203125,761751
2022-06-27,1334.6929931640625,1349.932373046875,1326.724609375,1343.9561767578125,1314.3404541015625,1127432
2022-06-28,1338.6771240234375,1348.4881591796875,1321.4456787109375,1337.73095703125,1308.2525634765625,661031
2022-06-29,1325.1309814453125,1354.51416015625,1313.576904296875,1318.00927734375,1288.96533203125,1556138
2022-06-30,1326.1270751953125,1332.053466796875,1304.911376953125,1315.5191650390625,1286.530029296875,1138089
2022-07-01,1314.772216796875,1344.6533203125,1300.13037109375,1341.914306640625,1312.343505859375,518559
2022-07-04,1334.6929931640625,1352.2232666015625,1326.3262939453125,1345.4501953125,1315.801513671875,787143
2022-07-05,1349.633544921875,1372.34326171875,1340.071533203125,1344.4044189453125,1314.77880859375,704841
2022-07-06,1353.76708984375,1369.7535400390625,1340.270751953125,1364.2255859375,1334.1630859375,709046
2022-07-07,1376.526611328125,1386.387451171875,1362.6318359375,1369.4049072265625,1339.2283935546875,546507
2022-07-08,1376.725830078125,1401.4276123046875,1376.725830078125,1385.839599609375,1355.3009033203125,1079820
2022-07-11,1382.552734375,1405.4117431640625,1368.558349609375,1400.431640625,1369.5711669921875,761236
2022-07-12,1385.739990234375,1395.700439453125,1370.8492431640625,1374.5843505859375,1344.2935791015625,318839
2022-07-13,1386.287841796875,1400.6307373046875,1382.8016357421875,1393.6087646484375,1362.8988037109375,470489
2022-07-14,1397.4434814453125,1402.4237060546875,1375.1322021484375,1386.287841796875,1355.7392578125,380844
2022-07-15,1393.2601318359375,1401.4276123046875,1383.3992919921875,1392.6624755859375,1361.9735107421875,288785
2022-07-18,1403.419677734375,1425.43212890625,1400.53125,1422.643310546875,1391.293701171875,606107
2022-07-19,1412.384033203125,1440.223388671875,1412.384033203125,1436.4881591796875,1404.833251953125,764754
2022-07-20,1459.0484619140625,1459.1480712890625,1432.3048095703125,1435.9404296875,1404.297607421875,810415
2022-07-21,1439.277099609375,1461.98681640625,1436.4384765625,1458.799560546875,1426.653076171875,780126
2022-07-22,1459.1978759765625,1523.9404296875,1451.3292236328125,1515.32470703125,1481.9324951171875,1650074
2022-07-25,1515.32470703125,1515.32470703125,1476.031005859375,1492.565185546875,1459.6746826171875,1205285
2022-07-26,1492.565185546875,1511.440185546875,1479.21826171875,1508.8504638671875,1475.60107421875,882250
2022-07-27,1507.8046875,1555.614501953125,1506.9580078125,1540.7237548828125,1506.7718505859375,1287079
2022-07-28,1549.8375244140625,1560.84375,1531.9586181640625,1544.4588623046875,1510.4246826171875,966093
2022-07-29,1550.2857666015625,1581.4119873046875,1548.9410400390625,1566.7701416015625,1532.2442626953125,804695
2022-08-01,1570.15673828125,1583.055419921875,1553.8714599609375,1562.1883544921875,1527.763427734375,556560
2022-08-02,1553.8714599609375,1588.18505859375,1545.8533935546875,1583.553466796875,1548.657958984375,907650
2022-08-03,1585.7945556640625,1598.1951904296875,1561.3916015625,1580.5653076171875,1545.735595703125,539764
2022-08-04,1593.5137939453125,1595.3565673828125,1555.0169677734375,1573.0950927734375,1538.4300537109375,720561
2022-08-05,1580.9637451171875,1609.500244140625,1575.8341064453125,1591.969970703125,1556.888916015625,951109
2022-08-08,1591.1732177734375,1600.685302734375,1578.72265625,1592.318603515625,1557.2298583984375,461663
2022-08-10,1588.78271484375,1609.799072265625,1580.2166748046875,1604.5201416015625,1569.16259765625,567647
2022-08-11,1613.5841064453125,1613.6339111328125,1586.6910400390625,1593.7130126953125,1568.3291015625,451982
2022-08-12,1601.731201171875,1646.453369140625,1583.702880859375,1616.1737060546875,1590.4322509765625,1803740
2022-08-16,1625.0384521484375,1628.375244140625,1536.5404052734375,1585.2467041015625,1559.997802734375,1431538
2022-08-17,1593.6632080078125,1632.458984375,1589.7288818359375,1610.147705078125,1584.502197265625,1052538
2022-08-18,1601.631591796875,1615.177734375,1579.71875,1607.3587646484375,1581.7578125,1010974
2022-08-19,1613.5343017578125,1615.576171875,1587.78662109375,1599.4901123046875,1574.0142822265625,815549
2022-08-22,1592.667236328125,1592.667236328125,1547.596435546875,1557.9053955078125,1533.0919189453125,962565
2022-08-23,1551.82958984375,1601.133544921875,1540.8233642578125,1589.1312255859375,1563.8204345703125,1878454
2022-08-24,1588.68310546875,1610.745361328125,1568.81201171875,1605.86474609375,1580.287353515625,907999
2022-08-25,1610.595947265625,1640.87548828125,1609.649658203125,1618.414794921875,1592.6375732421875,872154
2022-08-26,1623.49462890625,1680.7669677734375,1623.49462890625,1668.615234375,1642.0384521484375,1352886
2022-08-29,1627.528564453125,1675.3385009765625,1607.7073974609375,1657.4595947265625,1631.060546875,1007459
2022-08-30,1663.585205078125,1685.2989501953125,1663.585205078125,1672.001708984375,1645.3709716796875,830049
2022-09-01,1653.9237060546875,1699.691650390625,1653.8240966796875,1678.32666015625,1651.59521484375,1368943
2022-09-02,1678.7249755859375,1690.777099609375,1663.435791015625,1681.215087890625,1654.4376220703125,601416
2022-09-05,1686.2451171875,1707.4608154296875,1673.346435546875,1703.974609375,1676.8345947265625,790436
2022-09-06,1697.2513427734375,1723.8953857421875,1697.2513427734375,1716.2259521484375,1688.890869140625,833826
2022-09-07,1703.2276611328125,1748.0494384765625,1703.2276611328125,1743.2186279296875,1715.4537353515625,800842
2022-09-08,1750.34033203125,1765.4801025390625,1743.1190185546875,1762.840576171875,1734.762939453125,608734
2022-09-09,1765.4801025390625,1790.679931640625,1735.349853515625,1741.326171875,1713.5914306640625,695716
2022-09-12,1740.0810546875,1764.9820556640625,1740.0810546875,1761.4461669921875,1733.390869140625,420084
2022-09-13,1763.9859619140625,1801.4869384765625,1763.9859619140625,1782.5621337890625,1754.17041015625,812176
2022-09-14,1757.0137939453125,1791.7257080078125,1757.0137939453125,1775.7392578125,1747.4561767578125,710550
2022-09-15,1778.9266357421875,1809.0567626953125,1769.8626708984375,1801.1383056640625,1772.4508056640625,1078073
2022-09-16,1792.7716064453125,1798.847412109375,1719.0645751953125,1737.6905517578125,1710.0135498046875,1031783
2022-09-19,1733.1087646484375,1755.9678955078125,1719.7618408203125,1742.4217529296875,1714.66943359375,517380
2022-09-20,1753.029541015625,1760.9481201171875,1724.3436279296875,1734.752197265625,1707.1219482421875,1023132
2022-09-21,1732.11279296875,1742.3719482421875,1703.2276611328125,1713.03857421875,1685.7542724609375,1131988
2022-09-22,1713.03857421875,1729.1246337890625,1690.079833984375,1725.837646484375,1698.349365234375,477972
2022-09-23,1726.136474609375,1727.630615234375,1683.3067626953125,1690.677490234375,1663.7493896484375,638948
2022-09-26,1670.4080810546875,1686.294921875,1645.955322265625,1658.85400390625,1632.4326171875,784059
2022-09-27,1658.4058837890625,1690.229248046875,1637.439208984375,1675.8365478515625,1649.144775390625,571532
2022-09-28,1658.4058837890625,1681.065673828125,1647.7481689453125,1662.5394287109375,1636.059326171875,550298
2022-09-29,1670.8563232421875,1683.157470703125,1644.7601318359375,1649.2423095703125,1622.9739990234375,543934
2022-09-30,1676.3345947265625,1690.279052734375,1647.3995361328125,1668.216796875,1641.6463623046875,815263
2022-10-03,1664.382080078125,1674.7906494140625,1621.6021728515625,1629.9688720703125,1604.007568359375,474878
2022-10-04,1661.1947021484375,1681.912353515625,1644.8597412109375,1677.23095703125,1650.516845703125,515663
2022-10-06,1685.6474609375,1698.2474365234375,1668.3662109375,1676.43408203125,1649.73291015625,616095
2022-10-07,1668.3662109375,1696.15576171875,1648.4454345703125,1691.175537109375,1664.2393798828125,691354
2022-10-10,1675.3385009765625,1681.264892578125,1650.63671875,1667.3204345703125,1640.7642822265625,771385
2022-10-11,1674.5416259765625,1675.3385009765625,1630.7159423828125,1637.987060546875,1611.8980712890625,409456
2022-10-12,1645.457275390625,1670.3582763671875,1624.83935546875,1665.029541015625,1638.5098876953125,412162
2022-10-13,1663.585205078125,1678.07763671875,1633.5048828125,1673.097412109375,1646.44921875,751063
2022-10-14,1692.2711181640625,1708.456787109375,1681.115478515625,1688.8348388671875,1661.93603515625,568187
2022-10-17,1683.3067626953125,1702.2315673828125,1668.615234375,1684.4522705078125,1657.6231689453125,711250
2022-10-18,1692.9185791015625,1693.9644775390625,1673.645263671875,1681.563720703125,1654.7808837890625,471745
2022-10-19,1684.3028564453125,1705.8670654296875,1670.8563232421875,1677.67919921875,1650.9580078125,1082577
2022-10-20,1676.78271484375,1688.0379638671875,1661.5433349609375,1682.260986328125,1655.4669189453125,430634
2022-10-21,1683.2569580078125,1708.157958984375,1662.5892333984375,1670.4080810546875,1643.802734375,471477
2022-10-24,1688.2869873046875,1701.2354736328125,1683.3067626953125,1692.3209228515625,1665.3665771484375,56288
2022-10-25,1689.7811279296875,1722.15234375,1686.1953125,1707.908935546875,1680.706298828125,708672
2022-10-27,1722.94921875,1733.6068115234375,1714.03466796875,1717.620361328125,1690.26318359375,568780
2022-10-28,1723.048828125,1731.11669921875,1665.2784423828125,1677.52978515625,1650.81103515625,443761
2022-10-31,1685.9462890625,1723.1484375,1681.812744140625,1714.8812255859375,1687.5675048828125,594266
2022-11-01,1721.35546875,1762.989990234375,1721.35546875,1754.324462890625,1726.382568359375,862642
2022-11-02,1754.324462890625,1775.888671875,1745.061279296875,1753.079345703125,1725.1572265625,682110
2022-11-03,1743.1688232421875,1764.9322509765625,1728.6763916015625,1738.7364501953125,1711.0428466796875,370943
2022-11-04,1744.065185546875,1764.9820556640625,1736.146728515625,1758.109375,1730.1072998046875,445790
2022-11-07,1763.9859619140625,1787.9906005859375,1755.3702392578125,1768.16943359375,1740.0069580078125,772139
2022-11-09,1786.8450927734375,1786.8450927734375,1726.485107421875,1738.5870361328125,1710.8956298828125,616980
2022-11-10,1733.1087646484375,1733.2083740234375,1689.0340576171875,1697.7991943359375,1670.757568359375,613431
2022-11-11,1706.3153076171875,1732.01318359375,1688.8348388671875,1701.6837158203125,1674.580322265625,1083107
2022-11-14,1704.2236328125,1749.94189453125,1700.488525390625,1741.5750732421875,1713.8363037109375,1571362
2022-11-15,1741.5750732421875,1749.49365234375,1704.3232421875,1726.634521484375,1699.1336669921875,1013411
2022-11-16,1729.1246337890625,1743.0194091796875,1698.2474365234375,1720.6583251953125,1693.2528076171875,903821
2022-11-17,1717.072509765625,1717.072509765625,1690.279052734375,1703.875,1676.7366943359375,638353
2022-11-18,1707.2117919921875,1716.6243896484375,1674.6412353515625,1702.0821533203125,1674.97216796875,753543
2022-11-21,1692.7193603515625,1701.2354736328125,1669.3623046875,1675.7369384765625,1649.0467529296875,417544
2022-11-22,1681.115478515625,1710.050537109375,1675.3385009765625,1692.9683837890625,1666.0037841796875,792650
2022-11-23,1698.1478271484375,1706.8631591796875,1686.892578125,1695.80712890625,1668.7972412109375,515987
2022-11-24,1703.1280517578125,1726.833740234375,1691.275146484375,1716.6243896484375,1689.282958984375,861243
2022-11-25,1723.1484375,1732.11279296875,1699.193603515625,1728.2779541015625,1700.7508544921875,584168
2022-11-28,1716.4251708984375,1737.0430908203125,1706.7635498046875,1710.1500244140625,1682.9117431640625,410415
2022-11-29,1713.18798828125,1725.1405029296875,1707.859130859375,1712.34130859375,1685.0679931640625,494662
2022-11-30,1718.367431640625,1761.5955810546875,1718.367431640625,1752.780517578125,1724.8631591796875,1137756
2022-12-01,1762.989990234375,1800.2418212890625,1753.029541015625,1792.8214111328125,1764.2662353515625,898588
2022-12-02,1789.683837890625,1817.473388671875,1778.9266357421875,1812.443359375,1783.57568359375,1357654
2022-12-05,1820.56103515625,1829.724609375,1805.6204833984375,1808.9571533203125,1780.14501953125,837283
2022-12-06,1806.815673828125,1822.7523193359375,1792.8712158203125,1818.8179931640625,1789.848876953125,631065
2022-12-07,1829.724609375,1832.2147216796875,1792.8712158203125,1801.0386962890625,1772.352783203125,657577
2022-12-08,1801.0386962890625,1818.0709228515625,1798.897216796875,1805.2718505859375,1776.5185546875,334379
2022-12-09,1812.244140625,1828.2803955078125,1781.217529296875,1792.7716064453125,1764.2174072265625,523232
2022-12-12,1795.8592529296875,1811.9951171875,1769.0159912109375,1808.110595703125,1779.3121337890625,457733
2022-12-13,1809.8038330078125,1817.7720947265625,1795.5604248046875,1803.62841796875,1774.901123046875,452455
2022-12-14,1807.811767578125,1826.686767578125,1804.07666015625,1814.6346435546875,1785.7320556640625,535865
2022-12-15,1815.580810546875,1818.0709228515625,1770.958251953125,1779.822998046875,1751.4749755859375,319014
2022-12-16,1771.954345703125,1783.0103759765625,1745.061279296875,1749.39404296875,1721.5306396484375,711870
2022-12-19,1745.061279296875,1762.890380859375,1737.0928955078125,1758.806640625,1730.79345703125,313190
2022-12-20,1755.0216064453125,1756.9639892578125,1722.7998046875,1751.9837646484375,1724.0791015625,443027
2022-12-21,1753.577392578125,1765.3804931640625,1721.0069580078125,1726.036865234375,1698.54541015625,411544
2022-12-22,1739.0850830078125,1748.79638671875,1719.2139892578125,1737.9395751953125,1710.258544921875,421636
2022-12-23,1718.168212890625,1738.9854736328125,1698.1976318359375,1702.3311767578125,1675.2174072265625,358698
2022-12-26,1704.8212890625,1734.1048583984375,1697.2513427734375,1722.2021484375,1694.7718505859375,385645
2022-12-27,1730.81787109375,1741.8739013671875,1721.2061767578125,1732.5111083984375,1704.916748046875,236578
2022-12-28,1724.1444091796875,1761.0975341796875,1724.1444091796875,1745.609130859375,1717.8060302734375,362774
2022-12-29,1738.9854736328125,1753.029541015625,1714.18408203125,1745.808349609375,1718.0020751953125,384501
2022-12-30,1748.39794921875,1764.4342041015625,1711.3453369140625,1716.6741943359375,1689.33203125,296853
2023-01-02,1718.566650390625,1741.0771484375,1713.18798828125,1724.4432373046875,1696.977294921875,312125
2023-01-03,1717.670166015625,1735.399658203125,1705.6180419921875,1710.2496337890625,1683.0096435546875,548701
2023-01-04,1715.5784912109375,1721.1563720703125,1678.8245849609375,1683.6055908203125,1656.7901611328125,435968
2023-01-05,1692.072021484375,1701.086181640625,1669.9100341796875,1691.573974609375,1664.631591796875,487184
2023-01-06,1692.1715087890625,1692.9185791015625,1658.4058837890625,1673.944091796875,1647.282470703125,587219
2023-01-09,1693.1676025390625,1693.1676025390625,1655.915771484375,1666.9718017578125,1640.421142578125,656429
2023-01-10,1667.3204345703125,1678.02783203125,1626.7318115234375,1644.4613037109375,1618.2691650390625,594512
2023-01-11,1644.9593505859375,1652.2801513671875,1621.6519775390625,1628.574462890625,1602.6353759765625,646333
2023-01-12,1633.1064453125,1658.4058837890625,1625.6361083984375,1635.8953857421875,1609.83984375,908677
2023-01-13,1641.92138671875,1664.830322265625,1634.6502685546875,1648.5450439453125,1622.2879638671875,637882
2023-01-16,1652.9276123046875,1661.7923583984375,1633.5048828125,1641.97119140625,1615.8187255859375,360571
2023-01-17,1635.4969482421875,1659.40185546875,1635.4969482421875,1654.122802734375,1627.77685546875,514997
2023-01-18,1661.3939208984375,1680.1195068359375,1657.3599853515625,1669.8602294921875,1643.2635498046875,716978
2023-01-19,1667.3702392578125,1686.294921875,1662.0413818359375,1670.2586669921875,1643.6556396484375,624177
2023-01-20,1670.2586669921875,1680.7669677734375,1645.706298828125,1648.7940673828125,1622.532958984375,317042
2023-01-23,1656.4136962890625,1661.1947021484375,1608.9525146484375,1624.83935546875,1598.959716796875,675068
2023-01-24,1627.528564453125,1631.4630126953125,1586.89013671875,1596.8505859375,1571.4168701171875,450813
2023-01-25,1596.8505859375,1604.5699462890625,1575.9835205078125,1587.43798828125,1562.1541748046875,503547
2023-01-27,1587.63720703125,1596.1533203125,1543.36328125,1572.1986083984375,1547.1575927734375,915505
2023-01-30,1573.593017578125,1599.9881591796875,1559.7979736328125,1592.268798828125,1566.907958984375,467299
2023-01-31,1596.103515625,1614.580078125,1576.8302001953125,1583.902099609375,1558.6744384765625,1534280
2023-02-01,1586.6910400390625,1616.5721435546875,1559.84765625,1581.5115966796875,1556.3221435546875,741968
2023-02-02,1568.7623291015625,1597.099609375,1556.510986328125,1592.418212890625,1567.05517578125,721339
2023-02-03,1593.6632080078125,1612.6378173828125,1569.60888671875,1609.948486328125,1584.3060302734375,754417
2023-02-06,1611.392822265625,1614.7294921875,1590.7747802734375,1611.6915283203125,1586.0213623046875,499057
2023-02-07,1613.1856689453125,1626.1839599609375,1600.984130859375,1609.898681640625,1584.257080078125,595073
2023-02-08,1610.546142578125,1634.5008544921875,1609.350830078125,1630.0684814453125,1604.105712890625,513921
2023-02-09,1630.0684814453125,1655.417724609375,1621.2037353515625,1636.941162109375,1610.868896484375,1022882
2023-02-10,1633.5048828125,1635.8455810546875,1616.0740966796875,1628.823486328125,1602.8804931640625,333259
2023-02-13,1628.524658203125,1636.692138671875,1611.193603515625,1615.875,1590.1383056640625,242604
2023-02-14,1616.5721435546875,1621.3033447265625,1572.1488037109375,1598.3446044921875,1572.8870849609375,1051049
2023-02-15,1598.3446044921875,1633.5048828125,1591.820556640625,1619.709716796875,1593.9117431640625,644537
2023-02-16,1625.7357177734375,1636.194091796875,1610.546142578125,1623.19580078125,1597.3424072265625,312420
2023-02-17,1618.663818359375,1662.1907958984375,1615.5263671875,1636.443115234375,1610.3787841796875,877096
2023-02-20,1637.489013671875,1643.7640380859375,1615.7255859375,1625.5364990234375,1599.6458740234375,447737
2023-02-21,1628.524658203125,1652.3299560546875,1618.763427734375,1626.6820068359375,1600.7730712890625,539466
2023-02-22,1627.777587890625,1627.777587890625,1564.379638671875,1567.9156494140625,1542.9427490234375,1056328
2023-02-23,1575.7344970703125,1582.2088623046875,1561.939453125,1574.091064453125,1549.019775390625,485537
2023-02-24,1574.340087890625,1588.18505859375,1564.877685546875,1568.96142578125,1543.971923828125,390716
2023-02-27,1574.738525390625,1578.6728515625,1547.895263671875,1565.375732421875,1540.443359375,397502
2023-02-28,1571.7503662109375,1578.1748046875,1551.92919921875,1572.2982177734375,1547.2554931640625,742087
2023-03-01,1561.7900390625,1591.671142578125,1561.7900390625,1587.33837890625,1562.05615234375,288099
2023-03-02,1587.68701171875,1595.6553955078125,1581.7108154296875,1592.169189453125,1566.81005859375,286119
2023-03-03,1595.6553955078125,1605.56591796875,1584.250732421875,1589.9281005859375,1564.6044921875,611252
2023-03-06,1593.6134033203125,1604.6197509765625,1589.6790771484375,1592.218994140625,1566.8590087890625,330663
2023-03-08,1592.667236328125,1602.6275634765625,1588.43408203125,1594.7589111328125,1569.3585205078125,435573
2023-03-09,1594.7589111328125,1602.378662109375,1579.220703125,1594.9083251953125,1569.5054931640625,302901
2023-03-10,1578.72265625,1600.386474609375,1576.8800048828125,1589.5794677734375,1564.261474609375,458587
2023-03-13,1595.6553955078125,1611.7413330078125,1542.96484375,1555.863525390625,1531.0826416015625,804792
2023-03-14,1563.6326904296875,1563.6326904296875,1535.1956787109375,1555.0169677734375,1530.2493896484375,507817
2023-03-15,1555.813720703125,1573.1947021484375,1540.3253173828125,1544.4588623046875,1519.859619140625,551661
2023-03-16,1552.07861328125,1560.4951171875,1521.002197265625,1554.2698974609375,1529.5142822265625,583369
2023-03-17,1563.7821044921875,1586.0435791015625,1549.8375244140625,1578.9716796875,1553.82275390625,698627
2023-03-20,1544.8572998046875,1592.667236328125,1544.8572998046875,1586.4918212890625,1561.2230224609375,530519
2023-03-21,1593.6632080078125,1602.6275634765625,1581.4617919921875,1599.8387451171875,1574.357421875,570821
2023-03-22,1603.6236572265625,1609.599853515625,1591.969970703125,1606.51220703125,1580.924560546875,296273
2023-03-23,1603.5240478515625,1613.5841064453125,1593.6632080078125,1599.5897216796875,1574.1123046875,313930
2023-03-24,1598.6434326171875,1602.079833984375,1581.0135498046875,1587.98583984375,1562.693359375,374535
2023-03-27,1578.921875,1641.42333984375,1578.921875,1624.49072265625,1598.61669921875,630210
2023-03-28,1616.5721435546875,1635.1981201171875,1595.2569580078125,1604.71923828125,1579.1600341796875,582767
2023-03-29,1612.7872314453125,1631.3634033203125,1604.71923828125,1625.2376708984375,1599.351806640625,577758
2023-03-31,1629.221923828125,1645.108642578125,1622.1500244140625,1626.2337646484375,1600.3319091796875,783128
2023-04-03,1623.34521484375,1635.0985107421875,1613.7333984375,1621.5025634765625,1595.67626953125,766128
2023-04-05,1623.54443359375,1657.9576416015625,1607.8568115234375,1652.6785888671875,1626.355712890625,1443735
2023-04-06,1657.5592041015625,1667.3702392578125,1643.7640380859375,1662.4398193359375,1635.9613037109375,641403
2023-04-10,1668.31640625,1707.3114013671875,1663.435791015625,1703.4765625,1676.344482421875,828993
2023-04-11,1703.0284423828125,1714.7318115234375,1688.8846435546875,1704.3232421875,1677.1778564453125,437571
2023-04-12,1708.705810546875,1734.4036865234375,1704.7216796875,1710.6480712890625,1683.40185546875,661394
2023-04-13,1710.1998291015625,1712.2418212890625,1684.6016845703125,1694.3629150390625,1667.3760986328125,258855
2023-04-17,1682.360595703125,1721.654296875,1682.360595703125,1716.823486328125,1689.47900390625,723262
2023-04-18,1723.0986328125,1728.7760009765625,1691.822998046875,1698.1976318359375,1671.1497802734375,332721
2023-04-19,1702.7794189453125,1705.2197265625,1674.2926025390625,1683.4063720703125,1656.5941162109375,313266
2023-04-20,1691.573974609375,1691.573974609375,1673.346435546875,1680.7669677734375,1653.9967041015625,199463
2023-04-21,1679.0736083984375,1685.2989501953125,1650.0888671875,1655.367919921875,1629.0020751953125,326151
2023-04-24,1655.417724609375,1686.5439453125,1649.1427001953125,1682.609619140625,1655.809814453125,374750
2023-04-25,1679.5218505859375,1696.7034912109375,1677.52978515625,1680.1693115234375,1653.4085693359375,361117
2023-04-26,1680.1693115234375,1698.2474365234375,1666.4737548828125,1692.4205322265625,1665.464599609375,683412
2023-04-27,1688.2869873046875,1698.894775390625,1675.4879150390625,1694.66162109375,1667.6700439453125,531392
2023-04-28,1698.2474365234375,1718.118408203125,1688.2869873046875,1713.48681640625,1686.1953125,601644
2023-05-02,1713.48681640625,1736.893798828125,1708.755615234375,1732.6605224609375,1705.0635986328125,396437
2023-05-03,1718.168212890625,1731.76416015625,1716.2259521484375,1729.0250244140625,1701.486083984375,348145
2023-05-04,1722.451171875,1756.0177001953125,1713.28759765625,1752.880126953125,1724.9613037109375,591510
2023-05-05,1744.812255859375,1760.2010498046875,1739.0850830078125,1745.559326171875,1717.7569580078125,336879
2023-05-08,1746.8043212890625,1777.9305419921875,1745.260498046875,1771.306884765625,1743.0946044921875,758983
2023-05-09,1773.9464111328125,1781.167724609375,1750.5892333984375,1757.91015625,1729.9111328125,735967
2023-05-10,1757.91015625,1772.302978515625,1744.364013671875,1767.37255859375,1739.222900390625,285798
2023-05-11,1767.37255859375,1776.9345703125,1758.009765625,1767.12353515625,1738.977783203125,272209
2023-05-12,1765.9781494140625,1765.9781494140625,1744.164794921875,1746.9039306640625,1719.0802001953125,305342
2023-05-15,1747.0533447265625,1754.772705078125,1723.34765625,1726.485107421875,1698.986572265625,448927
2023-05-16,1728.7760009765625,1738.1387939453125,1716.0267333984375,1720.3096923828125,1692.9095458984375,209886
2023-05-17,1722.451171875,1731.86376953125,1696.9027099609375,1718.018798828125,1690.6551513671875,377699
2023-05-18,1722.451171875,1726.136474609375,1690.030029296875,1698.944580078125,1671.8846435546875,232671
2023-05-19,1703.2276611328125,1717.122314453125,1678.32666015625,1709.303466796875,1682.07861328125,242657
2023-05-22,1706.3153076171875,1720.0606689453125,1698.1478271484375,1711.5445556640625,1684.2840576171875,263864
2023-05-23,1710.1998291015625,1713.63623046875,1681.314697265625,1691.225341796875,1664.28857421875,948278
2023-05-24,1688.2869873046875,1702.7296142578125,1674.3424072265625,1693.6158447265625,1666.6409912109375,442899
2023-05-25,1688.2371826171875,1705.169921875,1684.3028564453125,1694.61181640625,1667.6209716796875,691665
2023-05-26,1695.15966796875,1711.0465087890625,1660.39794921875,1681.613525390625,1654.82958984375,1946520
2023-05-29,1681.613525390625,1708.556396484375,1669.4619140625,1706.5145263671875,1679.3341064453125,670545
2023-05-30,1707.2117919921875,1725.5887451171875,1706.2156982421875,1718.317626953125,1690.94921875,455969
2023-05-31,1716.6741943359375,1726.634521484375,1689.4324951171875,1711.5445556640625,1684.2840576171875,1217298
2023-06-01,1708.207763671875,1713.18798828125,1693.2672119140625,1695.70751953125,1668.6993408203125,380199
2023-06-02,1701.2852783203125,1712.1920166015625,1693.2672119140625,1703.775390625,1676.638671875,581154
2023-06-05,1712.1920166015625,1737.5909423828125,1705.2197265625,1727.630615234375,1700.114013671875,770437
2023-06-06,1733.0091552734375,1767.97021484375,1730.56884765625,1759.404296875,1731.38134765625,1032105
2023-06-07,1761.794677734375,1765.3804931640625,1742.6209716796875,1762.043701171875,1733.9788818359375,757211
2023-06-08,1764.9820556640625,1769.1156005859375,1702.1817626953125,1705.169921875,1678.010986328125,746173
2023-06-09,1716.1761474609375,1730.91748046875,1703.5263671875,1708.954833984375,1681.7354736328125,488829
2023-06-12,1717.570556640625,1728.3277587890625,1704.2734375,1724.5428466796875,1697.0751953125,248563
2023-06-13,1728.1285400390625,1740.0810546875,1722.0029296875,1731.06689453125,1703.4954833984375,356101
2023-06-14,1738.0889892578125,1777.7313232421875,1730.1207275390625,1772.302978515625,1744.07470703125,814345
2023-06-15,1781.9146728515625,1792.7716064453125,1753.527587890625,1765.4801025390625,1737.3604736328125,966649
2023-06-16,1771.356689453125,1782.6617431640625,1764.0357666015625,1773.6973876953125,1745.447021484375,969546
2023-06-19,1782.1636962890625,1787.4427490234375,1747.1529541015625,1754.324462890625,1726.382568359375,541464
2023-06-20,1760.0018310546875,1765.7291259765625,1737.8399658203125,1762.093505859375,1734.0277099609375,463433
2023-06-21,1762.989990234375,1772.9503173828125,1750.04150390625,1770.858642578125,1742.6534423828125,332971
2023-06-22,1779.0262451171875,1782.9107666015625,1739.732421875,1743.3680419921875,1715.6005859375,412543
2023-06-23,1743.0194091796875,1743.0194091796875,1704.4228515625,1709.303466796875,1682.07861328125,343509
2023-06-26,1709.203857421875,1724.1942138671875,1689.2830810546875,1719.9610595703125,1692.56640625,387107
2023-06-27,1719.2139892578125,1729.6226806640625,1706.6141357421875,1726.285888671875,1698.79052734375,338798
2023-06-28,1729.0748291015625,1747.7506103515625,1727.132568359375,1736.196533203125,1708.5433349609375,1030697
2023-06-30,1738.0889892578125,1750.9876708984375,1723.8953857421875,1727.780029296875,1700.2608642578125,453149
2023-07-03,1743.0692138671875,1790.8790283203125,1729.2242431640625,1786.5960693359375,1758.14013671875,1087245
2023-07-04,1792.8712158203125,1797.851318359375,1751.7347412109375,1762.541748046875,1734.468994140625,671213
2023-07-05,1762.989990234375,1777.2333984375,1756.6651611328125,1770.858642578125,1742.6534423828125,400602
2023-07-06,1770.858642578125,1776.7353515625,1758.009765625,1761.0477294921875,1732.998779296875,360764
2023-07-07,1761.0477294921875,1763.687255859375,1730.1207275390625,1736.395751953125,1708.7393798828125,554892
2023-07-10,1747.9000244140625,1752.2825927734375,1726.385498046875,1736.096923828125,1708.4453125,453912
2023-07-11,1736.893798828125,1766.92431640625,1736.893798828125,1760.6990966796875,1732.6556396484375,578931
2023-07-12,1760.6492919921875,1777.3330078125,1750.09130859375,1770.808837890625,1742.6043701171875,791286
2023-07-13,1771.954345703125,1776.8349609375,1746.5552978515625,1752.830322265625,1724.912109375,335559
2023-07-14,1755.5694580078125,1761.944091796875,1736.744384765625,1746.2564697265625,1718.4432373046875,409283
2023-07-17,1746.2564697265625,1787.8909912109375,1741.6746826171875,1785.94873046875,1757.503173828125,923312
2023-07-18,1782.9605712890625,1791.8751220703125,1760.8485107421875,1768.02001953125,1739.8599853515625,747998
2023-07-19,1765.0816650390625,1781.466552734375,1763.687255859375,1777.1337890625,1748.82861328125,435757
2023-07-20,1777.9305419921875,1815.879638671875,1770.0120849609375,1812.244140625,1783.3797607421875,856488
2023-07-21,1812.7919921875,1817.722412109375,1782.9107666015625,1797.4530029296875,1768.8240966796875,782735
2023-07-24,1788.886962890625,1835.501708984375,1782.9605712890625,1805.8695068359375,1777.106689453125,782832
2023-07-25,1806.815673828125,1835.501708984375,1804.8734130859375,1821.80615234375,1792.7894287109375,472389
2023-07-26,1825.740478515625,1841.6771240234375,1821.85595703125,1831.8162841796875,1802.64013671875,463896
2023-07-27,1834.854248046875,1841.4281005859375,1807.811767578125,1815.2821044921875,1786.3692626953125,540277
2023-07-28,1811.2978515625,1827.6329345703125,1802.83154296875,1816.576904296875,1787.6434326171875,493242
2023-07-31,1822.7523193359375,1847.3544921875,1813.5887451171875,1842.1253662109375,1812.7850341796875,599614
2023-08-01,1844.6651611328125,1847.6533203125,1817.423583984375,1830.421875,1801.2679443359375,512567
2023-08-02,1825.441650390625,1832.6131591796875,1798.897216796875,1813.7879638671875,1784.89892578125,650377
2023-08-03,1800.8394775390625,1827.3341064453125,1787.0941162109375,1823.3001708984375,1794.2596435546875,664460
2023-08-04,1823.3001708984375,1838.63916015625,1812.94140625,1818.2203369140625,1789.2606201171875,325948
2023-08-07,1819.6646728515625,1857.56396484375,1818.8179931640625,1848.2509765625,1818.81298828125,970459
2023-08-08,1850.3426513671875,1861.000244140625,1824.545166015625,1837.1451416015625,1807.8841552734375,481950
2023-08-09,1837.6431884765625,1842.623291015625,1820.21240234375,1838.34033203125,1809.0601806640625,529863
2023-08-10,1827.8321533203125,1847.6533203125,1816.825927734375,1823.0511474609375,1794.0145263671875,703299
2023-08-11,1821.55712890625,1832.7127685546875,1801.3375244140625,1820.31201171875,1801.159912109375,749144
2023-08-14,1817.722412109375,1827.7325439453125,1786.6956787109375,1804.5745849609375,1785.5880126953125,530231
2023-08-16,1804.8236083984375,1812.7919921875,1778.4783935546875,1809.7042236328125,1790.6636962890625,399331
2023-08-17,1802.83154296875,1805.2718505859375,1786.5960693359375,1793.7177734375,1774.845458984375,497072
2023-08-18,1787.8909912109375,1793.7177734375,1778.5780029296875,1783.8570556640625,1765.0885009765625,441358
2023-08-21,1783.8570556640625,1805.8197021484375,1782.9107666015625,1801.2379150390625,1782.2864990234375,267446
2023-08-22,1802.83154296875,1817.7720947265625,1790.9288330078125,1798.648193359375,1779.72412109375,366115
2023-08-23,1802.83154296875,1807.811767578125,1785.89892578125,1790.530517578125,1771.691650390625,418171
2023-08-24,1797.851318359375,1806.2679443359375,1763.9859619140625,1771.008056640625,1752.374755859375,924665
2023-08-25,1753.029541015625,1775.58984375,1751.0872802734375,1769.2152099609375,1750.6007080078125,659271
2023-08-28,1770.908447265625,1782.9107666015625,1761.2967529296875,1777.5819091796875,1758.87939453125,773224
2023-08-29,1777.9305419921875,1799.7935791015625,1772.053955078125,1794.6640625,1775.7818603515625,643399
2023-08-30,1797.851318359375,1817.672607421875,1792.7218017578125,1799.494873046875,1780.561767578125,475187
2023-08-31,1799.494873046875,1811.7958984375,1774.7930908203125,1783.8570556640625,1765.0885009765625,1249751
2023-09-01,1782.9107666015625,1817.7720947265625,1780.819091796875,1804.3255615234375,1785.3416748046875,421915
2023-09-04,1807.861572265625,1843.370361328125,1807.811767578125,1833.758544921875,1814.4649658203125,947843
2023-09-05,1845.1134033203125,1864.5860595703125,1837.1949462890625,1846.4581298828125,1827.0308837890625,884678
2023-09-06,1847.6533203125,1851.637451171875,1809.8038330078125,1831.2186279296875,1811.9517822265625,598389
2023-09-07,1824.744384765625,1843.768798828125,1818.3199462890625,1840.08349609375,1820.723388671875,409810
2023-09-08,1840.08349609375,1848.8984375,1832.8123779296875,1842.424072265625,1823.039306640625,365560
2023-09-11,1842.424072265625,1861.697509765625,1838.48974609375,1854.9742431640625,1835.4573974609375,433848
2023-09-12,1857.61376953125,1912.3958740234375,1828.7286376953125,1863.5401611328125,1843.9332275390625,1858204
2023-09-13,1871.558349609375,1938.791015625,1848.30078125,1925.344482421875,1905.0872802734375,2896732
2023-09-14,1935.3048095703125,1946.26123046875,1910.95166015625,1923.949951171875,1903.7073974609375,1225975
2023-09-15,1934.308837890625,1980.0767822265625,1925.095458984375,1965.03662109375,1944.36181640625,1672773
2023-09-18,1972.1583251953125,1980.2261962890625,1945.2652587890625,1949.6976318359375,1929.184326171875,682473
2023-09-20,1949.6976318359375,1952.237548828125,1922.3563232421875,1936.998046875,1916.6182861328125,582031
2023-09-21,1924.447998046875,1932.316650390625,1888.590576171875,1903.9295654296875,1883.897705078125,1002208
2023-09-22,1899.1485595703125,1921.3104248046875,1881.8175048828125,1904.3778076171875,1884.3411865234375,678725
2023-09-25,1904.3778076171875,1938.2431640625,1894.3675537109375,1932.167236328125,1911.8382568359375,762935
2023-09-26,1937.2470703125,1952.137939453125,1928.58154296875,1950.245361328125,1929.7261962890625,659819
2023-09-27,1959.060302734375,1959.060302734375,1915.433837890625,1923.451904296875,1903.214599609375,510599
2023-09-28,1922.3563232421875,1930.2747802734375,1889.088623046875,1898.9493408203125,1878.9698486328125,726738
2023-09-29,1902.13671875,1943.273193359375,1902.0869140625,1934.7071533203125,1914.3514404296875,804258
2023-10-03,1920.4638671875,1931.3206787109375,1899.0987548828125,1913.8402099609375,1893.7041015625,596037
2023-10-04,1898.451416015625,1902.435546875,1869.615966796875,1888.341552734375,1868.4737548828125,693152
2023-10-05,1889.5865478515625,1901.439453125,1873.5504150390625,1882.6641845703125,1862.8560791015625,549055
2023-10-06,1882.6143798828125,1898.351806640625,1882.5147705078125,1895.7620849609375,1875.816162109375,402950
2023-10-09,1882.5645751953125,1889.387451171875,1867.6737060546875,1881.5186767578125,1861.7225341796875,347299
2023-10-10,1885.4530029296875,1914.885986328125,1879.028564453125,1911.30029296875,1891.19091796875,358738
2023-10-11,1928.28271484375,1974.548828125,1915.981689453125,1972.2579345703125,1951.5072021484375,914364
2023-10-12,1983.01513671875,2013.991943359375,1959.060302734375,1993.8719482421875,1972.893798828125,2108772
2023-10-13,1988.045166015625,1992.7762451171875,1966.5306396484375,1974.7479248046875,1953.970947265625,307670
2023-10-16,1974.7479248046875,1992.0791015625,1950.245361328125,1965.8831787109375,1945.1993408203125,668313
2023-10-17,1992.0791015625,2012.1492919921875,1950.295166015625,1966.6302490234375,1945.9385986328125,1316588
2023-10-18,1962.2974853515625,1983.06494140625,1943.273193359375,1947.9544677734375,1927.45947265625,585260
2023-10-19,1944.3189697265625,1971.0128173828125,1920.1650390625,1967.8753662109375,1947.170654296875,712810
2023-10-20,1964.58837890625,1969.319580078125,1931.6693115234375,1938.6416015625,1918.2445068359375,491975
2023-10-23,1931.5198974609375,1931.5198974609375,1877.5345458984375,1895.2142333984375,1875.274169921875,878203
2023-10-25,1893.57080078125,1912.4456787109375,1861.548095703125,1870.014404296875,1850.3394775390625,738333
2023-10-26,1859.7054443359375,1866.578125,1832.2645263671875,1842.2249755859375,1822.84228515625,1141085
2023-10-27,1849.6951904296875,1862.5938720703125,1842.772705078125,1848.6494140625,1829.1990966796875,289530
2023-10-30,1848.6494140625,1874.84521484375,1820.81005859375,1871.359130859375,1851.669921875,514528
2023-10-31,1872.6539306640625,1884.45703125,1857.61376953125,1879.227783203125,1859.455810546875,291175
2023-11-01,1886.4989013671875,1889.487060546875,1854.0279541015625,1861.149658203125,1841.56787109375,349005
2023-11-02,1871.209716796875,1893.42138671875,1871.209716796875,1890.2340087890625,1870.3463134765625,322032
2023-11-03,1895.9613037109375,1907.415771484375,1882.86328125,1888.690185546875,1868.818603515625,234555
2023-11-06,1894.5667724609375,1928.88037109375,1888.690185546875,1911.10107421875,1890.9937744140625,292296
2023-11-07,1912.3958740234375,1922.3065185546875,1904.4774169921875,1913.9398193359375,1893.8026123046875,223028
2023-11-08,1921.3602294921875,1935.3048095703125,1912.3958740234375,1926.1910400390625,1905.925048828125,427257
2023-11-09,1929.72705078125,1936.8486328125,1922.3563232421875,1927.3365478515625,1907.0584716796875,289965
2023-11-10,1922.4061279296875,1940.0858154296875,1913.5911865234375,1935.3048095703125,1914.94287109375,193655
2023-11-13,1938.193359375,1938.193359375,1914.387939453125,1921.2108154296875,1900.9971923828125,214186
2023-11-15,1939.2889404296875,1956.5205078125,1927.3365478515625,1936.2510986328125,1915.879150390625,972167
2023-11-16,1941.978271484375,1947.10791015625,1906.270263671875,1934.9063720703125,1914.548583984375,954513
2023-11-17,1933.362548828125,1975.7440185546875,1932.665283203125,1962.7457275390625,1942.094970703125,849407
2023-11-20,1963.79150390625,1970.3155517578125,1945.3648681640625,1964.48876953125,1943.81982421875,287305
2023-11-21,1964.83740234375,1980.1265869140625,1961.201904296875,1969.618408203125,1948.8953857421875,317975
2023-11-22,1971.9591064453125,1977.038818359375,1950.992431640625,1966.2816162109375,1945.5936279296875,315125
2023-11-23,1976.2420654296875,1976.2420654296875,1943.6715087890625,1949.1497802734375,1928.6422119140625,437448
2023-11-24,1956.1220703125,1961.6500244140625,1937.7451171875,1941.679443359375,1921.2503662109375,168686
2023-11-28,1955.2255859375,1979.130615234375,1945.5142822265625,1968.074462890625,1947.36767578125,699089
2023-11-29,1980.2261962890625,2001.04345703125,1973.2041015625,1995.316162109375,1974.32275390625,824220
2023-11-30,1998.0552978515625,2022.956298828125,1982.36767578125,1997.5074462890625,1976.490966796875,1707069
2023-12-01,2011.9500732421875,2030.924560546875,2000.04736328125,2008.0655517578125,1986.93798828125,932202
2023-12-04,2066.781982421875,2067.778076171875,2020.4163818359375,2044.8193359375,2023.3050537109375,1055783
2023-12-05,2049.749755859375,2069.770263671875,2030.4266357421875,2064.142578125,2042.425048828125,561391
2023-12-06,2071.61279296875,2076.742431640625,2037.44873046875,2049.600341796875,2028.0357666015625,360631
2023-12-07,2049.600341796875,2080.7265625,2037.49853515625,2073.50537109375,2051.689453125,424799
2023-12-08,2071.76220703125,2090.98583984375,2034.5601806640625,2061.8515625,2040.158203125,594786
2023-12-11,2063.7939453125,2079.9794921875,2059.909423828125,2075.796142578125,2053.9560546875,254812
2023-12-12,2081.72265625,2120.568115234375,2067.379638671875,2072.50927734375,2050.703857421875,774496
2023-12-13,2072.65869140625,2084.660888671875,2029.2313232421875,2075.696533203125,2053.857421875,805574
2023-12-14,2086.653076171875,2103.585693359375,2073.70458984375,2095.567626953125,2073.519287109375,607109
2023-12-15,2107.61962890625,2124.30322265625,2093.675048828125,2119.2734375,2096.975830078125,727207
2023-12-18,2119.2734375,2119.2734375,2093.675048828125,2101.39453125,2079.28515625,314105
2023-12-19,2098.705078125,2129.333251953125,2080.92578125,2109.86083984375,2087.662353515625,317963
2023-12-20,2125.54833984375,2127.14208984375,2045.4169921875,2055.37744140625,2033.752197265625,678958
2023-12-21,2041.881103515625,2082.5693359375,2041.881103515625,2077.340087890625,2055.483642578125,445236
2023-12-22,2080.7265625,2088.29638671875,2026.8408203125,2038.0960693359375,2016.652587890625,1006017
2023-12-26,2042.8770751953125,2074.750244140625,2040.885009765625,2061.353515625,2039.665283203125,643808
2023-12-27,2070.71630859375,2122.410888671875,2063.3955078125,2116.384765625,2094.117431640625,1137913
2023-12-28,2120.568115234375,2139.741943359375,2097.9580078125,2131.474853515625,2109.048828125,1063989
2023-12-29,2131.823486328125,2136.5048828125,2106.62353515625,2126.34521484375,2103.97314453125,651373
2024-01-01,2136.5048828125,2166.385986328125,2103.635498046875,2118.875,2096.58154296875,807664
2024-01-02,2121.464599609375,2121.962646484375,2079.73046875,2093.127197265625,2071.104736328125,799936
2024-01-03,2081.72265625,2111.603759765625,2057.917236328125,2063.9931640625,2042.277099609375,975031
2024-01-04,2081.72265625,2086.702880859375,2051.243896484375,2062.0009765625,2040.305908203125,962508
2024-01-05,2089.69091796875,2090.68701171875,2045.4169921875,2071.26416015625,2049.4716796875,1089092
2024-01-08,2071.26416015625,2075.447509765625,2049.749755859375,2059.510986328125,2037.84228515625,559523
2024-01-09,2073.90380859375,2084.461669921875,2050.696044921875,2055.87548828125,2034.2449951171875,1216816
2024-01-10,2058.800048828125,2074.449951171875,2040.8499755859375,2068.550048828125,2046.785888671875,325322
2024-01-11,2069.949951171875,2096.300048828125,2051.0,2083.699951171875,2061.7763671875,887806
2024-01-12,2083.0,2120.89990234375,2075.0,2111.550048828125,2089.33349609375,485644
2024-01-15,2111.75,2122.949951171875,2093.699951171875,2101.0,2078.894775390625,202260
2024-01-16,2092.550048828125,2119.800048828125,2090.10009765625,2115.199951171875,2092.9453125,457403
2024-01-17,2112.60009765625,2115.199951171875,2056.0,2067.85009765625,2046.093505859375,733818
2024-01-18,2067.0,2069.0,2036.199951171875,2053.64990234375,2032.0428466796875,877519
2024-01-19,2056.449951171875,2094.0,2052.35009765625,2081.199951171875,2059.302978515625,456698
2024-01-23,2078.10009765625,2086.39990234375,2032.5,2049.60009765625,2028.0355224609375,938057
2024-01-24,2069.0,2080.75,2016.550048828125,2071.300048828125,2049.50732421875,604130
2024-01-25,2079.949951171875,2087.35009765625,2052.14990234375,2076.5,2054.65234375,467209
2024-01-29,2080.0,2125.0,2077.75,2104.5,2082.35791015625,795647
2024-01-30,2115.0,2139.0,2106.0,2126.14990234375,2103.77978515625,852171
2024-01-31,2126.5,2182.050048828125,2115.449951171875,2175.0,2152.115966796875,910709
2024-02-01,2175.0,2178.89990234375,2111.449951171875,2128.60009765625,2106.204345703125,638710
2024-02-02,2147.949951171875,2169.89990234375,2130.5,2139.449951171875,2116.940185546875,330557
2024-02-05,2130.10009765625,2147.300048828125,2081.0,2089.75,2067.76318359375,949717
2024-02-06,2082.0,2097.949951171875,2061.0,2066.0,2044.262939453125,581483
2024-02-07,2079.0,2120.0,2063.0,2111.5,2089.2841796875,1133609
2024-02-08,2123.0,2125.0,2048.0,2057.300048828125,2035.6544189453125,1387156
2024-02-09,2057.25,2182.0,2046.9000244140625,2168.5,2145.684814453125,2010089
2024-02-12,2175.0,2199.0,2138.10009765625,2147.35009765625,2124.75732421875,1229133
2024-02-13,2173.89990234375,2173.89990234375,2053.949951171875,2064.14990234375,2042.4322509765625,985312
2024-02-14,2054.0,2085.0,2027.5,2079.800048828125,2057.917724609375,605147
2024-02-15,2085.699951171875,2103.64990234375,2072.800048828125,2084.800048828125,2062.865234375,506068
2024-02-16,2091.39990234375,2119.0,2086.85009765625,2105.64990234375,2083.49560546875,403756
2024-02-19,2107.449951171875,2190.0,2102.199951171875,2168.60009765625,2145.783447265625,1167037
2024-02-20,2169.0,2222.0,2161.10009765625,2192.25,2169.184814453125,1710394
2024-02-21,2200.0,2222.0,2180.050048828125,2194.0,2170.916015625,765529
2024-02-22,2234.0,2244.0,2113.199951171875,2201.199951171875,2178.040283203125,3428899
2024-02-23,2234.0,2236.699951171875,2182.60009765625,2194.39990234375,2171.311767578125,1646510
2024-02-26,2204.10009765625,2211.300048828125,2174.800048828125,2186.89990234375,2163.890625,905237
2024-02-27,2190.199951171875,2214.0,2190.199951171875,2204.800048828125,2181.602783203125,674507
2024-02-28,2202.0,2218.89990234375,2173.25,2186.0,2163.00048828125,1197381
2024-02-29,2186.0,2206.0,2157.800048828125,2191.39990234375,2168.343505859375,1499473
2024-03-01,2209.0,2259.39990234375,2196.75,2254.89990234375,2231.175537109375,826009
2024-03-04,2245.0,2260.0,2226.300048828125,2234.14990234375,2210.643798828125,423656
2024-03-05,2230.10009765625,2251.89990234375,2220.449951171875,2231.5,2208.021484375,401260
2024-03-06,2237.89990234375,2252.949951171875,2196.60009765625,2236.5,2212.968994140625,678808
2024-03-07,2239.0,2250.35009765625,2208.0,2228.10009765625,2204.657470703125,519779
2024-03-11,2230.0,2270.550048828125,2225.5,2236.800048828125,2213.265869140625,599546
2024-03-12,2236.0,2246.949951171875,2172.85009765625,2184.0,2161.021240234375,891725
2024-03-13,2194.0,2203.050048828125,2137.300048828125,2149.10009765625,2126.489013671875,881145
2024-03-14,2149.89990234375,2204.89990234375,2128.60009765625,2196.5,2173.389892578125,1097271
2024-03-15,2185.10009765625,2208.89990234375,2165.050048828125,2197.10009765625,2173.983642578125,2630480
2024-03-18,2181.0,2214.0,2170.0,2203.10009765625,2179.920654296875,508214
2024-03-19,2199.0,2206.10009765625,2163.85009765625,2173.800048828125,2150.9287109375,660181
2024-03-20,2175.5,2196.14990234375,2131.0,2167.5,2144.69482421875,655682
2024-03-21,2188.0,2211.300048828125,2175.300048828125,2205.550048828125,2182.344482421875,880687
2024-03-22,2200.0,2234.0,2194.449951171875,2223.550048828125,2200.1552734375,551648
2024-03-26,2215.0,2242.10009765625,2201.64990234375,2240.050048828125,2216.481689453125,731877
2024-03-27,2240.0,2251.949951171875,2198.699951171875,2207.35009765625,2184.125732421875,1033992
2024-03-28,2210.0,2309.199951171875,2210.0,2287.300048828125,2263.234619140625,1786120
2024-04-01,2300.0,2319.199951171875,2289.050048828125,2292.550048828125,2268.42919921875,288891
2024-04-02,2297.0,2316.0,2275.0,2306.300048828125,2282.03466796875,446163
2024-04-03,2303.60009765625,2316.14990234375,2288.050048828125,2305.449951171875,2281.193603515625,303529
2024-04-04,2309.5,2323.75,2249.5,2277.85009765625,2253.884033203125,814966
2024-04-05,2275.050048828125,2277.10009765625,2233.5,2237.550048828125,2214.008056640625,454995
2024-04-08,2247.0,2288.449951171875,2235.0,2280.800048828125,2256.802978515625,278448
2024-04-09,2296.949951171875,2312.35009765625,2281.949951171875,2301.300048828125,2277.08740234375,388155
2024-04-10,2309.949951171875,2314.89990234375,2291.550048828125,2306.35009765625,2282.08447265625,513499
2024-04-12,2297.0,2307.0,2249.300048828125,2254.050048828125,2230.334228515625,635489
2024-04-15,2239.0,2253.39990234375,2224.800048828125,2237.39990234375,2213.859375,415064
2024-04-16,2229.0,2249.25,2221.10009765625,2242.949951171875,2219.35107421875,558075
2024-04-18,2245.050048828125,2300.85009765625,2219.449951171875,2226.050048828125,2202.62890625,987066
2024-04-19,2220.0,2290.75,2201.35009765625,2273.14990234375,2249.2333984375,1061064
2024-04-22,2275.0,2286.85009765625,2266.050048828125,2280.550048828125,2256.5556640625,445671
2024-04-23,2278.449951171875,2376.0,2278.39990234375,2370.14990234375,2345.212890625,1823447
2024-04-24,2378.0,2384.300048828125,2333.0,2337.75,2313.154052734375,1021874
2024-04-25,2349.0,2376.050048828125,2334.199951171875,2367.449951171875,2342.541259765625,1621547
2024-04-26,2366.949951171875,2379.300048828125,2330.050048828125,2342.449951171875,2317.80419921875,405679
2024-04-29,2355.0,2392.800048828125,2309.60009765625,2386.60009765625,2361.48974609375,616995
2024-04-30,2405.0,2438.449951171875,2374.10009765625,2411.64990234375,2386.2763671875,1041175
2024-05-02,2410.0,2452.0,2401.050048828125,2437.35009765625,2411.705810546875,1466226
2024-05-03,2442.0,2487.0,2438.800048828125,2481.35009765625,2455.242919921875,1192695
2024-05-06,2489.0,2489.75,2441.199951171875,2453.300048828125,2427.488037109375,606833
2024-05-07,2460.0,2468.699951171875,2403.10009765625,2421.0,2395.52783203125,438590
2024-05-08,2404.0,2424.14990234375,2370.89990234375,2377.35009765625,2352.33740234375,462790
2024-05-09,2375.449951171875,2393.39990234375,2345.050048828125,2353.699951171875,2328.935791015625,557056
2024-05-10,2359.949951171875,2382.699951171875,2322.0,2377.14990234375,2352.13916015625,890719
2024-05-13,2377.89990234375,2393.0,2347.050048828125,2385.199951171875,2360.1044921875,511264
2024-05-14,2383.449951171875,2396.85009765625,2362.10009765625,2372.050048828125,2347.093017578125,421260
2024-05-15,2386.949951171875,2403.949951171875,2366.199951171875,2369.699951171875,2344.767578125,404095
2024-05-16,2382.0,2386.0,2310.199951171875,2372.60009765625,2347.63720703125,1181205
2024-05-17,2374.0,2433.64990234375,2374.0,2423.64990234375,2398.14990234375,1184234
2024-05-21,2430.10009765625,2449.949951171875,2406.39990234375,2446.64990234375,2420.90771484375,555489
2024-05-22,2455.949951171875,2463.050048828125,2418.300048828125,2436.64990234375,2411.012939453125,722345
2024-05-23,2442.0,2461.89990234375,2395.64990234375,2453.800048828125,2427.98291015625,1091448
2024-05-24,2449.75,2474.800048828125,2431.60009765625,2441.0,2415.3173828125,483000
2024-05-27,2441.050048828125,2455.699951171875,2385.949951171875,2390.64990234375,2365.4970703125,888793
2024-05-28,2398.89990234375,2469.949951171875,2392.699951171875,2440.35009765625,2414.67431640625,874384
2024-05-29,2440.0,2460.0,2393.25,2400.60009765625,2375.3427734375,1084966
2024-05-30,2404.0,2406.60009765625,2328.0,2345.199951171875,2320.525146484375,826458
2024-05-31,2342.949951171875,2362.0,2295.949951171875,2316.25,2291.8798828125,1644820
2024-06-03,2400.0,2405.199951171875,2362.300048828125,2368.800048828125,2343.877197265625,807692
2024-06-04,2336.050048828125,2365.199951171875,2171.60009765625,2256.39990234375,2232.659912109375,1543389
2024-06-05,2258.39990234375,2313.75,2182.14990234375,2304.85009765625,2280.60009765625,1996915
2024-06-06,2306.050048828125,2353.0,2293.10009765625,2334.75,2310.185302734375,834320
2024-06-07,2311.199951171875,2383.449951171875,2311.199951171875,2379.85009765625,2354.81103515625,471524
2024-06-10,2381.10009765625,2472.0,2375.300048828125,2446.800048828125,2421.056396484375,980297
2024-06-11,2449.89990234375,2482.0,2426.35009765625,2456.89990234375,2431.050048828125,531924
2024-06-12,2430.0,2476.85009765625,2430.0,2450.14990234375,2424.37109375,463980
2024-06-13,2441.050048828125,2475.550048828125,2430.0,2458.050048828125,2432.188232421875,512510
2024-06-14,2458.050048828125,2523.699951171875,2450.0,2471.199951171875,2445.199462890625,1542911
2024-06-18,2471.0,2487.449951171875,2445.0,2457.550048828125,2431.693359375,467553
2024-06-19,2458.0,2460.85009765625,2412.0,2447.14990234375,2421.40283203125,668976
2024-06-20,2447.10009765625,2504.0,2432.5,2498.800048828125,2472.50927734375,1008266
2024-06-21,2499.0,2515.60009765625,2450.60009765625,2466.14990234375,2440.20263671875,2867672
2024-06-24,2463.89990234375,2521.75,2443.10009765625,2515.10009765625,2488.637939453125,724085
2024-06-25,2520.0,2529.85009765625,2495.0,2516.949951171875,2490.46826171875,792404
2024-06-26,2518.800048828125,2564.0,2509.050048828125,2552.25,2525.39697265625,1387150
2024-06-27,2554.89990234375,2654.64990234375,2552.25,2637.60009765625,2609.848876953125,4849907
2024-06-28,2635.949951171875,2678.949951171875,2587.199951171875,2670.449951171875,2642.353271484375,1495266
2024-07-01,2666.199951171875,2743.89990234375,2662.050048828125,2726.39990234375,2697.714599609375,1098168
2024-07-02,2717.0,2762.699951171875,2717.0,2742.949951171875,2714.090576171875,942834
2024-07-03,2750.75,2761.39990234375,2730.64990234375,2742.35009765625,2713.496826171875,537119
2024-07-04,2748.0,2752.75,2717.050048828125,2734.85009765625,2706.075927734375,446631
2024-07-05,2730.0,2755.699951171875,2720.39990234375,2748.0,2719.08740234375,372709
2024-07-08,2751.699951171875,2754.949951171875,2713.85009765625,2742.14990234375,2713.298828125,333988
2024-07-09,2735.10009765625,2785.949951171875,2718.89990234375,2761.800048828125,2732.7421875,451862
2024-07-10,2781.0,2812.25,2741.0,2802.14990234375,2772.667724609375,1128000
2024-07-11,2825.0,2837.0,2791.25,2801.60009765625,2772.12353515625,1679101
2024-07-12,2807.0,2850.0,2801.60009765625,2843.75,2813.829833984375,1457604
2024-07-15,2850.0,2852.949951171875,2786.0,2803.75,2774.250732421875,1333353
2024-07-16,2818.0,2844.75,2810.300048828125,2827.35009765625,2797.6025390625,756629
2024-07-18,2810.0,2845.800048828125,2777.0,2791.800048828125,2762.4267578125,1181529
2024-07-19,2786.0,2789.949951171875,2734.5,2743.0,2714.139892578125,424329
2024-07-22,2702.0,2822.0,2702.0,2811.550048828125,2781.96875,1248824
2024-07-23,2811.0,2850.949951171875,2774.050048828125,2823.050048828125,2793.347900390625,1046046
2024-07-24,2830.0,2830.0,2775.0,2806.89990234375,2777.36767578125,2880833
2024-07-25,2805.0,2825.0,2771.550048828125,2797.550048828125,2768.115966796875,550900
2024-07-26,2824.949951171875,2877.75,2808.5,2843.300048828125,2813.384765625,701236
2024-07-29,2859.89990234375,2865.0,2820.0,2828.199951171875,2798.443359375,501949
2024-07-30,2828.199951171875,2830.0,2782.85009765625,2790.89990234375,2761.535888671875,721728
2024-07-31,2790.89990234375,2798.75,2761.550048828125,2776.75,2747.53466796875,662086
2024-08-01,2781.949951171875,2788.64990234375,2753.60009765625,2767.0,2737.887451171875,383675
2024-08-02,2749.5,2757.10009765625,2701.0,2706.800048828125,2678.321044921875,401105
2024-08-05,2655.14990234375,2678.949951171875,2587.75,2612.25,2584.765380859375,1049292
2024-08-06,2627.0,2679.39990234375,2610.0,2620.5,2602.89306640625,813893
2024-08-07,2650.0,2659.39990234375,2632.25,2637.050048828125,2619.331787109375,551368
2024-08-08,2623.25,2633.800048828125,2531.10009765625,2544.64990234375,2527.552490234375,1199236
2024-08-09,2556.10009765625,2638.949951171875,2540.050048828125,2572.75,2555.4638671875,2677777
2024-08-12,2570.0,2621.0,2555.050048828125,2571.10009765625,2553.824951171875,1827230
2024-08-13,2572.0,2579.39990234375,2512.14990234375,2519.25,2502.3232421875,784848
2024-08-14,2524.0,2534.5,2505.050048828125,2512.39990234375,2495.519287109375,286936
2024-08-16,2512.39990234375,2608.0,2512.39990234375,2600.35009765625,2582.87841796875,725887
2024-08-19,2619.800048828125,2635.14990234375,2557.050048828125,2598.39990234375,2580.94140625,682028
2024-08-20,2608.0,2648.89990234375,2589.050048828125,2636.699951171875,2618.984130859375,685479
2024-08-21,2640.050048828125,2692.050048828125,2625.14990234375,2684.85009765625,2666.810791015625,857604
2024-08-22,2694.449951171875,2772.949951171875,2691.050048828125,2755.14990234375,2736.63818359375,2065301
2024-08-23,2771.39990234375,2780.89990234375,2706.949951171875,2748.550048828125,2730.082763671875,1101735
2024-08-26,2752.0,2763.199951171875,2712.800048828125,2736.60009765625,2718.212890625,597542
2024-08-27,2741.449951171875,2747.949951171875,2697.050048828125,2699.89990234375,2681.759521484375,1450595
2024-08-28,2698.5,2722.550048828125,2683.0,2715.550048828125,2697.304443359375,981745
2024-08-29,2714.89990234375,2719.0,2640.050048828125,2676.199951171875,2658.21875,941802
2024-08-30,2676.199951171875,2708.89990234375,2676.199951171875,2698.85009765625,2680.716796875,994826
2024-09-02,2706.75,2729.64990234375,2675.550048828125,2690.800048828125,2672.720703125,720118
2024-09-03,2680.10009765625,2710.0,2680.10009765625,2706.85009765625,2688.662841796875,522391
2024-09-04,2695.0,2763.949951171875,2687.25,2757.64990234375,2739.12158203125,1119041
2024-09-05,2774.0,2774.0,2735.300048828125,2741.60009765625,2723.179443359375,472385
2024-09-06,2740.0,2744.60009765625,2674.050048828125,2692.85009765625,2674.757080078125,555331
2024-09-09,2689.949951171875,2715.39990234375,2673.89990234375,2710.35009765625,2692.139404296875,267477
2024-09-10,2700.0,2715.14990234375,2677.0,2702.550048828125,2684.391845703125,431289
2024-09-11,2710.0,2729.5,2674.10009765625,2681.14990234375,2663.13525390625,347845
2024-09-12,2690.60009765625,2765.0,2678.75,2757.10009765625,2738.575439453125,939815
2024-09-13,2760.10009765625,2799.0,2748.199951171875,2784.35009765625,2765.64208984375,634726
2024-09-16,2802.800048828125,2819.050048828125,2757.300048828125,2765.300048828125,2746.72021484375,431468
2024-09-17,2769.0,2777.300048828125,2730.0,2754.85009765625,2736.34033203125,253234
2024-09-18,2754.85009765625,2777.0,2715.0,2722.699951171875,2704.406494140625,332947
2024-09-19,2743.0,2775.0,2722.300048828125,2738.949951171875,2720.547119140625,452713
2024-09-20,2745.0,2755.699951171875,2664.199951171875,2678.25,2660.255126953125,2755774
2024-09-23,2705.0,2705.0,2665.0,2666.89990234375,2648.981201171875,678018
2024-09-24,2676.35009765625,2695.0,2610.0,2619.300048828125,2601.701171875,1457923
2024-09-25,2619.300048828125,2666.0,2583.949951171875,2662.0,2644.1142578125,883336
2024-09-26,2674.0,2750.0,2656.199951171875,2745.85009765625,2727.40087890625,1117471
2024-09-27,2745.85009765625,2807.0,2745.85009765625,2783.14990234375,2764.449951171875,1416974
2024-09-30,2784.0,2824.0,2765.0,2795.550048828125,2776.766845703125,890000
2024-10-01,2794.050048828125,2813.64990234375,2755.0,2801.14990234375,2782.3291015625,442630
2024-10-03,2789.0,2833.0,2752.10009765625,2766.14990234375,2747.564453125,972732
2024-10-04,2766.14990234375,2788.800048828125,2731.0,2745.10009765625,2726.656005859375,708378
2024-10-07,2760.0,2769.949951171875,2700.0,2720.5,2702.220947265625,689611
2024-10-08,2715.25,2745.14990234375,2705.199951171875,2738.199951171875,2719.802001953125,553985
2024-10-09,2754.0,2754.0,2710.0,2715.75,2697.503173828125,600020
2024-10-10,2717.949951171875,2739.449951171875,2711.10009765625,2722.449951171875,2704.157958984375,387246
2024-10-11,2722.449951171875,2731.699951171875,2685.5,2725.550048828125,2707.237060546875,209760
2024-10-14,2737.550048828125,2737.550048828125,2702.300048828125,2726.89990234375,2708.577880859375,232099
2024-10-15,2725.0,2747.949951171875,2700.699951171875,2735.800048828125,2717.41845703125,491010
2024-10-16,2725.10009765625,2784.0,2725.0,2764.10009765625,2745.5283203125,756373
2024-10-17,2784.0,2789.800048828125,2686.050048828125,2705.85009765625,2687.669677734375,529505
2024-10-18,2700.0,2766.0,2674.64990234375,2760.949951171875,2742.3994140625,345996
2024-10-21,2760.0,2765.39990234375,2712.0,2718.25,2699.986328125,322456
2024-10-22,2718.10009765625,2746.14990234375,2646.35009765625,2655.35009765625,2637.509033203125,377094
2024-10-23,2650.0,2676.699951171875,2625.949951171875,2633.199951171875,2615.507568359375,944905
2024-10-24,2644.89990234375,2695.949951171875,2616.10009765625,2666.699951171875,2648.782470703125,844303
2024-10-25,2665.10009765625,2675.050048828125,2600.0,2615.199951171875,2597.628662109375,656546
2024-10-28,2600.0,2665.949951171875,2594.300048828125,2646.949951171875,2629.165283203125,763794
2024-10-29,2660.0,2690.0,2650.0,2686.0,2667.952880859375,611947
2024-10-30,2691.64990234375,2708.60009765625,2666.050048828125,2672.550048828125,2654.59326171875,469403
2024-10-31,2675.0,2704.0,2644.449951171875,2695.85009765625,2677.73681640625,321800
2024-11-01,2719.0,2719.0,2673.0,2698.89990234375,2680.76611328125,62294
2024-11-04,2696.64990234375,2700.0,2578.050048828125,2590.60009765625,2573.194091796875,477329
2024-11-05,2590.60009765625,2661.39990234375,2587.60009765625,2650.949951171875,2633.138427734375,896947
2024-11-06,2650.949951171875,2667.550048828125,2619.550048828125,2645.949951171875,2628.171875,455842
2024-11-07,2631.14990234375,2662.949951171875,2551.75,2562.699951171875,2545.481201171875,481689
2024-11-08,2565.0,2581.699951171875,2540.0,2544.85009765625,2527.75146484375,558297
2024-11-11,2528.050048828125,2553.85009765625,2506.050048828125,2519.5,2502.571533203125,354984
2024-11-12,2523.25,2546.25,2510.0,2521.199951171875,2504.260009765625,520250
2024-11-13,2521.199951171875,2534.64990234375,2472.050048828125,2502.89990234375,2486.0830078125,1449201
2024-11-14,2502.89990234375,2539.0,2490.050048828125,2523.949951171875,2506.99169921875,581846
2024-11-18,2497.0,2552.800048828125,2479.050048828125,2517.14990234375,2500.2373046875,1436348
2024-11-19,2517.14990234375,2552.0,2500.0,2508.14990234375,2491.2978515625,424096
2024-11-21,2491.10009765625,2555.64990234375,2480.14990234375,2534.85009765625,2517.818603515625,686930
2024-11-22,2540.39990234375,2609.89990234375,2534.85009765625,2598.64990234375,2581.189697265625,828921
2024-11-25,2615.0,2654.0,2600.35009765625,2629.800048828125,2612.130615234375,967944
2024-11-26,2629.800048828125,2639.699951171875,2602.449951171875,2617.199951171875,2599.615234375,256368
2024-11-27,2619.800048828125,2649.449951171875,2595.0,2621.89990234375,2604.283447265625,348482
2024-11-28,2622.0,2635.949951171875,2554.050048828125,2570.449951171875,2553.17919921875,1057792
2024-11-29,2565.0,2630.449951171875,2559.0,2606.25,2588.738525390625,650252
2024-12-02,2605.85009765625,2709.0,2591.75,2693.550048828125,2675.4521484375,1103892
2024-12-03,2693.050048828125,2728.949951171875,2683.0,2714.0,2695.764892578125,522667
2024-12-04,2708.300048828125,2724.449951171875,2695.10009765625,2717.300048828125,2699.042724609375,572817
2024-12-05,2733.0,2733.75,2669.39990234375,2706.800048828125,2688.61328125,714805
2024-12-06,2714.89990234375,2720.0,2693.35009765625,2701.89990234375,2683.745849609375,342192
2024-12-09,2701.89990234375,2714.050048828125,2669.0,2681.39990234375,2663.3837890625,387874
2024-12-10,2702.89990234375,2708.0,2641.10009765625,2655.300048828125,2637.459228515625,637387
2024-12-11,2666.0,2699.89990234375,2661.10009765625,2670.75,2652.805419921875,319450
2024-12-12,2683.0,2683.0,2639.0,2660.050048828125,2642.177490234375,376376
2024-12-13,2641.0,2700.0,2620.5,2692.699951171875,2674.60791015625,412267
2024-12-16,2680.10009765625,2718.0,2672.25,2685.14990234375,2667.1083984375,329525
2024-12-17,2685.0,2685.0,2595.35009765625,2599.699951171875,2582.232666015625,887083
2024-12-18,2607.0,2617.89990234375,2576.25,2594.14990234375,2576.719970703125,369646
2024-12-19,2570.0,2594.0,2527.25,2539.050048828125,2521.990234375,510040
2024-12-20,2530.0,2563.199951171875,2479.75,2488.699951171875,2471.978515625,734974
2024-12-23,2495.699951171875,2553.699951171875,2495.0,2526.199951171875,2509.2265625,347378
2024-12-24,2515.0,2542.39990234375,2495.0,2501.85009765625,2485.040283203125,364336
2024-12-26,2500.25,2518.25,2472.5,2482.050048828125,2465.373291015625,559646
2024-12-27,2482.050048828125,2520.60009765625,2474.89990234375,2480.300048828125,2463.635009765625,428996
2024-12-30,2489.0,2490.0,2436.0,2443.5,2427.082275390625,763318
2024-12-31,2430.0,2447.0,2413.10009765625,2442.699951171875,2426.28759765625,530535
2025-01-01,2440.0,2473.85009765625,2425.949951171875,2442.14990234375,2425.7412109375,487637
2025-01-02,2445.0,2559.5,2445.0,2543.949951171875,2526.857177734375,970593
2025-01-03,2541.199951171875,2553.89990234375,2501.10009765625,2510.0,2493.13525390625,595091
2025-01-06,2517.0,2527.949951171875,2445.75,2460.550048828125,2444.017822265625,393162
2025-01-07,2460.60009765625,2497.0,2456.60009765625,2467.25,2450.672607421875,495162
2025-01-08,2468.85009765625,2476.35009765625,2433.14990234375,2435.75,2419.38427734375,543301
2025-01-09,2435.050048828125,2438.800048828125,2396.39990234375,2410.39990234375,2394.20458984375,766796
2025-01-10,2400.0,2424.89990234375,2352.199951171875,2364.10009765625,2348.216064453125,413994
2025-01-13,2329.949951171875,2348.199951171875,2276.949951171875,2288.14990234375,2272.77587890625,422845
2025-01-14,2308.0,2330.449951171875,2294.14990234375,2310.60009765625,2295.075439453125,865382
2025-01-15,2326.89990234375,2349.75,2296.75,2317.550048828125,2301.978759765625,583299
2025-01-16,2330.0,2359.75,2313.14990234375,2350.699951171875,2334.905517578125,1395232
2025-01-17,2363.10009765625,2387.25,2348.64990234375,2375.85009765625,2359.886962890625,443089
2025-01-20,2380.050048828125,2410.64990234375,2373.0,2402.0,2385.861083984375,681711
2025-01-21,2404.89990234375,2426.5,2361.64990234375,2367.5,2351.5927734375,316019
2025-01-22,2380.949951171875,2396.449951171875,2370.300048828125,2388.14990234375,2372.10400390625,336546
2025-01-23,2388.0,2475.75,2365.39990234375,2461.14990234375,2444.61376953125,596720
2025-01-24,2466.35009765625,2514.050048828125,2453.449951171875,2490.75,2474.0146484375,1510105
2025-01-27,2475.5,2484.39990234375,2430.39990234375,2458.050048828125,2441.53466796875,458264
2025-01-28,2458.0,2459.949951171875,2399.800048828125,2411.300048828125,2395.0986328125,740041
2025-01-29,2403.0,2464.0,2397.0,2453.64990234375,2437.1640625,200039
2025-01-30,2458.699951171875,2508.550048828125,2446.5,2491.699951171875,2474.958251953125,397046
2025-01-31,2491.699951171875,2518.300048828125,2475.800048828125,2508.85009765625,2491.993408203125,431982
2025-02-01,2500.0,2514.050048828125,2429.39990234375,2440.75,2424.350830078125,432668
2025-02-03,2418.0,2479.75,2418.0,2473.64990234375,2457.029541015625,427217
2025-02-04,2465.0,2491.800048828125,2446.5,2484.699951171875,2468.00537109375,337002
2025-02-05,2499.0,2499.89990234375,2474.300048828125,2490.0,2473.269775390625,464164
2025-02-06,2499.0,2508.300048828125,2475.89990234375,2499.0,2482.20947265625,595946
2025-02-07,2504.0,2522.75,2466.449951171875,2487.60009765625,2470.885986328125,738201
2025-02-10,2485.0,2491.0,2438.10009765625,2473.25,2456.63232421875,717668
2025-02-11,2460.0,2542.0,2456.050048828125,2491.449951171875,2474.7099609375,1710410
2025-02-12,2479.0,2498.89990234375,2433.75,2484.949951171875,2468.253662109375,454023
2025-02-13,2481.0,2532.949951171875,2474.14990234375,2490.10009765625,2473.369384765625,708830
2025-02-14,2499.0,2507.75,2405.5,2431.300048828125,2414.96435546875,677910
2025-02-17,2431.300048828125,2471.14990234375,2405.550048828125,2463.85009765625,2447.295654296875,646841
2025-02-18,2480.0,2482.949951171875,2412.800048828125,2463.199951171875,2446.64990234375,596040
2025-02-19,2448.0,2481.5,2446.300048828125,2463.199951171875,2446.64990234375,289053
2025-02-20,2451.0,2477.949951171875,2443.25,2453.699951171875,2437.213623046875,427274
2025-02-21,2440.0,2453.35009765625,2401.050048828125,2431.050048828125,2414.716064453125,504415
2025-02-24,2412.0,2420.0,2381.0,2393.699951171875,2377.61669921875,543080
2025-02-25,2392.0,2403.5,2367.10009765625,2379.300048828125,2363.313720703125,497013
2025-02-27,2373.0,2379.300048828125,2317.10009765625,2339.949951171875,2324.22802734375,1045684
2025-02-28,2347.14990234375,2361.75,2301.64990234375,2306.64990234375,2291.151611328125,1153007
2025-03-03,2328.5,2382.89990234375,2317.89990234375,2377.449951171875,2361.475830078125,790068
2025-03-04,2356.0,2404.199951171875,2351.60009765625,2394.64990234375,2378.560302734375,521061
2025-03-05,2404.0,2408.949951171875,2376.35009765625,2391.64990234375,2375.58056640625,755361
2025-03-06,2401.64990234375,2415.0,2353.5,2393.64990234375,2377.567138671875,754593
2025-03-07,2380.0,2415.0,2380.0,2407.25,2391.075927734375,317388
2025-03-10,2407.25,2425.0,2373.300048828125,2383.949951171875,2367.932373046875,650796
2025-03-11,2372.0,2425.0,2363.949951171875,2413.550048828125,2397.33349609375,445250
2025-03-12,2413.550048828125,2438.89990234375,2367.60009765625,2398.89990234375,2382.78173828125,561893
2025-03-13,2402.0,2411.800048828125,2363.300048828125,2370.199951171875,2354.274658203125,479648
2025-03-17,2381.75,2404.5,2370.85009765625,2399.35009765625,2383.22900390625,646714
2025-03-18,2399.35009765625,2399.35009765625,2399.35009765625,2399.35009765625,2383.22900390625,0
2025-03-19,2426.0,2464.60009765625,2426.0,2458.199951171875,2441.683349609375,415476
2025-03-20,2464.800048828125,2477.199951171875,2448.10009765625,2468.14990234375,2451.566650390625,317002
2025-03-21,2479.89990234375,2514.75,2459.449951171875,2469.39990234375,2452.80810546875,1372022
2025-03-24,2478.64990234375,2544.0,2475.0,2513.199951171875,2496.31396484375,594207
2025-03-25,2529.75,2595.89990234375,2520.0,2569.449951171875,2552.18603515625,993289
2025-03-26,2582.949951171875,2602.89990234375,2560.0,2581.60009765625,2564.25439453125,555486
2025-03-27,2584.0,2628.949951171875,2575.0,2618.699951171875,2601.105224609375,1246219
2025-03-28,2614.949951171875,2637.64990234375,2599.35009765625,2611.14990234375,2593.605712890625,435022
2025-04-01,2611.39990234375,2632.0,2596.199951171875,2619.0,2601.403076171875,317974
2025-04-02,2619.0,2633.39990234375,2601.050048828125,2616.5,2598.919921875,413523
2025-04-03,2595.10009765625,2664.0,2595.10009765625,2651.89990234375,2634.08203125,298330
2025-04-04,2635.10009765625,2651.89990234375,2610.10009765625,2616.89990234375,2599.31689453125,290533
2025-04-07,2550.0,2560.0,2465.5,2509.10009765625,2492.24169921875,974267
2025-04-08,2550.0,2600.0,2534.14990234375,2590.050048828125,2572.647705078125,1296141
2025-04-09,2562.5,2586.75,2529.449951171875,2557.75,2540.564697265625,494024
2025-04-11,2650.0,2660.0,2612.800048828125,2651.25,2633.436279296875,669041
2025-04-15,2675.0,2726.199951171875,2670.0,2718.60009765625,2700.333984375,815058
2025-04-16,2690.0,2722.0,2682.199951171875,2702.800048828125,2684.64013671875,462016
2025-04-17,2701.0,2772.0,2686.89990234375,2760.699951171875,2742.15087890625,1061496
2025-04-21,2755.0,2787.300048828125,2735.0,2756.89990234375,2738.37646484375,322964
2025-04-22,2750.300048828125,2772.10009765625,2737.699951171875,2749.39990234375,2730.9267578125,211167
2025-04-23,2750.10009765625,2763.89990234375,2675.10009765625,2685.60009765625,2667.5556640625,603774
2025-04-24,2690.0,2736.300048828125,2673.0,2729.199951171875,2710.862548828125,562050
2025-04-25,2726.0,2739.89990234375,2675.199951171875,2734.800048828125,2716.425048828125,649356
2025-04-28,2735.0,2773.699951171875,2723.300048828125,2753.39990234375,2734.89990234375,416635
2025-04-29,2753.10009765625,2755.60009765625,2719.0,2745.699951171875,2727.251708984375,890929
2025-04-30,2735.0,2750.89990234375,2718.89990234375,2737.5,2719.10693359375,662477
2025-05-02,2725.60009765625,2771.800048828125,2695.800048828125,2724.0,2705.697509765625,798849
2025-05-05,2730.0,2773.0,2718.300048828125,2755.10009765625,2736.5888671875,661587
2025-05-06,2754.0,2764.5,2718.0,2728.699951171875,2710.365966796875,288396
2025-05-07,2699.0,2727.300048828125,2682.39990234375,2699.89990234375,2681.759521484375,417883
2025-05-08,2685.0,2709.60009765625,2676.5,2698.699951171875,2680.567626953125,966461
2025-05-09,2676.89990234375,2684.0,2626.60009765625,2634.800048828125,2617.09716796875,444671
2025-05-12,2671.10009765625,2761.89990234375,2671.10009765625,2742.800048828125,2724.371337890625,498304
2025-05-13,2741.0,2748.0,2702.699951171875,2708.699951171875,2690.500244140625,313964
2025-05-14,2719.89990234375,2747.0,2705.300048828125,2737.199951171875,2718.808837890625,330652
2025-05-15,2734.300048828125,2829.5,2720.0,2824.800048828125,2805.8203125,1353535
2025-05-16,2845.0,2845.0,2775.10009765625,2804.199951171875,2785.35888671875,700214
2025-05-19,2820.0,2820.10009765625,2721.0,2727.0,2708.677490234375,575525
2025-05-20,2754.0,2754.0,2710.199951171875,2720.800048828125,2702.519287109375,520661
2025-05-21,2717.0,2749.89990234375,2692.199951171875,2706.89990234375,2688.71240234375,304264
2025-05-22,2700.0,2702.300048828125,2648.300048828125,2674.60009765625,2656.629638671875,541069
2025-05-23,2675.0,2746.89990234375,2651.0,2659.39990234375,2641.531494140625,990691
2025-05-26,2672.5,2696.60009765625,2640.10009765625,2656.39990234375,2638.5517578125,435977
2025-05-27,2656.0,2658.39990234375,2595.0,2614.199951171875,2596.63525390625,874537
2025-05-28,2620.800048828125,2620.800048828125,2570.10009765625,2577.60009765625,2560.281494140625,849149
2025-05-29,2577.60009765625,2593.89990234375,2552.199951171875,2573.60009765625,2556.30810546875,616258
2025-05-30,2575.0,2604.89990234375,2536.0,2545.800048828125,2528.695068359375,1203864
2025-06-02,2546.0,2549.60009765625,2511.0,2524.10009765625,2507.140869140625,1209305
2025-06-03,2543.0,2563.0,2512.10009765625,2552.39990234375,2535.25048828125,1493898
2025-06-04,2556.300048828125,2573.10009765625,2541.800048828125,2549.699951171875,2532.568603515625,529006
2025-06-05,2555.10009765625,2599.0,2538.89990234375,2554.39990234375,2537.237060546875,950620
2025-06-06,2559.800048828125,2578.10009765625,2536.10009765625,2574.39990234375,2557.1025390625,414844
2025-06-09,2585.89990234375,2614.89990234375,2574.699951171875,2608.5,2590.9736328125,552351
2025-06-10,2710.0,2742.0,2666.60009765625,2708.0,2689.80517578125,2885229
2025-06-11,2708.10009765625,2733.89990234375,2678.199951171875,2722.199951171875,2703.90966796875,812149
2025-06-12,2718.10009765625,2729.0,2676.0,2689.10009765625,2671.031982421875,545570
2025-06-13,2652.10009765625,2687.699951171875,2635.800048828125,2663.800048828125,2645.902099609375,538879
2025-06-16,2665.0,2714.0,2652.10009765625,2704.89990234375,2686.725830078125,494993
2025-06-17,2704.89990234375,2706.300048828125,2665.0,2671.39990234375,2653.450927734375,241142
2025-06-18,2671.39990234375,2696.300048828125,2667.300048828125,2675.39990234375,2657.424072265625,342289
2025-06-19,2680.0,2712.0,2670.0,2693.199951171875,2675.1044921875,609547
2025-06-20,2683.0,2732.89990234375,2683.0,2712.60009765625,2694.37451171875,1232377
2025-06-23,2700.0,2737.5,2678.10009765625,2723.699951171875,2705.399658203125,728851
2025-06-24,2746.0,2801.800048828125,2737.300048828125,2780.89990234375,2762.21533203125,1562447
2025-06-25,2791.89990234375,2843.0,2786.5,2831.800048828125,2812.7734375,948185
2025-06-26,2840.0,2894.89990234375,2832.0,2883.300048828125,2863.92724609375,1392932
2025-06-27,2896.0,2896.0,2844.39990234375,2861.10009765625,2841.87646484375,678859
2025-06-30,2863.300048828125,2890.0,2836.699951171875,2844.5,2825.387939453125,447868
2025-07-01,2842.5,2870.0,2842.5,2848.10009765625,2828.9638671875,535639
2025-07-02,2870.0,2878.89990234375,2835.0,2849.800048828125,2830.652587890625,917118
2025-07-03,2848.39990234375,2849.89990234375,2810.800048828125,2817.60009765625,2798.6689453125,393434
2025-07-04,2817.60009765625,2820.0,2785.699951171875,2805.89990234375,2787.047119140625,286779
2025-07-07,2810.0,2819.89990234375,2775.0,2779.10009765625,2760.427490234375,278677
2025-07-08,2780.0,2841.300048828125,2778.199951171875,2820.800048828125,2801.84716796875,846061
2025-07-09,2813.0,2830.0,2793.60009765625,2797.89990234375,2779.100830078125,659109
2025-07-10,2797.89990234375,2809.800048828125,2769.0,2775.10009765625,2756.454345703125,780215
2025-07-11,2775.10009765625,2807.5,2756.39990234375,2762.0,2743.442138671875,476850
2025-07-14,2774.0,2809.0,2755.10009765625,2784.39990234375,2765.69189453125,2913912
2025-07-15,2789.0,2812.10009765625,2762.800048828125,2778.60009765625,2759.930908203125,450965
2025-07-16,2784.0,2784.0,2758.0,2762.39990234375,2743.83935546875,372782
2025-07-17,2762.0,2777.699951171875,2742.300048828125,2766.300048828125,2747.71337890625,720281
2025-07-18,2771.0,2774.0,2716.5,2728.5,2710.16748046875,797380
2025-07-21,2728.0,2751.5,2713.199951171875,2741.89990234375,2723.477294921875,616378
2025-07-22,2752.89990234375,2759.0,2717.5,2722.699951171875,2704.406494140625,664321
2025-07-23,2735.60009765625,2736.0,2701.5,2709.10009765625,2690.89794921875,373864
2025-07-24,2709.10009765625,2743.300048828125,2667.300048828125,2735.89990234375,2717.517578125,997645
2025-07-25,2735.0,2735.89990234375,2694.199951171875,2708.60009765625,2690.401123046875,360857
2025-07-28,2704.10009765625,2754.5,2697.0,2727.199951171875,2708.876220703125,547126
2025-07-29,2727.199951171875,2750.0,2705.0,2743.0,2724.56982421875,743512
2025-07-30,2740.0,2794.0,2733.10009765625,2758.60009765625,2740.0654296875,772901
2025-07-31,2735.0,2771.800048828125,2727.699951171875,2746.39990234375,2727.947021484375,581498
2025-08-01,2748.0,2766.5,2716.0,2722.199951171875,2703.90966796875,329586
2025-08-04,2730.0,2792.300048828125,2720.800048828125,2787.800048828125,2769.06884765625,570201
2025-08-05,2799.0,2824.89990234375,2784.699951171875,2797.199951171875,2778.40576171875,782631
2025-08-06,2800.0,2800.0,2758.0,2765.800048828125,2747.216796875,393906
2025-08-07,2764.0,2772.699951171875,2718.800048828125,2743.699951171875,2725.26513671875,591589
2025-08-08,2743.699951171875,2748.89990234375,2672.60009765625,2691.60009765625,2673.515380859375,1162918
2025-08-11,2726.0,2795.0,2720.0,2758.89990234375,2740.363037109375,1236332
2025-08-12,2757.0,2761.89990234375,2705.10009765625,2740.39990234375,2731.889404296875,553341
2025-08-13,2760.0,2766.0,2725.5,2745.89990234375,2737.372314453125,479944
2025-08-14,2745.89990234375,2770.0,2731.10009765625,2764.89990234375,2756.313232421875,618912
2025-08-18,2795.0,2865.39990234375,2776.5,2845.89990234375,2837.061767578125,1279195
2025-08-19,2845.89990234375,2854.0,2803.199951171875,2828.300048828125,2819.5166015625,372899
2025-08-20,2828.300048828125,2883.60009765625,2807.39990234375,2864.89990234375,2856.002685546875,930944
2025-08-21,2880.0,2898.39990234375,2855.0,2881.199951171875,2872.252197265625,1138327
2025-08-22,2881.10009765625,2881.10009765625,2801.39990234375,2813.800048828125,2805.0615234375,671902
2025-08-25,2825.699951171875,2832.699951171875,2791.60009765625,2811.39990234375,2802.6689453125,591824
2025-08-26,2803.60009765625,2818.5,2780.39990234375,2796.199951171875,2787.51611328125,425619
2025-08-28,2775.0,2806.0,2772.199951171875,2784.300048828125,2775.653076171875,528080
2025-08-29,2784.300048828125,2797.800048828125,2762.699951171875,2775.60009765625,2766.980224609375,542362
2025-09-01,2778.0,2816.800048828125,2773.39990234375,2803.89990234375,2795.192138671875,499161
2025-09-02,2815.0,2820.0,2773.699951171875,2779.800048828125,2771.167236328125,468533
2025-09-03,2789.0,2809.199951171875,2770.5,2781.39990234375,2772.761962890625,500510
2025-09-04,2801.0,2865.199951171875,2801.0,2809.800048828125,2801.073974609375,1177036
2025-09-05,2810.0,2837.5,2786.10009765625,2804.0,2795.2919921875,495200
2025-09-08,2795.10009765625,2823.89990234375,2795.10009765625,2804.10009765625,2795.391845703125,229922
2025-09-09,2804.10009765625,2823.699951171875,2786.5,2795.89990234375,2787.217041015625,388718
2025-09-10,2795.89990234375,2818.0,2775.60009765625,2785.800048828125,2777.1484375,421783
2025-09-11,2782.39990234375,2806.39990234375,2771.0,2799.0,2790.307373046875,217951
2025-09-12,2799.0,2818.0,2789.10009765625,2802.0,2793.298095703125,168095
2025-09-15,2795.0,2819.800048828125,2785.0,2802.39990234375,2793.69677734375,291664
2025-09-16,2811.89990234375,2848.5,2804.0,2843.0,2834.1708984375,546549
2025-09-17,2855.0,2881.0,2850.0,2865.39990234375,2856.501220703125,785107
2025-09-18,2878.0,2883.0,2852.0,2878.800048828125,2869.859619140625,513800
2025-09-19,2876.10009765625,2891.300048828125,2848.300048828125,2877.89990234375,2868.96240234375,790137
2025-09-22,2860.0,2911.0,2848.800048828125,2854.10009765625,2845.236572265625,751168
2025-09-23,2858.89990234375,2873.800048828125,2808.10009765625,2813.5,2804.762451171875,702680
2025-09-24,2813.5,2838.699951171875,2797.89990234375,2807.39990234375,2798.681396484375,316532
2025-09-25,2810.0,2833.199951171875,2771.199951171875,2778.60009765625,2769.970947265625,723479
2025-09-26,2775.0,2810.0,2736.199951171875,2746.800048828125,2738.26953125,523045
2025-09-29,2740.10009765625,2765.699951171875,2700.5,2746.89990234375,2738.369140625,541455
2025-09-30,2747.0,2769.0,2746.10009765625,2756.89990234375,2748.338134765625,440278
2025-10-01,2767.89990234375,2796.199951171875,2732.0,2789.699951171875,2781.036376953125,353196
2025-10-03,2800.0,2806.800048828125,2766.0,2791.39990234375,2782.73095703125,708063
2025-10-06,2765.10009765625,2814.10009765625,2765.10009765625,2807.39990234375,2798.681396484375,298274
2025-10-07,2800.0,2825.0,2790.300048828125,2808.0,2799.279541015625,245369
2025-10-08,2819.0,2823.39990234375,2764.699951171875,2778.199951171875,2769.572021484375,339604
2025-10-09,2781.39990234375,2817.300048828125,2778.199951171875,2810.60009765625,2801.87158203125,404859
2025-10-10,2810.60009765625,2832.800048828125,2788.300048828125,2811.0,2802.270263671875,582587
2025-10-13,2791.10009765625,2812.0,2778.5,2798.0,2789.310546875,280622
2025-10-14,2798.0,2808.0,2757.89990234375,2775.800048828125,2767.1796875,316183
2025-10-15,2780.0,2824.89990234375,2774.199951171875,2816.800048828125,2808.05224609375,459912
2025-10-16,2825.699951171875,2875.0,2817.10009765625,2859.800048828125,2850.918701171875,517682
2025-10-17,2862.0,2886.0,2826.300048828125,2836.199951171875,2827.391845703125,334522
2025-10-20,2849.0,2874.0,2838.0,2854.0,2845.13671875,374581
2025-10-21,2875.89990234375,2875.89990234375,2861.5,2870.699951171875,2861.78466796875,48792
2025-10-23,2884.0,2914.5,2856.0,2864.60009765625,2855.703857421875,511585
2025-10-24,2864.60009765625,2877.0,2823.0,2841.300048828125,2832.47607421875,456226
2025-10-27,2859.0,2934.0,2847.60009765625,2923.89990234375,2914.819580078125,764132
2025-10-28,2932.699951171875,2959.60009765625,2914.10009765625,2932.89990234375,2923.79150390625,1056504
2025-10-29,2945.89990234375,2977.800048828125,2940.0,2958.699951171875,2949.511474609375,711559
2025-10-30,2960.0,2965.89990234375,2922.60009765625,2950.39990234375,2941.2373046875,446894
2025-10-31,2950.39990234375,2954.39990234375,2880.0,2891.699951171875,2882.719482421875,576935
2025-11-03,2896.0,2919.89990234375,2872.5,2899.89990234375,2890.89404296875,297012
2025-11-04,2908.89990234375,2909.89990234375,2872.0,2882.0,2873.0498046875,229856
2025-11-06,2797.10009765625,2800.0,2692.0,2700.10009765625,2691.714599609375,1986853
2025-11-07,2700.0,2738.0,2675.699951171875,2724.60009765625,2716.138671875,1101889
2025-11-10,2738.0,2789.0,2728.699951171875,2762.89990234375,2754.319580078125,489522
2025-11-11,2775.0,2780.10009765625,2737.5,2775.800048828125,2767.1796875,399693
2025-11-12,2788.39990234375,2793.699951171875,2755.0,2767.39990234375,2758.805419921875,531304
2025-11-13,2766.60009765625,2785.0,2746.199951171875,2777.800048828125,2769.17333984375,687031
2025-11-14,2777.199951171875,2790.0,2761.0,2783.39990234375,2774.755859375,510972
2025-11-17,2790.0,2799.0,2771.10009765625,2790.300048828125,2781.634521484375,459047
2025-11-18,2788.0,2790.300048828125,2750.0,2762.0,2753.42236328125,437943
2025-11-19,2770.0,2774.0,2739.10009765625,2744.699951171875,2736.176025390625,468941
2025-11-20,2760.0,2764.300048828125,2745.0,2748.60009765625,2740.064208984375,519341
2025-11-21,2750.0,2756.89990234375,2723.0,2734.800048828125,2726.306884765625,471626
2025-11-24,2734.89990234375,2740.300048828125,2679.39990234375,2688.699951171875,2680.35009765625,917195
2025-11-25,2688.10009765625,2712.0,2680.0,2686.800048828125,2678.4560546875,558631
2025-11-26,2686.800048828125,2746.60009765625,2686.800048828125,2744.0,2735.478271484375,444974
2025-11-27,2748.0,2748.5,2712.0,2740.0,2731.49072265625,399328
2025-11-28,2747.199951171875,2748.0,2727.5,2739.39990234375,2730.892578125,297155
2025-12-01,2750.0,2753.10009765625,2700.0,2731.5,2723.01708984375,288096
2025-12-02,2717.10009765625,2741.10009765625,2717.10009765625,2735.0,2726.50634765625,388195
2025-12-03,2744.0,2744.0,2707.199951171875,2720.300048828125,2711.85205078125,435124
2025-12-04,2720.300048828125,2742.5,2710.0,2730.39990234375,2721.92041015625,276879
2025-12-05,2730.5,2750.39990234375,2716.89990234375,2747.0,2738.468994140625,173909
2025-12-08,2747.0,2769.89990234375,2730.0,2744.199951171875,2735.677734375,715725
2025-12-09,2740.0,2779.60009765625,2726.5,2746.0,2737.47216796875,419760
2025-12-10,2770.89990234375,2779.800048828125,2740.89990234375,2746.800048828125,2738.26953125,344470
2025-12-11,2757.0,2802.699951171875,2742.699951171875,2797.800048828125,2789.111328125,453706
2025-12-12,2814.0,2845.199951171875,2796.60009765625,2836.699951171875,2827.890380859375,927504
2025-12-15,2836.699951171875,2849.89990234375,2817.0,2821.0,2812.2392578125,736238
2025-12-16,2822.0,2832.699951171875,2786.199951171875,2799.10009765625,2790.4072265625,545921
2025-12-17,2785.199951171875,2814.89990234375,2780.0,2806.60009765625,2797.884033203125,420053
2025-12-18,2810.0,2820.0,2786.89990234375,2807.60009765625,2798.880859375,252763
2025-12-19,2800.0,2831.10009765625,2790.10009765625,2812.5,2803.765625,546550
2025-12-22,2812.699951171875,2858.0,2798.10009765625,2809.699951171875,2800.97412109375,796031
2025-12-23,2811.0,2842.699951171875,2811.0,2829.800048828125,2821.011962890625,399009
2025-12-24,2830.800048828125,2862.89990234375,2820.0,2826.89990234375,2818.120849609375,444617
2025-12-26,2828.0,2840.39990234375,2809.300048828125,2817.699951171875,2808.949462890625,506240
2025-12-29,2821.0,2850.0,2812.5,2842.39990234375,2833.572509765625,607462
2025-12-30,2847.0,2857.10009765625,2827.199951171875,2841.699951171875,2832.874755859375,729640
2025-12-31,2844.5,2864.0,2803.5,2829.0,2820.21435546875,327956
2026-01-01,2833.0,2854.89990234375,2822.300048828125,2851.699951171875,2842.84375,449775
2026-01-02,2856.89990234375,2882.0,2845.10009765625,2856.39990234375,2847.529052734375,698682
2026-01-05,2871.0,2893.0,2842.5,2848.89990234375,2840.052490234375,861522
2026-01-06,2860.0,2880.0,2845.5,2865.300048828125,2856.401611328125,720656
2026-01-07,2880.0,2880.0,2829.10009765625,2837.10009765625,2828.289306640625,287536
2026-01-08,2821.0,2831.89990234375,2787.10009765625,2792.0,2783.3291015625,437229
2026-01-09,2799.800048828125,2807.89990234375,2766.699951171875,2776.89990234375,2768.276123046875,556140
2026-01-12,2763.0,2821.60009765625,2738.300048828125,2806.699951171875,2797.9833984375,476367
2026-01-13,2799.0,2814.800048828125,2759.10009765625,2774.199951171875,2765.58447265625,875758
2026-01-14,2774.0,2821.10009765625,2755.10009765625,2795.800048828125,2787.117431640625,452326
2026-01-15,2795.800048828125,2795.800048828125,2795.800048828125,2795.800048828125,2787.117431640625,0
2026-01-16,2810.800048828125,2827.300048828125,2791.0,2809.60009765625,2800.874755859375,678922
2026-01-19,2796.0,2821.60009765625,2768.800048828125,2780.0,2771.366455078125,586951
2026-01-20,2783.0,2790.800048828125,2706.0,2713.60009765625,2705.1728515625,411054
2026-01-21,2718.89990234375,2752.0,2708.300048828125,2735.60009765625,2727.1044921875,939481
2026-01-22,2742.5,2799.0,2742.5,2787.60009765625,2778.94287109375,870158
2026-01-23,2789.89990234375,2805.0,2752.5,2759.0,2750.431640625,606097
2026-01-27,2798.0,2866.89990234375,2773.0,2856.199951171875,2847.329833984375,1521231
2026-01-28,2870.10009765625,2891.199951171875,2831.10009765625,2839.10009765625,2830.282958984375,508906
2026-01-29,2826.60009765625,2852.89990234375,2808.699951171875,2831.699951171875,2822.90576171875,680590
2026-01-30,2837.5,2839.60009765625,2807.89990234375,2819.0,2810.245361328125,1083570
2026-02-02,2740.0,2781.89990234375,2713.0,2774.60009765625,2765.9833984375,929579
2026-02-03,2869.0,2869.0,2801.10009765625,2808.89990234375,2800.1767578125,1232908
2026-02-04,2808.89990234375,2863.800048828125,2808.89990234375,2844.89990234375,2836.06494140625,566105
2026-02-05,2830.10009765625,2877.300048828125,2825.0,2863.89990234375,2855.005859375,762775
2026-02-06,2864.0,2879.0,2820.699951171875,2836.89990234375,2828.089599609375,361882
2026-02-09,2859.89990234375,2939.800048828125,2846.5,2926.300048828125,2917.212158203125,681768
2026-02-10,2943.0,2962.0,2919.199951171875,2953.89990234375,2944.726318359375,624992
2026-02-11,2979.0,2979.0,2894.89990234375,2932.60009765625,2923.49267578125,1015218
2026-02-12,2940.39990234375,2940.5,2907.60009765625,2925.5,2916.41455078125,420088
2026-02-13,2929.300048828125,2934.0,2877.39990234375,2888.0,2879.031005859375,419620
2026-02-16,2870.0,2918.0,2861.300048828125,2912.699951171875,2903.654296875,285131
2026-02-17,2902.10009765625,2917.0,2880.199951171875,2900.39990234375,2891.392578125,458126
2026-02-18,2900.0,2938.89990234375,2900.0,2933.800048828125,2924.68896484375,350421
2026-02-19,2928.10009765625,2960.0,2846.89990234375,2864.300048828125,2855.40478515625,388104
2026-02-20,2864.89990234375,2890.0,2822.699951171875,2832.800048828125,2824.00244140625,597887
2026-02-23,2844.0,2883.699951171875,2839.699951171875,2873.39990234375,2864.476318359375,593878
2026-02-24,2850.199951171875,2886.699951171875,2847.39990234375,2879.300048828125,2870.358154296875,593814
2026-02-25,2892.0,2910.699951171875,2867.10009765625,2878.39990234375,2869.460693359375,595400
2026-02-26,2881.5,2889.89990234375,2846.60009765625,2863.5,2854.607177734375,662746
2026-02-27,2845.0,2864.60009765625,2784.0,2799.800048828125,2791.10498046875,1153378
2026-03-02,2729.800048828125,2786.300048828125,2696.39990234375,2777.300048828125,2768.6748046875,900872
2026-03-04,2727.0,2742.199951171875,2645.0,2683.199951171875,2674.866943359375,928520
2026-03-05,2685.0,2731.89990234375,2656.800048828125,2724.10009765625,2715.64013671875,1101224
2026-03-06,2701.5,2759.39990234375,2687.199951171875,2718.39990234375,2709.957763671875,1457401
2026-03-09,2659.0,2692.800048828125,2631.0,2681.199951171875,2672.873291015625,1019315
2026-03-10,2701.0,2753.0,2694.199951171875,2743.89990234375,2735.37841796875,1035360
2026-03-11,2726.60009765625,2762.800048828125,2714.800048828125,2735.60009765625,2727.1044921875,1492588
2026-03-12,2711.199951171875,2727.39990234375,2660.60009765625,2673.10009765625,2664.798583984375,952036
2026-03-13,2655.0,2664.0,2563.10009765625,2568.60009765625,2560.623046875,1309585
2026-03-16,2570.0,2661.39990234375,2565.0,2654.39990234375,2646.156494140625,1531881
2026-03-17,2655.10009765625,2699.0,2650.0,2683.300048828125,2674.966796875,603520
2026-03-18,2699.0,2732.89990234375,2686.699951171875,2723.10009765625,2714.643310546875,933801
2026-03-19,2700.0,2700.0,2600.10009765625,2607.89990234375,2599.80078125,1270396
2026-03-20,2622.10009765625,2662.699951171875,2608.300048828125,2616.300048828125,2608.1748046875,1510096
2026-03-23,2591.0,2598.0,2502.5,2531.10009765625,2523.239501953125,1936926
2026-03-24,2565.5,2600.699951171875,2523.0,2549.39990234375,2541.482421875,2303237
2026-03-25,2561.800048828125,2668.39990234375,2561.800048828125,2647.800048828125,2639.5771484375,1656810
2026-03-27,2651.0,2655.0,2604.60009765625,2628.199951171875,2620.037841796875,2406056
2026-03-30,2620.10009765625,2620.10009765625,2540.0,2557.699951171875,2549.7568359375,1978678
2026-04-01,2602.0,2613.300048828125,2576.0,2592.800048828125,2584.747802734375,651446
2026-04-02,2574.89990234375,2574.89990234375,2514.199951171875,2564.10009765625,2556.136962890625,522088
2026-04-06,2545.0,2625.300048828125,2533.0,2614.39990234375,2606.28076171875,720478
2026-04-07,2592.0,2632.800048828125,2576.60009765625,2621.0,2612.8603515625,632051
2026-04-08,2698.0,2794.89990234375,2690.5,2756.199951171875,2747.640380859375,816578
2026-04-09,2740.10009765625,2772.5,2723.0,2740.5,2731.9892578125,788928
2026-04-10,2750.0,2779.10009765625,2727.199951171875,2742.60009765625,2734.082763671875,611392
2026-04-13,2694.10009765625,2739.0,2682.89990234375,2713.0,2704.574462890625,1259991
2026-04-15,2739.0,2793.199951171875,2732.0,2741.39990234375,2732.88623046875,665607
2026-04-16,2745.89990234375,2755.300048828125,2696.0,2717.300048828125,2708.861328125,803379
2026-04-17,2720.0,2736.60009765625,2692.300048828125,2720.5,2712.05126953125,427517
2026-04-20,2730.5,2771.89990234375,2697.300048828125,2760.10009765625,2751.5283203125,702964
2026-04-21,2772.0,2792.0,2755.0,2777.699951171875,2769.073486328125,686149
2026-04-22,2774.39990234375,2810.0,2755.60009765625,2776.60009765625,2767.97705078125,924150
2026-04-23,2762.300048828125,2768.39990234375,2727.0,2735.0,2726.50634765625,859207
2026-04-24,2760.699951171875,2768.89990234375,2732.10009765625,2739.300048828125,2730.79296875,1109759
2026-04-27,2766.0,2810.89990234375,2752.199951171875,2778.199951171875,2769.572021484375,986204
2026-04-28,2780.0,2848.199951171875,2772.0,2783.0,2774.357177734375,1561588
2026-04-29,2798.0,2838.60009765625,2777.0,2803.199951171875,2794.494384765625,976666
2026-04-30,2783.0,2801.39990234375,2727.0,2794.5,2785.821533203125,1130223
2026-05-01,2794.5,2794.5,2794.5,2794.5,2785.821533203125,0
2026-05-04,2805.0,2865.800048828125,2805.0,2856.0,2847.13037109375,977675
2026-05-05,2831.0,2879.89990234375,2823.60009765625,2871.5,2862.582275390625,947423
2026-05-06,2885.5,2923.300048828125,2872.300048828125,2914.800048828125,2905.747802734375,362970
2026-05-07,2902.300048828125,2975.0,2900.0,2960.60009765625,2951.40576171875,603383
2026-05-08,2960.60009765625,2980.39990234375,2932.10009765625,2968.60009765625,2959.380859375,505248
2026-05-11,2954.10009765625,3007.300048828125,2928.0,2984.199951171875,2974.932373046875,567800
2026-05-12,2980.0,2984.199951171875,2893.699951171875,2903.0,2893.984619140625,467500
2026-05-13,2910.300048828125,2969.300048828125,2910.0,2945.60009765625,2936.452392578125,1332833
2026-05-14,2955.0,2983.300048828125,2933.10009765625,2938.699951171875,2929.573486328125,1652596
2026-05-15,2938.89990234375,2968.39990234375,2924.300048828125,2933.800048828125,2924.68896484375,1586864
2026-05-18,2906.0,2955.5,2885.199951171875,2943.800048828125,2934.657958984375,800447
2026-05-19,2955.0,2970.0,2919.89990234375,2935.199951171875,2926.08447265625,637116
2026-05-20,2908.199951171875,2988.0,2880.60009765625,2971.10009765625,2961.873046875,1306216
2026-05-21,3060.699951171875,3180.0,3021.0,3154.5,3144.703369140625,4417489
2026-05-22,3178.0,3187.60009765625,3142.0,3155.300048828125,3145.5009765625,906466
2026-05-25,3180.0,3192.300048828125,3128.10009765625,3171.60009765625,3161.75048828125,620009
2026-05-26,3168.39990234375,3196.199951171875,3155.0,3165.0,3155.1708984375,984415
2026-05-27,3158.0,3197.5,3158.0,3170.0,3160.1552734375,317539
2026-05-28,3170.0,3170.0,3170.0,3170.0,3160.1552734375,0
2026-05-29,3175.0,3190.300048828125,3111.39990234375,3122.39990234375,3112.703125,1635193
2026-06-01,3151.39990234375,3158.0,3084.300048828125,3102.60009765625,3092.96484375,644142
2026-06-02,3076.0,3104.300048828125,3061.0,3097.60009765625,3087.980224609375,461140
2026-06-03,3099.0,3114.89990234375,3060.0,3101.60009765625,3091.9677734375,460368
2026-06-04,3100.10009765625,3138.800048828125,3085.800048828125,3103.5,3093.86181640625,957529
2026-06-05,3109.0,3124.60009765625,3066.199951171875,3087.699951171875,3078.11083984375,697168
2026-06-08,3060.0,3099.89990234375,3034.89990234375,3050.10009765625,3040.627685546875,687274
2026-06-09,3070.199951171875,3109.5,3067.800048828125,3095.5,3085.88671875,923351
2026-06-10,3090.0,3132.0,3065.5,3071.199951171875,3061.662109375,792811
2026-06-11,3058.0,3109.0,3045.800048828125,3089.5,3079.9052734375,613443
2026-06-12,3120.0,3120.0,3075.0,3105.5,3095.855712890625,536817
2026-06-15,3168.0,3175.0,3131.0,3164.5,3154.67236328125,1033542
2026-06-16,3180.0,3183.0,3133.800048828125,3140.300048828125,3130.547607421875,308307
2026-06-17,3150.0,3200.0,3115.89990234375,3150.39990234375,3140.615966796875,395269
2026-06-18,3158.5,3168.89990234375,3109.199951171875,3145.10009765625,3135.332763671875,667101
2026-06-19,3135.10009765625,3167.0,3130.0,3149.5,3139.718994140625,534084
2026-06-22,3157.10009765625,3180.10009765625,3128.199951171875,3175.199951171875,3165.339111328125,368611
2026-06-23,3185.0,3186.0,3126.10009765625,3144.300048828125,3134.53515625,705875
2026-06-24,3135.0,3142.699951171875,3097.0,3127.89990234375,3118.18603515625,706788
2026-06-25,3131.89990234375,3156.0,3115.10009765625,3126.60009765625,3116.89013671875,785517
2026-06-26,3126.60009765625,3126.60009765625,3126.60009765625,3126.60009765625,3116.89013671875,0
2026-06-29,3145.0,3145.0,3072.300048828125,3080.199951171875,3070.634033203125,1286143
2026-06-30,3085.0,3128.89990234375,3080.5,3100.0,3090.372802734375,868872
2026-07-01,3115.0,3145.0,3083.5,3140.39990234375,3130.647216796875,490262
2026-07-02,3153.0,3173.89990234375,3134.39990234375,3169.199951171875,3159.357666015625,449711
2026-07-03,3180.0,3219.300048828125,3165.0,3180.89990234375,3171.021240234375,425942
2026-07-06,3182.199951171875,3218.0,3172.0,3213.0,3203.021728515625,386276
2026-07-07,3201.0,3222.0,3172.89990234375,3190.89990234375,3180.990234375,571660
2026-07-08,3174.0,3188.800048828125,3121.39990234375,3134.800048828125,3125.064697265625,477890
2026-07-09,3139.0,3222.0,3136.300048828125,3191.89990234375,3181.9873046875,936756
2026-07-10,3204.800048828125,3246.0,3202.0,3213.60009765625,3203.6201171875,515666
2026-07-13,3202.39990234375,3216.300048828125,3125.199951171875,3144.300048828125,3134.53515625,654390
2026-07-14,3138.0,3153.5,3093.10009765625,3113.300048828125,3103.63134765625,1058130
2026-07-15,3120.0,3150.0,3080.0,3086.10009765625,3076.515869140625,726262
2026-07-16,3086.699951171875,3105.0,3060.0,3072.89990234375,3063.356689453125,536911
2026-07-17,3079.39990234375,3118.0,3065.39990234375,3109.699951171875,3100.04248046875,622540
2026-07-20,3135.0,3155.89990234375,3085.0,3143.800048828125,3134.03662109375,349776
2026-07-21,3150.10009765625,3195.10009765625,3135.60009765625,3179.800048828125,3169.9248046875,659160
2026-07-22,3163.10009765625,3177.10009765625,3146.60009765625,3166.300048828125,3156.466796875,396629
2026-07-23,3166.0,3180.0,3096.0,3113.0,3103.332275390625,327446
2026-07-24,3100.0,3100.0,3066.39990234375,3089.39990234375,3079.805419921875,341560
2026-07-27,3100.0,3120.0,3086.10009765625,3112.39990234375,3102.734130859375,266078
2026-07-28,3108.699951171875,3126.60009765625,3101.699951171875,3116.199951171875,3106.5224609375,388153
2026-07-29,3131.800048828125,3149.0,3105.10009765625,3113.0,3103.332275390625,304356
2026-07-30,3115.0,3115.5,3085.5,3104.800048828125,3095.157958984375,301353
2026-07-31,3115.699951171875,3135.89990234375,3092.60009765625,3100.800048828125,3091.170166015625,309447
2026-08-03,3120.0,3260.0,3103.10009765625,3260.0,3249.875732421875,393816
2026-08-04,3219.0,3219.10009765625,3115.0,3138.0,3128.254638671875,770936
2026-08-05,3150.0,3228.699951171875,3135.800048828125,3224.0,3213.987548828125,692531
2026-08-06,3223.10009765625,3232.800048828125,3183.60009765625,3220.0,3210.0,365593
2026-08-07,3220.0,3349.60009765625,3183.0,3323.0,3323.0,1071215
2026-08-10,3324.0,3411.10009765625,3290.199951171875,3380.5,3380.5,2568033
2026-08-11,3360.0,3402.800048828125,3301.89990234375,3322.199951171875,3322.199951171875,755928
2026-08-12,3325.10009765625,3393.89990234375,3270.60009765625,3307.800048828125,3307.800048828125,2309486
2026-08-13,3299.300048828125,3299.300048828125,3201.0,3257.0,3257.0,1041544
2026-08-14,3264.800048828125,3264.800048828125,3221.0,3248.699951171875,3248.699951171875,476082
2026-08-17,3240.0,3272.199951171875,3223.5,3250.5,3250.5,1324345
2026-08-18,3257.0,3297.699951171875,3250.5,3278.699951171875,3278.699951171875,1498859
2026-08-19,3278.699951171875,3278.699951171875,3223.0,3270.0,3270.0,978120
2026-08-20,3280.0,3310.0,3250.0,3300.0,3300.0,1182213
2026-08-21,3280.0,3343.10009765625,3258.0,3308.0,3308.0,1465361
2026-08-24,3316.0,3316.0,3263.0,3288.0,3288.0,1615909
2026-08-25,3287.89990234375,3300.199951171875,3222.10009765625,3289.60009765625,3289.60009765625,1752045
2026-08-26,3291.0,3310.0,3262.39990234375,3299.89990234375,3299.89990234375,1112414
2026-08-27,3289.0,3299.800048828125,3258.0,3258.0,3258.0,733124
2026-08-28,3261.0,3292.5,3229.0,3290.0,3290.0,676185
2026-08-31,3290.0,3371.0,3250.0,3371.0,3371.0,1019104
2026-09-01,3337.0,3337.0,3287.10009765625,3305.0,3305.0,818556
2026-09-02,3292.0,3298.300048828125,3235.5,3294.89990234375,3294.89990234375,1085964
2026-09-03,3275.10009765625,3325.199951171875,3275.10009765625,3310.0,3310.0,2310916
2026-09-04,3318.89990234375,3332.60009765625,3268.10009765625,3322.0,3322.0,892704
2026-09-07,3322.0,3327.699951171875,3293.0,3302.39990234375,3302.39990234375,1179298
2026-09-08,3302.39990234375,3318.199951171875,3277.0,3306.800048828125,3306.800048828125,875447
2026-09-09,3305.0,3320.0,3279.0,3300.0,3300.0,850901
2026-09-10,3290.0,3324.39990234375,3279.89990234375,3319.0,3319.0,1056285
2026-09-11,3302.39990234375,3302.39990234375,3267.0,3281.89990234375,3281.89990234375,515990
2026-09-14,3281.89990234375,3281.89990234375,3281.89990234375,3281.89990234375,3281.89990234375,0
2026-09-15,3263.300048828125,3272.0,3171.0,3171.0,3171.0,1332882
2026-09-16,3190.0,3201.800048828125,3159.10009765625,3187.0,3187.0,859973
2026-09-17,3190.0,3205.0,3159.0,3173.10009765625,3173.10009765625,738188
2026-09-18,3175.0,3209.199951171875,3174.5,3209.199951171875,3209.199951171875,682793
2026-09-21,3204.89990234375,3217.300048828125,3166.0,3166.0,3166.0,187000
2026-09-22,3171.0,3180.800048828125,3125.0,3128.199951171875,3128.199951171875,692941
2026-09-23,3138.0,3190.0,3127.10009765625,3188.5,3188.5,411551
2026-09-24,3151.0,3203.699951171875,3150.60009765625,3166.5,3166.5,471338
2026-09-25,3175.0,3212.5,3161.0,3191.0,3191.0,773413
2026-09-28,3186.0,3186.0,3138.0,3150.0,3150.0,746885
2026-09-29,3149.199951171875,3151.5,3089.0,3100.0,3100.0,1153762
2026-09-30,3100.0,3112.300048828125,3046.39990234375,3061.89990234375,3061.89990234375,448156
