date,open,high,low,close,adj_close,volume
2015-01-01,164.0,164.0,161.5749969482422,161.9250030517578,137.228515625,142730
2015-01-02,162.8000030517578,165.89999389648438,162.0500030517578,164.97500610351562,139.81332397460938,658102
2015-01-05,163.5,165.5,161.60000610351562,161.97500610351562,137.27088928222656,953386
2015-01-06,161.5500030517578,165.5,160.75,163.8249969482422,138.8387451171875,1854742
2015-01-07,163.85000610351562,164.875,158.5500030517578,161.0,136.44461059570312,1531050
2015-01-08,161.0,161.9250030517578,159.75,160.77499389648438,136.25390625,1607030
2015-01-09,161.25,164.89999389648438,157.8000030517578,159.47500610351562,135.1521759033203,28894954
2015-01-12,159.85000610351562,161.0,157.5500030517578,159.375,135.0674285888672,7008848
2015-01-13,159.64999389648438,168.875,159.375,167.125,141.6354217529297,15155768
2015-01-14,167.0500030517578,182.5,167.02499389648438,175.9250030517578,149.09324645996094,10559456
2015-01-15,179.5,179.9499969482422,174.8249969482422,177.6999969482422,150.59754943847656,2655748
2015-01-16,178.27499389648438,180.35000610351562,174.0749969482422,175.125,148.415283203125,1251134
2015-01-19,175.9499969482422,184.75,174.5749969482422,178.9250030517578,151.63571166992188,2461916
2015-01-20,180.0,180.0,173.0749969482422,175.5749969482422,148.79664611816406,1228736
2015-01-21,176.0,181.4499969482422,174.52499389648438,176.39999389648438,149.4958038330078,3524786
2015-01-22,175.8000030517578,182.4499969482422,175.8000030517578,180.97500610351562,153.37303161621094,2148870
2015-01-23,182.6999969482422,183.35000610351562,176.75,179.3249969482422,151.97470092773438,1930778
2015-01-27,180.0,180.89999389648438,175.0500030517578,176.75,149.7924346923828,6040466
2015-01-28,177.3000030517578,178.35000610351562,175.5,176.60000610351562,149.66529846191406,487904
2015-01-29,176.85000610351562,177.14999389648438,173.02499389648438,175.89999389648438,149.07208251953125,678956
2015-01-30,177.3249969482422,182.25,176.0,180.39999389648438,152.8856964111328,4729500
2015-02-02,180.85000610351562,186.0,179.125,180.25,152.7586212158203,5856806
2015-02-03,179.60000610351562,183.4499969482422,169.3249969482422,174.85000610351562,148.1822052001953,5544084
2015-02-04,176.25,179.4250030517578,176.0,177.9499969482422,150.8094024658203,1285060
2015-02-05,179.39999389648438,179.39999389648438,177.02499389648438,178.35000610351562,151.14840698242188,1281778
2015-02-06,178.85000610351562,178.85000610351562,174.85000610351562,176.3000030517578,150.0420379638672,1454680
2015-02-09,176.39999389648438,177.75,172.5,176.1999969482422,149.9569091796875,1596838
2015-02-10,174.22500610351562,177.52499389648438,172.8000030517578,176.0,149.78671264648438,976000
2015-02-11,176.5,177.5,175.60000610351562,177.14999389648438,150.7654266357422,456326
2015-02-12,177.97500610351562,177.97500610351562,174.3249969482422,175.72500610351562,149.5526580810547,1816240
2015-02-13,176.5,177.5500030517578,176.0,177.4250030517578,150.99951171875,1067198
2015-02-16,176.5,177.9499969482422,176.0,176.625,150.31861877441406,459846
2015-02-18,177.4250030517578,187.1750030517578,176.625,179.0500030517578,152.3824462890625,1668672
2015-02-19,179.9499969482422,180.5,176.0,176.64999389648438,150.3399200439453,416066
2015-02-20,176.97500610351562,179.0,176.3000030517578,176.89999389648438,150.55264282226562,363814
2015-02-23,177.35000610351562,184.0,176.75,178.5749969482422,151.97817993164062,1177970
2015-02-24,178.75,178.8000030517578,176.0500030517578,177.9499969482422,151.44625854492188,1343294
2015-02-25,178.0,178.3249969482422,177.02499389648438,177.25,150.8505401611328,624030
2015-02-26,176.375,177.75,176.375,177.3249969482422,150.9143829345703,640818
2015-02-27,177.125,180.4499969482422,176.9250030517578,178.875,152.2335205078125,1525022
2015-03-02,178.5,182.1999969482422,177.1999969482422,179.5500030517578,152.8079833984375,2170958
2015-03-03,181.97500610351562,187.5,179.0,184.39999389648438,156.93560791015625,4722644
2015-03-04,186.39999389648438,201.85000610351562,185.0,192.0,163.40367126464844,5681106
2015-03-05,191.25,204.1999969482422,191.25,199.1750030517578,169.51011657714844,3315512
2015-03-09,199.39999389648438,199.39999389648438,189.72500610351562,192.0,163.40367126464844,1351160
2015-03-10,192.5500030517578,193.0500030517578,187.5500030517578,189.375,161.169677734375,1236428
2015-03-11,190.0,192.89999389648438,186.0,188.4250030517578,160.36117553710938,1515948
2015-03-12,187.77499389648438,194.60000610351562,186.3249969482422,191.39999389648438,162.89305114746094,864006
2015-03-13,193.47500610351562,194.89999389648438,181.5,182.875,155.63775634765625,1105854
2015-03-16,184.6999969482422,185.875,178.64999389648438,182.47500610351562,155.29733276367188,860692
2015-03-17,185.47500610351562,193.47500610351562,185.47500610351562,192.27499389648438,163.6377410888672,2589368
2015-03-18,192.5,196.6999969482422,183.125,184.27499389648438,156.82923889160156,1773178
2015-03-19,186.89999389648438,186.89999389648438,184.125,184.97500610351562,157.4249725341797,2064184
2015-03-20,187.64999389648438,188.3249969482422,177.64999389648438,182.25,155.10581970214844,7080928
2015-03-23,182.47500610351562,186.75,181.125,185.27499389648438,157.68026733398438,1157602
2015-03-24,186.85000610351562,186.85000610351562,183.0500030517578,185.52499389648438,157.89305114746094,455518
2015-03-25,184.5,185.9499969482422,181.77499389648438,182.375,155.2122039794922,254420
2015-03-26,182.0,192.25,181.5,186.97500610351562,159.1271209716797,1642370
2015-03-27,188.0,194.0,187.5,193.39999389648438,164.59515380859375,1275454
2015-03-30,194.9499969482422,195.0,186.375,188.35000610351562,160.2973175048828,868596
2015-03-31,189.0,197.52499389648438,189.0,192.875,164.14834594726562,1400022
2015-04-01,193.75,196.0,190.875,193.72500610351562,164.87176513671875,573584
2015-04-06,194.0,194.0,190.64999389648438,191.35000610351562,162.85047912597656,337008
2015-04-07,193.0,197.97500610351562,191.9250030517578,195.35000610351562,166.25474548339844,748474
2015-04-08,196.0,205.0,194.47500610351562,204.02499389648438,173.6376495361328,2207546
2015-04-09,205.75,207.75,196.0749969482422,197.27499389648438,167.89306640625,1025820
2015-04-10,197.9499969482422,202.5,194.0,200.75,170.85047912597656,724850
2015-04-13,201.0,202.14999389648438,196.3000030517578,200.375,170.5313262939453,2076428
2015-04-15,201.4250030517578,203.1750030517578,198.0749969482422,201.9250030517578,171.8504638671875,1096110
2015-04-16,203.0,211.5,203.0,209.52499389648438,178.31854248046875,2399766
2015-04-17,213.375,214.1999969482422,207.125,208.10000610351562,177.10577392578125,1495118
2015-04-20,206.0,207.0,195.125,197.75,168.2972869873047,1659718
2015-04-21,197.1999969482422,201.64999389648438,193.0500030517578,198.875,169.25473022460938,2068118
2015-04-22,198.72500610351562,200.97500610351562,196.5749969482422,198.4250030517578,168.8717498779297,386566
2015-04-23,198.4250030517578,206.5,197.60000610351562,199.02499389648438,169.38243103027344,1319548
2015-04-24,199.47500610351562,209.75,194.5,198.0,168.510009765625,1968460
2015-04-27,198.1999969482422,203.0749969482422,194.5749969482422,196.6750030517578,167.38238525390625,925574
2015-04-28,196.6750030517578,201.0,195.4250030517578,200.02499389648438,170.23342895507812,1310780
2015-04-29,200.9250030517578,202.5,196.5,199.9250030517578,170.1483612060547,695864
2015-04-30,201.89999389648438,205.9250030517578,198.75,200.85000610351562,170.9355926513672,3069906
2015-05-04,202.0,202.0,190.22500610351562,194.22500610351562,165.29727172851562,2171044
2015-05-05,195.39999389648438,195.39999389648438,191.5,193.0,164.25474548339844,1602862
2015-05-06,193.0,196.4499969482422,186.875,187.5500030517578,159.61647033691406,2126696
2015-05-07,188.5,189.1999969482422,180.0,184.47500610351562,156.99948120117188,1197890
2015-05-08,187.5,187.5,182.60000610351562,184.72500610351562,157.2122344970703,836790
2015-05-11,184.39999389648438,190.4499969482422,182.72500610351562,189.75,161.48878479003906,1294368
2015-05-12,189.4499969482422,192.39999389648438,186.5500030517578,189.9250030517578,161.63772583007812,3229186
2015-05-13,194.5,209.9499969482422,192.4499969482422,203.0,172.765380859375,10174958
2015-05-14,201.52499389648438,210.0,199.52499389648438,201.125,171.16957092285156,4942854
2015-05-15,201.0,206.0749969482422,199.52499389648438,202.8000030517578,172.59512329101562,3867164
2015-05-18,202.3249969482422,207.25,201.0,205.0,174.46746826171875,2023828
2015-05-19,204.6999969482422,207.0,203.125,205.39999389648438,174.8079071044922,1951934
2015-05-20,205.39999389648438,211.0,202.0,205.85000610351562,175.19091796875,4062448
2015-05-21,206.97500610351562,207.25,201.5,204.27499389648438,173.8504638671875,2381126
2015-05-22,204.89999389648438,207.25,202.5,205.125,174.5738525390625,2918736
2015-05-25,205.10000610351562,210.0,204.35000610351562,208.77499389648438,177.6802215576172,4583166
2015-05-26,209.25,214.9499969482422,207.5,212.8249969482422,181.1270294189453,7227350
2015-05-27,210.0,213.4499969482422,202.3000030517578,205.64999389648438,175.02066040039062,3195882
2015-05-28,204.5,207.35000610351562,203.25,204.89999389648438,174.3823699951172,2622984
2015-05-29,206.125,227.97500610351562,205.25,219.8000030517578,187.06317138671875,44809688
2015-06-01,212.375,224.5,210.0500030517578,222.625,189.4674072265625,3935578
2015-06-02,220.625,221.60000610351562,209.0749969482422,210.75,179.36109924316406,1568138
2015-06-03,210.5,213.22500610351562,206.0500030517578,208.27499389648438,177.25473022460938,1162300
2015-06-04,208.5749969482422,213.35000610351562,208.3000030517578,212.39999389648438,180.7653350830078,1015418
2015-06-05,212.375,223.89999389648438,210.10000610351562,219.52499389648438,186.8291015625,1451038
2015-06-08,221.97500610351562,224.89999389648438,213.5500030517578,215.97500610351562,183.80783081054688,1518418
2015-06-09,215.5,216.5,208.89999389648438,211.97500610351562,180.40362548828125,994294
2015-06-10,213.0,213.625,208.0749969482422,210.9250030517578,179.51002502441406,1131028
2015-06-11,211.25,211.75,200.10000610351562,202.8249969482422,172.61642456054688,727906
2015-06-12,202.5,208.4499969482422,202.5,206.875,176.06321716308594,668806
2015-06-15,205.125,210.25,205.125,208.27499389648438,177.25473022460938,292506
2015-06-16,208.5,210.0,203.10000610351562,203.8249969482422,173.46746826171875,357456
2015-06-17,204.85000610351562,212.0,204.5500030517578,210.4250030517578,179.08450317382812,1408726
2015-06-18,210.60000610351562,212.25,208.0,211.22500610351562,179.76535034179688,466132
2015-06-19,211.6999969482422,221.0,210.10000610351562,219.5749969482422,186.8717041015625,1734460
2015-06-22,220.35000610351562,228.1999969482422,220.35000610351562,224.97500610351562,191.46743774414062,1034138
2015-06-23,227.125,231.5,221.14999389648438,222.6999969482422,189.53121948242188,870362
2015-06-24,223.0,233.5,220.0,229.8000030517578,195.5737762451172,2218774
2015-06-25,232.25,232.25,222.22500610351562,224.875,191.38233947753906,1748280
2015-06-26,225.39999389648438,225.39999389648438,222.0,224.39999389648438,190.9780731201172,660256
2015-06-29,220.0,221.5,215.875,217.1750030517578,184.82913208007812,435618
2015-06-30,217.0,226.25,216.77499389648438,224.8249969482422,191.33975219726562,1891738
2015-07-01,226.4499969482422,227.0500030517578,222.5749969482422,223.77499389648438,190.44610595703125,614828
2015-07-02,225.6999969482422,226.39999389648438,219.89999389648438,222.14999389648438,189.06317138671875,1263066
2015-07-03,223.72500610351562,223.72500610351562,216.10000610351562,217.02499389648438,184.7014923095703,468902
2015-07-06,217.0,223.9499969482422,215.5,220.97500610351562,188.06317138671875,347568
2015-07-07,221.35000610351562,223.375,218.52499389648438,219.6999969482422,186.97805786132812,400592
2015-07-08,217.52499389648438,224.0,217.0500030517578,219.375,186.7014617919922,668130
2015-07-09,218.6750030517578,222.89999389648438,213.0749969482422,214.35000610351562,182.42489624023438,460298
2015-07-10,214.35000610351562,217.5,214.3249969482422,215.0500030517578,183.0206298828125,401424
2015-07-13,215.0749969482422,219.9499969482422,214.14999389648438,219.3000030517578,186.6376495361328,424322
2015-07-14,221.0,221.77499389648438,218.0,219.72500610351562,186.9993438720703,523630
2015-07-15,220.0,220.89999389648438,218.10000610351562,219.1750030517578,186.53126525878906,267040
2015-07-16,219.77499389648438,222.4250030517578,218.5,220.3249969482422,187.50997924804688,447148
2015-07-17,221.375,221.375,219.0,219.97500610351562,187.2121124267578,281536
2015-07-20,220.5,222.10000610351562,217.5,218.3249969482422,185.80784606933594,505016
2015-07-21,218.4250030517578,219.9250030517578,213.14999389648438,214.4250030517578,182.48870849609375,1193640
2015-07-22,216.22500610351562,216.375,213.0,215.1999969482422,183.1482696533203,278944
2015-07-23,215.85000610351562,217.5,214.625,216.02499389648438,183.85037231445312,405902
2015-07-24,216.125,220.5,214.10000610351562,217.4250030517578,185.0419158935547,1448052
2015-07-27,219.0,219.27499389648438,213.1999969482422,213.8249969482422,181.97808837890625,407274
2015-07-28,213.85000610351562,215.1999969482422,208.52499389648438,209.4499969482422,178.2546844482422,507068
2015-07-29,210.72500610351562,217.5,210.125,215.22500610351562,183.16957092285156,972734
2015-07-30,217.4250030517578,220.0,215.60000610351562,218.39999389648438,185.87168884277344,520662
2015-07-31,219.9499969482422,222.39999389648438,218.5749969482422,220.02499389648438,187.2546844482422,1582696
2015-08-03,220.5,223.5,215.75,216.22500610351562,184.02066040039062,687974
2015-08-04,215.5500030517578,222.4499969482422,215.0749969482422,221.0500030517578,188.1269989013672,1087794
2015-08-05,225.02499389648438,228.5,217.0500030517578,220.1999969482422,187.4036102294922,4277354
2015-08-06,222.5,224.1999969482422,218.75,220.375,187.5525360107422,1114822
2015-08-07,218.125,220.3249969482422,216.5,219.4499969482422,186.7653045654297,1328012
2015-08-10,219.0,221.9499969482422,217.0500030517578,218.4499969482422,185.91424560546875,382870
2015-08-11,219.97500610351562,220.0,215.5500030517578,218.35000610351562,185.82916259765625,400526
2015-08-12,218.02499389648438,218.02499389648438,209.60000610351562,211.6999969482422,180.1696014404297,654956
2015-08-13,213.0,215.5,208.875,209.77499389648438,178.53131103515625,417966
2015-08-14,209.97500610351562,212.5,208.64999389648438,208.89999389648438,177.78659057617188,339512
2015-08-17,209.39999389648438,213.85000610351562,209.0,212.375,180.74400329589844,282002
2015-08-18,214.5,216.3000030517578,213.1999969482422,214.89999389648438,182.89295959472656,1175502
2015-08-19,215.4250030517578,216.9250030517578,213.52499389648438,215.9250030517578,183.7653045654297,1238402
2015-08-20,216.0500030517578,217.0,209.75,211.02499389648438,179.59512329101562,427730
2015-08-21,209.5,216.72500610351562,209.0,215.3000030517578,183.23338317871094,609206
2015-08-24,208.375,211.1999969482422,191.0,198.125,168.6164093017578,1237362
2015-08-25,200.0500030517578,202.5,191.52499389648438,199.52499389648438,169.80795288085938,1548900
2015-08-26,198.5,205.52499389648438,196.35000610351562,200.6999969482422,170.8079071044922,1241146
2015-08-27,203.5,207.9499969482422,201.125,205.0500030517578,174.51002502441406,736874
2015-08-28,206.4499969482422,208.3249969482422,203.64999389648438,205.5500030517578,174.93556213378906,801288
2015-08-31,203.25,209.9499969482422,201.10000610351562,202.77499389648438,172.57382202148438,1408430
2015-09-01,201.89999389648438,205.27499389648438,200.0500030517578,202.4250030517578,172.2760009765625,922644
2015-09-02,206.0,206.0,200.6999969482422,202.47500610351562,172.3185577392578,1640322
2015-09-03,202.25,203.625,201.25,202.75,172.5525665283203,903636
2015-09-04,203.4250030517578,203.4250030517578,199.14999389648438,200.875,170.9568328857422,436216
2015-09-07,201.5500030517578,202.72500610351562,196.1750030517578,198.25,168.72279357910156,288692
2015-09-08,198.75,200.4499969482422,190.14999389648438,191.89999389648438,163.31858825683594,466496
2015-09-09,193.5749969482422,200.5,193.5749969482422,197.5,168.0845184326172,682422
2015-09-10,196.875,199.27499389648438,192.5,197.14999389648438,167.7866668701172,477468
2015-09-11,198.5,204.97500610351562,198.47500610351562,202.6750030517578,172.48875427246094,817246
2015-09-14,203.0,205.6999969482422,199.5,204.10000610351562,173.70155334472656,687510
2015-09-15,204.6999969482422,204.6999969482422,201.5749969482422,201.6999969482422,171.65899658203125,1934100
2015-09-16,203.72500610351562,205.875,202.5,203.39999389648438,173.1057586669922,1579074
2015-09-18,203.72500610351562,207.25,201.14999389648438,202.39999389648438,172.2546844482422,1214264
2015-09-21,201.22500610351562,204.64999389648438,199.6750030517578,201.9250030517578,171.8504638671875,437942
2015-09-22,202.5500030517578,202.9499969482422,196.5,196.85000610351562,167.53128051757812,555216
2015-09-23,196.5,197.0,192.0,195.25,166.1696014404297,583672
2015-09-24,199.0,201.0749969482422,196.52499389648438,197.6999969482422,168.25473022460938,865814
2015-09-28,199.75,203.0,197.72500610351562,198.875,169.25473022460938,1191950
2015-09-29,197.1999969482422,200.0,193.0500030517578,198.22500610351562,168.70155334472656,777724
2015-09-30,199.9499969482422,202.52499389648438,197.9499969482422,202.10000610351562,171.9993896484375,2576848
2015-10-01,204.0,204.5,199.3000030517578,199.9250030517578,170.1483612060547,1675576
2015-10-05,200.14999389648438,202.25,200.14999389648438,201.47500610351562,171.46746826171875,1022008
2015-10-06,201.75,203.0,200.0500030517578,200.97500610351562,171.04196166992188,1202424
2015-10-07,204.0,204.0,200.52499389648438,201.5749969482422,171.55259704589844,854448
2015-10-08,201.0,201.47500610351562,199.02499389648438,200.875,170.9568328857422,1034506
2015-10-09,201.0500030517578,202.0,199.22500610351562,200.0500030517578,170.2547149658203,869120
2015-10-12,200.3249969482422,200.85000610351562,193.64999389648438,197.5749969482422,168.1483612060547,735318
2015-10-13,197.5,197.5749969482422,194.5500030517578,195.625,166.48875427246094,574426
2015-10-14,196.47500610351562,197.8249969482422,194.9499969482422,197.3249969482422,167.93553161621094,447232
2015-10-15,197.97500610351562,201.0,197.4250030517578,199.8249969482422,170.063232421875,1353120
2015-10-16,200.9499969482422,200.9499969482422,198.125,199.85000610351562,170.08448791503906,744130
2015-10-19,200.0,201.39999389648438,199.3000030517578,200.5500030517578,170.6802520751953,1394086
2015-10-20,200.0749969482422,200.5,195.375,196.9250030517578,167.59521484375,1108910
2015-10-21,197.0,198.375,195.625,196.47500610351562,167.21221923828125,375044
2015-10-23,197.0,198.5,190.5749969482422,192.8000030517578,164.0845184326172,1175290
2015-10-26,193.0,195.0,190.6999969482422,194.3000030517578,165.36109924316406,1201116
2015-10-27,194.6999969482422,197.3000030517578,193.10000610351562,195.6750030517578,166.5313262939453,1078472
2015-10-28,196.5,198.75,193.9499969482422,196.85000610351562,167.53128051757812,680954
2015-10-29,196.5,198.0,194.875,196.02499389648438,166.82920837402344,1125000
2015-10-30,196.25,197.125,192.5,193.60000610351562,164.76539611816406,1031808
2015-11-02,193.9499969482422,194.3249969482422,190.625,192.97500610351562,164.2334747314453,1112308
2015-11-03,194.0,196.77499389648438,189.3000030517578,195.25,166.1696014404297,2420776
2015-11-04,195.47500610351562,203.5,191.5500030517578,199.6999969482422,169.95684814453125,9408310
2015-11-05,201.3000030517578,208.25,200.0500030517578,201.625,171.59512329101562,5275728
2015-11-06,202.47500610351562,204.8000030517578,200.5,201.375,171.38238525390625,1364176
2015-11-09,199.97500610351562,202.9499969482422,197.5,202.1750030517578,172.81417846679688,1086156
2015-11-10,202.4499969482422,205.4250030517578,197.5,201.8249969482422,172.51495361328125,575662
2015-11-13,201.5,202.85000610351562,198.02499389648438,198.85000610351562,169.9720458984375,1249188
2015-11-16,198.0500030517578,200.47500610351562,195.0,195.875,167.42904663085938,690964
2015-11-17,196.75,201.9499969482422,196.625,200.97500610351562,171.78839111328125,1239886
2015-11-18,201.75,212.4499969482422,201.0,209.47500610351562,179.05398559570312,3302042
2015-11-19,212.0,213.5,209.5500030517578,210.77499389648438,180.1651611328125,1429046
2015-11-20,210.0,212.0,207.5500030517578,209.60000610351562,179.1608428955078,1018468
2015-11-23,210.5,215.8249969482422,208.77499389648438,214.8000030517578,183.60568237304688,2320414
2015-11-24,215.75,218.25,213.75,216.375,184.9519500732422,1445838
2015-11-26,216.5,219.0,212.89999389648438,214.6750030517578,183.49880981445312,1943676
2015-11-27,216.47500610351562,216.47500610351562,209.35000610351562,210.5,179.93014526367188,956058
2015-11-30,209.0,212.72500610351562,207.22500610351562,211.72500610351562,180.9772186279297,3077504
2015-12-01,212.6750030517578,213.0,210.0500030517578,212.22500610351562,181.40463256835938,1154952
2015-12-02,213.02499389648438,217.1999969482422,212.5,215.97500610351562,184.6099853515625,1422034
2015-12-03,214.5500030517578,215.125,211.625,212.5749969482422,181.7037811279297,524698
2015-12-04,210.625,213.72500610351562,210.625,212.0749969482422,181.27642822265625,634686
2015-12-07,212.10000610351562,215.9250030517578,212.02499389648438,212.97500610351562,182.0457000732422,1169112
2015-12-08,211.3000030517578,215.5,211.25,213.125,182.1739044189453,573096
2015-12-09,213.9250030517578,217.4499969482422,210.625,211.8249969482422,181.0626983642578,1484666
2015-12-10,214.6999969482422,214.6999969482422,208.8249969482422,212.14999389648438,181.34048461914062,869270
2015-12-11,212.39999389648438,215.60000610351562,212.25,214.39999389648438,183.2637481689453,973032
2015-12-14,216.9499969482422,216.9499969482422,212.5,215.25,183.9903106689453,859454
2015-12-15,217.0,217.5,215.14999389648438,216.4499969482422,185.01600646972656,2373902
2015-12-16,217.4499969482422,219.0,216.5500030517578,217.77499389648438,186.14862060546875,2572340
2015-12-17,220.5,227.35000610351562,218.39999389648438,225.4499969482422,192.70899963378906,19343570
2015-12-18,225.9499969482422,228.97500610351562,222.5,227.3000030517578,194.2903594970703,9324454
2015-12-21,231.39999389648438,234.3000030517578,222.5,231.5,197.88037109375,10922390
2015-12-22,225.0,225.0,216.64999389648438,221.1999969482422,189.07623291015625,4847658
2015-12-23,222.1999969482422,225.6999969482422,221.4499969482422,222.9499969482422,190.5720672607422,2171754
2015-12-24,224.5,229.75,222.6999969482422,226.10000610351562,193.2646026611328,3905231
2015-12-28,226.4499969482422,228.0,223.35000610351562,224.3000030517578,191.72601318359375,1072054
2015-12-29,226.0,226.0,222.89999389648438,223.5,191.04222106933594,1217508
2015-12-30,224.5,227.3000030517578,223.0500030517578,225.5,192.7517547607422,3092677
2015-12-31,227.0,228.0,224.10000610351562,226.14999389648438,193.307373046875,3893216
2016-01-01,225.89999389648438,229.75,224.39999389648438,227.14999389648438,194.16213989257812,275593
2016-01-04,226.75,226.85000610351562,223.5500030517578,225.3000030517578,192.58082580566406,549120
2016-01-05,226.0,233.8000030517578,223.85000610351562,229.64999389648438,196.29910278320312,1173777
2016-01-06,231.0,233.4499969482422,224.75,226.85000610351562,193.90570068359375,1507146
2016-01-07,224.0500030517578,225.6999969482422,221.8000030517578,223.6999969482422,191.21315002441406,1808363
2016-01-08,224.5,229.0,224.25,228.1999969482422,195.0596466064453,942938
2016-01-11,225.0,225.60000610351562,219.0500030517578,221.5,189.33267211914062,1761502
2016-01-12,221.5500030517578,224.0,219.5,221.0500030517578,188.94802856445312,1188532
2016-01-13,221.0500030517578,226.60000610351562,221.0500030517578,225.3000030517578,192.58082580566406,1419934
2016-01-14,224.3000030517578,228.1999969482422,221.8000030517578,225.14999389648438,192.45254516601562,828936
2016-01-15,226.89999389648438,228.89999389648438,223.5500030517578,225.10000610351562,192.40985107421875,650453
2016-01-18,223.0,225.9499969482422,216.8000030517578,219.64999389648438,187.75132751464844,2183695
2016-01-19,220.75,227.0,220.5500030517578,224.0,191.46954345703125,870082
2016-01-20,224.0,228.5,221.5,226.10000610351562,193.2646026611328,2664817
2016-01-21,227.5,229.0,219.0,219.85000610351562,187.9223175048828,2974984
2016-01-22,221.1999969482422,224.0,216.8000030517578,219.3000030517578,187.4521484375,3104923
2016-01-25,222.9499969482422,222.9499969482422,214.0,214.9499969482422,183.73387145996094,640993
2016-01-27,212.0500030517578,216.39999389648438,210.9499969482422,213.60000610351562,182.5799560546875,1411309
2016-01-28,211.4499969482422,215.89999389648438,207.3000030517578,213.14999389648438,182.1952667236328,2012048
2016-01-29,213.25,223.9499969482422,211.60000610351562,221.64999389648438,189.46087646484375,2138703
2016-02-01,225.89999389648438,231.60000610351562,221.0500030517578,226.0,193.1791534423828,3107761
2016-02-02,226.0500030517578,227.9499969482422,220.89999389648438,222.75,190.40110778808594,959010
2016-02-03,220.89999389648438,225.8000030517578,219.1999969482422,221.14999389648438,189.03347778320312,1086283
2016-02-04,224.6999969482422,229.89999389648438,223.9499969482422,225.10000610351562,192.40985107421875,1961021
2016-02-05,224.8000030517578,229.0,224.0500030517578,227.9499969482422,196.15309143066406,3948713
2016-02-08,227.0500030517578,238.14999389648438,227.0500030517578,233.25,200.7137451171875,1782502
2016-02-09,230.0,234.4499969482422,229.0,230.3000030517578,198.1752471923828,1527114
2016-02-10,230.4499969482422,232.4499969482422,226.10000610351562,228.39999389648438,196.540283203125,842947
2016-02-11,231.89999389648438,231.89999389648438,225.39999389648438,228.25,196.41116333007812,1885533
2016-02-12,228.0,230.60000610351562,226.8000030517578,228.25,196.41116333007812,2248724
2016-02-15,233.0,233.0,227.0500030517578,229.14999389648438,197.18565368652344,3516834
2016-02-16,227.25,230.39999389648438,220.1999969482422,221.39999389648438,190.5167236328125,609126
2016-02-17,223.0,229.5,215.60000610351562,227.3000030517578,195.59371948242188,1085499
2016-02-18,230.1999969482422,231.9499969482422,228.0,231.35000610351562,199.0787811279297,1954535
2016-02-19,232.4499969482422,234.39999389648438,229.75,233.0500030517578,200.5416717529297,2913559
2016-02-22,235.0,242.39999389648438,234.0,241.14999389648438,207.51177978515625,2502756
2016-02-23,242.39999389648438,242.39999389648438,236.0,237.5,204.3709259033203,1338472
2016-02-24,238.4499969482422,240.0,231.60000610351562,236.4499969482422,203.46737670898438,1459405
2016-02-25,234.0500030517578,243.60000610351562,234.0500030517578,241.0500030517578,207.4257354736328,2425643
2016-02-26,242.89999389648438,246.0,236.75,237.5500030517578,204.41392517089844,912625
2016-02-29,238.9499969482422,240.0,234.6999969482422,236.75,203.7255401611328,1066114
2016-03-01,237.0,238.0500030517578,234.39999389648438,235.75,202.86502075195312,1400288
2016-03-02,236.8000030517578,240.89999389648438,236.10000610351562,236.9499969482422,203.89759826660156,990160
2016-03-03,239.3000030517578,241.75,237.3000030517578,239.1999969482422,205.8337860107422,1651384
2016-03-04,240.10000610351562,241.9499969482422,236.5,237.25,204.15579223632812,1181073
2016-03-08,237.0500030517578,241.35000610351562,235.0,238.35000610351562,205.1023406982422,931508
2016-03-09,239.6999969482422,240.39999389648438,236.5500030517578,238.8000030517578,205.4895477294922,1198626
2016-03-10,240.39999389648438,240.39999389648438,236.60000610351562,237.64999389648438,204.49996948242188,986531
2016-03-11,239.0,248.0500030517578,236.75,246.0500030517578,211.72824096679688,2708517
2016-03-14,250.0,252.89999389648438,249.10000610351562,250.85000610351562,215.85870361328125,1750551
2016-03-15,251.75,251.75,241.5,242.89999389648438,209.0176544189453,1749372
2016-03-16,242.89999389648438,242.89999389648438,238.0500030517578,240.1999969482422,206.69430541992188,1082071
2016-03-17,242.8000030517578,247.75,240.64999389648438,245.5,212.13818359375,5781830
2016-03-18,245.8000030517578,249.0,240.1999969482422,247.6999969482422,214.03919982910156,2292028
2016-03-21,243.5500030517578,250.5,243.5500030517578,247.35000610351562,213.73675537109375,3331874
2016-03-22,247.3000030517578,250.64999389648438,243.9499969482422,245.0500030517578,211.74929809570312,1555683
2016-03-23,245.1999969482422,246.4499969482422,239.9499969482422,240.8000030517578,208.07688903808594,1054395
2016-03-28,239.0,242.75,235.35000610351562,237.8000030517578,205.4845733642578,1173159
2016-03-29,236.5,241.4499969482422,236.0500030517578,240.3000030517578,207.64480590820312,964252
2016-03-30,244.0,251.0,240.75,247.1999969482422,213.6071319580078,1845890
2016-03-31,247.10000610351562,247.85000610351562,241.0500030517578,244.3000030517578,211.10122680664062,2119813
2016-04-01,244.5500030517578,246.39999389648438,240.10000610351562,242.0,209.11376953125,943923
2016-04-04,242.0,244.5,240.0,243.14999389648438,210.10751342773438,660303
2016-04-05,243.0,246.39999389648438,240.8000030517578,245.0,211.7061004638672,680853
2016-04-06,246.5,253.75,245.10000610351562,251.89999389648438,217.66844177246094,1541763
2016-04-07,254.60000610351562,254.89999389648438,245.5,247.14999389648438,213.56390380859375,1149821
2016-04-08,248.5,253.5,245.35000610351562,252.10000610351562,217.84132385253906,1214850
2016-04-11,253.0,254.64999389648438,250.1999969482422,254.0500030517578,219.52627563476562,680455
2016-04-12,255.0,259.29998779296875,251.64999389648438,258.20001220703125,223.1123046875,977437
2016-04-13,258.20001220703125,258.20001220703125,250.0500030517578,251.39999389648438,217.23635864257812,1520188
2016-04-18,252.64999389648438,259.3500061035156,248.5,257.8500061035156,222.8098602294922,1447032
2016-04-20,257.8500061035156,258.5,251.9499969482422,253.4499969482422,219.00778198242188,1144256
2016-04-21,253.85000610351562,260.79998779296875,253.75,259.20001220703125,223.97642517089844,852818
2016-04-22,262.0,263.5,258.0,259.0,223.80361938476562,1068428
2016-04-25,258.0,261.25,252.5,254.4499969482422,219.87191772460938,757006
2016-04-26,254.0,255.0,251.10000610351562,251.5500030517578,217.36598205566406,1170519
2016-04-27,252.64999389648438,252.64999389648438,247.25,250.0,216.02664184570312,815551
2016-04-28,251.0,253.89999389648438,247.5,251.14999389648438,217.0203399658203,2352779
2016-04-29,253.10000610351562,260.5,252.14999389648438,259.1000061035156,223.88998413085938,2361478
2016-05-02,261.8999938964844,268.70001220703125,259.25,267.3999938964844,231.06211853027344,1554850
2016-05-03,269.0,269.25,253.25,254.5,219.9151153564453,2346993
2016-05-04,254.0,255.8000030517578,249.75,250.5,216.4586944580078,1458287
2016-05-05,251.0,252.4499969482422,245.75,246.60000610351562,213.08865356445312,1100069
2016-05-06,247.9499969482422,249.75,244.64999389648438,245.1999969482422,211.8789520263672,673882
2016-05-09,245.64999389648438,252.1999969482422,245.64999389648438,247.3000030517578,213.69357299804688,987851
2016-05-10,247.35000610351562,251.5,246.64999389648438,250.10000610351562,216.113037109375,1060989
2016-05-11,248.6999969482422,256.79998779296875,245.9499969482422,255.3000030517578,220.6063995361328,1182193
2016-05-12,255.6999969482422,258.0,253.0,254.3000030517578,219.74227905273438,569340
2016-05-13,253.35000610351562,257.3999938964844,251.6999969482422,254.39999389648438,219.8286895751953,686150
2016-05-16,254.8000030517578,255.85000610351562,249.14999389648438,251.60000610351562,217.4092254638672,563668
2016-05-17,252.5,253.8000030517578,248.89999389648438,249.39999389648438,215.50816345214844,440489
2016-05-18,248.0,251.85000610351562,246.35000610351562,251.10000610351562,216.97715759277344,877376
2016-05-19,252.39999389648438,252.5,246.64999389648438,248.5500030517578,214.773681640625,1393049
2016-05-20,248.89999389648438,248.89999389648438,242.0,243.14999389648438,210.10751342773438,861942
2016-05-23,244.35000610351562,248.5,240.0500030517578,247.5500030517578,213.90956115722656,527564
2016-05-24,247.60000610351562,248.6999969482422,244.10000610351562,245.8000030517578,212.39739990234375,539977
2016-05-25,247.0,251.89999389648438,246.0,250.8000030517578,216.7179412841797,774920
2016-05-26,249.0,255.0,249.0,253.75,219.2670440673828,762022
2016-05-27,253.0,258.3999938964844,252.5,257.29998779296875,222.33460998535156,871893
2016-05-30,257.0,260.45001220703125,252.60000610351562,253.6999969482422,219.22386169433594,542219
2016-05-31,253.3000030517578,254.3000030517578,246.6999969482422,249.1999969482422,215.33535766601562,1699096
2016-06-01,250.10000610351562,253.0,249.39999389648438,251.5500030517578,217.36598205566406,509540
2016-06-02,251.14999389648438,252.1999969482422,247.25,248.9499969482422,215.11936950683594,735428
2016-06-03,250.25,255.25,249.4499969482422,254.0,219.48306274414062,898022
2016-06-06,255.0,258.6499938964844,253.85000610351562,256.25,221.4273223876953,730312
2016-06-07,257.45001220703125,258.70001220703125,255.0,255.8000030517578,221.03846740722656,889853
2016-06-08,256.95001220703125,258.0,255.0,257.20001220703125,222.24819946289062,637178
2016-06-09,257.0,257.29998779296875,250.0,250.5,216.4586944580078,598921
2016-06-10,250.3000030517578,255.39999389648438,250.0,253.5,219.05101013183594,707562
2016-06-13,252.0,255.5,249.0,252.75,218.40296936035156,688082
2016-06-14,253.25,254.64999389648438,250.1999969482422,252.85000610351562,218.48936462402344,478880
2016-06-15,254.0,254.39999389648438,249.85000610351562,251.9499969482422,217.711669921875,2600383
2016-06-16,252.10000610351562,255.9499969482422,250.85000610351562,255.25,220.5631866455078,752465
2016-06-17,257.54998779296875,257.54998779296875,252.8000030517578,256.0,221.21127319335938,937487
2016-06-20,253.9499969482422,257.20001220703125,253.4499969482422,254.89999389648438,220.26077270507812,464363
2016-06-21,255.0,259.8999938964844,254.10000610351562,256.20001220703125,221.38409423828125,975155
2016-06-22,257.5,260.79998779296875,256.70001220703125,260.04998779296875,224.71087646484375,844696
2016-06-23,260.04998779296875,261.8999938964844,258.45001220703125,260.1499938964844,224.7973175048828,954998
2016-06-24,258.0,258.0,250.3000030517578,256.5,221.64332580566406,932615
2016-06-27,256.54998779296875,259.70001220703125,255.0500030517578,256.70001220703125,221.81617736816406,744783
2016-06-28,257.1499938964844,259.5,255.5500030517578,256.3999938964844,221.55694580078125,788257
2016-06-29,257.3500061035156,260.3500061035156,256.6000061035156,259.20001220703125,223.97642517089844,609513
2016-06-30,261.25,266.5,259.6000061035156,263.6000061035156,227.77847290039062,1585164
2016-07-01,264.8999938964844,269.0,263.29998779296875,268.25,231.7965850830078,1005878
2016-07-04,269.3999938964844,269.5,263.3500061035156,265.04998779296875,229.03143310546875,539270
2016-07-05,264.5,273.1499938964844,263.0,271.79998779296875,234.86419677734375,875102
2016-07-07,273.0,274.0,267.5,268.75,232.22865295410156,2443887
2016-07-08,269.6000061035156,270.0,262.5,264.1000061035156,228.2105255126953,1540822
2016-07-11,264.95001220703125,271.0,264.70001220703125,269.5,232.876708984375,1614085
2016-07-12,268.5,274.25,268.5,273.45001220703125,236.28994750976562,1179853
2016-07-13,275.0,279.70001220703125,273.29998779296875,278.54998779296875,240.6968536376953,2100371
2016-07-14,281.0,281.5,276.79998779296875,278.3999938964844,240.56729125976562,564417
2016-07-15,278.1000061035156,281.3999938964844,277.8999938964844,279.04998779296875,241.12893676757812,712208
2016-07-18,278.04998779296875,281.0,278.0,279.95001220703125,241.9066619873047,1072786
2016-07-19,281.54998779296875,281.54998779296875,276.54998779296875,278.70001220703125,240.82652282714844,978343
2016-07-20,278.0,278.6000061035156,275.1000061035156,277.20001220703125,239.53036499023438,600803
2016-07-21,277.20001220703125,280.0,275.70001220703125,277.75,240.00558471679688,380614
2016-07-22,277.8500061035156,279.79998779296875,275.95001220703125,277.04998779296875,239.40074157714844,776826
2016-07-25,277.04998779296875,284.0,275.3999938964844,282.8999938964844,244.45574951171875,988959
2016-07-26,282.3999938964844,289.20001220703125,282.3999938964844,287.1000061035156,248.0849609375,896935
2016-07-27,288.0,289.3500061035156,276.29998779296875,278.1000061035156,240.30807495117188,2885482
2016-07-28,279.29998779296875,285.0,275.0,283.29998779296875,244.80142211914062,2811850
2016-07-29,285.0,286.5,281.54998779296875,284.25,245.62229919433594,1359374
2016-08-01,286.54998779296875,288.95001220703125,282.20001220703125,286.54998779296875,247.60972595214844,984250
2016-08-02,288.95001220703125,306.8999938964844,287.0,299.1000061035156,258.4542236328125,2972838
2016-08-03,306.79998779296875,306.79998779296875,293.20001220703125,297.79998779296875,257.3309326171875,1827722
2016-08-04,300.0,303.0,292.95001220703125,294.29998779296875,254.30653381347656,1267914
2016-08-05,295.0,299.8999938964844,290.5,296.6499938964844,256.3371276855469,2022650
2016-08-08,297.0,305.6499938964844,296.0,300.20001220703125,259.40484619140625,3084367
2016-08-09,301.45001220703125,303.45001220703125,291.3999938964844,294.45001220703125,254.43618774414062,1229655
2016-08-10,294.25,294.25,286.3999938964844,288.8500061035156,249.59715270996094,1038700
2016-08-11,288.3500061035156,297.0,286.1000061035156,295.70001220703125,255.516357421875,897678
2016-08-12,295.3500061035156,301.5,295.3500061035156,297.70001220703125,257.24456787109375,1439411
2016-08-16,297.6000061035156,302.8500061035156,293.54998779296875,295.8999938964844,255.68911743164062,1271365
2016-08-17,296.54998779296875,300.70001220703125,292.20001220703125,299.79998779296875,259.0591735839844,1271629
2016-08-18,300.8999938964844,301.95001220703125,296.70001220703125,300.54998779296875,259.7072448730469,758729
2016-08-19,303.70001220703125,304.5,299.79998779296875,300.8500061035156,259.9664611816406,889067
2016-08-22,300.5,301.3999938964844,292.5,293.8500061035156,253.917724609375,577019
2016-08-23,293.1000061035156,295.5,288.1000061035156,289.8500061035156,250.4613037109375,697979
2016-08-24,290.75,293.20001220703125,288.5,291.29998779296875,251.7142791748047,910136
2016-08-25,291.0,291.0,284.6000061035156,285.45001220703125,246.6592254638672,1943784
2016-08-26,289.0,289.5,283.0,284.25,245.62229919433594,1167074
2016-08-29,285.70001220703125,285.95001220703125,278.75,284.1499938964844,245.53585815429688,728973
2016-08-30,284.25,288.25,283.70001220703125,287.1499938964844,248.12818908691406,1349994
2016-08-31,287.20001220703125,294.6499938964844,287.20001220703125,291.5,251.88699340820312,2024240
2016-09-01,291.8999938964844,297.8999938964844,291.6000061035156,294.3999938964844,254.39297485351562,1100114
2016-09-02,295.1000061035156,295.8999938964844,289.95001220703125,290.8999938964844,251.3686065673828,1159796
2016-09-06,291.95001220703125,299.8500061035156,291.25,298.70001220703125,258.1086120605469,1106685
2016-09-07,299.6499938964844,300.1000061035156,295.6499938964844,297.8500061035156,257.3741455078125,798513
2016-09-08,297.8500061035156,302.0,296.25,300.04998779296875,259.27520751953125,1159095
2016-09-09,300.04998779296875,302.75,293.04998779296875,293.8999938964844,253.96090698242188,661674
2016-09-12,292.45001220703125,292.45001220703125,281.95001220703125,288.54998779296875,249.3379364013672,534368
2016-09-14,288.5,293.6000061035156,287.8999938964844,290.20001220703125,250.76373291015625,670318
2016-09-15,290.25,292.70001220703125,290.0,290.95001220703125,251.41180419921875,461075
2016-09-16,291.79998779296875,296.20001220703125,291.75,295.29998779296875,255.17068481445312,1516346
2016-09-19,295.5,296.3999938964844,292.1499938964844,293.45001220703125,253.5720977783203,621648
2016-09-20,294.0,294.0,290.3500061035156,291.45001220703125,251.84385681152344,325841
2016-09-21,292.0,293.5,287.1000061035156,288.04998779296875,248.90589904785156,1589164
2016-09-22,289.5,290.95001220703125,285.0,285.8500061035156,247.00485229492188,913274
2016-09-23,285.75,287.45001220703125,282.5,284.45001220703125,245.79507446289062,2188072
2016-09-26,284.45001220703125,284.95001220703125,277.1499938964844,278.5,240.65367126464844,1654052
2016-09-27,278.54998779296875,281.79998779296875,277.95001220703125,278.70001220703125,240.82652282714844,1213394
2016-09-28,281.70001220703125,285.79998779296875,279.45001220703125,284.70001220703125,246.01113891601562,815085
2016-09-29,285.45001220703125,286.29998779296875,269.8999938964844,270.79998779296875,234.00001525878906,1459391
2016-09-30,273.0,279.25,269.20001220703125,275.5,238.06134033203125,802825
2016-10-03,277.5,283.95001220703125,277.5,282.0,243.6780548095703,561754
2016-10-04,282.70001220703125,284.8999938964844,281.6499938964844,283.0,244.54212951660156,506265
2016-10-05,286.0,287.70001220703125,283.70001220703125,286.3999938964844,247.4800567626953,1130975
2016-10-06,288.5,288.8999938964844,284.1499938964844,286.04998779296875,247.17767333984375,585361
2016-10-07,287.25,287.29998779296875,278.1000061035156,279.25,241.3018035888672,827307
2016-10-10,280.3999938964844,281.6499938964844,277.6000061035156,278.25,240.4376678466797,356302
2016-10-13,281.0,283.79998779296875,276.04998779296875,277.95001220703125,240.17845153808594,1028429
2016-10-14,277.95001220703125,278.5,273.6499938964844,275.70001220703125,238.23422241210938,403204
2016-10-17,276.54998779296875,281.1000061035156,275.5,276.0,238.4934539794922,652400
2016-10-18,280.0,285.29998779296875,277.75,284.20001220703125,245.57908630371094,738610
2016-10-19,285.3500061035156,289.45001220703125,283.8500061035156,286.95001220703125,247.95538330078125,1019387
2016-10-20,288.1000061035156,289.8999938964844,282.79998779296875,283.6499938964844,245.1038055419922,758075
2016-10-21,284.1499938964844,286.1499938964844,283.3999938964844,284.95001220703125,246.22720336914062,516768
2016-10-24,287.0,287.95001220703125,282.20001220703125,283.45001220703125,244.9310302734375,954413
2016-10-25,284.1499938964844,285.75,281.04998779296875,285.04998779296875,246.3135223388672,534329
2016-10-26,283.04998779296875,283.04998779296875,278.8999938964844,280.8999938964844,242.72752380371094,842804
2016-10-27,281.0,281.0,272.6000061035156,278.54998779296875,240.6968536376953,1662579
2016-10-28,280.0,285.0,276.6000061035156,281.95001220703125,243.6348876953125,877797
2016-11-01,278.1000061035156,278.1499938964844,274.6000061035156,276.0,238.4934539794922,1087764
2016-11-02,275.0,275.0,266.79998779296875,268.6000061035156,232.09901428222656,1219701
2016-11-03,268.79998779296875,269.70001220703125,263.29998779296875,265.54998779296875,229.4635009765625,1733555
2016-11-04,266.95001220703125,271.6000061035156,260.5,261.6000061035156,226.0502471923828,2438479
2016-11-07,264.70001220703125,265.5,257.6000061035156,258.8500061035156,223.67398071289062,1900720
2016-11-08,261.3999938964844,261.3999938964844,256.3999938964844,260.3500061035156,224.97012329101562,1836156
2016-11-09,249.0,265.5,234.8000030517578,263.1499938964844,227.38963317871094,2553752
2016-11-10,266.25,269.8999938964844,262.5,267.1000061035156,230.80287170410156,1007348
2016-11-11,260.5,261.3500061035156,245.0,246.89999389648438,213.34788513183594,2878530
2016-11-15,244.8000030517578,248.10000610351562,235.0500030517578,239.64999389648438,207.0831298828125,3941458
2016-11-16,240.5500030517578,250.85000610351562,240.5500030517578,248.0,215.64820861816406,1716915
2016-11-17,246.14999389648438,254.3000030517578,245.0500030517578,249.14999389648438,216.648193359375,1601412
2016-11-18,251.0,251.5,247.1999969482422,250.0500030517578,217.43077087402344,1180860
2016-11-21,249.0,253.1999969482422,248.25,249.64999389648438,217.0829315185547,2236813
2016-11-22,250.0,255.6999969482422,246.39999389648438,252.5,219.56117248535156,3571862
2016-11-23,252.1999969482422,256.75,252.1999969482422,255.3000030517578,221.9959259033203,1273867
2016-11-24,255.85000610351562,255.85000610351562,249.3000030517578,250.25,217.60467529296875,1710173
2016-11-25,250.0,256.29998779296875,250.0,255.14999389648438,221.86546325683594,565980
2016-11-28,254.6999969482422,255.0,248.3000030517578,249.6999969482422,217.12643432617188,2946125
2016-11-29,249.60000610351562,250.5,245.6999969482422,248.0,215.64820861816406,2124163
2016-11-30,249.0,254.75,245.3000030517578,252.64999389648438,219.69158935546875,5768310
2016-12-01,252.64999389648438,259.75,252.39999389648438,255.3000030517578,221.9959259033203,1492937
2016-12-02,253.64999389648438,255.6999969482422,250.85000610351562,254.64999389648438,221.43072509765625,1026768
2016-12-05,253.60000610351562,256.29998779296875,251.39999389648438,254.14999389648438,220.99594116210938,1107129
2016-12-06,254.14999389648438,255.89999389648438,252.85000610351562,255.0,221.7350311279297,825371
2016-12-07,257.20001220703125,257.5,253.35000610351562,256.0,222.6045684814453,917206
2016-12-08,257.1000061035156,259.20001220703125,253.9499969482422,256.5,223.0393524169922,1961193
2016-12-09,256.29998779296875,258.54998779296875,251.14999389648438,253.8000030517578,220.69158935546875,1490697
2016-12-12,254.60000610351562,254.64999389648438,249.5,250.35000610351562,217.691650390625,1623930
2016-12-13,250.75,253.64999389648438,248.60000610351562,251.60000610351562,218.77859497070312,655331
2016-12-14,251.10000610351562,255.10000610351562,249.35000610351562,253.0,219.99594116210938,830101
2016-12-15,249.0,254.9499969482422,249.0,253.14999389648438,220.12635803222656,578507
2016-12-16,253.5500030517578,253.89999389648438,249.39999389648438,250.75,218.03948974609375,1985573
2016-12-19,250.75,251.35000610351562,247.75,250.0,217.38731384277344,1012230
2016-12-20,248.14999389648438,253.10000610351562,247.75,251.14999389648438,218.38726806640625,694392
2016-12-21,251.0,251.8000030517578,248.10000610351562,249.0,216.51773071289062,843728
2016-12-22,248.5,249.89999389648438,242.64999389648438,248.5,216.08297729492188,1109912
2016-12-23,249.75,250.14999389648438,244.6999969482422,245.39999389648438,213.3873748779297,620348
2016-12-26,246.14999389648438,247.1999969482422,238.0500030517578,239.14999389648438,207.95266723632812,1013424
2016-12-27,240.0,246.8000030517578,239.1999969482422,245.60000610351562,213.56129455566406,1055984
2016-12-28,246.10000610351562,251.0,245.64999389648438,250.3000030517578,217.64817810058594,1231506
2016-12-29,250.3000030517578,252.9499969482422,249.14999389648438,251.60000610351562,218.77859497070312,776753
2016-12-30,253.0,261.6000061035156,252.10000610351562,260.45001220703125,226.47413635253906,1259401
2017-01-02,260.0,260.5,252.64999389648438,253.8000030517578,220.69158935546875,767759
2017-01-03,254.14999389648438,259.1000061035156,253.75,257.75,224.12631225585938,692811
2017-01-04,259.70001220703125,259.70001220703125,254.5,257.75,224.12631225585938,1351459
2017-01-05,257.8999938964844,262.0,257.8999938964844,260.54998779296875,226.56105041503906,1172285
2017-01-06,261.54998779296875,264.5,259.1000061035156,260.3999938964844,226.43060302734375,3310990
2017-01-09,260.3999938964844,263.3500061035156,257.0,257.6000061035156,223.99586486816406,456790
2017-01-10,259.25,261.75,257.04998779296875,260.75,226.73497009277344,845215
2017-01-11,261.1000061035156,263.3999938964844,259.75,261.0,226.9523162841797,1014655
2017-01-12,261.1000061035156,263.20001220703125,259.0,259.8999938964844,225.99586486816406,973735
2017-01-13,260.20001220703125,261.0,256.5,258.3500061035156,224.6480255126953,1310681
2017-01-16,258.5,259.6499938964844,256.6499938964844,257.79998779296875,224.16973876953125,631934
2017-01-17,258.79998779296875,258.8500061035156,252.8000030517578,255.9499969482422,222.56109619140625,1403076
2017-01-18,256.0,262.3500061035156,256.0,259.8999938964844,225.99586486816406,1021462
2017-01-19,261.0,261.0,256.54998779296875,257.95001220703125,224.3002166748047,410086
2017-01-20,257.8500061035156,257.8500061035156,254.5,255.5,222.16981506347656,952405
2017-01-23,254.5,256.54998779296875,253.6999969482422,254.85000610351562,221.6046142578125,997333
2017-01-24,256.70001220703125,258.79998779296875,253.8000030517578,257.75,224.12631225585938,1269494
2017-01-25,257.75,259.79998779296875,254.6999969482422,255.85000610351562,222.47418212890625,1710729
2017-01-27,259.25,259.25,256.3500061035156,257.8999938964844,224.25672912597656,696646
2017-01-30,259.0,259.79998779296875,256.95001220703125,258.1499938964844,224.47412109375,336598
2017-01-31,259.5,259.70001220703125,255.0,257.25,223.69154357910156,745867
2017-02-01,257.1000061035156,259.0,256.0,258.5,224.7784423828125,963780
2017-02-02,259.45001220703125,262.3500061035156,253.1999969482422,255.10000610351562,221.822021484375,3086838
2017-02-03,255.5,256.54998779296875,252.5500030517578,255.3000030517578,221.9959259033203,1094796
2017-02-06,256.0,257.8999938964844,254.3000030517578,256.0,222.6045684814453,2516947
2017-02-07,256.95001220703125,271.0,255.8000030517578,269.3999938964844,234.25657653808594,4746036
2017-02-08,272.6499938964844,274.6499938964844,267.6000061035156,272.70001220703125,237.12611389160156,1463457
2017-02-09,272.0,272.0,265.0,267.79998779296875,234.5857391357422,1087577
2017-02-10,269.0,271.8500061035156,266.04998779296875,269.95001220703125,236.46908569335938,912914
2017-02-13,271.45001220703125,271.45001220703125,266.1000061035156,269.8500061035156,236.38145446777344,381427
2017-02-14,270.3500061035156,270.3500061035156,265.8500061035156,267.95001220703125,234.7170867919922,557902
2017-02-15,266.75,268.95001220703125,263.20001220703125,265.54998779296875,232.61480712890625,887812
2017-02-16,265.8999938964844,269.20001220703125,263.6000061035156,268.20001220703125,234.93614196777344,1475653
2017-02-17,270.6499938964844,270.79998779296875,265.6000061035156,268.75,235.41796875,566343
2017-02-20,267.6000061035156,268.95001220703125,265.5,267.1000061035156,233.97256469726562,297652
2017-02-21,268.0,275.29998779296875,266.0,274.45001220703125,240.41102600097656,1537924
2017-02-22,276.95001220703125,277.75,272.3500061035156,273.20001220703125,239.31597900390625,1586769
2017-02-23,273.95001220703125,274.45001220703125,267.6000061035156,268.8999938964844,235.54930114746094,2031216
2017-02-27,267.29998779296875,277.6499938964844,267.29998779296875,276.75,242.42572021484375,1745078
2017-02-28,277.0,282.79998779296875,275.3500061035156,281.20001220703125,246.32376098632812,2418430
2017-03-01,281.0,282.0,277.0,278.8999938964844,244.30909729003906,622739
2017-03-02,278.8999938964844,283.70001220703125,278.1499938964844,281.5,246.5865936279297,1613596
2017-03-03,281.0,282.0,278.8500061035156,279.25,244.61566162109375,684909
2017-03-06,280.0,280.75,276.25,277.6499938964844,243.21409606933594,527253
2017-03-07,277.5,280.29998779296875,277.5,278.5,243.9586639404297,235892
2017-03-08,278.5,279.8500061035156,276.79998779296875,279.04998779296875,244.44044494628906,790435
2017-03-09,278.95001220703125,281.8999938964844,276.8999938964844,280.3999938964844,245.62303161621094,522060
2017-03-10,280.45001220703125,282.25,278.3999938964844,279.95001220703125,245.2288360595703,525007
2017-03-14,284.75,284.75,279.0,281.95001220703125,246.98080444335938,1424636
2017-03-15,282.8500061035156,287.3999938964844,279.3999938964844,286.6000061035156,251.05409240722656,802623
2017-03-16,288.20001220703125,295.0,286.75,293.1499938964844,256.7916259765625,1813216
2017-03-17,293.8999938964844,297.0,292.3999938964844,293.6000061035156,257.18585205078125,2755214
2017-03-20,296.20001220703125,296.20001220703125,290.3500061035156,292.6499938964844,256.3536682128906,592657
2017-03-21,292.3999938964844,294.1499938964844,290.29998779296875,291.95001220703125,255.7405242919922,686749
2017-03-22,287.0,290.6499938964844,283.5,285.25,249.87152099609375,1900492
2017-03-23,280.20001220703125,295.79998779296875,280.1499938964844,291.54998779296875,255.3900909423828,1920107
2017-03-24,289.79998779296875,291.5,288.70001220703125,290.79998779296875,254.73312377929688,649622
2017-03-27,291.95001220703125,291.95001220703125,286.8999938964844,287.79998779296875,252.10520935058594,840748
2017-03-28,288.29998779296875,292.3500061035156,286.54998779296875,291.29998779296875,255.17112731933594,660489
2017-03-29,292.3999938964844,299.6000061035156,289.0,298.70001220703125,261.6533203125,2175698
2017-03-30,299.95001220703125,299.95001220703125,294.1000061035156,296.5,259.72613525390625,2296622
2017-03-31,296.0,296.75,292.5,294.8500061035156,258.28082275390625,867262
2017-04-03,296.45001220703125,300.6499938964844,293.04998779296875,296.54998779296875,259.7699890136719,734491
2017-04-05,295.79998779296875,300.0,295.1000061035156,298.8500061035156,261.7846984863281,700530
2017-04-06,298.0,302.45001220703125,297.29998779296875,299.04998779296875,261.9599304199219,2201267
2017-04-07,299.0,302.3999938964844,295.29998779296875,300.04998779296875,262.8359069824219,2055753
2017-04-10,301.04998779296875,303.3999938964844,298.75,299.8999938964844,262.7044982910156,1393287
2017-04-11,300.6499938964844,302.3999938964844,299.20001220703125,301.1499938964844,263.7994689941406,477848
2017-04-12,302.45001220703125,307.8999938964844,298.54998779296875,303.6499938964844,265.9893493652344,1438889
2017-04-13,303.5,304.8999938964844,299.95001220703125,300.6000061035156,263.31768798828125,504276
2017-04-17,301.0,302.6499938964844,297.45001220703125,300.95001220703125,263.62432861328125,364902
2017-04-18,301.5,304.1499938964844,297.5,299.8999938964844,262.7044982910156,545525
2017-04-19,299.3500061035156,302.25,298.5,301.29998779296875,263.9308776855469,292450
2017-04-20,301.29998779296875,303.29998779296875,300.0,302.5,264.9820251464844,509996
2017-04-21,302.70001220703125,305.25,299.75,300.0,262.7920837402344,758253
2017-04-24,301.29998779296875,303.75,299.5,301.5,264.10601806640625,556689
2017-04-25,302.20001220703125,313.3500061035156,301.6499938964844,312.04998779296875,273.34759521484375,1089274
2017-04-26,312.5,325.29998779296875,312.5,323.6000061035156,283.465087890625,3293137
2017-04-27,323.0,323.0,315.0,318.0,278.5596008300781,2035955
2017-04-28,317.70001220703125,318.0,313.0,315.20001220703125,276.1069030761719,759383
2017-05-02,316.0,321.0,314.79998779296875,319.3500061035156,279.7421875,1175212
2017-05-03,328.0,328.0,313.04998779296875,315.04998779296875,275.97552490234375,2039533
2017-05-04,315.0,315.54998779296875,308.70001220703125,310.79998779296875,272.25262451171875,1154578
2017-05-05,308.20001220703125,310.6000061035156,303.8999938964844,305.1000061035156,267.25958251953125,874739
2017-05-08,305.25,310.45001220703125,301.0,303.3500061035156,265.7265625,843200
2017-05-09,304.0,305.45001220703125,301.1000061035156,302.6499938964844,265.1133728027344,1295334
2017-05-10,304.0,318.0,301.1499938964844,315.29998779296875,276.1944885253906,2049691
2017-05-11,319.79998779296875,319.8999938964844,311.25,312.70001220703125,273.9169616699219,1340841
2017-05-12,312.6499938964844,315.79998779296875,309.29998779296875,313.8500061035156,274.92437744140625,498300
2017-05-15,314.29998779296875,315.0,306.79998779296875,310.1499938964844,271.6831970214844,499424
2017-05-16,313.95001220703125,313.95001220703125,307.20001220703125,310.8500061035156,272.2963562011719,374983
2017-05-17,310.0,310.0,305.70001220703125,307.75,269.5809020996094,462663
2017-05-18,307.0,311.0,304.95001220703125,305.6000061035156,267.6975402832031,875749
2017-05-19,311.0,320.25,307.0,309.29998779296875,270.9386291503906,1615655
2017-05-22,312.0,318.8999938964844,310.3500061035156,317.29998779296875,277.9463806152344,1275040
2017-05-23,320.95001220703125,322.45001220703125,310.6499938964844,313.54998779296875,274.66156005859375,2814457
2017-05-24,313.20001220703125,314.79998779296875,309.79998779296875,311.20001220703125,272.60296630859375,804026
2017-05-25,312.8999938964844,318.0,311.3999938964844,315.95001220703125,276.76385498046875,2054399
2017-05-26,315.95001220703125,322.0,311.1499938964844,314.6000061035156,275.5813293457031,848824
2017-05-29,317.29998779296875,318.75,312.25,316.29998779296875,277.0704040527344,2709010
2017-05-30,316.0,317.29998779296875,312.1000061035156,314.20001220703125,275.2308654785156,1066451
2017-05-31,314.3999938964844,315.54998779296875,311.20001220703125,314.0,275.0557556152344,2847183
2017-06-01,313.75,317.04998779296875,313.0,316.5,277.24566650390625,1139238
2017-06-02,316.95001220703125,325.0,316.54998779296875,321.8999938964844,281.9759216308594,3069791
2017-06-05,322.79998779296875,326.04998779296875,321.0,323.0,282.9394836425781,1253444
2017-06-06,322.45001220703125,324.3500061035156,316.04998779296875,318.1499938964844,278.69097900390625,1293109
2017-06-07,319.1000061035156,323.25,317.29998779296875,319.20001220703125,279.6108093261719,603091
2017-06-08,319.5,321.8999938964844,318.20001220703125,320.1000061035156,280.39910888671875,401417
2017-06-09,319.5,321.0,315.5,316.54998779296875,277.2894287109375,867126
2017-06-12,317.0,318.0,313.29998779296875,315.1499938964844,276.0630187988281,669268
2017-06-13,316.95001220703125,318.6000061035156,315.25,316.29998779296875,277.0704040527344,1162732
2017-06-14,318.0,319.6499938964844,314.3500061035156,315.8500061035156,276.6763000488281,979297
2017-06-15,315.8500061035156,317.3500061035156,314.70001220703125,315.54998779296875,276.41351318359375,615139
2017-06-16,317.0,317.0,311.1000061035156,313.29998779296875,274.4425048828125,524272
2017-06-19,314.95001220703125,314.95001220703125,307.6000061035156,310.04998779296875,271.5956115722656,1190118
2017-06-20,313.5,320.45001220703125,312.25,317.95001220703125,278.51580810546875,986909
2017-06-21,319.0,319.8500061035156,314.3999938964844,316.75,277.46466064453125,614277
2017-06-22,316.8999938964844,316.8999938964844,312.1000061035156,314.45001220703125,275.4499816894531,679608
2017-06-23,312.5,317.29998779296875,310.95001220703125,312.45001220703125,273.69793701171875,546573
2017-06-27,312.0,313.5,306.95001220703125,307.95001220703125,269.7561340332031,703899
2017-06-28,306.70001220703125,312.0,304.5,311.0,272.427734375,370380
2017-06-29,311.0,315.75,308.20001220703125,312.70001220703125,273.9169616699219,1598765
2017-06-30,314.0,315.79998779296875,311.04998779296875,314.3500061035156,275.3623352050781,552133
2017-07-03,314.0,325.0,312.79998779296875,323.95001220703125,283.7716979980469,643521
2017-07-04,326.04998779296875,329.95001220703125,320.5,323.3999938964844,283.2898864746094,744889
2017-07-05,323.0,327.0,320.20001220703125,325.6000061035156,285.2170104980469,354179
2017-07-06,325.6000061035156,325.75,322.1000061035156,323.95001220703125,283.7716979980469,767628
2017-07-07,324.0,324.25,318.79998779296875,320.20001220703125,280.4867858886719,876158
2017-07-10,321.8500061035156,323.8500061035156,319.54998779296875,323.0,282.9394836425781,68562
2017-07-11,324.0,325.0,319.95001220703125,321.95001220703125,282.0196838378906,956672
2017-07-12,321.0,325.0,321.0,323.79998779296875,283.6402893066406,267775
2017-07-13,324.5,334.5,323.1000061035156,328.04998779296875,287.3631286621094,1099204
2017-07-14,328.20001220703125,333.29998779296875,325.75,327.04998779296875,286.4871520996094,828849
2017-07-17,327.1499938964844,329.8999938964844,324.1000061035156,327.3999938964844,286.79376220703125,431513
2017-07-18,327.20001220703125,330.6000061035156,324.1499938964844,329.1000061035156,288.2828674316406,790944
2017-07-19,331.0,333.70001220703125,329.5,330.8999938964844,289.8597106933594,502939
2017-07-20,331.95001220703125,331.95001220703125,322.0,325.70001220703125,285.3045959472656,447725
2017-07-21,326.5,330.79998779296875,324.20001220703125,329.6499938964844,288.76470947265625,1033196
2017-07-24,328.25,331.5,325.54998779296875,330.0,289.0713195800781,792802
2017-07-25,330.0,332.8500061035156,327.0,330.75,289.7283020019531,849301
2017-07-26,331.04998779296875,331.5,324.29998779296875,326.70001220703125,286.18060302734375,833790
2017-07-27,326.75,329.6000061035156,324.0,326.29998779296875,285.8301696777344,1997793
2017-07-28,325.20001220703125,333.0,324.5,332.3999938964844,291.1736145019531,881810
2017-07-31,334.04998779296875,335.8999938964844,327.6000061035156,334.70001220703125,293.1883850097656,838780
2017-08-01,334.70001220703125,334.79998779296875,316.70001220703125,326.3500061035156,285.87396240234375,5253719
2017-08-02,317.0,326.95001220703125,316.5,326.1000061035156,285.65496826171875,2181797
2017-08-03,324.0,329.29998779296875,319.6000061035156,327.79998779296875,287.1441650390625,3186048
2017-08-04,329.8999938964844,329.8999938964844,322.5,324.8500061035156,284.56005859375,2128283
2017-08-07,329.0,335.5,325.0,334.25,292.794189453125,3052279
2017-08-08,333.0,337.8500061035156,328.29998779296875,333.95001220703125,292.5314636230469,2835258
2017-08-09,333.0,333.0,324.29998779296875,325.70001220703125,285.3045959472656,2275048
2017-08-10,324.0,324.8500061035156,317.0,320.54998779296875,280.7933349609375,1679678
2017-08-11,320.54998779296875,324.04998779296875,315.3500061035156,319.95001220703125,280.2677307128906,1062783
2017-08-14,319.95001220703125,326.3500061035156,317.6499938964844,318.3500061035156,278.8662109375,1144214
2017-08-16,318.3500061035156,320.29998779296875,312.3999938964844,315.95001220703125,276.76385498046875,1454928
2017-08-17,313.6499938964844,323.8500061035156,313.6499938964844,319.8500061035156,280.18011474609375,1557457
2017-08-18,316.5,322.5,316.5,319.8999938964844,280.22393798828125,928269
2017-08-21,319.8500061035156,320.20001220703125,315.70001220703125,317.8500061035156,278.42822265625,947075
2017-08-22,317.3999938964844,322.3999938964844,314.75,315.1000061035156,276.019287109375,1800960
2017-08-23,317.75,317.95001220703125,314.20001220703125,314.95001220703125,275.887939453125,1265870
2017-08-24,316.5,317.6000061035156,315.0,316.1000061035156,276.895263671875,695941
2017-08-28,315.6499938964844,320.0,315.6499938964844,318.25,278.77862548828125,1213344
2017-08-29,317.29998779296875,317.95001220703125,310.1000061035156,312.6499938964844,273.8731384277344,982750
2017-08-30,312.8999938964844,315.79998779296875,309.70001220703125,314.75,275.7127380371094,1029028
2017-08-31,314.5,317.5,311.20001220703125,315.45001220703125,276.32586669921875,2496373
2017-09-01,315.8999938964844,315.8999938964844,312.1499938964844,314.3500061035156,275.3623352050781,1355843
2017-09-04,313.0,315.54998779296875,311.04998779296875,314.6499938964844,275.62506103515625,1120905
2017-09-05,315.04998779296875,315.29998779296875,311.8500061035156,313.8500061035156,274.92437744140625,1052762
2017-09-06,312.5,320.79998779296875,312.5,319.04998779296875,279.4794006347656,1501844
2017-09-07,320.04998779296875,322.8500061035156,316.20001220703125,320.8999938964844,281.09991455078125,1113596
2017-09-08,319.75,326.3500061035156,319.75,325.25,284.910400390625,1405499
2017-09-11,325.25,326.8500061035156,319.8999938964844,323.95001220703125,283.7716979980469,923061
2017-09-12,324.1499938964844,331.5,323.25,330.1000061035156,289.1589660644531,996802
2017-09-13,330.1000061035156,348.70001220703125,330.1000061035156,337.75,295.8600769042969,2711763
2017-09-14,337.75,342.0,330.04998779296875,331.75,290.6042785644531,1179317
2017-09-15,331.0,331.8999938964844,324.1000061035156,327.04998779296875,286.4871520996094,1393684
2017-09-18,327.1499938964844,333.45001220703125,324.8500061035156,331.3500061035156,290.25384521484375,737906
2017-09-19,331.8999938964844,336.8999938964844,331.0,331.95001220703125,290.7794494628906,993356
2017-09-20,333.0,333.0,329.04998779296875,331.29998779296875,290.2100524902344,597753
2017-09-21,329.8500061035156,331.04998779296875,320.3999938964844,323.3999938964844,283.2898864746094,1794428
2017-09-22,323.70001220703125,323.70001220703125,318.04998779296875,321.29998779296875,281.4503173828125,681677
2017-09-25,322.0,322.0,313.04998779296875,317.95001220703125,278.51580810546875,774814
2017-09-26,319.0,319.0,313.20001220703125,316.6000061035156,277.333251953125,753998
2017-09-27,317.1000061035156,317.75,310.5,314.3500061035156,275.3623352050781,719149
2017-09-28,315.04998779296875,315.75,307.3999938964844,311.45001220703125,272.82196044921875,1519850
2017-09-29,311.45001220703125,315.6499938964844,309.70001220703125,310.75,272.2088317871094,752882
2017-10-03,315.0,315.0,307.5,308.1000061035156,269.8875427246094,693367
2017-10-04,310.0,312.79998779296875,308.29998779296875,310.54998779296875,272.0335693359375,491575
2017-10-05,311.79998779296875,315.45001220703125,311.0,313.70001220703125,274.7929382324219,311375
2017-10-06,314.0,316.3999938964844,311.0,314.8999938964844,275.8440856933594,784315
2017-10-09,316.0,319.1499938964844,313.0,313.75,274.83673095703125,461294
2017-10-10,314.8999938964844,317.70001220703125,311.20001220703125,316.6499938964844,277.3770751953125,846330
2017-10-11,318.0,318.0,312.70001220703125,314.04998779296875,275.0995178222656,576456
2017-10-12,314.0,320.6499938964844,312.5,319.29998779296875,279.6983947753906,963456
2017-10-13,320.5,323.8999938964844,316.0,317.0,277.68365478515625,801731
2017-10-16,317.25,320.25,313.25,318.3500061035156,278.8662109375,774940
2017-10-17,319.0,322.6000061035156,316.75,321.8500061035156,281.93212890625,614101
2017-10-18,321.8999938964844,321.8999938964844,314.54998779296875,316.5,277.24566650390625,553653
2017-10-19,317.8500061035156,319.0,313.3999938964844,314.45001220703125,275.4499816894531,62532
2017-10-23,314.3999938964844,319.8999938964844,314.3999938964844,317.5,278.12164306640625,446447
2017-10-24,319.0,319.0,312.0,313.25,274.3987731933594,621541
2017-10-25,313.3999938964844,317.79998779296875,312.1000061035156,315.0,275.931640625,661678
2017-10-26,316.8999938964844,317.75,312.20001220703125,313.45001220703125,274.5739440917969,2377811
2017-10-27,314.29998779296875,315.20001220703125,308.75,311.04998779296875,272.4715881347656,523985
2017-10-30,312.1000061035156,316.6000061035156,310.20001220703125,312.8500061035156,274.0483703613281,1231884
2017-10-31,314.25,316.3999938964844,309.6000061035156,315.25,276.15069580078125,1128607
2017-11-01,317.0,318.20001220703125,314.25,315.95001220703125,276.76385498046875,675593
2017-11-02,315.8999938964844,318.1499938964844,311.54998779296875,312.3999938964844,273.6541442871094,719731
2017-11-03,316.0,316.5,310.1000061035156,312.5,273.7417907714844,758927
2017-11-06,310.0,315.5,309.79998779296875,313.79998779296875,276.42852783203125,552139
2017-11-07,314.8999938964844,315.3500061035156,309.5,310.3500061035156,273.38934326171875,408573
2017-11-08,306.0,312.5,306.0,310.54998779296875,273.5655517578125,457907
2017-11-09,313.5,315.45001220703125,311.20001220703125,312.3999938964844,275.1952209472656,595183
2017-11-10,312.0,312.0,309.20001220703125,310.5,273.52154541015625,352515
2017-11-13,310.5,311.45001220703125,308.1499938964844,309.0,272.2001647949219,800332
2017-11-14,309.0,310.04998779296875,295.75,297.6499938964844,262.2018737792969,2130959
2017-11-15,297.20001220703125,297.20001220703125,288.25,290.04998779296875,255.50701904296875,1790901
2017-11-16,292.0,305.45001220703125,290.25,304.20001220703125,267.9718933105469,2087903
2017-11-17,306.0,309.3500061035156,304.25,307.3999938964844,270.7907409667969,1260937
2017-11-20,307.0,308.54998779296875,300.95001220703125,303.8500061035156,267.6635437011719,935754
2017-11-21,305.0,306.3999938964844,301.3500061035156,305.3500061035156,268.98486328125,1083457
2017-11-22,305.8999938964844,306.79998779296875,300.6499938964844,302.6499938964844,266.6063537597656,822711
2017-11-23,302.0,306.6000061035156,300.04998779296875,305.3999938964844,269.0289001464844,862415
2017-11-24,306.45001220703125,310.29998779296875,305.20001220703125,309.6000061035156,272.7287292480469,666537
2017-11-27,310.0,312.3999938964844,307.0,311.8999938964844,274.7547607421875,688160
2017-11-28,312.8999938964844,313.1499938964844,308.29998779296875,311.25,274.1822509765625,826802
2017-11-29,312.0,312.04998779296875,308.75,310.8999938964844,273.8739013671875,415422
2017-11-30,310.0,310.54998779296875,305.0,306.0,269.5574645996094,1930976
2017-12-01,307.0,313.29998779296875,303.29998779296875,310.3999938964844,273.4334411621094,1001880
2017-12-04,314.0,314.25,305.3999938964844,312.1000061035156,274.9310302734375,556113
2017-12-05,310.5,312.70001220703125,308.29998779296875,309.75,272.8608703613281,817017
2017-12-06,310.95001220703125,310.95001220703125,304.79998779296875,305.75,269.3371887207031,380430
2017-12-07,306.1000061035156,310.29998779296875,306.0,309.5,272.6405944824219,729134
2017-12-08,310.04998779296875,313.25,310.04998779296875,311.95001220703125,274.7987976074219,1015961
2017-12-11,313.0,315.0,312.20001220703125,313.04998779296875,275.76788330078125,781079
2017-12-12,314.29998779296875,314.29998779296875,307.04998779296875,308.1000061035156,271.40740966796875,571039
2017-12-13,308.1000061035156,310.25,304.75,307.95001220703125,271.2752685546875,734023
2017-12-14,310.0,311.8999938964844,304.45001220703125,308.1499938964844,271.4513854980469,492675
2017-12-15,308.8999938964844,311.6499938964844,304.3500061035156,305.95001220703125,269.51336669921875,1258942
2017-12-18,306.0,309.3999938964844,293.04998779296875,307.8999938964844,271.231201171875,718596
2017-12-19,307.8999938964844,314.1499938964844,307.8999938964844,313.25,275.94403076171875,602188
2017-12-20,313.20001220703125,321.6499938964844,313.1499938964844,319.04998779296875,281.05328369140625,1370296
2017-12-21,321.0,323.0,315.54998779296875,316.95001220703125,279.203369140625,706780
2017-12-22,317.0,318.1499938964844,315.0,316.95001220703125,279.203369140625,270562
2017-12-26,316.8999938964844,319.79998779296875,316.04998779296875,318.8500061035156,280.8771057128906,401190
2017-12-27,318.8500061035156,321.6499938964844,313.3999938964844,317.6499938964844,279.82000732421875,436788
2017-12-28,320.0,322.0,316.20001220703125,317.45001220703125,279.64385986328125,518455
2017-12-29,317.70001220703125,325.29998779296875,317.70001220703125,322.5,284.0923767089844,749478
2018-01-01,322.5,323.95001220703125,319.0,320.70001220703125,282.5068054199219,346559
2018-01-02,321.1000061035156,326.8999938964844,317.75,325.70001220703125,286.9112854003906,880910
2018-01-03,327.0,327.95001220703125,319.75,320.8500061035156,282.63897705078125,1160639
2018-01-04,320.20001220703125,324.0,320.20001220703125,323.3500061035156,284.8412170410156,1060147
2018-01-05,322.1000061035156,328.0,319.6499938964844,326.95001220703125,288.0124816894531,1392301
2018-01-08,328.0,328.0,322.1499938964844,323.1499938964844,284.6650085449219,1294585
2018-01-09,323.70001220703125,325.6499938964844,320.79998779296875,323.8500061035156,285.2816162109375,503640
2018-01-10,324.0,326.29998779296875,319.25,321.6499938964844,283.3436584472656,694363
2018-01-11,320.0,321.1499938964844,314.1000061035156,316.29998779296875,278.6307678222656,1244144
2018-01-12,317.75,318.5,309.54998779296875,312.70001220703125,275.4595642089844,1619595
2018-01-15,313.1499938964844,315.75,310.25,311.3999938964844,274.3143310546875,612750
2018-01-16,312.3999938964844,315.29998779296875,311.5,313.6499938964844,276.2963562011719,608077
2018-01-17,313.45001220703125,314.25,305.3999938964844,310.75,273.74176025390625,1510355
2018-01-18,315.6000061035156,316.5,307.54998779296875,311.0,273.9619445800781,953935
2018-01-19,314.0,315.5,310.20001220703125,314.1000061035156,276.69281005859375,488384
2018-01-22,314.1000061035156,318.3999938964844,312.5,316.3500061035156,278.6748962402344,468259
2018-01-23,318.1000061035156,319.6499938964844,312.6499938964844,313.8500061035156,276.47259521484375,599429
2018-01-24,312.75,315.3999938964844,311.0,312.6499938964844,275.41546630859375,532453
2018-01-25,312.6499938964844,312.8999938964844,304.3999938964844,307.45001220703125,270.83477783203125,1701755
2018-01-29,308.25,312.0,306.1000061035156,310.70001220703125,273.6977233886719,781405
2018-01-30,310.70001220703125,316.79998779296875,308.5,315.45001220703125,277.88201904296875,1182868
2018-01-31,314.8999938964844,315.3500061035156,307.54998779296875,309.3999938964844,272.5524597167969,721880
2018-02-01,307.75,312.54998779296875,306.0,310.70001220703125,273.6977233886719,853132
2018-02-02,308.1000061035156,312.95001220703125,301.79998779296875,304.5,268.236083984375,1147132
2018-02-05,300.0,304.54998779296875,294.54998779296875,295.3999938964844,260.2198486328125,1283740
2018-02-06,289.0,300.5,284.1499938964844,299.20001220703125,263.5672607421875,2142356
2018-02-07,304.0,304.0,298.8500061035156,300.3500061035156,264.580322265625,1609320
2018-02-08,301.70001220703125,304.0,299.25,300.1000061035156,264.3600769042969,1187715
2018-02-09,298.1000061035156,299.5,294.1000061035156,297.20001220703125,261.8055114746094,622959
2018-02-12,306.70001220703125,311.6499938964844,301.8999938964844,310.04998779296875,273.1251220703125,3514638
2018-02-14,315.0,317.45001220703125,313.0,315.6000061035156,278.0141296386719,2266519
2018-02-15,316.70001220703125,319.0,307.75,309.95001220703125,273.03704833984375,1559501
2018-02-16,311.3999938964844,311.3999938964844,303.1499938964844,306.75,272.41534423828125,879423
2018-02-19,307.54998779296875,309.1499938964844,303.1499938964844,306.8500061035156,272.50421142578125,577585
2018-02-20,306.8999938964844,310.8500061035156,305.3999938964844,308.45001220703125,273.925048828125,557860
2018-02-21,311.0,311.0,304.1499938964844,306.95001220703125,272.5929260253906,480362
2018-02-22,306.3999938964844,307.0,301.20001220703125,302.8999938964844,268.9962463378906,582185
2018-02-23,303.0,307.20001220703125,300.29998779296875,306.6499938964844,272.32659912109375,901694
2018-02-26,307.3500061035156,312.45001220703125,304.0,307.25,272.859375,2912742
2018-02-27,307.95001220703125,314.8999938964844,306.6000061035156,312.6000061035156,277.6105651855469,959055
2018-02-28,308.8999938964844,314.5,306.8500061035156,308.1499938964844,273.65863037109375,1018294
2018-03-01,308.25,313.8500061035156,306.04998779296875,312.1499938964844,277.2109069824219,824485
2018-03-05,309.95001220703125,311.0,304.95001220703125,308.5,273.9694519042969,707255
2018-03-06,309.6499938964844,313.3999938964844,306.3500061035156,309.5,274.8575744628906,643097
2018-03-07,310.5,312.0,304.8500061035156,305.5,271.3053283691406,834538
2018-03-08,306.8999938964844,308.6499938964844,302.29998779296875,303.29998779296875,269.3515319824219,401183
2018-03-09,304.1000061035156,311.5,302.6000061035156,308.6000061035156,274.0583190917969,856594
2018-03-12,310.20001220703125,312.20001220703125,305.8500061035156,309.45001220703125,274.8132019042969,444257
2018-03-13,308.20001220703125,312.0,307.3500061035156,309.54998779296875,274.9019775390625,1099876
2018-03-14,308.0,310.79998779296875,302.1000061035156,304.20001220703125,270.15081787109375,1042434
2018-03-15,302.8999938964844,303.79998779296875,300.3999938964844,301.1000061035156,267.3977966308594,1628521
2018-03-16,301.1000061035156,304.70001220703125,299.54998779296875,301.25,267.5309753417969,2642597
2018-03-19,303.0,305.0,300.20001220703125,303.25,269.3071594238281,1182981
2018-03-20,302.3999938964844,319.75,302.0,318.95001220703125,283.2498474121094,3252553
2018-03-21,319.75,328.0,316.25,325.79998779296875,289.3330993652344,3191086
2018-03-22,325.6000061035156,327.5,321.25,322.95001220703125,286.8021545410156,1363825
2018-03-23,318.8500061035156,327.70001220703125,317.5,325.54998779296875,289.111083984375,1256743
2018-03-26,327.0,333.79998779296875,327.0,329.6499938964844,292.75213623046875,1568176
2018-03-27,330.1499938964844,331.0,321.54998779296875,325.6499938964844,289.19989013671875,973104
2018-03-28,325.1499938964844,332.1499938964844,324.04998779296875,326.04998779296875,289.55511474609375,1374259
2018-04-02,327.25,334.3500061035156,324.6499938964844,328.3500061035156,291.59771728515625,1249922
2018-04-03,327.8500061035156,328.75,320.6000061035156,325.0,288.6226501464844,1112660
2018-04-04,326.0,328.45001220703125,324.54998779296875,325.8500061035156,289.3775634765625,841290
2018-04-05,328.79998779296875,329.79998779296875,320.04998779296875,323.75,287.5125732421875,1263348
2018-04-06,323.04998779296875,324.45001220703125,318.29998779296875,320.6499938964844,284.7594909667969,662451
2018-04-09,320.6499938964844,330.20001220703125,320.6499938964844,328.1499938964844,291.4200744628906,1684842
2018-04-10,328.5,331.75,322.8500061035156,324.3999938964844,288.0898132324219,1232727
2018-04-11,325.1000061035156,325.20001220703125,320.1499938964844,321.04998779296875,285.1147766113281,956091
2018-04-12,321.3999938964844,323.04998779296875,318.6000061035156,319.79998779296875,284.00469970703125,730620
2018-04-13,320.5,320.5,314.8999938964844,316.04998779296875,280.6744384765625,1633554
2018-04-16,313.20001220703125,319.95001220703125,313.20001220703125,319.1000061035156,283.3830871582031,741956
2018-04-17,322.8999938964844,322.8999938964844,319.20001220703125,319.8500061035156,284.049072265625,794361
2018-04-18,320.5,323.3999938964844,317.45001220703125,319.04998779296875,283.338623046875,1152263
2018-04-19,319.75,322.5,319.3999938964844,320.29998779296875,284.4486999511719,868756
2018-04-20,319.79998779296875,320.1499938964844,315.5,316.8999938964844,281.4292297363281,544868
2018-04-23,317.95001220703125,320.6000061035156,316.0,316.95001220703125,281.4736633300781,484381
2018-04-24,317.6499938964844,319.70001220703125,314.6000061035156,316.20001220703125,280.8075866699219,1260701
2018-04-25,316.79998779296875,325.0,315.54998779296875,323.20001220703125,287.0242004394531,1389620
2018-04-26,324.5,325.75,316.20001220703125,319.45001220703125,283.6939392089844,3610030
2018-04-27,318.5,324.25,318.5,321.1000061035156,285.15924072265625,1158920
2018-04-30,323.0,334.04998779296875,321.70001220703125,332.54998779296875,295.3275146484375,1936196
2018-05-02,333.0,347.79998779296875,312.29998779296875,317.1499938964844,281.6512756347656,7061933
2018-05-03,311.0,317.20001220703125,304.54998779296875,312.1000061035156,277.1666259765625,3585505
2018-05-04,314.0,328.3999938964844,314.0,316.8500061035156,281.3848571777344,4073638
2018-05-07,319.0,322.45001220703125,313.20001220703125,320.04998779296875,284.2267150878906,2301610
2018-05-08,319.8500061035156,321.1499938964844,317.20001220703125,318.95001220703125,283.2498474121094,1495953
2018-05-09,318.75,319.1499938964844,312.04998779296875,315.29998779296875,280.0083923339844,1430414
2018-05-10,315.6000061035156,318.20001220703125,314.0,315.1499938964844,279.87518310546875,1252574
2018-05-11,315.6000061035156,316.5,308.5,309.95001220703125,275.25726318359375,1475765
2018-05-14,310.29998779296875,314.5,309.54998779296875,312.54998779296875,277.566162109375,396217
2018-05-15,313.25,315.0,309.45001220703125,312.3500061035156,277.3885803222656,1121176
2018-05-16,311.45001220703125,321.0,310.0,318.20001220703125,282.5838317871094,3139692
2018-05-17,319.70001220703125,323.8999938964844,317.29998779296875,321.1000061035156,285.15924072265625,3069877
2018-05-18,322.45001220703125,322.45001220703125,316.1499938964844,318.20001220703125,282.5838317871094,853748
2018-05-21,318.5,319.45001220703125,308.0,309.75,275.0795593261719,1274274
2018-05-22,311.0,313.45001220703125,308.3999938964844,312.8500061035156,277.83258056640625,562513
2018-05-23,313.0,314.45001220703125,309.5,310.3999938964844,275.6568603515625,463529
2018-05-24,310.6000061035156,319.3500061035156,309.3999938964844,314.04998779296875,278.8982849121094,3522416
2018-05-25,312.8500061035156,318.5,312.8500061035156,317.75,282.18414306640625,889468
2018-05-28,318.8999938964844,323.3500061035156,316.5,319.8500061035156,284.049072265625,801486
2018-05-29,319.1499938964844,322.29998779296875,317.79998779296875,320.6000061035156,284.7151184082031,564273
2018-05-30,320.0,323.0,315.8500061035156,318.5,282.85015869140625,948210
2018-05-31,319.0,323.5,315.0,321.8500061035156,285.8252868652344,2225475
2018-06-01,323.5,328.75,322.1000061035156,324.3999938964844,288.0898132324219,1586563
2018-06-04,325.5,326.25,319.79998779296875,322.6499938964844,286.53570556640625,1449007
2018-06-05,322.95001220703125,328.95001220703125,322.04998779296875,326.45001220703125,289.9103698730469,2165106
2018-06-06,326.54998779296875,337.0,324.95001220703125,335.3999938964844,297.85858154296875,2086409
2018-06-07,336.04998779296875,338.8999938964844,332.25,334.0,296.6152648925781,854455
2018-06-08,332.29998779296875,345.95001220703125,331.8999938964844,343.6499938964844,305.18511962890625,1494578
2018-06-11,346.0,352.8999938964844,342.5,349.6499938964844,310.5135803222656,2464534
2018-06-12,348.0,349.0,341.20001220703125,342.29998779296875,303.98626708984375,1186114
2018-06-13,342.3500061035156,344.20001220703125,336.1000061035156,337.04998779296875,299.3238830566406,718879
2018-06-14,334.1000061035156,344.8500061035156,332.6000061035156,344.1499938964844,305.6291809082031,1294847
2018-06-15,346.0,346.25,335.6000061035156,338.6000061035156,300.7004089355469,1366877
2018-06-18,339.95001220703125,342.54998779296875,336.79998779296875,338.04998779296875,300.21197509765625,430123
2018-06-19,338.0,338.25,330.95001220703125,334.3999938964844,296.97052001953125,1267306
2018-06-20,335.8999938964844,336.54998779296875,333.0,335.3999938964844,297.85858154296875,940278
2018-06-21,335.70001220703125,337.0,328.70001220703125,335.25,297.7253723144531,1154226
2018-06-22,334.8999938964844,336.79998779296875,331.25,333.54998779296875,296.2156677246094,800499
2018-06-25,334.0,334.75,329.3999938964844,331.20001220703125,294.1286926269531,677808
2018-06-26,330.29998779296875,345.5,330.29998779296875,340.79998779296875,302.6541442871094,2227683
2018-06-27,340.95001220703125,342.20001220703125,333.8999938964844,335.70001220703125,298.1249694824219,1154217
2018-06-28,332.25,337.20001220703125,330.25,332.6000061035156,295.37200927734375,1252925
2018-06-29,334.0,335.25,328.3999938964844,331.6499938964844,294.5283508300781,1240526
2018-07-02,331.6499938964844,334.95001220703125,330.75,333.5,296.1712341308594,706904
2018-07-03,334.25,342.20001220703125,330.0,340.79998779296875,302.6541442871094,1593709
2018-07-04,340.8999938964844,345.29998779296875,337.70001220703125,343.8500061035156,305.36279296875,1001539
2018-07-05,343.8500061035156,349.70001220703125,342.20001220703125,345.70001220703125,307.0057067871094,1141426
2018-07-06,346.0,348.5,342.0,347.1499938964844,308.2933654785156,1322634
2018-07-09,348.0,349.95001220703125,344.70001220703125,347.54998779296875,308.6485900878906,520788
2018-07-10,346.0,352.6499938964844,346.0,350.29998779296875,311.0908203125,1108559
2018-07-11,351.0,353.25,341.75,343.04998779296875,304.6523132324219,805862
2018-07-12,344.0,354.20001220703125,342.70001220703125,350.8999938964844,311.6236572265625,4096170
2018-07-13,354.5,366.20001220703125,350.95001220703125,354.8999938964844,315.1759338378906,4665729
2018-07-16,355.25,359.6499938964844,349.6000061035156,351.75,312.3785400390625,1904712
2018-07-17,353.70001220703125,353.70001220703125,344.5,347.95001220703125,309.00384521484375,2282929
2018-07-18,350.79998779296875,356.75,346.1000061035156,349.29998779296875,310.2027282714844,1495189
2018-07-19,349.95001220703125,352.29998779296875,340.6000061035156,346.0,307.2720642089844,1315209
2018-07-20,347.5,352.79998779296875,345.25,351.3500061035156,312.0232849121094,2540295
2018-07-23,353.8999938964844,355.45001220703125,345.54998779296875,352.04998779296875,312.6449890136719,1435129
2018-07-24,353.45001220703125,356.1499938964844,349.04998779296875,353.54998779296875,313.97698974609375,3123945
2018-07-25,355.29998779296875,360.3500061035156,353.0,358.04998779296875,317.973388671875,4468795
2018-07-26,356.5,365.54998779296875,356.04998779296875,364.5,323.701416015625,2664805
2018-07-27,365.0,374.75,359.3999938964844,361.1499938964844,320.726318359375,2964350
2018-07-30,362.20001220703125,367.6000061035156,361.0,363.79998779296875,323.07977294921875,694782
2018-07-31,364.8999938964844,367.0,359.25,364.1000061035156,323.3462219238281,2971376
2018-08-01,365.5,369.95001220703125,364.1000061035156,368.5,327.2536926269531,2772483
2018-08-02,369.45001220703125,370.3500061035156,348.3999938964844,351.3999938964844,312.06768798828125,6861034
2018-08-03,350.0,356.3999938964844,345.29998779296875,352.5,313.0445251464844,3304951
2018-08-06,354.25,364.1000061035156,354.0,362.95001220703125,322.32489013671875,2142413
2018-08-07,364.0,365.5,358.70001220703125,361.70001220703125,321.21478271484375,1358288
2018-08-08,363.0,364.54998779296875,359.5,361.6499938964844,321.1703796386719,994845
2018-08-09,362.70001220703125,367.1499938964844,360.0,363.75,323.0353698730469,970281
2018-08-10,363.75,366.8999938964844,363.20001220703125,365.0,324.1453857421875,1449246
2018-08-13,361.20001220703125,365.04998779296875,358.6499938964844,359.54998779296875,319.3054504394531,683166
2018-08-14,361.3999938964844,365.3999938964844,360.5,364.3500061035156,323.56817626953125,1019899
2018-08-16,364.0,369.79998779296875,361.20001220703125,363.29998779296875,322.63568115234375,1137343
2018-08-17,363.3500061035156,372.0,363.3500061035156,371.1499938964844,329.6070861816406,989961
2018-08-20,370.8500061035156,371.5,363.1000061035156,364.25,323.4794006347656,1220215
2018-08-21,363.95001220703125,364.1000061035156,359.5,362.3500061035156,321.79205322265625,1608928
2018-08-23,364.04998779296875,384.29998779296875,361.79998779296875,381.8999938964844,339.1538391113281,4053955
2018-08-24,382.3500061035156,387.8500061035156,376.29998779296875,378.70001220703125,336.3119812011719,3633982
2018-08-27,379.45001220703125,386.3500061035156,374.29998779296875,377.0,334.80224609375,1355792
2018-08-28,377.5,380.0,367.3999938964844,371.5,329.9178771972656,2112354
2018-08-29,373.0,374.95001220703125,367.0,368.70001220703125,327.4313049316406,796953
2018-08-30,370.8999938964844,377.1000061035156,367.8500061035156,370.20001220703125,328.763427734375,1990690
2018-08-31,371.6000061035156,374.95001220703125,362.79998779296875,369.45001220703125,328.0973815917969,3577081
2018-09-03,373.1000061035156,374.70001220703125,359.5,361.0,320.5931396484375,1996863
2018-09-04,362.8999938964844,364.54998779296875,353.1000061035156,354.5,314.8207092285156,1199723
2018-09-05,354.3999938964844,354.8999938964844,346.25,352.04998779296875,312.6449890136719,1405367
2018-09-06,354.79998779296875,359.25,350.1499938964844,356.29998779296875,316.419189453125,1289898
2018-09-07,355.0,361.25,353.0,357.45001220703125,317.44049072265625,1008907
2018-09-10,359.3999938964844,359.3999938964844,342.04998779296875,344.45001220703125,305.8956298828125,1991897
2018-09-11,343.0,343.8999938964844,335.6499938964844,336.95001220703125,299.235107421875,2588237
2018-09-12,337.5,350.8999938964844,337.5,344.3500061035156,305.8068542480469,3191229
2018-09-14,346.8999938964844,352.04998779296875,344.95001220703125,346.3999938964844,307.6273498535156,1339073
2018-09-17,345.79998779296875,345.79998779296875,340.29998779296875,342.8500061035156,304.4747009277344,343467
2018-09-18,344.1000061035156,352.6000061035156,343.0,344.6000061035156,306.02886962890625,1985724
2018-09-19,347.1499938964844,353.6000061035156,342.20001220703125,344.1499938964844,305.6291809082031,1381822
2018-09-21,346.0,351.3999938964844,320.0,337.79998779296875,299.98992919921875,2440850
2018-09-24,341.8999938964844,344.3999938964844,330.20001220703125,332.5,295.2831726074219,1640077
2018-09-25,334.8999938964844,336.20001220703125,327.5,331.6499938964844,294.5283508300781,2992229
2018-09-26,333.70001220703125,346.6499938964844,333.70001220703125,339.70001220703125,301.67724609375,2638508
2018-09-27,339.6000061035156,345.1000061035156,334.45001220703125,336.70001220703125,299.0130615234375,1591531
2018-09-28,337.1000061035156,340.3999938964844,330.3500061035156,333.04998779296875,295.7716064453125,1776744
2018-10-01,334.0,341.8999938964844,328.54998779296875,333.25,295.9492492675781,1903650
2018-10-03,330.0,334.3999938964844,325.20001220703125,327.20001220703125,290.5764465332031,1172993
2018-10-04,324.0,325.70001220703125,311.0,314.04998779296875,278.8982849121094,2029729
2018-10-05,313.1499938964844,314.45001220703125,304.25,307.6000061035156,273.1702880859375,2085811
2018-10-08,306.8999938964844,312.79998779296875,303.3500061035156,309.75,275.0795593261719,1964565
2018-10-09,311.0,314.79998779296875,290.0,294.6000061035156,261.6253662109375,2916992
2018-10-10,294.70001220703125,304.04998779296875,291.25,301.75,267.97503662109375,2137143
2018-10-11,294.0,307.6000061035156,282.95001220703125,305.75,271.52734375,2424170
2018-10-12,307.6000061035156,322.0,306.45001220703125,314.95001220703125,279.69757080078125,4795317
2018-10-15,317.79998779296875,317.79998779296875,311.1000061035156,315.29998779296875,280.0083923339844,1358081
2018-10-16,316.0,320.1000061035156,314.75,318.0,282.4061584472656,712867
2018-10-17,319.0,325.5,312.0,314.79998779296875,279.5643005371094,2426967
2018-10-19,314.1000061035156,316.6499938964844,307.3999938964844,310.0,275.3016052246094,2184763
2018-10-22,310.0,318.0,310.0,310.8999938964844,276.1008605957031,1387560
2018-10-23,308.0,318.20001220703125,307.0,311.54998779296875,276.6780700683594,1303467
2018-10-24,311.0,313.3999938964844,300.8999938964844,303.25,269.3071594238281,1983217
2018-10-25,300.0,307.5,295.1000061035156,297.54998779296875,264.2451171875,4219123
2018-10-26,297.6499938964844,302.20001220703125,296.0,300.3500061035156,266.7317199707031,1191133
2018-10-29,301.04998779296875,305.54998779296875,297.6499938964844,303.45001220703125,269.4847412109375,1346603
2018-10-30,305.0,314.20001220703125,303.25,312.75,277.74383544921875,2404498
2018-10-31,316.0,325.29998779296875,311.20001220703125,321.29998779296875,285.3367919921875,4112882
2018-11-01,324.70001220703125,325.45001220703125,317.6000061035156,320.0,284.1823425292969,4859483
2018-11-02,322.0,345.3999938964844,321.8999938964844,338.04998779296875,300.21197509765625,3203978
2018-11-05,335.79998779296875,346.0,330.6000061035156,341.1499938964844,302.9649658203125,1672884
2018-11-06,342.3999938964844,342.3999938964844,332.95001220703125,335.04998779296875,297.5477294921875,1365772
2018-11-07,336.8999938964844,341.5,334.5,339.6499938964844,301.6329040527344,144546
2018-11-09,340.75,344.0,335.6499938964844,340.45001220703125,302.34332275390625,1929946
2018-11-12,339.79998779296875,349.0,337.8500061035156,339.1000061035156,302.9239807128906,1386925
2018-11-13,337.0,342.6499938964844,336.0,337.70001220703125,301.6733093261719,1608732
2018-11-14,339.1499938964844,349.95001220703125,337.25,347.79998779296875,310.6958312988281,2075090
2018-11-15,350.5,351.1000061035156,340.8999938964844,346.5,309.5345153808594,1513692
2018-11-16,347.8999938964844,351.8999938964844,344.0,346.6000061035156,309.6238708496094,1595773
2018-11-19,349.0,355.0,347.29998779296875,352.54998779296875,314.9390869140625,2669674
2018-11-20,353.0,354.20001220703125,349.3999938964844,351.1000061035156,313.6437683105469,1709189
2018-11-21,353.0,354.0,350.1000061035156,352.3999938964844,314.8050231933594,485221
2018-11-22,353.0,356.3999938964844,349.5,354.04998779296875,316.2790832519531,1840579
2018-11-26,356.3999938964844,361.5,353.45001220703125,360.20001220703125,321.7729187011719,2519483
2018-11-27,362.79998779296875,367.5,359.8999938964844,364.8999938964844,325.9715881347656,2331514
2018-11-28,364.75,369.25,358.3999938964844,359.5,321.1476745605469,1715699
2018-11-29,362.0,363.95001220703125,358.54998779296875,360.0,321.5943603515625,1874970
2018-11-30,363.0,364.29998779296875,353.45001220703125,356.75,318.6910705566406,3014933
2018-12-03,358.0,365.5,357.0,360.1499938964844,321.7283020019531,1852845
2018-12-04,360.6000061035156,363.70001220703125,355.5,358.29998779296875,320.07574462890625,1876924
2018-12-05,358.0,358.8999938964844,352.70001220703125,355.54998779296875,317.6190490722656,1211028
2018-12-06,352.3999938964844,354.3999938964844,349.6499938964844,351.29998779296875,313.8224182128906,2844318
2018-12-07,351.29998779296875,357.95001220703125,351.29998779296875,354.8500061035156,316.9937744140625,979854
2018-12-10,351.0,354.6000061035156,344.45001220703125,346.25,309.31121826171875,895180
2018-12-11,347.0,365.3500061035156,346.8500061035156,358.6499938964844,320.3883361816406,2190376
2018-12-12,359.0,374.6000061035156,356.29998779296875,372.70001220703125,332.9394836425781,2146000
2018-12-13,373.3999938964844,377.70001220703125,370.20001220703125,374.3500061035156,334.4134216308594,2718867
2018-12-14,373.0,375.75,370.3500061035156,372.1000061035156,332.4034729003906,1077113
2018-12-17,374.3500061035156,381.25,370.6000061035156,376.8500061035156,336.646728515625,1440922
2018-12-18,376.0,383.95001220703125,374.54998779296875,382.1000061035156,341.336669921875,1358797
2018-12-19,383.0,395.0,380.79998779296875,394.20001220703125,352.14581298828125,2437280
2018-12-20,392.95001220703125,396.6000061035156,379.5,380.5,339.9073181152344,2589922
2018-12-21,380.0,385.8500061035156,374.75,378.1499938964844,337.8080139160156,1701786
2018-12-24,379.0,384.3999938964844,368.8500061035156,370.5,330.9741516113281,1478480
2018-12-26,369.0,370.1000061035156,360.6499938964844,367.75,328.5174560546875,1225256
2018-12-27,370.0,379.0,368.70001220703125,376.8500061035156,336.646728515625,1841056
2018-12-28,375.25,381.6499938964844,370.1499938964844,378.1000061035156,337.763427734375,1452608
2018-12-31,378.79998779296875,378.79998779296875,371.3999938964844,373.3999938964844,333.56475830078125,842223
2019-01-01,375.3999938964844,376.8999938964844,369.0,372.29998779296875,332.58209228515625,877238
2019-01-02,373.3999938964844,377.6499938964844,369.25,372.8500061035156,333.0734558105469,1160137
2019-01-03,373.45001220703125,381.3999938964844,373.45001220703125,378.04998779296875,337.7186279296875,2388605
2019-01-04,380.3999938964844,383.20001220703125,375.1000061035156,378.8500061035156,338.4333801269531,2011585
2019-01-07,380.79998779296875,391.20001220703125,380.04998779296875,386.79998779296875,345.53521728515625,3660860
2019-01-08,384.1499938964844,391.3999938964844,380.25,381.8500061035156,341.1133117675781,2451013
2019-01-09,384.0,385.70001220703125,378.5,383.75,342.81060791015625,1277868
2019-01-10,385.1000061035156,388.8500061035156,383.79998779296875,387.1000061035156,345.80322265625,1236628
2019-01-11,387.1499938964844,390.0,380.04998779296875,381.45001220703125,340.7559509277344,1498377
2019-01-14,382.0,383.6000061035156,375.5,382.1000061035156,341.336669921875,1027469
2019-01-15,383.1000061035156,385.1000061035156,379.70001220703125,381.45001220703125,340.7559509277344,911485
2019-01-16,383.1000061035156,384.8999938964844,378.0,380.3999938964844,339.8179931640625,884665
2019-01-17,380.3999938964844,383.3999938964844,378.20001220703125,380.20001220703125,339.6393127441406,986391
2019-01-18,382.1000061035156,382.6000061035156,375.25,379.3500061035156,338.8800048828125,1112430
2019-01-21,380.0,383.3999938964844,376.79998779296875,379.0,338.5673828125,508883
2019-01-22,377.79998779296875,379.95001220703125,370.54998779296875,375.54998779296875,335.4853820800781,1143741
2019-01-23,376.0,378.25,375.0,376.54998779296875,336.37872314453125,720808
2019-01-24,376.54998779296875,377.54998779296875,369.6499938964844,373.95001220703125,334.0561218261719,904818
2019-01-25,375.79998779296875,376.04998779296875,367.75,369.8999938964844,330.4381408691406,1340306
2019-01-28,369.0,371.20001220703125,362.45001220703125,365.1499938964844,326.1949157714844,1317448
2019-01-29,363.6499938964844,367.75,358.0,365.5,326.5075378417969,1136235
2019-01-30,367.3999938964844,370.1499938964844,361.6000061035156,365.8999938964844,326.8648681640625,1786445
2019-01-31,367.04998779296875,371.3999938964844,362.1499938964844,366.75,327.62420654296875,3594106
2019-02-01,367.5,379.0,367.3500061035156,376.45001220703125,336.2893981933594,2559709
2019-02-04,377.0,384.6499938964844,362.0,367.75,328.5174560546875,2084615
2019-02-05,367.0,369.5,358.29998779296875,363.5,324.7209167480469,2212876
2019-02-06,368.95001220703125,368.95001220703125,361.0,364.95001220703125,326.0162353515625,1975403
2019-02-07,367.8999938964844,370.45001220703125,361.79998779296875,368.45001220703125,329.1428527832031,1102826
2019-02-08,367.0,372.0,363.20001220703125,364.75,325.83758544921875,1243996
2019-02-11,365.1499938964844,366.8500061035156,358.8500061035156,362.3500061035156,323.6935729980469,363715
2019-02-12,361.79998779296875,362.8500061035156,354.25,358.1499938964844,322.3883972167969,1274113
2019-02-14,348.0,350.25,343.1000061035156,345.0,310.55145263671875,1158991
2019-02-15,347.0,347.0,332.6000061035156,339.29998779296875,305.4205627441406,1386168
2019-02-18,339.29998779296875,339.6499938964844,324.25,338.54998779296875,304.7454833984375,1913033
2019-02-19,337.8999938964844,339.25,333.5,334.70001220703125,301.2799377441406,870293
2019-02-20,335.04998779296875,339.0,331.20001220703125,333.04998779296875,299.7946472167969,1899200
2019-02-21,334.8999938964844,338.70001220703125,331.1000061035156,336.75,303.12518310546875,2342156
2019-02-22,337.0,343.0,335.75,339.6499938964844,305.7356262207031,2645863
2019-02-25,341.0,343.95001220703125,335.1000061035156,340.04998779296875,306.095703125,1400061
2019-02-26,337.79998779296875,344.3500061035156,333.1000061035156,341.3999938964844,307.3108825683594,2639580
2019-02-27,343.3999938964844,346.20001220703125,334.04998779296875,339.29998779296875,305.4205627441406,1340797
2019-02-28,341.3999938964844,342.8500061035156,336.45001220703125,339.70001220703125,305.7806701660156,2406609
2019-03-01,342.0,342.79998779296875,330.8999938964844,334.8500061035156,301.4149169921875,1822470
2019-03-05,335.8999938964844,337.0,332.1000061035156,335.6499938964844,302.13494873046875,2441292
2019-03-06,336.8500061035156,340.8500061035156,333.0,336.8500061035156,303.2152404785156,1505810
2019-03-07,336.95001220703125,339.6000061035156,335.25,337.79998779296875,304.07037353515625,1253611
2019-03-08,337.0,337.04998779296875,332.1499938964844,334.54998779296875,301.1448669433594,1399038
2019-03-11,337.3999938964844,348.45001220703125,334.3999938964844,347.79998779296875,313.07183837890625,2776482
2019-03-12,351.3999938964844,353.0,348.54998779296875,350.8999938964844,315.8623352050781,1698262
2019-03-13,351.45001220703125,351.70001220703125,338.75,342.8999938964844,308.6611328125,2055660
2019-03-14,342.8999938964844,348.5,339.6499938964844,346.5,311.901611328125,1462370
2019-03-15,347.45001220703125,347.8999938964844,336.95001220703125,338.6499938964844,304.83551025390625,1988067
2019-03-18,338.6499938964844,341.95001220703125,336.0,341.04998779296875,306.99591064453125,1559631
2019-03-19,341.45001220703125,344.75,337.8500061035156,340.25,306.27569580078125,1840569
2019-03-20,341.8999938964844,344.8999938964844,337.45001220703125,338.8500061035156,305.01556396484375,1830509
2019-03-22,338.25,344.20001220703125,338.0,339.6499938964844,305.7356262207031,1718938
2019-03-25,338.79998779296875,339.0,330.5,334.29998779296875,300.9197998046875,1741857
2019-03-26,334.0,339.0,330.6499938964844,338.1000061035156,304.34039306640625,1157761
2019-03-27,338.3999938964844,342.5,334.8999938964844,337.0,303.3501892089844,2083168
2019-03-28,336.3999938964844,341.0,334.04998779296875,337.6000061035156,303.8903503417969,2680016
2019-04-01,347.3500061035156,360.0,346.3500061035156,348.0,313.2519226074219,1521558
2019-04-02,349.8999938964844,349.8999938964844,344.45001220703125,346.45001220703125,311.8567199707031,1512017
2019-04-03,360.0,360.0,352.70001220703125,354.8999938964844,319.46295166015625,5552671
2019-04-04,356.3500061035156,358.3999938964844,353.75,354.8500061035156,319.4179382324219,1515780
2019-04-05,355.0,357.5,350.3999938964844,356.75,321.1282043457031,1433076
2019-04-08,358.0,360.8999938964844,356.04998779296875,359.3500061035156,323.46856689453125,982984
2019-04-09,360.0,360.0,354.1000061035156,356.0,320.45306396484375,1872390
2019-04-10,358.0,362.5,356.3999938964844,359.3999938964844,323.51361083984375,1602144
2019-04-11,359.8999938964844,360.0,356.5,358.45001220703125,322.6584167480469,477415
2019-04-12,357.0,364.0,356.79998779296875,360.1000061035156,324.1436462402344,1169374
2019-04-15,361.0,363.25,354.3500061035156,361.1000061035156,325.0438537597656,2102597
2019-04-16,362.0,368.3500061035156,361.0,364.0,327.654296875,1295496
2019-04-18,362.25,368.3999938964844,362.25,366.1000061035156,329.5445861816406,1782666
2019-04-22,366.0,366.45001220703125,362.1000061035156,364.3500061035156,327.9693298339844,599607
2019-04-23,365.0,369.29998779296875,361.04998779296875,363.1000061035156,326.8441162109375,1567850
2019-04-24,363.5,365.20001220703125,356.8500061035156,362.8999938964844,326.6641540527344,998259
2019-04-25,364.0,364.8500061035156,355.5,356.45001220703125,320.858154296875,2450422
2019-04-26,356.0,360.25,355.1499938964844,358.8999938964844,323.0634765625,956639
2019-04-30,358.8999938964844,366.5,355.6000061035156,359.3999938964844,323.51361083984375,1664625
2019-05-02,360.20001220703125,363.0,353.8500061035156,355.20001220703125,319.7329406738281,504501
2019-05-03,355.0,357.1499938964844,350.45001220703125,356.04998779296875,320.4980773925781,897440
2019-05-06,355.79998779296875,355.8999938964844,337.54998779296875,339.6000061035156,305.69061279296875,2366260
2019-05-07,351.70001220703125,367.3500061035156,351.04998779296875,359.3999938964844,323.51361083984375,18534665
2019-05-08,359.3999938964844,359.8999938964844,346.1000061035156,355.1499938964844,319.68798828125,5316216
2019-05-09,355.1000061035156,357.45001220703125,350.1499938964844,355.6499938964844,320.1379699707031,1523568
2019-05-10,353.5,358.6499938964844,353.5,357.1499938964844,321.48828125,715946
2019-05-13,355.3999938964844,356.20001220703125,347.6499938964844,351.3999938964844,316.3124084472656,2160599
2019-05-14,351.0,355.79998779296875,348.04998779296875,352.8999938964844,317.6625671386719,1561056
2019-05-15,352.8999938964844,357.8500061035156,351.6000061035156,355.04998779296875,319.5978698730469,3339966
2019-05-16,355.04998779296875,356.79998779296875,349.1000061035156,352.1000061035156,316.9425354003906,938992
2019-05-17,352.0,361.70001220703125,351.70001220703125,360.45001220703125,324.45867919921875,807407
2019-05-20,365.0,368.75,361.45001220703125,363.45001220703125,327.15924072265625,2073389
2019-05-21,365.0,365.5,359.25,361.3500061035156,325.26885986328125,4039362
2019-05-22,363.5,366.79998779296875,361.6499938964844,363.8500061035156,327.5192565917969,2238254
2019-05-23,367.0,369.3999938964844,358.54998779296875,360.75,324.7287292480469,1937561
2019-05-24,364.6000061035156,367.75,359.0,363.1499938964844,326.8891296386719,2513710
2019-05-27,363.25,367.6000061035156,361.8999938964844,365.5,329.0045166015625,708539
2019-05-28,367.25,370.3999938964844,365.0,367.3999938964844,330.7147521972656,3298421
2019-05-29,368.70001220703125,369.3999938964844,364.0,366.8999938964844,330.2646789550781,2834826
2019-05-30,365.8500061035156,367.5,360.79998779296875,364.5,328.10430908203125,3275949
2019-05-31,366.5,375.0,366.5,371.95001220703125,334.8104248046875,2211020
2019-06-03,374.0,379.6000061035156,372.3999938964844,377.45001220703125,339.7613220214844,2949392
2019-06-04,376.04998779296875,378.29998779296875,374.0,376.6499938964844,339.0411071777344,750693
2019-06-06,379.0,380.45001220703125,372.54998779296875,374.8500061035156,337.4209289550781,1949514
2019-06-07,374.70001220703125,376.3999938964844,371.29998779296875,373.8500061035156,336.52069091796875,554298
2019-06-10,374.95001220703125,379.79998779296875,374.45001220703125,377.3999938964844,339.71624755859375,2323261
2019-06-11,377.95001220703125,380.0,376.04998779296875,376.8999938964844,339.26617431640625,814759
2019-06-12,376.3999938964844,378.95001220703125,374.54998779296875,375.8500061035156,338.321044921875,758062
2019-06-13,375.1000061035156,378.8500061035156,375.04998779296875,377.04998779296875,339.4012145996094,888567
2019-06-14,376.1000061035156,378.5,368.0,369.04998779296875,332.20001220703125,479642
2019-06-17,368.75,371.45001220703125,365.70001220703125,366.8500061035156,330.2197265625,705722
2019-06-18,366.79998779296875,366.79998779296875,360.75,365.04998779296875,328.5993957519531,783301
2019-06-19,366.75,369.3999938964844,362.5,364.04998779296875,327.69927978515625,721336
2019-06-20,362.5,367.79998779296875,360.6000061035156,367.0,330.3547058105469,724208
2019-06-21,367.29998779296875,372.29998779296875,365.75,369.29998779296875,332.4250183105469,2543721
2019-06-24,369.0,373.0,368.1000061035156,369.3999938964844,332.51507568359375,2449869
2019-06-25,369.5,374.45001220703125,369.0,371.3500061035156,334.27032470703125,1051008
2019-06-26,370.1000061035156,373.8999938964844,368.70001220703125,370.79998779296875,333.7752380371094,590313
2019-06-27,372.3999938964844,374.0,369.8500061035156,370.8500061035156,333.8202819824219,708904
2019-06-28,371.0,372.29998779296875,368.3500061035156,370.54998779296875,333.5502014160156,818936
2019-07-01,371.1499938964844,377.75,369.3500061035156,370.25,333.2801818847656,1186927
2019-07-02,372.0,375.0,369.54998779296875,373.6499938964844,336.3407287597656,999876
2019-07-03,375.75,375.75,371.6000061035156,372.8500061035156,335.62060546875,1206740
2019-07-04,372.0,375.5,371.25,374.20001220703125,336.8358154296875,1970504
2019-07-05,375.04998779296875,382.70001220703125,375.04998779296875,378.79998779296875,340.9764404296875,2242048
2019-07-08,377.5,377.8500061035156,370.0,370.95001220703125,333.91033935546875,1273733
2019-07-09,369.29998779296875,377.29998779296875,367.25,370.3999938964844,333.4151916503906,1647678
2019-07-10,370.54998779296875,374.29998779296875,367.29998779296875,370.3999938964844,333.4151916503906,1218943
2019-07-11,370.95001220703125,371.95001220703125,367.25,368.1000061035156,331.3448486328125,440202
2019-07-12,368.1499938964844,373.75,368.1499938964844,371.0,333.9552917480469,764217
2019-07-15,371.0,372.54998779296875,368.1499938964844,369.3999938964844,332.51507568359375,768836
2019-07-16,369.04998779296875,369.95001220703125,366.04998779296875,368.1499938964844,331.389892578125,1011458
2019-07-17,368.25,376.1000061035156,368.20001220703125,372.3999938964844,335.2154846191406,1165902
2019-07-18,371.0,373.1499938964844,369.1499938964844,370.3500061035156,333.3702087402344,1067632
2019-07-19,370.54998779296875,372.95001220703125,363.0,364.95001220703125,328.5094299316406,1447909
2019-07-22,365.20001220703125,368.3999938964844,360.1499938964844,361.8500061035156,325.7189636230469,1038927
2019-07-23,362.29998779296875,363.45001220703125,358.3999938964844,361.25,325.1788330078125,895039
2019-07-24,359.45001220703125,361.75,354.8500061035156,360.29998779296875,324.32373046875,1214284
2019-07-25,361.8999938964844,365.75,358.95001220703125,361.5,325.4039001464844,1444408
2019-07-26,361.0,363.0,357.45001220703125,361.04998779296875,324.998779296875,382050
2019-07-29,360.8999938964844,368.3999938964844,360.3999938964844,365.0,328.5543518066406,1141806
2019-07-30,365.0,367.1499938964844,359.45001220703125,362.75,326.5290832519531,824450
2019-07-31,360.3999938964844,369.54998779296875,357.3500061035156,366.79998779296875,330.1746520996094,1481877
2019-08-01,366.6499938964844,371.3999938964844,350.3999938964844,362.6000061035156,326.39410400390625,5252286
2019-08-02,364.79998779296875,375.8500061035156,361.8999938964844,372.6499938964844,335.4405517578125,6133506
2019-08-05,372.20001220703125,376.79998779296875,369.54998779296875,373.6000061035156,336.29571533203125,2910617
2019-08-06,374.0,383.20001220703125,374.0,377.70001220703125,339.986328125,2145343
2019-08-07,377.3999938964844,382.1499938964844,376.95001220703125,378.6000061035156,340.7964782714844,1948107
2019-08-08,379.0,383.95001220703125,378.95001220703125,383.0,344.7571105957031,2189771
2019-08-09,383.8999938964844,394.0,382.5,392.04998779296875,352.9034423828125,1975249
2019-08-13,395.0,395.5,390.1000061035156,392.54998779296875,353.3534851074219,3730684
2019-08-14,394.0,395.0,389.8999938964844,392.75,353.53350830078125,1247424
2019-08-16,392.3999938964844,393.3500061035156,388.0,392.20001220703125,353.0384826660156,1491547
2019-08-19,392.20001220703125,401.75,392.0,396.04998779296875,356.5040588378906,2734988
2019-08-20,397.3500061035156,397.8999938964844,393.25,395.3500061035156,355.87396240234375,1285694
2019-08-21,393.0,396.8999938964844,391.5,393.6000061035156,354.2987060546875,775279
2019-08-22,393.0,394.29998779296875,389.5,391.6000061035156,352.49835205078125,1200418
2019-08-23,390.0,392.0,377.6499938964844,380.04998779296875,342.1015930175781,3743198
2019-08-26,382.0,384.25,372.04998779296875,376.95001220703125,339.3111572265625,3980718
2019-08-27,380.0,389.79998779296875,378.0,385.8999938964844,347.36749267578125,2762744
2019-08-28,386.25,392.95001220703125,382.70001220703125,390.95001220703125,351.9133605957031,1411348
2019-08-29,390.3500061035156,391.54998779296875,384.20001220703125,388.79998779296875,349.97796630859375,1643520
2019-08-30,390.0,393.6000061035156,388.20001220703125,391.1000061035156,352.04827880859375,1669135
2019-09-03,391.5,391.5,385.0,385.8999938964844,347.36749267578125,1243784
2019-09-04,386.1000061035156,390.8999938964844,376.8999938964844,384.1499938964844,345.79229736328125,2673544
2019-09-05,385.04998779296875,386.0,381.6499938964844,384.8999938964844,346.4674072265625,2421019
2019-09-06,386.0,387.8999938964844,381.0,382.5,344.3070068359375,1232781
2019-09-09,380.25,387.8500061035156,380.25,387.04998779296875,348.40264892578125,1733094
2019-09-11,387.1000061035156,390.5,385.1000061035156,386.79998779296875,348.1776428222656,1345221
2019-09-12,387.0,388.3500061035156,384.04998779296875,385.75,347.23248291015625,739180
2019-09-13,385.25,385.29998779296875,378.54998779296875,382.25,344.08197021484375,1394423
2019-09-16,380.75,385.29998779296875,378.54998779296875,380.8999938964844,342.8668212890625,1315847
2019-09-17,379.5,381.45001220703125,376.0,380.04998779296875,342.1015930175781,2649795
2019-09-18,380.79998779296875,381.0,375.29998779296875,379.95001220703125,342.0116271972656,1568749
2019-09-19,380.79998779296875,382.5,378.3999938964844,380.0,342.0566711425781,1261647
2019-09-20,381.8500061035156,391.0,377.29998779296875,380.20001220703125,342.23663330078125,2409479
2019-09-23,380.20001220703125,389.0,369.0,386.3999938964844,347.8175964355469,3024471
2019-09-24,387.0,399.0,384.1499938964844,396.45001220703125,356.8641052246094,2698045
2019-09-25,397.8999938964844,404.0,384.1000061035156,392.0,352.8584289550781,3164971
2019-09-26,389.0,391.8500061035156,383.6000061035156,388.1000061035156,349.34783935546875,1889683
2019-09-27,388.1000061035156,392.45001220703125,385.0,391.04998779296875,352.0032653808594,1594589
2019-09-30,390.70001220703125,395.8500061035156,388.0,394.25,354.8838195800781,1891389
2019-10-01,394.0,397.8999938964844,379.5,387.79998779296875,349.0777587890625,2555372
2019-10-03,386.3999938964844,390.0,380.29998779296875,384.0,345.65728759765625,1999508
2019-10-04,384.6000061035156,385.1000061035156,376.79998779296875,378.79998779296875,340.9764404296875,1796297
2019-10-07,378.79998779296875,381.5,375.0,379.25,341.38153076171875,647438
2019-10-09,379.0,385.04998779296875,378.0,383.6000061035156,345.29718017578125,1453314
2019-10-10,382.95001220703125,388.3500061035156,380.8999938964844,384.5,346.1072998046875,1235106
2019-10-11,385.70001220703125,387.75,381.04998779296875,383.45001220703125,345.16217041015625,1273100
2019-10-14,384.54998779296875,389.0,382.54998779296875,384.95001220703125,346.51239013671875,1873572
2019-10-15,385.5,385.54998779296875,379.0,382.95001220703125,344.71209716796875,1562818
2019-10-16,383.3999938964844,385.0,377.54998779296875,380.45001220703125,342.461669921875,1259137
2019-10-17,380.04998779296875,389.8999938964844,378.79998779296875,387.54998779296875,348.852783203125,1438251
2019-10-18,387.75,392.8999938964844,385.5,391.8500061035156,352.7234191894531,1563849
2019-10-22,392.95001220703125,400.8999938964844,392.1499938964844,395.1000061035156,355.6488952636719,2136931
2019-10-23,395.3500061035156,395.95001220703125,389.75,393.75,354.4337463378906,1445027
2019-10-24,395.79998779296875,398.75,387.1499938964844,394.45001220703125,355.06378173828125,1746043
2019-10-25,395.3999938964844,396.0,386.0,393.79998779296875,354.4787292480469,2173362
2019-10-27,389.8999938964844,394.6000061035156,383.70001220703125,391.1000061035156,352.04827880859375,559133
2019-10-29,389.1000061035156,389.1000061035156,362.25,366.6000061035156,329.99462890625,8461743
2019-10-30,372.0,372.0,366.6000061035156,370.95001220703125,333.91033935546875,1766694
2019-10-31,372.0,374.25,364.6499938964844,365.8500061035156,329.3195495605469,4309485
2019-11-01,367.1000061035156,373.8999938964844,367.1000061035156,370.3999938964844,333.4151916503906,2034159
2019-11-04,371.0,371.45001220703125,363.54998779296875,365.6000061035156,331.55609130859375,1641703
2019-11-05,365.6000061035156,367.0,360.5,366.3999938964844,332.2816162109375,2459875
2019-11-06,368.0,368.5,360.8999938964844,367.79998779296875,333.55120849609375,1293956
2019-11-07,369.0,370.75,365.29998779296875,369.79998779296875,335.364990234375,3761245
2019-11-08,370.0,372.45001220703125,366.8500061035156,370.6000061035156,336.0904846191406,1334062
2019-11-11,370.8999938964844,375.0,366.95001220703125,371.29998779296875,336.7253112792969,1330587
2019-11-13,371.29998779296875,374.3500061035156,363.8500061035156,366.45001220703125,332.3270263671875,2924211
2019-11-14,365.5,365.5,354.0,356.54998779296875,323.3487854003906,3738810
2019-11-15,357.45001220703125,357.5,353.1000061035156,356.3500061035156,323.1674499511719,2293732
2019-11-18,357.25,357.25,352.04998779296875,355.29998779296875,322.2151794433594,1243758
2019-11-19,356.25,360.29998779296875,353.20001220703125,357.25,323.9836730957031,1446730
2019-11-20,358.0,361.29998779296875,355.0,355.3500061035156,322.2605895996094,1258477
2019-11-21,356.8999938964844,359.25,353.04998779296875,356.8500061035156,323.62091064453125,1219942
2019-11-22,355.20001220703125,359.0,353.70001220703125,357.79998779296875,324.4824523925781,813957
2019-11-25,356.20001220703125,361.5,356.20001220703125,358.3500061035156,324.9812316894531,984989
2019-11-26,358.5,358.95001220703125,348.29998779296875,350.3500061035156,317.72613525390625,4920150
2019-11-27,352.5,358.5,351.04998779296875,357.6000061035156,324.3010559082031,988073
2019-11-28,358.0,361.8999938964844,355.20001220703125,361.1499938964844,327.52044677734375,828082
2019-11-29,358.20001220703125,361.75,355.0,359.8999938964844,326.38690185546875,1064035
2019-12-02,359.75,359.75,351.1000061035156,353.8500061035156,320.9002685546875,1420769
2019-12-03,353.0,353.1499938964844,345.5,348.29998779296875,315.8670654296875,1878740
2019-12-04,346.04998779296875,352.79998779296875,346.04998779296875,352.0,319.2225036621094,917241
2019-12-05,351.0,354.0,347.1000061035156,348.0,315.5950012207031,1508053
2019-12-06,348.5,349.75,338.8500061035156,341.1000061035156,309.33746337890625,2886217
2019-12-09,341.8999938964844,342.79998779296875,339.45001220703125,340.75,309.02008056640625,1462923
2019-12-10,339.95001220703125,340.95001220703125,335.5,339.75,308.11328125,1408245
2019-12-11,340.0,341.45001220703125,331.20001220703125,333.3500061035156,302.3092041015625,1489874
2019-12-12,335.0,335.54998779296875,330.5,331.1000061035156,300.2686462402344,1592030
2019-12-13,331.8999938964844,335.0,330.6499938964844,334.1000061035156,302.98931884765625,1914038
2019-12-16,335.0,337.0,328.5,329.6499938964844,298.95367431640625,1534303
2019-12-17,330.8999938964844,332.1499938964844,327.6000061035156,329.54998779296875,298.863037109375,1726476
2019-12-18,331.20001220703125,339.8500061035156,330.0,338.79998779296875,307.251708984375,2671082
2019-12-19,339.0,340.5,332.6499938964844,334.6000061035156,303.44281005859375,2345882
2019-12-20,334.79998779296875,338.75,331.54998779296875,337.5,306.07275390625,2031957
2019-12-23,338.0,340.20001220703125,334.3500061035156,336.6000061035156,305.2565002441406,1944051
2019-12-24,337.5,337.79998779296875,332.3999938964844,333.6000061035156,302.5358581542969,1463500
2019-12-26,334.8999938964844,340.3500061035156,334.29998779296875,339.25,307.6597900390625,3375398
2019-12-27,340.0,342.45001220703125,339.0,340.79998779296875,309.0653991699219,3938598
2019-12-30,340.79998779296875,343.1499938964844,339.25,342.6499938964844,310.7431945800781,1351567
2019-12-31,341.6499938964844,343.79998779296875,340.5,341.6000061035156,309.7908935546875,1123389
2020-01-01,341.8500061035156,346.8500061035156,341.0,345.75,313.5545349121094,1119565
2020-01-02,345.75,347.3999938964844,336.1000061035156,337.20001220703125,305.80072021484375,2592967
2020-01-03,335.6000061035156,336.8500061035156,331.3999938964844,334.6000061035156,303.44281005859375,2007575
2020-01-06,334.0,336.0,330.54998779296875,331.75,300.858154296875,1812816
2020-01-07,331.1000061035156,336.1000061035156,331.1000061035156,332.6499938964844,301.6743469238281,1434983
2020-01-08,332.0,334.6000061035156,329.29998779296875,333.5,302.4451599121094,954815
2020-01-09,334.79998779296875,336.95001220703125,332.29998779296875,333.1000061035156,302.0823974609375,1728574
2020-01-10,334.3999938964844,339.20001220703125,333.54998779296875,338.1000061035156,306.6168518066406,1879696
2020-01-13,339.0,345.0,338.3999938964844,343.45001220703125,311.46875,2539404
2020-01-14,345.0,345.54998779296875,342.1499938964844,344.6000061035156,312.5116271972656,1694366
2020-01-15,345.0,346.5,342.1499938964844,345.5,313.3277893066406,1239513
2020-01-16,346.5,350.70001220703125,345.1000061035156,349.1499938964844,316.637939453125,1173218
2020-01-17,349.0,353.95001220703125,348.1000061035156,349.70001220703125,317.1367492675781,1641242
2020-01-20,349.70001220703125,352.0,344.1499938964844,346.1000061035156,313.8719787597656,985024
2020-01-21,344.0,345.0,336.0,336.75,305.392578125,1786886
2020-01-22,337.70001220703125,337.8999938964844,332.29998779296875,334.6499938964844,303.4880676269531,915121
2020-01-23,334.70001220703125,335.79998779296875,332.0,333.29998779296875,302.2637939453125,1760568
2020-01-24,332.8500061035156,341.3999938964844,332.8500061035156,340.54998779296875,308.8387145996094,1786647
2020-01-27,340.54998779296875,343.75,336.8999938964844,338.3999938964844,306.8889465332031,1145922
2020-01-28,338.95001220703125,340.54998779296875,333.79998779296875,335.1000061035156,303.8962097167969,1064496
2020-01-29,336.1499938964844,347.3500061035156,336.04998779296875,344.75,312.6476135253906,2105271
2020-01-30,346.8999938964844,349.70001220703125,335.1000061035156,337.70001220703125,306.2541198730469,2483374
2020-01-31,340.75,341.1499938964844,313.0,315.3500061035156,285.98529052734375,6941813
2020-02-03,305.0,311.25,304.1000061035156,306.6000061035156,278.0500793457031,2920695
2020-02-04,309.0,311.5,304.0,307.25,278.6394958496094,3344060
2020-02-05,309.1000061035156,314.8500061035156,299.20001220703125,311.6000061035156,282.5845031738281,9183894
2020-02-06,311.0,311.8999938964844,303.25,305.95001220703125,280.38507080078125,3174813
2020-02-07,306.29998779296875,315.3500061035156,304.70001220703125,311.70001220703125,285.65460205078125,3502300
2020-02-10,313.6000061035156,313.95001220703125,307.0,308.6499938964844,282.85943603515625,1685622
2020-02-11,309.0,311.3999938964844,304.0,304.8999938964844,279.42279052734375,1827686
2020-02-12,305.6000061035156,310.3999938964844,304.54998779296875,305.6000061035156,280.0643005371094,2739107
2020-02-13,306.20001220703125,307.1000061035156,302.5,303.3999938964844,278.048095703125,1574245
2020-02-14,304.3999938964844,305.3999938964844,300.8999938964844,302.20001220703125,276.9483642578125,2688377
2020-02-17,303.0,303.20001220703125,296.0,296.6000061035156,271.8163146972656,2862510
2020-02-18,298.0,301.0,292.1499938964844,299.75,274.703125,2608197
2020-02-19,302.8500061035156,306.95001220703125,298.25,299.8500061035156,274.79473876953125,2530762
2020-02-20,300.0,307.0,297.0,306.20001220703125,280.6141662597656,3667812
2020-02-24,307.0,308.1000061035156,302.20001220703125,304.25,278.82708740234375,2922212
2020-02-25,304.20001220703125,307.20001220703125,301.3500061035156,305.95001220703125,280.38507080078125,2500345
2020-02-26,306.79998779296875,308.25,299.8999938964844,306.1499938964844,280.5682678222656,3773560
2020-02-27,306.79998779296875,307.8999938964844,302.0,306.3999938964844,280.7973937988281,2162147
2020-02-28,301.79998779296875,303.29998779296875,295.0,298.75,273.7865905761719,4184422
2020-03-02,302.0,311.3999938964844,290.0,291.25,266.9133605957031,4185685
2020-03-03,297.5,298.1000061035156,290.5,296.1000061035156,271.35809326171875,3970650
2020-03-04,298.3500061035156,301.25,292.25,295.04998779296875,270.3958435058594,2578871
2020-03-05,295.45001220703125,300.45001220703125,292.0,293.25,268.7462158203125,1666684
2020-03-06,290.0,290.0,280.5,282.54998779296875,258.9402770996094,4709414
2020-03-09,281.8999938964844,281.8999938964844,262.25,266.04998779296875,243.8190460205078,4922160
2020-03-11,266.04998779296875,276.0,265.20001220703125,269.75,247.20986938476562,3271005
2020-03-12,260.0,263.6000061035156,248.3000030517578,259.8500061035156,238.1371307373047,7679023
2020-03-13,245.85000610351562,272.25,236.0500030517578,260.6499938964844,238.8702392578125,4096738
2020-03-16,250.0,271.54998779296875,246.64999389648438,252.5,232.06903076171875,4370511
2020-03-17,252.5,257.0,245.89999389648438,249.14999389648438,228.9900665283203,3816942
2020-03-18,253.5,253.9499969482422,241.5,248.85000610351562,228.71437072753906,3570030
2020-03-19,245.0,255.25,236.5,248.3000030517578,228.20889282226562,3059285
2020-03-20,250.5500030517578,260.8999938964844,247.8000030517578,255.89999389648438,235.19390869140625,3892194
2020-03-23,238.0,251.14999389648438,234.0,240.1999969482422,220.7642822265625,2700491
2020-03-24,243.0,256.75,240.0,249.3000030517578,229.12794494628906,3671728
2020-03-25,251.8000030517578,262.5,245.5,248.14999389648438,228.0709991455078,3178877
2020-03-26,251.8000030517578,271.0,249.14999389648438,266.8500061035156,245.25791931152344,3089897
2020-03-27,271.0,277.3999938964844,251.25,253.14999389648438,232.66644287109375,3045141
2020-03-30,251.0,262.8500061035156,247.1999969482422,258.70001220703125,237.767333984375,2096882
2020-03-31,265.3999938964844,280.79998779296875,259.29998779296875,274.8500061035156,252.61061096191406,3457799
2020-04-01,277.04998779296875,284.29998779296875,262.0,265.5,244.0171356201172,2864584
2020-04-03,263.0,275.70001220703125,257.0,261.1499938964844,240.01913452148438,3663015
2020-04-07,272.79998779296875,284.95001220703125,265.6000061035156,283.8500061035156,260.8823547363281,4852845
2020-04-08,284.0,305.6499938964844,278.0,289.45001220703125,266.0292663574219,5519393
2020-04-09,296.95001220703125,302.29998779296875,287.79998779296875,296.6000061035156,272.6007080078125,4448630
2020-04-13,296.6000061035156,296.6000061035156,285.5,291.04998779296875,267.499755859375,3570311
2020-04-15,292.0,309.70001220703125,291.04998779296875,303.1499938964844,278.6206970214844,4785567
2020-04-16,299.95001220703125,313.25,296.20001220703125,306.8500061035156,282.0213928222656,6058559
2020-04-17,314.0,314.8999938964844,298.6499938964844,300.1499938964844,275.86346435546875,3122227
2020-04-20,304.04998779296875,307.95001220703125,296.5,300.3500061035156,276.0472717285156,3315004
2020-04-21,300.0,300.8500061035156,293.0,296.04998779296875,272.0951843261719,2306068
2020-04-22,297.0,311.0,293.54998779296875,308.8500061035156,283.8595275878906,2983604
2020-04-23,309.0,315.54998779296875,300.0,301.70001220703125,277.2879943847656,5360217
2020-04-24,300.8999938964844,309.54998779296875,300.0,306.1000061035156,281.3320007324219,3878958
2020-04-27,303.8999938964844,303.8999938964844,295.0,297.1499938964844,273.106201171875,4969776
2020-04-28,300.0,302.0,288.1499938964844,290.1000061035156,266.6266174316406,4632034
2020-04-29,291.0,293.70001220703125,287.0,289.6499938964844,266.21307373046875,2851400
2020-04-30,295.0,295.0,283.1499938964844,287.0,263.77740478515625,4595484
2020-05-04,280.95001220703125,294.54998779296875,277.1000061035156,284.3500061035156,261.3419189453125,7171673
2020-05-05,291.0,301.8999938964844,289.29998779296875,296.70001220703125,272.6925964355469,17067119
2020-05-06,298.8999938964844,305.95001220703125,294.0,303.1000061035156,278.5747375488281,7025189
2020-05-07,299.1000061035156,300.8500061035156,294.1000061035156,298.95001220703125,274.7605285644531,4909366
2020-05-08,302.8999938964844,304.0,298.25,300.25,275.9553527832031,4415728
2020-05-11,301.70001220703125,304.8999938964844,300.25,303.1000061035156,278.5747375488281,2485970
2020-05-12,299.0,304.0,297.54998779296875,299.25,275.0362548828125,1977948
2020-05-13,311.0,311.0,305.25,307.0,282.1591796875,2850231
2020-05-14,305.8999938964844,321.0,304.8500061035156,318.25,292.4988708496094,5750676
2020-05-15,321.0,322.0,310.54998779296875,316.5,290.8904724121094,4430318
2020-05-18,320.0,320.0,304.1000061035156,306.20001220703125,281.4239196777344,3553027
2020-05-19,307.0,314.25,305.1499938964844,312.79998779296875,287.4898376464844,2034947
2020-05-20,313.6499938964844,319.20001220703125,312.0,316.8999938964844,291.2580871582031,2305001
2020-05-21,319.0,320.5,312.8500061035156,316.75,291.1202697753906,2023479
2020-05-22,314.0,317.95001220703125,311.3999938964844,316.75,291.1202697753906,1595445
2020-05-26,317.29998779296875,325.70001220703125,317.29998779296875,321.70001220703125,295.66973876953125,4746694
2020-05-27,322.70001220703125,324.79998779296875,318.5,323.25,297.09429931640625,3061553
2020-05-28,323.25,334.0,322.20001220703125,330.1499938964844,303.4360656738281,3718389
2020-05-29,317.0,349.5,317.0,343.79998779296875,315.9815368652344,6668784
2020-06-01,345.5,352.0,336.70001220703125,338.45001220703125,311.0643615722656,5797008
2020-06-02,338.45001220703125,342.70001220703125,330.0,330.8500061035156,304.079345703125,3038412
2020-06-03,336.0,338.75,330.5,334.8999938964844,307.8016357421875,2690013
2020-06-04,334.5,335.8999938964844,328.5,333.1499938964844,306.1932678222656,2861977
2020-06-05,335.1499938964844,335.70001220703125,325.5,326.3999938964844,299.98944091796875,2897891
2020-06-08,328.5,335.8500061035156,326.1000061035156,332.0,305.13629150390625,3204193
2020-06-09,336.5,342.45001220703125,330.79998779296875,333.8500061035156,306.83660888671875,4422473
2020-06-10,332.1499938964844,337.0,330.0,335.79998779296875,308.6288146972656,2159168
2020-06-11,336.70001220703125,339.45001220703125,329.79998779296875,330.6499938964844,303.8955078125,1400621
2020-06-12,320.0,337.25,315.0,332.79998779296875,305.8716125488281,5303466
2020-06-15,335.1000061035156,340.6000061035156,327.3999938964844,330.3999938964844,303.6658020019531,3105930
2020-06-16,329.04998779296875,337.04998779296875,327.79998779296875,330.20001220703125,303.48199462890625,2568356
2020-06-17,330.0,332.54998779296875,328.5,331.04998779296875,304.26312255859375,991958
2020-06-18,332.3500061035156,334.0,329.1499938964844,332.04998779296875,305.18218994140625,1496700
2020-06-19,335.0,335.0,330.1000061035156,331.8999938964844,305.0443420410156,2713290
2020-06-22,331.6000061035156,335.04998779296875,329.29998779296875,330.54998779296875,303.80364990234375,1778475
2020-06-23,330.0,339.25,330.0,337.3500061035156,310.05340576171875,3583261
2020-06-24,341.04998779296875,343.70001220703125,335.1000061035156,338.75,311.3401184082031,2513834
2020-06-25,338.75,343.70001220703125,337.0,341.6499938964844,314.0054931640625,2113623
2020-06-26,345.0,346.29998779296875,342.0,344.3999938964844,316.532958984375,2263463
2020-06-29,347.5,350.0,344.5,346.0,318.00347900390625,2895849
2020-06-30,347.04998779296875,354.6499938964844,347.0,351.8999938964844,323.4261169433594,5313355
2020-07-01,355.0,356.0,349.79998779296875,351.29998779296875,322.8746337890625,2834726
2020-07-02,353.20001220703125,359.6499938964844,351.3500061035156,357.6499938964844,328.7108459472656,4017803
2020-07-03,355.1000061035156,359.8500061035156,354.29998779296875,358.5,329.49212646484375,2316369
2020-07-06,354.3999938964844,354.3999938964844,342.75,352.1000061035156,323.60992431640625,5867158
2020-07-07,354.3500061035156,356.54998779296875,351.29998779296875,352.3999938964844,323.8856506347656,2600024
2020-07-08,354.20001220703125,354.3999938964844,347.79998779296875,349.3999938964844,321.12835693359375,1919717
2020-07-09,349.3999938964844,351.3999938964844,341.95001220703125,343.04998779296875,315.29217529296875,2407863
2020-07-10,344.29998779296875,350.3999938964844,340.8999938964844,343.6000061035156,315.7977294921875,1867508
2020-07-13,343.04998779296875,348.0,342.1000061035156,347.20001220703125,319.1064147949219,1301823
2020-07-14,347.0,350.75,345.3999938964844,348.6499938964844,320.4391174316406,1563542
2020-07-15,348.75,352.8999938964844,343.45001220703125,344.25,316.39508056640625,1908989
2020-07-16,345.6499938964844,348.20001220703125,338.75,347.04998779296875,318.9685363769531,1561131
2020-07-17,348.6000061035156,356.79998779296875,348.25,355.1000061035156,326.3671569824219,2213714
2020-07-20,355.0,355.0,348.25,352.54998779296875,324.0235290527344,1432549
2020-07-21,353.0,359.6499938964844,351.1499938964844,353.45001220703125,324.8506774902344,3144070
2020-07-22,354.8500061035156,355.29998779296875,349.5,350.8999938964844,322.50701904296875,3102512
2020-07-23,351.04998779296875,354.3999938964844,348.0,349.70001220703125,321.4041442871094,2545022
2020-07-24,352.0,358.75,347.25,357.1000061035156,328.2053527832031,2761933
2020-07-27,359.79998779296875,360.6000061035156,347.3500061035156,350.45001220703125,322.09344482421875,5332659
2020-07-28,355.0,368.8999938964844,355.0,361.95001220703125,332.66290283203125,10442262
2020-07-29,362.8500061035156,366.45001220703125,359.1499938964844,362.1499938964844,332.8467102050781,3449410
2020-07-30,364.1000061035156,366.8999938964844,358.95001220703125,364.5,335.006591796875,2412389
2020-07-31,364.5,368.5,361.25,363.45001220703125,334.0415344238281,2264432
2020-08-03,363.3999938964844,369.75,361.1000061035156,362.8999938964844,333.5360412597656,2399353
2020-08-04,366.1000061035156,369.6000061035156,364.79998779296875,367.8999938964844,338.1314697265625,2771003
2020-08-05,370.0,373.45001220703125,361.6499938964844,363.25,333.85772705078125,3485973
2020-08-06,366.20001220703125,370.0,362.1000061035156,369.45001220703125,339.55609130859375,2417288
2020-08-07,369.0,371.95001220703125,365.5,370.0,340.0615234375,2555271
2020-08-10,370.0,375.79998779296875,367.20001220703125,373.29998779296875,343.0945129394531,2665539
2020-08-11,372.04998779296875,378.3999938964844,369.1000061035156,370.6000061035156,340.61297607421875,3676024
2020-08-12,370.25,372.0,362.25,364.04998779296875,334.5929870605469,3985010
2020-08-13,367.20001220703125,368.75,362.29998779296875,366.1000061035156,336.47711181640625,2575663
2020-08-14,366.79998779296875,369.25,363.8500061035156,366.29998779296875,336.660888671875,2196452
2020-08-17,366.6499938964844,371.25,363.3999938964844,370.0,340.0615234375,1641653
2020-08-18,369.0,375.1499938964844,368.0,373.25,343.048583984375,2351793
2020-08-19,375.0,376.70001220703125,369.29998779296875,373.5,343.2783508300781,2092175
2020-08-20,372.6499938964844,374.0,370.5,373.20001220703125,343.0026550292969,1240880
2020-08-21,374.29998779296875,377.79998779296875,372.29998779296875,376.20001220703125,345.7599182128906,1479807
2020-08-24,378.0,380.70001220703125,370.20001220703125,373.8500061035156,343.5999755859375,2962489
2020-08-25,375.0,376.79998779296875,366.70001220703125,369.20001220703125,339.3263244628906,2616237
2020-08-26,369.79998779296875,372.0,366.6000061035156,370.20001220703125,340.24542236328125,1781351
2020-08-27,371.3999938964844,375.45001220703125,369.54998779296875,374.6499938964844,344.33526611328125,1454666
2020-08-28,374.6499938964844,376.45001220703125,371.8500061035156,374.29998779296875,344.0136413574219,2524902
2020-08-31,374.29998779296875,378.1499938964844,364.1000061035156,368.8999938964844,339.0505676269531,4323447
2020-09-01,368.8999938964844,376.3999938964844,363.45001220703125,373.5,343.2783508300781,3613806
2020-09-02,373.5,381.8999938964844,371.0,378.8999938964844,348.24139404296875,2891078
2020-09-03,376.29998779296875,382.79998779296875,376.29998779296875,379.3500061035156,348.655029296875,2842345
2020-09-04,379.0,379.0,371.70001220703125,373.8500061035156,343.5999755859375,1928172
2020-09-07,373.8999938964844,375.6499938964844,368.3999938964844,370.1000061035156,340.1534729003906,1477924
2020-09-08,370.0,372.3999938964844,365.6000061035156,367.3500061035156,337.62603759765625,2034463
2020-09-09,366.6000061035156,367.25,360.3500061035156,364.0,334.5470275878906,1860049
2020-09-10,365.79998779296875,367.6499938964844,360.20001220703125,363.29998779296875,333.9036560058594,1291497
2020-09-11,362.3500061035156,367.95001220703125,362.29998779296875,366.70001220703125,337.028564453125,1782552
2020-09-14,367.3999938964844,371.70001220703125,365.79998779296875,370.54998779296875,340.5669860839844,1663003
2020-09-15,370.54998779296875,370.54998779296875,363.1499938964844,364.5,335.006591796875,1514121
2020-09-16,365.0,366.3999938964844,362.70001220703125,364.3500061035156,334.8687438964844,1196118
2020-09-17,365.95001220703125,368.75,360.54998779296875,361.6499938964844,332.3871765136719,1816429
2020-09-18,363.6499938964844,364.0,356.45001220703125,362.5,333.1684265136719,2445839
2020-09-21,362.0,363.04998779296875,347.6499938964844,350.29998779296875,321.9555358886719,2064767
2020-09-22,351.45001220703125,352.0,344.0,346.1499938964844,318.1413269042969,2406398
2020-09-23,347.1499938964844,349.95001220703125,337.0,340.29998779296875,312.76470947265625,3326494
2020-09-24,337.75,345.95001220703125,333.0,342.6000061035156,314.87860107421875,3118134
2020-09-25,345.0,361.95001220703125,343.1000061035156,353.5,324.8966369628906,7055891
2020-09-28,354.5,362.8999938964844,353.75,360.6499938964844,331.46807861328125,3064523
2020-09-29,362.0,366.3500061035156,354.75,356.3999938964844,327.56201171875,2172128
2020-09-30,358.3500061035156,364.95001220703125,354.6499938964844,363.0,333.6279602050781,3700443
2020-10-01,363.0,365.1000061035156,359.45001220703125,361.8999938964844,332.6169738769531,2369734
2020-10-05,362.1000061035156,379.25,362.04998779296875,376.8999938964844,346.4031982421875,4331809
2020-10-06,377.79998779296875,379.29998779296875,366.79998779296875,368.79998779296875,338.9586181640625,5268046
2020-10-07,376.0,379.45001220703125,366.6499938964844,369.0,339.1424560546875,6193441
2020-10-08,370.0,374.75,368.75,371.6499938964844,341.5780334472656,2796482
2020-10-09,372.0,378.04998779296875,368.45001220703125,369.3500061035156,339.4641418457031,4043788
2020-10-12,370.95001220703125,372.45001220703125,365.04998779296875,367.04998779296875,337.3502502441406,2637457
2020-10-13,368.45001220703125,373.20001220703125,366.1499938964844,367.3500061035156,337.62603759765625,3233536
2020-10-14,367.25,369.20001220703125,360.6000061035156,361.6000061035156,332.34124755859375,3168646
2020-10-15,363.0,369.1000061035156,360.0,362.8500061035156,333.4901123046875,3067713
2020-10-16,362.20001220703125,364.70001220703125,358.5,362.5,333.1684265136719,2517914
2020-10-19,362.95001220703125,366.6499938964844,362.20001220703125,364.5,335.006591796875,2029318
2020-10-20,365.8999938964844,368.6499938964844,363.1000061035156,367.3500061035156,337.62603759765625,2573493
2020-10-21,369.0,369.25,359.04998779296875,360.3500061035156,331.1923828125,3448266
2020-10-22,362.0,363.0,355.8500061035156,356.70001220703125,327.8377380371094,3346711
2020-10-23,358.5,360.5,356.0,358.6000061035156,329.5839538574219,2752766
2020-10-26,359.20001220703125,361.8500061035156,345.75,349.8500061035156,321.5420227050781,4430418
2020-10-27,350.0,358.29998779296875,350.0,356.5,327.6539001464844,4209038
2020-10-28,353.20001220703125,365.0,349.8500061035156,363.0,333.6279602050781,10855977
2020-10-29,363.0,364.95001220703125,355.5,362.25,332.9386291503906,6146855
2020-10-30,363.45001220703125,366.75,355.0,356.6499938964844,327.791748046875,4031863
2020-11-02,359.8999938964844,368.1000061035156,357.1000061035156,366.8500061035156,337.16644287109375,3509440
2020-11-03,368.0,377.79998779296875,368.0,370.8999938964844,340.8887023925781,5388506
2020-11-04,370.0,374.54998779296875,368.5,371.3999938964844,341.3482971191406,1965778
2020-11-05,372.3999938964844,376.79998779296875,369.0,374.75,347.2319641113281,2496797
2020-11-06,373.95001220703125,382.54998779296875,373.0,380.5,352.55975341796875,4301538
2020-11-09,383.8999938964844,389.75,377.29998779296875,380.45001220703125,352.5134582519531,4008366
2020-11-10,384.29998779296875,385.45001220703125,367.5,369.5,342.3675231933594,4230895
2020-11-11,371.29998779296875,376.6499938964844,364.29998779296875,375.5,347.9268798828125,3268102
2020-11-12,368.29998779296875,376.6499938964844,368.29998779296875,374.29998779296875,346.81500244140625,3167697
2020-11-13,374.0,376.45001220703125,368.1499938964844,369.29998779296875,342.1821594238281,2058840
2020-11-14,372.0,372.5,370.0,370.70001220703125,343.4793701171875,255616
2020-11-17,374.3999938964844,381.0,372.5,379.04998779296875,351.21624755859375,3153244
2020-11-18,379.04998779296875,379.25,370.29998779296875,377.25,349.5484313964844,2807534
2020-11-19,373.0,379.5,365.75,367.3500061035156,340.3753967285156,4171433
2020-11-20,371.70001220703125,376.25,367.79998779296875,374.3999938964844,346.90765380859375,3477598
2020-11-23,374.3999938964844,379.8999938964844,372.1499938964844,378.25,350.4750061035156,2199453
2020-11-24,379.8999938964844,380.0,373.54998779296875,378.04998779296875,350.28961181640625,2117162
2020-11-25,378.8999938964844,379.79998779296875,367.20001220703125,369.29998779296875,342.1821594238281,1752969
2020-11-26,369.95001220703125,376.3500061035156,368.1499938964844,373.95001220703125,346.49072265625,2340679
2020-11-27,375.29998779296875,378.0,361.8999938964844,367.70001220703125,340.69970703125,6419987
2020-12-01,370.95001220703125,375.29998779296875,362.5,373.79998779296875,346.3517150878906,3530432
2020-12-02,373.0,381.6499938964844,372.1000061035156,378.6499938964844,350.8455810546875,3617752
2020-12-03,381.0,392.0,379.29998779296875,389.6499938964844,361.0378723144531,3634050
2020-12-04,392.1000061035156,398.29998779296875,390.79998779296875,395.04998779296875,366.04132080078125,3631106
2020-12-07,395.0,401.8999938964844,391.3999938964844,400.3999938964844,370.99847412109375,2758983
2020-12-08,400.0,405.79998779296875,391.1499938964844,394.04998779296875,365.1147766113281,3223013
2020-12-09,395.0,400.6499938964844,395.0,398.3999938964844,369.1454162597656,1907357
2020-12-10,400.3999938964844,405.45001220703125,394.1499938964844,404.1499938964844,374.47308349609375,3979948
2020-12-11,407.5,416.25,406.20001220703125,414.95001220703125,384.4800720214844,5433657
2020-12-14,417.95001220703125,420.79998779296875,411.79998779296875,414.1000061035156,383.6925048828125,4859693
2020-12-15,414.0,414.0,405.29998779296875,408.5,378.5037536621094,2274426
2020-12-16,412.0,416.8500061035156,411.5,413.1499938964844,382.812255859375,2722563
2020-12-17,413.0,414.8999938964844,409.04998779296875,413.29998779296875,382.9512939453125,1780735
2020-12-18,414.1000061035156,419.0,407.1000061035156,409.29998779296875,379.24493408203125,2272389
2020-12-21,409.0,409.0,389.3500061035156,396.8500061035156,367.70916748046875,2751655
2020-12-22,404.25,404.25,389.04998779296875,398.8999938964844,369.608642578125,2867370
2020-12-23,398.0,408.3500061035156,395.3500061035156,405.3500061035156,375.58502197265625,2317578
2020-12-24,408.0,412.25,399.0,401.29998779296875,371.8323974609375,2539386
2020-12-28,404.3999938964844,408.1499938964844,402.1000061035156,406.79998779296875,376.92852783203125,976824
2020-12-29,406.8999938964844,409.25,402.5,407.3500061035156,377.43817138671875,1250583
2020-12-30,409.0,410.5,401.0,403.45001220703125,373.8245544433594,2148370
2020-12-31,404.0,408.1499938964844,401.70001220703125,402.6499938964844,373.083251953125,1749430
2021-01-01,403.6000061035156,407.29998779296875,401.79998779296875,406.1000061035156,376.2799377441406,1081415
2021-01-04,406.95001220703125,419.3999938964844,406.95001220703125,417.1499938964844,386.5185241699219,3483313
2021-01-05,416.45001220703125,422.6000061035156,410.8999938964844,419.70001220703125,388.8813171386719,3696376
2021-01-06,423.0,424.8999938964844,415.04998779296875,418.6499938964844,387.908447265625,3156306
2021-01-07,420.5,423.3500061035156,417.0,417.79998779296875,387.12078857421875,1588219
2021-01-08,418.79998779296875,425.79998779296875,418.79998779296875,424.70001220703125,393.5141906738281,2514098
2021-01-11,427.0,432.5,424.79998779296875,430.3500061035156,398.749267578125,3179547
2021-01-12,431.95001220703125,431.95001220703125,421.95001220703125,423.04998779296875,391.98529052734375,1821912
2021-01-13,425.0,426.8999938964844,415.1000061035156,418.29998779296875,387.5841064453125,1974208
2021-01-14,420.29998779296875,422.6000061035156,415.8999938964844,418.95001220703125,388.1864013671875,2541779
2021-01-15,421.6000061035156,421.6000061035156,413.1499938964844,416.95001220703125,386.333251953125,2888933
2021-01-18,416.8999938964844,418.3999938964844,405.1000061035156,411.04998779296875,380.866455078125,2074676
2021-01-19,413.1000061035156,418.5,411.25,417.1499938964844,386.5185241699219,2213374
2021-01-20,417.20001220703125,422.1499938964844,413.04998779296875,416.8500061035156,386.2405700683594,1613007
2021-01-21,419.0,424.20001220703125,414.25,416.54998779296875,385.9626159667969,1647176
2021-01-22,416.0,422.45001220703125,413.1000061035156,418.75,388.00103759765625,1835701
2021-01-25,420.0,424.0,407.1000061035156,410.1499938964844,380.0325012207031,3025651
2021-01-27,412.0,417.6000061035156,402.25,412.45001220703125,382.1636657714844,4684117
2021-01-28,410.75,415.54998779296875,403.25,411.45001220703125,381.2370910644531,3473853
2021-01-29,416.0,421.5,413.6000061035156,415.6000061035156,385.08233642578125,5304926
2021-02-01,416.8999938964844,420.54998779296875,414.25,416.95001220703125,386.333251953125,2926362
2021-02-02,419.0,430.45001220703125,418.75,423.70001220703125,392.58758544921875,3204628
2021-02-03,424.79998779296875,426.75,413.79998779296875,415.70001220703125,385.1750183105469,2372737
2021-02-04,415.75,418.3999938964844,412.54998779296875,414.0,383.5998229980469,1578268
2021-02-05,415.3500061035156,416.8999938964844,406.0,408.20001220703125,378.2257995605469,1683298
2021-02-08,410.20001220703125,413.95001220703125,408.5,411.25,381.0517578125,1605165
2021-02-09,413.5,419.0,411.75,412.8500061035156,382.5343017578125,1596161
2021-02-10,414.0,416.79998779296875,408.3999938964844,410.8500061035156,380.68115234375,1825990
2021-02-11,412.3999938964844,418.3500061035156,407.8500061035156,416.6000061035156,386.0089416503906,1851525
2021-02-12,417.0,417.1499938964844,410.0,411.6499938964844,381.42242431640625,1406466
2021-02-15,415.0,417.45001220703125,409.45001220703125,410.5,380.3568420410156,1208693
2021-02-16,412.75,413.25,405.70001220703125,409.25,379.1986389160156,1358750
2021-02-17,408.3999938964844,418.0,407.5,416.29998779296875,385.7309875488281,2123650
2021-02-18,420.0,421.0,415.29998779296875,417.3999938964844,386.750244140625,2569355
2021-02-19,418.79998779296875,427.8999938964844,417.0,424.8500061035156,393.65313720703125,4620093
2021-02-22,428.3500061035156,433.95001220703125,415.6000061035156,420.8999938964844,389.9931945800781,5212684
2021-02-23,422.1499938964844,425.0,417.1000061035156,422.1000061035156,391.10504150390625,2224637
2021-02-24,422.1000061035156,426.5,415.1499938964844,424.3999938964844,393.2361145019531,1032212
2021-02-25,422.0,428.75,406.1000061035156,409.79998779296875,379.708251953125,6334193
2021-02-26,408.0,412.75,390.70001220703125,397.54998779296875,368.3577575683594,4933943
2021-03-01,400.8999938964844,402.70001220703125,396.04998779296875,401.79998779296875,372.2956848144531,1971538
2021-03-02,402.0,408.04998779296875,401.0,406.70001220703125,376.8359069824219,2414479
2021-03-03,408.0,410.5,405.29998779296875,409.04998779296875,379.0133056640625,3291643
2021-03-04,408.0,412.0,403.70001220703125,407.0,377.1138610839844,2464082
2021-03-05,405.0,407.0,400.0,401.54998779296875,372.0640869140625,1717183
2021-03-08,403.95001220703125,404.6499938964844,400.0,400.45001220703125,371.0448303222656,1368015
2021-03-09,400.45001220703125,403.54998779296875,399.04998779296875,401.29998779296875,371.8323974609375,1546208
2021-03-10,400.20001220703125,402.54998779296875,398.1000061035156,399.25,374.12823486328125,1673234
2021-03-12,399.25,401.0,392.3999938964844,393.8999938964844,369.11492919921875,2170868
2021-03-15,394.0,396.8999938964844,389.3500061035156,392.3500061035156,367.6624450683594,1359623
2021-03-16,392.5,396.6000061035156,390.20001220703125,394.8500061035156,370.0050964355469,2210581
2021-03-17,395.1499938964844,396.3999938964844,386.3999938964844,391.54998779296875,366.9126892089844,2364847
2021-03-18,393.0,393.20001220703125,382.79998779296875,385.6000061035156,361.3371276855469,1382602
2021-03-19,384.0,396.20001220703125,379.1000061035156,394.8999938964844,370.052001953125,2834530
2021-03-22,394.8999938964844,402.95001220703125,394.0,401.70001220703125,376.4241027832031,1625660
2021-03-23,401.45001220703125,402.75,399.04998779296875,400.1000061035156,374.9247741699219,947847
2021-03-24,396.5,405.5,396.5,400.70001220703125,375.48699951171875,1872518
2021-03-25,401.8500061035156,403.1000061035156,394.0,398.0,372.95697021484375,2305425
2021-03-26,398.70001220703125,403.79998779296875,396.95001220703125,401.8500061035156,376.5646667480469,1001171
2021-03-30,403.54998779296875,409.95001220703125,403.1000061035156,408.20001220703125,382.51513671875,1467822
2021-03-31,410.6499938964844,412.45001220703125,406.95001220703125,411.29998779296875,385.4200439453125,1052705
2021-04-01,411.29998779296875,411.6000061035156,406.20001220703125,407.25,381.6248779296875,645008
2021-04-05,411.25,417.0,399.0,402.45001220703125,377.1269226074219,2105709
2021-04-06,402.8500061035156,405.54998779296875,399.20001220703125,403.0,377.6423034667969,1032326
2021-04-07,402.95001220703125,413.5,401.8999938964844,408.0,382.3276672363281,1687852
2021-04-08,408.04998779296875,415.6000061035156,408.0,414.6499938964844,388.5592041015625,1917274
2021-04-09,417.0,421.79998779296875,416.0,420.6000061035156,394.1348571777344,1583730
2021-04-12,415.0,419.95001220703125,406.0,407.3999938964844,381.76544189453125,1469250
2021-04-13,407.0,424.0,407.0,421.29998779296875,394.790771484375,2833579
2021-04-15,421.6000061035156,425.20001220703125,417.20001220703125,423.29998779296875,396.66497802734375,1234047
2021-04-16,426.70001220703125,427.6000061035156,422.5,423.95001220703125,397.2740478515625,1321942
2021-04-19,423.95001220703125,423.95001220703125,414.45001220703125,419.8999938964844,393.4788818359375,1170059
2021-04-20,425.29998779296875,425.29998779296875,407.45001220703125,410.20001220703125,384.3892822265625,1881478
2021-04-22,411.0,417.3999938964844,410.04998779296875,411.3500061035156,385.4668884277344,1732046
2021-04-23,411.3500061035156,415.0,409.20001220703125,411.6000061035156,385.701171875,974146
2021-04-26,413.1000061035156,414.25,404.6499938964844,406.3500061035156,380.781494140625,780607
2021-04-27,406.0,409.8999938964844,402.54998779296875,407.3500061035156,381.71856689453125,1357138
2021-04-28,410.1000061035156,414.0,408.29998779296875,411.3999938964844,385.51373291015625,1013196
2021-04-29,413.8999938964844,414.45001220703125,407.5,409.8500061035156,384.06121826171875,717046
2021-04-30,409.8500061035156,422.20001220703125,401.70001220703125,411.45001220703125,385.56060791015625,6159980
2021-05-03,420.04998779296875,454.0,416.1000061035156,445.1499938964844,417.1401062011719,21636785
2021-05-04,453.0,464.0,444.0,460.75,431.7585144042969,7944787
2021-05-05,466.0,467.6499938964844,451.6499938964844,455.29998779296875,426.65142822265625,4410455
2021-05-06,457.6000061035156,477.3999938964844,455.70001220703125,475.75,445.8146667480469,6815727
2021-05-07,477.0,478.6000061035156,468.3500061035156,473.8500061035156,444.03424072265625,2909662
2021-05-10,473.0,474.3500061035156,468.0,470.75,441.1293029785156,1423765
2021-05-11,471.29998779296875,487.6000061035156,465.0,479.6000061035156,449.4224548339844,5488935
2021-05-12,480.95001220703125,484.5,466.1000061035156,468.79998779296875,439.3019714355469,2360087
2021-05-14,474.0,479.20001220703125,467.5,474.54998779296875,444.6901550292969,2137786
2021-05-17,474.54998779296875,478.5,468.6000061035156,474.25,444.4090270996094,1481703
2021-05-18,478.70001220703125,480.75,468.70001220703125,472.54998779296875,442.8160400390625,2531987
2021-05-19,472.54998779296875,475.54998779296875,466.0,473.54998779296875,443.7530822753906,3179272
2021-05-20,475.0,475.95001220703125,468.1000061035156,469.04998779296875,439.5362548828125,1356821
2021-05-21,469.70001220703125,470.29998779296875,457.6000061035156,459.70001220703125,430.77459716796875,2488470
2021-05-24,461.8999938964844,463.3500061035156,456.70001220703125,460.1000061035156,431.1493835449219,834420
2021-05-25,462.0,467.29998779296875,460.0,463.45001220703125,434.2886657714844,2097702
2021-05-26,465.3999938964844,467.5,458.0,459.1499938964844,430.25921630859375,1086797
2021-05-27,462.3999938964844,476.0,461.75,473.1499938964844,443.3782653808594,6639465
2021-05-28,475.0,477.70001220703125,468.29998779296875,471.04998779296875,441.4104309082031,1134083
2021-05-31,473.8999938964844,480.0,471.1499938964844,475.20001220703125,445.29925537109375,2255039
2021-06-01,475.5,483.3500061035156,474.0,480.70001220703125,450.4532775878906,1307085
2021-06-02,481.3999938964844,493.0,481.3999938964844,491.0,460.1051025390625,3186171
2021-06-03,493.95001220703125,498.6000061035156,491.0,496.45001220703125,465.21221923828125,2689526
2021-06-04,494.0,495.5,485.0,486.8999938964844,456.26312255859375,2176435
2021-06-07,487.0,491.3500061035156,482.29998779296875,489.29998779296875,458.5120849609375,2108524
2021-06-08,491.04998779296875,492.0,486.6000061035156,488.1000061035156,457.3875732421875,817978
2021-06-09,488.0,494.29998779296875,484.95001220703125,487.29998779296875,456.6379089355469,1118288
2021-06-10,490.95001220703125,497.29998779296875,487.29998779296875,495.54998779296875,464.3687744140625,1705760
2021-06-11,495.54998779296875,495.6499938964844,488.29998779296875,492.25,461.2764587402344,731886
2021-06-14,494.75,495.95001220703125,486.6000061035156,494.79998779296875,463.666015625,864570
2021-06-15,495.0,511.54998779296875,494.79998779296875,506.1499938964844,474.3018493652344,4334086
2021-06-16,506.1000061035156,511.70001220703125,499.20001220703125,505.95001220703125,474.11444091796875,1545379
2021-06-17,509.54998779296875,522.0,506.0,518.2999877929688,485.68731689453125,5678797
2021-06-18,518.2999877929688,524.9000244140625,509.3999938964844,521.1500244140625,488.3580322265625,3128347
2021-06-21,514.0999755859375,527.25,514.0999755859375,520.0,487.28033447265625,1522019
2021-06-22,522.0,524.8499755859375,514.5499877929688,515.8499755859375,483.3914794921875,1192946
2021-06-23,516.0,519.5,513.6500244140625,515.5,483.0635681152344,1042655
2021-06-24,516.3499755859375,519.0,512.4500122070312,516.75,484.2348937988281,1033753
2021-06-25,516.0,516.2999877929688,509.8500061035156,511.6499938964844,479.45574951171875,883218
2021-06-28,512.7999877929688,513.5,506.25,509.54998779296875,477.4879455566406,1081689
2021-06-29,511.0,543.4500122070312,511.0,537.7000122070312,503.8666076660156,8975819
2021-06-30,543.0,543.7999877929688,527.6500244140625,530.7999877929688,497.40081787109375,5003080
2021-07-01,532.0,540.0,530.25,534.9000244140625,501.24285888671875,2035996
2021-07-02,534.9000244140625,539.5999755859375,517.6500244140625,519.8499755859375,487.13983154296875,3742090
2021-07-05,526.0,531.9500122070312,519.0,530.5499877929688,497.16656494140625,2351288
2021-07-06,530.0,531.5999755859375,523.5999755859375,526.2999877929688,493.18389892578125,1240787
2021-07-07,528.5,534.0,524.0,532.4500122070312,498.9471130371094,1893166
2021-07-08,534.0,538.5,525.5,527.1500244140625,493.9804992675781,1983623
2021-07-09,528.4500122070312,537.0,528.4500122070312,531.9500122070312,498.4784851074219,2370592
2021-07-12,534.0499877929688,537.25,530.5999755859375,531.6500244140625,498.1973571777344,1067055
2021-07-13,533.0,539.4000244140625,528.2999877929688,531.3499755859375,497.9161682128906,2471182
2021-07-14,532.0,535.2999877929688,528.4500122070312,532.0499877929688,498.5721435546875,1388764
2021-07-15,539.0,549.5999755859375,530.5999755859375,534.2999877929688,500.6805725097656,4990394
2021-07-16,537.0999755859375,537.0999755859375,522.2999877929688,524.7000122070312,491.6846618652344,1582351
2021-07-19,521.9500122070312,531.0,521.0499877929688,526.0,492.90283203125,1531013
2021-07-20,528.4000244140625,533.6500244140625,525.8499755859375,529.9000244140625,496.5574645996094,1730588
2021-07-22,534.9500122070312,537.7000122070312,525.0499877929688,529.2000122070312,495.90155029296875,2323717
2021-07-23,532.0,537.3499755859375,528.2000122070312,533.9500122070312,500.3525085449219,1435904
2021-07-26,533.9000244140625,540.7999877929688,532.0999755859375,537.0,503.21075439453125,1573841
2021-07-27,537.9000244140625,540.3499755859375,531.5,535.2000122070312,501.5239562988281,968098
2021-07-28,537.8499755859375,538.7000122070312,528.2999877929688,530.1500244140625,496.7917175292969,1308260
2021-07-29,532.9000244140625,534.0,527.0,527.8499755859375,494.6363830566406,654581
2021-07-30,532.0,553.2000122070312,527.8499755859375,546.7000122070312,512.30029296875,7140990
2021-08-02,550.0,552.1500244140625,532.75,535.5,501.8050842285156,2473871
2021-08-03,540.0,545.2999877929688,536.0,543.9000244140625,509.6765441894531,2963445
2021-08-04,546.0,548.25,535.0,536.25,502.5079040527344,2297439
2021-08-05,539.0,539.25,530.0499877929688,531.9000244140625,498.4316711425781,2170594
2021-08-06,532.0,534.0,522.5,524.3499755859375,491.3566589355469,3116628
2021-08-09,536.8499755859375,538.0,521.9500122070312,526.2000122070312,493.09033203125,2705676
2021-08-10,528.75,528.75,516.4500122070312,520.5999755859375,487.84259033203125,1630597
2021-08-11,523.0,526.25,513.5999755859375,516.5999755859375,484.09429931640625,2133644
2021-08-12,518.0,522.5499877929688,514.3499755859375,515.9500122070312,483.4852294921875,1741264
2021-08-13,520.7999877929688,523.9500122070312,513.1500244140625,515.2999877929688,482.8761291503906,2564318
2021-08-16,514.6500244140625,520.5499877929688,512.0,515.3499755859375,482.92291259765625,619675
2021-08-17,514.4500122070312,522.9000244140625,514.4500122070312,520.5999755859375,487.84259033203125,2494715
2021-08-18,523.0,527.6500244140625,520.25,523.7000122070312,490.74761962890625,1491558
2021-08-20,523.7000122070312,543.7000122070312,517.8499755859375,537.9000244140625,504.05413818359375,5237598
2021-08-23,540.0,541.5,527.25,528.4000244140625,495.1518249511719,4464213
2021-08-24,530.0,532.5999755859375,519.0,521.7000122070312,488.8734130859375,2002611
2021-08-25,524.0,525.5999755859375,511.0,512.3499755859375,480.1116638183594,3339928
2021-08-26,514.0,528.7000122070312,513.5,522.0999755859375,489.24822998046875,5109949
2021-08-27,524.7999877929688,527.8499755859375,520.5,524.9500122070312,491.91888427734375,2552792
2021-08-30,527.5499877929688,533.25,524.1500244140625,525.0499877929688,492.0126647949219,1875825
2021-08-31,525.5,546.9500122070312,525.0499877929688,544.4500122070312,510.19189453125,5014916
2021-09-01,549.3499755859375,549.3499755859375,541.0,547.2999877929688,512.862548828125,3113020
2021-09-02,548.75,572.0,548.25,562.6500244140625,527.2467651367188,6119217
2021-09-03,563.9500122070312,567.75,558.25,560.7999877929688,525.51318359375,2426876
2021-09-06,561.7999877929688,564.7999877929688,554.0,554.75,519.8438110351562,1230310
2021-09-07,558.8499755859375,567.0,554.0999755859375,556.7000122070312,521.6710815429688,3047365
2021-09-08,559.5999755859375,562.75,550.8499755859375,560.9500122070312,525.6536865234375,2092387
2021-09-09,558.5,575.9000244140625,558.5,575.0,538.8196411132812,4180525
2021-09-13,581.0,587.3499755859375,570.3499755859375,575.5999755859375,539.3818969726562,5331731
2021-09-14,575.0,582.0999755859375,555.9000244140625,558.2999877929688,523.1704711914062,5993393
2021-09-15,560.4000244140625,563.6500244140625,556.0999755859375,562.1500244140625,526.7781982421875,2376317
2021-09-16,566.0,571.4500122070312,561.8499755859375,562.7000122070312,527.2936401367188,2340371
2021-09-17,565.0,565.0,552.75,560.0999755859375,524.8571166992188,2062930
2021-09-20,559.0,572.0,556.0,567.4500122070312,531.74462890625,3866691
2021-09-21,568.9500122070312,570.0,556.9500122070312,560.7000122070312,525.4194946289062,2368098
2021-09-22,560.7000122070312,567.7000122070312,560.7000122070312,565.2000122070312,529.6363525390625,1763460
2021-09-23,570.0,573.0999755859375,562.8499755859375,566.7999877929688,531.1356201171875,2581525
2021-09-24,569.4500122070312,570.0,556.5499877929688,557.3499755859375,522.2802124023438,2833374
2021-09-27,559.7999877929688,561.0,545.2999877929688,547.5,513.0501098632812,1578144
2021-09-28,550.3499755859375,553.9000244140625,545.7000122070312,550.9500122070312,516.282958984375,2541724
2021-09-29,557.0,559.2000122070312,547.25,553.4500122070312,518.6255493164062,2090106
2021-09-30,555.0,556.3499755859375,544.0,547.5,513.0501098632812,1383265
2021-10-01,545.0,552.75,541.0499877929688,549.5499877929688,514.9710693359375,1219031
2021-10-04,554.1500244140625,555.3499755859375,545.2999877929688,554.0499877929688,519.1879272460938,2114180
2021-10-05,555.0,559.75,554.2000122070312,557.9500122070312,522.8424072265625,1939884
2021-10-06,564.0499877929688,590.0,560.5,564.2999877929688,528.79296875,8610209
2021-10-07,571.9500122070312,571.9500122070312,560.2000122070312,561.25,525.934814453125,1449440
2021-10-08,560.7999877929688,565.0,558.4000244140625,563.7999877929688,528.3242797851562,1050211
2021-10-11,565.7999877929688,573.0,561.5999755859375,570.3499755859375,534.4622802734375,1424481
2021-10-12,570.3499755859375,587.0,570.3499755859375,584.3499755859375,547.581298828125,4367841
2021-10-13,589.9000244140625,591.9500122070312,578.3499755859375,583.9500122070312,547.2063598632812,1958852
2021-10-14,588.3499755859375,591.2000122070312,578.0999755859375,579.2999877929688,542.84912109375,1015225
2021-10-18,606.9000244140625,607.7000122070312,575.5499877929688,579.25,542.80224609375,1971607
2021-10-19,580.5,589.7000122070312,572.8499755859375,574.2999877929688,538.1636962890625,1964659
2021-10-20,575.9500122070312,577.5,558.4500122070312,560.8499755859375,525.5599975585938,1227089
2021-10-21,565.7000122070312,568.3499755859375,553.75,565.2999877929688,529.72998046875,2154819
2021-10-22,564.9500122070312,566.0499877929688,557.0999755859375,562.75,527.3404541015625,1046820
2021-10-25,564.5,565.4000244140625,548.6500244140625,555.9500122070312,520.9683227539062,2156915
2021-10-26,555.25,565.0,551.0499877929688,563.25,527.8089599609375,1541807
2021-10-27,566.0,581.9000244140625,565.5,575.4500122070312,539.2413330078125,2189903
2021-10-28,576.7999877929688,581.25,558.3499755859375,564.3499755859375,528.8397216796875,2768013
2021-10-29,566.3499755859375,572.4000244140625,553.0,568.4500122070312,532.681884765625,1739744
2021-11-01,571.0,577.4000244140625,567.5,574.75,538.5853271484375,1130666
2021-11-02,571.5,573.9500122070312,565.0,565.7999877929688,530.198486328125,1790411
2021-11-03,570.0,570.2000122070312,550.5999755859375,555.0,520.0780639648438,2635942
2021-11-04,560.9500122070312,560.9500122070312,556.25,557.8499755859375,522.748779296875,119471
2021-11-08,559.9000244140625,562.5499877929688,547.5499877929688,561.7999877929688,529.296630859375,914345
2021-11-09,561.5999755859375,568.5499877929688,553.6500244140625,564.25,531.60498046875,1498615
2021-11-10,565.0,565.0,550.0,556.0,523.8322143554688,2948154
2021-11-11,556.0,557.0,547.0499877929688,548.2000122070312,516.4835815429688,1656199
2021-11-12,552.3499755859375,552.3499755859375,544.4000244140625,546.7999877929688,515.1644897460938,1257824
2021-11-15,550.7999877929688,554.8499755859375,545.2999877929688,553.2999877929688,521.2884521484375,936384
2021-11-16,556.0499877929688,559.5,549.0499877929688,552.9000244140625,520.9114990234375,1128877
2021-11-17,552.7000122070312,555.0,549.25,551.75,519.828125,892311
2021-11-18,551.6500244140625,551.6500244140625,536.6500244140625,541.7999877929688,510.4537353515625,1977932
2021-11-22,540.5999755859375,541.9500122070312,532.25,539.5,508.28680419921875,1475495
2021-11-23,535.4000244140625,546.0999755859375,534.8499755859375,544.0,512.5264892578125,937667
2021-11-24,546.4000244140625,551.6500244140625,544.1500244140625,547.0499877929688,515.3999633789062,991160
2021-11-25,548.7000122070312,550.0,526.5,549.0,517.2372436523438,1211317
2021-11-26,545.9500122070312,554.0,541.4000244140625,543.5499877929688,512.1024780273438,2061796
2021-11-29,536.0,542.9000244140625,530.1500244140625,534.75,503.8116455078125,1267522
2021-11-30,530.0499877929688,544.0999755859375,530.0499877929688,538.3499755859375,507.203369140625,4760651
2021-12-01,538.0,538.0,523.4500122070312,525.0499877929688,494.6728210449219,3003218
2021-12-02,529.7000122070312,534.9500122070312,520.5,532.8499755859375,502.02154541015625,2366483
2021-12-03,532.7999877929688,538.5,529.4500122070312,531.75,500.9852294921875,942083
2021-12-06,530.0499877929688,533.5,517.25,519.2000122070312,489.16131591796875,779811
2021-12-07,521.9500122070312,527.9500122070312,518.3499755859375,522.5999755859375,492.3645324707031,1117432
2021-12-08,526.0499877929688,531.5,522.5499877929688,529.7999877929688,499.1480712890625,829926
2021-12-09,531.5499877929688,533.25,525.2999877929688,529.6500244140625,499.0067443847656,468492
2021-12-10,529.2999877929688,531.5499877929688,522.2999877929688,526.3499755859375,495.8976135253906,1052815
2021-12-13,525.0499877929688,531.1500244140625,520.0,521.9500122070312,491.7522277832031,941508
2021-12-14,521.0,521.9500122070312,512.25,515.0499877929688,485.25140380859375,1619756
2021-12-15,517.7000122070312,517.7000122070312,510.25,513.2999877929688,483.6026306152344,1205823
2021-12-16,514.0499877929688,515.0,508.3999938964844,509.5,480.0224914550781,560343
2021-12-17,509.3999938964844,509.3999938964844,497.5,500.3500061035156,471.4018859863281,919115
2021-12-20,497.70001220703125,499.29998779296875,488.54998779296875,495.29998779296875,466.6440734863281,939832
2021-12-21,496.5,502.04998779296875,489.5,490.8999938964844,462.4986572265625,1298413
2021-12-22,492.79998779296875,501.0,490.95001220703125,499.8500061035156,470.9307861328125,839522
2021-12-23,501.6000061035156,509.8999938964844,498.1000061035156,508.0,478.60931396484375,1090279
2021-12-24,512.9000244140625,513.0999755859375,504.1000061035156,505.6000061035156,476.34814453125,1426893
2021-12-27,505.6000061035156,507.54998779296875,499.95001220703125,500.8999938964844,471.92010498046875,545832
2021-12-28,500.5,505.54998779296875,495.0,500.75,471.77874755859375,799994
2021-12-29,501.0,507.5,500.45001220703125,502.0,472.9564514160156,505862
2021-12-30,502.0,509.70001220703125,500.04998779296875,507.04998779296875,477.7142639160156,835434
2021-12-31,508.5,516.0,508.0,512.6500244140625,482.99029541015625,914258
2022-01-03,513.5499877929688,518.5,513.5,514.0999755859375,484.3563537597656,502608
2022-01-04,504.5,507.1499938964844,498.0,502.04998779296875,473.0035095214844,2094024
2022-01-05,503.0,503.0,498.0,501.1000061035156,472.10845947265625,856040
2022-01-06,497.5,506.8999938964844,497.1000061035156,502.29998779296875,473.23907470703125,797577
2022-01-07,506.5,506.6000061035156,502.04998779296875,504.25,475.07623291015625,596720
2022-01-10,505.0,507.6000061035156,501.1000061035156,506.04998779296875,476.7721252441406,702161
2022-01-11,506.0,509.45001220703125,503.29998779296875,504.5,475.3117980957031,743570
2022-01-12,508.20001220703125,508.20001220703125,501.29998779296875,504.1000061035156,474.9349060058594,1000008
2022-01-13,504.1000061035156,504.6499938964844,497.6499938964844,500.75,471.77874755859375,1476130
2022-01-14,500.75,501.0,496.04998779296875,499.54998779296875,470.64813232421875,637918
2022-01-17,502.0,503.1000061035156,494.3500061035156,501.04998779296875,472.0613708496094,1183216
2022-01-18,503.0,503.0,488.25,490.54998779296875,462.1688537597656,2047654
2022-01-19,493.0,495.70001220703125,484.1000061035156,494.3999938964844,465.7961120605469,899160
2022-01-20,495.8999938964844,496.0,486.8500061035156,487.75,459.5308837890625,1191400
2022-01-21,487.95001220703125,487.95001220703125,475.0,477.8500061035156,450.20361328125,1725811
2022-01-24,476.70001220703125,476.79998779296875,466.70001220703125,471.3999938964844,444.1268310546875,1225487
2022-01-25,470.0,475.75,459.0,467.5,440.4524230957031,1736649
2022-01-27,470.0,470.0,455.6499938964844,463.25,436.44830322265625,2019041
2022-01-28,463.45001220703125,475.6000061035156,462.0,471.5,444.22100830078125,1421740
2022-01-31,479.0,494.70001220703125,474.45001220703125,482.54998779296875,454.6317443847656,2647338
2022-02-01,486.6000061035156,502.5,485.1499938964844,497.6499938964844,468.8581237792969,2794796
2022-02-02,502.5,506.70001220703125,496.0,505.29998779296875,476.0654602050781,1565539
2022-02-03,504.8999938964844,507.75,499.5,501.29998779296875,472.29693603515625,1393417
2022-02-04,496.79998779296875,511.6499938964844,492.70001220703125,510.54998779296875,487.0845031738281,1758002
2022-02-07,521.0499877929688,524.0,508.75,511.3999938964844,487.8954162597656,3235609
2022-02-08,514.6500244140625,516.7000122070312,504.3999938964844,505.79998779296875,482.5528259277344,1564673
2022-02-09,509.6499938964844,512.9500122070312,506.0,512.2000122070312,488.65869140625,515112
2022-02-10,514.7000122070312,514.7000122070312,505.0,507.54998779296875,484.22235107421875,774115
2022-02-11,507.5,507.5,494.54998779296875,499.29998779296875,476.3515625,1069920
2022-02-14,490.0,498.3999938964844,486.6000061035156,489.79998779296875,467.2881774902344,1001194
2022-02-15,489.0,504.0,487.0,503.1499938964844,480.0246276855469,1520336
2022-02-16,506.0,506.8999938964844,497.0,500.20001220703125,477.2102355957031,1166886
2022-02-17,500.20001220703125,507.8500061035156,499.25,506.1499938964844,482.88671875,855947
2022-02-18,506.8999938964844,507.0,500.3500061035156,504.75,481.55108642578125,1330397
2022-02-21,504.0,508.8999938964844,499.0,507.25,483.9361877441406,1505281
2022-02-22,501.0,511.0,498.6000061035156,505.3500061035156,482.12353515625,1586579
2022-02-23,503.0,506.45001220703125,499.70001220703125,501.0,477.9734802246094,812781
2022-02-24,477.0,495.45001220703125,477.0,483.45001220703125,461.2301025390625,3229880
2022-02-25,484.6000061035156,497.3500061035156,484.6000061035156,494.8500061035156,472.1061096191406,1460932
2022-02-28,493.75,518.0,485.79998779296875,514.7000122070312,491.04376220703125,3050846
2022-03-02,514.0,515.7000122070312,504.25,512.5499877929688,488.9925842285156,1985091
2022-03-03,512.5999755859375,518.4000244140625,509.0,511.04998779296875,487.5615539550781,1271102
2022-03-04,507.0,510.0,499.1000061035156,501.04998779296875,478.0211486816406,2233264
2022-03-07,490.0,502.0,476.8999938964844,481.8500061035156,459.70361328125,1540133
2022-03-08,482.0,492.3999938964844,478.20001220703125,490.6499938964844,468.0990905761719,1797911
2022-03-09,495.0,498.29998779296875,487.04998779296875,492.6000061035156,469.9595031738281,2526968
2022-03-10,500.0,504.8999938964844,497.8999938964844,500.79998779296875,477.7826232910156,1022074
2022-03-11,503.0,509.0,502.20001220703125,507.54998779296875,484.22235107421875,1575214
2022-03-14,508.5,510.3500061035156,504.1499938964844,507.1000061035156,483.7930603027344,1105361
2022-03-15,510.0,513.7999877929688,507.25,511.45001220703125,487.94317626953125,1167973
2022-03-16,516.9500122070312,529.9000244140625,513.2000122070312,525.4500122070312,501.2996826171875,2965305
2022-03-17,533.4000244140625,535.0,518.5,524.0999755859375,500.0117492675781,2070981
2022-03-21,523.0,523.8499755859375,503.1000061035156,504.3500061035156,481.1694641113281,1655968
2022-03-22,505.0,505.0,486.5,492.1000061035156,469.4825134277344,1143012
2022-03-23,493.75,495.0,483.79998779296875,484.6000061035156,462.32720947265625,1755374
2022-03-24,486.0,486.0,478.8999938964844,482.3999938964844,460.2283020019531,2941035
2022-03-25,486.8999938964844,486.8999938964844,473.70001220703125,478.1000061035156,456.1259765625,1468764
2022-03-28,479.54998779296875,480.0,468.5,474.70001220703125,452.8822326660156,2003440
2022-03-29,478.0,484.0,476.20001220703125,482.5,460.32373046875,861768
2022-03-30,485.6000061035156,491.20001220703125,484.04998779296875,490.0,467.47900390625,1710457
2022-03-31,494.79998779296875,506.20001220703125,491.54998779296875,503.70001220703125,480.5493469238281,2916586
2022-04-01,507.54998779296875,520.7000122070312,506.29998779296875,518.25,494.43060302734375,1839975
2022-04-04,522.6500244140625,531.7999877929688,510.54998779296875,530.0999755859375,505.73590087890625,2420693
2022-04-05,534.75,547.8499755859375,531.8499755859375,543.9000244140625,518.9017333984375,1871307
2022-04-06,525.0,532.0,517.8499755859375,521.2999877929688,497.3403625488281,3004423
2022-04-07,521.2999877929688,522.8499755859375,511.20001220703125,512.0,488.4678649902344,1770482
2022-04-08,516.5,520.0,511.0,517.7999877929688,494.0013122558594,4230498
2022-04-11,519.9500122070312,523.9500122070312,515.1500244140625,519.5499877929688,495.6708068847656,1167454
2022-04-12,522.0,525.0,512.8499755859375,517.9000244140625,494.0967712402344,1110786
2022-04-13,521.0,521.1500244140625,513.2999877929688,519.7000122070312,495.81402587890625,618477
2022-04-18,521.0,523.2000122070312,516.5499877929688,517.8499755859375,494.04901123046875,930605
2022-04-19,520.0,524.2999877929688,500.75,504.1000061035156,480.93096923828125,1077806
2022-04-20,506.70001220703125,514.3499755859375,502.0,510.6499938964844,487.1799011230469,1599673
2022-04-21,515.3499755859375,520.4500122070312,513.5499877929688,518.2000122070312,494.3829040527344,1515422
2022-04-22,516.5999755859375,525.3499755859375,509.0,523.2000122070312,499.153076171875,1831082
2022-04-25,517.7000122070312,528.9000244140625,503.0,515.5499877929688,491.8547058105469,2516823
2022-04-26,516.2999877929688,532.5,516.2999877929688,530.2999877929688,505.92681884765625,2196486
2022-04-27,529.0,535.5499877929688,523.25,529.9000244140625,505.545166015625,1901393
2022-04-28,533.0,546.3499755859375,525.9500122070312,542.5999755859375,517.6614990234375,2172557
2022-04-29,538.0,541.0999755859375,519.4000244140625,521.7000122070312,497.7220764160156,2965286
2022-05-02,519.7999877929688,526.0,515.25,522.9000244140625,498.8669128417969,923844
2022-05-04,526.0,537.0999755859375,515.5999755859375,519.5499877929688,495.6708068847656,1918045
2022-05-05,520.0999755859375,526.0499877929688,516.1500244140625,519.75,495.8616943359375,1275107
2022-05-06,508.0,519.7000122070312,499.0,503.6499938964844,480.50164794921875,2268170
2022-05-09,502.20001220703125,502.20001220703125,487.04998779296875,489.45001220703125,466.9543151855469,1502698
2022-05-10,489.45001220703125,504.8500061035156,489.45001220703125,502.04998779296875,478.97515869140625,1531282
2022-05-11,505.95001220703125,506.0,493.95001220703125,501.75,478.68896484375,1259082
2022-05-12,501.0,502.20001220703125,488.0,500.1499938964844,477.1624755859375,1799507
2022-05-13,505.0,513.0,497.25,500.04998779296875,477.0671081542969,1648726
2022-05-16,505.1499938964844,506.0,492.45001220703125,495.6000061035156,472.8216552734375,1159224
2022-05-17,498.0,515.5,495.0,503.04998779296875,479.9292297363281,1302697
2022-05-18,505.95001220703125,526.0499877929688,503.0,523.75,499.67779541015625,2333368
2022-05-19,515.0,521.0499877929688,508.04998779296875,510.5,487.0368347167969,1576556
2022-05-20,516.0999755859375,531.4500122070312,507.45001220703125,528.5499877929688,504.2571716308594,2817153
2022-05-23,533.7999877929688,539.9000244140625,528.5499877929688,531.6500244140625,507.2147216796875,1501650
2022-05-24,535.9500122070312,536.3499755859375,525.2999877929688,528.7000122070312,504.40032958984375,1615087
2022-05-25,531.5,534.5499877929688,518.9000244140625,521.7999877929688,497.8174743652344,1165592
2022-05-26,524.2999877929688,532.75,516.4000244140625,530.1500244140625,505.7836608886719,1753281
2022-05-27,531.7000122070312,535.25,519.4000244140625,526.0999755859375,501.9197998046875,1375696
2022-05-30,527.5999755859375,537.9000244140625,526.0,535.8499755859375,511.2216796875,980868
2022-05-31,534.5,551.9000244140625,526.6500244140625,533.6500244140625,509.1228942871094,7603590
2022-06-01,532.9500122070312,538.5499877929688,518.0,520.25,496.3387145996094,1623158
2022-06-02,520.7000122070312,522.3499755859375,513.2000122070312,517.75,493.9535827636719,1224004
2022-06-03,523.0,523.0,512.1500244140625,513.4500122070312,489.8511962890625,687824
2022-06-06,513.4000244140625,516.0,506.3500061035156,512.75,489.18341064453125,583249
2022-06-07,508.25,509.0,493.79998779296875,498.8999938964844,475.9699401855469,1084580
2022-06-08,495.5,497.95001220703125,486.8500061035156,491.29998779296875,468.71923828125,1472376
2022-06-09,491.6499938964844,497.8999938964844,483.1000061035156,496.6499938964844,473.8233337402344,1765431
2022-06-10,490.6499938964844,496.5,487.0,492.54998779296875,469.91180419921875,2168604
2022-06-13,485.0,503.3999938964844,484.0,500.1499938964844,477.1624755859375,2792911
2022-06-14,497.95001220703125,502.75,495.0,499.79998779296875,476.82861328125,1012537
2022-06-15,500.79998779296875,500.79998779296875,491.0,493.79998779296875,471.1043395996094,1234778
2022-06-16,494.5,494.54998779296875,478.5,484.79998779296875,462.51800537109375,1289736
2022-06-17,477.25,484.79998779296875,471.04998779296875,473.3999938964844,451.6419982910156,2672949
2022-06-20,474.75,487.0,473.70001220703125,484.8999938964844,462.6134338378906,912090
2022-06-21,487.0,495.5,477.95001220703125,484.8999938964844,462.6134338378906,1739570
2022-06-22,481.70001220703125,483.6499938964844,473.1499938964844,481.1499938964844,459.0357666015625,1674643
2022-06-23,481.1499938964844,482.3999938964844,474.6499938964844,476.3999938964844,454.5040588378906,2090775
2022-06-24,477.95001220703125,487.70001220703125,477.0,482.20001220703125,460.0375061035156,1442087
2022-06-27,485.6000061035156,488.6499938964844,481.0,482.70001220703125,460.5145263671875,1051651
2022-06-28,482.70001220703125,490.79998779296875,477.1499938964844,488.6000061035156,466.14337158203125,1230006
2022-06-29,485.8999938964844,485.8999938964844,473.5,475.79998779296875,453.931640625,1689593
2022-06-30,477.8999938964844,482.8999938964844,475.54998779296875,477.8999938964844,455.9351501464844,2030507
2022-07-01,478.0,493.0,477.6000061035156,491.20001220703125,468.6239318847656,846365
2022-07-04,491.8999938964844,503.0,491.25,499.5,476.54241943359375,1321306
2022-07-05,501.8999938964844,503.3500061035156,490.95001220703125,492.25,469.6256103515625,842519
2022-07-06,482.0,501.8999938964844,480.1499938964844,498.8500061035156,475.9222717285156,2706381
2022-07-07,502.95001220703125,508.75,497.54998779296875,499.0,476.06536865234375,1414095
2022-07-08,501.3999938964844,504.70001220703125,498.04998779296875,503.75,480.5970764160156,514837
2022-07-11,504.0,508.6000061035156,497.95001220703125,507.6499938964844,484.31781005859375,897184
2022-07-12,503.0,505.29998779296875,498.8999938964844,500.0,477.0194091796875,1086489
2022-07-13,500.0,503.8999938964844,497.0,502.25,479.1659851074219,1169717
2022-07-14,502.45001220703125,512.5,500.0,507.29998779296875,483.98388671875,1100706
2022-07-15,509.1000061035156,514.0,502.0,506.5,483.2206115722656,1138146
2022-07-18,509.6000061035156,511.54998779296875,503.70001220703125,507.95001220703125,484.60406494140625,998231
2022-07-19,507.79998779296875,510.20001220703125,503.6000061035156,507.45001220703125,484.1269836425781,666595
2022-07-20,510.0,516.7000122070312,505.25,513.1500244140625,489.5650634765625,1729531
2022-07-21,514.2000122070312,528.3499755859375,512.7999877929688,525.7999877929688,501.63360595703125,1354647
2022-07-22,527.4500122070312,533.2000122070312,525.0499877929688,531.2000122070312,506.7854919433594,1566939
2022-07-25,531.2000122070312,531.75,520.2999877929688,521.8499755859375,497.8650817871094,1087243
2022-07-26,521.0,521.9500122070312,505.6000061035156,507.8999938964844,484.5563049316406,1616824
2022-07-27,505.0,515.9500122070312,504.25,515.0,491.3299865722656,880329
2022-07-28,517.1500244140625,517.9000244140625,509.29998779296875,514.5,490.85296630859375,1519220
2022-07-29,515.9000244140625,520.6500244140625,512.5499877929688,518.0,494.1921081542969,1476670
2022-08-01,523.7000122070312,524.4000244140625,518.2999877929688,523.0999755859375,499.0576171875,705989
2022-08-02,523.9000244140625,526.0,516.3499755859375,522.4500122070312,498.4376525878906,1194541
2022-08-03,523.0,524.8499755859375,514.5499877929688,520.4500122070312,496.5295104980469,1308692
2022-08-04,520.4500122070312,533.4500122070312,516.2999877929688,531.5499877929688,507.1192932128906,1271045
2022-08-05,536.8499755859375,537.1500244140625,518.0499877929688,519.7000122070312,495.81402587890625,2069247
2022-08-08,524.2000122070312,527.9000244140625,520.5499877929688,523.4000244140625,499.3439025878906,1321518
2022-08-10,528.0,529.9000244140625,509.29998779296875,510.29998779296875,486.84600830078125,1647830
2022-08-11,514.7999877929688,514.9500122070312,509.0,513.4000244140625,489.8035583496094,1220917
2022-08-12,513.4000244140625,514.6500244140625,506.29998779296875,510.25,486.79833984375,2148477
2022-08-16,510.25,520.7999877929688,507.5,511.6000061035156,488.0862731933594,1238259
2022-08-17,513.4500122070312,517.5499877929688,510.75,512.7000122070312,489.1357116699219,590860
2022-08-18,513.9000244140625,515.0,511.70001220703125,513.2999877929688,489.7081298828125,682162
2022-08-19,515.0,519.9000244140625,510.45001220703125,515.9500122070312,492.2363586425781,1209484
2022-08-22,515.0,519.0,510.70001220703125,514.9000244140625,491.234619140625,1069955
2022-08-23,511.0,517.3499755859375,510.25,513.0,489.4219055175781,966053
2022-08-24,513.0,525.8499755859375,509.1000061035156,523.1500244140625,499.1054382324219,1632111
2022-08-25,526.9500122070312,526.9500122070312,515.75,517.4500122070312,493.6673583984375,1169236
2022-08-26,520.0,520.9500122070312,512.25,515.5999755859375,491.9023742675781,1300916
2022-08-29,510.25,526.1500244140625,505.0,523.0499877929688,499.0099792480469,2408316
2022-08-30,524.4500122070312,527.0999755859375,521.5,525.5999755859375,501.44281005859375,1844365
2022-09-01,516.7999877929688,531.6500244140625,516.7999877929688,526.5999755859375,502.3968200683594,1382520
2022-09-02,526.5999755859375,529.5499877929688,521.5499877929688,523.5499877929688,499.4870300292969,351979
2022-09-05,523.4000244140625,524.7000122070312,518.0,520.8499755859375,496.9111022949219,505820
2022-09-06,520.0,523.5,513.4500122070312,520.5,496.57720947265625,945938
2022-09-07,519.0499877929688,524.75,515.5,522.75,498.7237854003906,537305
2022-09-08,524.7000122070312,525.7999877929688,518.0,521.6500244140625,497.6743469238281,702230
2022-09-09,527.0499877929688,527.0499877929688,520.5,521.7000122070312,497.7220764160156,409296
2022-09-12,523.9500122070312,525.7999877929688,521.0,522.2999877929688,498.2945251464844,487837
2022-09-13,524.7999877929688,529.75,521.3499755859375,523.3499755859375,499.29620361328125,839395
2022-09-14,520.7999877929688,536.5,520.0,534.2000122070312,509.64752197265625,1766362
2022-09-15,538.0,538.7999877929688,521.5,523.7000122070312,499.6302185058594,1162980
2022-09-16,521.0999755859375,525.9500122070312,506.1000061035156,508.6499938964844,485.2718505859375,2709742
2022-09-19,510.70001220703125,514.25,505.70001220703125,512.1500244140625,488.61102294921875,635271
2022-09-20,514.75,534.0,514.0,527.25,503.0169677734375,2557425
2022-09-21,528.4500122070312,543.9000244140625,527.5499877929688,535.2999877929688,510.69696044921875,3107895
2022-09-22,537.0,550.8499755859375,535.2999877929688,549.4500122070312,524.1966552734375,3965300
2022-09-23,554.3499755859375,554.3499755859375,540.4000244140625,542.9500122070312,517.995361328125,1834851
2022-09-26,542.7999877929688,551.9000244140625,524.75,526.25,502.06298828125,3214256
2022-09-27,526.2999877929688,541.3499755859375,522.75,536.4500122070312,511.79412841796875,2277210
2022-09-28,534.5,553.0,530.7999877929688,547.4000244140625,522.2408447265625,3139646
2022-09-29,550.0999755859375,552.4500122070312,532.0,538.4000244140625,513.6544799804688,2384651
2022-09-30,538.4000244140625,541.6500244140625,529.0999755859375,537.8499755859375,513.1297607421875,1942784
2022-10-03,540.0,541.7999877929688,523.0499877929688,529.5,505.1635437011719,1776834
2022-10-04,537.0,537.0,520.0,526.0999755859375,501.9197998046875,3048584
2022-10-06,531.4500122070312,531.4500122070312,522.5,525.0999755859375,500.9656982421875,1156219
2022-10-07,526.75,530.0,515.2000122070312,521.2999877929688,497.3403625488281,1761023
2022-10-10,511.0,516.9500122070312,511.0,514.8499755859375,491.1868591308594,644597
2022-10-11,517.4500122070312,517.4500122070312,502.1000061035156,506.8500061035156,483.5545654296875,1484169
2022-10-12,507.0,512.4500122070312,502.54998779296875,508.3999938964844,485.0333251953125,1655770
2022-10-13,508.25,519.2999877929688,508.0,515.5499877929688,491.8547058105469,1374739
2022-10-14,522.0,523.9000244140625,510.1499938964844,511.5,487.9908752441406,831377
2022-10-17,513.0,516.4000244140625,510.0,513.9500122070312,490.3282775878906,1054028
2022-10-18,516.5499877929688,518.7000122070312,512.9500122070312,515.8499755859375,492.1408996582031,446492
2022-10-19,517.0,519.7999877929688,515.0,517.0,493.2380676269531,495441
2022-10-20,515.5499877929688,524.9500122070312,514.2000122070312,523.8499755859375,499.773193359375,1609093
2022-10-21,524.2999877929688,526.7000122070312,515.5999755859375,519.1500244140625,495.2892761230469,910520
2022-10-24,524.5,524.5499877929688,519.1500244140625,519.8499755859375,495.95709228515625,61633
2022-10-25,519.7999877929688,522.75,513.9500122070312,516.4000244140625,492.66571044921875,720882
2022-10-27,520.0,522.4500122070312,516.4000244140625,519.4500122070312,495.5754699707031,1932746
2022-10-28,522.0,522.0,512.6500244140625,518.9500122070312,495.09844970703125,1619952
2022-10-31,520.0,526.3499755859375,516.5,524.5499877929688,500.4410705566406,1483039
2022-11-01,527.2000122070312,533.0,522.0,531.4000244140625,506.9762268066406,1253309
2022-11-02,531.2999877929688,531.7000122070312,526.1500244140625,529.8499755859375,505.4974365234375,680852
2022-11-03,530.0,541.25,529.0,539.6500244140625,514.8471069335938,1299181
2022-11-04,538.7999877929688,542.0,532.6500244140625,539.2000122070312,514.4176635742188,774772
2022-11-07,523.6500244140625,525.0,499.1000061035156,504.8999938964844,481.6941833496094,5483662
2022-11-09,504.95001220703125,507.0,496.54998779296875,502.25,479.1659851074219,1648043
2022-11-10,503.8500061035156,505.3500061035156,498.20001220703125,504.04998779296875,480.88323974609375,1405812
2022-11-11,506.6000061035156,506.6000061035156,498.04998779296875,499.1499938964844,476.2084655761719,671057
2022-11-14,501.6499938964844,505.54998779296875,495.25,499.54998779296875,476.5900573730469,1914318
2022-11-15,502.04998779296875,502.04998779296875,495.3999938964844,497.95001220703125,475.0636291503906,1051406
2022-11-16,497.8999938964844,498.8999938964844,492.0,493.3999938964844,470.7227783203125,998584
2022-11-17,495.0,495.0,485.70001220703125,488.29998779296875,465.85711669921875,2386069
2022-11-18,489.79998779296875,491.6000061035156,482.0,486.1000061035156,463.7582702636719,1134351
2022-11-21,485.54998779296875,494.3500061035156,482.3500061035156,489.5,467.00201416015625,1191076
2022-11-22,489.25,490.8999938964844,482.1499938964844,486.0,463.662841796875,1726964
2022-11-23,488.0,491.3500061035156,484.25,490.6000061035156,468.0514831542969,1354580
2022-11-24,491.8999938964844,491.8999938964844,486.70001220703125,489.5,467.00201416015625,1576614
2022-11-25,491.70001220703125,491.70001220703125,484.1000061035156,486.25,463.9013366699219,1512539
2022-11-28,484.1000061035156,489.70001220703125,481.5,486.45001220703125,464.09222412109375,2225302
2022-11-29,486.45001220703125,508.29998779296875,486.45001220703125,502.3999938964844,479.30908203125,4005638
2022-11-30,502.3999938964844,509.20001220703125,500.6499938964844,507.3500061035156,484.0315856933594,3141017
2022-12-01,509.1499938964844,509.95001220703125,500.6499938964844,501.5,478.4504699707031,1180104
2022-12-02,501.04998779296875,505.8500061035156,498.6000061035156,503.8500061035156,480.6924743652344,1542730
2022-12-05,504.95001220703125,506.5,499.79998779296875,500.95001220703125,477.92578125,1003133
2022-12-06,500.0,503.6000061035156,498.3500061035156,502.1499938964844,479.070556640625,873707
2022-12-07,501.0,512.2000122070312,500.95001220703125,510.45001220703125,486.9891052246094,1606711
2022-12-08,512.0,515.8499755859375,507.1000061035156,510.5,487.0368347167969,1703231
2022-12-09,514.0,526.0,512.5499877929688,523.75,499.67779541015625,2940138
2022-12-12,527.7000122070312,535.0,525.0,533.75,509.2182312011719,4051574
2022-12-13,534.7000122070312,534.7000122070312,524.6500244140625,528.0,503.73248291015625,787991
2022-12-14,529.9500122070312,529.9500122070312,523.0,525.0999755859375,500.9656982421875,1159310
2022-12-15,523.8499755859375,525.7999877929688,516.7999877929688,519.1500244140625,495.2892761230469,752911
2022-12-16,517.2000122070312,520.9000244140625,512.4500122070312,514.2000122070312,490.5667724609375,1439095
2022-12-19,515.0,526.5499877929688,513.2000122070312,525.4500122070312,501.2996826171875,1396813
2022-12-20,525.5,529.7999877929688,519.25,526.0999755859375,501.9197998046875,1129137
2022-12-21,526.0999755859375,528.7000122070312,520.5499877929688,521.7000122070312,497.7220764160156,796069
2022-12-22,524.3499755859375,527.5,520.2999877929688,522.3499755859375,498.3421630859375,685397
2022-12-23,517.5999755859375,523.4000244140625,513.0,515.5499877929688,491.8547058105469,598327
2022-12-26,513.8499755859375,522.6500244140625,512.0999755859375,518.4500122070312,494.6214599609375,490218
2022-12-27,521.75,523.6500244140625,518.0,518.9000244140625,495.0507507324219,464951
2022-12-28,519.8499755859375,521.7999877929688,514.3499755859375,519.2000122070312,495.33697509765625,433375
2022-12-29,516.2000122070312,519.9000244140625,512.25,515.4000244140625,491.7116394042969,762655
2022-12-30,518.25,519.75,509.0,509.8500061035156,486.4167175292969,406283
2023-01-02,509.8500061035156,513.0,501.0,506.25,482.9821472167969,651385
2023-01-03,506.25,513.4000244140625,504.29998779296875,510.6000061035156,487.1322021484375,490270
2023-01-04,511.0,514.7000122070312,505.0,506.1499938964844,482.88671875,790246
2023-01-05,506.1499938964844,524.9000244140625,504.8500061035156,515.5,491.80706787109375,2901670
2023-01-06,515.5,517.4000244140625,507.6499938964844,513.0499877929688,489.4696044921875,896307
2023-01-09,514.9000244140625,520.4500122070312,513.0999755859375,514.9500122070312,491.2823181152344,590344
2023-01-10,516.7999877929688,516.7999877929688,508.54998779296875,510.04998779296875,486.60748291015625,896497
2023-01-11,511.0,514.3499755859375,494.75,500.29998779296875,477.3056335449219,1810341
2023-01-12,496.5,503.0,490.3999938964844,501.6000061035156,478.5459289550781,1961900
2023-01-13,503.0,504.8500061035156,494.29998779296875,496.54998779296875,473.72796630859375,787686
2023-01-16,497.6499938964844,499.1499938964844,494.6000061035156,498.04998779296875,475.1590270996094,548451
2023-01-17,497.8999938964844,509.6000061035156,494.29998779296875,508.25,484.89019775390625,2178054
2023-01-18,509.0,510.0,505.3999938964844,508.04998779296875,484.6993713378906,731495
2023-01-19,507.8999938964844,508.1499938964844,500.0,501.3500061035156,478.3073425292969,978452
2023-01-20,495.3500061035156,506.6499938964844,495.3500061035156,505.20001220703125,481.9803771972656,3298721
2023-01-23,507.0,507.3500061035156,501.6000061035156,503.95001220703125,480.7878723144531,605076
2023-01-24,505.45001220703125,511.54998779296875,502.5,503.3999938964844,480.2631530761719,1246731
2023-01-25,502.45001220703125,507.04998779296875,498.25,505.3999938964844,482.1712341308594,681724
2023-01-27,506.3500061035156,509.8500061035156,497.1499938964844,503.79998779296875,480.6447448730469,1000075
2023-01-30,504.0,508.1499938964844,500.29998779296875,504.25,481.0740966796875,1213003
2023-01-31,505.75,507.1000061035156,493.5,498.1000061035156,475.20672607421875,2320622
2023-02-01,498.1000061035156,507.0,496.6499938964844,505.3500061035156,482.12353515625,924112
2023-02-02,504.75,504.75,495.54998779296875,499.70001220703125,476.73321533203125,1173574
2023-02-03,499.70001220703125,501.1499938964844,492.1000061035156,493.8999938964844,471.1997375488281,1168245
2023-02-06,493.8999938964844,511.5,493.6000061035156,504.70001220703125,481.50341796875,2365306
2023-02-07,508.0,508.20001220703125,493.8500061035156,497.6000061035156,474.7297058105469,1331226
2023-02-08,497.6000061035156,502.5,496.5,500.8999938964844,477.8780517578125,936630
2023-02-09,501.0,502.29998779296875,491.5,494.20001220703125,471.4859924316406,1121421
2023-02-10,495.75,496.54998779296875,492.0,495.1499938964844,472.3923034667969,665580
2023-02-13,495.1499938964844,498.6499938964844,490.6499938964844,492.0,469.3870849609375,731063
2023-02-14,493.5,498.8500061035156,491.3999938964844,494.1000061035156,471.3905944824219,1613823
2023-02-15,494.1000061035156,495.25,489.3999938964844,493.3500061035156,470.6750793457031,804095
2023-02-16,494.1000061035156,496.20001220703125,491.95001220703125,494.54998779296875,471.81988525390625,1067189
2023-02-17,493.0,497.0,488.1000061035156,489.5,467.00201416015625,864738
2023-02-20,492.25,492.29998779296875,486.0,489.04998779296875,466.5726623535156,699230
2023-02-21,494.70001220703125,501.04998779296875,491.3500061035156,500.3999938964844,477.4010314941406,1498550
2023-02-22,500.75,505.3999938964844,498.3500061035156,503.75,480.5970764160156,1412597
2023-02-23,504.0,505.0,496.20001220703125,501.0,477.9734802246094,896170
2023-02-24,502.0,503.45001220703125,495.75,498.79998779296875,475.87457275390625,399292
2023-02-27,499.5,499.5,485.1000061035156,490.1000061035156,467.5744323730469,753190
2023-02-28,492.0,495.45001220703125,486.79998779296875,491.8999938964844,469.29168701171875,1995562
2023-03-01,495.0,499.0,492.0,495.95001220703125,473.15557861328125,1161720
2023-03-02,498.0,500.04998779296875,492.6499938964844,499.0,476.06536865234375,1047352
2023-03-03,500.29998779296875,501.54998779296875,495.6000061035156,499.5,476.54241943359375,689611
2023-03-06,500.20001220703125,503.79998779296875,499.0,500.95001220703125,477.92578125,675747
2023-03-08,495.95001220703125,500.5,492.6000061035156,496.45001220703125,477.9258117675781,1443804
2023-03-09,497.0,497.5,492.0,492.8500061035156,474.4600830078125,779119
2023-03-10,492.0,497.5,491.1000061035156,496.6000061035156,478.0701599121094,713399
2023-03-13,494.5,499.0,489.1499938964844,490.75,472.4384460449219,1285925
2023-03-14,490.75,493.95001220703125,480.20001220703125,485.25,467.14361572265625,2082796
2023-03-15,487.79998779296875,487.8500061035156,483.0,485.6000061035156,467.4806213378906,927685
2023-03-16,485.0,491.0,482.0,488.6000061035156,470.3686828613281,1104680
2023-03-17,490.6499938964844,490.6499938964844,484.5,486.1000061035156,467.9619445800781,2448223
2023-03-20,485.0,485.0,478.3999938964844,482.29998779296875,464.3037109375,531125
2023-03-21,483.20001220703125,484.5,479.75,481.8500061035156,463.87054443359375,699575
2023-03-22,483.20001220703125,484.8999938964844,481.45001220703125,483.8500061035156,465.7958984375,772546
2023-03-23,482.0,482.0,476.8999938964844,479.3500061035156,461.46380615234375,1277275
2023-03-24,479.0,480.79998779296875,475.6000061035156,477.20001220703125,459.3940734863281,1031979
2023-03-27,477.20001220703125,483.0,474.3500061035156,479.75,461.8489074707031,1033080
2023-03-28,480.0,481.95001220703125,475.5,479.29998779296875,461.4156494140625,1427140
2023-03-29,478.6000061035156,480.3500061035156,470.0,472.25,454.62872314453125,1489592
2023-03-31,472.20001220703125,480.79998779296875,471.6499938964844,479.79998779296875,461.89703369140625,1655647
2023-04-03,483.25,483.25,475.8500061035156,479.70001220703125,461.80078125,1368272
2023-04-05,483.95001220703125,485.5,479.75,482.3999938964844,464.3999938964844,2324531
2023-04-06,483.20001220703125,483.20001220703125,478.0,479.29998779296875,461.4156494140625,757700
2023-04-10,478.0,482.3500061035156,473.29998779296875,480.5,462.5708923339844,654066
2023-04-11,480.5,482.5,478.6499938964844,479.8999938964844,461.9932556152344,1121930
2023-04-12,479.8999938964844,481.54998779296875,476.6000061035156,477.29998779296875,459.4903259277344,2239126
2023-04-13,473.1000061035156,479.3999938964844,473.1000061035156,476.79998779296875,459.0089416503906,1327298
2023-04-17,475.8500061035156,480.79998779296875,474.0,479.45001220703125,461.56011962890625,1056975
2023-04-18,480.6000061035156,482.29998779296875,476.8500061035156,480.1000061035156,462.1858215332031,1243177
2023-04-19,478.1499938964844,478.6499938964844,466.54998779296875,468.1499938964844,450.68170166015625,2834418
2023-04-20,468.0,472.6000061035156,462.70001220703125,471.75,454.14739990234375,2774048
2023-04-21,471.75,474.8500061035156,471.04998779296875,473.25,455.5914001464844,856639
2023-04-24,475.75,477.25,470.45001220703125,474.95001220703125,457.2279968261719,2043813
2023-04-25,474.95001220703125,492.45001220703125,474.5,489.75,471.4757385253906,3869120
2023-04-26,489.75,499.5,489.75,496.95001220703125,478.4071044921875,2098348
2023-04-27,499.0,499.3999938964844,492.6499938964844,497.8999938964844,479.3216857910156,1077677
2023-04-28,497.8999938964844,499.8999938964844,493.8500061035156,496.3999938964844,477.87762451171875,1293767
2023-05-02,495.8999938964844,502.5,495.1499938964844,499.8500061035156,481.1988830566406,572000
2023-05-03,495.0,504.3500061035156,495.0,502.5,483.7500305175781,802389
2023-05-04,503.0,503.5,495.25,497.29998779296875,478.7440490722656,795938
2023-05-05,498.75,499.20001220703125,492.04998779296875,493.6000061035156,475.1820983886719,906837
2023-05-08,511.0,539.7999877929688,511.0,530.7000122070312,510.8977355957031,9360002
2023-05-09,531.0,539.9500122070312,531.0,536.9000244140625,516.866455078125,2469102
2023-05-10,536.9000244140625,537.0,531.3499755859375,533.4500122070312,513.545166015625,904862
2023-05-11,533.4500122070312,543.5,530.4000244140625,542.5999755859375,522.353759765625,1677585
2023-05-12,543.0,549.5,540.1500244140625,541.5,521.2947387695312,1423611
2023-05-15,542.0,542.0,534.0,536.9000244140625,516.866455078125,1256652
2023-05-16,535.4000244140625,538.75,531.4500122070312,536.1500244140625,516.1444091796875,1024340
2023-05-17,536.0,536.0,525.0,526.8499755859375,507.1913757324219,978934
2023-05-18,524.75,537.0499877929688,524.2000122070312,532.7999877929688,512.9193725585938,846130
2023-05-19,533.0,534.6500244140625,522.0,525.75,506.1324768066406,780885
2023-05-22,525.6500244140625,531.2999877929688,523.2999877929688,530.25,510.46453857421875,404455
2023-05-23,530.25,533.5,525.1500244140625,526.9500122070312,507.2876892089844,583381
2023-05-24,522.0,532.75,522.0,530.9000244140625,511.09033203125,1062897
2023-05-25,530.6500244140625,531.0999755859375,525.9000244140625,528.4000244140625,508.6836242675781,652969
2023-05-26,528.4000244140625,545.0,528.4000244140625,544.0999755859375,523.7977905273438,2044193
2023-05-29,547.2999877929688,548.4000244140625,541.2999877929688,544.1500244140625,523.8458862304688,980789
2023-05-30,544.0,547.5,540.3499755859375,541.5999755859375,521.3909912109375,486319
2023-05-31,544.9000244140625,548.0,540.75,543.0499877929688,522.7869873046875,2583502
2023-06-01,544.0,558.75,538.7000122070312,556.2999877929688,535.5426025390625,1969756
2023-06-02,558.0999755859375,558.7000122070312,548.2000122070312,549.4500122070312,528.9481811523438,959977
2023-06-05,549.0,553.4500122070312,545.0,547.1500244140625,526.7340087890625,599951
2023-06-06,547.9000244140625,548.0,537.0,542.75,522.4981079101562,1602972
2023-06-07,545.4000244140625,552.0,544.2000122070312,549.7999877929688,529.2850341796875,1074463
2023-06-08,547.2000122070312,551.4000244140625,544.0,545.4500122070312,525.097412109375,775479
2023-06-09,545.4500122070312,553.9500122070312,532.2999877929688,533.2000122070312,513.3045043945312,1110522
2023-06-12,536.8499755859375,539.0999755859375,528.4500122070312,538.0,517.9254150390625,787822
2023-06-13,538.9000244140625,544.5499877929688,534.8499755859375,537.2999877929688,517.25146484375,1231955
2023-06-14,539.0,543.4000244140625,534.6500244140625,539.4000244140625,519.273193359375,1444023
2023-06-15,541.0499877929688,551.0,540.75,545.4000244140625,525.0492553710938,2156123
2023-06-16,547.5999755859375,553.4500122070312,546.5499877929688,548.1500244140625,527.6966552734375,1730503
2023-06-19,548.1500244140625,550.8499755859375,529.7000122070312,534.9500122070312,514.9891967773438,848453
2023-06-20,535.0,540.4500122070312,532.0,536.0999755859375,516.0962524414062,1483920
2023-06-21,537.0999755859375,540.2999877929688,526.1500244140625,527.1500244140625,507.480224609375,550597
2023-06-22,527.0499877929688,527.75,520.4000244140625,524.25,504.68841552734375,1103762
2023-06-23,524.25,529.9000244140625,522.2999877929688,528.5,508.7799072265625,1008663
2023-06-26,529.9500122070312,532.4500122070312,524.5499877929688,528.7000122070312,508.972412109375,752253
2023-06-27,530.4500122070312,531.7000122070312,525.25,528.8499755859375,509.1167907714844,1412587
2023-06-28,529.5499877929688,530.5,521.0499877929688,523.0,503.485107421875,2781842
2023-06-30,523.0,532.0,523.0,530.9500122070312,511.1384582519531,1684566
2023-07-03,534.8499755859375,536.3499755859375,528.9000244140625,533.25,513.3526000976562,1468638
2023-07-04,536.7000122070312,536.7000122070312,523.25,526.4500122070312,506.80633544921875,745262
2023-07-05,526.8499755859375,539.9500122070312,524.25,538.5499877929688,518.454833984375,2691903
2023-07-06,534.5,542.0499877929688,525.2999877929688,527.7000122070312,508.0096740722656,2586934
2023-07-07,530.5,530.5,513.2999877929688,517.0499877929688,497.7571105957031,2642703
2023-07-10,518.0,529.7999877929688,516.5499877929688,527.0999755859375,507.4320983886719,1651270
2023-07-11,529.9000244140625,534.0,522.2000122070312,531.5499877929688,511.71600341796875,1518372
2023-07-12,531.5499877929688,539.0,531.5,537.75,517.6846923828125,1389645
2023-07-13,541.7999877929688,547.7999877929688,530.5499877929688,533.5499877929688,513.6414184570312,1654917
2023-07-14,536.0,541.4000244140625,533.5499877929688,539.4500122070312,519.3212890625,912761
2023-07-17,539.4000244140625,543.0,529.2999877929688,531.6500244140625,511.81231689453125,1234506
2023-07-18,535.1500244140625,535.4000244140625,525.7000122070312,530.5,510.70526123046875,803617
2023-07-19,531.0,534.4500122070312,529.2000122070312,531.8499755859375,512.0048828125,636194
2023-07-20,532.7000122070312,541.0,530.0999755859375,539.1500244140625,519.032470703125,1271756
2023-07-21,538.4000244140625,542.5,535.0,538.6500244140625,518.5511474609375,1019421
2023-07-24,538.25,541.0999755859375,531.0499877929688,535.4000244140625,515.42236328125,822710
2023-07-25,535.3499755859375,541.9000244140625,532.3499755859375,540.5999755859375,520.4283447265625,843404
2023-07-26,541.8499755859375,542.9000244140625,531.0999755859375,532.7000122070312,512.8231201171875,1290605
2023-07-27,536.5499877929688,556.0,531.7000122070312,554.0499877929688,533.3765258789062,3733012
2023-07-28,555.9500122070312,578.1500244140625,553.0499877929688,574.3499755859375,552.9190063476562,7372578
2023-07-31,574.9500122070312,577.0,557.2000122070312,560.5499877929688,539.6339111328125,3136108
2023-08-01,563.0,566.9500122070312,555.7000122070312,557.7000122070312,536.8903198242188,1697912
2023-08-02,560.7999877929688,564.0,554.7000122070312,562.7999877929688,541.7999877929688,1318832
2023-08-03,568.0,575.0,563.6500244140625,572.3499755859375,550.99365234375,4242154
2023-08-04,575.0,581.8499755859375,571.5999755859375,576.2000122070312,554.7001342773438,2397608
2023-08-07,576.1500244140625,577.4500122070312,572.25,575.7999877929688,554.3148803710938,1120653
2023-08-08,575.7999877929688,578.5,573.4500122070312,577.25,555.7108154296875,1282689
2023-08-09,578.0,587.9000244140625,573.5,585.1500244140625,563.3160400390625,2394453
2023-08-10,585.1500244140625,586.6500244140625,574.0499877929688,576.8499755859375,555.3258056640625,3293103
2023-08-11,577.9500122070312,580.7999877929688,573.0999755859375,576.9500122070312,555.4220581054688,1934577
2023-08-14,576.1500244140625,576.1500244140625,561.0,568.0999755859375,546.9022216796875,569222
2023-08-16,567.9500122070312,569.4000244140625,557.2000122070312,559.5999755859375,538.7193603515625,1009445
2023-08-17,564.0499877929688,564.0499877929688,555.1500244140625,558.4500122070312,537.6123657226562,876508
2023-08-18,558.2000122070312,558.2000122070312,547.6500244140625,550.75,530.1996459960938,1146881
2023-08-21,550.7000122070312,557.0999755859375,546.0499877929688,554.9500122070312,534.2428588867188,1353123
2023-08-22,556.25,560.0,554.2999877929688,558.7999877929688,537.9492797851562,558087
2023-08-23,558.4500122070312,558.7000122070312,551.2999877929688,553.4500122070312,532.7989501953125,784166
2023-08-24,554.0,565.0,553.5,563.5,542.4739379882812,1481139
2023-08-25,564.0,570.7999877929688,556.1500244140625,560.2000122070312,539.2970581054688,1339191
2023-08-28,560.2000122070312,564.5499877929688,553.0499877929688,558.1500244140625,537.3236083984375,659914
2023-08-29,557.4500122070312,563.5999755859375,552.2000122070312,562.5,541.51123046875,1275303
2023-08-30,565.5,573.0,562.2999877929688,571.1500244140625,549.8385009765625,1897785
2023-08-31,573.0,575.0,566.1500244140625,570.0499877929688,548.7794189453125,3101652
2023-09-01,574.25,575.9500122070312,563.5,569.3499755859375,548.1056518554688,3196294
2023-09-04,569.3499755859375,579.2000122070312,566.5499877929688,577.5499877929688,555.9996337890625,1902190
2023-09-05,580.0,582.25,574.25,577.6500244140625,556.0958862304688,1830485
2023-09-06,577.5999755859375,590.0999755859375,575.7999877929688,588.25,566.3003540039062,1815156
2023-09-07,588.25,591.2000122070312,583.1500244140625,584.0499877929688,562.257080078125,1446101
2023-09-08,585.0,589.0,582.75,586.6500244140625,564.7601318359375,443934
2023-09-11,586.0499877929688,591.75,581.5999755859375,584.4500122070312,562.6422729492188,1212146
2023-09-12,585.0,586.7000122070312,576.75,581.25,559.5615844726562,1749729
2023-09-13,580.7000122070312,584.5,575.25,583.4000244140625,561.63134765625,1454573
2023-09-14,583.4000244140625,590.5499877929688,578.0499877929688,580.7999877929688,559.1283569335938,1729893
2023-09-15,580.5,584.5,577.0499877929688,580.1500244140625,558.5026245117188,1751444
2023-09-18,581.25,584.0,574.75,582.0,560.2836303710938,1636425
2023-09-20,582.0,584.8499755859375,571.8499755859375,574.5,553.0634765625,1538968
2023-09-21,574.25,575.7000122070312,568.6500244140625,574.6500244140625,553.2078857421875,729098
2023-09-22,574.25,575.4500122070312,571.5499877929688,573.9000244140625,552.48583984375,871842
2023-09-25,573.0999755859375,580.0,571.2999877929688,578.7999877929688,557.2030029296875,1047109
2023-09-26,578.7999877929688,586.0,576.25,582.4000244140625,560.668701171875,1416714
2023-09-27,583.75,585.9500122070312,581.5999755859375,583.7999877929688,562.0164184570312,1095220
2023-09-28,584.4000244140625,586.75,558.25,559.7999877929688,538.9119873046875,2174366
2023-09-29,560.5,565.1500244140625,556.0,561.6500244140625,540.6929931640625,989747
2023-10-03,576.4500122070312,595.0,566.9000244140625,575.7000122070312,554.2186889648438,5953987
2023-10-04,575.0,575.5,560.0,570.8499755859375,549.5496826171875,2873209
2023-10-05,557.0,563.5,541.0,542.4500122070312,522.2093505859375,3841011
2023-10-06,546.0999755859375,546.0999755859375,536.6500244140625,537.4500122070312,517.3958740234375,1428800
2023-10-09,535.0499877929688,540.5499877929688,532.4500122070312,538.0499877929688,517.9735107421875,1105136
2023-10-10,540.0,541.5999755859375,536.0999755859375,536.9000244140625,516.866455078125,627596
2023-10-11,540.0,540.25,535.5,536.0999755859375,516.0962524414062,742475
2023-10-12,538.0,540.7000122070312,535.0,539.5499877929688,519.4175415039062,599258
2023-10-13,538.0,543.3499755859375,536.25,542.2000122070312,521.9686889648438,1171463
2023-10-16,542.2999877929688,543.7000122070312,540.0,542.8499755859375,522.5943603515625,619028
2023-10-17,544.0,548.0,540.4500122070312,545.5999755859375,525.2418212890625,956658
2023-10-18,546.2999877929688,550.5,543.6500244140625,549.1500244140625,528.6593627929688,1088052
2023-10-19,549.0999755859375,549.3499755859375,542.6500244140625,547.0999755859375,526.6858520507812,399054
2023-10-20,547.0999755859375,547.2999877929688,536.6500244140625,541.5999755859375,521.3909912109375,1001058
2023-10-23,540.0,542.5999755859375,535.0,537.0999755859375,517.0588989257812,971800
2023-10-25,535.0999755859375,547.5999755859375,535.0,542.6500244140625,522.4019165039062,1349601
2023-10-26,542.7000122070312,542.7000122070312,533.4000244140625,537.25,517.2034301757812,800857
2023-10-27,537.0499877929688,542.75,536.0499877929688,537.75,517.6846923828125,565260
2023-10-30,537.1500244140625,539.9500122070312,529.0,532.2000122070312,512.341796875,1068984
2023-10-31,532.0,541.7000122070312,521.8499755859375,536.5499877929688,516.529541015625,2533458
2023-11-01,538.0999755859375,545.75,532.5499877929688,535.0499877929688,515.08544921875,766079
2023-11-02,535.25,538.5499877929688,531.5,534.2000122070312,514.2671508789062,802776
2023-11-03,537.7999877929688,537.7999877929688,525.4000244140625,528.0499877929688,508.3466796875,2163631
2023-11-06,532.25,537.0,528.0499877929688,534.0,514.0745239257812,870723
2023-11-07,532.7000122070312,532.7000122070312,522.2000122070312,524.4500122070312,507.7333984375,1603617
2023-11-08,526.7000122070312,526.7999877929688,519.0,520.3499755859375,503.76409912109375,1648377
2023-11-09,522.0,522.0999755859375,517.0,520.4500122070312,503.86090087890625,785066
2023-11-10,520.4500122070312,522.9500122070312,516.25,521.25,504.6354064941406,1054801
2023-11-13,520.0,523.0999755859375,517.25,521.0,504.3934020996094,524339
2023-11-15,523.25,523.9000244140625,517.1500244140625,519.0999755859375,502.5539245605469,2377016
2023-11-16,522.0,522.75,516.0499877929688,517.0499877929688,500.5693054199219,2039976
2023-11-17,518.0,530.7999877929688,517.2000122070312,529.9500122070312,513.0581665039062,1424894
2023-11-20,530.7999877929688,532.0,523.2000122070312,525.75,508.9919738769531,917647
2023-11-21,529.5499877929688,529.5499877929688,524.75,526.5999755859375,509.8149108886719,741399
2023-11-22,529.0,535.0,526.7000122070312,532.7000122070312,515.720458984375,1232062
2023-11-23,534.75,534.75,525.4500122070312,530.9000244140625,513.9779052734375,1193876
2023-11-24,530.7999877929688,534.5,521.7999877929688,523.6500244140625,506.958984375,1124449
2023-11-28,524.0499877929688,526.6500244140625,521.3499755859375,525.1500244140625,508.4111328125,1284496
2023-11-29,525.2999877929688,529.0,524.0999755859375,527.0,510.2021179199219,1839238
2023-11-30,527.0,539.9500122070312,527.0,538.6500244140625,521.4808349609375,2700338
2023-12-01,540.0,541.5999755859375,533.5999755859375,536.9000244140625,519.78662109375,1142691
2023-12-04,539.0,543.4000244140625,534.4000244140625,536.0,518.915283203125,976283
2023-12-05,534.25,539.75,534.25,536.5999755859375,519.49609375,1284123
2023-12-06,537.9500122070312,545.9500122070312,536.5999755859375,539.5,522.3037109375,1892079
2023-12-07,539.3499755859375,539.5,526.5,533.5499877929688,516.5433349609375,2892095
2023-12-08,533.5,537.2000122070312,527.5,530.5,513.5906372070312,1761960
2023-12-11,530.5,543.0499877929688,529.0999755859375,540.6500244140625,523.4170532226562,1264328
2023-12-12,543.0999755859375,546.8499755859375,537.8499755859375,540.0499877929688,522.836181640625,1408876
2023-12-13,542.5,542.5,533.1500244140625,539.7999877929688,522.5941162109375,1948860
2023-12-14,541.0499877929688,543.5499877929688,536.2000122070312,538.0499877929688,520.89990234375,839848
2023-12-15,539.0,539.0,532.5999755859375,535.2000122070312,518.1408081054688,2003551
2023-12-18,535.0,542.4000244140625,531.2000122070312,540.4500122070312,523.2234497070312,1141718
2023-12-19,543.0,550.0,537.4500122070312,547.8499755859375,530.3875122070312,1822275
2023-12-20,547.8499755859375,551.9000244140625,528.9000244140625,531.25,514.3167114257812,2878587
2023-12-21,529.5,530.5,522.0,526.9000244140625,510.1053466796875,3343320
2023-12-22,526.9000244140625,529.8499755859375,520.8499755859375,522.8499755859375,506.1843566894531,2168308
2023-12-26,527.0,531.2999877929688,524.4000244140625,529.4500122070312,512.5740356445312,615361
2023-12-27,530.0,535.0499877929688,528.6500244140625,534.0999755859375,517.0758056640625,1801493
2023-12-28,534.0499877929688,547.7999877929688,532.5999755859375,546.0499877929688,528.6448974609375,1817606
2023-12-29,544.0499877929688,553.8499755859375,540.7999877929688,548.5,531.0167846679688,1564905
2024-01-01,550.0,552.4500122070312,540.0,542.25,524.9660034179688,965961
2024-01-02,544.0,547.75,537.4000244140625,547.0,529.564697265625,1243897
2024-01-03,546.7000122070312,551.8499755859375,540.0499877929688,543.5499877929688,526.224609375,1190743
2024-01-04,544.9500122070312,556.0,544.0,553.75,536.0994262695312,1325514
2024-01-05,555.0,557.5,545.0,546.0,528.5964965820312,933806
2024-01-08,530.0,536.9000244140625,520.0,523.75,507.0556945800781,5126083
2024-01-09,525.0,532.5,525.0,530.7000122070312,513.7841796875,783243
2024-01-10,530.0,534.5499877929688,528.25,531.2999877929688,514.3651123046875,1138901
2024-01-11,531.2999877929688,535.4500122070312,528.25,530.0999755859375,513.2033081054688,503249
2024-01-12,530.0999755859375,534.0,528.5499877929688,532.9000244140625,515.9141235351562,649640
2024-01-15,535.0,535.0,529.1500244140625,529.9500122070312,513.0581665039062,598886
2024-01-16,529.9500122070312,533.0499877929688,526.0999755859375,531.5499877929688,514.6071166992188,579717
2024-01-17,530.0,533.0,523.2999877929688,527.7000122070312,510.87982177734375,909008
2024-01-18,527.7000122070312,529.7999877929688,517.8499755859375,524.5,507.7818298339844,1188131
2024-01-19,526.8499755859375,532.0,523.5,530.25,513.3485107421875,862529
2024-01-23,524.9500122070312,529.9000244140625,517.0,520.9500122070312,504.34503173828125,1757069
2024-01-24,518.0499877929688,532.0,515.6500244140625,529.6500244140625,512.7677001953125,1303355
2024-01-25,529.5,534.4000244140625,521.6500244140625,525.0999755859375,508.3626403808594,990062
2024-01-29,508.6000061035156,523.8499755859375,508.6000061035156,516.5999755859375,500.13360595703125,2146422
2024-01-30,519.9500122070312,527.0499877929688,515.4000244140625,523.1500244140625,506.4748840332031,1822487
2024-01-31,526.5,532.5499877929688,523.2999877929688,527.8499755859375,511.0250244140625,2177564
2024-02-01,530.9500122070312,554.7000122070312,529.2000122070312,536.0,518.915283203125,4714744
2024-02-02,541.0,541.0,528.1500244140625,529.5,512.6224365234375,1577128
2024-02-05,528.0,534.3499755859375,522.4500122070312,523.2000122070312,506.5232238769531,760304
2024-02-06,525.0,527.9500122070312,519.2000122070312,520.7999877929688,504.1997375488281,971957
2024-02-07,524.0,527.8499755859375,521.8499755859375,524.9000244140625,508.1691589355469,964073
2024-02-08,525.9500122070312,528.7999877929688,520.9500122070312,522.4000244140625,505.748779296875,1062206
2024-02-09,523.9500122070312,523.9500122070312,516.6500244140625,520.6500244140625,504.05450439453125,583337
2024-02-12,520.5,526.4000244140625,519.7999877929688,525.2000122070312,508.4595031738281,529409
2024-02-13,526.0,528.5499877929688,523.0,525.1500244140625,508.4111328125,718699
2024-02-14,515.5,527.9000244140625,515.5,527.0,510.2021179199219,1311331
2024-02-15,527.0,527.4500122070312,518.8499755859375,522.0,505.3614807128906,1143167
2024-02-16,522.4000244140625,526.4000244140625,519.8499755859375,523.7999877929688,507.1040954589844,1673623
2024-02-19,524.4500122070312,529.5,523.5,526.5,509.71807861328125,960744
2024-02-20,527.9500122070312,537.4000244140625,524.75,536.2000122070312,519.1089477539062,1203500
2024-02-21,536.6500244140625,540.7999877929688,533.6500244140625,538.7000122070312,521.5292358398438,4398178
2024-02-22,545.0,545.2000122070312,537.75,539.0,521.819580078125,1119584
2024-02-23,539.5,540.6500244140625,528.75,530.1500244140625,513.251708984375,2093913
2024-02-26,525.0999755859375,532.7999877929688,525.0,525.6500244140625,508.8951416015625,1270303
2024-02-27,527.0,527.4500122070312,519.9000244140625,523.25,506.5716247558594,3305817
2024-02-28,523.25,525.9500122070312,520.7000122070312,523.3499755859375,506.6684875488281,2328617
2024-02-29,523.3499755859375,526.5999755859375,520.1500244140625,522.5999755859375,505.94232177734375,3588262
2024-03-01,523.25,526.5,522.2000122070312,524.25,507.539794921875,1414893
2024-03-04,529.0,529.9000244140625,522.0,524.0499877929688,507.34613037109375,1604843
2024-03-05,524.0499877929688,525.0999755859375,517.0999755859375,518.5,501.97308349609375,2321785
2024-03-06,511.6000061035156,512.0499877929688,504.04998779296875,505.6499938964844,495.7474060058594,1262432
2024-03-07,504.0,517.75,503.3500061035156,514.5999755859375,504.5221252441406,1828309
2024-03-11,514.5999755859375,515.0,508.1000061035156,509.20001220703125,499.2279357910156,1521855
2024-03-12,509.20001220703125,510.5,501.0,503.6000061035156,493.7375793457031,802956
2024-03-13,504.8999938964844,511.70001220703125,494.6499938964844,496.1499938964844,486.4334716796875,2217193
2024-03-14,496.1499938964844,509.1499938964844,492.1499938964844,506.04998779296875,496.13958740234375,2326218
2024-03-15,507.0,509.6499938964844,496.5,500.1499938964844,490.3551025390625,2751229
2024-03-18,500.1499938964844,502.75,496.0,497.5,487.7570495605469,1322999
2024-03-19,496.0,497.45001220703125,486.29998779296875,490.04998779296875,480.4529113769531,1840899
2024-03-20,490.04998779296875,496.3999938964844,487.29998779296875,492.6000061035156,482.9529724121094,818930
2024-03-21,495.0,501.5,491.54998779296875,500.70001220703125,490.8943786621094,1472539
2024-03-22,501.0,504.0,495.0,497.75,488.00213623046875,1090354
2024-03-26,491.04998779296875,499.70001220703125,491.04998779296875,496.54998779296875,486.82562255859375,1641519
2024-03-27,499.0,499.45001220703125,492.6000061035156,494.79998779296875,485.1098937988281,765910
2024-03-28,496.3999938964844,499.95001220703125,490.79998779296875,497.20001220703125,487.46295166015625,1873929
2024-04-01,497.20001220703125,504.8999938964844,494.70001220703125,495.79998779296875,486.0903015136719,798915
2024-04-02,497.0,499.8999938964844,496.0,499.0,489.2276611328125,665814
2024-04-03,501.25,501.79998779296875,495.20001220703125,496.04998779296875,486.3354187011719,753923
2024-04-04,499.25,499.25,490.54998779296875,491.5,481.8745422363281,967522
2024-04-05,494.5,510.8500061035156,493.04998779296875,509.5,499.52203369140625,3357470
2024-04-08,511.5,521.0,509.8999938964844,519.0,508.83599853515625,1952580
2024-04-09,518.7999877929688,519.75,507.6499938964844,509.54998779296875,499.571044921875,609398
2024-04-10,513.2000122070312,516.5999755859375,507.1499938964844,515.2000122070312,505.11041259765625,937271
2024-04-12,516.7000122070312,519.2999877929688,512.9500122070312,514.5499877929688,504.47314453125,900595
2024-04-15,510.1499938964844,514.0,505.3500061035156,509.25,499.27691650390625,1163084
2024-04-16,506.70001220703125,515.4500122070312,502.20001220703125,508.1499938964844,498.1984558105469,1357134
2024-04-18,512.7999877929688,515.9500122070312,495.1499938964844,506.3999938964844,496.4827575683594,3161005
2024-04-19,503.8500061035156,508.0,502.0,505.29998779296875,495.4042663574219,1090283
2024-04-22,515.5499877929688,515.5499877929688,505.25,506.0,496.090576171875,3016169
2024-04-23,507.5,513.4500122070312,505.6000061035156,510.1499938964844,500.1593017578125,860942
2024-04-24,510.6000061035156,513.2000122070312,508.0,509.29998779296875,499.3259582519531,553044
2024-04-25,511.29998779296875,511.29998779296875,503.1499938964844,510.1499938964844,500.1593017578125,642394
2024-04-26,511.95001220703125,518.7000122070312,510.3500061035156,517.8499755859375,507.70849609375,1801225
2024-04-29,520.5,524.0,512.7999877929688,515.5999755859375,505.5025329589844,1650076
2024-04-30,518.0,519.9500122070312,515.5999755859375,518.0,507.8555908203125,1307750
2024-05-02,517.5,522.7999877929688,513.4000244140625,517.8499755859375,507.70849609375,926594
2024-05-03,519.9500122070312,521.4500122070312,510.45001220703125,516.9000244140625,506.7771301269531,1104998
2024-05-06,520.9000244140625,534.0,518.25,530.2999877929688,519.9146728515625,3372308
2024-05-07,562.0,586.0,559.5999755859375,583.5,572.0728149414062,35041160
2024-05-08,583.5,598.5,573.5,595.6500244140625,583.98486328125,8678579
2024-05-09,590.2000122070312,593.6500244140625,579.3499755859375,581.3499755859375,569.9649658203125,6584839
2024-05-10,581.0,588.5,574.2000122070312,587.1500244140625,575.6513671875,1775304
2024-05-13,590.8499755859375,605.25,584.4000244140625,594.5499877929688,582.9064331054688,3806732
2024-05-14,593.9500122070312,612.4000244140625,585.75,600.25,588.4948120117188,4911104
2024-05-15,601.7999877929688,603.1500244140625,586.1500244140625,591.5999755859375,580.01416015625,1257277
2024-05-16,590.7000122070312,601.0,585.0499877929688,591.25,579.6710815429688,2586189
2024-05-17,591.4000244140625,600.0,582.2999877929688,597.0499877929688,585.3574829101562,2280419
2024-05-21,592.0,597.5,585.0,590.1500244140625,578.5925903320312,2397255
2024-05-22,591.0,608.2999877929688,590.2000122070312,602.7000122070312,590.8968505859375,4604232
2024-05-23,607.1500244140625,613.7000122070312,601.9000244140625,608.1500244140625,596.2400512695312,3345604
2024-05-24,606.5999755859375,606.5999755859375,596.25,604.0,592.17138671875,1841955
2024-05-27,612.9000244140625,612.9000244140625,600.5999755859375,602.5499877929688,590.749755859375,1748191
2024-05-28,607.0,615.9000244140625,602.8499755859375,608.0999755859375,596.1910400390625,3123135
2024-05-29,608.0,615.0,601.75,605.4500122070312,593.593017578125,2252674
2024-05-30,601.0499877929688,604.9000244140625,590.6500244140625,597.25,585.5535278320312,1280510
2024-05-31,597.25,603.5,591.5499877929688,595.5499877929688,583.8868408203125,4303624
2024-06-03,609.0,609.0,592.0,594.0999755859375,582.4651489257812,1859030
2024-06-04,602.0,620.0,588.25,614.5499877929688,602.5147094726562,9095613
2024-06-05,621.4500122070312,667.2000122070312,618.0999755859375,645.5,632.858642578125,13511763
2024-06-06,646.7999877929688,650.0,626.5499877929688,637.8499755859375,625.3583984375,2216040
2024-06-07,634.0999755859375,654.9500122070312,634.0999755859375,653.0,640.2117309570312,2475400
2024-06-10,655.0,659.5,646.5,651.6500244140625,638.8882446289062,1431839
2024-06-11,651.0,661.3499755859375,645.4500122070312,647.2999877929688,634.623291015625,1434087
2024-06-12,650.0,650.0,625.7999877929688,629.5,617.1719970703125,3807297
2024-06-13,634.9500122070312,635.0,605.3499755859375,611.25,599.2793579101562,13174925
2024-06-14,614.8499755859375,621.9500122070312,610.7999877929688,619.3499755859375,607.2207641601562,2504833
2024-06-18,625.0,625.0,615.7000122070312,623.5,611.2894897460938,1998831
2024-06-19,627.0,630.5999755859375,617.75,622.4500122070312,610.2600708007812,2262576
2024-06-20,625.0,629.5,616.25,628.4000244140625,616.093505859375,964116
2024-06-21,628.4000244140625,629.5499877929688,609.0,609.7999877929688,597.8577880859375,2029376
2024-06-24,610.0,623.9500122070312,607.0,623.0499877929688,610.8483276367188,1626740
2024-06-25,623.7999877929688,624.9000244140625,613.5499877929688,615.0499877929688,603.0048828125,1199541
2024-06-26,614.7999877929688,619.9000244140625,609.0999755859375,613.1500244140625,601.1421508789062,2712167
2024-06-27,613.0,620.4000244140625,608.7999877929688,611.6500244140625,599.6715698242188,2676129
2024-06-28,613.0,622.6500244140625,610.5999755859375,613.0,600.9951171875,1587880
2024-07-01,614.2000122070312,622.9000244140625,614.2000122070312,620.5,608.3482055664062,2138264
2024-07-02,620.5,621.5,601.0,603.1500244140625,591.3380737304688,2968214
2024-07-03,604.4000244140625,609.1500244140625,601.75,607.5,595.602783203125,1426759
2024-07-04,613.5999755859375,613.5999755859375,605.6500244140625,608.0499877929688,596.1420288085938,2066331
2024-07-05,609.0,618.7000122070312,606.5,615.3499755859375,603.2990112304688,6070845
2024-07-08,632.0,655.7999877929688,629.0,641.2999877929688,628.7408447265625,7813665
2024-07-09,639.9500122070312,644.2999877929688,630.5499877929688,637.7999877929688,625.3093872070312,2729681
2024-07-10,638.5499877929688,655.0,632.1500244140625,646.0999755859375,633.4468383789062,4021275
2024-07-11,649.7000122070312,649.7000122070312,638.25,644.7999877929688,632.1723022460938,2390064
2024-07-12,648.25,654.5999755859375,636.0,650.0999755859375,637.3685302734375,4784826
2024-07-15,658.9500122070312,658.9500122070312,646.7000122070312,652.9500122070312,640.1627197265625,2052411
2024-07-16,654.0,672.9000244140625,652.9500122070312,667.3499755859375,654.2807006835938,3414923
2024-07-18,664.25,686.25,664.25,684.8499755859375,671.43798828125,6427954
2024-07-19,686.0,686.2000122070312,666.4000244140625,668.6500244140625,655.5552978515625,929516
2024-07-22,669.9500122070312,672.1500244140625,663.5499877929688,668.0499877929688,654.9669799804688,1127244
2024-07-23,667.0,680.0,659.9500122070312,672.5499877929688,659.37890625,1800272
2024-07-24,671.9500122070312,674.5,649.0999755859375,657.9500122070312,645.0648193359375,3992281
2024-07-25,657.0,678.9000244140625,653.9500122070312,675.0,661.7809448242188,2901644
2024-07-26,675.7999877929688,682.0,672.7999877929688,679.75,666.4378662109375,1132507
2024-07-29,679.5,685.0,676.0499877929688,683.0499877929688,669.6732177734375,1787407
2024-07-30,683.0499877929688,691.0,673.0999755859375,681.0,667.6633911132812,3126859
2024-07-31,681.75,683.9000244140625,670.7999877929688,674.0999755859375,660.8984985351562,1711988
2024-08-01,675.6500244140625,681.4500122070312,670.5999755859375,674.9000244140625,661.682861328125,1148693
2024-08-02,672.0,677.75,659.5999755859375,662.4000244140625,649.4276733398438,959145
2024-08-05,656.1500244140625,682.0,656.1500244140625,672.1500244140625,658.9867553710938,10662953
2024-08-06,672.0,672.0,626.25,628.5,616.1915283203125,6060478
2024-08-07,630.5,651.75,628.0,649.0499877929688,636.339111328125,2720532
2024-08-08,654.0,658.9000244140625,642.75,652.25,639.4764404296875,2938101
2024-08-09,657.0,659.4500122070312,648.3499755859375,653.0,640.2117309570312,1218872
2024-08-12,648.0,651.0,637.7000122070312,644.6500244140625,632.0253295898438,1318087
2024-08-13,647.0,665.75,646.9000244140625,660.5499877929688,647.6138916015625,4531168
2024-08-14,660.7999877929688,665.2000122070312,641.5999755859375,650.25,637.515625,1714599
2024-08-16,654.7999877929688,663.25,650.5999755859375,661.0499877929688,648.1040649414062,1290553
2024-08-19,666.2000122070312,673.75,660.7999877929688,669.1500244140625,656.0454711914062,1453761
2024-08-20,669.1500244140625,671.9500122070312,662.3499755859375,668.9000244140625,655.8003540039062,997284
2024-08-21,670.0,679.9500122070312,667.7000122070312,679.2999877929688,665.9967041015625,1206265
2024-08-22,679.2999877929688,687.5,677.7999877929688,682.9500122070312,669.5752563476562,2014766
2024-08-23,682.9500122070312,688.6500244140625,670.4500122070312,678.2000122070312,664.9182739257812,1708479
2024-08-26,681.0,692.7999877929688,678.7999877929688,688.5499877929688,675.0654907226562,1839363
2024-08-27,686.5,691.4500122070312,673.0,675.7999877929688,662.5652465820312,1403508
2024-08-28,675.7999877929688,678.9000244140625,660.0,661.9000244140625,648.9374389648438,2436997
2024-08-29,661.9000244140625,666.0,651.4500122070312,660.75,647.8099365234375,2123160
2024-08-30,659.0499877929688,664.7000122070312,644.75,647.1500244140625,634.476318359375,7817523
2024-09-02,648.0,655.6500244140625,643.5,650.9500122070312,638.201904296875,1586559
2024-09-03,644.9500122070312,653.25,639.4500122070312,640.0499877929688,627.515380859375,2470124
2024-09-04,635.0,647.6500244140625,633.0,645.5999755859375,632.9566040039062,2925734
2024-09-05,640.0999755859375,647.0,636.9000244140625,643.9000244140625,631.2899780273438,2658323
2024-09-06,648.0,673.9500122070312,647.9500122070312,665.25,652.2218627929688,6822379
2024-09-09,665.0,678.2999877929688,660.5,676.0,662.7612915039062,4064358
2024-09-10,680.2000122070312,684.5,675.2999877929688,680.0,666.6829833984375,1942309
2024-09-11,678.0,690.0,676.2999877929688,680.4500122070312,667.1241455078125,3149673
2024-09-12,683.4500122070312,687.9000244140625,680.5499877929688,686.0999755859375,672.6634521484375,1231420
2024-09-13,688.0,690.2000122070312,677.75,681.9500122070312,668.5947875976562,1550794
2024-09-16,683.0499877929688,697.4000244140625,675.5499877929688,695.2000122070312,681.5853271484375,1850346
2024-09-17,697.7000122070312,705.0,689.2999877929688,692.0,678.447998046875,1738717
2024-09-18,693.0,696.2999877929688,686.5499877929688,695.2999877929688,681.6834106445312,972495
2024-09-19,696.0,702.5,690.1500244140625,697.0,683.35009765625,1715999
2024-09-20,700.0,710.5,697.5,709.0,695.1150512695312,2799627
2024-09-23,709.0499877929688,710.0,696.8499755859375,702.5,688.7423706054688,1228223
2024-09-24,699.0,709.7000122070312,695.6500244140625,705.0999755859375,691.2914428710938,1692449
2024-09-25,707.5999755859375,707.5999755859375,681.5499877929688,689.2000122070312,675.7028198242188,1373871
2024-09-26,691.0,700.9000244140625,683.25,693.5999755859375,680.0166015625,3431866
2024-09-27,695.0499877929688,713.5,688.0,692.4500122070312,678.88916015625,14237170
2024-09-30,680.5,705.0,680.5,695.4000244140625,681.7814331054688,2531313
2024-10-01,694.0,699.4500122070312,685.0,693.6500244140625,680.065673828125,1856288
2024-10-03,694.0,719.8499755859375,690.3499755859375,699.0499877929688,685.3599243164062,4581037
2024-10-04,699.7000122070312,703.9500122070312,684.4000244140625,690.2000122070312,676.6832275390625,2050300
2024-10-07,686.25,694.2000122070312,673.7999877929688,678.7999877929688,665.5065307617188,1932861
2024-10-08,677.0999755859375,699.5999755859375,675.3499755859375,697.9000244140625,684.2324829101562,2796644
2024-10-09,700.0,703.1500244140625,692.25,698.2000122070312,684.5265502929688,1272191
2024-10-10,699.0,704.6500244140625,683.3499755859375,685.0999755859375,671.68310546875,500562
2024-10-11,685.0999755859375,693.4500122070312,681.2999877929688,685.5,672.0752563476562,503183
2024-10-14,685.5,690.5,674.0499877929688,689.3499755859375,675.849853515625,578035
2024-10-15,688.0,692.5,680.75,685.7000122070312,672.2714233398438,1634535
2024-10-16,688.7999877929688,688.7999877929688,677.0999755859375,679.5499877929688,666.2417602539062,3308928
2024-10-17,681.0,681.0,661.1500244140625,666.0999755859375,653.05517578125,1803690
2024-10-18,665.0,673.7999877929688,654.5999755859375,669.2999877929688,656.1925048828125,2268280
2024-10-21,665.0999755859375,670.0999755859375,658.0999755859375,661.9500122070312,648.9864501953125,1528718
2024-10-22,662.0,667.3499755859375,655.0499877929688,657.0,644.1334228515625,1235282
2024-10-23,659.0,665.0,648.6500244140625,656.5999755859375,643.7412109375,1273237
2024-10-24,657.5,661.0999755859375,631.2000122070312,634.25,621.8289184570312,1911649
2024-10-25,635.0,645.5,631.0499877929688,640.0999755859375,627.5643310546875,1594085
2024-10-28,640.0999755859375,642.0,616.8499755859375,634.0,621.5838012695312,3375207
2024-10-29,634.0,638.0999755859375,624.0,629.1500244140625,616.828857421875,1207825
2024-10-30,668.0,687.0,647.0499877929688,651.1500244140625,638.3980102539062,13797789
2024-10-31,649.9000244140625,649.9000244140625,632.8499755859375,640.0,627.4663696289062,2765889
2024-11-01,643.7999877929688,650.9500122070312,642.0,645.9500122070312,633.2998657226562,224128
2024-11-04,642.5999755859375,644.4500122070312,624.7999877929688,634.9500122070312,622.5152587890625,1501436
2024-11-05,634.0999755859375,636.6500244140625,627.9500122070312,634.0,621.5838012695312,2574988
2024-11-06,631.4000244140625,650.0,631.4000244140625,648.7000122070312,635.9959716796875,814595
2024-11-07,648.4000244140625,648.4000244140625,630.2000122070312,631.6500244140625,619.2799072265625,1004635
2024-11-08,633.0,636.8499755859375,627.4000244140625,629.8499755859375,617.5150756835938,457247
2024-11-11,625.0,628.2999877929688,613.4500122070312,617.0999755859375,605.0147705078125,1270012
2024-11-12,618.9000244140625,618.9000244140625,594.0999755859375,595.5499877929688,583.8868408203125,5562123
2024-11-13,594.5,603.1500244140625,589.0499877929688,597.2000122070312,585.5045776367188,4858275
2024-11-14,600.4000244140625,600.9500122070312,591.5999755859375,592.25,580.6514282226562,855697
2024-11-18,592.25,596.4500122070312,579.5999755859375,595.1500244140625,583.4946899414062,2092848
2024-11-19,597.4000244140625,599.8499755859375,590.0,590.9500122070312,579.376953125,861557
2024-11-21,589.0,592.0,584.2000122070312,591.0499877929688,579.4749145507812,918041
2024-11-22,590.0,601.6500244140625,585.0,599.1500244140625,587.4163208007812,730158
2024-11-25,604.1500244140625,613.8499755859375,598.7999877929688,607.7999877929688,595.8969116210938,7697180
2024-11-26,612.4500122070312,633.0,608.0499877929688,628.3499755859375,616.04443359375,3737523
2024-11-27,624.3499755859375,653.7000122070312,622.3499755859375,649.9000244140625,637.1724243164062,4938340
2024-11-28,649.9000244140625,664.0999755859375,642.7999877929688,644.8499755859375,632.2213134765625,5907307
2024-11-29,635.0,651.2999877929688,630.7000122070312,644.9500122070312,632.3193969726562,2575758
2024-12-02,637.0999755859375,649.1500244140625,637.0,646.5499877929688,633.8881225585938,2030938
2024-12-03,646.5,646.5,637.0,641.7000122070312,629.133056640625,1018771
2024-12-04,641.7999877929688,643.1500244140625,627.0499877929688,631.5999755859375,619.2308349609375,1433224
2024-12-05,631.0499877929688,635.0,627.2000122070312,633.25,620.8485107421875,939448
2024-12-06,633.2999877929688,639.4000244140625,631.0,633.6500244140625,621.24072265625,942056
2024-12-09,621.0999755859375,628.3499755859375,600.5499877929688,607.75,595.8479614257812,4029912
2024-12-10,607.5,617.0,606.0,613.9000244140625,601.8775024414062,1718121
2024-12-11,614.4000244140625,634.2999877929688,614.0,632.9000244140625,620.50537109375,2423839
2024-12-12,632.9000244140625,648.5999755859375,630.9500122070312,635.9000244140625,623.4466552734375,3551037
2024-12-13,630.0,642.5499877929688,629.4500122070312,639.7999877929688,627.2702026367188,1877660
2024-12-16,639.6500244140625,647.1500244140625,633.5,645.0999755859375,632.4664306640625,2951376
2024-12-17,645.1500244140625,648.0,629.1500244140625,633.4500122070312,621.0446166992188,2068434
2024-12-18,630.75,644.5,629.0499877929688,640.8499755859375,628.2996826171875,1481711
2024-12-19,640.7999877929688,644.0,629.5,640.9500122070312,628.397705078125,1353612
2024-12-20,641.8499755859375,647.5,626.0,627.9500122070312,615.65234375,1756903
2024-12-23,625.1500244140625,638.0,620.2000122070312,636.5499877929688,624.0838623046875,1262775
2024-12-24,636.9000244140625,645.7000122070312,621.7999877929688,633.3499755859375,620.946533203125,1573431
2024-12-26,628.9500122070312,634.25,625.5499877929688,632.5999755859375,620.2112426757812,667331
2024-12-27,632.0,635.0999755859375,628.75,632.5999755859375,620.2112426757812,690259
2024-12-30,632.5999755859375,644.9000244140625,628.2000122070312,642.2000122070312,629.623291015625,1421436
2024-12-31,641.1500244140625,642.0999755859375,634.25,639.5,626.9761352539062,1228183
2025-01-01,636.0,648.2000122070312,634.0499877929688,644.0,631.3880615234375,1612824
2025-01-02,635.2999877929688,656.0,635.2999877929688,653.3499755859375,640.5548706054688,1609622
2025-01-03,657.0,663.6500244140625,647.6500244140625,660.9500122070312,648.006103515625,1752004
2025-01-06,667.0,675.0499877929688,633.1500244140625,648.3499755859375,635.6527709960938,2833965
2025-01-07,645.2999877929688,654.75,638.6500244140625,643.5999755859375,630.9957885742188,1687921
2025-01-08,638.0999755859375,640.3499755859375,623.25,638.4000244140625,625.897705078125,1621163
2025-01-09,639.0,668.9500122070312,635.8499755859375,666.9000244140625,653.839599609375,2573131
2025-01-10,669.0,679.5999755859375,664.7000122070312,673.9000244140625,660.702392578125,3578086
2025-01-13,671.0,675.25,663.3499755859375,668.4000244140625,655.3101196289062,3161422
2025-01-14,665.0,669.4000244140625,654.75,661.0999755859375,648.1531372070312,1619502
2025-01-15,664.9000244140625,664.9000244140625,650.75,659.75,646.82958984375,947122
2025-01-16,660.9500122070312,662.7999877929688,648.3499755859375,652.5999755859375,639.8195190429688,739133
2025-01-17,650.0,667.9000244140625,645.4000244140625,664.4000244140625,651.3884887695312,2338569
2025-01-20,667.4500122070312,667.4500122070312,655.3499755859375,657.4500122070312,644.5745849609375,456518
2025-01-21,662.0999755859375,668.2999877929688,657.1500244140625,666.4000244140625,653.3493041992188,2291644
2025-01-22,668.0,670.0,660.8499755859375,665.3499755859375,652.3198852539062,2086320
2025-01-23,664.9500122070312,674.3499755859375,656.5,667.9000244140625,654.8199462890625,593272
2025-01-24,669.3499755859375,672.5499877929688,663.4000244140625,666.2000122070312,653.1532592773438,529334
2025-01-27,661.0499877929688,667.0,654.25,656.6500244140625,643.7903442382812,467561
2025-01-28,656.6500244140625,668.0999755859375,654.2999877929688,663.9500122070312,650.947265625,1500950
2025-01-29,666.0,683.5999755859375,664.3499755859375,671.8499755859375,658.6925659179688,2457335
2025-01-30,674.5499877929688,680.0,668.0999755859375,672.1500244140625,658.9867553710938,911550
2025-01-31,677.0,686.5499877929688,655.0499877929688,670.6500244140625,657.51611328125,3690369
2025-02-01,670.6500244140625,736.9000244140625,666.0499877929688,694.2000122070312,680.6048583984375,4446114
2025-02-03,688.4000244140625,690.0499877929688,661.8499755859375,673.3499755859375,660.1632080078125,2367737
2025-02-04,672.9500122070312,679.75,665.0999755859375,677.0499877929688,663.790771484375,1492015
2025-02-05,675.5499877929688,676.0,662.4000244140625,668.75,655.6533203125,1988584
2025-02-06,669.4000244140625,676.7000122070312,657.75,661.5499877929688,648.5942993164062,1253699
2025-02-07,661.2000122070312,663.9500122070312,644.9500122070312,649.25,639.9207763671875,837069
2025-02-10,648.4500122070312,652.0,635.5999755859375,644.0999755859375,634.8447875976562,2613543
2025-02-11,640.2000122070312,650.3499755859375,626.5499877929688,634.7000122070312,625.579833984375,998016
2025-02-12,630.7000122070312,638.2999877929688,620.2999877929688,632.1500244140625,623.0664672851562,1073537
2025-02-13,630.0,643.3499755859375,630.0,634.5,625.3827514648438,1144554
2025-02-14,635.0499877929688,638.25,629.5,633.75,624.6434936523438,1821215
2025-02-17,625.5,632.1500244140625,613.5999755859375,624.75,615.7728271484375,1571043
2025-02-18,620.25,628.0499877929688,619.7000122070312,626.1500244140625,617.1527099609375,712638
2025-02-19,626.1500244140625,639.5499877929688,620.25,634.9500122070312,625.8262939453125,1023390
2025-02-20,633.4500122070312,643.4000244140625,630.0,641.5999755859375,632.380615234375,891876
2025-02-21,642.0,644.6500244140625,615.2000122070312,624.7999877929688,615.8220825195312,1976242
2025-02-24,611.0,625.8499755859375,611.0,621.25,612.3231201171875,1542899
2025-02-25,616.25,623.75,615.8499755859375,621.7999877929688,612.865234375,1225342
2025-02-27,610.0,625.25,609.9500122070312,623.2999877929688,614.3436279296875,1440672
2025-02-28,620.7999877929688,624.5499877929688,598.0499877929688,600.5999755859375,591.9697875976562,2680280
2025-03-03,596.7999877929688,599.6500244140625,589.5,594.1500244140625,585.612548828125,1783194
2025-03-04,585.0,590.5999755859375,577.8499755859375,587.75,579.304443359375,4370725
2025-03-05,584.7999877929688,594.2000122070312,581.9500122070312,589.1500244140625,580.6843872070312,3256655
2025-03-06,596.75,611.5,594.0,607.7000122070312,598.9678344726562,2103830
2025-03-07,607.7000122070312,613.3499755859375,604.9500122070312,609.6500244140625,600.8898315429688,1327590
2025-03-10,609.9500122070312,615.0,605.25,607.2999877929688,598.5735473632812,1188893
2025-03-11,605.8499755859375,606.4000244140625,592.7000122070312,602.9000244140625,594.23681640625,2227722
2025-03-12,603.0999755859375,607.5999755859375,597.9500122070312,600.3499755859375,591.7234497070312,3676916
2025-03-13,603.4500122070312,613.0,598.75,606.2999877929688,597.587890625,689569
2025-03-17,601.0,609.5999755859375,601.0,607.5499877929688,598.8199462890625,820003
2025-03-18,607.5499877929688,607.5499877929688,607.5499877929688,607.5499877929688,598.8199462890625,0
2025-03-19,618.4500122070312,622.75,615.25,619.0999755859375,610.2039794921875,1640160
2025-03-20,623.5999755859375,633.8499755859375,615.5,632.3499755859375,623.2636108398438,1000000
2025-03-21,634.5,634.5499877929688,627.5,630.7999877929688,621.7359008789062,1549109
2025-03-24,635.2000122070312,636.0,629.8499755859375,632.9000244140625,623.8057250976562,697650
2025-03-25,634.5999755859375,638.9500122070312,622.2000122070312,624.7999877929688,615.8220825195312,1419249
2025-03-26,629.0,642.9000244140625,627.0999755859375,639.75,630.5572509765625,1901786
2025-03-27,642.0,651.5,635.7000122070312,649.0499877929688,639.7236328125,1497543
2025-03-28,649.0499877929688,661.0,649.0,651.6500244140625,642.2863159179688,1075086
2025-04-01,641.0,660.5,641.0,647.5499877929688,638.2451782226562,1203066
2025-04-02,650.5,659.9000244140625,643.7999877929688,656.4500122070312,647.017333984375,2202713
2025-04-03,655.0,662.5,645.0999755859375,660.9500122070312,651.4526977539062,2210443
2025-04-04,658.9000244140625,682.0,653.9500122070312,677.2999877929688,667.5676879882812,4041611
2025-04-07,650.0,678.0,647.5499877929688,662.6500244140625,653.1282348632812,2540552
2025-04-08,668.0,680.0,660.9500122070312,678.0999755859375,668.356201171875,3307994
2025-04-09,677.0499877929688,698.4000244140625,675.5,693.4500122070312,683.4856567382812,3695669
2025-04-11,693.4500122070312,714.6500244140625,687.75,709.9500122070312,699.7485961914062,5205941
2025-04-15,716.0,720.0,701.4000244140625,711.8499755859375,701.6212768554688,4917060
2025-04-16,711.0999755859375,724.5499877929688,709.0999755859375,720.4500122070312,710.0977172851562,2898568
2025-04-17,718.0,726.2999877929688,713.0499877929688,714.7999877929688,704.5288696289062,2584756
2025-04-21,714.7999877929688,714.7999877929688,694.0999755859375,695.1500244140625,685.1612548828125,2702126
2025-04-22,698.9000244140625,716.4000244140625,694.0999755859375,709.1500244140625,698.9600830078125,2138487
2025-04-23,710.9500122070312,719.4000244140625,707.0999755859375,716.5499877929688,706.2537231445312,2282463
2025-04-24,716.7999877929688,722.7999877929688,705.4500122070312,712.75,702.50830078125,2663875
2025-04-25,717.2999877929688,722.2999877929688,706.2000122070312,710.4000244140625,700.192138671875,1566764
2025-04-28,707.7000122070312,722.25,705.5999755859375,715.4500122070312,705.1695556640625,2393391
2025-04-29,715.4500122070312,723.9500122070312,709.9500122070312,711.3499755859375,701.12841796875,1846949
2025-04-30,710.8499755859375,722.7999877929688,706.5499877929688,710.4500122070312,700.2413940429688,2215886
2025-05-02,708.0499877929688,713.0,696.0,698.7999877929688,688.7587280273438,1100691
2025-05-05,709.7999877929688,735.8499755859375,709.75,722.6500244140625,712.26611328125,8525971
2025-05-06,722.6500244140625,727.7000122070312,713.5499877929688,720.0999755859375,709.752685546875,2063870
2025-05-07,707.0,737.5,707.0,736.3499755859375,725.7691650390625,3995818
2025-05-08,740.0,740.2000122070312,716.5999755859375,719.5499877929688,709.2105712890625,3195214
2025-05-09,712.0,725.0,712.0,723.2999877929688,712.90673828125,2511756
2025-05-12,734.9500122070312,739.0,726.9000244140625,738.0999755859375,727.4940185546875,1515956
2025-05-13,738.0,738.0,725.0999755859375,727.5999755859375,717.1449584960938,2720588
2025-05-14,723.9500122070312,732.7999877929688,720.7999877929688,722.5499877929688,712.1675415039062,2751553
2025-05-15,726.7999877929688,731.0,716.7000122070312,720.5999755859375,710.2455444335938,4308349
2025-05-16,721.0,729.9000244140625,716.0999755859375,724.4000244140625,713.990966796875,1909055
2025-05-19,724.4000244140625,726.7999877929688,713.5499877929688,716.5999755859375,706.302978515625,1434238
2025-05-20,721.7999877929688,722.75,702.2999877929688,704.0499877929688,693.933349609375,2493313
2025-05-21,705.25,718.2999877929688,705.25,709.6500244140625,699.452880859375,2944314
2025-05-22,709.7999877929688,712.0,695.0999755859375,698.25,688.2166748046875,2352847
2025-05-23,698.25,709.25,696.75,700.8499755859375,690.779296875,1724941
2025-05-26,704.0,712.5,702.3499755859375,711.3499755859375,701.12841796875,1994607
2025-05-27,712.4500122070312,717.0,702.75,715.6500244140625,705.36669921875,1267453
2025-05-28,718.0999755859375,725.0,713.7000122070312,719.2999877929688,708.9642333984375,2271957
2025-05-29,723.9000244140625,726.0,712.2999877929688,723.4500122070312,713.0545654296875,2316776
2025-05-30,719.4000244140625,727.9000244140625,711.9000244140625,716.4500122070312,706.1551513671875,3894257
2025-06-02,715.0499877929688,718.7999877929688,700.7999877929688,704.3499755859375,694.22900390625,1630797
2025-06-03,708.7999877929688,708.7999877929688,699.4500122070312,703.5999755859375,693.4898071289062,1738779
2025-06-04,704.5,708.4500122070312,699.7999877929688,703.0499877929688,692.94775390625,1944866
2025-06-05,707.0499877929688,707.0499877929688,699.6500244140625,703.1500244140625,693.0462646484375,1319022
2025-06-06,705.0,705.75,697.0,698.6500244140625,688.6109008789062,1105116
2025-06-09,700.4500122070312,705.9000244140625,695.0999755859375,704.3499755859375,694.22900390625,904800
2025-06-10,707.4000244140625,708.75,696.4000244140625,698.6500244140625,688.6109008789062,1533185
2025-06-11,699.0,707.4000244140625,697.4000244140625,700.25,690.1879272460938,3560937
2025-06-12,703.7999877929688,705.0,690.5999755859375,692.4500122070312,682.5,1686574
2025-06-13,684.7999877929688,693.5499877929688,681.8499755859375,691.2000122070312,681.2680053710938,1359160
2025-06-16,685.5999755859375,692.25,680.2999877929688,690.7999877929688,680.8737182617188,1894563
2025-06-17,692.0,696.4000244140625,684.2000122070312,686.8499755859375,676.98046875,2159490
2025-06-18,686.8499755859375,694.5999755859375,686.25,689.7000122070312,679.78955078125,1810324
2025-06-19,694.0,695.5,687.4000244140625,690.5999755859375,680.6765747070312,973270
2025-06-20,690.5999755859375,696.7999877929688,687.0,693.2999877929688,683.3378295898438,2558526
2025-06-23,691.0,699.0,687.5499877929688,693.9000244140625,683.92919921875,1200845
2025-06-24,699.1500244140625,705.7000122070312,695.0,703.5,693.3912353515625,1250576
2025-06-25,708.9000244140625,712.0,703.5999755859375,704.9000244140625,694.7711791992188,3216401
2025-06-26,705.7999877929688,727.9000244140625,705.7999877929688,726.25,715.8143310546875,3673197
2025-06-27,728.0,735.7000122070312,724.4500122070312,731.6500244140625,721.13671875,4329253
2025-06-30,729.4500122070312,730.9500122070312,718.0,722.3499755859375,711.9703369140625,1618205
2025-07-01,723.9500122070312,729.0,710.5,717.2999877929688,706.992919921875,1202600
2025-07-02,717.0499877929688,719.0999755859375,705.3499755859375,712.4000244140625,702.1633911132812,2521750
2025-07-03,713.2000122070312,717.75,707.1500244140625,713.3499755859375,703.0996704101562,2125636
2025-07-04,735.0,744.4500122070312,725.2000122070312,728.5999755859375,718.1305541992188,6030354
2025-07-07,728.9500122070312,739.0,727.2999877929688,729.3499755859375,718.8697509765625,2641977
2025-07-08,730.0,734.4000244140625,725.8499755859375,727.9500122070312,717.4899291992188,1764146
2025-07-09,730.2999877929688,732.2000122070312,721.0499877929688,730.3499755859375,719.8554077148438,2447741
2025-07-10,735.0,735.0,725.2999877929688,726.9500122070312,716.5043334960938,1174052
2025-07-11,728.2000122070312,735.0,722.5499877929688,725.6500244140625,715.2230224609375,1263356
2025-07-14,730.7000122070312,731.8499755859375,722.5999755859375,728.0,717.5391845703125,1403107
2025-07-15,727.9000244140625,742.2000122070312,726.25,740.2000122070312,729.5639038085938,1267255
2025-07-16,745.0,745.0,729.3499755859375,731.6500244140625,721.13671875,1250246
2025-07-17,732.9000244140625,738.4000244140625,731.9500122070312,733.2999877929688,722.7630615234375,1114793
2025-07-18,733.2999877929688,734.0999755859375,719.0999755859375,720.2000122070312,709.8512573242188,554526
2025-07-21,720.2000122070312,726.5,712.7999877929688,717.7000122070312,707.38720703125,2355411
2025-07-22,720.0,724.5499877929688,714.9500122070312,716.3499755859375,706.0565795898438,1717457
2025-07-23,718.9000244140625,722.0999755859375,711.7000122070312,720.5999755859375,710.2455444335938,1226308
2025-07-24,720.0,723.7999877929688,701.0,706.9000244140625,696.7423706054688,888831
2025-07-25,705.6500244140625,707.0499877929688,691.5,693.9500122070312,683.978515625,937078
2025-07-28,694.2999877929688,709.7999877929688,690.2000122070312,698.4000244140625,688.3645629882812,1956621
2025-07-29,696.0,701.2999877929688,691.5,698.2000122070312,688.1674194335938,2285806
2025-07-30,698.1500244140625,705.6500244140625,696.1500244140625,703.0499877929688,692.94775390625,2091790
2025-07-31,700.0,714.3499755859375,699.0,709.7999877929688,699.6007080078125,2682787
2025-08-01,707.0999755859375,724.9500122070312,707.0999755859375,711.2000122070312,707.9625244140625,2791635
2025-08-04,712.9500122070312,733.9000244140625,707.0999755859375,723.2999877929688,720.0073852539062,4451592
2025-08-05,730.0499877929688,734.8499755859375,707.4000244140625,716.0499877929688,712.7904052734375,3632435
2025-08-06,720.0,724.0999755859375,709.2999877929688,714.6500244140625,711.3967895507812,2396780
2025-08-07,712.1500244140625,719.9000244140625,707.25,718.5499877929688,715.2789916992188,977299
2025-08-08,718.9500122070312,719.25,702.7000122070312,703.9500122070312,700.7454833984375,1321300
2025-08-11,705.7999877929688,710.1500244140625,695.2000122070312,707.0,703.7816162109375,1145468
2025-08-12,707.7000122070312,712.5,702.8499755859375,704.0999755859375,700.894775390625,867153
2025-08-13,705.0499877929688,711.0,699.25,710.2000122070312,706.967041015625,1291837
2025-08-14,710.2000122070312,713.2000122070312,704.9000244140625,710.5499877929688,707.3154296875,1469217
2025-08-18,725.0499877929688,728.7000122070312,714.2999877929688,720.4000244140625,717.12060546875,1946107
2025-08-19,720.5499877929688,730.0,712.0499877929688,727.9500122070312,724.63623046875,955973
2025-08-20,727.8499755859375,753.4000244140625,717.4500122070312,751.8499755859375,748.4274291992188,2543319
2025-08-21,759.0,759.0,737.4500122070312,739.6500244140625,736.2830200195312,3103085
2025-08-22,741.6500244140625,742.0999755859375,724.6500244140625,730.7000122070312,727.3737182617188,1579250
2025-08-25,732.75,734.2999877929688,720.4000244140625,722.4000244140625,719.1115112304688,1747160
2025-08-26,720.0,726.5999755859375,715.2000122070312,717.75,714.482666015625,5014160
2025-08-28,726.0,726.0,708.7000122070312,711.5999755859375,708.3606567382812,1888463
2025-08-29,710.0,727.0,709.2999877929688,725.8499755859375,722.5457763671875,2136019
2025-09-01,726.4000244140625,732.9000244140625,725.4500122070312,731.4000244140625,728.070556640625,1044767
2025-09-02,731.5999755859375,746.2000122070312,731.5,741.9000244140625,738.5227661132812,2961872
2025-09-03,742.0,742.9500122070312,732.0499877929688,734.75,731.4052734375,1252252
2025-09-04,754.75,754.75,734.7999877929688,738.5999755859375,735.2377319335938,2251956
2025-09-05,740.0,740.4500122070312,726.0,731.7000122070312,728.3692016601562,1035892
2025-09-08,730.7999877929688,736.0,728.7000122070312,730.5999755859375,727.274169921875,455182
2025-09-09,731.2000122070312,734.8499755859375,724.4500122070312,732.5,729.16552734375,1455793
2025-09-10,734.0,737.7000122070312,728.9000244140625,734.5499877929688,731.2061767578125,2564874
2025-09-11,736.4500122070312,738.9000244140625,729.9000244140625,734.0999755859375,730.7582397460938,1297516
2025-09-12,738.9500122070312,738.9500122070312,731.7000122070312,734.5499877929688,731.2061767578125,1040773
2025-09-15,734.0499877929688,735.9500122070312,724.0499877929688,727.5,724.1882934570312,2023144
2025-09-16,729.9500122070312,731.75,719.5499877929688,723.9000244140625,720.6046752929688,1685896
2025-09-17,730.0,730.0,709.9500122070312,711.9000244140625,708.6593017578125,5946154
2025-09-18,713.7999877929688,724.0999755859375,713.4000244140625,719.75,716.4735717773438,1972919
2025-09-19,721.0,723.9000244140625,716.0,720.1500244140625,716.8717651367188,3589676
2025-09-22,720.1500244140625,729.1500244140625,714.4000244140625,716.8499755859375,713.5867309570312,1425905
2025-09-23,720.4000244140625,721.5,704.5,706.0,702.7861328125,1832965
2025-09-24,709.0,713.75,700.0499877929688,707.5499877929688,704.3291015625,2131661
2025-09-25,710.4000244140625,711.3499755859375,702.0999755859375,703.5999755859375,700.3970336914062,1751179
2025-09-26,703.5999755859375,704.75,695.6500244140625,698.3499755859375,695.1709594726562,2170529
2025-09-29,695.0999755859375,703.0,690.2999877929688,698.7000122070312,695.5194091796875,2398826
2025-09-30,698.7000122070312,702.1500244140625,693.5,697.4000244140625,694.225341796875,1891260
2025-10-01,697.0,704.5999755859375,691.2999877929688,701.75,698.5554809570312,2015531
2025-10-03,700.0,712.75,697.5999755859375,710.9500122070312,707.713623046875,1495780
2025-10-06,715.0,716.75,703.9500122070312,715.5499877929688,712.2926635742188,1988455
2025-10-07,715.9500122070312,721.9500122070312,711.25,714.9500122070312,711.6954345703125,1864614
2025-10-08,710.0,713.9500122070312,707.0,710.7999877929688,707.5642700195312,1546833
2025-10-09,706.5,717.8499755859375,704.3499755859375,715.8499755859375,712.59130859375,1809553
2025-10-10,717.5,719.5499877929688,712.5,714.2999877929688,711.04833984375,1412130
2025-10-13,709.9000244140625,716.9000244140625,708.4500122070312,713.3499755859375,710.1026611328125,1598740
2025-10-14,713.3499755859375,717.4500122070312,707.0,708.2000122070312,704.9761352539062,632893
2025-10-15,708.25,713.0,705.2000122070312,710.2000122070312,706.967041015625,2960078
2025-10-16,710.0,726.9500122070312,708.4000244140625,725.7000122070312,722.396484375,1205842
2025-10-17,728.5,739.5,726.9500122070312,735.1500244140625,731.803466796875,1707666
2025-10-20,735.0999755859375,742.0,726.2999877929688,727.3499755859375,724.0389404296875,1394719
2025-10-21,729.0999755859375,729.9000244140625,718.0,722.0499877929688,718.7630615234375,81792
2025-10-23,722.0,736.5,720.2000122070312,724.7999877929688,721.5005493164062,1679459
2025-10-24,724.7999877929688,727.9000244140625,713.0,725.8499755859375,722.5457763671875,1279440
2025-10-27,725.9500122070312,728.5999755859375,717.0,723.5999755859375,720.3060302734375,1032827
2025-10-28,720.0999755859375,730.0,716.0,720.0499877929688,716.772216796875,2259608
2025-10-29,720.0999755859375,724.4000244140625,718.8499755859375,721.7999877929688,718.5142211914062,1943057
2025-10-30,720.0,724.7000122070312,717.1500244140625,721.5,718.215576171875,1504657
2025-10-31,721.5,728.6500244140625,718.6500244140625,719.9500122070312,716.6726684570312,1185320
2025-11-03,716.2999877929688,724.9000244140625,716.25,722.2000122070312,718.9124145507812,713200
2025-11-04,718.0,720.7999877929688,715.3499755859375,717.2999877929688,714.0347290039062,605166
2025-11-06,715.0,720.5,711.2000122070312,713.1500244140625,709.9036254882812,670236
2025-11-07,716.0,716.0,705.7999877929688,711.5999755859375,708.3606567382812,453081
2025-11-10,713.9000244140625,720.9000244140625,710.4500122070312,719.25,715.975830078125,337191
2025-11-11,718.4500122070312,718.4500122070312,709.7000122070312,713.0,709.7542724609375,2399280
2025-11-12,713.5,725.0999755859375,706.75,720.9500122070312,717.6680908203125,2394231
2025-11-13,720.9500122070312,727.1500244140625,718.0,722.0,718.7133178710938,698548
2025-11-14,722.0,741.8499755859375,712.4000244140625,738.7000122070312,735.3373413085938,2572321
2025-11-17,753.5,764.6500244140625,750.2000122070312,760.7000122070312,757.2371826171875,3726013
2025-11-18,757.9500122070312,765.2999877929688,753.0499877929688,756.4500122070312,753.0065307617188,2300354
2025-11-19,753.9000244140625,756.4000244140625,745.8499755859375,748.1500244140625,744.7443237304688,2500810
2025-11-20,748.0,751.9000244140625,733.3499755859375,736.1500244140625,732.7989501953125,1605550
2025-11-21,733.3499755859375,743.0,733.0,739.9000244140625,736.5318603515625,1754099
2025-11-24,740.9000244140625,742.9000244140625,730.3499755859375,735.9500122070312,732.599853515625,4028756
2025-11-25,735.0,736.1500244140625,728.0,731.3499755859375,728.020751953125,968184
2025-11-26,731.0499877929688,737.5,727.4000244140625,734.0999755859375,730.7582397460938,1984835
2025-11-27,736.4000244140625,738.5,720.5499877929688,727.4000244140625,724.0887451171875,1934840
2025-11-28,727.4000244140625,728.9000244140625,715.0,717.4000244140625,714.13427734375,1314458
2025-12-01,717.7000122070312,721.3499755859375,711.0499877929688,718.9500122070312,715.67724609375,2277267
2025-12-02,720.5,724.0999755859375,713.0499877929688,717.3499755859375,714.08447265625,2439574
2025-12-03,717.9000244140625,719.6500244140625,708.5,710.6500244140625,707.4150390625,1403587
2025-12-04,711.7999877929688,715.5499877929688,707.25,714.6500244140625,711.3967895507812,1425940
2025-12-05,716.0,737.7999877929688,713.0499877929688,736.6500244140625,733.296630859375,2651174
2025-12-08,737.7999877929688,739.5,726.0999755859375,729.2999877929688,725.9801025390625,2300562
2025-12-09,725.0,735.0,722.4000244140625,730.5,727.1746215820312,1120548
2025-12-10,730.5,735.5499877929688,721.5499877929688,724.75,721.4508056640625,1196695
2025-12-11,724.75,730.2999877929688,719.0999755859375,724.7000122070312,721.4010620117188,1627878
2025-12-12,726.9500122070312,728.0,718.7000122070312,727.0499877929688,723.7402954101562,1794314
2025-12-15,729.5999755859375,738.75,722.0,737.6500244140625,734.2921142578125,1525769
2025-12-16,740.0,750.5999755859375,736.25,738.7999877929688,735.4368286132812,1942539
2025-12-17,738.0,741.3499755859375,734.0999755859375,738.1500244140625,734.7898559570312,877616
2025-12-18,743.5499877929688,743.5499877929688,733.9000244140625,742.4500122070312,739.0702514648438,1076550
2025-12-19,743.4500122070312,743.5,732.5999755859375,741.2000122070312,737.825927734375,1082044
2025-12-22,741.2000122070312,743.4500122070312,737.5,739.25,735.8848266601562,1844499
2025-12-23,739.7000122070312,739.9500122070312,727.7000122070312,737.3499755859375,733.993408203125,1215107
2025-12-24,739.0,740.25,731.0499877929688,734.75,731.4052734375,921626
2025-12-26,735.0499877929688,746.5,732.7000122070312,743.2999877929688,739.9163208007812,996756
2025-12-29,745.0,755.0,743.0,753.0999755859375,749.6717529296875,1469144
2025-12-30,753.4000244140625,753.5999755859375,736.3499755859375,739.0999755859375,735.7354736328125,3422069
2025-12-31,740.5,752.7000122070312,737.7000122070312,750.5999755859375,747.18310546875,578363
2026-01-01,755.0,762.8499755859375,746.0,760.4500122070312,756.98828125,710787
2026-01-02,760.4500122070312,765.25,751.2000122070312,757.75,754.3005981445312,933700
2026-01-05,768.0,775.2000122070312,752.5,773.0499877929688,769.5309448242188,2638604
2026-01-06,776.0,780.0,767.0499877929688,779.0499877929688,775.5036010742188,1894536
2026-01-07,776.0,779.1500244140625,771.5,773.7999877929688,770.2775268554688,2185434
2026-01-08,773.5499877929688,773.5499877929688,756.3499755859375,758.7999877929688,755.3457641601562,3203911
2026-01-09,758.7999877929688,764.7000122070312,751.7999877929688,753.4500122070312,750.0201416015625,1127242
2026-01-12,753.4500122070312,757.5999755859375,748.8499755859375,756.2000122070312,752.7576293945312,1042221
2026-01-13,756.9000244140625,760.5,751.7000122070312,756.0499877929688,752.6083374023438,1397021
2026-01-14,753.1500244140625,758.4000244140625,747.0999755859375,749.7999877929688,746.3867797851562,720895
2026-01-15,749.7999877929688,749.7999877929688,749.7999877929688,749.7999877929688,746.3867797851562,0
2026-01-16,758.1500244140625,764.2999877929688,749.7999877929688,760.1500244140625,756.689697265625,2731620
2026-01-19,760.0,765.0499877929688,752.6500244140625,760.5999755859375,757.1375732421875,1167269
2026-01-20,762.0,762.9000244140625,746.75,749.5499877929688,746.1378784179688,1100332
2026-01-21,748.0499877929688,752.7000122070312,740.5999755859375,747.9500122070312,744.5452270507812,1338880
2026-01-22,750.0,757.4500122070312,747.0,751.75,748.327880859375,2527936
2026-01-23,751.75,754.0,738.8499755859375,740.9500122070312,737.5770874023438,1755248
2026-01-27,752.7000122070312,752.7000122070312,741.0499877929688,745.7999877929688,742.4049682617188,2681953
2026-01-28,754.0,756.0,721.3499755859375,736.6500244140625,733.296630859375,5105125
2026-01-29,734.0,735.8499755859375,725.0999755859375,729.9500122070312,726.6271362304688,1159830
2026-01-30,725.0,735.0,719.0499877929688,729.7999877929688,726.477783203125,4195864
2026-02-02,725.0,726.3499755859375,708.2999877929688,722.4000244140625,719.1115112304688,3074659
2026-02-03,735.0,742.6500244140625,722.8499755859375,732.8499755859375,729.513916015625,2982558
2026-02-04,731.8499755859375,741.3499755859375,724.6500244140625,733.4000244140625,730.0614624023438,1287885
2026-02-05,738.0,749.6500244140625,731.5,748.2999877929688,744.8936157226562,2400386
2026-02-06,752.2000122070312,753.3499755859375,740.5999755859375,752.75,749.3233642578125,1737323
2026-02-09,758.0,758.0,751.0999755859375,754.8499755859375,751.4137573242188,1609570
2026-02-10,755.7000122070312,766.2000122070312,749.4000244140625,764.8499755859375,761.3682250976562,1514663
2026-02-11,765.5999755859375,772.25,762.7000122070312,770.4000244140625,766.8930053710938,1100783
2026-02-12,770.4000244140625,773.1500244140625,768.0999755859375,770.6500244140625,767.1419067382812,1374355
2026-02-13,769.0,771.8499755859375,757.8499755859375,760.1500244140625,756.689697265625,966405
2026-02-16,762.5499877929688,774.0,757.0,772.8499755859375,769.3318481445312,731192
2026-02-17,773.7000122070312,776.75,770.8499755859375,774.5999755859375,771.0738525390625,684887
2026-02-18,774.5999755859375,798.0,773.5999755859375,795.9500122070312,792.3267211914062,2437994
2026-02-19,795.9500122070312,800.0,776.0999755859375,780.1500244140625,776.5986328125,1689988
2026-02-20,779.4000244140625,793.5999755859375,775.1500244140625,788.2000122070312,784.6119995117188,974730
2026-02-23,795.0,804.9500122070312,787.2000122070312,801.4500122070312,797.8016357421875,1445444
2026-02-24,802.5499877929688,813.5,801.0,810.3499755859375,806.6611328125,1949882
2026-02-25,810.3499755859375,811.5999755859375,801.75,806.3499755859375,802.6793212890625,1360182
2026-02-26,808.0,809.8499755859375,798.7999877929688,805.75,802.0820922851562,829778
2026-02-27,805.75,807.9000244140625,786.75,788.6500244140625,785.0599365234375,2505181
2026-03-02,770.0999755859375,789.2000122070312,769.7999877929688,779.1500244140625,775.6032104492188,752861
2026-03-04,782.0999755859375,785.9500122070312,768.9000244140625,771.8499755859375,768.3363647460938,1179796
2026-03-05,772.2000122070312,782.9500122070312,769.7999877929688,778.8499755859375,775.3045043945312,1014521
2026-03-06,779.7999877929688,790.5999755859375,776.5,785.25,781.6754150390625,2431135
2026-03-09,783.0499877929688,783.9000244140625,770.7999877929688,778.0,774.4583740234375,1743703
2026-03-10,779.9500122070312,792.75,779.9500122070312,789.9000244140625,786.3042602539062,1615258
2026-03-11,790.0,792.9000244140625,759.2999877929688,761.5999755859375,758.133056640625,1027261
2026-03-12,762.0,764.2999877929688,749.3499755859375,757.1500244140625,753.7033081054688,4308894
2026-03-13,754.0,767.5,750.3499755859375,752.4000244140625,748.9749755859375,2232192
2026-03-16,751.0999755859375,752.9500122070312,738.5,750.0999755859375,746.6853637695312,1976708
2026-03-17,750.0999755859375,757.5,742.7999877929688,754.75,751.314208984375,1054603
2026-03-18,754.75,759.4500122070312,750.4000244140625,756.0,752.5585327148438,1461880
2026-03-19,746.0999755859375,752.2000122070312,734.0,741.25,737.8756713867188,1305425
2026-03-20,750.0,750.0,740.2000122070312,744.2999877929688,740.9118041992188,1478190
2026-03-23,734.7999877929688,744.7999877929688,723.5499877929688,725.2999877929688,721.998291015625,1774602
2026-03-24,732.0,745.4000244140625,724.4500122070312,739.0999755859375,735.7354736328125,1852576
2026-03-25,747.9000244140625,758.75,743.0999755859375,753.75,750.3187866210938,1755316
2026-03-27,744.0,752.75,739.5999755859375,742.4500122070312,739.0702514648438,2099063
2026-03-30,739.0,747.7000122070312,731.7999877929688,735.9500122070312,732.599853515625,3461259
2026-04-01,752.0,754.2999877929688,740.0,744.5,741.1109008789062,2750153
2026-04-02,742.0999755859375,767.5499877929688,728.9500122070312,761.3499755859375,757.8841552734375,2858545
2026-04-06,764.0,770.3499755859375,742.4500122070312,750.5499877929688,747.1333618164062,2450748
2026-04-07,745.8499755859375,755.0,738.8499755859375,753.25,749.821044921875,1819912
2026-04-08,772.0,772.0,746.25,747.4500122070312,744.0474853515625,2798459
2026-04-09,750.0,754.4500122070312,742.9500122070312,747.3499755859375,743.9478759765625,1822429
2026-04-10,753.4000244140625,764.0,748.5999755859375,763.25,759.7755737304688,2336600
2026-04-13,743.6500244140625,762.75,743.6500244140625,753.0999755859375,749.6717529296875,2117159
2026-04-15,761.5,764.5,752.5499877929688,755.5499877929688,752.110595703125,2146350
2026-04-16,753.5,760.2000122070312,740.4000244140625,744.4000244140625,741.0113525390625,1973962
2026-04-17,744.5999755859375,760.9500122070312,741.3499755859375,757.2999877929688,753.8526000976562,2045877
2026-04-20,757.2999877929688,763.8499755859375,753.9000244140625,760.7000122070312,757.2371826171875,1301721
2026-04-21,760.0,764.9500122070312,754.5999755859375,762.5,759.0289306640625,913203
2026-04-22,764.0,776.5,758.4500122070312,772.5,768.9834594726562,1529460
2026-04-23,774.9500122070312,780.0999755859375,765.6500244140625,778.9000244140625,775.3543090820312,2177488
2026-04-24,783.9000244140625,787.0999755859375,769.4000244140625,783.2999877929688,779.7342529296875,2522454
2026-04-27,783.2999877929688,794.0,781.2999877929688,787.0,783.4174194335938,1072431
2026-04-28,785.0,790.0,775.75,780.8499755859375,777.29541015625,669237
2026-04-29,781.7999877929688,791.2000122070312,775.9000244140625,779.2999877929688,775.75244140625,861651
2026-04-30,778.0999755859375,779.5,765.6500244140625,775.0,771.4720458984375,1716176
2026-05-01,775.0,775.0,775.0,775.0,771.4720458984375,0
2026-05-04,781.0,786.75,774.9000244140625,784.5499877929688,780.9785766601562,869429
2026-05-05,789.0499877929688,810.5,760.5999755859375,807.2000122070312,803.5255126953125,5184757
2026-05-06,826.2000122070312,843.1500244140625,811.75,814.7999877929688,811.0908813476562,5329489
2026-05-07,818.8499755859375,833.9500122070312,812.8499755859375,832.1500244140625,828.3619384765625,1949437
2026-05-08,832.1500244140625,836.5,825.0999755859375,831.2999877929688,827.5157470703125,1489246
2026-05-11,829.75,848.7999877929688,824.7999877929688,842.5499877929688,838.7145385742188,2709714
2026-05-12,842.0,846.0,827.3499755859375,830.0,826.2216796875,1998649
2026-05-13,828.0499877929688,837.2000122070312,825.2000122070312,833.4000244140625,829.6062622070312,1690380
2026-05-14,834.4000244140625,845.6500244140625,833.5499877929688,835.0,831.1989135742188,1099619
2026-05-15,841.0499877929688,847.75,834.0999755859375,841.1500244140625,837.3209838867188,1462080
2026-05-18,841.1500244140625,844.7999877929688,830.4500122070312,833.75,829.95458984375,1500121
2026-05-19,830.0,841.75,828.5,831.4500122070312,827.6651000976562,1431476
2026-05-20,828.2000122070312,840.0,822.0,838.4500122070312,834.6332397460938,1973862
2026-05-21,843.8499755859375,845.8499755859375,829.8499755859375,831.8499755859375,828.063232421875,1305803
2026-05-22,831.9000244140625,837.9500122070312,823.0,824.4500122070312,820.6969604492188,998448
2026-05-25,832.0,834.0,812.0,823.3499755859375,819.6019287109375,1118732
2026-05-26,822.5,835.0,820.6500244140625,830.0,826.2216796875,2110705
2026-05-27,832.0,845.0,829.75,833.7999877929688,830.00439453125,986465
2026-05-28,833.7999877929688,833.7999877929688,833.7999877929688,833.7999877929688,830.00439453125,0
2026-05-29,841.6500244140625,841.6500244140625,817.0999755859375,821.7000122070312,817.95947265625,7257304
2026-06-01,812.0,821.5,802.75,805.7000122070312,802.0322875976562,1236356
2026-06-02,794.9000244140625,812.4500122070312,794.8499755859375,810.9500122070312,807.2584228515625,1433084
2026-06-03,806.8499755859375,814.8499755859375,801.5499877929688,811.25,807.5570678710938,1106240
2026-06-04,811.25,826.5499877929688,805.4500122070312,816.8499755859375,813.1315307617188,1908015
2026-06-05,823.9500122070312,823.9500122070312,807.0999755859375,810.6500244140625,806.9597778320312,1801418
2026-06-08,803.0999755859375,813.4500122070312,800.25,809.0,805.3172607421875,1585444
2026-06-09,809.5499877929688,814.7000122070312,804.6500244140625,813.2000122070312,809.4981689453125,1004237
2026-06-10,814.3499755859375,832.9500122070312,809.1500244140625,819.9000244140625,816.1676635742188,2365760
2026-06-11,819.9000244140625,823.25,807.5,810.7999877929688,807.1090698242188,2187472
2026-06-12,815.1500244140625,821.8499755859375,808.5,819.0499877929688,815.321533203125,1184514
2026-06-15,827.0,827.3499755859375,807.5999755859375,809.6500244140625,805.96435546875,1944901
2026-06-16,810.0,818.4000244140625,806.5,808.4500122070312,804.769775390625,1563410
2026-06-17,811.0,811.0,796.0,805.0,801.3355102539062,1937674
2026-06-18,813.0,831.0,808.4500122070312,820.75,817.0137939453125,3484629
2026-06-19,820.4000244140625,825.4500122070312,805.4000244140625,817.0499877929688,813.3306274414062,2005978
2026-06-22,821.0499877929688,821.0499877929688,808.7999877929688,812.4500122070312,808.7515869140625,2006370
2026-06-23,816.7000122070312,826.2999877929688,807.0,821.0499877929688,817.3124389648438,1528859
2026-06-24,824.5499877929688,827.6500244140625,810.4500122070312,819.4500122070312,815.7197265625,1685066
2026-06-25,819.5,832.9000244140625,818.25,825.7999877929688,822.040771484375,1885494
2026-06-26,825.7999877929688,825.7999877929688,825.7999877929688,825.7999877929688,822.040771484375,0
2026-06-29,824.5999755859375,844.6500244140625,824.5999755859375,839.9500122070312,836.1264038085938,7194690
2026-06-30,840.0,841.7000122070312,828.7999877929688,836.25,832.4432373046875,3911248
2026-07-01,836.25,854.4500122070312,836.25,851.0,847.1260986328125,1497295
2026-07-02,851.6500244140625,858.7000122070312,843.7999877929688,856.0,852.1033325195312,1249381
2026-07-03,873.0,873.0,835.0999755859375,838.5499877929688,834.7327270507812,5349026
2026-07-06,839.0,846.2999877929688,835.0,838.0999755859375,834.2847900390625,1488875
2026-07-07,838.2000122070312,850.4000244140625,837.5999755859375,847.6500244140625,843.7913818359375,2221794
2026-07-08,849.2999877929688,851.5,836.0,840.0999755859375,836.2756958007812,2190111
2026-07-09,845.0499877929688,862.2999877929688,841.4500122070312,860.0499877929688,856.1348876953125,2532027
2026-07-10,863.9000244140625,863.9000244140625,847.2999877929688,852.5,848.6192626953125,1338643
2026-07-13,850.0,853.0999755859375,841.75,846.75,842.8954467773438,1169864
2026-07-14,842.5499877929688,850.9500122070312,841.4500122070312,848.25,844.3886108398438,1441052
2026-07-15,850.0,851.6500244140625,841.0999755859375,844.4500122070312,840.6058959960938,1449908
2026-07-16,844.4500122070312,849.4500122070312,837.4000244140625,839.3499755859375,835.5291137695312,1149031
2026-07-17,840.0,852.9500122070312,829.9000244140625,844.0,840.157958984375,2039711
2026-07-20,839.5,857.0999755859375,837.2000122070312,855.2999877929688,851.406494140625,1575899
2026-07-21,856.0,858.0,845.0,853.5499877929688,849.6644897460938,1219710
2026-07-22,850.0999755859375,866.0,843.75,862.6500244140625,858.7230834960938,1248595
2026-07-23,862.6500244140625,868.0,849.9500122070312,853.2000122070312,849.3161010742188,2149352
2026-07-24,851.7999877929688,858.0,841.5,855.5999755859375,851.7051391601562,1968480
2026-07-27,862.0,864.5999755859375,852.0,858.6500244140625,854.7412719726562,1006199
2026-07-28,858.6500244140625,886.2999877929688,857.25,883.25,879.2293090820312,2384426
2026-07-29,884.9000244140625,884.9000244140625,871.5,878.7000122070312,874.7000122070312,2912454
2026-07-30,874.2999877929688,889.0999755859375,872.4000244140625,885.3499755859375,885.3499755859375,1881026
2026-07-31,888.0,889.0,868.0,870.6500244140625,870.6500244140625,2540351
2026-08-03,870.0,881.3499755859375,865.2999877929688,880.9500122070312,880.9500122070312,2383722
2026-08-04,880.9500122070312,881.0,852.1500244140625,875.0,875.0,2333652
2026-08-05,878.5999755859375,879.0,846.8499755859375,852.0,852.0,3931248
2026-08-06,851.0,864.9000244140625,848.0,860.0,860.0,1939903
2026-08-07,860.9500122070312,863.9500122070312,852.4000244140625,862.0,862.0,1151946
2026-08-10,862.4000244140625,863.5,852.3499755859375,863.5,863.5,1304962
2026-08-11,861.0,861.0,853.3499755859375,855.0,855.0,977482
2026-08-12,855.0,857.0499877929688,839.0499877929688,855.0,855.0,1770553
2026-08-13,855.0,864.4500122070312,852.0999755859375,864.4500122070312,864.4500122070312,1410198
2026-08-14,864.4500122070312,867.0499877929688,857.6500244140625,865.2000122070312,865.2000122070312,1050654
2026-08-17,865.2000122070312,867.3499755859375,852.0499877929688,852.0499877929688,852.0499877929688,970523
2026-08-18,851.2000122070312,855.5999755859375,841.5499877929688,841.5499877929688,841.5499877929688,537548
2026-08-19,842.0,854.5999755859375,840.3499755859375,850.0,850.0,1366779
2026-08-20,859.0,861.0,849.7999877929688,858.3499755859375,858.3499755859375,970867
2026-08-21,862.1500244140625,862.1500244140625,844.1500244140625,849.25,849.25,815655
2026-08-24,846.25,850.0,842.4000244140625,846.0999755859375,846.0999755859375,836419
2026-08-25,845.0999755859375,848.0,838.2000122070312,847.5,847.5,507512
2026-08-26,846.1500244140625,849.0,829.4500122070312,833.0,833.0,1411009
2026-08-27,833.0999755859375,837.75,825.7999877929688,833.5,833.5,2081594
2026-08-28,832.0999755859375,840.7000122070312,826.4500122070312,829.6500244140625,829.6500244140625,2455289
2026-08-31,830.0,840.0,820.0,820.0,820.0,3971812
2026-09-01,823.1500244140625,840.0499877929688,823.1500244140625,838.0999755859375,838.0999755859375,3684805
2026-09-02,830.0,834.8499755859375,826.5,829.3499755859375,829.3499755859375,1477115
2026-09-03,829.3499755859375,832.8499755859375,817.7999877929688,827.4000244140625,827.4000244140625,1702965
2026-09-04,824.0499877929688,824.7000122070312,814.0999755859375,815.1500244140625,815.1500244140625,1021459
2026-09-07,815.1500244140625,819.0499877929688,802.5,806.0,806.0,717139
2026-09-08,806.5499877929688,825.4500122070312,801.3499755859375,823.9000244140625,823.9000244140625,1525669
2026-09-09,821.8499755859375,823.0,808.4500122070312,813.9000244140625,813.9000244140625,2389739
2026-09-10,813.9000244140625,813.9000244140625,799.5499877929688,803.0,803.0,2060230
2026-09-11,797.0,810.0,795.7000122070312,802.0999755859375,802.0999755859375,1533624
2026-09-14,802.0999755859375,802.0999755859375,802.0999755859375,802.0999755859375,802.0999755859375,0
2026-09-15,809.6500244140625,809.7999877929688,791.25,791.25,791.25,1533193
2026-09-16,795.5,819.9000244140625,792.1500244140625,810.1500244140625,810.1500244140625,3237626
2026-09-17,810.1500244140625,826.2999877929688,810.1500244140625,817.0,817.0,1761636
2026-09-18,820.0499877929688,822.4500122070312,803.9000244140625,803.9000244140625,803.9000244140625,2848872
2026-09-21,807.0,829.75,804.25,824.4000244140625,824.4000244140625,1672296
2026-09-22,824.5499877929688,830.5,824.5499877929688,830.0,830.0,1090303
2026-09-23,830.5,833.2000122070312,828.0,832.2999877929688,832.2999877929688,836702
2026-09-24,830.0,831.6500244140625,820.0499877929688,824.5499877929688,824.5499877929688,919851
2026-09-25,822.0,824.0,807.0499877929688,819.0,819.0,459905
2026-09-28,815.0,815.0,804.2000122070312,813.25,813.25,1076911
2026-09-29,805.0999755859375,809.0999755859375,787.1500244140625,787.1500244140625,787.1500244140625,1626109
2026-09-30,789.8499755859375,799.25,786.0,786.0,786.0,2455494
