date,open,high,low,close,adj_close,volume
2015-01-01,120.16666412353516,120.20833587646484,118.41666412353516,118.70833587646484,78.78277587890625,1478980
2015-01-02,118.75,120.83333587646484,118.75,120.33333587646484,79.8612060546875,2383093
2015-01-05,120.45833587646484,120.75,119.20833587646484,120.0,79.63999938964844,2197057
2015-01-06,119.58333587646484,120.41666412353516,115.20833587646484,116.0,76.9853286743164,5923512
2015-01-07,117.08333587646484,119.16666412353516,116.125,118.79166412353516,78.83807373046875,5848555
2015-01-08,119.41666412353516,121.08333587646484,119.33333587646484,120.79166412353516,80.16539001464844,7564225
2015-01-09,120.95833587646484,121.25,116.25,116.875,77.56603240966797,3778993
2015-01-12,117.5,117.83333587646484,115.41666412353516,116.66666412353516,77.42776489257812,3190536
2015-01-13,116.04166412353516,116.95833587646484,115.08333587646484,115.79166412353516,76.8470687866211,4515434
2015-01-14,116.41666412353516,116.875,114.33333587646484,114.79166412353516,76.18340301513672,2736211
2015-01-15,116.54166412353516,117.125,115.33333587646484,116.0,76.9853286743164,7016253
2015-01-16,115.54166412353516,118.16666412353516,115.29166412353516,117.0,77.64899444580078,6225934
2015-01-19,117.41666412353516,119.08333587646484,116.54166412353516,118.125,78.39561462402344,5186906
2015-01-20,118.95833587646484,119.58333587646484,118.41666412353516,119.04166412353516,79.00398254394531,6449028
2015-01-21,119.375,120.125,118.58333587646484,119.58333587646484,79.36348724365234,6947634
2015-01-22,119.58333587646484,119.75,116.125,116.83333587646484,77.53838348388672,6729064
2015-01-23,118.0,118.5,117.04166412353516,118.25,78.47857666015625,9045246
2015-01-27,118.75,119.75,117.25,119.29166412353516,79.16990661621094,17981989
2015-01-28,119.16666412353516,120.79166412353516,117.95833587646484,119.04166412353516,79.00398254394531,6764469
2015-01-29,118.91666412353516,118.91666412353516,117.58333587646484,118.20833587646484,78.45094299316406,17553748
2015-01-30,119.0,122.83333587646484,118.41666412353516,119.70833587646484,79.4464340209961,22309884
2015-02-02,120.375,120.375,117.95833587646484,118.375,78.5615463256836,10364854
2015-02-03,118.70833587646484,120.66666412353516,118.45833587646484,120.0,79.63999938964844,7781553
2015-02-04,119.33333587646484,120.08333587646484,118.375,119.0,79.38983154296875,4036543
2015-02-05,118.5,119.25,115.875,116.79166412353516,77.91654968261719,6143088
2015-02-06,116.79166412353516,117.29166412353516,115.25,116.66666412353516,77.83314514160156,5976495
2015-02-09,115.83333587646484,117.0,115.08333587646484,115.66666412353516,77.16600799560547,3114468
2015-02-10,115.0,116.91666412353516,113.95833587646484,114.29166412353516,76.24868774414062,4506774
2015-02-11,114.16666412353516,117.5,114.0,116.79166412353516,77.91654968261719,3522442
2015-02-12,117.125,118.875,116.70833587646484,118.41666412353516,79.00064849853516,5162803
2015-02-13,118.41666412353516,119.75,118.0,119.375,79.6399917602539,3614205
2015-02-16,118.5,120.54166412353516,118.5,120.0,80.05695343017578,1945558
2015-02-18,120.04166412353516,123.16666412353516,119.66666412353516,121.70833587646484,81.19666290283203,4976054
2015-02-19,121.83333587646484,122.66666412353516,118.33333587646484,122.20833587646484,81.5302505493164,3709054
2015-02-20,122.0,122.79166412353516,120.08333587646484,121.375,80.97427368164062,3178180
2015-02-23,121.375,122.33333587646484,120.25,121.70833587646484,81.19666290283203,6031716
2015-02-24,121.875,124.33333587646484,121.66666412353516,122.16666412353516,81.50244903564453,5885637
2015-02-25,122.5,123.83333587646484,121.33333587646484,121.70833587646484,81.19666290283203,7538304
2015-02-26,122.58333587646484,129.0416717529297,121.45833587646484,127.79166412353516,85.25511169433594,25489447
2015-02-27,127.5,132.9166717529297,126.66666412353516,132.0416717529297,88.09046936035156,12085627
2015-03-02,130.0,133.3333282470703,129.75,132.9166717529297,88.6742172241211,7853508
2015-03-03,132.9166717529297,133.3333282470703,131.5833282470703,132.25,88.22942352294922,5796930
2015-03-04,132.5,133.1666717529297,129.7916717529297,131.25,87.56229400634766,4580594
2015-03-05,130.2083282470703,132.25,129.3333282470703,131.7916717529297,87.92367553710938,4307704
2015-03-09,131.25,131.75,126.16666412353516,126.5,84.39337921142578,3058852
2015-03-10,127.75,127.75,124.16666412353516,124.95833587646484,83.36487579345703,3849673
2015-03-11,124.58333587646484,128.9583282470703,122.16666412353516,128.125,85.47747802734375,4759294
2015-03-12,128.3333282470703,137.2916717529297,127.5,133.0833282470703,88.785400390625,23732349
2015-03-13,133.5833282470703,134.4166717529297,132.1666717529297,132.875,88.64640045166016,16271358
2015-03-16,132.75,132.9166717529297,128.9166717529297,129.875,86.6449966430664,12014666
2015-03-17,130.0833282470703,132.0833282470703,129.4166717529297,131.5416717529297,87.75688171386719,6403596
2015-03-18,131.6666717529297,132.7916717529297,126.0,127.20833587646484,84.86592864990234,19386136
2015-03-19,127.91666412353516,129.875,125.125,128.9583282470703,86.03343200683594,24922042
2015-03-20,119.83333587646484,123.58333587646484,118.91666412353516,121.25,80.89088439941406,20606029
2015-03-23,121.0,125.41666412353516,121.0,125.125,83.47606658935547,8907972
2015-03-24,125.0,127.83333587646484,124.66666412353516,127.25,84.89373779296875,7701613
2015-03-25,128.75,129.0833282470703,122.08333587646484,122.79166412353516,81.91938781738281,19117210
2015-03-26,121.875,123.16666412353516,119.125,120.0,80.05695343017578,26353953
2015-03-27,121.58333587646484,122.20833587646484,119.58333587646484,121.33333587646484,80.94647979736328,5357637
2015-03-30,121.75,123.5,121.41666412353516,123.0,82.05838012695312,4959049
2015-03-31,123.75,123.75,120.75,122.375,81.64143371582031,8397256
2015-04-01,122.5,124.91666412353516,122.5,123.125,82.14179229736328,3645848
2015-04-06,123.75,127.45833587646484,123.5,126.75,84.56017303466797,4071922
2015-04-07,127.45833587646484,130.8333282470703,126.25,130.25,86.89515686035156,5508952
2015-04-08,130.25,131.625,127.875,130.0833282470703,86.7839584350586,3068680
2015-04-09,130.125,131.6666717529297,127.83333587646484,131.125,87.4789047241211,3480921
2015-04-10,130.8333282470703,132.5,128.5416717529297,129.7083282470703,86.53377532958984,3200816
2015-04-13,129.75,132.25,127.91666412353516,131.0833282470703,87.45111083984375,3189088
2015-04-15,130.1666717529297,132.0833282470703,127.83333587646484,128.625,85.81105041503906,4110085
2015-04-16,128.3333282470703,130.5,127.91666412353516,130.0833282470703,86.7839584350586,3141138
2015-04-17,129.625,132.375,129.625,131.6666717529297,87.84027862548828,3831186
2015-04-20,132.8333282470703,133.3333282470703,128.1666717529297,128.6666717529297,85.83885955810547,2855564
2015-04-21,129.0833282470703,130.25,125.83333587646484,126.125,84.14320373535156,3864529
2015-04-22,126.58333587646484,127.875,125.25,127.25,84.89373779296875,3322204
2015-04-23,128.3333282470703,128.3333282470703,124.08333587646484,124.58333587646484,83.11469268798828,2880820
2015-04-24,125.375,125.83333587646484,123.25,124.83333587646484,83.2814712524414,4004778
2015-04-27,125.70833587646484,127.79166412353516,123.08333587646484,123.54166412353516,82.41974639892578,4911789
2015-04-28,123.33333587646484,126.79166412353516,122.41666412353516,126.08333587646484,84.11540985107422,3926425
2015-04-29,126.16666412353516,127.29166412353516,125.33333587646484,126.33333587646484,84.28217315673828,4480990
2015-04-30,126.08333587646484,126.58333587646484,124.5,125.25,83.55944061279297,6908986
2015-05-04,125.83333587646484,127.54166412353516,124.45833587646484,126.95833587646484,84.69915008544922,2244895
2015-05-05,126.25,126.75,123.66666412353516,125.41666412353516,83.67064666748047,2478207
2015-05-06,124.66666412353516,125.04166412353516,119.25,120.5,80.39053344726562,5876370
2015-05-07,120.66666412353516,120.95833587646484,118.33333587646484,118.75,79.22301483154297,3870685
2015-05-08,119.375,120.5,117.95833587646484,118.33333587646484,78.94506072998047,2922648
2015-05-11,118.66666412353516,121.25,118.16666412353516,120.79166412353516,80.58509826660156,2935518
2015-05-12,120.54166412353516,121.20833587646484,116.91666412353516,118.04166412353516,78.75048828125,5078632
2015-05-13,118.375,118.83333587646484,111.875,115.33333587646484,76.94364929199219,12966652
2015-05-14,116.16666412353516,119.70833587646484,114.75,115.875,77.30500030517578,11796906
2015-05-15,116.66666412353516,117.83333587646484,112.875,113.41666412353516,75.66495513916016,3487633
2015-05-18,114.75,114.75,112.54166412353516,113.45833587646484,75.6927490234375,3840517
2015-05-19,113.66666412353516,114.91666412353516,112.375,113.41666412353516,75.66495513916016,3091772
2015-05-20,114.08333587646484,114.75,112.875,113.45833587646484,75.6927490234375,4418476
2015-05-21,114.16666412353516,114.25,111.66666412353516,112.45833587646484,75.02560424804688,4420716
2015-05-22,112.16666412353516,113.08333587646484,111.875,112.79166412353516,75.24797821044922,5611028
2015-05-25,112.54166412353516,113.20833587646484,111.66666412353516,111.875,74.63643646240234,1798695
2015-05-26,112.08333587646484,112.08333587646484,110.0,110.41666412353516,73.66351318359375,8415657
2015-05-27,110.41666412353516,113.20833587646484,109.41666412353516,111.875,74.63643646240234,8322991
2015-05-28,112.33333587646484,112.95833587646484,111.66666412353516,112.20833587646484,74.85882568359375,9531386
2015-05-29,112.29166412353516,116.375,111.70833587646484,113.79166412353516,75.91512298583984,55394842
2015-06-01,113.83333587646484,116.08333587646484,113.83333587646484,115.45833587646484,77.02703094482422,5682194
2015-06-02,115.41666412353516,115.75,113.16666412353516,114.95833587646484,76.69344329833984,4976767
2015-06-03,114.75,116.45833587646484,113.41666412353516,115.375,76.97142791748047,8343859
2015-06-04,115.45833587646484,116.16666412353516,113.45833587646484,114.08333587646484,76.10971069335938,6126315
2015-06-05,113.0,117.375,113.0,116.70833587646484,77.86094665527344,6811179
2015-06-08,116.79166412353516,117.08333587646484,115.04166412353516,115.375,76.97142791748047,5851057
2015-06-09,115.58333587646484,116.20833587646484,113.95833587646484,115.83333587646484,77.27721405029297,5823418
2015-06-10,116.16666412353516,117.29166412353516,115.66666412353516,116.66666412353516,77.83314514160156,4557562
2015-06-11,116.875,117.0,113.5,113.79166412353516,75.91512298583984,5646832
2015-06-12,113.33333587646484,114.58333587646484,113.0,113.75,75.88732147216797,4680678
2015-06-15,113.33333587646484,113.875,112.16666412353516,113.20833587646484,75.52597045898438,2415729
2015-06-16,112.83333587646484,115.0,112.83333587646484,114.70833587646484,76.52667236328125,2201316
2015-06-17,114.45833587646484,114.95833587646484,113.79166412353516,114.16666412353516,76.16529846191406,4718553
2015-06-18,114.25,114.91666412353516,113.54166412353516,113.83333587646484,75.94293975830078,3119080
2015-06-19,114.0,114.41666412353516,113.0,113.375,75.63713836669922,3558112
2015-06-22,113.5,114.58333587646484,113.33333587646484,114.16666412353516,76.16529846191406,2489085
2015-06-23,114.08333587646484,116.66666412353516,113.25,116.04166412353516,77.41617584228516,4895708
2015-06-24,116.58333587646484,116.79166412353516,113.54166412353516,114.0,76.05413055419922,1151251
2015-06-25,113.83333587646484,114.45833587646484,112.5,113.0,75.38697814941406,13284873
2015-06-26,113.04166412353516,115.16666412353516,112.83333587646484,114.75,76.55445098876953,3012900
2015-06-29,113.875,116.25,112.83333587646484,115.54166412353516,77.0826187133789,2735258
2015-06-30,114.83333587646484,115.5,113.45833587646484,114.70833587646484,76.52667236328125,5584984
2015-07-01,114.45833587646484,116.125,114.08333587646484,115.25,76.8880386352539,2692186
2015-07-02,115.41666412353516,115.70833587646484,114.45833587646484,114.70833587646484,76.52667236328125,2130937
2015-07-03,113.95833587646484,116.41666412353516,113.41666412353516,115.70833587646484,77.19380950927734,1848141
2015-07-06,113.91666412353516,115.5,113.91666412353516,115.0,76.72123718261719,1829578
2015-07-07,115.0,115.25,111.66666412353516,112.04166412353516,74.74761962890625,11870942
2015-07-08,110.04166412353516,111.54166412353516,109.45833587646484,110.83333587646484,73.94149780273438,6979066
2015-07-09,110.41666412353516,110.95833587646484,108.91666412353516,109.25,72.88519287109375,3690094
2015-07-10,109.375,109.79166412353516,106.79166412353516,108.20833587646484,72.19025421142578,6700296
2015-07-13,108.33333587646484,111.16666412353516,107.58333587646484,110.91666412353516,73.9970932006836,3433429
2015-07-14,111.0,111.70833587646484,110.75,110.91666412353516,73.9970932006836,2489889
2015-07-15,110.83333587646484,111.66666412353516,110.83333587646484,110.95833587646484,74.02488708496094,2469536
2015-07-16,111.29166412353516,112.58333587646484,110.83333587646484,112.25,74.88663482666016,1189351
2015-07-17,112.29166412353516,113.16666412353516,111.75,112.95833587646484,75.35918426513672,1445403
2015-07-20,113.04166412353516,113.5,112.875,113.08333587646484,75.44257354736328,886364
2015-07-21,112.91666412353516,113.375,112.75,113.0,75.38697814941406,1367409
2015-07-22,112.83333587646484,114.875,112.83333587646484,114.625,76.4710693359375,1659378
2015-07-23,114.25,115.75,114.25,115.29166412353516,76.91584777832031,2745640
2015-07-24,114.91666412353516,115.75,114.08333587646484,115.0,76.72123718261719,3777370
2015-07-27,115.0,116.08333587646484,111.125,111.83333587646484,74.60863494873047,3031380
2015-07-28,111.375,114.58333587646484,110.58333587646484,114.20833587646484,76.19309997558594,3351928
2015-07-29,114.16666412353516,114.5,112.08333587646484,112.91666412353516,75.33137512207031,3799195
2015-07-30,113.20833587646484,115.58333587646484,112.91666412353516,113.20833587646484,75.52597045898438,8104052
2015-07-31,113.33333587646484,114.08333587646484,112.375,112.54166412353516,75.0811996459961,5377446
2015-08-03,112.58333587646484,113.75,112.25,112.54166412353516,75.0811996459961,2878239
2015-08-04,112.625,113.25,111.375,112.625,75.13677978515625,4383127
2015-08-05,112.66666412353516,114.33333587646484,112.16666412353516,113.95833587646484,76.02632141113281,2769999
2015-08-06,114.16666412353516,115.0,112.70833587646484,113.25,75.55376434326172,12025086
2015-08-07,112.58333587646484,113.66666412353516,111.08333587646484,111.54166412353516,74.4140396118164,4762880
2015-08-10,111.66666412353516,112.16666412353516,109.08333587646484,109.45833587646484,73.02417755126953,4761007
2015-08-11,109.25,110.25,108.0,109.0,72.71839904785156,6722565
2015-08-12,108.33333587646484,108.58333587646484,105.91666412353516,106.70833587646484,71.18953704833984,5033044
2015-08-13,106.75,107.66666412353516,105.5,106.54166412353516,71.07832336425781,6023696
2015-08-14,106.70833587646484,108.29166412353516,106.33333587646484,108.04166412353516,72.07905578613281,2001253
2015-08-17,108.04166412353516,108.33333587646484,106.41666412353516,106.70833587646484,71.18953704833984,1299099
2015-08-18,107.5,107.54166412353516,105.75,106.04166412353516,70.7447738647461,2115512
2015-08-19,105.83333587646484,106.16666412353516,104.875,105.0,70.04983520507812,2073483
2015-08-20,104.33333587646484,106.41666412353516,104.16666412353516,104.95833587646484,70.02204132080078,3895869
2015-08-21,104.16666412353516,104.54166412353516,101.5,102.83333587646484,68.6043701171875,8286668
2015-08-24,100.83333587646484,101.66666412353516,93.91666412353516,96.08333587646484,64.1011734008789,21259096
2015-08-25,98.33333587646484,102.0,89.25,99.29166412353516,66.24158477783203,12442059
2015-08-26,99.33333587646484,102.5,96.91666412353516,99.91666412353516,66.65853881835938,10884993
2015-08-27,101.16666412353516,101.41666412353516,98.33333587646484,99.29166412353516,66.24158477783203,12451533
2015-08-28,101.58333587646484,104.20833587646484,100.04166412353516,101.33333587646484,67.60364532470703,4771845
2015-08-31,100.83333587646484,102.79166412353516,100.08333587646484,101.20833587646484,67.52025604248047,4827870
2015-09-01,100.08333587646484,102.08333587646484,99.5,100.20833587646484,66.85311889648438,3799548
2015-09-02,100.83333587646484,100.83333587646484,96.45833587646484,97.08333587646484,64.768310546875,6875404
2015-09-03,96.45833587646484,99.5,96.29166412353516,98.0,66.37691497802734,5062188
2015-09-04,97.5,98.0,94.29166412353516,95.41666412353516,64.627197265625,10292604
2015-09-07,95.58333587646484,95.83333587646484,93.66666412353516,93.83333587646484,63.5547981262207,8050246
2015-09-08,95.0,96.79166412353516,94.29166412353516,95.375,64.59896087646484,5787757
2015-09-09,97.5,101.125,96.0,100.75,68.23953247070312,12015592
2015-09-10,100.54166412353516,100.75,98.29166412353516,99.375,67.3082275390625,2798323
2015-09-11,99.875,100.625,98.91666412353516,99.70833587646484,67.53401184082031,2404740
2015-09-14,100.0,105.33333587646484,99.75,104.91666412353516,71.06169891357422,5742222
2015-09-15,104.70833587646484,107.91666412353516,103.75,105.70833587646484,71.59789276123047,5089286
2015-09-16,105.66666412353516,107.25,104.33333587646484,106.54166412353516,72.16232299804688,3290786
2015-09-18,106.54166412353516,108.33333587646484,104.45833587646484,105.66666412353516,71.56965637207031,7200021
2015-09-21,104.25,106.41666412353516,104.16666412353516,105.625,71.54145812988281,2233722
2015-09-22,105.83333587646484,106.125,100.04166412353516,100.75,68.23953247070312,6530800
2015-09-23,99.20833587646484,102.75,99.20833587646484,101.08333587646484,68.46531677246094,3839610
2015-09-24,101.5,102.0,100.20833587646484,101.70833587646484,68.88865661621094,3772704
2015-09-28,101.70833587646484,102.5,100.54166412353516,100.79166412353516,68.26775360107422,2310477
2015-09-29,99.29166412353516,102.29166412353516,99.16666412353516,101.125,68.49353790283203,3975267
2015-09-30,102.41666412353516,103.66666412353516,100.83333587646484,103.125,69.84817504882812,3470785
2015-10-01,104.33333587646484,104.91666412353516,102.58333587646484,102.91666412353516,69.70704650878906,3822145
2015-10-05,103.25,106.875,103.25,106.41666412353516,72.07766723632812,4026033
2015-10-06,107.91666412353516,108.25,104.0,104.79166412353516,70.97701263427734,8623933
2015-10-07,105.04166412353516,106.66666412353516,104.375,106.45833587646484,72.10589599609375,3385142
2015-10-08,106.58333587646484,106.875,104.41666412353516,105.0,71.11813354492188,3521266
2015-10-09,105.75,105.83333587646484,104.58333587646484,105.0,71.11813354492188,3262202
2015-10-12,107.5,107.5,104.75,106.04166412353516,71.82366943359375,2117947
2015-10-13,106.16666412353516,107.0,105.75,106.20833587646484,71.93656158447266,2506449
2015-10-14,106.16666412353516,106.75,104.33333587646484,104.875,71.0334701538086,2665834
2015-10-15,105.41666412353516,105.66666412353516,103.79166412353516,104.16666412353516,70.55370330810547,2725071
2015-10-16,104.41666412353516,106.625,104.33333587646484,105.66666412353516,71.56965637207031,19650850
2015-10-19,105.83333587646484,106.375,105.08333587646484,106.08333587646484,71.85189056396484,4176244
2015-10-20,106.125,108.16666412353516,105.58333587646484,106.625,72.21878051757812,5440894
2015-10-21,106.625,109.75,105.91666412353516,108.29166412353516,73.3476333618164,4227984
2015-10-23,109.25,111.625,109.25,110.54166412353516,74.8716049194336,3888451
2015-10-26,110.83333587646484,111.25,109.375,110.70833587646484,74.9844970703125,2554590
2015-10-27,110.16666412353516,111.04166412353516,109.25,110.54166412353516,74.8716049194336,8433085
2015-10-28,109.70833587646484,110.83333587646484,107.54166412353516,107.875,73.0654296875,4449216
2015-10-29,108.375,109.33333587646484,106.08333587646484,106.625,72.21878051757812,9820096
2015-10-30,106.70833587646484,114.70833587646484,106.70833587646484,110.66666412353516,74.95625305175781,10949250
2015-11-02,110.375,111.08333587646484,108.08333587646484,110.58333587646484,74.8998031616211,11462052
2015-11-03,110.83333587646484,114.83333587646484,110.83333587646484,113.08333587646484,76.5931167602539,11192800
2015-11-04,113.54166412353516,113.75,112.125,112.54166412353516,76.2262191772461,4315034
2015-11-05,112.5,114.16666412353516,112.20833587646484,113.33333587646484,76.76243591308594,7694065
2015-11-06,115.41666412353516,116.08333587646484,112.0,112.95833587646484,76.50843811035156,7245621
2015-11-09,111.25,112.04166412353516,110.125,111.29166412353516,75.37958526611328,3002449
2015-11-10,111.16666412353516,112.29166412353516,108.625,109.45833587646484,74.13783264160156,2695531
2015-11-13,109.08333587646484,110.625,108.16666412353516,109.0,73.82738494873047,2186415
2015-11-16,108.58333587646484,110.0,108.16666412353516,109.33333587646484,74.05316925048828,3069470
2015-11-17,109.58333587646484,111.04166412353516,109.0,110.08333587646484,74.56116485595703,2031129
2015-11-18,110.08333587646484,112.625,110.0,110.75,75.01268768310547,8835048
2015-11-19,111.58333587646484,112.125,110.0,111.625,75.60535430908203,1697204
2015-11-20,111.66666412353516,112.45833587646484,111.16666412353516,111.79166412353516,75.71821594238281,4503478
2015-11-23,111.875,112.25,110.20833587646484,110.91666412353516,75.12557983398438,1590408
2015-11-24,110.66666412353516,111.45833587646484,109.04166412353516,109.29166412353516,74.02494049072266,2367228
2015-11-26,109.5,111.33333587646484,108.91666412353516,110.75,75.01268768310547,5874213
2015-11-27,111.25,111.66666412353516,110.20833587646484,110.58333587646484,74.8998031616211,4532130
2015-11-30,110.83333587646484,111.41666412353516,108.41666412353516,109.08333587646484,73.88383483886719,8954815
2015-12-01,109.25,110.75,109.16666412353516,110.54166412353516,74.8716049194336,1776526
2015-12-02,110.625,111.20833587646484,109.58333587646484,110.91666412353516,75.12557983398438,1556103
2015-12-03,110.70833587646484,112.41666412353516,110.33333587646484,111.25,75.35136413574219,2710232
2015-12-04,110.91666412353516,111.125,108.33333587646484,108.66666412353516,73.60163879394531,2029555
2015-12-07,108.33333587646484,109.20833587646484,106.66666412353516,108.5,73.48872375488281,3599509
2015-12-08,107.875,109.16666412353516,107.75,108.375,73.40408325195312,2817922
2015-12-09,108.70833587646484,110.20833587646484,107.41666412353516,108.45833587646484,73.46051025390625,4174069
2015-12-10,108.5,111.375,108.5,111.0,75.18204498291016,4689330
2015-12-11,111.20833587646484,111.20833587646484,109.70833587646484,110.625,74.92803192138672,7819576
2015-12-14,110.0,111.16666412353516,109.5,110.70833587646484,74.9844970703125,3892008
2015-12-15,110.41666412353516,111.04166412353516,108.75,109.83333587646484,74.39183807373047,2294697
2015-12-16,109.83333587646484,112.41666412353516,109.83333587646484,111.29166412353516,75.37958526611328,2827382
2015-12-17,112.08333587646484,113.66666412353516,111.875,112.95833587646484,76.50843811035156,5617645
2015-12-18,113.25,115.08333587646484,112.66666412353516,113.20833587646484,76.67777252197266,7227156
2015-12-21,112.5,114.5,112.5,113.66666412353516,76.98820495605469,2724703
2015-12-22,114.0,115.33333587646484,113.75,114.16666412353516,77.32687377929688,5186119
2015-12-23,114.33333587646484,116.5,114.33333587646484,115.83333587646484,78.45572662353516,2906598
2015-12-24,116.04166412353516,116.58333587646484,115.66666412353516,116.08333587646484,78.62505340576172,2214117
2015-12-28,116.08333587646484,120.58333587646484,116.08333587646484,119.95833587646484,81.24964904785156,6195141
2015-12-29,120.375,124.04166412353516,120.08333587646484,120.66666412353516,81.7293930053711,11830292
2015-12-30,120.0,122.5,119.91666412353516,120.875,81.87052917480469,7060556
2015-12-31,120.875,122.41666412353516,120.04166412353516,121.875,82.5478286743164,6167425
2016-01-01,121.91666412353516,121.91666412353516,120.08333587646484,120.41666412353516,81.5600814819336,1087959
2016-01-04,119.375,122.5,119.04166412353516,119.41666412353516,80.88276672363281,1660154
2016-01-05,120.58333587646484,121.375,118.33333587646484,118.54166412353516,80.29010772705078,2183413
2016-01-06,118.33333587646484,119.08333587646484,116.70833587646484,117.875,79.83856201171875,2555581
2016-01-07,117.41666412353516,117.41666412353516,114.20833587646484,114.875,77.8066177368164,4397205
2016-01-08,115.16666412353516,116.83333587646484,114.25,116.29166412353516,78.76616668701172,5000222
2016-01-11,114.375,119.125,114.375,118.0,79.92322540283203,9595707
2016-01-12,119.58333587646484,121.58333587646484,118.95833587646484,121.0,81.95519256591797,5331380
2016-01-13,121.58333587646484,122.45833587646484,117.75,120.20833587646484,81.41895294189453,6335397
2016-01-14,119.08333587646484,120.5,116.91666412353516,119.33333587646484,80.82633972167969,2617408
2016-01-15,119.91666412353516,120.41666412353516,113.04166412353516,113.70833587646484,77.01643371582031,5813482
2016-01-18,113.25,115.45833587646484,111.04166412353516,112.16666412353516,75.97222900390625,7094769
2016-01-19,112.83333587646484,115.125,112.0,112.625,76.28266143798828,3276105
2016-01-20,111.91666412353516,112.33333587646484,109.0,110.16666412353516,74.61759948730469,4893918
2016-01-21,110.75,112.75,110.25,110.83333587646484,75.06914520263672,3672420
2016-01-22,112.54166412353516,116.08333587646484,111.79166412353516,115.125,77.97595977783203,4081641
2016-01-25,116.25,116.41666412353516,113.625,114.95833587646484,77.86306762695312,3248101
2016-01-27,116.5,120.5,115.375,119.79166412353516,81.13675689697266,6462206
2016-01-28,119.25,121.125,119.25,120.20833587646484,81.41895294189453,10947943
2016-01-29,120.0,122.25,117.0,118.70833587646484,80.40300750732422,9604422
2016-02-01,118.33333587646484,120.125,116.5,116.875,79.1612548828125,4772776
2016-02-02,116.66666412353516,117.08333587646484,110.625,111.70833587646484,75.66178894042969,5540090
2016-02-03,109.625,111.5,106.04166412353516,107.20833587646484,72.61387634277344,5409084
2016-02-04,108.33333587646484,109.25,103.83333587646484,104.91666412353516,71.06169891357422,8947989
2016-02-05,104.125,105.5,103.33333587646484,104.0,71.3475341796875,2917293
2016-02-08,104.0,104.91666412353516,102.29166412353516,102.70833587646484,70.4614028930664,2578603
2016-02-09,101.0,105.41666412353516,101.0,104.875,71.94781494140625,2829949
2016-02-10,104.16666412353516,105.16666412353516,103.08333587646484,103.95833587646484,71.31896209716797,3106880
2016-02-11,103.95833587646484,104.125,100.20833587646484,100.79166412353516,69.14649963378906,2946543
2016-02-12,100.83333587646484,104.79166412353516,100.125,103.29166412353516,70.86160278320312,4086475
2016-02-15,104.33333587646484,106.04166412353516,102.875,104.0,71.3475341796875,4458290
2016-02-16,105.625,109.25,103.5,106.45833587646484,73.03404998779297,6067938
2016-02-17,106.95833587646484,108.29166412353516,104.83333587646484,106.66666412353516,73.17697143554688,4187010
2016-02-18,107.875,108.54166412353516,104.375,106.25,72.89110565185547,2623275
2016-02-19,106.20833587646484,108.91666412353516,105.83333587646484,108.16666412353516,74.20600891113281,1806504
2016-02-22,110.70833587646484,110.70833587646484,105.04166412353516,105.83333587646484,72.60527038574219,2703391
2016-02-23,102.70833587646484,104.16666412353516,102.25,103.16666412353516,70.77584838867188,11574602
2016-02-24,101.5,101.83333587646484,98.58333587646484,98.875,67.83162689208984,21683338
2016-02-25,97.58333587646484,99.29166412353516,97.41666412353516,98.75,67.745849609375,40502397
2016-02-26,99.16666412353516,101.66666412353516,98.41666412353516,101.29166412353516,69.48954010009766,8436524
2016-02-29,101.58333587646484,101.58333587646484,98.125,99.58333587646484,68.31755065917969,6291750
2016-03-01,100.0,102.5,99.41666412353516,102.375,70.23274230957031,4792212
2016-03-02,103.08333587646484,106.45833587646484,101.91666412353516,105.66666412353516,72.49091339111328,7180521
2016-03-03,106.66666412353516,107.375,104.95833587646484,105.33333587646484,72.26225280761719,4161891
2016-03-04,106.25,106.375,103.33333587646484,105.04166412353516,72.06214141845703,7395987
2016-03-08,105.0,106.66666412353516,103.75,106.29166412353516,72.91969299316406,4202145
2016-03-09,106.08333587646484,106.41666412353516,105.08333587646484,105.45833587646484,72.3480224609375,4332384
2016-03-10,105.5,106.66666412353516,105.33333587646484,105.66666412353516,72.49091339111328,4072078
2016-03-11,105.66666412353516,107.29166412353516,104.70833587646484,105.33333587646484,72.26225280761719,2484648
2016-03-14,105.625,106.5,105.04166412353516,106.16666412353516,72.83394622802734,2195317
2016-03-15,106.41666412353516,106.58333587646484,105.0,106.08333587646484,72.77677917480469,2454310
2016-03-16,106.41666412353516,106.79166412353516,105.54166412353516,106.29166412353516,72.91969299316406,6045006
2016-03-17,106.16666412353516,106.875,105.0,105.70833587646484,72.51951599121094,5303053
2016-03-18,105.41666412353516,106.58333587646484,105.29166412353516,106.20833587646484,72.86253356933594,6395342
2016-03-21,106.20833587646484,107.25,105.25,105.95833587646484,72.6910171508789,3162202
2016-03-22,106.33333587646484,107.33333587646484,105.66666412353516,106.875,73.31987762451172,4386978
2016-03-23,106.875,106.91666412353516,105.70833587646484,106.125,72.80534362792969,2682230
2016-03-28,106.66666412353516,108.54166412353516,106.04166412353516,107.625,73.83441162109375,6322756
2016-03-29,108.04166412353516,108.375,105.70833587646484,106.08333587646484,72.77677917480469,5982391
2016-03-30,106.66666412353516,108.625,105.91666412353516,108.25,74.26319122314453,4581528
2016-03-31,108.16666412353516,109.875,106.95833587646484,107.375,73.66291046142578,12576144
2016-04-01,107.25,109.16666412353516,106.91666412353516,108.29166412353516,74.29177856445312,6204711
2016-04-04,108.41666412353516,109.75,108.25,109.25,74.94921875,2727397
2016-04-05,109.25,109.875,105.45833587646484,105.70833587646484,72.51951599121094,4594977
2016-04-06,106.5,106.5,104.875,105.16666412353516,72.14790344238281,4536128
2016-04-07,105.25,105.70833587646484,104.20833587646484,105.45833587646484,72.3480224609375,9263898
2016-04-08,106.41666412353516,110.41666412353516,105.58333587646484,109.625,75.20648193359375,9962676
2016-04-11,109.625,112.5,109.375,112.16666412353516,76.95014953613281,4473735
2016-04-12,112.25,113.58333587646484,110.79166412353516,112.91666412353516,77.46467590332031,4394954
2016-04-13,113.75,114.875,113.54166412353516,114.29166412353516,78.40796661376953,4541049
2016-04-18,116.16666412353516,116.58333587646484,113.33333587646484,116.25,79.75145721435547,5881213
2016-04-20,116.25,118.125,115.91666412353516,117.75,80.780517578125,3941576
2016-04-21,118.125,118.83333587646484,117.20833587646484,117.625,80.69476318359375,5878872
2016-04-22,117.0,120.0,116.70833587646484,119.70833587646484,82.12398529052734,5904096
2016-04-25,119.83333587646484,119.875,115.04166412353516,116.95833587646484,80.23741149902344,3757774
2016-04-26,116.16666412353516,118.0,115.83333587646484,116.83333587646484,80.15162658691406,6118725
2016-04-27,117.08333587646484,117.70833587646484,116.5,117.25,80.43748474121094,2213048
2016-04-28,117.375,117.875,114.0,114.29166412353516,78.40796661376953,7582244
2016-04-29,114.91666412353516,117.125,113.41666412353516,116.08333587646484,79.63712310791016,4812152
2016-05-02,116.08333587646484,116.91666412353516,112.33333587646484,115.45833587646484,79.2083511352539,2710262
2016-05-03,115.16666412353516,117.91666412353516,112.875,113.79166412353516,78.06495666503906,5122599
2016-05-04,113.58333587646484,116.125,113.58333587646484,115.66666412353516,79.35126495361328,7557462
2016-05-05,116.16666412353516,117.29166412353516,115.70833587646484,116.41666412353516,79.86578369140625,4772552
2016-05-06,116.45833587646484,117.04166412353516,114.875,116.66666412353516,80.03730010986328,3943374
2016-05-09,116.66666412353516,120.66666412353516,116.66666412353516,119.33333587646484,81.86675262451172,8002119
2016-05-10,119.5,119.5,116.75,117.20833587646484,80.4089126586914,5002198
2016-05-11,117.20833587646484,119.66666412353516,116.16666412353516,117.91666412353516,80.89484405517578,5366452
2016-05-12,117.54166412353516,119.0,116.66666412353516,117.875,80.86625671386719,2931638
2016-05-13,117.08333587646484,118.08333587646484,116.75,117.5,80.60900115966797,3152124
2016-05-16,117.5,117.83333587646484,115.91666412353516,116.75,80.094482421875,6137539
2016-05-17,117.08333587646484,118.0,113.45833587646484,114.16666412353516,78.32222747802734,8913270
2016-05-18,114.08333587646484,115.04166412353516,112.95833587646484,113.41666412353516,77.80770111083984,6099468
2016-05-19,113.16666412353516,113.33333587646484,111.16666412353516,112.79166412353516,77.37891387939453,5504425
2016-05-20,112.79166412353516,114.5,112.75,114.08333587646484,78.26505279541016,5662137
2016-05-23,114.375,115.0,112.75,113.08333587646484,77.57901763916016,2955597
2016-05-24,113.41666412353516,116.91666412353516,113.33333587646484,115.41666412353516,79.17977142333984,5846558
2016-05-25,115.91666412353516,118.33333587646484,115.875,118.20833587646484,81.0949478149414,2999689
2016-05-26,117.58333587646484,118.75,116.125,117.66666412353516,80.72333526611328,9645368
2016-05-27,117.91666412353516,118.08333587646484,116.16666412353516,116.75,80.094482421875,3192600
2016-05-30,116.95833587646484,121.5,114.70833587646484,119.66666412353516,82.09540557861328,11452723
2016-05-31,120.08333587646484,123.29166412353516,116.58333587646484,119.29166412353516,81.838134765625,49654994
2016-06-01,119.08333587646484,121.0,117.95833587646484,120.5,82.66710662841797,5578209
2016-06-02,120.25,121.625,120.0,120.79166412353516,82.8671875,3890110
2016-06-03,120.83333587646484,124.41666412353516,120.79166412353516,123.0,84.38219451904297,5230866
2016-06-06,123.33333587646484,123.625,122.0,122.58333587646484,84.0963363647461,3080890
2016-06-07,122.91666412353516,124.33333587646484,122.54166412353516,123.70833587646484,84.86811828613281,4160961
2016-06-08,124.0,124.70833587646484,122.66666412353516,123.45833587646484,84.69660949707031,3645885
2016-06-09,123.58333587646484,126.91666412353516,123.54166412353516,125.875,86.35453033447266,7092262
2016-06-10,125.83333587646484,127.29166412353516,125.04166412353516,126.25,86.6117935180664,2818471
2016-06-13,125.0,125.54166412353516,123.45833587646484,123.95833587646484,85.03964233398438,1383117
2016-06-14,123.625,124.29166412353516,122.58333587646484,123.54166412353516,84.7537841796875,2696526
2016-06-15,123.79166412353516,129.1666717529297,123.79166412353516,128.4583282470703,88.12679290771484,4583678
2016-06-16,128.4583282470703,128.75,125.08333587646484,126.5,86.78330993652344,3753651
2016-06-17,126.75,127.625,125.95833587646484,126.91666412353516,87.06915283203125,3636291
2016-06-20,125.625,129.125,125.625,128.7083282470703,88.29829406738281,2779868
2016-06-21,128.4166717529297,128.8333282470703,125.95833587646484,126.5,86.78330993652344,3185960
2016-06-22,126.66666412353516,127.79166412353516,125.16666412353516,127.16666412353516,87.24066925048828,2958055
2016-06-23,123.33333587646484,124.91666412353516,121.95833587646484,124.25,85.2397232055664,7649942
2016-06-24,121.625,124.95833587646484,119.375,124.33333587646484,85.29689025878906,3570870
2016-06-27,122.5,126.16666412353516,122.5,124.33333587646484,85.29689025878906,2847684
2016-06-28,125.5,125.54166412353516,122.625,123.33333587646484,84.61087036132812,3265359
2016-06-29,123.33333587646484,127.08333587646484,123.33333587646484,126.75,86.9548110961914,3666712
2016-06-30,127.04166412353516,130.8333282470703,126.95833587646484,130.25,89.35592651367188,9291400
2016-07-01,129.4166717529297,131.3333282470703,129.1666717529297,130.625,89.61319732666016,3022617
2016-07-04,130.0,131.6666717529297,128.5416717529297,129.9583282470703,89.15585327148438,3504501
2016-07-05,129.9166717529297,129.9166717529297,126.875,127.16666412353516,87.24066925048828,3307670
2016-07-07,127.16666412353516,128.4583282470703,125.0,127.41666412353516,87.41216278076172,6193146
2016-07-08,126.875,128.7083282470703,125.54166412353516,128.1666717529297,87.92669677734375,1792663
2016-07-11,129.25,132.25,129.25,131.375,90.12771606445312,3684830
2016-07-12,131.4166717529297,132.7916717529297,131.125,131.9166717529297,90.49932098388672,2558658
2016-07-13,132.5833282470703,132.8333282470703,130.5,131.375,90.12771606445312,3752023
2016-07-14,130.625,132.6666717529297,130.625,132.25,90.72801208496094,3467246
2016-07-15,119.04166412353516,130.625,119.04166412353516,130.2083282470703,89.32736206054688,24967578
2016-07-18,130.0,130.6666717529297,128.875,129.6666717529297,88.95575714111328,3678940
2016-07-19,129.5833282470703,130.5,128.9583282470703,130.1666717529297,89.29876708984375,3266539
2016-07-20,130.1666717529297,131.6666717529297,129.5416717529297,131.125,89.95621490478516,3747645
2016-07-21,131.6666717529297,131.7916717529297,128.6666717529297,129.0833282470703,88.55555725097656,3602185
2016-07-22,129.1666717529297,130.9166717529297,128.4166717529297,130.5,89.5274429321289,4439348
2016-07-25,130.0,131.6666717529297,130.0,131.25,90.0419692993164,2762284
2016-07-26,131.5,132.375,130.9166717529297,131.75,90.38497924804688,2391322
2016-07-27,132.4166717529297,133.6666717529297,130.9166717529297,132.5416717529297,90.92810821533203,3822085
2016-07-28,132.5833282470703,133.3333282470703,130.25,132.1666717529297,90.67083740234375,9605690
2016-07-29,131.7916717529297,133.3333282470703,130.875,131.9583282470703,90.52790832519531,3023502
2016-08-01,132.1666717529297,133.3333282470703,131.2083282470703,132.8333282470703,91.1281967163086,4640031
2016-08-02,133.25,134.0,132.0833282470703,132.7916717529297,91.09960174560547,2760872
2016-08-03,132.4166717529297,132.7916717529297,130.5833282470703,131.25,90.0419692993164,3387386
2016-08-04,131.125,132.9166717529297,131.125,132.5416717529297,90.92810821533203,3007062
2016-08-05,133.3333282470703,135.8333282470703,132.5416717529297,134.5416717529297,92.30018615722656,3142065
2016-08-08,135.0416717529297,135.0416717529297,132.4166717529297,133.2083282470703,91.38542938232422,2541385
2016-08-09,132.9583282470703,135.2083282470703,132.625,133.2083282470703,91.38542938232422,3574959
2016-08-10,133.8333282470703,134.6666717529297,130.625,131.5833282470703,90.27064514160156,3919809
2016-08-11,132.5,133.3333282470703,131.0,132.9583282470703,91.21392822265625,2147083
2016-08-12,132.9166717529297,134.4166717529297,132.7083282470703,133.7916717529297,91.78563690185547,2793805
2016-08-16,133.5416717529297,135.1666717529297,133.0833282470703,134.4583282470703,92.24300384521484,5136718
2016-08-17,133.7916717529297,135.0,133.4166717529297,134.625,92.35731506347656,1653793
2016-08-18,134.7916717529297,140.625,134.6666717529297,139.0,95.35871124267578,8815767
2016-08-19,139.7083282470703,141.6666717529297,138.2083282470703,138.9583282470703,95.33014678955078,5195581
2016-08-22,139.9166717529297,140.6666717529297,135.25,136.375,93.55789184570312,8943697
2016-08-23,136.0,136.3333282470703,131.4583282470703,132.5,90.8995132446289,7852124
2016-08-24,132.2916717529297,136.2916717529297,131.75,134.4166717529297,92.21441650390625,6789516
2016-08-25,133.9166717529297,134.5833282470703,131.75,132.2083282470703,90.69944763183594,8434987
2016-08-26,132.4166717529297,133.1666717529297,131.0416717529297,131.5833282470703,90.27064514160156,3957362
2016-08-29,131.6666717529297,133.3333282470703,130.6666717529297,132.9583282470703,91.21392822265625,1646781
2016-08-30,133.3333282470703,135.25,132.375,134.7916717529297,92.47167205810547,2913315
2016-08-31,133.5833282470703,135.2083282470703,132.125,132.7083282470703,91.04241180419922,11099280
2016-09-01,133.0833282470703,133.875,131.6666717529297,132.2916717529297,90.75657653808594,3383041
2016-09-02,132.6666717529297,134.0,131.4583282470703,133.3333282470703,91.47119903564453,4700020
2016-09-06,133.75,136.6666717529297,133.75,136.2916717529297,93.50072479248047,5273948
2016-09-07,136.0,136.3333282470703,133.7916717529297,134.375,92.18582153320312,3051766
2016-09-08,132.5833282470703,135.0,132.5416717529297,133.125,92.3302993774414,2926024
2016-09-09,133.3333282470703,134.0833282470703,132.0,132.3333282470703,91.78124237060547,2551233
2016-09-12,130.6666717529297,131.8333282470703,126.875,127.375,88.34233093261719,3768448
2016-09-14,126.66666412353516,130.5,126.66666412353516,129.75,89.98954772949219,3852837
2016-09-15,130.3333282470703,130.8333282470703,126.95833587646484,127.83333587646484,88.66023254394531,3226718
2016-09-16,128.7916717529297,130.7916717529297,127.0,127.54166412353516,88.45793914794922,7863216
2016-09-19,128.0833282470703,130.0,127.375,129.2916717529297,89.67166900634766,2220804
2016-09-20,129.0833282470703,129.1666717529297,127.5,127.83333587646484,88.66023254394531,3677742
2016-09-21,127.66666412353516,129.5,127.66666412353516,128.3333282470703,89.00701904296875,3328227
2016-09-22,130.625,131.0833282470703,129.1666717529297,130.8333282470703,90.74088287353516,2877253
2016-09-23,131.0,131.6666717529297,130.25,130.75,90.68311309814453,4637128
2016-09-26,129.5833282470703,130.4166717529297,126.08333587646484,126.79166412353516,87.93775177001953,5557129
2016-09-27,126.70833587646484,127.79166412353516,125.83333587646484,126.83333587646484,87.96666717529297,2940974
2016-09-28,127.08333587646484,128.0,126.79166412353516,127.25,88.25565338134766,2364836
2016-09-29,127.75,128.125,123.54166412353516,124.54166412353516,86.37725830078125,9046064
2016-09-30,124.33333587646484,126.54166412353516,122.75,123.33333587646484,85.53919982910156,3917944
2016-10-03,123.95833587646484,126.375,123.75,125.5,87.04190063476562,2458561
2016-10-04,125.66666412353516,127.375,125.375,126.875,87.99555206298828,3592586
2016-10-05,127.70833587646484,128.1666717529297,125.29166412353516,127.04166412353516,88.11113739013672,3460152
2016-10-06,127.66666412353516,128.2083282470703,123.75,124.125,86.0882568359375,5083105
2016-10-07,124.16666412353516,125.125,123.08333587646484,123.58333587646484,85.71257781982422,2824920
2016-10-10,124.0,124.54166412353516,121.58333587646484,122.20833587646484,84.75894927978516,5757795
2016-10-13,122.5,122.5,119.41666412353516,120.625,83.66080474853516,7622096
2016-10-14,121.08333587646484,121.33333587646484,119.58333587646484,120.83333587646484,83.80530548095703,3912372
2016-10-17,122.5,123.83333587646484,121.75,122.91666412353516,85.25021362304688,9453096
2016-10-18,123.33333587646484,124.0,122.625,123.33333587646484,85.53919982910156,10349815
2016-10-19,123.70833587646484,125.16666412353516,123.04166412353516,124.20833587646484,86.14604949951172,8062418
2016-10-20,124.79166412353516,124.91666412353516,123.625,124.16666412353516,86.11715698242188,3200011
2016-10-21,123.66666412353516,125.0,123.66666412353516,124.58333587646484,86.40615844726562,1824866
2016-10-24,124.875,126.66666412353516,124.75,126.125,87.47538757324219,1329955
2016-10-25,125.5,127.125,124.625,126.66666412353516,87.85107421875,2033961
2016-10-26,126.20833587646484,127.41666412353516,125.91666412353516,126.54166412353516,87.76435852050781,1938522
2016-10-27,126.41666412353516,127.33333587646484,125.41666412353516,126.41666412353516,87.67766571044922,3302029
2016-10-28,126.58333587646484,129.125,125.20833587646484,126.875,87.99555206298828,7337786
2016-11-01,126.41666412353516,130.4583282470703,125.58333587646484,129.1666717529297,89.58495330810547,4078814
2016-11-02,128.2916717529297,131.3333282470703,127.625,130.4166717529297,90.45191955566406,8157837
2016-11-03,130.6666717529297,131.0833282470703,127.08333587646484,127.54166412353516,88.45793914794922,4332021
2016-11-04,128.0,129.5833282470703,127.33333587646484,127.91666412353516,88.71802520751953,2394276
2016-11-07,128.4583282470703,130.75,127.79166412353516,129.25,89.64276123046875,4567302
2016-11-08,129.5,130.5,127.95833587646484,128.4583282470703,89.09368896484375,4490103
2016-11-09,123.08333587646484,130.0,121.33333587646484,128.4166717529297,89.06480407714844,8218180
2016-11-10,129.5833282470703,130.2916717529297,128.375,129.0,89.4693603515625,4426790
2016-11-11,128.3333282470703,128.3333282470703,125.66666412353516,126.41666412353516,87.67766571044922,3641463
2016-11-15,126.16666412353516,127.125,124.16666412353516,125.125,86.7818374633789,4077310
2016-11-16,126.08333587646484,126.5,124.375,125.125,86.7818374633789,3384367
2016-11-17,125.0,127.25,124.33333587646484,126.5,87.7354736328125,6488716
2016-11-18,127.25,133.3333282470703,126.79166412353516,132.5416717529297,91.92573547363281,13243760
2016-11-21,132.5,133.2083282470703,128.7083282470703,129.0833282470703,89.52716827392578,9888339
2016-11-22,130.0,130.0833282470703,125.875,128.4166717529297,89.06480407714844,10578529
2016-11-23,128.6666717529297,134.1666717529297,125.79166412353516,133.2083282470703,92.38810729980469,10153308
2016-11-24,132.3333282470703,133.3333282470703,129.2916717529297,130.8333282470703,90.74088287353516,5111353
2016-11-25,131.625,135.375,129.5833282470703,134.5833282470703,93.34175872802734,5798672
2016-11-28,133.4166717529297,137.4583282470703,133.4166717529297,136.9583282470703,94.98895263671875,4603195
2016-11-29,137.0833282470703,137.6666717529297,135.1666717529297,135.8333282470703,94.20870971679688,6154771
2016-11-30,136.0,136.6666717529297,134.7916717529297,135.9583282470703,94.29539489746094,9674742
2016-12-01,135.9583282470703,137.4583282470703,134.2916717529297,134.9166717529297,93.57294464111328,3768108
2016-12-02,134.9583282470703,135.7916717529297,133.1666717529297,134.7083282470703,93.42845153808594,3513333
2016-12-05,133.7916717529297,136.0,133.7916717529297,135.375,93.89080810546875,3422251
2016-12-06,135.8333282470703,137.9583282470703,135.25,135.9166717529297,94.2665023803711,5353840
2016-12-07,136.5416717529297,138.1666717529297,135.4166717529297,135.9583282470703,94.29539489746094,3689476
2016-12-08,136.625,137.625,134.4166717529297,135.875,94.23760223388672,4154828
2016-12-09,136.2083282470703,137.0,134.25,136.7083282470703,94.81558227539062,2481586
2016-12-12,136.5833282470703,140.0,136.2916717529297,137.875,95.62471771240234,3724072
2016-12-13,138.625,139.1666717529297,135.875,137.3333282470703,95.24905395507812,3550705
2016-12-14,137.5833282470703,138.6666717529297,135.875,136.2916717529297,94.526611328125,3354277
2016-12-15,135.5833282470703,137.125,133.125,133.5,92.59040832519531,3354172
2016-12-16,133.7083282470703,135.1666717529297,132.9583282470703,133.3333282470703,92.47479248046875,4329195
2016-12-19,134.1666717529297,134.375,132.7083282470703,133.25,92.41699981689453,3143113
2016-12-20,134.0833282470703,135.4166717529297,133.75,134.875,93.5440444946289,2882146
2016-12-21,135.2916717529297,137.4166717529297,134.2083282470703,136.375,94.58438110351562,3838824
2016-12-22,136.125,136.75,133.3333282470703,133.75,92.76377868652344,2898685
2016-12-23,133.4166717529297,134.875,131.5833282470703,134.2083282470703,93.08165740966797,3019249
2016-12-26,133.4166717529297,135.125,132.7916717529297,133.2916717529297,92.44591522216797,2883518
2016-12-27,133.25,134.5416717529297,132.9166717529297,133.6666717529297,92.70600128173828,3137931
2016-12-28,133.6666717529297,135.25,133.3333282470703,133.9583282470703,92.9083023071289,2598544
2016-12-29,133.75,136.875,133.75,136.2916717529297,94.526611328125,5976016
2016-12-30,136.0,137.875,135.8333282470703,137.2916717529297,95.22015380859375,4244060
2017-01-02,137.5416717529297,139.2916717529297,137.0,137.3333282470703,95.24905395507812,3152186
2017-01-03,137.4166717529297,138.5416717529297,136.875,137.875,95.62471771240234,2448501
2017-01-04,137.5416717529297,139.5833282470703,136.9583282470703,137.375,95.27794647216797,3729337
2017-01-05,136.7083282470703,138.5833282470703,136.7083282470703,137.5,95.36463165283203,6652960
2017-01-06,137.5416717529297,138.5833282470703,136.3333282470703,136.6666717529297,94.78668212890625,4947444
2017-01-09,136.6666717529297,136.9166717529297,134.25,135.875,94.23760223388672,4569656
2017-01-10,136.125,136.5,134.75,135.25,93.80413818359375,2423820
2017-01-11,135.8333282470703,137.3333282470703,134.875,137.0833282470703,95.07564544677734,2763603
2017-01-12,137.5,145.2916717529297,137.0833282470703,144.75,100.39295196533203,12138549
2017-01-13,145.75,145.8333282470703,142.2083282470703,142.5,98.83245086669922,6432948
2017-01-16,141.125,144.2916717529297,140.8333282470703,142.2083282470703,98.6301498413086,5560533
2017-01-17,142.75,146.8333282470703,141.875,146.4166717529297,101.54889678955078,7873125
2017-01-18,146.6666717529297,146.875,143.3333282470703,143.9583282470703,99.84387969970703,6211531
2017-01-19,144.1666717529297,145.8333282470703,143.125,145.125,100.65306091308594,7877224
2017-01-20,144.75,145.0833282470703,141.5,142.0416717529297,98.51457214355469,4372642
2017-01-23,141.6666717529297,143.7083282470703,141.0,141.3333282470703,98.02328491210938,4522695
2017-01-24,141.4166717529297,145.1666717529297,141.4166717529297,143.625,99.61270904541016,7209640
2017-01-25,143.7916717529297,144.5833282470703,142.0416717529297,142.7916717529297,99.03472137451172,13115185
2017-01-27,142.9166717529297,148.5416717529297,142.8333282470703,147.9166717529297,102.58924865722656,6091371
2017-01-30,147.375,148.25,145.4166717529297,146.4166717529297,101.54889678955078,5516523
2017-01-31,146.6666717529297,148.0833282470703,143.125,143.625,99.61270904541016,7441196
2017-02-01,143.875,144.4166717529297,141.0833282470703,142.4166717529297,98.77465057373047,10397133
2017-02-02,143.9166717529297,146.6666717529297,143.125,143.7916717529297,99.72831726074219,7142464
2017-02-03,143.75,144.7083282470703,142.875,143.2916717529297,99.38153839111328,4129434
2017-02-06,143.75,145.75,143.4166717529297,144.6666717529297,100.3351821899414,6082885
2017-02-07,144.0,146.25,143.625,144.1666717529297,99.98839569091797,6618921
2017-02-08,145.3333282470703,146.0416717529297,141.875,143.25,99.35261535644531,10220055
2017-02-09,143.25,144.9583282470703,139.5,140.1666717529297,97.21412658691406,7504140
2017-02-10,141.0416717529297,143.0416717529297,140.5416717529297,141.9583282470703,98.45677185058594,4783242
2017-02-13,142.4583282470703,144.25,142.4583282470703,143.75,99.69940185546875,7380872
2017-02-14,144.0833282470703,144.0833282470703,141.5833282470703,142.375,98.7457504272461,5174097
2017-02-15,140.625,142.1666717529297,140.25,140.875,99.2211685180664,4591172
2017-02-16,141.25,142.375,140.9166717529297,141.9166717529297,99.954833984375,4049570
2017-02-17,142.25,142.4583282470703,140.7083282470703,141.4583282470703,99.63203430175781,3268471
2017-02-20,141.6666717529297,143.8333282470703,141.25,143.1666717529297,100.83523559570312,7358422
2017-02-21,143.2916717529297,144.2083282470703,142.125,143.75,101.2460708618164,2167004
2017-02-22,144.875,145.0,138.2916717529297,138.9166717529297,97.8418960571289,8138626
2017-02-23,139.5,139.5,136.7083282470703,137.9166717529297,97.13756561279297,8046589
2017-02-27,138.4583282470703,138.7083282470703,136.3333282470703,137.8333282470703,97.07884979248047,8850588
2017-02-28,138.3333282470703,138.4583282470703,135.2083282470703,135.7916717529297,95.640869140625,16850186
2017-03-01,136.2083282470703,136.9166717529297,132.5,133.2916717529297,93.88005828857422,11781903
2017-03-02,134.0833282470703,134.0833282470703,129.375,129.9583282470703,91.5323486328125,16388160
2017-03-03,129.9583282470703,131.0,128.9166717529297,130.0833282470703,91.6203842163086,9776836
2017-03-06,130.75,132.5,130.0833282470703,132.0,92.97032165527344,5028422
2017-03-07,133.3333282470703,133.375,130.8333282470703,131.1666717529297,92.3833999633789,4820226
2017-03-08,131.3333282470703,132.125,130.2083282470703,130.9166717529297,92.20732879638672,3653134
2017-03-09,130.5416717529297,132.7083282470703,129.6666717529297,131.9166717529297,92.91163635253906,5600349
2017-03-10,131.9583282470703,132.875,130.3333282470703,130.9166717529297,92.20732879638672,2902393
2017-03-14,133.7083282470703,134.125,131.75,133.0,93.67464447021484,5506806
2017-03-15,132.9166717529297,133.3333282470703,131.9166717529297,132.2083282470703,93.11705017089844,3038296
2017-03-16,132.875,134.5833282470703,132.5416717529297,134.375,94.64308166503906,3935551
2017-03-17,134.75,134.875,132.2916717529297,133.2916717529297,93.88005828857422,7716466
2017-03-20,132.5833282470703,134.875,132.5833282470703,134.5,94.73111724853516,2691794
2017-03-21,134.5416717529297,135.4583282470703,133.3333282470703,135.125,95.17132568359375,3637201
2017-03-22,134.4166717529297,135.0,133.5416717529297,133.9583282470703,94.349609375,2992011
2017-03-23,134.5,137.3333282470703,134.25,137.0,96.4919204711914,6384273
2017-03-24,137.375,137.9583282470703,136.25,137.1666717529297,96.60932159423828,4581844
2017-03-27,136.6666717529297,137.4583282470703,135.8333282470703,136.125,95.87566375732422,3264932
2017-03-28,136.75,137.7916717529297,136.5833282470703,137.4166717529297,96.785400390625,1686946
2017-03-29,138.2916717529297,138.2916717529297,136.1666717529297,136.625,96.2278060913086,4597850
2017-03-30,136.7083282470703,137.9166717529297,135.5,135.9166717529297,95.72891235351562,9615726
2017-03-31,136.3333282470703,138.9583282470703,135.9166717529297,138.3333282470703,97.43103790283203,3814359
2017-04-03,138.3333282470703,139.4166717529297,136.7083282470703,137.2083282470703,96.63866424560547,3542816
2017-04-05,138.25,140.0,137.25,138.75,97.72449493408203,6131202
2017-04-06,138.75,140.0416717529297,137.5,139.75,98.4288101196289,5319375
2017-04-07,139.1666717529297,141.0833282470703,138.3333282470703,140.2083282470703,98.75161743164062,7405474
2017-04-10,140.0416717529297,140.7916717529297,137.7083282470703,138.9583282470703,97.87124633789062,2686148
2017-04-11,139.2083282470703,139.9166717529297,136.0833282470703,139.1666717529297,98.01795196533203,17414233
2017-04-12,139.5,140.2083282470703,136.9166717529297,137.4583282470703,96.81475067138672,8425531
2017-04-13,137.5,137.875,136.8333282470703,137.2083282470703,96.63866424560547,4090750
2017-04-17,137.25,137.5,132.0,132.75,93.49857330322266,9580728
2017-04-18,133.75,136.2083282470703,133.3333282470703,134.75,94.9072036743164,5073410
2017-04-19,134.75,138.25,134.25,137.4166717529297,96.785400390625,5434806
2017-04-20,137.3333282470703,137.4166717529297,136.0,136.4166717529297,96.08106994628906,2381107
2017-04-21,136.7083282470703,139.5833282470703,136.625,139.3333282470703,98.13533020019531,9538297
2017-04-24,139.3333282470703,140.375,138.125,138.7916717529297,97.75383758544922,2517796
2017-04-25,139.125,139.1666717529297,136.2916717529297,137.875,97.10821533203125,3704083
2017-04-26,137.875,138.7083282470703,137.0,138.0,97.19623565673828,4119194
2017-04-27,137.7083282470703,138.7083282470703,135.8333282470703,136.75,96.31584167480469,4868335
2017-04-28,136.6666717529297,137.6666717529297,136.1666717529297,137.0833282470703,96.55059814453125,3063996
2017-05-02,137.2083282470703,138.0,134.4166717529297,135.0833282470703,95.14197540283203,4025983
2017-05-03,135.8333282470703,137.125,134.4583282470703,135.0833282470703,95.14197540283203,3870368
2017-05-04,135.5,136.125,135.125,135.5416717529297,95.46477508544922,3344888
2017-05-05,135.2916717529297,135.3333282470703,132.875,133.0833282470703,93.73334503173828,2507920
2017-05-08,132.8333282470703,134.4583282470703,132.8333282470703,133.8333282470703,94.26158905029297,3692730
2017-05-09,134.4583282470703,134.625,133.2083282470703,134.375,94.64308166503906,3186598
2017-05-10,134.4583282470703,135.7916717529297,134.3333282470703,135.1666717529297,95.20067596435547,2730601
2017-05-11,135.25,135.375,133.125,133.5416717529297,94.05613708496094,4567666
2017-05-12,133.375,134.6666717529297,131.6666717529297,132.375,93.23445129394531,2748128
2017-05-15,132.5,133.3333282470703,131.5,133.125,93.7626724243164,2060881
2017-05-16,133.125,134.0833282470703,132.8333282470703,133.2916717529297,93.88005828857422,5617327
2017-05-17,133.75,134.8333282470703,132.0833282470703,132.4166717529297,93.2637939453125,8423958
2017-05-18,131.6666717529297,132.7916717529297,131.0833282470703,131.5,92.61815643310547,6185143
2017-05-19,132.8333282470703,133.9166717529297,131.75,132.5833282470703,93.38117980957031,2852978
2017-05-22,132.75,133.5416717529297,131.4583282470703,131.8333282470703,92.8529281616211,3324104
2017-05-23,131.6666717529297,132.0,129.25,130.7916717529297,92.11927032470703,2820800
2017-05-24,130.9166717529297,132.375,129.6666717529297,130.375,91.8258056640625,2830014
2017-05-25,130.5416717529297,130.9583282470703,129.0,130.2916717529297,91.76712799072266,5992188
2017-05-26,130.2083282470703,130.5,129.5833282470703,130.0,91.56170654296875,3186957
2017-05-29,130.75,131.5,127.625,130.4166717529297,91.85514831542969,8203143
2017-05-30,130.4166717529297,136.25,130.3333282470703,134.375,94.64308166503906,5871019
2017-05-31,133.4166717529297,135.5833282470703,133.1666717529297,133.5,94.02679443359375,6385513
2017-06-01,133.5,134.6666717529297,132.9583282470703,133.875,94.29092407226562,2350266
2017-06-02,134.125,136.1666717529297,134.0,135.5,95.43543243408203,5955807
2017-06-05,135.2083282470703,135.9166717529297,134.5833282470703,135.5,95.43543243408203,2986412
2017-06-06,135.8333282470703,135.8333282470703,131.4583282470703,131.75,92.79423522949219,5236093
2017-06-07,131.4166717529297,132.0833282470703,130.7916717529297,131.5416717529297,92.64750671386719,10697568
2017-06-08,131.75,131.9166717529297,130.6666717529297,131.5416717529297,92.64750671386719,1812870
2017-06-09,131.6666717529297,132.9583282470703,130.2916717529297,131.5,92.61815643310547,2940114
2017-06-12,131.6666717529297,132.3333282470703,129.8333282470703,131.625,92.70620727539062,3738913
2017-06-13,131.875,133.5833282470703,131.75,133.3333282470703,93.90940856933594,4090297
2017-06-14,133.5833282470703,133.5833282470703,132.0,133.2916717529297,93.88005828857422,2630623
2017-06-15,132.9583282470703,135.4166717529297,131.875,132.5416717529297,93.3518295288086,6250599
2017-06-16,132.5416717529297,134.375,132.5416717529297,133.8333282470703,94.26158905029297,5082594
2017-06-19,134.25,134.75,132.7916717529297,134.125,94.46699523925781,3415876
2017-06-20,133.5416717529297,134.0,132.2083282470703,132.4583282470703,93.29312896728516,2603080
2017-06-21,132.7083282470703,134.1666717529297,131.5,133.1666717529297,93.79203796386719,4094097
2017-06-22,133.375,134.0,131.9166717529297,132.4583282470703,93.29312896728516,5139614
2017-06-23,132.4166717529297,134.0833282470703,131.0416717529297,131.5416717529297,92.64750671386719,4643132
2017-06-27,131.25,132.3333282470703,129.1666717529297,131.5833282470703,92.67687225341797,3746638
2017-06-28,131.5833282470703,133.4166717529297,131.0416717529297,133.0416717529297,93.70399475097656,5058873
2017-06-29,132.5,133.25,131.5416717529297,132.2083282470703,93.11705017089844,10103880
2017-06-30,131.9166717529297,133.2083282470703,130.875,132.4583282470703,93.29312896728516,6122950
2017-07-03,132.4166717529297,132.4166717529297,129.4166717529297,130.625,92.00188446044922,8945122
2017-07-04,132.5833282470703,133.125,131.5,131.7083282470703,92.76487731933594,5282948
2017-07-05,131.8333282470703,133.4166717529297,131.5,132.5,93.32247161865234,5059808
2017-07-06,131.75,132.2083282470703,130.8333282470703,131.7083282470703,92.76487731933594,5379126
2017-07-07,131.5833282470703,133.0,131.3333282470703,132.5416717529297,93.3518295288086,4768952
2017-07-10,133.6666717529297,134.0833282470703,131.6666717529297,133.375,93.93876647949219,1170691
2017-07-11,133.375,137.25,133.25,136.0833282470703,95.84629821777344,5956020
2017-07-12,136.1666717529297,137.0,135.5833282470703,136.7083282470703,96.28651428222656,4097499
2017-07-13,137.5,138.5,136.25,136.5833282470703,96.19844055175781,3014683
2017-07-14,136.6666717529297,140.25,136.125,139.4166717529297,98.19403076171875,4127641
2017-07-17,140.6666717529297,140.8333282470703,139.5416717529297,140.4583282470703,98.9277114868164,4854055
2017-07-18,139.8333282470703,143.2083282470703,138.5,139.625,98.34076690673828,4280904
2017-07-19,140.0833282470703,142.1666717529297,139.0,139.8333282470703,98.48748779296875,4443198
2017-07-20,139.9166717529297,140.6666717529297,137.375,137.875,97.10821533203125,3079837
2017-07-21,137.8333282470703,138.8333282470703,134.9166717529297,137.3333282470703,96.7267074584961,4679146
2017-07-24,136.75,138.75,136.5,136.7083282470703,96.28651428222656,4095321
2017-07-25,136.75,138.0833282470703,136.375,136.5833282470703,96.19844055175781,5238774
2017-07-26,136.6666717529297,139.2916717529297,136.6666717529297,138.625,97.63646697998047,4710169
2017-07-27,139.1666717529297,139.3333282470703,136.875,137.8333282470703,97.07884979248047,13313542
2017-07-28,137.4166717529297,138.2083282470703,134.8333282470703,136.5833282470703,96.19844055175781,5825488
2017-07-31,138.0833282470703,138.9583282470703,134.9583282470703,136.8333282470703,96.3745346069336,11319219
2017-08-01,137.1666717529297,138.3333282470703,135.9166717529297,137.6666717529297,96.96150207519531,7131372
2017-08-02,138.2083282470703,144.125,138.2083282470703,143.2083282470703,100.86456298828125,22272063
2017-08-03,143.3333282470703,145.2083282470703,141.7083282470703,143.7916717529297,101.27542877197266,7242470
2017-08-04,143.625,148.5,141.3333282470703,147.7916717529297,104.09271240234375,9251462
2017-08-07,147.75,149.2916717529297,144.8333282470703,145.375,102.390625,4356682
2017-08-08,143.5833282470703,144.7083282470703,141.1666717529297,142.625,100.45374298095703,4508409
2017-08-09,142.5,146.125,142.0833282470703,144.7083282470703,101.92106628417969,3248853
2017-08-10,144.7083282470703,145.2083282470703,141.1666717529297,143.875,101.3341293334961,2957564
2017-08-11,141.25,144.0,139.5416717529297,140.7083282470703,99.10376739501953,6021926
2017-08-14,141.6666717529297,144.6666717529297,140.5833282470703,143.125,100.8058853149414,4955436
2017-08-16,142.9166717529297,144.5833282470703,141.375,141.75,99.83745574951172,6909514
2017-08-17,142.5,147.875,141.0833282470703,147.3333282470703,103.76990509033203,6198212
2017-08-18,147.8333282470703,148.875,143.875,144.5,101.77433776855469,9086977
2017-08-21,144.3333282470703,145.9166717529297,143.0416717529297,143.3333282470703,100.95263671875,4958263
2017-08-22,144.8333282470703,144.875,139.3333282470703,139.75,98.4288101196289,5514501
2017-08-23,140.0,142.5833282470703,139.6666717529297,141.875,99.92548370361328,5016500
2017-08-24,142.5,143.0,140.2083282470703,140.8333282470703,99.19182586669922,5959692
2017-08-28,141.4166717529297,145.0,141.4166717529297,144.4166717529297,101.71563720703125,6243884
2017-08-29,138.5416717529297,140.75,138.4166717529297,140.3333282470703,98.83967590332031,26027901
2017-08-30,138.3333282470703,142.7916717529297,138.125,139.9583282470703,98.57554626464844,24858153
2017-08-31,136.6666717529297,141.0,136.4583282470703,140.625,99.04508972167969,100020078
2017-09-01,139.5416717529297,140.75,138.9583282470703,140.2083282470703,98.75161743164062,6407655
2017-09-04,139.1666717529297,141.0,139.0416717529297,140.2083282470703,98.75161743164062,5787289
2017-09-05,140.3333282470703,141.4583282470703,139.625,141.25,99.48529052734375,3431329
2017-09-06,140.7916717529297,141.875,140.625,141.625,99.74942016601562,2789814
2017-09-07,140.0,142.25,139.875,141.75,101.12870025634766,5341582
2017-09-08,141.0,141.75,138.7916717529297,139.7916717529297,99.73157501220703,3959727
2017-09-11,139.5833282470703,142.75,138.9583282470703,142.125,101.3962173461914,13794789
2017-09-12,142.0416717529297,143.2083282470703,141.0416717529297,141.9583282470703,101.27732849121094,4997685
2017-09-13,141.4166717529297,142.8333282470703,140.5,140.7916717529297,100.44499206542969,5065327
2017-09-14,140.7916717529297,141.6666717529297,140.0833282470703,140.5416717529297,100.26664733886719,7281802
2017-09-15,140.0,140.1666717529297,139.0833282470703,139.4583282470703,99.49373626708984,6626685
2017-09-18,140.0,141.9583282470703,139.75,140.0,99.88021087646484,3664866
2017-09-19,140.0,141.3333282470703,139.0416717529297,140.8333282470703,100.4747314453125,2329150
2017-09-20,140.8333282470703,141.1666717529297,138.875,139.8333282470703,99.76129150390625,4668108
2017-09-21,139.25,140.4166717529297,139.2083282470703,140.1666717529297,99.9991226196289,3728936
2017-09-22,139.5416717529297,140.0,137.125,138.3333282470703,98.69114685058594,6742154
2017-09-25,139.1666717529297,139.9166717529297,137.3333282470703,138.5416717529297,98.83978271484375,5028435
2017-09-26,139.0833282470703,139.5416717529297,136.7916717529297,139.125,99.25594329833984,4261666
2017-09-27,139.375,139.5416717529297,137.0833282470703,137.5,98.09662628173828,3760716
2017-09-28,137.5,138.75,136.75,138.375,98.72087860107422,6199570
2017-09-29,138.75,139.9583282470703,137.7083282470703,139.5416717529297,99.5531997680664,4245489
2017-10-03,140.0,140.7916717529297,139.6666717529297,140.3333282470703,100.11800384521484,5038693
2017-10-04,140.3333282470703,141.0,139.3333282470703,140.0416717529297,99.90992736816406,6354854
2017-10-05,139.875,143.0,139.8333282470703,142.5833282470703,101.72322845458984,13895436
2017-10-06,142.7083282470703,148.3333282470703,142.625,146.7083282470703,104.66613006591797,18944218
2017-10-09,145.7916717529297,148.0,145.125,145.75,103.98240661621094,6961627
2017-10-10,145.75,146.5416717529297,145.25,146.25,104.33914184570312,5929921
2017-10-11,146.75,147.7083282470703,145.2083282470703,145.7083282470703,103.95269775390625,5036053
2017-10-12,145.8333282470703,149.0833282470703,145.8333282470703,147.25,105.05258178710938,19542392
2017-10-13,148.3333282470703,148.6666717529297,145.6666717529297,146.5416717529297,104.54723358154297,6797923
2017-10-16,146.6666717529297,147.625,145.75,146.2083282470703,104.30940246582031,2658920
2017-10-17,146.4166717529297,147.0833282470703,144.7916717529297,146.5833282470703,104.57696533203125,23635226
2017-10-18,146.9166717529297,150.0,145.8333282470703,148.375,105.85519409179688,8205376
2017-10-19,148.6666717529297,148.75,145.1666717529297,145.875,104.07161712646484,556915
2017-10-23,145.875,148.25,144.7083282470703,147.4583282470703,105.20121002197266,6443756
2017-10-24,147.5,152.4166717529297,146.875,151.375,107.99547576904297,14176243
2017-10-25,151.5833282470703,154.4583282470703,151.5,152.7916717529297,109.00617980957031,10983906
2017-10-26,152.7083282470703,154.25,152.0833282470703,153.875,109.779052734375,11019600
2017-10-27,153.75,156.6666717529297,151.0416717529297,151.625,108.17383575439453,7227376
2017-10-30,151.75,152.625,151.75,152.1666717529297,108.5602798461914,5224491
2017-10-31,152.5,152.6666717529297,150.0833282470703,151.0416717529297,107.75765228271484,9992200
2017-11-01,151.0,153.75,150.0416717529297,150.625,107.46036529541016,9539526
2017-11-02,147.5833282470703,150.7083282470703,147.4166717529297,150.2083282470703,107.16315460205078,7958055
2017-11-03,149.1666717529297,153.25,149.1666717529297,151.625,108.17383575439453,10815914
2017-11-06,151.5833282470703,151.5833282470703,148.875,149.375,106.56861114501953,4282537
2017-11-07,149.75,150.6666717529297,147.625,148.6666717529297,106.06326293945312,10390363
2017-11-08,148.25,149.3333282470703,146.5416717529297,146.9583282470703,104.84446716308594,7184114
2017-11-09,147.125,149.7916717529297,147.125,148.375,105.85519409179688,5041654
2017-11-10,148.2083282470703,148.6666717529297,146.2916717529297,147.125,104.96339416503906,6573186
2017-11-13,148.375,149.125,146.875,147.4583282470703,105.20121002197266,5605167
2017-11-14,147.9166717529297,151.5416717529297,146.875,147.5416717529297,105.26063537597656,11136588
2017-11-15,147.0416717529297,147.4583282470703,144.625,145.1666717529297,103.56623077392578,8244417
2017-11-16,146.25,148.6666717529297,145.0833282470703,147.0416717529297,104.9039535522461,8639272
2017-11-17,148.4166717529297,150.0416717529297,146.75,147.9583282470703,105.55792999267578,8639323
2017-11-20,147.625,150.9583282470703,147.625,150.375,107.28205871582031,5624824
2017-11-21,150.6666717529297,154.8333282470703,150.5,152.4583282470703,108.76836395263672,12956512
2017-11-22,153.375,154.1666717529297,150.9583282470703,151.5416717529297,108.11437225341797,7199913
2017-11-23,151.5833282470703,152.0833282470703,149.125,150.3333282470703,107.2523193359375,6313909
2017-11-24,150.0,151.4583282470703,149.25,150.25,107.19287109375,4985976
2017-11-27,150.0,155.7083282470703,149.6666717529297,155.2916717529297,110.78972625732422,12239492
2017-11-28,154.9583282470703,154.9583282470703,151.9583282470703,152.3333282470703,108.67913818359375,21490923
2017-11-29,153.1666717529297,153.6666717529297,151.3333282470703,151.6666717529297,108.20354461669922,14803374
2017-11-30,150.8333282470703,152.5416717529297,149.9583282470703,150.9583282470703,107.6982192993164,21081258
2017-12-01,152.3333282470703,153.0833282470703,150.4166717529297,151.0833282470703,107.78739166259766,5247830
2017-12-04,151.5833282470703,151.875,149.7083282470703,150.1666717529297,107.1334228515625,10381372
2017-12-05,149.625,149.625,146.9166717529297,147.5833282470703,105.29039001464844,9543513
2017-12-06,146.7083282470703,148.125,145.5833282470703,146.375,104.4283218383789,10349719
2017-12-07,147.5,151.2083282470703,145.9166717529297,150.25,107.19287109375,13097042
2017-12-08,148.4166717529297,151.375,148.375,150.3333282470703,107.2523193359375,13832593
2017-12-11,151.3333282470703,151.6666717529297,148.0833282470703,148.625,106.03353118896484,8522901
2017-12-12,148.0833282470703,148.2083282470703,145.75,146.5833282470703,104.57696533203125,9448897
2017-12-13,147.25,147.5,146.125,146.7083282470703,104.66613006591797,8234570
2017-12-14,146.75,148.25,144.625,147.75,105.4092788696289,8551278
2017-12-15,148.4166717529297,148.8333282470703,146.75,147.875,105.49845886230469,6455800
2017-12-18,146.1666717529297,148.5416717529297,144.875,148.125,105.67679595947266,6610290
2017-12-19,148.2083282470703,150.2916717529297,147.4583282470703,150.0416717529297,107.04425048828125,7419950
2017-12-20,150.1666717529297,150.3333282470703,148.0833282470703,148.7083282470703,106.09298706054688,5873828
2017-12-21,149.0416717529297,150.2916717529297,148.75,150.0833282470703,107.07396697998047,6576799
2017-12-22,149.5833282470703,150.5416717529297,149.3333282470703,149.7916717529297,106.86589050292969,3793356
2017-12-26,150.4166717529297,150.4166717529297,147.4166717529297,148.7083282470703,106.09298706054688,11741056
2017-12-27,148.7083282470703,150.25,147.1666717529297,147.9166717529297,105.52819061279297,7842159
2017-12-28,148.25,148.9166717529297,146.2916717529297,146.7916717529297,104.72557067871094,17995456
2017-12-29,147.4583282470703,148.5416717529297,146.5,147.5,105.23095703125,8900653
2018-01-01,147.5416717529297,147.7916717529297,146.4166717529297,147.125,104.96339416503906,6689762
2018-01-02,147.3333282470703,149.375,147.125,149.0833282470703,106.36054229736328,10171537
2018-01-03,149.5833282470703,150.25,147.2916717529297,147.5416717529297,105.26063537597656,12409998
2018-01-04,147.875,148.25,147.125,147.5833282470703,105.29039001464844,8712321
2018-01-05,147.75,148.5416717529297,147.0833282470703,147.9166717529297,105.52819061279297,12431070
2018-01-08,148.0,148.75,147.4166717529297,148.0416717529297,105.61737060546875,7290126
2018-01-09,148.25,148.6666717529297,146.4583282470703,147.25,105.05258178710938,7868696
2018-01-10,146.8333282470703,147.3333282470703,144.5,144.9583282470703,103.41761779785156,9836607
2018-01-11,145.0,145.75,144.1666717529297,144.5833282470703,103.15010070800781,6643371
2018-01-12,144.75,145.0833282470703,143.1666717529297,143.75,102.55554962158203,8369301
2018-01-15,144.1666717529297,146.1666717529297,143.1666717529297,144.125,102.82310485839844,5463837
2018-01-16,144.6666717529297,145.5,142.1666717529297,144.375,103.00147247314453,10138000
2018-01-17,144.3333282470703,145.7083282470703,142.375,145.2083282470703,103.5959701538086,7596332
2018-01-18,145.7083282470703,145.7083282470703,143.0416717529297,143.4583282470703,102.34746551513672,8280381
2018-01-19,143.375,144.5416717529297,141.8333282470703,143.9583282470703,102.7042007446289,3836697
2018-01-22,144.1666717529297,144.4166717529297,142.875,143.6666717529297,102.49612426757812,5422626
2018-01-23,143.4166717529297,146.875,143.4166717529297,143.9166717529297,102.67446899414062,6478592
2018-01-24,143.875,145.5833282470703,143.0,145.0,103.44734191894531,11677422
2018-01-25,144.625,146.25,142.8333282470703,143.2916717529297,102.22859191894531,13565392
2018-01-29,143.3333282470703,143.9583282470703,142.0833282470703,142.5416717529297,101.6935043334961,12918822
2018-01-30,142.5416717529297,143.75,141.5,141.9166717529297,101.24762725830078,9204885
2018-01-31,141.6666717529297,142.4583282470703,140.625,141.875,101.21788787841797,7820538
2018-02-01,141.0416717529297,141.5,139.5,140.875,100.50446319580078,11024756
2018-02-02,139.5833282470703,140.4583282470703,137.3333282470703,137.6666717529297,98.21554565429688,4803742
2018-02-05,135.0,139.5,135.0,138.5416717529297,98.83978271484375,7129994
2018-02-06,135.0,138.3333282470703,134.375,137.75,98.27498626708984,4853142
2018-02-07,137.0833282470703,138.5416717529297,132.375,137.875,100.01597595214844,11374195
2018-02-08,137.875,138.125,135.8333282470703,136.4166717529297,98.95807647705078,7486767
2018-02-09,135.375,136.7083282470703,133.75,136.0416717529297,98.6860580444336,4518222
2018-02-12,136.5,137.75,135.0833282470703,137.4166717529297,99.6834945678711,10466476
2018-02-14,137.5,138.0833282470703,135.125,135.7916717529297,98.50472259521484,4921964
2018-02-15,136.2083282470703,136.9583282470703,135.5416717529297,136.0,98.65583038330078,2581964
2018-02-16,136.25,136.5,135.0416717529297,135.6666717529297,98.41401672363281,7340724
2018-02-19,136.125,136.375,134.5416717529297,135.75,98.4744873046875,2634882
2018-02-20,135.2916717529297,137.5833282470703,135.0833282470703,136.8333282470703,99.26034545898438,6225978
2018-02-21,137.5,137.5,134.5833282470703,135.25,98.11175537109375,9316350
2018-02-22,134.9166717529297,135.25,133.4583282470703,133.9583282470703,97.17475891113281,5934736
2018-02-23,134.2083282470703,136.6666717529297,134.0416717529297,136.2916717529297,98.8674087524414,4571212
2018-02-26,136.3333282470703,136.375,134.5833282470703,135.7916717529297,98.50472259521484,3486711
2018-02-27,136.6666717529297,138.3333282470703,135.4583282470703,137.9583282470703,100.07642364501953,3844933
2018-02-28,136.6666717529297,137.6666717529297,135.4583282470703,136.0416717529297,98.6860580444336,5257828
2018-03-01,136.4166717529297,136.4583282470703,135.0,135.8333282470703,98.53492736816406,2576112
2018-03-05,134.5833282470703,137.5833282470703,133.375,136.0833282470703,98.71627044677734,3945470
2018-03-06,136.9166717529297,137.4583282470703,135.1666717529297,136.125,98.74651336669922,6137704
2018-03-07,135.8333282470703,137.25,134.9166717529297,136.25,98.83718872070312,3130801
2018-03-08,136.6666717529297,138.3333282470703,135.2083282470703,137.75,99.92528533935547,5446693
2018-03-09,137.5833282470703,137.75,135.4583282470703,137.0,99.38123321533203,4485285
2018-03-12,137.3333282470703,143.9583282470703,136.75,142.625,103.46168518066406,3493401
2018-03-13,141.1666717529297,142.2916717529297,139.4166717529297,141.1666717529297,102.40376281738281,3752316
2018-03-14,141.0833282470703,141.7916717529297,140.125,141.4166717529297,102.58514404296875,4448883
2018-03-15,140.8333282470703,141.7916717529297,139.4166717529297,141.5833282470703,102.70602416992188,4383296
2018-03-16,139.8333282470703,141.2083282470703,136.375,137.375,99.65326690673828,14854449
2018-03-19,137.5,139.9166717529297,136.375,139.1666717529297,100.95294952392578,6026004
2018-03-20,138.6666717529297,139.4166717529297,137.2083282470703,138.6666717529297,100.59025573730469,3780434
2018-03-21,139.5833282470703,142.375,138.0416717529297,141.9583282470703,102.97805786132812,6866022
2018-03-22,140.8333282470703,142.6666717529297,140.4166717529297,142.4583282470703,103.34076690673828,4472313
2018-03-23,140.75,143.1666717529297,140.25,141.7083282470703,102.79671478271484,10827793
2018-03-26,141.625,142.5,140.625,141.5416717529297,102.67581176757812,6600055
2018-03-27,141.875,142.9166717529297,140.375,142.5416717529297,103.40121459960938,4195293
2018-03-28,142.25,142.5,138.7083282470703,141.4166717529297,102.58514404296875,10138818
2018-04-02,141.5833282470703,142.375,140.0833282470703,142.0,103.00828552246094,3367125
2018-04-03,142.3333282470703,143.25,140.5,141.125,102.37356567382812,4460793
2018-04-04,140.9583282470703,141.125,137.9166717529297,138.7916717529297,100.68093872070312,3998232
2018-04-05,139.1666717529297,141.4583282470703,139.0,140.7916717529297,102.13175201416016,3916746
2018-04-06,140.3333282470703,141.6666717529297,139.2916717529297,141.2083282470703,102.43401336669922,3134724
2018-04-09,140.8333282470703,142.0416717529297,140.375,141.375,102.5549087524414,3930802
2018-04-10,141.5833282470703,142.0,140.125,140.3333282470703,101.79926300048828,2607237
2018-04-11,141.0833282470703,142.1666717529297,139.75,140.4166717529297,101.8597183227539,6787894
2018-04-12,140.0833282470703,141.5416717529297,139.4583282470703,141.25,102.4642333984375,6867020
2018-04-13,141.3333282470703,143.0833282470703,140.9583282470703,142.4583282470703,103.34076690673828,3483164
2018-04-16,141.3333282470703,145.75,141.3333282470703,145.0833282470703,105.2449722290039,3694548
2018-04-17,145.375,148.1666717529297,145.0833282470703,147.4583282470703,106.96783447265625,6699236
2018-04-18,147.0833282470703,150.0,146.9583282470703,148.7916717529297,107.93502807617188,4948994
2018-04-19,149.1666717529297,149.6666717529297,147.5,147.9583282470703,107.3305435180664,3141238
2018-04-20,148.2916717529297,148.2916717529297,144.375,145.2916717529297,105.3961181640625,3495886
2018-04-23,145.0416717529297,146.25,144.2916717529297,144.6666717529297,104.9427261352539,3569025
2018-04-24,144.625,145.5416717529297,143.4166717529297,144.0416717529297,104.48934936523438,2003576
2018-04-25,144.0,144.0416717529297,141.25,143.2083282470703,103.88483428955078,5424140
2018-04-26,143.875,144.875,141.2916717529297,143.3333282470703,103.97550964355469,5347538
2018-04-27,143.8333282470703,143.9583282470703,141.1666717529297,142.2916717529297,103.21987915039062,9327048
2018-04-30,142.6666717529297,144.2916717529297,141.5,143.4583282470703,104.06616973876953,2290147
2018-05-02,143.9583282470703,143.9583282470703,141.5,142.0,103.00828552246094,2610385
2018-05-03,142.2916717529297,146.8333282470703,141.7083282470703,145.25,105.36587524414062,3549040
2018-05-04,145.1666717529297,145.1666717529297,142.1666717529297,142.4166717529297,103.31053924560547,3371295
2018-05-07,142.625,143.5833282470703,141.6666717529297,142.0833282470703,103.06873321533203,5823535
2018-05-08,142.5416717529297,143.3333282470703,141.875,142.8333282470703,103.61280059814453,3453937
2018-05-09,142.125,143.6666717529297,141.5833282470703,142.0,103.00828552246094,10928712
2018-05-10,142.8333282470703,143.0833282470703,139.875,140.4166717529297,101.8597183227539,9844190
2018-05-11,140.0,141.875,139.0833282470703,139.5416717529297,101.22496795654297,15561708
2018-05-14,139.5833282470703,144.0833282470703,138.25,143.0416717529297,103.76394653320312,7046984
2018-05-15,141.875,144.9583282470703,141.0833282470703,141.75,102.82693481445312,5782708
2018-05-16,142.125,143.0833282470703,140.4166717529297,141.6666717529297,102.76649475097656,3899072
2018-05-17,141.75,142.5833282470703,138.8333282470703,139.25,101.0134048461914,6783446
2018-05-18,138.75,140.0833282470703,138.125,138.8333282470703,100.711181640625,5496430
2018-05-21,138.3333282470703,139.3333282470703,135.5833282470703,137.0,99.38123321533203,3879174
2018-05-22,136.875,139.9583282470703,136.6666717529297,137.625,99.83462524414062,4612272
2018-05-23,137.3333282470703,139.9583282470703,137.125,138.7916717529297,100.68093872070312,3475720
2018-05-24,138.875,139.8333282470703,136.875,137.5416717529297,99.77417755126953,2379879
2018-05-25,137.8333282470703,140.0833282470703,137.4166717529297,137.75,99.92528533935547,7705690
2018-05-28,138.375,141.5416717529297,137.9583282470703,139.75,101.37612915039062,11540245
2018-05-29,140.7083282470703,141.1666717529297,137.25,138.2916717529297,100.31822204589844,7141778
2018-05-30,137.0833282470703,140.2916717529297,137.0,137.75,99.92528533935547,5414080
2018-05-31,137.9166717529297,142.0416717529297,136.75,139.625,101.28543090820312,29432894
2018-06-01,139.5833282470703,139.5833282470703,136.4166717529297,136.9583282470703,99.35100555419922,2975864
2018-06-04,137.3333282470703,137.8333282470703,134.875,135.0416717529297,97.96063232421875,5021538
2018-06-05,134.5833282470703,135.4583282470703,133.3333282470703,134.4166717529297,97.50726318359375,2369418
2018-06-06,134.5,135.875,133.5416717529297,135.4166717529297,98.232666015625,3647491
2018-06-07,135.0,136.25,134.8333282470703,135.4166717529297,98.232666015625,4624826
2018-06-08,135.2083282470703,135.4166717529297,134.0,134.5416717529297,97.59793853759766,2199740
2018-06-11,134.5833282470703,135.5,134.375,134.7916717529297,97.779296875,4838494
2018-06-12,135.0,135.4583282470703,134.0833282470703,134.4166717529297,97.50726318359375,3082809
2018-06-13,134.5833282470703,134.7083282470703,133.3333282470703,133.5416717529297,96.8725357055664,6527995
2018-06-14,133.5,133.5,131.6666717529297,132.0,95.75418090820312,6200254
2018-06-15,132.0833282470703,132.25,128.7916717529297,130.0416717529297,94.33358764648438,10800649
2018-06-18,130.2916717529297,131.5,129.9166717529297,130.8333282470703,94.90787506103516,2289944
2018-06-19,131.125,131.125,128.4583282470703,130.125,94.39404296875,5222522
2018-06-20,130.6666717529297,131.4166717529297,129.9166717529297,130.875,94.93810272216797,7262452
2018-06-21,131.4166717529297,131.4166717529297,129.0833282470703,129.375,93.84999084472656,9600354
2018-06-22,129.1666717529297,131.8333282470703,128.0833282470703,131.0833282470703,95.08922576904297,5141889
2018-06-25,130.875,131.4166717529297,127.79166412353516,128.875,93.48728942871094,8198617
2018-06-26,128.7083282470703,130.25,127.95833587646484,129.6666717529297,94.06156158447266,6173371
2018-06-27,130.375,130.375,126.33333587646484,128.1666717529297,92.97345733642578,7083915
2018-06-28,127.5,131.5833282470703,124.58333587646484,130.3333282470703,94.54515838623047,15010362
2018-06-29,129.4583282470703,134.0833282470703,128.0,133.0416717529297,96.50981903076172,6659236
2018-07-02,132.5,132.625,126.16666412353516,127.95833587646484,92.82231903076172,15954402
2018-07-03,128.3333282470703,129.5416717529297,126.33333587646484,129.1666717529297,93.6988525390625,7506727
2018-07-04,129.125,129.875,127.08333587646484,127.41666412353516,92.42938232421875,11418056
2018-07-05,127.375,127.91666412353516,126.41666412353516,126.79166412353516,91.97599029541016,4155312
2018-07-06,127.0,127.04166412353516,124.875,125.125,90.76699829101562,10642270
2018-07-09,125.25,126.58333587646484,125.20833587646484,126.04166412353516,91.43195343017578,5759994
2018-07-10,126.66666412353516,128.5416717529297,126.08333587646484,128.25,93.03390502929688,3890373
2018-07-11,127.33333587646484,128.125,126.45833587646484,127.25,92.3084945678711,4037034
2018-07-12,128.3333282470703,128.9166717529297,127.04166412353516,128.375,93.12456512451172,3424965
2018-07-13,128.5,129.5833282470703,126.58333587646484,127.45833587646484,92.4596176147461,3615536
2018-07-16,127.5,130.8333282470703,126.70833587646484,129.6666717529297,94.06156158447266,4117044
2018-07-17,129.1666717529297,130.0,127.54166412353516,129.4166717529297,93.88021087646484,2670880
2018-07-18,129.9583282470703,130.0833282470703,127.33333587646484,129.375,93.84999084472656,2892637
2018-07-19,129.1666717529297,129.875,127.875,128.7916717529297,93.42682647705078,3163729
2018-07-20,128.3333282470703,130.0,128.3333282470703,129.7083282470703,94.09178161621094,3659896
2018-07-23,129.4166717529297,133.0,129.4166717529297,131.7916717529297,95.6030502319336,6286406
2018-07-24,131.6666717529297,132.4583282470703,130.3333282470703,131.2083282470703,95.17988586425781,4224482
2018-07-25,130.0,130.9583282470703,124.875,125.83333587646484,91.28082275390625,15232765
2018-07-26,126.20833587646484,128.2083282470703,125.0,127.79166412353516,92.70143127441406,17803995
2018-07-27,127.5,129.375,126.75,129.125,93.66864013671875,5766367
2018-07-30,130.8333282470703,131.1666717529297,128.375,129.9166717529297,94.24290466308594,9747265
2018-07-31,129.875,132.3333282470703,128.5416717529297,129.0416717529297,93.60818481445312,9065227
2018-08-01,129.0,130.0,127.29166412353516,129.4583282470703,93.9104232788086,4903117
2018-08-02,128.9166717529297,129.7916717529297,128.4583282470703,129.5,93.94066619873047,3895179
2018-08-03,129.875,130.9166717529297,129.5,130.375,94.57539367675781,3276529
2018-08-06,130.75,131.6666717529297,130.0,130.625,94.75675201416016,2395237
2018-08-07,130.8333282470703,133.25,130.2916717529297,132.375,96.0262222290039,4450873
2018-08-08,132.9166717529297,133.125,131.3333282470703,131.875,95.66349792480469,4151246
2018-08-09,132.0,134.4583282470703,130.6666717529297,133.9166717529297,97.14454650878906,4915016
2018-08-10,134.1666717529297,134.5416717529297,131.875,132.9583282470703,96.44937133789062,4518788
2018-08-13,132.5,132.5416717529297,130.4583282470703,131.6666717529297,95.51239013671875,2702390
2018-08-14,131.5,132.2916717529297,130.4166717529297,130.75,94.8474349975586,2030044
2018-08-16,130.75,132.5,130.125,132.125,95.8448486328125,2153881
2018-08-17,132.5,133.5416717529297,131.375,131.6666717529297,95.51239013671875,4672155
2018-08-20,131.9166717529297,133.4166717529297,131.6666717529297,132.125,95.8448486328125,3448567
2018-08-21,133.0,134.75,131.3333282470703,134.0416717529297,97.2352294921875,5279408
2018-08-23,134.3333282470703,137.5,133.4166717529297,136.9583282470703,99.35100555419922,7704134
2018-08-24,137.1666717529297,139.7083282470703,136.375,136.9166717529297,99.32079315185547,5436786
2018-08-27,137.4166717529297,139.0416717529297,136.6666717529297,138.4583282470703,100.43914031982422,2630486
2018-08-28,138.875,145.4583282470703,138.625,140.25,101.73882293701172,8727238
2018-08-29,141.2083282470703,141.2083282470703,137.9166717529297,138.375,100.37866973876953,3769664
2018-08-30,137.9583282470703,142.2916717529297,137.9583282470703,141.4166717529297,102.58514404296875,13384598
2018-08-31,141.2083282470703,143.9166717529297,140.8333282470703,142.9166717529297,103.67324829101562,8445506
2018-09-03,143.75,144.0,139.5,141.25,102.4642333984375,4592967
2018-09-04,141.25,142.0833282470703,139.5,140.0833282470703,101.617919921875,3016566
2018-09-05,139.75,142.0,138.75,139.9583282470703,101.5272445678711,2837060
2018-09-06,138.3333282470703,142.25,138.0416717529297,140.75,103.5754623413086,7658860
2018-09-07,142.0833282470703,142.125,138.25,141.2916717529297,103.97406768798828,3585828
2018-09-10,141.5833282470703,142.7916717529297,140.125,141.0,103.7594223022461,5871138
2018-09-11,140.875,143.125,140.625,141.4583282470703,104.09668731689453,9709410
2018-09-12,142.0,143.0,139.0416717529297,141.6666717529297,104.2500228881836,7109565
2018-09-14,142.0,145.9166717529297,142.0,145.7916717529297,107.28553009033203,7340733
2018-09-17,145.8333282470703,146.1666717529297,142.5833282470703,143.5416717529297,105.6297836303711,2792490
2018-09-18,144.3333282470703,145.375,140.9166717529297,141.4166717529297,104.06604766845703,3646318
2018-09-19,142.5,143.2916717529297,140.0,140.9583282470703,103.72875213623047,5092003
2018-09-21,141.0,144.8333282470703,139.0416717529297,140.2083282470703,103.17683410644531,9597428
2018-09-24,140.1666717529297,142.3333282470703,138.5833282470703,139.9166717529297,102.96222686767578,6216532
2018-09-25,140.9583282470703,142.0833282470703,137.0,141.6666717529297,104.2500228881836,6496965
2018-09-26,143.0,143.0,138.3333282470703,139.8333282470703,102.90089416503906,3591889
2018-09-27,140.125,141.6666717529297,138.75,139.9583282470703,102.99286651611328,6718629
2018-09-28,139.9583282470703,141.4166717529297,138.3333282470703,139.0416717529297,102.31830596923828,5444684
2018-10-01,139.5833282470703,141.9166717529297,138.4583282470703,141.3333282470703,104.00471496582031,4950123
2018-10-03,140.6666717529297,140.7083282470703,138.4166717529297,139.4583282470703,102.62490844726562,5780126
2018-10-04,138.6666717529297,140.5,137.2916717529297,139.0,102.28766632080078,6563494
2018-10-05,138.8333282470703,139.9166717529297,133.7916717529297,135.75,99.89604949951172,13292940
2018-10-08,134.5,137.4166717529297,132.875,136.2083282470703,100.23330688476562,4637569
2018-10-09,137.3333282470703,137.5,134.0833282470703,134.75,99.16016387939453,5756458
2018-10-10,134.75,138.875,134.375,136.9583282470703,100.78522491455078,3411681
2018-10-11,135.0,138.0833282470703,134.4166717529297,135.9583282470703,100.04935455322266,3668989
2018-10-12,136.5833282470703,137.7916717529297,135.875,136.8333282470703,100.69325256347656,4147903
2018-10-15,136.875,137.9583282470703,136.4166717529297,137.2083282470703,100.96920013427734,2191491
2018-10-16,137.2083282470703,137.7916717529297,135.0833282470703,136.625,100.53993225097656,3857880
2018-10-17,137.125,138.0833282470703,135.1666717529297,135.75,99.89604949951172,5369029
2018-10-19,135.5,137.7083282470703,133.5833282470703,134.5416717529297,99.00684356689453,6202959
2018-10-22,135.875,139.9166717529297,135.0833282470703,137.375,101.09184265136719,6407974
2018-10-23,136.7916717529297,138.3333282470703,135.4583282470703,137.5,101.183837890625,7316558
2018-10-24,138.3333282470703,138.9583282470703,133.0833282470703,135.875,99.98802947998047,12856915
2018-10-25,135.4166717529297,137.4583282470703,131.0833282470703,135.25,99.52809143066406,94631476
2018-10-26,132.4583282470703,133.5416717529297,129.0,132.75,97.68840026855469,9339921
2018-10-29,132.9583282470703,133.2916717529297,131.0833282470703,132.4583282470703,97.47374725341797,6963919
2018-10-30,132.5833282470703,134.2083282470703,130.7083282470703,132.8333282470703,97.74971008300781,3257071
2018-10-31,133.3333282470703,134.0833282470703,129.375,133.0416717529297,97.90301513671875,6069514
2018-11-01,133.125,133.5416717529297,130.625,130.8333282470703,96.27794647216797,2992327
2018-11-02,131.5833282470703,132.7916717529297,130.0416717529297,131.6666717529297,96.89118957519531,11487762
2018-11-05,131.25,131.25,126.41666412353516,127.91666412353516,94.1316146850586,18263054
2018-11-06,128.2916717529297,128.9166717529297,126.95833587646484,128.4583282470703,94.53022766113281,6223800
2018-11-07,129.1666717529297,129.2083282470703,128.75,129.0416717529297,94.9594955444336,212175
2018-11-09,129.625,129.6666717529297,127.91666412353516,128.7083282470703,94.71419525146484,8098182
2018-11-12,128.5833282470703,129.5416717529297,127.08333587646484,127.33333587646484,93.7023696899414,3916333
2018-11-13,127.08333587646484,131.5,126.95833587646484,130.6666717529297,96.15530395507812,7903864
2018-11-14,130.8333282470703,133.8333282470703,130.3333282470703,131.125,96.4925765991211,3853852
2018-11-15,131.625,132.625,127.83333587646484,128.1666717529297,94.31560516357422,4538966
2018-11-16,127.66666412353516,129.5833282470703,127.5,128.375,94.46890258789062,5166086
2018-11-19,128.3333282470703,128.75,126.58333587646484,127.45833587646484,93.79435729980469,6879644
2018-11-20,127.0,127.58333587646484,123.75,124.29166412353516,91.46404266357422,4600113
2018-11-21,124.29166412353516,124.875,122.625,123.20833587646484,90.66685485839844,7625524
2018-11-22,123.125,123.66666412353516,121.33333587646484,121.66666412353516,89.53235626220703,3684871
2018-11-26,122.0,122.45833587646484,118.08333587646484,120.58333587646484,88.73516082763672,6534517
2018-11-27,120.41666412353516,122.33333587646484,119.375,121.45833587646484,89.3790512084961,4866687
2018-11-28,122.45833587646484,122.95833587646484,118.33333587646484,119.54166412353516,87.9686050415039,17823474
2018-11-29,119.875,121.45833587646484,117.375,118.54166412353516,87.23271942138672,30727317
2018-11-30,118.33333587646484,118.83333587646484,114.625,116.91666412353516,86.03690338134766,29840662
2018-12-03,116.95833587646484,121.375,116.66666412353516,120.75,88.85780334472656,12013041
2018-12-04,120.625,120.625,118.33333587646484,119.33333587646484,87.81529998779297,6785000
2018-12-05,119.125,120.75,116.0,117.54166412353516,86.4968490600586,8833965
2018-12-06,117.25,118.5,115.16666412353516,116.5,85.73030090332031,5460772
2018-12-07,116.66666412353516,117.58333587646484,113.79166412353516,114.875,84.53450012207031,13240540
2018-12-10,113.25,116.04166412353516,112.25,113.5,83.52265930175781,34436070
2018-12-11,111.70833587646484,115.04166412353516,111.70833587646484,114.45833587646484,84.22787475585938,13406569
2018-12-12,114.95833587646484,118.0,114.08333587646484,117.25,86.2822265625,12274362
2018-12-13,117.79166412353516,118.33333587646484,116.45833587646484,117.54166412353516,86.4968490600586,10636545
2018-12-14,117.5,120.125,116.33333587646484,119.58333587646484,87.99927520751953,13732576
2018-12-17,125.0,126.125,120.625,121.75,89.59368896484375,21749589
2018-12-18,121.66666412353516,123.66666412353516,121.04166412353516,123.08333587646484,90.57485961914062,13037010
2018-12-19,123.625,125.25,122.70833587646484,124.83333587646484,91.86265563964844,8182075
2018-12-20,123.83333587646484,124.95833587646484,122.20833587646484,124.41666412353516,91.55602264404297,13909968
2018-12-21,124.58333587646484,126.16666412353516,123.54166412353516,125.45833587646484,92.32258605957031,18956932
2018-12-24,125.0,125.45833587646484,121.0,122.0,89.77764892578125,8506178
2018-12-26,121.83333587646484,123.625,120.20833587646484,121.29166412353516,89.25638580322266,10358386
2018-12-27,122.25,124.79166412353516,120.16666412353516,123.58333587646484,90.94281005859375,32905857
2018-12-28,122.875,126.33333587646484,122.08333587646484,124.875,91.89332580566406,11010662
2018-12-31,124.83333587646484,125.04166412353516,123.41666412353516,124.20833587646484,91.4027328491211,5010889
2019-01-01,124.125,124.66666412353516,122.0,123.91666412353516,91.18810272216797,4011082
2019-01-02,123.29166412353516,123.91666412353516,121.79166412353516,122.5,90.1456069946289,5201079
2019-01-03,122.5,122.83333587646484,119.04166412353516,119.5,87.93795776367188,7035283
2019-01-04,119.95833587646484,121.91666412353516,118.54166412353516,121.45833587646484,89.3790512084961,7988112
2019-01-07,121.875,124.75,121.79166412353516,123.83333587646484,91.12677764892578,14121843
2019-01-08,123.33333587646484,124.58333587646484,121.66666412353516,122.45833587646484,90.11493682861328,6656692
2019-01-09,122.5,123.70833587646484,121.16666412353516,122.125,89.86963653564453,4636543
2019-01-10,122.45833587646484,124.625,122.29166412353516,123.41666412353516,90.82014465332031,15340801
2019-01-11,123.33333587646484,125.25,122.66666412353516,123.33333587646484,90.75883483886719,13579929
2019-01-14,123.33333587646484,123.625,121.0,121.29166412353516,89.25638580322266,5010679
2019-01-15,121.66666412353516,122.04166412353516,120.125,121.5,89.40972900390625,14730974
2019-01-16,121.91666412353516,123.75,121.41666412353516,121.95833587646484,89.74700164794922,5679378
2019-01-17,122.41666412353516,123.04166412353516,120.20833587646484,120.75,88.85780334472656,7529166
2019-01-18,121.08333587646484,122.0,120.0,120.25,88.48986053466797,3100312
2019-01-21,122.08333587646484,122.29166412353516,118.875,119.5,87.93795776367188,13187677
2019-01-22,119.91666412353516,119.91666412353516,118.33333587646484,119.0,87.57001495361328,7074433
2019-01-23,119.08333587646484,119.66666412353516,116.91666412353516,117.29166412353516,86.31288146972656,5323552
2019-01-24,117.29166412353516,118.41666412353516,115.91666412353516,116.70833587646484,85.88360595703125,4250377
2019-01-25,117.08333587646484,118.25,115.04166412353516,115.25,84.81045532226562,5463236
2019-01-28,115.41666412353516,116.25,113.875,115.5,84.99443054199219,7303346
2019-01-29,115.5,116.16666412353516,114.5,115.41666412353516,84.93309783935547,9728281
2019-01-30,116.16666412353516,117.0,115.08333587646484,115.58333587646484,85.05572509765625,13777792
2019-01-31,117.08333587646484,117.66666412353516,115.83333587646484,116.41666412353516,85.66897583007812,44034840
2019-02-01,116.66666412353516,117.08333587646484,115.66666412353516,116.79166412353516,85.94493865966797,7099405
2019-02-04,116.75,117.0,113.95833587646484,114.375,84.16655731201172,6716304
2019-02-05,114.16666412353516,115.33333587646484,113.5,115.04166412353516,84.65714263916016,8526399
2019-02-06,113.16666412353516,114.79166412353516,112.5,114.25,86.31288146972656,12810810
2019-02-07,114.16666412353516,115.0,112.58333587646484,113.29166412353516,85.58888244628906,5193513
2019-02-08,112.83333587646484,114.5,109.625,110.04166412353516,83.13359069824219,5597162
2019-02-11,109.95833587646484,111.08333587646484,107.16666412353516,108.625,82.0633316040039,13126864
2019-02-12,108.375,111.625,108.33333587646484,111.04166412353516,83.8890609741211,14900754
2019-02-14,109.16666412353516,111.08333587646484,106.75,109.375,82.62994384765625,37913966
2019-02-15,110.0,114.5,110.0,113.54166412353516,85.77774810791016,25855830
2019-02-18,113.16666412353516,117.0,112.45833587646484,114.54166412353516,86.53324127197266,13001166
2019-02-19,114.25,114.91666412353516,110.375,111.41666412353516,84.17237091064453,9029095
2019-02-20,111.83333587646484,115.75,110.25,114.33333587646484,86.37583923339844,14955330
2019-02-21,114.83333587646484,115.41666412353516,112.91666412353516,113.70833587646484,85.90367126464844,4719134
2019-02-22,113.95833587646484,116.875,112.5,116.41666412353516,87.94973754882812,11678731
2019-02-25,116.33333587646484,117.5,113.54166412353516,116.95833587646484,88.35894775390625,27557787
2019-02-26,114.33333587646484,117.66666412353516,113.58333587646484,117.125,88.48487091064453,15501729
2019-02-27,116.08333587646484,119.125,115.125,115.625,87.3516616821289,18258775
2019-02-28,116.83333587646484,118.91666412353516,115.25,117.70833587646484,88.9255599975586,50183582
2019-03-01,118.08333587646484,119.79166412353516,118.04166412353516,119.16666412353516,90.02729797363281,6789074
2019-03-05,119.16666412353516,123.5,119.16666412353516,122.5,92.54554748535156,12988303
2019-03-06,123.08333587646484,124.58333587646484,122.58333587646484,124.125,93.77318572998047,10313295
2019-03-07,124.25,125.5,121.25,121.83333587646484,92.04190826416016,8337421
2019-03-08,122.91666412353516,129.0,121.125,126.83333587646484,95.81927490234375,34663172
2019-03-11,127.5,133.5833282470703,124.58333587646484,126.16666412353516,95.31562042236328,30007645
2019-03-12,125.66666412353516,130.2916717529297,125.16666412353516,126.04166412353516,95.22118377685547,23315044
2019-03-13,125.83333587646484,125.875,120.83333587646484,123.5,93.30103302001953,20943115
2019-03-14,124.08333587646484,129.0833282470703,123.41666412353516,128.0416717529297,96.73213195800781,14675396
2019-03-15,128.8333282470703,132.7083282470703,127.20833587646484,131.7083282470703,99.502197265625,20356743
2019-03-18,131.5416717529297,134.0,129.7916717529297,132.2916717529297,99.94290161132812,19289406
2019-03-19,133.9499969482422,137.3000030517578,130.39999389648438,134.89999389648438,101.91341400146484,25950621
2019-03-20,135.8000030517578,136.0,128.10000610351562,129.25,97.64501190185547,28098992
2019-03-22,131.0,136.1999969482422,129.6999969482422,134.64999389648438,101.72454833984375,53779933
2019-03-25,133.85000610351562,137.5,133.75,135.35000610351562,102.2533950805664,31535535
2019-03-26,136.0,142.0,136.0,140.8000030517578,106.3707046508789,23510777
2019-03-27,140.89999389648438,140.89999389648438,136.1999969482422,137.0,103.49990844726562,20849776
2019-03-28,137.5,139.35000610351562,135.10000610351562,135.75,102.55558776855469,41232946
2019-04-01,136.39999389648438,137.5,133.5500030517578,135.10000610351562,102.06450653076172,26716877
2019-04-02,136.0500030517578,136.6999969482422,134.0,135.14999389648438,102.10230255126953,14343829
2019-04-03,135.9499969482422,137.5,134.0,134.8000030517578,101.8378677368164,12596804
2019-04-04,134.8000030517578,136.8000030517578,134.4499969482422,135.64999389648438,102.48002624511719,12939086
2019-04-05,135.5500030517578,136.4499969482422,134.39999389648438,134.8000030517578,101.8378677368164,7742848
2019-04-08,134.89999389648438,136.8000030517578,134.5500030517578,135.5500030517578,102.40447998046875,13409083
2019-04-09,135.5,136.4499969482422,135.0500030517578,135.89999389648438,102.66889953613281,7506763
2019-04-10,136.25,137.0,134.3000030517578,134.60000610351562,101.68678283691406,9502300
2019-04-11,134.9499969482422,136.39999389648438,134.39999389648438,135.9499969482422,102.70664978027344,8703097
2019-04-12,136.0,136.5,135.1999969482422,135.9499969482422,102.70664978027344,7212573
2019-04-15,136.25,138.3000030517578,135.39999389648438,136.75,103.31105041503906,11013801
2019-04-16,137.39999389648438,138.14999389648438,136.5,137.5500030517578,103.91543579101562,7469500
2019-04-18,137.5,137.85000610351562,135.0500030517578,135.35000610351562,102.2533950805664,6634192
2019-04-22,135.10000610351562,136.39999389648438,134.35000610351562,136.0,102.74442291259766,5541225
2019-04-23,136.0,136.10000610351562,133.25,133.64999389648438,100.96907043457031,8790522
2019-04-24,133.64999389648438,134.4499969482422,132.3000030517578,133.9499969482422,101.19569396972656,9255095
2019-04-25,134.0,135.35000610351562,132.3000030517578,132.89999389648438,100.4024658203125,29354749
2019-04-26,133.4499969482422,135.10000610351562,133.35000610351562,134.10000610351562,101.30902862548828,4789673
2019-04-30,134.25,134.8000030517578,131.4499969482422,134.0500030517578,101.27127075195312,7527996
2019-05-02,133.3000030517578,133.89999389648438,132.10000610351562,133.10000610351562,100.55357360839844,6401386
2019-05-03,133.10000610351562,136.64999389648438,133.0,135.4499969482422,102.32891845703125,9226969
2019-05-06,135.0,135.60000610351562,133.6999969482422,135.0,101.98896026611328,6080575
2019-05-07,135.4499969482422,136.1999969482422,133.60000610351562,134.10000610351562,101.30902862548828,9137799
2019-05-08,133.85000610351562,134.0,130.1999969482422,130.8000030517578,98.81597137451172,8742473
2019-05-09,130.75,130.8000030517578,126.4000015258789,127.69999694824219,96.47400665283203,14395488
2019-05-10,128.4499969482422,128.75,126.25,127.0,95.94518280029297,9724014
2019-05-13,126.9000015258789,127.0,123.0,123.55000305175781,93.33879852294922,11507204
2019-05-14,123.69999694824219,126.5,122.4000015258789,125.5999984741211,94.88751983642578,6908544
2019-05-15,126.30000305175781,126.9000015258789,123.0,123.94999694824219,93.64097595214844,9384447
2019-05-16,124.8499984741211,126.3499984741211,123.25,125.75,95.00083923339844,6519422
2019-05-17,124.75,126.5999984741211,124.0,125.5,94.81195831298828,10003051
2019-05-20,128.1999969482422,130.10000610351562,125.5999984741211,129.25,97.64501190185547,12330905
2019-05-21,129.6999969482422,129.75,127.75,128.60000610351562,97.1539306640625,8095621
2019-05-22,128.60000610351562,130.4499969482422,127.4000015258789,129.60000610351562,97.90943908691406,9540723
2019-05-23,130.60000610351562,133.4499969482422,129.35000610351562,129.85000610351562,98.09829711914062,11017547
2019-05-24,130.5,131.0,128.5500030517578,129.14999389648438,97.56944274902344,9371443
2019-05-27,132.39999389648438,136.60000610351562,130.14999389648438,133.1999969482422,100.62911224365234,19948676
2019-05-28,133.9499969482422,134.75,131.6999969482422,132.60000610351562,100.17582702636719,15628186
2019-05-29,132.0,133.25,130.1999969482422,130.89999389648438,98.8915023803711,5397986
2019-05-30,131.0500030517578,135.60000610351562,131.0500030517578,135.10000610351562,102.06450653076172,30257040
2019-05-31,135.25,136.0500030517578,132.3000030517578,133.25,100.6668930053711,11325445
2019-06-03,134.39999389648438,134.8000030517578,132.6999969482422,133.10000610351562,100.55357360839844,7302092
2019-06-04,133.14999389648438,136.35000610351562,133.14999389648438,135.0500030517578,102.02674102783203,10439893
2019-06-06,135.14999389648438,137.0,132.8000030517578,136.5500030517578,103.15995788574219,12191883
2019-06-07,137.0,137.5,134.5,135.14999389648438,102.10230255126953,9310029
2019-06-10,135.1999969482422,137.10000610351562,134.35000610351562,135.0,101.98896026611328,7295669
2019-06-11,135.39999389648438,136.64999389648438,133.75,135.3000030517578,102.21562194824219,4554162
2019-06-12,135.0,135.6999969482422,133.3000030517578,134.39999389648438,101.53568267822266,3660802
2019-06-13,134.5,135.85000610351562,133.3000030517578,134.89999389648438,101.91341400146484,5113806
2019-06-14,134.9499969482422,135.5,132.39999389648438,132.75,100.28914642333984,4761596
2019-06-17,133.4499969482422,133.85000610351562,131.39999389648438,132.25,99.91141510009766,3655275
2019-06-18,132.60000610351562,133.35000610351562,131.89999389648438,132.39999389648438,100.02471923828125,5172138
2019-06-19,132.5,135.25,132.5,134.64999389648438,101.72454833984375,5278372
2019-06-20,134.60000610351562,135.25,133.60000610351562,134.5500030517578,101.64900207519531,6963441
2019-06-21,134.85000610351562,135.1999969482422,134.0500030517578,134.5500030517578,101.64900207519531,9456244
2019-06-24,134.6999969482422,136.0,133.75,135.60000610351562,102.44226837158203,5918107
2019-06-25,135.9499969482422,139.6999969482422,135.14999389648438,138.4499969482422,104.5953369140625,18761799
2019-06-26,139.5,141.89999389648438,139.3000030517578,140.0500030517578,105.80411529541016,24643824
2019-06-27,141.0500030517578,142.0,139.0500030517578,140.14999389648438,105.87966918945312,38789825
2019-06-28,140.10000610351562,141.85000610351562,139.5,141.35000610351562,106.78620147705078,10648757
2019-07-01,142.1999969482422,145.85000610351562,138.64999389648438,142.5500030517578,107.69280242919922,31289422
2019-07-02,143.0,144.39999389648438,142.5500030517578,142.9499969482422,107.99498748779297,8847109
2019-07-03,143.85000610351562,144.39999389648438,142.64999389648438,143.25,108.22162628173828,6947927
2019-07-04,144.4499969482422,144.4499969482422,142.35000610351562,143.4499969482422,108.37272644042969,5792826
2019-07-05,142.8000030517578,143.8000030517578,135.39999389648438,136.5,103.12216186523438,21459265
2019-07-08,136.60000610351562,136.60000610351562,128.5500030517578,129.60000610351562,97.90943908691406,20404790
2019-07-09,128.4499969482422,132.0,127.5999984741211,129.5500030517578,97.87162780761719,19374808
2019-07-10,129.0,131.0,128.64999389648438,129.0500030517578,97.49388122558594,9141198
2019-07-11,130.25,130.89999389648438,128.60000610351562,128.9499969482422,97.41834259033203,6669919
2019-07-12,129.85000610351562,132.4499969482422,126.44999694824219,127.80000305175781,96.54955291748047,21467991
2019-07-15,128.0,128.9499969482422,127.30000305175781,127.94999694824219,96.66287994384766,5852788
2019-07-16,128.8000030517578,131.39999389648438,128.0,130.9499969482422,98.92929077148438,11313969
2019-07-17,131.60000610351562,132.14999389648438,128.6999969482422,129.10000610351562,97.53166961669922,10958942
2019-07-18,130.10000610351562,130.9499969482422,126.4000015258789,127.05000305175781,95.98294067382812,18049102
2019-07-19,127.94999694824219,131.0,126.05000305175781,129.89999389648438,98.13604736328125,33840376
2019-07-22,130.5,132.64999389648438,127.6500015258789,130.85000610351562,98.85374450683594,15870663
2019-07-23,131.4499969482422,133.4499969482422,130.5,133.0500030517578,100.51579284667969,9840729
2019-07-24,133.5500030517578,133.5500030517578,130.6999969482422,131.85000610351562,99.60922241210938,10421947
2019-07-25,132.0,132.85000610351562,128.39999389648438,129.75,98.02272033691406,29337351
2019-07-26,130.39999389648438,130.39999389648438,128.25,128.8000030517578,97.30502319335938,11411885
2019-07-29,128.0,128.8000030517578,126.75,127.30000305175781,96.17181396484375,22168687
2019-07-30,126.6500015258789,128.64999389648438,126.0999984741211,127.19999694824219,96.09626770019531,16228044
2019-07-31,126.19999694824219,127.3499984741211,125.5,126.55000305175781,95.605224609375,14557889
2019-08-01,126.4000015258789,127.75,125.1500015258789,126.8499984741211,95.83183288574219,11138203
2019-08-02,126.19999694824219,126.9000015258789,122.44999694824219,123.0999984741211,92.99883270263672,21851409
2019-08-05,122.4000015258789,123.44999694824219,120.44999694824219,121.0,91.41233825683594,8713907
2019-08-06,120.0,124.9000015258789,119.75,123.3499984741211,93.18769836425781,13232442
2019-08-07,123.0,124.94999694824219,122.0999984741211,123.05000305175781,92.96105194091797,13132981
2019-08-08,123.1500015258789,125.1500015258789,122.19999694824219,124.6500015258789,94.16981506347656,8227791
2019-08-09,124.5999984741211,126.6500015258789,123.1500015258789,123.9000015258789,93.60321044921875,10566552
2019-08-13,123.0,123.0,114.75,117.1500015258789,90.3263168334961,25954194
2019-08-14,117.25,119.0,116.55000305175781,117.5999984741211,90.67327880859375,8641527
2019-08-16,117.4000015258789,119.30000305175781,116.5999984741211,117.80000305175781,90.82749938964844,10992249
2019-08-19,118.3499984741211,120.44999694824219,117.5999984741211,118.9000015258789,91.67562103271484,9653434
2019-08-20,119.0,120.25,117.3499984741211,117.94999694824219,90.94314575195312,7758935
2019-08-21,118.0,119.5999984741211,117.44999694824219,117.9000015258789,90.90460968017578,12842739
2019-08-22,118.0,118.4000015258789,113.8499984741211,114.75,88.47584533691406,16991585
2019-08-23,115.0,118.94999694824219,114.0999984741211,118.5,91.36722564697266,9284204
2019-08-26,119.0,120.5999984741211,117.69999694824219,120.05000305175781,92.56230926513672,11965007
2019-08-27,120.1500015258789,125.4000015258789,120.1500015258789,123.19999694824219,94.99104309082031,22238086
2019-08-28,123.80000305175781,124.69999694824219,119.44999694824219,119.9000015258789,92.44666290283203,11905383
2019-08-29,118.75,124.1500015258789,117.9000015258789,123.0999984741211,94.91395568847656,38336134
2019-08-30,122.9000015258789,123.6500015258789,115.5999984741211,121.6500015258789,93.79597473144531,18833819
2019-09-03,121.94999694824219,121.94999694824219,117.1500015258789,117.6500015258789,90.71183013916016,7635093
2019-09-04,118.0,119.9000015258789,116.6500015258789,119.44999694824219,92.09968566894531,7299231
2019-09-05,119.8499984741211,129.64999389648438,119.8499984741211,123.44999694824219,95.18382263183594,19432303
2019-09-06,123.44999694824219,127.80000305175781,123.30000305175781,127.0,97.92098999023438,11891983
2019-09-09,127.30000305175781,127.94999694824219,125.19999694824219,126.3499984741211,97.41981506347656,5303272
2019-09-11,126.5,127.55000305175781,123.8499984741211,124.5,95.99340057373047,5473674
2019-09-12,124.0,124.75,121.5999984741211,122.25,94.2585678100586,8444053
2019-09-13,122.3499984741211,124.30000305175781,121.25,124.05000305175781,95.64643859863281,7509999
2019-09-16,123.3499984741211,124.1500015258789,121.8499984741211,123.25,95.02960968017578,5593727
2019-09-17,122.8499984741211,123.1500015258789,120.55000305175781,120.9000015258789,93.21766662597656,5663425
2019-09-18,121.55000305175781,122.8499984741211,119.6500015258789,122.5,94.45134735107422,8627190
2019-09-19,122.94999694824219,122.94999694824219,120.0999984741211,121.69999694824219,93.83451843261719,6031946
2019-09-20,121.05000305175781,125.4000015258789,118.5,119.8499984741211,92.40812683105469,34008081
2019-09-23,121.0999984741211,121.5999984741211,114.05000305175781,116.05000305175781,89.47817993164062,33355557
2019-09-24,116.30000305175781,116.80000305175781,114.3499984741211,115.1500015258789,88.78425598144531,20864605
2019-09-25,115.5999984741211,118.5999984741211,115.05000305175781,116.9000015258789,90.1335678100586,18851203
2019-09-26,117.25,118.69999694824219,115.94999694824219,116.55000305175781,89.86370849609375,21458595
2019-09-27,117.9000015258789,119.0999984741211,116.30000305175781,117.05000305175781,90.24922180175781,9325734
2019-09-30,117.0999984741211,118.19999694824219,115.75,117.5,90.59619903564453,12045142
2019-10-01,118.0,118.9000015258789,116.25,117.05000305175781,90.24922180175781,9718865
2019-10-03,117.55000305175781,117.55000305175781,114.5999984741211,116.75,90.01791381835938,10477900
2019-10-04,117.30000305175781,120.5,116.5,117.4000015258789,90.51907348632812,20289650
2019-10-07,117.44999694824219,117.94999694824219,114.69999694824219,115.94999694824219,89.40108489990234,14111765
2019-10-09,116.0,118.0,115.4000015258789,117.25,90.4034194946289,8413122
2019-10-10,117.19999694824219,117.5,116.3499984741211,117.25,90.4034194946289,6885340
2019-10-11,117.19999694824219,118.3499984741211,115.9000015258789,116.69999694824219,89.97936248779297,9176578
2019-10-14,116.55000305175781,118.1500015258789,116.19999694824219,117.75,90.7889404296875,12146203
2019-10-15,117.0,119.80000305175781,117.0,119.4000015258789,92.0611343383789,7630007
2019-10-16,118.80000305175781,119.80000305175781,116.9000015258789,117.4000015258789,90.51907348632812,10206387
2019-10-17,117.69999694824219,119.19999694824219,116.94999694824219,118.69999694824219,91.52140808105469,10163035
2019-10-18,118.80000305175781,121.5,118.4000015258789,121.05000305175781,93.33334350585938,16961782
2019-10-22,121.6500015258789,121.6500015258789,119.94999694824219,120.9000015258789,93.21766662597656,12091476
2019-10-23,120.25,121.69999694824219,120.25,121.05000305175781,93.33334350585938,6580501
2019-10-24,122.0,122.0,119.19999694824219,120.19999694824219,92.6779556274414,8009018
2019-10-25,120.8499984741211,120.8499984741211,118.19999694824219,118.5,91.36722564697266,8505881
2019-10-27,119.0,119.0999984741211,118.55000305175781,118.80000305175781,91.59852600097656,312098
2019-10-29,118.69999694824219,120.3499984741211,117.5999984741211,119.9000015258789,92.44666290283203,8581053
2019-10-30,121.0,121.75,119.25,120.94999694824219,93.25623321533203,12119474
2019-10-31,121.5,124.19999694824219,120.80000305175781,122.4000015258789,94.3742446899414,16511583
2019-11-01,123.0,123.19999694824219,121.0999984741211,121.5,93.68030548095703,4170369
2019-11-04,121.6500015258789,122.5999984741211,119.9000015258789,120.55000305175781,92.94783020019531,7894331
2019-11-05,120.19999694824219,121.5,119.55000305175781,120.5999984741211,92.98638153076172,6156847
2019-11-06,120.0999984741211,121.75,119.94999694824219,120.6500015258789,93.02494049072266,5317553
2019-11-07,121.1500015258789,121.19999694824219,119.0999984741211,119.55000305175781,92.17679595947266,6794239
2019-11-08,119.0999984741211,119.3499984741211,117.0,117.4000015258789,90.51907348632812,9771715
2019-11-11,118.94999694824219,121.75,117.75,118.25,91.1744613647461,22943443
2019-11-13,117.9000015258789,119.25,117.55000305175781,118.30000305175781,91.2130126953125,12220298
2019-11-14,118.5,119.1500015258789,117.55000305175781,118.55000305175781,91.40576934814453,5208393
2019-11-15,118.55000305175781,118.8499984741211,116.94999694824219,117.3499984741211,90.48051452636719,4650424
2019-11-18,117.05000305175781,117.8499984741211,116.80000305175781,117.44999694824219,90.55763244628906,4727251
2019-11-19,117.75,118.30000305175781,116.80000305175781,117.3499984741211,90.48051452636719,7577320
2019-11-20,117.30000305175781,117.5999984741211,116.05000305175781,117.05000305175781,90.24922180175781,10033434
2019-11-21,117.4000015258789,117.4000015258789,114.80000305175781,115.30000305175781,88.89991760253906,15099980
2019-11-22,116.94999694824219,119.19999694824219,116.94999694824219,117.80000305175781,90.82749938964844,13934099
2019-11-25,118.0,118.4000015258789,117.0999984741211,118.0999984741211,91.05878448486328,10863475
2019-11-26,118.0999984741211,118.9000015258789,116.19999694824219,116.6500015258789,89.94080352783203,14426269
2019-11-27,116.80000305175781,117.30000305175781,115.44999694824219,115.75,89.24687194824219,5455521
2019-11-28,116.1500015258789,116.25,115.05000305175781,115.55000305175781,89.0926742553711,10014250
2019-11-29,116.0,117.5999984741211,115.5,116.3499984741211,89.70951080322266,7014266
2019-12-02,115.75,116.30000305175781,115.0999984741211,115.30000305175781,88.89991760253906,6609154
2019-12-03,115.0999984741211,115.80000305175781,114.4000015258789,114.55000305175781,88.32164001464844,6614178
2019-12-04,115.05000305175781,115.30000305175781,114.0,114.80000305175781,88.514404296875,4444594
2019-12-05,114.75,115.25,113.8499984741211,114.0999984741211,87.97468566894531,2537275
2019-12-06,114.69999694824219,114.69999694824219,112.19999694824219,112.6500015258789,86.85668182373047,3836996
2019-12-09,113.19999694824219,113.19999694824219,111.5,112.69999694824219,86.89521789550781,7866941
2019-12-10,112.5,113.1500015258789,109.69999694824219,110.0,84.81343841552734,18958648
2019-12-11,110.5,113.80000305175781,110.0999984741211,113.0,87.12654876708984,8746687
2019-12-12,113.55000305175781,114.94999694824219,113.19999694824219,114.44999694824219,88.2445297241211,3850652
2019-12-13,115.05000305175781,116.1500015258789,114.5,115.6500015258789,89.1697769165039,4293299
2019-12-16,116.19999694824219,116.30000305175781,114.5999984741211,114.94999694824219,88.63005828857422,3659151
2019-12-17,114.94999694824219,115.94999694824219,113.5999984741211,115.55000305175781,89.0926742553711,6241009
2019-12-18,115.0,116.25,113.80000305175781,114.1500015258789,88.01323699951172,8626400
2019-12-19,114.0,114.4000015258789,112.8499984741211,114.05000305175781,87.9361343383789,5995825
2019-12-20,114.05000305175781,115.4000015258789,113.80000305175781,114.69999694824219,88.43728637695312,5813877
2019-12-23,114.19999694824219,115.4000015258789,113.80000305175781,114.5999984741211,88.36019134521484,13980109
2019-12-24,114.5,115.80000305175781,114.5,115.19999694824219,88.82282257080078,7929835
2019-12-26,115.1500015258789,118.30000305175781,114.0,116.4000015258789,89.7480697631836,12763347
2019-12-27,116.30000305175781,117.19999694824219,115.75,116.8499984741211,90.09500122070312,4474934
2019-12-30,116.8499984741211,117.6500015258789,116.3499984741211,116.55000305175781,89.86370849609375,4193724
2019-12-31,116.55000305175781,119.69999694824219,116.3499984741211,119.05000305175781,91.79127502441406,12438719
2020-01-01,119.05000305175781,122.0,118.25,121.55000305175781,93.71885681152344,9953746
2020-01-02,121.5,122.1500015258789,120.5999984741211,121.4000015258789,93.60321044921875,8731299
2020-01-03,121.0,121.3499984741211,119.0999984741211,119.3499984741211,92.02259063720703,7392962
2020-01-06,119.0,119.1500015258789,116.5,118.9000015258789,91.67562103271484,6596841
2020-01-07,119.25,121.55000305175781,119.25,120.55000305175781,92.94783020019531,8959942
2020-01-08,119.69999694824219,120.75,117.55000305175781,119.94999694824219,92.48521423339844,6372683
2020-01-09,120.5,121.19999694824219,118.9000015258789,119.3499984741211,92.02259063720703,8309627
2020-01-10,119.94999694824219,121.80000305175781,119.05000305175781,120.30000305175781,92.75508117675781,5588344
2020-01-13,120.4000015258789,122.0,120.0999984741211,121.75,93.87305450439453,3534313
2020-01-14,121.75,124.0,121.3499984741211,123.5,95.2223892211914,8631692
2020-01-15,123.0,125.0,122.3499984741211,123.8499984741211,95.49222564697266,6537916
2020-01-16,123.4000015258789,123.4000015258789,120.94999694824219,121.44999694824219,93.64176177978516,8806007
2020-01-17,121.44999694824219,121.69999694824219,120.5999984741211,121.19999694824219,93.44898986816406,6811534
2020-01-20,121.0,121.75,117.80000305175781,118.25,91.1744613647461,10655638
2020-01-21,118.4000015258789,119.55000305175781,116.94999694824219,117.1500015258789,90.3263168334961,5150830
2020-01-22,114.94999694824219,115.75,111.5,112.1500015258789,86.47116088867188,19388739
2020-01-23,112.5999984741211,114.44999694824219,112.30000305175781,113.5,87.51205444335938,22793170
2020-01-24,114.0,116.30000305175781,113.55000305175781,114.75,88.47584533691406,9898052
2020-01-27,115.0,115.30000305175781,112.5999984741211,113.1500015258789,87.2421875,5597365
2020-01-28,113.75,113.75,110.9000015258789,112.05000305175781,86.39407348632812,12128081
2020-01-29,112.0999984741211,114.9000015258789,111.75,113.19999694824219,87.28074645996094,18501507
2020-01-30,113.44999694824219,114.80000305175781,112.05000305175781,113.6500015258789,87.6277084350586,18545239
2020-01-31,113.75,115.25,111.5,112.8499984741211,87.01089477539062,64518347
2020-02-03,109.44999694824219,111.6500015258789,107.19999694824219,110.25,85.00621032714844,14889516
2020-02-04,110.3499984741211,112.30000305175781,110.25,112.0,86.35552215576172,9743806
2020-02-05,111.30000305175781,112.5999984741211,110.5,111.19999694824219,85.73868560791016,10671590
2020-02-06,110.5,112.5,110.5,112.0,86.35552215576172,11852617
2020-02-07,112.4000015258789,116.25,112.30000305175781,115.5999984741211,89.13121795654297,18446803
2020-02-10,115.80000305175781,115.9000015258789,112.05000305175781,113.5,87.51205444335938,31637511
2020-02-11,114.5,117.55000305175781,114.0999984741211,116.8499984741211,90.09500122070312,20937033
2020-02-12,117.0,118.9000015258789,116.4000015258789,116.80000305175781,90.05645751953125,13679292
2020-02-13,116.80000305175781,117.0999984741211,114.69999694824219,115.1500015258789,88.78425598144531,20903696
2020-02-14,114.80000305175781,115.5,111.9000015258789,112.69999694824219,86.89521789550781,23827224
2020-02-17,113.0999984741211,113.75,109.19999694824219,110.30000305175781,85.04475402832031,22137354
2020-02-18,109.5999984741211,110.9000015258789,103.80000305175781,109.5999984741211,84.5050277709961,34458578
2020-02-19,112.30000305175781,113.75,110.4000015258789,112.05000305175781,86.39407348632812,17935374
2020-02-20,111.69999694824219,112.4000015258789,110.94999694824219,111.3499984741211,85.85433959960938,19663654
2020-02-24,110.75,110.75,108.8499984741211,109.69999694824219,84.58213806152344,11370193
2020-02-25,110.9000015258789,112.44999694824219,109.6500015258789,110.0999984741211,84.89055633544922,10775289
2020-02-26,110.0,111.55000305175781,108.25,109.0999984741211,84.1195068359375,14998071
2020-02-27,109.19999694824219,110.30000305175781,106.6500015258789,109.05000305175781,84.08097839355469,22610691
2020-02-28,106.6500015258789,110.19999694824219,105.3499984741211,106.55000305175781,82.15338897705078,25696761
2020-03-02,109.3499984741211,110.0,102.69999694824219,103.9000015258789,80.11014556884766,15614944
2020-03-03,104.6500015258789,109.94999694824219,104.30000305175781,108.9000015258789,83.96531677246094,17194661
2020-03-04,108.6500015258789,111.0,107.5,107.94999694824219,83.23282623291016,17095867
2020-03-05,108.0999984741211,109.6500015258789,107.05000305175781,107.8499984741211,83.15572357177734,11579256
2020-03-06,104.75,107.19999694824219,102.9000015258789,105.1500015258789,81.07395935058594,13533444
2020-03-09,104.0,104.4000015258789,99.55000305175781,102.9000015258789,79.33911895751953,47383195
2020-03-11,103.0,104.80000305175781,101.5,103.05000305175781,79.45478057861328,28434577
2020-03-12,99.0,100.0,93.25,94.3499984741211,72.7468032836914,47225243
2020-03-13,90.0,100.75,81.25,98.05000305175781,75.59961700439453,49533058
2020-03-16,96.0,96.0,88.25,90.80000305175781,70.0096435546875,34649740
2020-03-17,91.0,95.9000015258789,86.3499984741211,88.0999984741211,67.9278793334961,21241388
2020-03-18,89.0,90.3499984741211,74.9000015258789,80.55000305175781,62.10658645629883,88654467
2020-03-19,78.55000305175781,84.94999694824219,75.05000305175781,78.3499984741211,60.410308837890625,33846928
2020-03-20,78.5,82.3499984741211,76.3499984741211,81.25,62.64631271362305,58499591
2020-03-23,74.9000015258789,80.0,73.19999694824219,76.4000015258789,58.906795501708984,37653540
2020-03-24,78.0999984741211,79.5999984741211,75.05000305175781,77.55000305175781,59.79348373413086,13742927
2020-03-25,78.0,80.5,75.30000305175781,79.69999694824219,61.451202392578125,16472741
2020-03-26,82.0,82.19999694824219,76.4000015258789,79.6500015258789,61.80035400390625,39959613
2020-03-27,82.5,84.4000015258789,80.25,83.0,64.39961242675781,39345541
2020-03-30,79.9000015258789,83.5,79.19999694824219,81.75,63.42974090576172,17043895
2020-03-31,82.75,84.80000305175781,81.1500015258789,84.19999694824219,65.33070373535156,28293281
2020-04-01,84.30000305175781,84.3499984741211,80.5999984741211,81.0,62.84781265258789,14355207
2020-04-03,82.05000305175781,82.0999984741211,78.8499984741211,79.55000305175781,61.7227668762207,18310156
2020-04-07,81.5999984741211,82.05000305175781,80.0999984741211,81.55000305175781,63.274559020996094,47686619
2020-04-08,81.55000305175781,86.80000305175781,80.30000305175781,85.19999694824219,66.10659790039062,38072700
2020-04-09,88.3499984741211,88.3499984741211,85.30000305175781,87.0999984741211,67.58079528808594,9322342
2020-04-13,87.0999984741211,89.1500015258789,84.75,88.6500015258789,68.78343963623047,33266662
2020-04-15,88.94999694824219,94.19999694824219,88.69999694824219,89.9000015258789,69.7533187866211,24127975
2020-04-16,87.25,96.30000305175781,87.0,95.0999984741211,73.7879867553711,20876392
2020-04-17,101.0,101.0,95.0,95.5,74.09835052490234,16969641
2020-04-20,97.0,99.30000305175781,93.4000015258789,98.9000015258789,76.73641204833984,17639066
2020-04-21,96.5,98.4000015258789,95.55000305175781,97.30000305175781,75.49497985839844,15085097
2020-04-22,97.30000305175781,98.6500015258789,94.9000015258789,97.5999984741211,75.72774505615234,10342633
2020-04-23,97.44999694824219,97.69999694824219,94.55000305175781,95.19999694824219,73.86557006835938,14078729
2020-04-24,94.75,96.3499984741211,91.94999694824219,93.4000015258789,72.46896362304688,10148964
2020-04-27,94.4000015258789,94.4000015258789,91.9000015258789,92.3499984741211,71.6542739868164,22675928
2020-04-28,92.1500015258789,92.9000015258789,88.6500015258789,90.3499984741211,70.10246276855469,19815445
2020-04-29,91.44999694824219,92.3499984741211,89.75,90.19999694824219,69.986083984375,21550996
2020-04-30,91.3499984741211,97.0,90.4000015258789,95.05000305175781,73.74919891357422,15151435
2020-05-04,91.05000305175781,93.6500015258789,90.5,91.44999694824219,70.9559555053711,10305663
2020-05-05,92.19999694824219,94.94999694824219,91.3499984741211,92.5999984741211,71.84823608398438,10628539
2020-05-06,92.94999694824219,95.44999694824219,92.19999694824219,94.69999694824219,73.47763061523438,10232281
2020-05-07,94.0999984741211,94.4000015258789,90.1500015258789,90.44999694824219,70.1800537109375,8449705
2020-05-08,91.0,92.44999694824219,85.75,87.0,67.50321197509766,28174665
2020-05-11,88.19999694824219,89.44999694824219,85.8499984741211,86.6500015258789,67.23164367675781,12243824
2020-05-12,86.5,93.25,85.6500015258789,91.6500015258789,71.11114501953125,18124894
2020-05-13,94.94999694824219,98.5,92.6500015258789,93.05000305175781,72.19740295410156,19037031
2020-05-14,93.30000305175781,93.5,87.5,89.3499984741211,69.32656860351562,39115884
2020-05-15,90.0,91.80000305175781,89.19999694824219,90.8499984741211,70.49042510986328,16925981
2020-05-18,90.5,90.5,87.8499984741211,88.9000015258789,68.9774169921875,11368562
2020-05-19,89.5999984741211,91.9000015258789,88.19999694824219,91.05000305175781,70.64559173583984,12262118
2020-05-20,89.9000015258789,93.4000015258789,89.30000305175781,92.9000015258789,72.08099365234375,10126022
2020-05-21,92.1500015258789,92.6500015258789,89.80000305175781,90.25,70.0248794555664,20143324
2020-05-22,89.9000015258789,91.19999694824219,88.3499984741211,90.94999694824219,70.5680160522461,9392095
2020-05-26,90.1500015258789,93.4000015258789,90.1500015258789,93.0,72.15861511230469,12350762
2020-05-27,93.0,95.19999694824219,91.1500015258789,94.69999694824219,73.47763061523438,11684730
2020-05-28,95.25,96.5,94.5,95.69999694824219,74.2535171508789,12156645
2020-05-29,94.69999694824219,98.8499984741211,94.30000305175781,97.8499984741211,75.92170715332031,19891080
2020-06-01,98.4000015258789,99.6500015258789,97.1500015258789,97.9000015258789,75.96051788330078,10106253
2020-06-02,98.75,98.94999694824219,96.05000305175781,96.75,75.06822204589844,18170659
2020-06-03,97.75,97.80000305175781,94.4000015258789,94.69999694824219,73.47763061523438,23102350
2020-06-04,94.1500015258789,95.5,92.75,95.1500015258789,73.82679748535156,12827335
2020-06-05,95.0,98.19999694824219,94.1500015258789,97.94999694824219,75.99929809570312,11744302
2020-06-08,98.94999694824219,100.19999694824219,97.75,98.55000305175781,76.46482849121094,14168383
2020-06-09,99.0,99.69999694824219,97.19999694824219,98.0,76.03809356689453,14232434
2020-06-10,98.1500015258789,100.1500015258789,97.25,98.1500015258789,76.15449523925781,12104423
2020-06-11,98.1500015258789,99.69999694824219,96.80000305175781,98.05000305175781,76.07688903808594,10258905
2020-06-12,94.5,97.94999694824219,94.30000305175781,96.9000015258789,75.18460845947266,10925477
2020-06-15,96.69999694824219,96.94999694824219,92.5999984741211,93.19999694824219,72.31377410888672,10980359
2020-06-16,94.94999694824219,95.0999984741211,92.25,92.80000305175781,72.00343322753906,8757035
2020-06-17,92.94999694824219,93.0999984741211,90.8499984741211,91.5,70.99475860595703,17081311
2020-06-18,91.80000305175781,94.30000305175781,89.9000015258789,92.69999694824219,71.92583465576172,16520026
2020-06-19,93.05000305175781,94.05000305175781,92.4000015258789,93.0,72.15861511230469,13836691
2020-06-22,94.0999984741211,95.8499984741211,93.3499984741211,95.30000305175781,73.94319152832031,18868376
2020-06-23,95.0999984741211,101.1500015258789,95.0,100.75,78.17181396484375,20331626
2020-06-24,102.0,103.80000305175781,96.75,97.05000305175781,75.30099487304688,24055051
2020-06-25,97.05000305175781,98.55000305175781,94.3499984741211,96.0999984741211,74.56387329101562,69278017
2020-06-26,96.4000015258789,97.4000015258789,95.55000305175781,97.0,75.26220703125,15572219
2020-06-29,97.6500015258789,98.05000305175781,94.44999694824219,94.9000015258789,73.6328125,18130595
2020-06-30,97.0,97.75,95.19999694824219,95.80000305175781,74.33112335205078,18496305
2020-07-01,94.69999694824219,94.69999694824219,92.30000305175781,93.5999984741211,72.62413787841797,21639137
2020-07-02,94.5,94.5,93.1500015258789,93.4000015258789,72.46896362304688,14333457
2020-07-03,93.5999984741211,95.3499984741211,92.75,94.5,73.32245635986328,15274841
2020-07-06,95.9000015258789,96.4000015258789,94.8499984741211,95.19999694824219,73.86557006835938,11830916
2020-07-07,95.4000015258789,95.44999694824219,92.25,92.55000305175781,71.80944061279297,18786009
2020-07-08,92.8499984741211,92.8499984741211,90.8499984741211,91.0,70.6068115234375,26256635
2020-07-09,91.30000305175781,92.0,90.80000305175781,91.19999694824219,70.7619857788086,11910945
2020-07-10,91.19999694824219,91.30000305175781,89.75,90.4000015258789,70.14126586914062,12213053
2020-07-13,91.05000305175781,92.8499984741211,89.5,89.9000015258789,69.7533187866211,17508551
2020-07-14,89.80000305175781,89.9000015258789,87.4000015258789,87.6500015258789,68.00753784179688,14240946
2020-07-15,88.30000305175781,89.75,87.75,88.05000305175781,68.31790161132812,11582839
2020-07-16,88.19999694824219,88.4000015258789,85.8499984741211,86.75,67.30921936035156,10152592
2020-07-17,87.19999694824219,88.6500015258789,87.0,88.30000305175781,68.51187896728516,12238969
2020-07-20,88.9000015258789,88.9000015258789,87.0,87.1500015258789,67.61959838867188,12349129
2020-07-21,88.0,88.6500015258789,86.80000305175781,88.3499984741211,68.55067443847656,20118152
2020-07-22,88.75,92.5999984741211,88.69999694824219,90.3499984741211,70.10246276855469,31321718
2020-07-23,90.9000015258789,91.5999984741211,90.25,90.55000305175781,70.25763702392578,11161294
2020-07-24,90.30000305175781,90.5,88.55000305175781,89.4000015258789,69.36536407470703,11352904
2020-07-27,89.55000305175781,89.5999984741211,87.25,87.6500015258789,68.00753784179688,10071266
2020-07-28,87.9000015258789,88.80000305175781,86.9000015258789,88.55000305175781,68.70586395263672,13888285
2020-07-29,88.5,89.6500015258789,87.9000015258789,88.1500015258789,68.3954849243164,10732504
2020-07-30,88.55000305175781,89.0,86.0999984741211,86.5999984741211,67.19283294677734,10668042
2020-07-31,86.9000015258789,87.5999984741211,86.30000305175781,87.0,67.50321197509766,7906179
2020-08-03,87.19999694824219,87.19999694824219,85.0,85.5999984741211,66.41693115234375,14158505
2020-08-04,86.5,87.0,85.3499984741211,85.5999984741211,66.41693115234375,19621505
2020-08-05,85.9000015258789,86.5999984741211,85.4000015258789,85.9000015258789,66.64971923828125,9478990
2020-08-06,86.5,87.44999694824219,85.5999984741211,86.1500015258789,66.84370422363281,12208873
2020-08-07,86.19999694824219,86.69999694824219,85.3499984741211,85.80000305175781,66.5721206665039,10339288
2020-08-10,86.80000305175781,88.69999694824219,86.1500015258789,88.19999694824219,68.43428802490234,12215464
2020-08-11,89.0,89.5999984741211,87.80000305175781,88.25,68.47307586669922,11180265
2020-08-12,88.0,89.1500015258789,87.05000305175781,88.69999694824219,68.82223510742188,14803880
2020-08-13,87.4000015258789,87.5,86.5,87.25,69.7820053100586,13723113
2020-08-14,87.3499984741211,89.8499984741211,86.69999694824219,88.4000015258789,70.70174407958984,25402282
2020-08-17,89.4000015258789,96.5,89.4000015258789,95.30000305175781,76.22032928466797,115111358
2020-08-18,96.19999694824219,97.80000305175781,94.05000305175781,95.05000305175781,76.0203857421875,52023697
2020-08-19,96.0,96.5,94.25,94.6500015258789,75.70046997070312,21840924
2020-08-20,94.5999984741211,101.9000015258789,94.25,101.0999984741211,80.8591537475586,112338263
2020-08-21,102.69999694824219,107.8499984741211,101.5999984741211,105.94999694824219,84.73812866210938,107862545
2020-08-24,107.0999984741211,108.0,103.75,105.4000015258789,84.2982406616211,49154455
2020-08-25,106.0,107.4000015258789,103.19999694824219,103.80000305175781,83.0185775756836,50940674
2020-08-26,104.5999984741211,104.5999984741211,101.5999984741211,102.80000305175781,82.2187728881836,30828711
2020-08-27,103.19999694824219,103.9000015258789,102.0,102.5999984741211,82.05882263183594,19363725
2020-08-28,103.1500015258789,104.25,101.25,101.55000305175781,81.21904754638672,21358972
2020-08-31,102.5999984741211,102.69999694824219,95.5,96.4000015258789,77.10009765625,40298594
2020-09-01,97.5,101.1500015258789,96.5,99.80000305175781,79.81939697265625,44304572
2020-09-02,99.80000305175781,100.5,98.30000305175781,98.94999694824219,79.13958740234375,20904846
2020-09-03,99.0,99.69999694824219,96.9000015258789,97.69999694824219,78.13983917236328,19004282
2020-09-04,96.05000305175781,97.44999694824219,94.0,94.69999694824219,75.74044799804688,27339411
2020-09-07,94.80000305175781,96.0,92.05000305175781,92.4000015258789,73.90093231201172,28474893
2020-09-08,93.25,93.25,90.30000305175781,90.6500015258789,72.50128936767578,31186005
2020-09-09,90.0999984741211,91.25,88.5,90.4000015258789,72.30133819580078,28307198
2020-09-10,91.0,91.5,89.25,90.55000305175781,72.42130279541016,27263673
2020-09-11,90.19999694824219,90.9000015258789,89.44999694824219,90.0999984741211,72.06140899658203,18190992
2020-09-14,90.4000015258789,91.94999694824219,89.75,90.8499984741211,72.6612548828125,22533738
2020-09-15,90.9000015258789,92.75,90.55000305175781,91.0999984741211,72.86119842529297,26866105
2020-09-16,91.5999984741211,91.5999984741211,89.30000305175781,89.6500015258789,71.70149230957031,20778500
2020-09-17,89.05000305175781,89.44999694824219,88.30000305175781,88.6500015258789,70.9017105102539,21804215
2020-09-18,89.05000305175781,91.0999984741211,88.69999694824219,90.55000305175781,72.42130279541016,44757908
2020-09-21,91.1500015258789,91.3499984741211,87.3499984741211,88.30000305175781,70.62177276611328,17714694
2020-09-22,88.30000305175781,89.55000305175781,85.30000305175781,87.69999694824219,70.14189147949219,25113194
2020-09-23,87.6500015258789,88.1500015258789,84.19999694824219,85.0999984741211,68.06243896484375,24107408
2020-09-24,84.0999984741211,85.6500015258789,82.1500015258789,82.6500015258789,66.10294342041016,17724521
2020-09-25,83.3499984741211,85.1500015258789,82.3499984741211,84.80000305175781,67.8224868774414,15999517
2020-09-28,85.5999984741211,88.25,85.0999984741211,87.5,69.98194122314453,22735756
2020-09-29,88.5,88.9000015258789,84.6500015258789,85.1500015258789,68.10243225097656,21328822
2020-09-30,85.5999984741211,85.8499984741211,83.4000015258789,85.0999984741211,68.06243896484375,18475452
2020-10-01,85.80000305175781,85.80000305175781,84.5,84.9000015258789,67.90248107910156,18244405
2020-10-05,85.0,85.44999694824219,83.80000305175781,84.44999694824219,67.54256439208984,15677842
2020-10-06,84.44999694824219,84.6500015258789,83.6500015258789,84.1500015258789,67.30262756347656,13094249
2020-10-07,84.19999694824219,84.25,82.25,82.80000305175781,66.22290802001953,19056844
2020-10-08,83.0999984741211,83.3499984741211,82.3499984741211,82.5999984741211,66.06295013427734,11961568
2020-10-09,82.8499984741211,83.1500015258789,81.6500015258789,82.9000015258789,66.30288696289062,18016087
2020-10-12,83.6500015258789,84.55000305175781,82.4000015258789,82.75,66.18290710449219,11714109
2020-10-13,82.80000305175781,83.4000015258789,82.4000015258789,82.6500015258789,66.10294342041016,11503196
2020-10-14,82.80000305175781,83.05000305175781,78.0999984741211,79.0999984741211,63.263675689697266,47114322
2020-10-15,79.0999984741211,80.5,78.5,79.0,63.18368911743164,20107413
2020-10-16,79.0,80.5,78.44999694824219,80.30000305175781,64.22344207763672,16578267
2020-10-19,80.94999694824219,83.1500015258789,80.5,81.6500015258789,65.30314636230469,21839955
2020-10-20,81.6500015258789,81.94999694824219,80.30000305175781,80.6500015258789,64.50335693359375,14238188
2020-10-21,81.44999694824219,83.80000305175781,80.6500015258789,82.30000305175781,65.82301330566406,38563701
2020-10-22,82.30000305175781,85.9000015258789,81.4000015258789,84.6500015258789,67.70252990722656,34256481
2020-10-23,86.0,86.5999984741211,84.5,86.25,68.982177734375,46258872
2020-10-26,87.0999984741211,88.0,84.30000305175781,85.94999694824219,68.74224853515625,34724632
2020-10-27,88.80000305175781,90.05000305175781,87.05000305175781,89.44999694824219,71.54153442382812,95412168
2020-10-28,89.44999694824219,90.6500015258789,87.5,88.0999984741211,70.4618148803711,44763206
2020-10-29,87.0,88.5,86.0,86.5,69.1821517944336,41912944
2020-10-30,86.9000015258789,88.75,86.30000305175781,87.5999984741211,70.0619125366211,40735912
2020-11-02,88.30000305175781,89.5999984741211,87.94999694824219,89.19999694824219,71.34159088134766,31922062
2020-11-03,91.44999694824219,92.0,83.05000305175781,85.94999694824219,68.74224853515625,118128168
2020-11-04,86.1500015258789,87.0999984741211,84.5,85.0999984741211,68.06243896484375,47519427
2020-11-05,85.8499984741211,87.0,85.5999984741211,86.80000305175781,69.42208099365234,41267817
2020-11-06,87.19999694824219,88.75,86.9000015258789,87.30000305175781,69.82198333740234,46143960
2020-11-09,88.6500015258789,89.8499984741211,87.69999694824219,89.44999694824219,71.54153442382812,42703600
2020-11-10,89.80000305175781,91.75,89.55000305175781,91.5,73.18110656738281,43483223
2020-11-11,92.0,93.5,91.69999694824219,92.9000015258789,74.30083465576172,51801855
2020-11-12,92.4000015258789,92.5999984741211,90.4000015258789,90.80000305175781,72.62126159667969,33374610
2020-11-13,90.0,92.3499984741211,89.19999694824219,91.44999694824219,73.14112854003906,24025139
2020-11-14,90.55000305175781,92.4000015258789,90.30000305175781,90.9000015258789,72.70124816894531,12521960
2020-11-17,91.75,92.4000015258789,88.25,88.69999694824219,70.94169616699219,55324429
2020-11-18,88.69999694824219,89.55000305175781,88.0999984741211,88.30000305175781,70.62177276611328,37574681
2020-11-19,88.4000015258789,91.9000015258789,88.0,89.80000305175781,71.82144927978516,55196018
2020-11-20,90.25,92.0999984741211,89.9000015258789,91.80000305175781,73.42105102539062,47670803
2020-11-23,92.9000015258789,94.4000015258789,92.0,93.6500015258789,74.90067291259766,54262598
2020-11-24,94.25,94.80000305175781,93.75,94.1500015258789,75.3005599975586,35713773
2020-11-25,94.44999694824219,94.9000015258789,92.8499984741211,93.94999694824219,75.14059448242188,32464332
2020-11-26,93.94999694824219,94.80000305175781,93.4000015258789,94.0999984741211,75.26057434082031,30825401
2020-11-27,95.75,97.05000305175781,91.80000305175781,94.69999694824219,75.74044799804688,216981706
2020-12-01,94.69999694824219,96.19999694824219,93.44999694824219,93.75,74.98064422607422,35330973
2020-12-02,94.6500015258789,95.19999694824219,93.80000305175781,94.80000305175781,75.82042694091797,27650080
2020-12-03,95.8499984741211,99.1500015258789,95.30000305175781,98.55000305175781,78.81965637207031,43841111
2020-12-04,99.19999694824219,99.80000305175781,97.5,98.55000305175781,78.81965637207031,34813873
2020-12-07,99.0,101.1500015258789,98.69999694824219,99.75,79.77941131591797,27049393
2020-12-08,100.55000305175781,100.8499984741211,97.80000305175781,98.19999694824219,78.53971862792969,30386160
2020-12-09,99.25,99.9000015258789,97.9000015258789,98.30000305175781,78.61970520019531,24061383
2020-12-10,98.4000015258789,99.3499984741211,96.5,97.1500015258789,77.699951171875,25985382
2020-12-11,97.9000015258789,102.9000015258789,97.6500015258789,102.4000015258789,81.89886474609375,63463638
2020-12-14,103.44999694824219,105.3499984741211,103.0,104.5999984741211,83.65840148925781,45802433
2020-12-15,105.0999984741211,106.4000015258789,102.8499984741211,105.8499984741211,84.65815734863281,52215593
2020-12-16,106.94999694824219,107.25,104.55000305175781,104.9000015258789,83.8983383178711,25184934
2020-12-17,105.6500015258789,105.6500015258789,104.0,104.44999694824219,83.5384292602539,16840984
2020-12-18,104.55000305175781,104.80000305175781,102.8499984741211,103.75,82.97859191894531,33596568
2020-12-21,103.69999694824219,103.94999694824219,94.75,97.5,77.97987365722656,34210970
2020-12-22,97.3499984741211,99.80000305175781,96.5,98.9000015258789,79.0995864868164,29181188
2020-12-23,99.05000305175781,99.4000015258789,97.80000305175781,98.55000305175781,78.81965637207031,17602151
2020-12-24,99.30000305175781,101.5,99.0,99.94999694824219,79.93936920166016,23052394
2020-12-28,100.8499984741211,101.55000305175781,100.0,100.44999694824219,80.3392562866211,15454893
2020-12-29,100.5,101.05000305175781,97.94999694824219,98.5999984741211,78.85963439941406,23647197
2020-12-30,99.0,99.6500015258789,98.19999694824219,99.0999984741211,79.2595443725586,30281285
2020-12-31,98.0999984741211,100.25,98.0,99.3499984741211,79.45950317382812,50363279
2021-01-01,99.94999694824219,100.19999694824219,98.80000305175781,99.05000305175781,79.21955871582031,13493039
2021-01-04,99.75,100.0,98.5,99.05000305175781,79.21955871582031,22325584
2021-01-05,98.4000015258789,98.4000015258789,97.0,97.5999984741211,78.05985260009766,23510160
2021-01-06,98.0,99.0,97.25,97.8499984741211,78.25979614257812,21952878
2021-01-07,98.0999984741211,98.5,96.8499984741211,97.0,77.57998657226562,24999580
2021-01-08,97.5999984741211,100.5,97.3499984741211,100.1500015258789,80.09932708740234,43240591
2021-01-11,100.75,101.25,98.69999694824219,99.0,79.17955017089844,22036573
2021-01-12,99.0,101.0,98.30000305175781,100.1500015258789,80.09932708740234,24262426
2021-01-13,100.25,104.3499984741211,100.1500015258789,102.55000305175781,82.01882934570312,49236964
2021-01-14,103.69999694824219,103.8499984741211,101.69999694824219,102.19999694824219,81.73888397216797,29301114
2021-01-15,102.5,103.5999984741211,99.9000015258789,100.44999694824219,80.3392562866211,24067229
2021-01-18,100.44999694824219,100.9000015258789,96.80000305175781,97.55000305175781,78.01986694335938,23613664
2021-01-19,98.0,100.8499984741211,97.55000305175781,99.6500015258789,79.69943237304688,22934496
2021-01-20,99.5999984741211,99.69999694824219,98.0,98.30000305175781,78.61970520019531,25599184
2021-01-21,98.69999694824219,99.1500015258789,95.5999984741211,96.0999984741211,76.86016845703125,22667011
2021-01-22,96.30000305175781,96.5,92.9000015258789,94.05000305175781,75.22058868408203,26029669
2021-01-25,95.05000305175781,95.30000305175781,92.69999694824219,93.19999694824219,74.54075622558594,18599824
2021-01-27,93.0,93.0999984741211,90.80000305175781,91.30000305175781,73.02115631103516,22812859
2021-01-28,90.80000305175781,92.6500015258789,90.3499984741211,91.5999984741211,73.26109313964844,32227832
2021-01-29,92.0,92.5999984741211,88.1500015258789,88.94999694824219,71.14163208007812,36962884
2021-02-01,89.3499984741211,92.4000015258789,88.4000015258789,92.0,73.58100128173828,29033297
2021-02-02,92.9000015258789,95.3499984741211,92.9000015258789,94.1500015258789,75.3005599975586,29279584
2021-02-03,95.0999984741211,98.0999984741211,94.30000305175781,96.94999694824219,77.53998565673828,31420256
2021-02-04,97.30000305175781,100.19999694824219,97.0,99.05000305175781,79.21955871582031,39264443
2021-02-05,100.4000015258789,102.0,98.1500015258789,99.5,79.5794677734375,54911202
2021-02-08,96.19999694824219,100.94999694824219,96.0999984741211,100.30000305175781,80.21930694580078,53737961
2021-02-09,100.4000015258789,101.19999694824219,99.5,99.94999694824219,79.93936920166016,28074809
2021-02-10,100.0,100.5,98.6500015258789,99.8499984741211,79.85939025878906,19070866
2021-02-11,97.9000015258789,97.9000015258789,96.25,97.30000305175781,80.23045349121094,18452535
2021-02-12,97.80000305175781,97.9000015258789,94.80000305175781,95.94999694824219,79.11726379394531,21660998
2021-02-15,96.44999694824219,96.69999694824219,95.0,95.19999694824219,78.49885559082031,12574055
2021-02-16,95.8499984741211,99.1500015258789,95.5,98.0,80.80766296386719,32865663
2021-02-17,97.8499984741211,100.1500015258789,97.0,99.3499984741211,81.92082214355469,28774857
2021-02-18,99.69999694824219,104.25,99.55000305175781,103.4000015258789,85.26031494140625,50705280
2021-02-19,103.6500015258789,106.75,101.4000015258789,104.19999694824219,85.91996002197266,61069583
2021-02-22,104.30000305175781,106.30000305175781,101.4000015258789,102.05000305175781,84.14714050292969,30636415
2021-02-23,102.1500015258789,104.1500015258789,100.55000305175781,103.4000015258789,85.26031494140625,31233104
2021-02-24,104.5,104.69999694824219,102.0999984741211,103.19999694824219,85.09540557861328,16153025
2021-02-25,103.5999984741211,110.19999694824219,103.0,108.0,89.05332946777344,68361756
2021-02-26,107.0999984741211,110.94999694824219,104.80000305175781,107.30000305175781,88.47614288330078,67331805
2021-03-01,109.5,109.80000305175781,107.1500015258789,108.44999694824219,89.42437744140625,27205189
2021-03-02,108.44999694824219,113.69999694824219,107.9000015258789,112.55000305175781,92.80509948730469,53649872
2021-03-03,114.44999694824219,114.69999694824219,112.0,112.69999694824219,92.92878723144531,31702057
2021-03-04,111.5,113.0,110.5,110.80000305175781,91.36212158203125,28057179
2021-03-05,111.0,112.3499984741211,108.4000015258789,108.69999694824219,89.6305160522461,24778407
2021-03-08,110.6500015258789,113.30000305175781,109.5,110.55000305175781,91.15597534179688,28163362
2021-03-09,111.4000015258789,111.8499984741211,107.44999694824219,109.5,90.29016876220703,20611697
2021-03-10,110.3499984741211,110.5999984741211,108.94999694824219,109.6500015258789,90.41385650634766,13207045
2021-03-12,111.0,112.0999984741211,108.5999984741211,109.0999984741211,89.9603500366211,21763020
2021-03-15,109.94999694824219,111.0,107.69999694824219,110.5,91.11473846435547,20350674
2021-03-16,110.55000305175781,111.44999694824219,109.30000305175781,109.55000305175781,90.33141326904297,15360040
2021-03-17,109.69999694824219,109.9000015258789,106.1500015258789,106.55000305175781,87.8576889038086,18850429
2021-03-18,107.4000015258789,108.25,103.19999694824219,103.80000305175781,85.59014129638672,20023557
2021-03-19,102.3499984741211,109.55000305175781,102.0,108.5,89.46560668945312,72249183
2021-03-22,108.80000305175781,110.55000305175781,106.8499984741211,109.8499984741211,90.57878112792969,31980425
2021-03-23,110.0,110.19999694824219,108.0999984741211,108.6500015258789,89.58929443359375,14060206
2021-03-24,108.0,109.4000015258789,105.5999984741211,106.0,87.4041976928711,15196366
2021-03-25,106.0,106.5,102.6500015258789,103.0,84.93049621582031,22543755
2021-03-26,105.75,105.75,103.69999694824219,104.19999694824219,85.91996002197266,17402475
2021-03-30,105.8499984741211,108.69999694824219,104.5999984741211,107.69999694824219,88.80594635009766,36129962
2021-03-31,107.69999694824219,109.0,106.0999984741211,106.55000305175781,87.8576889038086,23063667
2021-04-01,107.5,108.75,106.94999694824219,107.9000015258789,88.97086334228516,13753303
2021-04-05,107.4000015258789,107.80000305175781,103.75,106.30000305175781,87.65155029296875,15666099
2021-04-06,107.75,108.0999984741211,105.80000305175781,106.05000305175781,87.44541931152344,17393454
2021-04-07,106.9000015258789,107.3499984741211,105.25,105.44999694824219,86.95067596435547,15692013
2021-04-08,106.0,106.44999694824219,104.69999694824219,105.0,86.57962036132812,11394998
2021-04-09,105.94999694824219,105.94999694824219,102.4000015258789,102.80000305175781,84.76556396484375,19751417
2021-04-12,101.5,101.5,98.05000305175781,99.05000305175781,81.67344665527344,20221362
2021-04-13,99.5999984741211,101.1500015258789,99.25,100.5999984741211,82.9515151977539,19192856
2021-04-15,101.19999694824219,103.0,99.30000305175781,101.3499984741211,83.5699462890625,13865351
2021-04-16,101.9000015258789,102.9000015258789,100.5,102.44999694824219,84.47697448730469,14654851
2021-04-19,100.0,100.4000015258789,98.6500015258789,99.05000305175781,81.67344665527344,11652043
2021-04-20,99.19999694824219,100.9000015258789,98.1500015258789,99.05000305175781,81.67344665527344,16528675
2021-04-22,98.05000305175781,99.75,97.05000305175781,98.94999694824219,81.59098052978516,18614270
2021-04-23,98.0,103.0,98.0,102.55000305175781,84.5594253540039,29484794
2021-04-26,103.94999694824219,103.94999694824219,100.8499984741211,102.4000015258789,84.43575286865234,24369413
2021-04-27,102.05000305175781,103.55000305175781,101.69999694824219,102.05000305175781,84.14714050292969,17763436
2021-04-28,102.8499984741211,103.94999694824219,102.1500015258789,103.5999984741211,85.42523193359375,15160578
2021-04-29,104.5999984741211,105.0,102.6500015258789,103.05000305175781,84.97169494628906,11588556
2021-04-30,102.25,105.6500015258789,102.05000305175781,102.44999694824219,84.47697448730469,15321193
2021-05-03,101.4000015258789,104.5999984741211,101.05000305175781,104.25,85.96119689941406,12186212
2021-05-04,104.30000305175781,106.05000305175781,103.5,103.75,85.54891204833984,12992684
2021-05-05,104.75,105.6500015258789,102.80000305175781,103.9000015258789,85.6725845336914,14956169
2021-05-06,105.0,105.0999984741211,102.6500015258789,103.05000305175781,84.97169494628906,13547274
2021-05-07,104.0,105.5,103.3499984741211,105.05000305175781,86.62084197998047,13229291
2021-05-10,106.0,108.0,105.5999984741211,107.69999694824219,88.80594635009766,23980945
2021-05-11,108.0,113.4000015258789,106.69999694824219,112.69999694824219,92.92878723144531,45613487
2021-05-12,114.19999694824219,116.75,111.75,113.30000305175781,93.42353057861328,62158914
2021-05-14,113.94999694824219,113.94999694824219,110.1500015258789,111.4000015258789,91.85684967041016,16227312
2021-05-17,111.19999694824219,112.25,109.94999694824219,111.55000305175781,91.98054504394531,12832920
2021-05-18,112.5999984741211,114.19999694824219,111.75,112.0999984741211,92.43405151367188,14892142
2021-05-19,113.1500015258789,113.1500015258789,110.94999694824219,111.94999694824219,92.31034851074219,12610425
2021-05-20,112.0,112.75,110.9000015258789,111.75,92.14546203613281,10303689
2021-05-21,112.30000305175781,113.1500015258789,111.25,112.8499984741211,93.05247497558594,12171685
2021-05-24,112.3499984741211,113.94999694824219,112.05000305175781,112.9000015258789,93.09369659423828,11341268
2021-05-25,113.9000015258789,114.8499984741211,113.05000305175781,113.30000305175781,93.42353057861328,15289982
2021-05-26,114.0,114.0,110.9000015258789,111.0999984741211,91.6094741821289,17466748
2021-05-27,111.5999984741211,111.6500015258789,109.30000305175781,110.30000305175781,90.94984436035156,34169451
2021-05-28,110.30000305175781,111.0,108.3499984741211,108.94999694824219,89.83666229248047,13383166
2021-05-31,108.94999694824219,111.3499984741211,107.80000305175781,110.5,91.11473846435547,14754293
2021-06-01,110.94999694824219,111.44999694824219,109.5,110.19999694824219,90.86737060546875,10271211
2021-06-02,110.0999984741211,111.3499984741211,110.05000305175781,111.1500015258789,91.65071105957031,6492771
2021-06-03,111.5999984741211,112.19999694824219,110.44999694824219,111.80000305175781,92.18668365478516,12140851
2021-06-04,111.5,113.0,111.05000305175781,111.75,92.14546203613281,8930671
2021-06-07,112.1500015258789,116.75,112.0,116.4000015258789,95.97968292236328,28407410
2021-06-08,117.5,118.5,116.0,116.19999694824219,95.81478118896484,43191813
2021-06-09,116.5,121.0,115.80000305175781,118.0999984741211,97.38146209716797,49807823
2021-06-10,119.3499984741211,119.9000015258789,117.30000305175781,118.5,97.71127319335938,22144392
2021-06-11,118.9000015258789,119.55000305175781,117.55000305175781,118.80000305175781,97.95866394042969,13871562
2021-06-14,118.80000305175781,118.9000015258789,116.25,118.19999694824219,97.46391296386719,14179055
2021-06-15,118.19999694824219,118.94999694824219,117.5999984741211,117.80000305175781,97.13407897949219,8148417
2021-06-16,117.80000305175781,120.5999984741211,116.8499984741211,119.80000305175781,98.7832260131836,21585917
2021-06-17,118.19999694824219,120.5999984741211,116.94999694824219,117.4000015258789,96.80427551269531,14466025
2021-06-18,117.4000015258789,118.1500015258789,112.9000015258789,113.55000305175781,93.62966918945312,43927941
2021-06-21,113.25,118.44999694824219,113.05000305175781,118.0,97.29898834228516,34597018
2021-06-22,118.5,118.9000015258789,116.94999694824219,118.30000305175781,97.54637908935547,16712010
2021-06-23,118.8499984741211,118.8499984741211,116.94999694824219,117.25,96.68057250976562,12590251
2021-06-24,117.19999694824219,118.5,115.69999694824219,118.0,97.29898834228516,14046692
2021-06-25,119.0999984741211,119.0999984741211,115.69999694824219,116.05000305175781,95.69109344482422,12768348
2021-06-28,116.9000015258789,117.8499984741211,116.0,116.1500015258789,95.77355194091797,10709748
2021-06-29,116.25,118.55000305175781,115.4000015258789,117.5999984741211,96.96916961669922,33488455
2021-06-30,117.8499984741211,118.44999694824219,116.1500015258789,116.4000015258789,95.97968292236328,16739618
2021-07-01,116.80000305175781,117.80000305175781,115.69999694824219,117.3499984741211,96.76303100585938,12479506
2021-07-02,117.55000305175781,119.05000305175781,117.0,117.5,96.88671875,17215972
2021-07-05,117.9000015258789,119.0999984741211,117.25,118.5999984741211,97.79373931884766,16409169
2021-07-06,118.0999984741211,118.94999694824219,117.05000305175781,117.6500015258789,97.01041412353516,14979094
2021-07-07,117.05000305175781,118.19999694824219,116.8499984741211,117.44999694824219,96.84547424316406,14545289
2021-07-08,117.3499984741211,118.69999694824219,117.19999694824219,117.44999694824219,96.84547424316406,12037089
2021-07-09,117.0,118.4000015258789,116.25,117.80000305175781,97.13407897949219,9585144
2021-07-12,118.0,118.75,117.1500015258789,117.8499984741211,97.17530822753906,7651672
2021-07-13,118.1500015258789,122.0,118.0999984741211,119.9000015258789,98.86568450927734,30663035
2021-07-14,119.94999694824219,120.94999694824219,119.80000305175781,120.75,99.56656646728516,9539611
2021-07-15,120.75,121.19999694824219,119.19999694824219,120.30000305175781,99.19550323486328,11278872
2021-07-16,120.1500015258789,120.80000305175781,118.30000305175781,119.0999984741211,98.20602416992188,17198632
2021-07-19,119.0999984741211,121.8499984741211,118.5,121.4000015258789,100.10253143310547,14364285
2021-07-20,122.0,122.0,118.19999694824219,118.44999694824219,97.67005920410156,11360716
2021-07-22,118.75,119.69999694824219,118.55000305175781,119.19999694824219,98.28848266601562,9520328
2021-07-23,119.4000015258789,120.0999984741211,118.30000305175781,118.5,97.71127319335938,10442400
2021-07-26,118.19999694824219,120.0,118.05000305175781,119.3499984741211,98.41215515136719,5370055
2021-07-27,119.30000305175781,119.5999984741211,118.19999694824219,118.8499984741211,97.99989318847656,5280342
2021-07-28,119.55000305175781,119.55000305175781,115.80000305175781,116.80000305175781,96.30953216552734,11010096
2021-07-29,117.69999694824219,118.25,115.25,116.75,96.26829528808594,11897018
2021-07-30,116.94999694824219,119.94999694824219,116.25,118.19999694824219,97.46391296386719,14546264
2021-08-02,118.5999984741211,118.75,117.0,117.75,97.09285736083984,11742555
2021-08-03,118.5,118.5,116.5,117.6500015258789,97.01041412353516,21122697
2021-08-04,118.05000305175781,118.8499984741211,116.55000305175781,117.8499984741211,97.17530822753906,9432176
2021-08-05,117.05000305175781,117.80000305175781,115.94999694824219,116.5,96.0621566772461,11045322
2021-08-06,116.5,118.69999694824219,116.44999694824219,117.6500015258789,97.01041412353516,8434733
2021-08-09,118.5,119.0999984741211,116.55000305175781,116.69999694824219,96.22705841064453,7816050
2021-08-10,116.9000015258789,117.19999694824219,113.6500015258789,114.3499984741211,94.28932189941406,9774255
2021-08-11,114.69999694824219,117.30000305175781,114.55000305175781,116.94999694824219,96.43319702148438,8056886
2021-08-12,116.94999694824219,119.4000015258789,116.5,119.1500015258789,98.24724578857422,8640167
2021-08-13,119.44999694824219,119.44999694824219,117.19999694824219,118.25,97.5051498413086,9744939
2021-08-16,118.25,119.4000015258789,118.0999984741211,118.8499984741211,97.99989318847656,8768804
2021-08-17,119.3499984741211,119.5,116.19999694824219,117.4000015258789,96.80427551269531,8758578
2021-08-18,117.4000015258789,118.9000015258789,116.0999984741211,116.55000305175781,96.1033706665039,9357721
2021-08-20,116.30000305175781,117.0,113.44999694824219,114.1500015258789,94.12442016601562,11684504
2021-08-23,115.5,115.75,112.19999694824219,113.4000015258789,93.5059814453125,6271685
2021-08-24,114.19999694824219,116.30000305175781,113.6500015258789,113.94999694824219,93.95951080322266,11791078
2021-08-25,114.69999694824219,115.25,113.80000305175781,114.0,94.000732421875,9491958
2021-08-26,114.0999984741211,114.5,111.94999694824219,112.75,92.97001647949219,11668986
2021-08-27,112.69999694824219,114.0999984741211,112.0999984741211,113.4000015258789,93.5059814453125,8095717
2021-08-30,113.25,115.5,113.25,114.94999694824219,94.7840576171875,9915170
2021-08-31,115.25,116.3499984741211,114.69999694824219,115.94999694824219,95.60863494873047,11386659
2021-09-01,116.0,116.69999694824219,114.75,115.4000015258789,95.15512084960938,7508413
2021-09-02,115.0999984741211,116.69999694824219,115.0,116.5,96.0621566772461,5700524
2021-09-03,117.0,117.9000015258789,116.5,117.0,96.47443389892578,9364904
2021-09-06,117.6500015258789,117.6500015258789,115.9000015258789,116.44999694824219,96.02091979980469,7005043
2021-09-07,116.69999694824219,116.9000015258789,115.25,115.8499984741211,95.52617645263672,7723357
2021-09-08,113.8499984741211,114.5999984741211,112.4000015258789,114.05000305175781,96.67047119140625,10508654
2021-09-09,113.94999694824219,114.75,113.5,114.55000305175781,97.09425354003906,5757417
2021-09-13,114.6500015258789,115.5,114.1500015258789,115.0,97.47570037841797,6322443
2021-09-14,115.25,116.1500015258789,114.80000305175781,115.9000015258789,98.2385482788086,7369292
2021-09-15,116.0,124.8499984741211,116.0,124.19999694824219,105.27373504638672,48721413
2021-09-16,124.5,125.69999694824219,123.0,124.0,105.10421752929688,17684303
2021-09-17,124.1500015258789,124.69999694824219,121.55000305175781,123.75,104.89231872558594,15763396
2021-09-20,122.5,123.94999694824219,121.80000305175781,122.69999694824219,104.0023193359375,7431359
2021-09-21,122.30000305175781,125.4000015258789,122.0999984741211,124.0999984741211,105.1889877319336,8629222
2021-09-22,124.5999984741211,127.0,124.0,124.4000015258789,105.44326782226562,11698183
2021-09-23,124.80000305175781,127.0,124.6500015258789,126.19999694824219,106.96897888183594,11053966
2021-09-24,126.5,126.69999694824219,123.94999694824219,124.25,105.31612396240234,8598140
2021-09-27,125.30000305175781,127.80000305175781,124.5,126.8499984741211,107.51992797851562,8490460
2021-09-28,127.5,133.64999389648438,127.3499984741211,131.9499969482422,111.84275817871094,35900138
2021-09-29,131.39999389648438,144.25,130.60000610351562,140.64999389648438,119.21703338623047,75859390
2021-09-30,141.75,143.1999969482422,139.10000610351562,141.85000610351562,120.2341537475586,34614825
2021-10-01,140.9499969482422,144.35000610351562,137.6999969482422,139.89999389648438,118.58129119873047,22452069
2021-10-04,143.4499969482422,149.35000610351562,140.5,145.5500030517578,123.3703384399414,58612212
2021-10-05,145.5500030517578,147.85000610351562,144.1999969482422,145.39999389648438,123.24315643310547,24390676
2021-10-06,146.4499969482422,147.3000030517578,142.8000030517578,143.3000030517578,121.46318817138672,14421296
2021-10-07,144.1999969482422,145.64999389648438,142.25,142.8000030517578,121.03936767578125,10035682
2021-10-08,143.5500030517578,143.89999389648438,140.3000030517578,141.10000610351562,119.59845733642578,10686586
2021-10-11,142.0,146.75,141.4499969482422,144.8000030517578,122.7345962524414,17449923
2021-10-12,146.0,146.25,143.8000030517578,144.5500030517578,122.52271270751953,16030831
2021-10-13,145.5,147.25,144.6999969482422,146.35000610351562,124.04842376708984,19100941
2021-10-14,147.5,150.60000610351562,146.85000610351562,149.39999389648438,126.63365936279297,29263867
2021-10-18,151.25,151.6999969482422,148.6999969482422,149.5500030517578,126.76078033447266,25346029
2021-10-19,150.9499969482422,152.10000610351562,148.10000610351562,149.64999389648438,126.84554290771484,20234486
2021-10-20,150.64999389648438,150.64999389648438,145.3000030517578,146.25,123.96363067626953,16129487
2021-10-21,147.6999969482422,148.5500030517578,145.89999389648438,147.89999389648438,125.36222076416016,20818539
2021-10-22,147.85000610351562,148.10000610351562,144.0,144.89999389648438,122.81937408447266,11379569
2021-10-25,144.6999969482422,146.25,143.14999389648438,143.89999389648438,121.97177124023438,14079380
2021-10-26,145.3000030517578,145.64999389648438,142.4499969482422,143.1999969482422,121.3784408569336,16224116
2021-10-27,144.0,144.5500030517578,140.85000610351562,141.3000030517578,119.76798248291016,15072448
2021-10-28,141.3000030517578,141.85000610351562,136.3000030517578,137.35000610351562,116.41987609863281,19999659
2021-10-29,131.0,136.89999389648438,128.5500030517578,132.64999389648438,112.43608856201172,29217522
2021-11-01,133.1999969482422,135.3000030517578,130.89999389648438,134.3000030517578,113.83466339111328,10043407
2021-11-02,135.0,140.8000030517578,135.0,136.64999389648438,115.82655334472656,21525811
2021-11-03,137.9499969482422,138.9499969482422,135.5500030517578,136.75,115.91132354736328,9808728
2021-11-04,138.3000030517578,138.3000030517578,136.9499969482422,137.14999389648438,116.25035858154297,1026849
2021-11-08,138.6999969482422,140.60000610351562,136.5500030517578,140.3000030517578,118.92035675048828,12765483
2021-11-09,140.75,141.39999389648438,138.0500030517578,138.5,117.39464569091797,9556650
2021-11-10,138.1999969482422,138.25,136.75,137.39999389648438,116.46227264404297,5479056
2021-11-11,137.5,137.75,134.35000610351562,136.64999389648438,115.82655334472656,11418813
2021-11-12,138.1999969482422,138.1999969482422,134.64999389648438,136.4499969482422,115.65702819824219,9306659
2021-11-15,137.3000030517578,137.64999389648438,136.0,137.14999389648438,116.25035858154297,3991733
2021-11-16,137.6999969482422,137.8000030517578,134.0,134.3000030517578,113.83466339111328,5762128
2021-11-17,134.0,138.0,134.0,136.4499969482422,115.65702819824219,15264066
2021-11-18,136.60000610351562,137.60000610351562,134.75,135.3000030517578,114.68229675292969,9942974
2021-11-22,135.0,136.89999389648438,129.6999969482422,130.14999389648438,110.31706237792969,15990636
2021-11-23,130.0500030517578,133.75,128.14999389648438,133.5,113.15657043457031,11510010
2021-11-24,134.5,137.3000030517578,133.5500030517578,135.35000610351562,114.72465515136719,7570759
2021-11-25,135.5,136.6999969482422,132.3000030517578,135.1999969482422,114.5975112915039,13919886
2021-11-26,133.1999969482422,134.0500030517578,128.0,128.85000610351562,109.21516418457031,13323593
2021-11-29,127.80000305175781,129.35000610351562,125.05000305175781,126.5,107.22327423095703,16077669
2021-11-30,127.80000305175781,129.4499969482422,124.69999694824219,127.25,107.85896301269531,22883512
2021-12-01,130.0,132.9499969482422,125.8499984741211,127.69999694824219,108.24040222167969,17010938
2021-12-02,127.69999694824219,130.3000030517578,126.5999984741211,128.6999969482422,109.0880126953125,12916313
2021-12-03,128.6999969482422,130.25,126.4000015258789,127.0,107.6470718383789,12827354
2021-12-06,127.0,127.5999984741211,124.0,124.3499984741211,105.40088653564453,8158812
2021-12-07,125.0999984741211,126.4000015258789,124.0,125.3499984741211,106.24850463867188,8701301
2021-12-08,124.8499984741211,127.6500015258789,124.8499984741211,127.25,107.85896301269531,12093435
2021-12-09,127.25,127.6500015258789,125.6500015258789,126.05000305175781,106.84184265136719,11518172
2021-12-10,126.0999984741211,126.69999694824219,124.4000015258789,126.1500015258789,106.92660522460938,8389566
2021-12-13,127.5999984741211,128.60000610351562,125.5,125.80000305175781,106.62992858886719,13223189
2021-12-14,125.0,127.44999694824219,125.0,126.3499984741211,107.09612274169922,11649242
2021-12-15,126.1500015258789,128.4499969482422,125.9000015258789,126.69999694824219,107.39277648925781,11916145
2021-12-16,127.55000305175781,128.1999969482422,126.25,127.4000015258789,107.98612213134766,10758513
2021-12-17,127.4000015258789,127.69999694824219,124.0999984741211,125.55000305175781,106.41802978515625,13041775
2021-12-20,124.5,125.44999694824219,119.0999984741211,121.75,103.19709777832031,14185935
2021-12-21,123.55000305175781,124.69999694824219,120.8499984741211,122.19999694824219,103.57852935791016,10168470
2021-12-22,123.05000305175781,123.9000015258789,121.6500015258789,122.55000305175781,103.87518310546875,7885198
2021-12-23,123.0999984741211,125.4000015258789,122.80000305175781,124.55000305175781,105.57041931152344,9836979
2021-12-24,124.80000305175781,125.0,120.9000015258789,121.25,102.77327728271484,8509575
2021-12-27,121.25,122.1500015258789,120.5999984741211,121.8499984741211,103.28186798095703,5097217
2021-12-28,122.0,124.5999984741211,121.94999694824219,124.0999984741211,105.1889877319336,6511374
2021-12-29,124.5999984741211,124.75,122.19999694824219,123.1500015258789,104.38375091552734,8960770
2021-12-30,123.25,127.8499984741211,122.25,126.9000015258789,107.56231689453125,32394253
2021-12-31,126.80000305175781,126.80000305175781,124.0,124.4000015258789,105.44326782226562,9155163
2022-01-03,125.4000015258789,126.55000305175781,124.69999694824219,126.0,106.79945373535156,9034081
2022-01-04,127.0,133.3000030517578,126.75,132.89999389648438,112.64798736572266,33986738
2022-01-05,132.60000610351562,132.85000610351562,130.6999969482422,132.0,111.88514709472656,16122852
2022-01-06,132.35000610351562,132.35000610351562,129.3000030517578,130.89999389648438,110.95275115966797,8037648
2022-01-07,131.3000030517578,132.1999969482422,129.4499969482422,131.35000610351562,111.33419799804688,8820039
2022-01-10,131.9499969482422,132.3000030517578,130.75,131.85000610351562,111.75799560546875,7324926
2022-01-11,132.14999389648438,134.0,131.0,132.3000030517578,112.13941955566406,11971883
2022-01-12,133.35000610351562,134.1999969482422,132.35000610351562,133.85000610351562,113.45323944091797,10439580
2022-01-13,134.39999389648438,136.64999389648438,133.5,134.9499969482422,114.38560485839844,15114699
2022-01-14,134.39999389648438,136.14999389648438,133.3000030517578,135.35000610351562,114.72465515136719,9344382
2022-01-17,134.64999389648438,137.35000610351562,134.4499969482422,136.60000610351562,115.7841796875,9803141
2022-01-18,136.60000610351562,137.75,134.39999389648438,135.0,114.42798614501953,6473378
2022-01-19,134.10000610351562,135.3000030517578,132.9499969482422,134.8000030517578,114.25846099853516,21136414
2022-01-20,134.5,136.35000610351562,134.14999389648438,134.89999389648438,114.34321594238281,8466412
2022-01-21,134.0500030517578,136.10000610351562,132.5500030517578,134.10000610351562,113.66513061523438,12437749
2022-01-24,133.0,135.25,131.0,132.60000610351562,112.39372253417969,14284658
2022-01-25,131.1999969482422,135.64999389648438,131.0500030517578,135.3000030517578,114.68229675292969,10007486
2022-01-27,134.1999969482422,136.0,133.14999389648438,135.0,114.42798614501953,18760325
2022-01-28,140.0,144.0,138.0,140.14999389648438,118.79319763183594,34009553
2022-01-31,142.0,143.39999389648438,138.5500030517578,142.0500030517578,120.40369415283203,27928927
2022-02-01,144.0,144.14999389648438,140.4499969482422,141.14999389648438,119.64080810546875,17413984
2022-02-02,142.0,142.75,140.75,141.14999389648438,119.64080810546875,10783943
2022-02-03,137.5,138.60000610351562,136.3000030517578,136.64999389648438,119.20465850830078,9571728
2022-02-04,137.0,137.4499969482422,133.89999389648438,134.1999969482422,117.06742095947266,7213085
2022-02-07,134.1999969482422,136.35000610351562,134.1999969482422,135.14999389648438,117.8961410522461,10562489
2022-02-08,135.4499969482422,135.64999389648438,132.8000030517578,135.0,117.76529693603516,8721631
2022-02-09,135.3000030517578,135.60000610351562,133.85000610351562,135.0500030517578,117.80892181396484,5144026
2022-02-10,135.14999389648438,136.85000610351562,134.3000030517578,136.4499969482422,119.03018188476562,6081460
2022-02-11,134.4499969482422,137.6999969482422,134.4499969482422,137.14999389648438,119.64082336425781,8426925
2022-02-14,134.6999969482422,136.4499969482422,131.8000030517578,132.5,115.5844497680664,7705072
2022-02-15,132.10000610351562,135.8000030517578,130.64999389648438,135.35000610351562,118.07061767578125,12674466
2022-02-16,134.89999389648438,136.6999969482422,132.85000610351562,133.1999969482422,116.19509887695312,12946623
2022-02-17,134.5,134.89999389648438,132.4499969482422,132.75,115.80253601074219,5811964
2022-02-18,132.75,134.10000610351562,131.89999389648438,132.35000610351562,115.45361328125,6760078
2022-02-21,132.39999389648438,134.14999389648438,131.14999389648438,131.9499969482422,115.10466766357422,12212740
2022-02-22,131.0500030517578,132.5,127.9000015258789,132.10000610351562,115.23552703857422,13578566
2022-02-23,132.0,133.4499969482422,129.85000610351562,130.1999969482422,113.57807922363281,9263264
2022-02-24,127.0,129.0,123.6500015258789,124.4000015258789,108.51853942871094,18045779
2022-02-25,125.0,131.0,125.0,130.35000610351562,113.70893096923828,10424521
2022-02-28,128.9499969482422,133.9499969482422,128.8000030517578,133.5,116.45680236816406,13262687
2022-03-02,132.8000030517578,135.0,130.4499969482422,130.9499969482422,114.23231506347656,12587947
2022-03-03,132.10000610351562,133.4499969482422,130.25,132.10000610351562,115.23552703857422,15628119
2022-03-04,132.0,133.35000610351562,129.75,130.1999969482422,113.57807922363281,15883138
2022-03-07,129.0,130.5,126.9000015258789,130.0500030517578,113.44723510742188,14985637
2022-03-08,130.5,135.8000030517578,130.5,133.75,116.67488098144531,28572640
2022-03-09,133.9499969482422,133.9499969482422,131.10000610351562,131.5,114.71212768554688,14286413
2022-03-10,132.89999389648438,135.0,131.9499969482422,132.9499969482422,115.97701263427734,13101323
2022-03-11,132.89999389648438,133.39999389648438,131.5,131.9499969482422,115.10466766357422,8669803
2022-03-14,131.9499969482422,132.89999389648438,130.75,132.14999389648438,115.27913665771484,5670284
2022-03-15,131.3000030517578,132.9499969482422,130.64999389648438,131.0500030517578,114.31958770751953,6895190
2022-03-16,132.39999389648438,133.0,131.5500030517578,132.75,115.80253601074219,5561866
2022-03-17,133.5,134.3000030517578,131.89999389648438,132.89999389648438,115.93338775634766,13995384
2022-03-21,132.89999389648438,133.39999389648438,131.6999969482422,132.89999389648438,115.93338775634766,9172207
2022-03-22,133.3000030517578,134.14999389648438,131.75,132.85000610351562,115.8897933959961,10343712
2022-03-23,132.89999389648438,133.75,132.1999969482422,133.4499969482422,116.41316223144531,11892811
2022-03-24,133.5,135.6999969482422,133.35000610351562,135.39999389648438,118.1142349243164,11276181
2022-03-25,136.0,136.14999389648438,134.1999969482422,134.75,117.5472412109375,7266868
2022-03-28,135.5,135.5,133.8000030517578,134.8000030517578,117.59082794189453,7778682
2022-03-29,135.0,135.3000030517578,133.89999389648438,134.35000610351562,117.19828796386719,5116935
2022-03-30,135.0,135.9499969482422,133.4499969482422,135.3000030517578,118.02702331542969,24047012
2022-03-31,134.3000030517578,135.60000610351562,134.3000030517578,135.0,117.76529693603516,11615450
2022-04-01,138.0,143.4499969482422,136.8000030517578,142.9499969482422,124.70037078857422,32589741
2022-04-04,141.85000610351562,146.0,141.5,144.3000030517578,125.87800598144531,15437496
2022-04-05,145.39999389648438,150.60000610351562,144.75,149.10000610351562,130.0652313232422,23958626
2022-04-06,150.35000610351562,155.3000030517578,148.3000030517578,153.0,133.4673309326172,52737388
2022-04-07,152.9499969482422,158.0,152.1999969482422,153.5,133.9035186767578,37738903
2022-04-08,154.89999389648438,154.89999389648438,151.1999969482422,152.0500030517578,132.6385955810547,17585569
2022-04-11,152.4499969482422,154.60000610351562,151.85000610351562,153.10000610351562,133.55458068847656,15583159
2022-04-12,152.6999969482422,153.60000610351562,150.85000610351562,152.60000610351562,133.11837768554688,11306524
2022-04-13,153.0500030517578,156.1999969482422,152.75,153.9499969482422,134.2960662841797,19454061
2022-04-18,154.89999389648438,163.75,154.5,163.1999969482422,142.36517333984375,82098517
2022-04-19,164.89999389648438,166.35000610351562,159.5,160.64999389648438,140.14071655273438,38522118
2022-04-20,162.14999389648438,163.1999969482422,159.0,160.5,140.00982666015625,20047692
2022-04-21,161.60000610351562,163.39999389648438,160.35000610351562,162.6999969482422,141.92898559570312,21966151
2022-04-22,161.25,163.0,159.85000610351562,160.4499969482422,139.9662322998047,9922564
2022-04-25,158.60000610351562,160.89999389648438,155.39999389648438,156.10000610351562,136.17156982421875,12008027
2022-04-26,157.60000610351562,158.4499969482422,156.0,157.0,136.9567108154297,11735823
2022-04-27,156.8000030517578,159.60000610351562,155.1999969482422,155.64999389648438,135.7790069580078,17873048
2022-04-28,158.0,160.10000610351562,155.25,159.6999969482422,139.31199645996094,29123808
2022-04-29,160.39999389648438,161.0,155.6999969482422,156.1999969482422,136.25880432128906,28941216
2022-05-02,154.60000610351562,158.35000610351562,153.0,157.5,137.39283752441406,13368198
2022-05-04,158.0,161.89999389648438,157.3000030517578,158.64999389648438,138.39599609375,24511385
2022-05-05,159.60000610351562,160.75,157.0,158.39999389648438,138.1779327392578,33396072
2022-05-06,156.4499969482422,160.35000610351562,156.0500030517578,159.0,138.70135498046875,22604305
2022-05-09,158.9499969482422,159.8000030517578,155.9499969482422,159.0,138.70135498046875,22958742
2022-05-10,158.9499969482422,161.25,154.5,155.4499969482422,135.60455322265625,20322427
2022-05-11,154.0500030517578,156.9499969482422,150.0500030517578,152.5500030517578,133.0747833251953,13794764
2022-05-12,151.10000610351562,153.0,148.0,148.5500030517578,129.58543395996094,11818556
2022-05-13,150.0,150.0,143.5,144.14999389648438,125.74716186523438,22913410
2022-05-16,143.39999389648438,148.89999389648438,141.64999389648438,148.25,129.32373046875,16286682
2022-05-17,147.5,150.75,146.3000030517578,150.5,131.2864990234375,13925542
2022-05-18,150.5,150.89999389648438,147.1999969482422,148.5,129.54183959960938,17611218
2022-05-19,147.5,148.5500030517578,145.75,148.0,129.1056671142578,11701170
2022-05-20,150.9499969482422,150.9499969482422,147.64999389648438,149.60000610351562,130.5014190673828,17841739
2022-05-23,154.39999389648438,155.35000610351562,148.39999389648438,150.14999389648438,130.981201171875,26055890
2022-05-24,150.14999389648438,151.85000610351562,146.3000030517578,146.89999389648438,128.14608764648438,16581141
2022-05-25,148.39999389648438,153.14999389648438,147.39999389648438,152.64999389648438,133.16200256347656,19926619
2022-05-26,153.14999389648438,155.10000610351562,150.60000610351562,154.14999389648438,134.47052001953125,22698086
2022-05-27,155.0,155.0,149.5,150.4499969482422,131.2428741455078,10245727
2022-05-30,150.0500030517578,152.5,148.8000030517578,150.89999389648438,131.63543701171875,12513990
2022-05-31,151.10000610351562,158.0,150.35000610351562,156.0,136.08436584472656,124665699
2022-06-01,156.4499969482422,160.1999969482422,156.25,156.8000030517578,136.7822265625,16084988
2022-06-02,155.5,159.3000030517578,154.25,159.0500030517578,138.74497985839844,17646975
2022-06-03,159.0,159.4499969482422,154.6999969482422,155.0,135.21200561523438,14063328
2022-06-06,155.8000030517578,158.64999389648438,154.60000610351562,155.1999969482422,135.386474609375,18485464
2022-06-07,155.1999969482422,157.6999969482422,153.5,157.25,137.17474365234375,14911957
2022-06-08,156.10000610351562,159.75,156.10000610351562,157.0500030517578,137.00027465820312,16416591
2022-06-09,155.3000030517578,158.0,154.6999969482422,155.14999389648438,135.34286499023438,13821409
2022-06-10,154.10000610351562,156.60000610351562,154.0,155.25,135.43008422851562,7908849
2022-06-13,154.0,154.89999389648438,147.75,148.89999389648438,129.8907470703125,19208167
2022-06-14,148.89999389648438,152.4499969482422,148.89999389648438,151.39999389648438,132.07159423828125,17034328
2022-06-15,152.5500030517578,153.6999969482422,147.5500030517578,148.14999389648438,129.23648071289062,15172295
2022-06-16,150.10000610351562,150.14999389648438,142.0,142.9499969482422,124.70037078857422,18494040
2022-06-17,141.10000610351562,144.4499969482422,139.5500030517578,140.4499969482422,122.51951599121094,21387729
2022-06-20,140.4499969482422,141.39999389648438,135.0,137.25,119.72805786132812,16578770
2022-06-21,138.1999969482422,141.25,137.75,139.9499969482422,122.0833511352539,51398446
2022-06-22,139.9499969482422,139.9499969482422,136.5500030517578,137.64999389648438,120.07697296142578,8317317
2022-06-23,137.89999389648438,139.14999389648438,135.64999389648438,136.5,119.07379913330078,11257409
2022-06-24,137.89999389648438,137.89999389648438,134.9499969482422,136.60000610351562,119.16104888916016,21879039
2022-06-27,137.25,139.0500030517578,136.75,138.5,120.8184814453125,12872030
2022-06-28,138.5,139.3000030517578,137.14999389648438,138.60000610351562,120.90570831298828,14272044
2022-06-29,137.8000030517578,143.10000610351562,136.8000030517578,141.75,123.65357208251953,53487394
2022-06-30,142.3000030517578,143.9499969482422,141.14999389648438,142.89999389648438,124.65675354003906,19270932
2022-07-01,142.0,143.1999969482422,139.75,140.64999389648438,122.69401550292969,9592229
2022-07-04,139.35000610351562,142.1999969482422,139.35000610351562,141.39999389648438,123.3482437133789,17526429
2022-07-05,141.39999389648438,144.25,140.1999969482422,140.85000610351562,122.86846160888672,11370649
2022-07-06,141.5,142.0,136.10000610351562,138.9499969482422,121.21102142333984,15929985
2022-07-07,140.0,142.75,139.5,140.4499969482422,122.51951599121094,18144208
2022-07-08,141.0,144.1999969482422,141.0,143.6999969482422,125.35459899902344,15375888
2022-07-11,144.0,147.0,143.60000610351562,144.8000030517578,126.31417083740234,16779135
2022-07-12,144.0500030517578,148.10000610351562,144.0500030517578,147.10000610351562,128.32057189941406,19138561
2022-07-13,147.75,149.35000610351562,147.5,148.60000610351562,129.62905883789062,13644449
2022-07-14,149.0,149.3000030517578,147.0,148.3000030517578,129.36737060546875,9775869
2022-07-15,148.4499969482422,150.14999389648438,148.14999389648438,149.75,130.63223266601562,11518139
2022-07-18,151.39999389648438,151.5500030517578,149.3000030517578,149.8000030517578,130.6758575439453,8286352
2022-07-19,149.8000030517578,151.1999969482422,149.25,150.75,131.5045928955078,6798359
2022-07-20,152.10000610351562,152.25,150.14999389648438,150.5500030517578,131.33010864257812,7271345
2022-07-21,151.0,151.25,150.0,150.85000610351562,131.591796875,7521568
2022-07-22,151.0,151.39999389648438,148.14999389648438,148.9499969482422,129.9343719482422,6800124
2022-07-25,149.1999969482422,150.4499969482422,147.35000610351562,150.10000610351562,130.9375762939453,7996687
2022-07-26,150.0,150.9499969482422,149.14999389648438,150.0,130.85031127929688,5774871
2022-07-27,149.5500030517578,150.5500030517578,149.0500030517578,149.6999969482422,130.588623046875,5403197
2022-07-28,150.0500030517578,150.9499969482422,149.0500030517578,150.35000610351562,131.15567016601562,6030744
2022-07-29,150.9499969482422,154.4499969482422,150.4499969482422,152.9499969482422,133.42372131347656,11771461
2022-08-01,152.89999389648438,157.6999969482422,151.0,156.5,136.5205078125,14221965
2022-08-02,157.10000610351562,160.10000610351562,156.5500030517578,159.5500030517578,139.18113708496094,18278835
2022-08-03,160.0500030517578,160.9499969482422,157.1999969482422,159.64999389648438,139.2683563232422,10147608
2022-08-04,159.6999969482422,160.5,153.0500030517578,154.6999969482422,134.95033264160156,15754128
2022-08-05,154.39999389648438,157.14999389648438,153.0,155.60000610351562,135.7353973388672,33864055
2022-08-08,155.5,160.0,154.9499969482422,159.39999389648438,139.05029296875,16964235
2022-08-10,156.89999389648438,157.14999389648438,155.0,155.75,138.472412109375,14055597
2022-08-11,156.1999969482422,156.85000610351562,152.85000610351562,153.64999389648438,136.60533142089844,15810624
2022-08-12,153.6999969482422,159.0,152.60000610351562,158.5,140.91734313964844,17998843
2022-08-16,159.0,159.8000030517578,156.9499969482422,158.75,141.1395721435547,8309725
2022-08-17,159.0,163.64999389648438,159.0,161.4499969482422,143.5400848388672,19674110
2022-08-18,161.4499969482422,162.64999389648438,159.89999389648438,160.8000030517578,142.96218872070312,9585888
2022-08-19,161.0500030517578,161.64999389648438,157.14999389648438,157.75,140.25054931640625,9599472
2022-08-22,157.3000030517578,158.9499969482422,156.0,156.5,139.13919067382812,11400211
2022-08-23,156.4499969482422,159.1999969482422,155.64999389648438,158.64999389648438,141.0506591796875,14362373
2022-08-24,158.89999389648438,163.0,158.0,160.8000030517578,142.96218872070312,20602844
2022-08-25,161.35000610351562,161.9499969482422,158.4499969482422,158.89999389648438,141.27294921875,12889454
2022-08-26,159.0,164.6999969482422,158.89999389648438,163.39999389648438,145.27374267578125,30724938
2022-08-29,161.8000030517578,163.39999389648438,160.6999969482422,160.9499969482422,143.09552001953125,10928330
2022-08-30,161.8000030517578,165.4499969482422,161.5500030517578,164.0,145.80718994140625,24663153
2022-09-01,161.5,164.25,160.3000030517578,160.6999969482422,142.87327575683594,14554158
2022-09-02,163.0,166.39999389648438,161.25,161.8000030517578,143.8512725830078,25106698
2022-09-05,162.60000610351562,165.10000610351562,162.1999969482422,164.5,146.25173950195312,15226001
2022-09-06,165.8000030517578,168.85000610351562,164.8000030517578,168.4499969482422,149.7635498046875,27866331
2022-09-07,168.5,170.14999389648438,166.64999389648438,167.3000030517578,148.7411346435547,19415892
2022-09-08,168.0,169.1999969482422,165.9499969482422,166.8000030517578,148.29660034179688,11595205
2022-09-09,167.64999389648438,169.35000610351562,165.9499969482422,166.60000610351562,148.1187744140625,16415150
2022-09-12,167.4499969482422,168.10000610351562,165.5,166.39999389648438,147.9409942626953,15469466
2022-09-13,166.9499969482422,168.9499969482422,165.64999389648438,167.39999389648438,148.83004760742188,15644741
2022-09-14,165.0,173.0500030517578,165.0,172.35000610351562,153.23092651367188,38751148
2022-09-15,174.39999389648438,176.14999389648438,172.64999389648438,175.10000610351562,155.6758575439453,29483891
2022-09-16,173.9499969482422,174.6999969482422,171.3000030517578,172.8000030517578,153.63101196289062,26126152
2022-09-19,173.5,174.10000610351562,170.5500030517578,171.0,152.0307159423828,13304030
2022-09-20,171.89999389648438,173.14999389648438,170.89999389648438,171.89999389648438,152.83084106445312,15395199
2022-09-21,171.0,172.0500030517578,168.14999389648438,168.60000610351562,149.89694213867188,7370283
2022-09-22,167.0,169.64999389648438,166.85000610351562,168.64999389648438,149.94137573242188,7447846
2022-09-23,167.14999389648438,168.5,162.64999389648438,163.9499969482422,145.7627410888672,12264388
2022-09-26,162.4499969482422,163.85000610351562,156.60000610351562,158.60000610351562,141.00624084472656,21951865
2022-09-27,159.39999389648438,161.64999389648438,157.5,159.0,141.36187744140625,8367800
2022-09-28,157.8000030517578,159.4499969482422,155.0,157.9499969482422,140.42831420898438,14261815
2022-09-29,158.75,161.6999969482422,158.0,159.5500030517578,141.85086059570312,17623352
2022-09-30,160.0,161.5500030517578,157.39999389648438,159.64999389648438,141.93975830078125,12015533
2022-10-03,159.85000610351562,164.10000610351562,158.9499969482422,160.35000610351562,142.56211853027344,10528629
2022-10-04,161.9499969482422,164.0,161.35000610351562,162.5500030517578,144.51803588867188,9013773
2022-10-06,164.25,165.10000610351562,162.39999389648438,162.89999389648438,144.82923889160156,6456408
2022-10-07,163.10000610351562,164.85000610351562,161.35000610351562,164.3000030517578,146.07394409179688,8825983
2022-10-10,162.6999969482422,165.60000610351562,161.85000610351562,163.9499969482422,145.7627410888672,10484521
2022-10-11,164.39999389648438,164.39999389648438,160.3000030517578,161.0500030517578,143.1844482421875,13805741
2022-10-12,161.89999389648438,165.3000030517578,161.14999389648438,165.0,146.69627380371094,12496248
2022-10-13,164.85000610351562,166.8000030517578,164.25,164.75,146.47401428222656,9447511
2022-10-14,166.25,167.5,164.85000610351562,165.10000610351562,146.78518676757812,9588164
2022-10-17,165.10000610351562,169.0500030517578,164.0,168.4499969482422,149.7635498046875,13426449
2022-10-18,168.9499969482422,169.4499969482422,166.39999389648438,166.9499969482422,148.4299774169922,20635735
2022-10-19,166.5,168.10000610351562,163.85000610351562,164.0500030517578,145.85165405273438,6947654
2022-10-20,164.0,167.89999389648438,161.5,166.9499969482422,148.4299774169922,12020720
2022-10-21,167.5,168.4499969482422,164.5,165.0500030517578,146.74072265625,7414335
2022-10-24,166.9499969482422,167.9499969482422,166.25,166.9499969482422,148.4299774169922,685185
2022-10-25,167.4499969482422,169.6999969482422,165.4499969482422,169.35000610351562,150.56373596191406,8131380
2022-10-27,169.89999389648438,171.5,167.5500030517578,170.64999389648438,151.719482421875,16225577
2022-10-28,170.64999389648438,174.6999969482422,169.89999389648438,174.0500030517578,154.74234008789062,16185760
2022-10-31,169.89999389648438,174.0,169.0500030517578,173.10000610351562,153.89772033691406,24233760
2022-11-01,174.0,182.9499969482422,173.5,181.8000030517578,161.6326141357422,41101936
2022-11-02,181.89999389648438,182.6999969482422,180.0,180.9499969482422,160.8769073486328,22146420
2022-11-03,179.35000610351562,181.85000610351562,177.25,178.14999389648438,158.3874969482422,16719953
2022-11-04,179.0500030517578,179.5,176.35000610351562,176.9499969482422,157.3206329345703,14881752
2022-11-07,177.85000610351562,179.5,174.85000610351562,175.85000610351562,156.34266662597656,12799401
2022-11-09,177.75,177.75,172.25,173.39999389648438,154.16444396972656,14929008
2022-11-10,173.5,174.1999969482422,170.5500030517578,172.10000610351562,153.00863647460938,10668583
2022-11-11,173.0,173.60000610351562,169.64999389648438,171.4499969482422,152.43077087402344,16963169
2022-11-14,172.35000610351562,173.39999389648438,171.10000610351562,171.4499969482422,152.43077087402344,10224241
2022-11-15,172.3000030517578,174.14999389648438,171.39999389648438,172.10000610351562,153.00863647460938,13899999
2022-11-16,172.10000610351562,172.9499969482422,169.14999389648438,169.9499969482422,151.09716796875,9781274
2022-11-17,169.9499969482422,170.8000030517578,167.5,168.3000030517578,149.63018798828125,12778124
2022-11-18,168.5500030517578,169.0500030517578,165.10000610351562,165.85000610351562,147.45199584960938,11134908
2022-11-21,165.0,166.1999969482422,164.14999389648438,164.39999389648438,146.16282653808594,12788632
2022-11-22,165.25,167.5,164.85000610351562,167.0500030517578,148.5188751220703,15198091
2022-11-23,167.85000610351562,168.25,166.25,168.0500030517578,149.40794372558594,12004998
2022-11-24,168.6999969482422,170.0,167.60000610351562,169.5,150.69708251953125,10986350
2022-11-25,170.25,171.25,168.60000610351562,169.75,150.91934204101562,12358833
2022-11-28,170.0,171.89999389648438,169.39999389648438,170.39999389648438,151.49722290039062,5471921
2022-11-29,171.0,171.60000610351562,169.0500030517578,170.14999389648438,151.27496337890625,7693168
2022-11-30,170.10000610351562,172.85000610351562,169.75,172.1999969482422,153.0975799560547,9133076
2022-12-01,173.5,173.64999389648438,170.85000610351562,172.1999969482422,153.0975799560547,9214914
2022-12-02,172.39999389648438,172.85000610351562,171.14999389648438,172.14999389648438,153.05311584472656,6376672
2022-12-05,173.0500030517578,175.64999389648438,171.39999389648438,175.14999389648438,155.72027587890625,9861212
2022-12-06,175.60000610351562,176.0,173.85000610351562,175.1999969482422,155.76475524902344,7008295
2022-12-07,174.10000610351562,175.0,171.3000030517578,171.85000610351562,152.78639221191406,7718718
2022-12-08,171.85000610351562,172.4499969482422,170.0,170.35000610351562,151.4528045654297,4225180
2022-12-09,171.1999969482422,171.75,168.0,169.5,150.69708251953125,6174919
2022-12-12,170.0,170.0,167.5500030517578,168.89999389648438,150.16363525390625,7153044
2022-12-13,169.75,170.0,168.0500030517578,169.1999969482422,150.4303741455078,5166993
2022-12-14,169.9499969482422,173.6999969482422,169.4499969482422,171.60000610351562,152.5641326904297,8562333
2022-12-15,172.0,174.0500030517578,171.6999969482422,172.10000610351562,153.00863647460938,10644546
2022-12-16,171.89999389648438,173.10000610351562,169.0500030517578,169.8000030517578,150.96380615234375,9433166
2022-12-19,169.8000030517578,172.25,169.5,171.8000030517578,152.74195861816406,7706855
2022-12-20,171.14999389648438,171.4499969482422,168.5500030517578,169.75,150.91934204101562,7387632
2022-12-21,170.0,171.0500030517578,166.60000610351562,167.9499969482422,149.3190155029297,8454254
2022-12-22,168.5,168.64999389648438,164.5500030517578,165.89999389648438,147.49644470214844,6979001
2022-12-23,164.3000030517578,166.35000610351562,162.35000610351562,163.0,144.91812133789062,5313321
2022-12-26,162.0,167.75,161.89999389648438,165.64999389648438,147.274169921875,8321609
2022-12-27,167.0,168.1999969482422,164.5500030517578,165.1999969482422,146.8740997314453,9244387
2022-12-28,165.0,167.60000610351562,164.8000030517578,165.85000610351562,147.45199584960938,9652984
2022-12-29,165.0,167.39999389648438,164.0,166.75,148.25213623046875,19571340
2022-12-30,166.75,167.8000030517578,166.0,166.4499969482422,147.9854278564453,8626291
2023-01-02,167.0500030517578,168.5500030517578,166.39999389648438,168.0,149.36349487304688,7322962
2023-01-03,168.0,169.1999969482422,166.8000030517578,167.60000610351562,149.0078582763672,9629995
2023-01-04,167.85000610351562,168.5,164.6999969482422,166.60000610351562,148.1187744140625,11995082
2023-01-05,168.0,170.35000610351562,167.14999389648438,169.89999389648438,151.05270385742188,18887530
2023-01-06,170.4499969482422,172.14999389648438,168.5500030517578,169.0,150.25254821777344,13216749
2023-01-09,170.25,171.0,169.4499969482422,170.39999389648438,151.49722290039062,6012344
2023-01-10,170.39999389648438,170.6999969482422,167.14999389648438,167.9499969482422,149.3190155029297,7557693
2023-01-11,168.4499969482422,168.8000030517578,165.5,166.0500030517578,147.62977600097656,8463293
2023-01-12,166.89999389648438,167.1999969482422,165.5500030517578,165.9499969482422,147.5408935546875,7628932
2023-01-13,166.1999969482422,168.14999389648438,165.5,167.8000030517578,149.18563842773438,5090393
2023-01-16,168.64999389648438,168.64999389648438,164.64999389648438,165.9499969482422,147.5408935546875,10321015
2023-01-17,166.60000610351562,168.1999969482422,165.8000030517578,167.6999969482422,149.09674072265625,13015434
2023-01-18,167.5,169.6999969482422,167.10000610351562,169.4499969482422,150.65261840820312,5536057
2023-01-19,170.39999389648438,170.39999389648438,167.3000030517578,168.6999969482422,149.98585510253906,6812613
2023-01-20,169.89999389648438,169.89999389648438,167.64999389648438,168.6999969482422,149.98585510253906,8545359
2023-01-23,169.39999389648438,169.5,166.0,166.85000610351562,148.34104919433594,7787735
2023-01-24,167.1999969482422,167.5500030517578,165.39999389648438,166.0500030517578,147.62977600097656,7033092
2023-01-25,166.0,166.60000610351562,164.39999389648438,165.89999389648438,147.49644470214844,9257370
2023-01-27,166.25,167.0500030517578,164.0,166.3000030517578,147.85206604003906,13756671
2023-01-30,167.60000610351562,172.25,167.10000610351562,168.85000610351562,150.1191864013672,30768122
2023-01-31,169.85000610351562,172.64999389648438,167.35000610351562,171.14999389648438,152.16403198242188,24990701
2023-02-01,172.25,173.8000030517578,167.1999969482422,170.0,151.1416015625,13878016
2023-02-02,170.0,170.85000610351562,165.5,166.89999389648438,148.385498046875,19898080
2023-02-03,164.5,166.4499969482422,162.5500030517578,165.5500030517578,151.03115844726562,11730514
2023-02-06,164.5,166.85000610351562,164.0500030517578,166.0500030517578,151.48731994628906,7588936
2023-02-07,166.5,167.6999969482422,164.3000030517578,165.25,150.7574920654297,8699758
2023-02-08,165.60000610351562,165.75,164.10000610351562,165.5,150.98556518554688,8839686
2023-02-09,165.9499969482422,166.64999389648438,164.64999389648438,166.0,151.4416961669922,5507650
2023-02-10,165.10000610351562,165.8000030517578,164.10000610351562,165.0,150.5294189453125,9468345
2023-02-13,165.10000610351562,168.1999969482422,164.8000030517578,167.85000610351562,153.1294708251953,9829152
2023-02-14,168.5,168.5,164.85000610351562,166.0500030517578,151.48731994628906,12916373
2023-02-15,166.0,166.5,164.1999969482422,165.8000030517578,151.25924682617188,11855678
2023-02-16,166.0,167.6999969482422,165.60000610351562,167.39999389648438,152.71893310546875,7923121
2023-02-17,167.0,169.64999389648438,166.4499969482422,168.0500030517578,153.3119354248047,10182025
2023-02-20,167.6999969482422,170.0,167.25,167.89999389648438,153.17507934570312,6679716
2023-02-21,169.0500030517578,174.25,169.0500030517578,173.25,158.05587768554688,26883881
2023-02-22,172.9499969482422,173.1999969482422,168.5,170.5,155.54705810546875,12225021
2023-02-23,170.9499969482422,171.64999389648438,169.0,169.60000610351562,154.7259979248047,11184381
2023-02-24,170.25,171.1999969482422,169.39999389648438,171.0,156.0032196044922,8338893
2023-02-27,171.14999389648438,173.5,170.5,172.39999389648438,157.28041076660156,17669762
2023-02-28,172.8000030517578,173.0,169.85000610351562,170.5,155.54705810546875,19044910
2023-03-01,170.9499969482422,173.0500030517578,169.9499969482422,172.25,157.14358520507812,9318790
2023-03-02,172.1999969482422,172.1999969482422,170.25,170.8000030517578,155.82073974609375,7725981
2023-03-03,172.0,175.0,171.5,172.60000610351562,157.46292114257812,12962719
2023-03-06,172.89999389648438,177.5,172.6999969482422,176.8000030517578,161.2945556640625,12402804
2023-03-08,175.6999969482422,179.14999389648438,175.4499969482422,178.85000610351562,163.16476440429688,22099710
2023-03-09,178.39999389648438,182.1999969482422,178.0,179.4499969482422,163.71214294433594,18874546
2023-03-10,178.0,181.0,177.8000030517578,180.75,164.89813232421875,12399692
2023-03-13,181.3000030517578,181.5500030517578,179.4499969482422,179.6999969482422,163.94021606445312,13669178
2023-03-14,178.64999389648438,181.0,177.1999969482422,177.89999389648438,162.2980194091797,9217542
2023-03-15,179.4499969482422,179.5500030517578,177.75,178.1999969482422,162.5717315673828,8548173
2023-03-16,178.1999969482422,180.0,176.9499969482422,179.60000610351562,163.8489990234375,9405016
2023-03-17,181.6999969482422,181.6999969482422,175.89999389648438,176.9499969482422,161.43141174316406,47276890
2023-03-20,177.5500030517578,177.5500030517578,174.9499969482422,176.0,160.56471252441406,5627841
2023-03-21,176.85000610351562,177.5500030517578,175.3000030517578,177.10000610351562,161.56822204589844,12894327
2023-03-22,177.8000030517578,177.8000030517578,173.8000030517578,174.35000610351562,159.05941772460938,7893205
2023-03-23,174.0500030517578,175.85000610351562,173.6999969482422,174.60000610351562,159.2874755859375,5759884
2023-03-24,175.1999969482422,175.1999969482422,172.35000610351562,172.6999969482422,157.5541229248047,4977283
2023-03-27,172.64999389648438,173.9499969482422,170.6999969482422,171.25,156.23126220703125,12077986
2023-03-28,171.35000610351562,173.0,170.5,172.0,156.9154815673828,8750986
2023-03-29,172.64999389648438,175.39999389648438,171.6999969482422,174.0,158.74009704589844,20272070
2023-03-31,174.8000030517578,177.25,174.60000610351562,175.10000610351562,159.74362182617188,8125121
2023-04-03,175.60000610351562,178.10000610351562,175.4499969482422,177.8000030517578,162.20684814453125,9098662
2023-04-05,178.3000030517578,178.3000030517578,175.14999389648438,175.89999389648438,160.4734649658203,10829323
2023-04-06,176.39999389648438,176.60000610351562,174.85000610351562,175.1999969482422,159.8348388671875,7159274
2023-04-10,175.85000610351562,178.0,175.1999969482422,177.60000610351562,162.02439880371094,10968456
2023-04-11,178.10000610351562,179.75,176.5500030517578,178.10000610351562,162.48056030273438,9208605
2023-04-12,178.0,178.3000030517578,175.3000030517578,175.8000030517578,160.38223266601562,7591360
2023-04-13,176.0,176.10000610351562,172.3000030517578,173.0500030517578,157.8734130859375,9944382
2023-04-17,172.35000610351562,173.9499969482422,169.25,169.60000610351562,154.7259979248047,17401126
2023-04-18,170.0,170.75,169.0,170.10000610351562,155.18212890625,16199789
2023-04-19,168.75,169.9499969482422,166.8000030517578,167.10000610351562,152.44525146484375,16314641
2023-04-20,167.10000610351562,170.1999969482422,166.8000030517578,169.6999969482422,154.8172149658203,15498083
2023-04-21,169.64999389648438,169.9499969482422,168.39999389648438,169.6999969482422,154.8172149658203,6672391
2023-04-24,168.5,171.25,168.1999969482422,170.9499969482422,155.9575958251953,8088991
2023-04-25,171.3000030517578,172.4499969482422,170.35000610351562,171.10000610351562,156.09445190429688,9175412
2023-04-26,171.10000610351562,171.6999969482422,169.5,169.85000610351562,154.95408630371094,9032416
2023-04-27,170.0,171.35000610351562,168.8000030517578,170.9499969482422,155.9575958251953,9054900
2023-04-28,171.89999389648438,172.5,169.60000610351562,172.0,156.9154815673828,21552892
2023-05-02,172.64999389648438,176.0,172.5500030517578,175.60000610351562,160.1997833251953,8893428
2023-05-03,175.60000610351562,178.64999389648438,175.10000610351562,176.35000610351562,160.88400268554688,11194149
2023-05-04,176.4499969482422,177.4499969482422,174.8000030517578,176.35000610351562,160.88400268554688,4671155
2023-05-05,176.35000610351562,176.39999389648438,173.0,174.25,158.96817016601562,5958697
2023-05-08,174.8000030517578,177.5500030517578,174.5,177.0500030517578,161.52264404296875,6287186
2023-05-09,177.1999969482422,178.64999389648438,175.1999969482422,176.0,160.56471252441406,7918748
2023-05-10,176.0,177.35000610351562,174.9499969482422,177.0500030517578,161.52264404296875,6231734
2023-05-11,177.60000610351562,180.0,176.9499969482422,179.5500030517578,163.80332946777344,12125975
2023-05-12,179.10000610351562,179.25,174.5,174.9499969482422,159.60678100585938,8920297
2023-05-15,174.0,176.75,173.85000610351562,175.9499969482422,160.5190887451172,7980565
2023-05-16,176.89999389648438,178.0,175.5,177.4499969482422,161.8875274658203,7874923
2023-05-17,177.4499969482422,177.85000610351562,175.0500030517578,176.0,160.56471252441406,6639494
2023-05-18,177.0,177.6999969482422,174.64999389648438,175.10000610351562,159.74362182617188,6921939
2023-05-19,175.0,175.35000610351562,172.9499969482422,173.3000030517578,158.1015167236328,6657753
2023-05-22,173.3000030517578,177.0500030517578,173.14999389648438,174.10000610351562,158.83135986328125,13339834
2023-05-23,174.9499969482422,175.64999389648438,172.8000030517578,174.14999389648438,158.87693786621094,8359389
2023-05-24,174.0,175.3000030517578,173.4499969482422,174.9499969482422,159.60678100585938,8507023
2023-05-25,174.9499969482422,175.5500030517578,173.39999389648438,174.5,159.19625854492188,7986243
2023-05-26,175.0,177.25,174.10000610351562,174.5,159.19625854492188,6926193
2023-05-29,174.9499969482422,177.8000030517578,174.8000030517578,176.3000030517578,160.83839416503906,9943211
2023-05-30,177.0,178.0,175.60000610351562,176.8000030517578,161.2945556640625,9727639
2023-05-31,177.0,177.0,171.9499969482422,173.85000610351562,158.603271484375,41785992
2023-06-01,173.60000610351562,174.6999969482422,171.85000610351562,174.39999389648438,159.1050262451172,11602551
2023-06-02,175.89999389648438,175.89999389648438,173.39999389648438,174.5500030517578,159.2418670654297,7262018
2023-06-05,175.8000030517578,176.1999969482422,173.5500030517578,174.10000610351562,158.83135986328125,12239684
2023-06-06,174.5,175.75,173.5500030517578,175.39999389648438,160.01731872558594,4889564
2023-06-07,175.9499969482422,178.0,175.39999389648438,177.35000610351562,161.7963104248047,6270083
2023-06-08,178.75,184.35000610351562,178.10000610351562,182.0500030517578,166.08412170410156,27382635
2023-06-09,184.0,184.25,180.5500030517578,182.8000030517578,166.76834106445312,10235269
2023-06-12,182.8000030517578,186.4499969482422,182.64999389648438,185.6999969482422,169.41400146484375,17450400
2023-06-13,186.0,186.64999389648438,185.0,185.35000610351562,169.09469604492188,8332566
2023-06-14,185.35000610351562,188.39999389648438,185.35000610351562,187.1999969482422,170.7824249267578,15061573
2023-06-15,187.0,187.3000030517578,185.35000610351562,186.6999969482422,170.3262939453125,9840499
2023-06-16,186.89999389648438,188.6999969482422,186.0500030517578,188.1999969482422,171.69476318359375,8562558
2023-06-19,188.1999969482422,188.1999969482422,185.1999969482422,185.85000610351562,169.55087280273438,5363723
2023-06-20,186.0,188.0,184.5500030517578,187.5,171.05613708496094,6035600
2023-06-21,187.5,188.6999969482422,186.5,187.5,171.05613708496094,5906854
2023-06-22,187.5,187.9499969482422,183.35000610351562,184.5,168.31924438476562,6683123
2023-06-23,184.5500030517578,187.5,183.75,186.6999969482422,170.3262939453125,15255365
2023-06-26,187.39999389648438,187.39999389648438,184.4499969482422,184.89999389648438,168.68414306640625,7231775
2023-06-27,184.89999389648438,186.9499969482422,184.8000030517578,186.0500030517578,169.73330688476562,6787438
2023-06-28,186.0500030517578,190.60000610351562,185.3000030517578,189.10000610351562,172.5158233642578,32476741
2023-06-30,188.10000610351562,191.64999389648438,188.0,189.14999389648438,172.56143188476562,9579059
2023-07-03,190.0,192.60000610351562,188.6999969482422,191.25,174.4772491455078,7352149
2023-07-04,191.10000610351562,194.8000030517578,189.0,194.0500030517578,177.03172302246094,13258826
2023-07-05,194.0,194.75,192.35000610351562,193.39999389648438,176.438720703125,6558910
2023-07-06,193.5,197.14999389648438,192.75,196.75,179.4949188232422,16276609
2023-07-07,196.75,197.75,192.14999389648438,192.60000610351562,175.70887756347656,12652336
2023-07-10,192.64999389648438,193.35000610351562,189.8000030517578,191.5500030517578,174.7509307861328,10238356
2023-07-11,192.64999389648438,192.9499969482422,190.8000030517578,192.39999389648438,175.5264129638672,11236383
2023-07-12,193.75,194.75,190.25,190.8000030517578,174.0667266845703,9191559
2023-07-13,191.8000030517578,191.8000030517578,186.9499969482422,187.89999389648438,171.42105102539062,10612659
2023-07-14,187.9499969482422,188.35000610351562,184.75,187.4499969482422,171.01052856445312,12369394
2023-07-17,188.4499969482422,188.9499969482422,185.8000030517578,186.5,170.14385986328125,9058800
2023-07-18,187.0,189.14999389648438,186.3000030517578,187.35000610351562,170.9193115234375,7177677
2023-07-19,191.0,196.60000610351562,190.1999969482422,192.5500030517578,175.66326904296875,31761232
2023-07-20,192.6999969482422,194.25,191.85000610351562,192.89999389648438,175.98252868652344,8936996
2023-07-21,192.8000030517578,196.35000610351562,192.10000610351562,195.10000610351562,177.9896240234375,11031250
2023-07-24,195.5,197.0,192.9499969482422,195.89999389648438,178.71945190429688,9981788
2023-07-25,196.5,201.35000610351562,195.89999389648438,200.64999389648438,183.05287170410156,18028061
2023-07-26,201.5,202.14999389648438,200.0,201.60000610351562,183.91957092285156,13857423
2023-07-27,201.75,203.0,200.60000610351562,201.9499969482422,184.2388916015625,16013422
2023-07-28,201.85000610351562,210.4499969482422,199.5,210.0,191.58287048339844,39630520
2023-07-31,212.1999969482422,218.9499969482422,209.64999389648438,218.35000610351562,199.20059204101562,43494779
2023-08-01,219.5500030517578,226.64999389648438,218.85000610351562,225.14999389648438,205.40419006347656,63510580
2023-08-02,225.0500030517578,225.14999389648438,216.85000610351562,219.10000610351562,199.8848114013672,22647784
2023-08-03,219.10000610351562,223.60000610351562,217.9499969482422,220.10000610351562,200.79710388183594,29868065
2023-08-04,221.6999969482422,222.1999969482422,217.60000610351562,217.9499969482422,198.8356475830078,12879897
2023-08-07,219.6999969482422,221.35000610351562,217.64999389648438,217.9499969482422,198.8356475830078,12929354
2023-08-08,220.3000030517578,220.39999389648438,214.0,217.5500030517578,198.4707489013672,15314866
2023-08-09,218.4499969482422,219.6999969482422,216.4499969482422,218.6999969482422,199.51988220214844,12554174
2023-08-10,219.1999969482422,220.85000610351562,216.5,217.39999389648438,198.33387756347656,10970619
2023-08-11,214.89999389648438,216.5,212.64999389648438,213.0,197.03880310058594,7970536
2023-08-14,213.3000030517578,214.0,211.8000030517578,213.0,197.03880310058594,9283695
2023-08-16,212.9499969482422,217.9499969482422,212.0500030517578,217.4499969482422,201.15533447265625,9687712
2023-08-17,219.4499969482422,219.8000030517578,215.14999389648438,215.75,199.58274841308594,11865239
2023-08-18,215.8000030517578,216.64999389648438,213.3000030517578,215.14999389648438,199.02769470214844,14101163
2023-08-21,217.1999969482422,219.5500030517578,215.6999969482422,218.8000030517578,202.40420532226562,13336739
2023-08-22,219.25,222.3000030517578,218.85000610351562,221.6999969482422,205.0868682861328,16930149
2023-08-23,222.89999389648438,222.89999389648438,221.0500030517578,221.6999969482422,205.0868682861328,13507905
2023-08-24,222.0,222.39999389648438,219.64999389648438,220.85000610351562,204.30056762695312,11182959
2023-08-25,221.85000610351562,221.85000610351562,217.1999969482422,217.89999389648438,201.5716094970703,7413549
2023-08-28,217.89999389648438,219.3000030517578,217.1999969482422,218.6999969482422,202.31167602539062,4851793
2023-08-29,219.1999969482422,221.75,218.25,221.10000610351562,204.53184509277344,8799235
2023-08-30,222.0,222.0,219.75,220.39999389648438,203.88427734375,5490930
2023-08-31,221.64999389648438,221.64999389648438,218.75,220.3000030517578,203.79177856445312,18532999
2023-09-01,217.85000610351562,231.64999389648438,216.14999389648438,230.6999969482422,213.41246032714844,29859815
2023-09-04,233.6999969482422,236.5,230.5,235.8000030517578,218.13027954101562,21895573
2023-09-05,236.89999389648438,236.89999389648438,231.6999969482422,234.60000610351562,217.0202178955078,13952922
2023-09-06,235.5,235.85000610351562,228.39999389648438,231.89999389648438,214.5225372314453,14623019
2023-09-07,233.0,238.0,229.35000610351562,234.10000610351562,216.5576934814453,30334731
2023-09-08,236.0,243.60000610351562,235.0,240.25,222.24681091308594,28856420
2023-09-11,243.60000610351562,243.89999389648438,238.14999389648438,243.10000610351562,224.88328552246094,22493483
2023-09-12,244.1999969482422,244.9499969482422,234.10000610351562,235.10000610351562,217.4827423095703,21174310
2023-09-13,236.10000610351562,238.4499969482422,233.14999389648438,237.14999389648438,219.37913513183594,9151928
2023-09-14,237.9499969482422,239.1999969482422,235.9499969482422,237.9499969482422,220.1191864013672,7568464
2023-09-15,235.60000610351562,239.3000030517578,235.60000610351562,236.1999969482422,218.5002899169922,14098284
2023-09-18,237.0,242.14999389648438,236.0500030517578,241.1999969482422,223.12564086914062,11163399
2023-09-20,241.5,246.0,240.35000610351562,241.75,223.63442993164062,18936709
2023-09-21,240.0500030517578,242.89999389648438,237.10000610351562,238.9499969482422,221.04425048828125,10134737
2023-09-22,238.60000610351562,239.3000030517578,236.0,237.9499969482422,220.1191864013672,7209300
2023-09-25,239.14999389648438,240.25,237.14999389648438,239.64999389648438,221.6917724609375,8027642
2023-09-26,239.75,243.1999969482422,239.0500030517578,240.1999969482422,222.20057678222656,10681642
2023-09-27,239.89999389648438,240.5,237.85000610351562,239.3000030517578,221.36801147460938,9679279
2023-09-28,239.60000610351562,241.1999969482422,235.64999389648438,237.0500030517578,219.28663635253906,32887087
2023-09-29,239.5500030517578,251.5,239.5,245.5500030517578,227.14967346191406,35038887
2023-10-03,244.35000610351562,246.6999969482422,240.5500030517578,241.1999969482422,223.12564086914062,14885044
2023-10-04,241.0,241.0,231.5,235.14999389648438,217.5289764404297,25424437
2023-10-05,237.25,237.39999389648438,232.0500030517578,233.85000610351562,216.326416015625,22472389
2023-10-06,234.25,237.5,233.64999389648438,235.5500030517578,217.89901733398438,8825123
2023-10-09,233.85000610351562,236.3000030517578,230.5,234.6999969482422,217.11270141601562,10659145
2023-10-10,234.89999389648438,236.85000610351562,233.75,235.89999389648438,218.22280883789062,11665907
2023-10-11,236.25,239.6999969482422,236.0,238.6999969482422,220.81297302246094,14313043
2023-10-12,238.9499969482422,242.75,238.60000610351562,241.60000610351562,223.4956512451172,13170027
2023-10-13,240.5500030517578,243.8000030517578,239.60000610351562,242.0500030517578,223.9119415283203,11880728
2023-10-16,242.85000610351562,245.0,241.0,243.4499969482422,225.20701599121094,6936948
2023-10-17,244.85000610351562,247.1999969482422,243.3000030517578,245.9499969482422,227.51968383789062,10084205
2023-10-18,245.89999389648438,246.8000030517578,241.60000610351562,242.0,223.86570739746094,6987265
2023-10-19,240.1999969482422,241.8000030517578,238.5,239.5,221.55303955078125,11485237
2023-10-20,238.9499969482422,242.14999389648438,237.5500030517578,241.0,222.94061279296875,9040953
2023-10-23,240.8000030517578,240.89999389648438,235.0,236.5500030517578,218.82408142089844,7058625
2023-10-25,236.0,236.3000030517578,228.35000610351562,232.0500030517578,214.66128540039062,23949207
2023-10-26,230.85000610351562,233.3000030517578,227.75,231.64999389648438,214.291259765625,17410264
2023-10-27,232.0,238.4499969482422,232.0,236.60000610351562,218.87033081054688,10519462
2023-10-30,237.4499969482422,238.39999389648438,230.64999389648438,234.60000610351562,217.0202178955078,8812268
2023-10-31,234.5,237.1999969482422,233.5500030517578,235.8000030517578,218.13027954101562,6583581
2023-11-01,236.6999969482422,236.6999969482422,232.10000610351562,232.60000610351562,215.17005920410156,6718059
2023-11-02,234.1999969482422,235.6999969482422,233.75,235.25,217.62149047851562,6057787
2023-11-03,233.3000030517578,235.25,233.3000030517578,234.35000610351562,218.88243103027344,6825146
2023-11-06,235.35000610351562,237.1999969482422,234.5500030517578,235.85000610351562,220.28338623046875,5338605
2023-11-07,236.3000030517578,239.5500030517578,235.1999969482422,239.14999389648438,223.36558532714844,7002346
2023-11-08,239.85000610351562,240.89999389648438,235.9499969482422,236.6999969482422,221.0772705078125,9777991
2023-11-09,237.1999969482422,239.6999969482422,236.0,237.9499969482422,222.2447967529297,13987058
2023-11-10,237.85000610351562,243.25,235.8000030517578,242.75,226.7279815673828,9589671
2023-11-13,244.9499969482422,250.60000610351562,243.3000030517578,245.6999969482422,229.48326110839844,18792969
2023-11-15,248.9499969482422,248.9499969482422,245.9499969482422,247.3000030517578,230.97767639160156,10965645
2023-11-16,248.8000030517578,254.25,247.64999389648438,252.35000610351562,235.69435119628906,22145147
2023-11-17,253.0,253.10000610351562,251.0,251.60000610351562,234.9938507080078,5618928
2023-11-20,251.0,255.39999389648438,250.3000030517578,251.0500030517578,234.4801483154297,6283832
2023-11-21,252.60000610351562,252.8000030517578,247.3000030517578,250.0,233.4994659423828,6851869
2023-11-22,250.8000030517578,254.0,249.35000610351562,253.64999389648438,236.90853881835938,5275418
2023-11-23,254.0,255.6999969482422,251.6999969482422,252.75,236.0679473876953,8200025
2023-11-24,253.3000030517578,256.8500061035156,253.0,253.89999389648438,237.14202880859375,7149443
2023-11-28,254.85000610351562,258.29998779296875,253.64999389648438,257.54998779296875,240.55113220214844,6151585
2023-11-29,259.54998779296875,259.54998779296875,256.1000061035156,258.3999938964844,241.34503173828125,8637363
2023-11-30,257.95001220703125,261.6499938964844,256.0,261.29998779296875,244.0536346435547,21687673
2023-12-01,262.3500061035156,275.45001220703125,261.75,268.95001220703125,251.19873046875,29121320
2023-12-04,276.0,279.0,273.25,274.79998779296875,256.6625671386719,20464526
2023-12-05,275.20001220703125,286.54998779296875,272.79998779296875,285.45001220703125,266.6097106933594,18883076
2023-12-06,288.0,288.25,278.95001220703125,281.1000061035156,262.5468444824219,13415314
2023-12-07,281.8500061035156,288.25,281.29998779296875,283.79998779296875,265.0685729980469,25133786
2023-12-08,286.45001220703125,291.8999938964844,281.0,285.04998779296875,266.236083984375,20815064
2023-12-11,286.04998779296875,288.5,284.3999938964844,287.29998779296875,268.3375549316406,8071675
2023-12-12,287.45001220703125,288.6000061035156,280.8500061035156,283.3999938964844,264.6949462890625,8640883
2023-12-13,284.75,294.8999938964844,284.5,294.04998779296875,274.6420593261719,23629670
2023-12-14,297.75,298.5,293.6000061035156,295.3999938964844,275.9029541015625,24900443
2023-12-15,298.0,307.0,295.0,305.1000061035156,284.9627380371094,28843558
2023-12-18,306.0,306.54998779296875,301.75,303.20001220703125,283.18817138671875,13307504
2023-12-19,305.0,312.5,302.5,309.6499938964844,289.2123718261719,15650536
2023-12-20,312.5,313.3500061035156,295.1499938964844,297.6499938964844,278.00445556640625,23497233
2023-12-21,295.79998779296875,303.1499938964844,293.20001220703125,301.95001220703125,282.0206298828125,17868637
2023-12-22,304.0,308.95001220703125,299.6000061035156,302.79998779296875,282.81451416015625,15207726
2023-12-26,306.45001220703125,310.70001220703125,304.6000061035156,309.6000061035156,289.1657409667969,9917180
2023-12-27,311.6000061035156,312.25,303.54998779296875,306.04998779296875,285.85003662109375,12630732
2023-12-28,309.1000061035156,315.5,307.75,313.8999938964844,293.1819152832031,37591916
2023-12-29,314.3500061035156,314.3500061035156,308.1499938964844,311.1499938964844,290.6134338378906,12682889
2024-01-01,312.0,313.29998779296875,307.79998779296875,309.75,289.3058166503906,8024960
2024-01-02,310.79998779296875,310.79998779296875,302.04998779296875,306.0,285.8033447265625,13506040
2024-01-03,307.20001220703125,308.0,303.29998779296875,306.20001220703125,285.9901428222656,14259987
2024-01-04,310.8999938964844,321.75,308.6000061035156,317.1000061035156,296.1707458496094,40057506
2024-01-05,322.8999938964844,325.6499938964844,312.70001220703125,314.95001220703125,294.16259765625,27456415
2024-01-08,316.45001220703125,318.3500061035156,312.6000061035156,316.45001220703125,295.5635986328125,10136462
2024-01-09,317.8500061035156,321.45001220703125,316.04998779296875,319.75,298.64581298828125,12229517
2024-01-10,319.6499938964844,319.75,308.0,313.3500061035156,292.668212890625,14455000
2024-01-11,314.95001220703125,317.29998779296875,312.3500061035156,312.8999938964844,292.2479248046875,10316319
2024-01-12,315.20001220703125,315.29998779296875,309.70001220703125,312.6499938964844,292.014404296875,12341629
2024-01-15,314.8999938964844,318.0,309.6000061035156,317.29998779296875,296.3575134277344,9706124
2024-01-16,317.25,317.25,310.1499938964844,311.5,290.9403381347656,10162832
2024-01-17,309.75,314.1000061035156,307.1000061035156,309.29998779296875,288.885498046875,13502940
2024-01-18,308.95001220703125,311.29998779296875,296.54998779296875,299.29998779296875,279.5455322265625,32481018
2024-01-19,303.79998779296875,309.45001220703125,301.70001220703125,308.45001220703125,288.09161376953125,28651237
2024-01-23,313.45001220703125,315.29998779296875,300.29998779296875,302.6000061035156,282.62774658203125,21652362
2024-01-24,302.95001220703125,310.70001220703125,298.25,308.8500061035156,288.46527099609375,23922028
2024-01-25,310.0,317.20001220703125,309.20001220703125,314.75,293.9757995605469,32525422
2024-01-29,317.79998779296875,325.75,316.1499938964844,324.54998779296875,303.12896728515625,24694773
2024-01-30,321.8500061035156,323.95001220703125,314.5,315.45001220703125,294.629638671875,20918448
2024-01-31,318.54998779296875,320.0,312.6000061035156,317.5,296.5443115234375,20931224
2024-02-01,320.04998779296875,326.95001220703125,317.1000061035156,322.0,300.747314453125,24020951
2024-02-02,324.0,333.70001220703125,323.1000061035156,332.5,310.55426025390625,32346639
2024-02-05,338.0,341.04998779296875,333.04998779296875,336.1000061035156,313.91668701171875,19651482
2024-02-06,336.0,336.0,329.0,334.20001220703125,315.18988037109375,12024661
2024-02-07,337.8999938964844,337.8999938964844,329.6499938964844,330.70001220703125,311.8890075683594,8080437
2024-02-08,333.95001220703125,335.25,328.0,330.8999938964844,312.07757568359375,17754869
2024-02-09,332.95001220703125,335.0,319.6000061035156,324.8999938964844,306.4188537597656,18304439
2024-02-12,326.1499938964844,326.70001220703125,314.5,316.1499938964844,298.1665954589844,11714289
2024-02-13,318.54998779296875,323.95001220703125,315.8999938964844,321.54998779296875,303.2594299316406,15426888
2024-02-14,320.8999938964844,329.3500061035156,318.3500061035156,328.0,309.3425598144531,14085723
2024-02-15,331.0,340.8999938964844,330.1499938964844,339.25,319.9526062011719,21973316
2024-02-16,341.8999938964844,342.95001220703125,336.79998779296875,337.75,318.5379638671875,20307449
2024-02-19,340.3999938964844,341.8999938964844,337.5,338.75,319.48101806640625,8496898
2024-02-20,340.6000061035156,346.5,337.79998779296875,345.70001220703125,326.0357360839844,19340526
2024-02-21,347.0,348.04998779296875,334.70001220703125,336.1000061035156,316.9818420410156,17751633
2024-02-22,339.0,340.25,330.6000061035156,339.54998779296875,320.23553466796875,16083122
2024-02-23,340.0,340.0,334.8500061035156,337.75,318.5379638671875,9665454
2024-02-26,338.0,338.5,334.54998779296875,337.6000061035156,318.3964538574219,7711995
2024-02-27,336.1000061035156,338.0,334.1000061035156,336.1000061035156,316.9818420410156,8882923
2024-02-28,335.70001220703125,336.5,331.79998779296875,333.29998779296875,314.3410339355469,12977628
2024-02-29,333.29998779296875,336.0,330.6000061035156,335.6000061035156,316.51025390625,13149469
2024-03-01,335.6000061035156,344.3500061035156,335.0,343.5,323.9608459472656,13027254
2024-03-04,348.0,358.29998779296875,345.75,353.8500061035156,333.7221374511719,38075510
2024-03-05,354.8999938964844,359.95001220703125,353.54998779296875,358.25,337.8718566894531,15918221
2024-03-06,359.45001220703125,359.45001220703125,345.0,351.95001220703125,331.9302062988281,13120921
2024-03-07,352.0,353.8999938964844,349.70001220703125,352.20001220703125,332.1659851074219,9172926
2024-03-11,352.25,353.1499938964844,346.70001220703125,347.95001220703125,328.15771484375,10664917
2024-03-12,348.0,349.45001220703125,342.54998779296875,344.75,325.13970947265625,9637912
2024-03-13,343.8500061035156,344.5,319.5,322.5,304.1553955078125,23722232
2024-03-14,321.04998779296875,326.95001220703125,316.5,321.8500061035156,303.5423889160156,20859127
2024-03-15,322.6499938964844,326.04998779296875,305.75,316.29998779296875,298.3080749511719,43285007
2024-03-18,317.1000061035156,322.8999938964844,314.95001220703125,317.1499938964844,299.1097412109375,13690352
2024-03-19,314.29998779296875,317.8999938964844,310.1000061035156,313.45001220703125,295.6202087402344,13388060
2024-03-20,316.0,317.45001220703125,308.29998779296875,313.6499938964844,295.8088073730469,10026655
2024-03-21,317.25,326.3500061035156,317.0,325.0,306.51318359375,23370426
2024-03-22,324.5,327.25,321.1499938964844,324.75,306.27740478515625,14709219
2024-03-26,320.1000061035156,330.29998779296875,320.1000061035156,329.1000061035156,310.3799743652344,11208959
2024-03-27,332.0,334.1000061035156,326.29998779296875,331.6000061035156,312.73779296875,45209520
2024-03-28,331.8999938964844,340.0,330.29998779296875,335.79998779296875,316.6988525390625,19868037
2024-04-01,339.0,344.3999938964844,336.1499938964844,342.3500061035156,322.87628173828125,8580656
2024-04-02,343.0,345.6000061035156,340.75,344.79998779296875,325.1868896484375,9745257
2024-04-03,344.3500061035156,354.1000061035156,342.0,351.25,331.27001953125,21679943
2024-04-04,355.0,362.70001220703125,352.6499938964844,354.6499938964844,334.4765930175781,28962927
2024-04-05,356.3999938964844,358.20001220703125,351.54998779296875,354.54998779296875,334.38232421875,11208130
2024-04-08,355.6000061035156,366.0,353.25,363.5,342.82318115234375,11447140
2024-04-09,365.0,366.8999938964844,360.3500061035156,362.8999938964844,342.25738525390625,10010148
2024-04-10,364.1000061035156,368.3500061035156,361.3500061035156,362.5,341.8800964355469,12886638
2024-04-12,362.5,374.5,361.0,361.75,341.17279052734375,30924494
2024-04-15,355.5,366.0,352.79998779296875,361.1499938964844,340.60687255859375,18126999
2024-04-16,361.0,361.95001220703125,354.6000061035156,359.25,338.8149719238281,15328939
2024-04-18,359.54998779296875,361.25,349.20001220703125,351.1499938964844,331.17572021484375,22966560
2024-04-19,343.1000061035156,352.3999938964844,343.0,350.54998779296875,330.6098327636719,12867942
2024-04-22,355.0,355.0,341.8999938964844,342.8999938964844,323.39495849609375,37382916
2024-04-23,346.0,348.6499938964844,344.0,347.1499938964844,327.4032287597656,14651106
2024-04-24,349.79998779296875,353.1499938964844,347.29998779296875,351.6499938964844,331.6473083496094,11132307
2024-04-25,351.0,360.6000061035156,349.1000061035156,359.20001220703125,338.767822265625,19865014
2024-04-26,360.70001220703125,361.3999938964844,355.0,356.0,335.74981689453125,10986589
2024-04-29,359.70001220703125,363.6499938964844,356.95001220703125,363.0,342.3516540527344,13652173
2024-04-30,364.95001220703125,365.45001220703125,359.29998779296875,363.20001220703125,342.540283203125,14566548
2024-05-02,363.20001220703125,372.6000061035156,363.20001220703125,369.04998779296875,348.0575256347656,27892188
2024-05-03,372.29998779296875,380.3999938964844,360.3500061035156,364.95001220703125,344.19073486328125,26844664
2024-05-06,367.79998779296875,368.8500061035156,354.3999938964844,356.79998779296875,336.5043029785156,15319437
2024-05-07,358.25,358.45001220703125,346.8500061035156,349.1499938964844,329.2895202636719,10028071
2024-05-08,345.20001220703125,358.5,345.20001220703125,355.45001220703125,335.2311706542969,9595776
2024-05-09,356.5,358.0,344.8500061035156,346.04998779296875,326.36578369140625,9043486
2024-05-10,347.6499938964844,356.3500061035156,347.54998779296875,355.5,335.2782897949219,11699095
2024-05-13,355.5,356.0,346.5,350.8999938964844,330.9399108886719,10691781
2024-05-14,350.54998779296875,357.25,350.29998779296875,355.79998779296875,335.56121826171875,10891985
2024-05-15,357.5,363.5,356.6499938964844,361.3500061035156,340.7955017089844,8538183
2024-05-16,363.8500061035156,363.8500061035156,353.04998779296875,361.45001220703125,340.88983154296875,13114162
2024-05-17,362.45001220703125,366.5,360.3500061035156,365.45001220703125,344.66229248046875,8509179
2024-05-21,367.0,374.1000061035156,365.3500061035156,372.0,350.8397216796875,10939593
2024-05-22,375.0,377.3500061035156,370.6000061035156,373.8500061035156,352.5845031738281,14001806
2024-05-23,375.04998779296875,375.6000061035156,369.5,372.29998779296875,351.1226806640625,15370357
2024-05-24,373.0,378.1499938964844,368.70001220703125,374.95001220703125,353.62188720703125,13317821
2024-05-27,379.95001220703125,380.5,368.0,369.6499938964844,348.6233825683594,21891930
2024-05-28,372.6000061035156,373.25,364.1000061035156,365.3999938964844,344.6151428222656,10200096
2024-05-29,361.5,366.3500061035156,360.0,364.6000061035156,343.8606262207031,18146672
2024-05-30,364.0,364.79998779296875,357.1499938964844,359.70001220703125,339.2393798828125,14425073
2024-05-31,363.45001220703125,366.6499938964844,355.5,359.0,338.5791931152344,30515612
2024-06-03,385.0,393.20001220703125,373.45001220703125,391.79998779296875,369.51348876953125,39261174
2024-06-04,391.8999938964844,391.8999938964844,313.95001220703125,331.25,312.40765380859375,84042244
2024-06-05,340.0,342.25,315.29998779296875,341.0,321.60308837890625,46418629
2024-06-06,347.79998779296875,359.75,345.0,349.75,329.8553466796875,33171039
2024-06-07,352.0,362.0,347.70001220703125,360.6000061035156,340.088134765625,23930193
2024-06-10,365.0,370.1000061035156,361.79998779296875,364.8999938964844,344.14361572265625,16072588
2024-06-11,368.75,371.95001220703125,364.8999938964844,367.3999938964844,346.5013732910156,11235777
2024-06-12,369.54998779296875,374.0,365.3999938964844,371.29998779296875,350.1795349121094,12134524
2024-06-13,376.3999938964844,376.3999938964844,367.95001220703125,369.95001220703125,348.9063415527344,11243702
2024-06-14,370.0,370.8500061035156,366.1000061035156,368.45001220703125,347.49169921875,10298434
2024-06-18,371.79998779296875,372.25,368.70001220703125,369.6499938964844,348.6233825683594,10228382
2024-06-19,369.79998779296875,370.8999938964844,361.54998779296875,362.5,341.8800964355469,8337334
2024-06-20,362.5,364.8999938964844,357.04998779296875,357.6499938964844,337.30596923828125,14338604
2024-06-21,359.95001220703125,362.95001220703125,356.75,359.79998779296875,339.33367919921875,17931844
2024-06-24,357.6000061035156,364.6499938964844,355.54998779296875,362.75,342.1158752441406,9335598
2024-06-25,364.25,364.70001220703125,357.75,360.8500061035156,340.323974609375,14983828
2024-06-26,363.0,366.8999938964844,359.6499938964844,365.04998779296875,344.2850646972656,15918394
2024-06-27,365.04998779296875,381.1000061035156,364.1000061035156,377.1499938964844,355.69677734375,55378829
2024-06-28,377.95001220703125,389.5,376.70001220703125,378.3500061035156,356.82855224609375,25141039
2024-07-01,381.75,382.0,367.79998779296875,369.75,348.7176818847656,23389211
2024-07-02,372.6000061035156,372.6000061035156,365.1499938964844,370.3999938964844,349.3306884765625,13702830
2024-07-03,370.54998779296875,374.25,368.6499938964844,372.6499938964844,351.4527282714844,9207317
2024-07-04,373.8999938964844,380.8500061035156,371.75,372.95001220703125,351.7356872558594,14916930
2024-07-05,374.3500061035156,381.25,371.0,379.79998779296875,358.196044921875,15946104
2024-07-08,380.8500061035156,381.25,376.1499938964844,377.45001220703125,355.979736328125,8898299
2024-07-09,379.20001220703125,380.25,375.04998779296875,377.04998779296875,355.6024475097656,8355819
2024-07-10,378.79998779296875,383.79998779296875,370.0,381.3999938964844,359.70501708984375,17715196
2024-07-11,382.3999938964844,383.29998779296875,374.6000061035156,377.1000061035156,355.64959716796875,19873143
2024-07-12,378.95001220703125,379.3999938964844,372.0,377.1499938964844,355.69677734375,16151583
2024-07-15,378.6000061035156,388.95001220703125,376.8999938964844,385.6499938964844,363.7132873535156,22951140
2024-07-16,386.6499938964844,388.75,380.0,380.45001220703125,358.8090515136719,11893034
2024-07-18,382.8999938964844,382.8999938964844,374.20001220703125,377.75,356.26263427734375,15709153
2024-07-19,377.75,378.0,362.8999938964844,364.6499938964844,343.90777587890625,13330099
2024-07-22,364.75,377.25,362.3500061035156,373.5,352.2544250488281,18715538
2024-07-23,376.70001220703125,385.6499938964844,361.54998779296875,382.45001220703125,360.6952819824219,49882257
2024-07-24,384.1000061035156,395.0,381.70001220703125,392.6000061035156,370.26788330078125,36868466
2024-07-25,390.95001220703125,396.29998779296875,386.25,392.1499938964844,369.84356689453125,25973101
2024-07-26,394.95001220703125,399.5,389.70001220703125,396.29998779296875,373.7574768066406,20381410
2024-07-29,404.0,408.29998779296875,392.6499938964844,393.8999938964844,371.4939880371094,27751449
2024-07-30,397.0,412.70001220703125,397.0,406.95001220703125,383.80169677734375,34447139
2024-07-31,409.5,417.3999938964844,408.54998779296875,416.0,392.3369140625,29727771
2024-08-01,419.8999938964844,424.3500061035156,415.6000061035156,423.45001220703125,399.36309814453125,28803487
2024-08-02,416.25,426.29998779296875,413.3500061035156,419.70001220703125,395.826416015625,24233263
2024-08-05,407.6499938964844,415.6499938964844,404.6499938964844,413.25,389.7433166503906,42489503
2024-08-06,413.25,424.95001220703125,413.25,415.0,391.3937683105469,18230579
2024-08-07,421.0,421.0,415.0,416.29998779296875,395.71881103515625,15556736
2024-08-08,416.3500061035156,417.0,405.79998779296875,407.70001220703125,387.5440368652344,16447385
2024-08-09,413.79998779296875,416.3500061035156,408.20001220703125,410.6499938964844,390.3481140136719,10954753
2024-08-12,410.0,410.0,400.1000061035156,400.8500061035156,381.0326232910156,26254763
2024-08-13,403.0,404.5,395.0,396.20001220703125,376.6125793457031,11355664
2024-08-14,398.8999938964844,400.0,393.6499938964844,396.3500061035156,376.755126953125,9424614
2024-08-16,398.04998779296875,400.95001220703125,393.29998779296875,398.04998779296875,378.3711242675781,13844122
2024-08-19,402.29998779296875,407.5,401.45001220703125,403.1000061035156,383.17138671875,10677045
2024-08-20,404.54998779296875,408.20001220703125,403.1000061035156,406.25,386.1656799316406,10126083
2024-08-21,407.5,409.70001220703125,405.20001220703125,408.95001220703125,388.7322082519531,9726854
2024-08-22,409.79998779296875,410.04998779296875,402.25,403.3500061035156,383.4090881347656,10445288
2024-08-23,403.3500061035156,405.8999938964844,399.54998779296875,401.95001220703125,382.0782470703125,11513586
2024-08-26,402.45001220703125,415.95001220703125,401.95001220703125,414.8500061035156,394.34051513671875,13772637
2024-08-27,415.5,416.20001220703125,409.1000061035156,409.6499938964844,389.3975830078125,8441188
2024-08-28,410.04998779296875,414.3999938964844,407.3500061035156,409.04998779296875,388.8272399902344,15884745
2024-08-29,409.04998779296875,412.6000061035156,403.75,409.8999938964844,389.6352233886719,19014705
2024-08-30,412.70001220703125,419.20001220703125,411.5,416.20001220703125,395.623779296875,22633988
2024-09-02,417.79998779296875,419.1000061035156,407.70001220703125,410.0,389.73028564453125,11107165
2024-09-03,410.5,411.54998779296875,405.6000061035156,406.3999938964844,386.30828857421875,7538160
2024-09-04,400.0,408.25,399.8999938964844,405.1000061035156,385.072509765625,11052003
2024-09-05,405.3500061035156,408.3999938964844,401.8500061035156,403.25,383.3139953613281,14246871
2024-09-06,403.25,404.6499938964844,392.70001220703125,394.79998779296875,375.2817077636719,17956121
2024-09-09,391.20001220703125,392.75,385.29998779296875,389.8500061035156,370.57647705078125,12293356
2024-09-10,390.1000061035156,399.3999938964844,389.75,396.29998779296875,376.7076110839844,15852309
2024-09-11,399.0,399.29998779296875,387.5,389.6499938964844,370.3863220214844,11492592
2024-09-12,391.0,406.25,390.6499938964844,404.8500061035156,384.83489990234375,24028069
2024-09-13,404.8500061035156,407.29998779296875,399.3500061035156,401.3999938964844,381.5554504394531,12017217
2024-09-16,402.45001220703125,412.0,402.0,411.1000061035156,390.7759094238281,11479712
2024-09-17,411.8500061035156,417.6499938964844,410.1000061035156,416.29998779296875,395.71881103515625,14432501
2024-09-18,418.5,419.75,413.0,414.1499938964844,393.6751403808594,10303840
2024-09-19,424.0,431.8500061035156,420.54998779296875,423.95001220703125,402.99066162109375,59601773
2024-09-20,428.04998779296875,429.8500061035156,416.54998779296875,423.95001220703125,402.99066162109375,36084164
2024-09-23,427.5,430.5,425.0,428.3500061035156,407.1731262207031,14139629
2024-09-24,431.45001220703125,431.45001220703125,427.0,428.1000061035156,406.9355163574219,12539885
2024-09-25,428.1000061035156,437.0,425.6499938964844,436.1000061035156,414.5399475097656,19443168
2024-09-26,437.95001220703125,437.95001220703125,430.54998779296875,434.6000061035156,413.1141357421875,20041825
2024-09-27,436.0,442.5,433.5,436.8999938964844,415.3003845214844,53885913
2024-09-30,436.8999938964844,448.45001220703125,433.6000061035156,443.20001220703125,421.2889404296875,20903229
2024-10-01,446.0,447.75,438.79998779296875,440.1000061035156,418.3421936035156,15984996
2024-10-03,432.0,442.5,432.0,435.3500061035156,413.8270263671875,13563784
2024-10-04,432.8999938964844,439.3500061035156,426.29998779296875,430.45001220703125,409.1693115234375,18347292
2024-10-07,430.6000061035156,433.0,409.04998779296875,415.45001220703125,394.9108581542969,23431004
2024-10-08,414.0,427.70001220703125,411.29998779296875,420.95001220703125,400.13897705078125,18706355
2024-10-09,424.45001220703125,424.75,417.0,418.45001220703125,397.7625732421875,13916492
2024-10-10,420.70001220703125,429.8999938964844,420.5,422.70001220703125,401.8023986816406,15866037
2024-10-11,423.95001220703125,426.6499938964844,419.6000061035156,422.5,401.6123352050781,8639087
2024-10-14,424.6000061035156,426.0,420.0,424.5,403.5134582519531,8483177
2024-10-15,426.6499938964844,427.20001220703125,423.54998779296875,426.6000061035156,405.50958251953125,9365964
2024-10-16,425.29998779296875,429.3999938964844,421.25,424.25,403.27581787109375,6219440
2024-10-17,423.6499938964844,425.6000061035156,416.6000061035156,417.75,397.09716796875,11968387
2024-10-18,417.70001220703125,425.95001220703125,414.45001220703125,424.95001220703125,403.941162109375,8828971
2024-10-21,426.04998779296875,428.75,419.1000061035156,425.0,403.9887390136719,9139781
2024-10-22,422.8500061035156,426.29998779296875,413.45001220703125,415.75,395.196044921875,14242323
2024-10-23,414.0,414.75,401.70001220703125,408.29998779296875,388.11431884765625,22522821
2024-10-24,409.25,415.25,406.79998779296875,411.8999938964844,391.5363464355469,9400171
2024-10-25,402.5,407.5,391.6000061035156,398.8999938964844,379.17901611328125,19642277
2024-10-28,398.8999938964844,406.5,397.79998779296875,403.8999938964844,383.931884765625,11716022
2024-10-29,409.0,414.29998779296875,404.45001220703125,412.1499938964844,391.7740173339844,20284308
2024-10-30,414.1499938964844,414.79998779296875,405.79998779296875,408.5,388.3044738769531,12264297
2024-10-31,409.0,410.6499938964844,403.5,408.1499938964844,390.3607177734375,12204072
2024-11-01,412.0,415.45001220703125,410.3500061035156,411.3500061035156,393.4212646484375,2145479
2024-11-04,413.8500061035156,414.29998779296875,393.70001220703125,400.95001220703125,383.4745788574219,13866505
2024-11-05,400.0,404.1000061035156,397.1499938964844,403.1000061035156,385.5308837890625,6665326
2024-11-06,406.70001220703125,410.79998779296875,403.1499938964844,408.8999938964844,391.0780334472656,9700643
2024-11-07,410.8999938964844,410.8999938964844,402.0,403.79998779296875,386.2003173828125,7589295
2024-11-08,403.1499938964844,404.20001220703125,395.54998779296875,397.6499938964844,380.3183898925781,7536509
2024-11-11,398.1499938964844,400.8999938964844,391.79998779296875,392.54998779296875,375.4406433105469,12243693
2024-11-12,393.1499938964844,394.79998779296875,379.04998779296875,380.29998779296875,363.72454833984375,10549517
2024-11-13,384.0,387.6000061035156,379.3500061035156,381.3500061035156,364.7287902832031,20602407
2024-11-14,380.04998779296875,385.20001220703125,371.3500061035156,372.5,356.2645263671875,15086601
2024-11-18,380.0,380.0,362.6499938964844,366.70001220703125,350.7173767089844,16383636
2024-11-19,368.0,378.5,365.04998779296875,366.70001220703125,350.7173767089844,17055094
2024-11-21,363.70001220703125,364.3500061035156,354.79998779296875,356.1499938964844,340.6271667480469,21276150
2024-11-22,357.04998779296875,367.1000061035156,355.70001220703125,365.45001220703125,349.5218505859375,15949254
2024-11-25,374.0,377.20001220703125,367.5,368.3999938964844,352.3432312011719,18388844
2024-11-26,370.0,370.3999938964844,360.25,361.6499938964844,345.887451171875,11222231
2024-11-27,363.79998779296875,371.6000061035156,361.3500061035156,369.29998779296875,353.2039794921875,14225274
2024-11-28,369.70001220703125,371.8500061035156,359.6000061035156,362.04998779296875,346.26995849609375,16837860
2024-11-29,363.25,365.3999938964844,360.20001220703125,363.6499938964844,347.8002624511719,14280017
2024-12-02,363.6499938964844,363.8999938964844,357.0,358.20001220703125,342.5878601074219,12510350
2024-12-03,359.0,370.0,358.20001220703125,367.45001220703125,351.4346618652344,14205760
2024-12-04,368.95001220703125,375.1499938964844,368.0,372.75,356.503662109375,22035954
2024-12-05,372.75,373.95001220703125,364.3999938964844,369.1499938964844,353.0605773925781,18758283
2024-12-06,369.45001220703125,371.20001220703125,368.04998779296875,369.5,353.39532470703125,9736086
2024-12-09,370.8999938964844,373.29998779296875,367.75,369.8500061035156,353.73004150390625,10878679
2024-12-10,369.0,371.20001220703125,366.3999938964844,369.1499938964844,353.0605773925781,7913822
2024-12-11,369.25,370.75,364.70001220703125,365.5,349.56964111328125,9998662
2024-12-12,366.0,367.0,353.0,355.6000061035156,340.1011657714844,22538216
2024-12-13,355.75,358.29998779296875,348.04998779296875,357.1499938964844,341.5835266113281,14269143
2024-12-16,357.1499938964844,358.8999938964844,351.70001220703125,352.8999938964844,337.518798828125,12168143
2024-12-17,352.0,353.8500061035156,347.25,349.04998779296875,333.83660888671875,15646176
2024-12-18,349.54998779296875,351.0,340.0,341.75,326.85479736328125,14672392
2024-12-19,337.0,340.6000061035156,335.04998779296875,337.3999938964844,322.69439697265625,14513129
2024-12-20,337.79998779296875,343.8999938964844,331.0,333.25,318.72528076171875,20375797
2024-12-23,335.8999938964844,338.25,330.5,333.6499938964844,319.1078186035156,8884187
2024-12-24,335.1000061035156,336.8500061035156,331.75,335.29998779296875,320.6858825683594,7755462
2024-12-26,335.29998779296875,337.3999938964844,332.25,334.6499938964844,320.06427001953125,9030212
2024-12-27,336.6499938964844,340.0,334.20001220703125,335.0,320.39898681640625,9090597
2024-12-30,335.0,336.79998779296875,327.3999938964844,331.3999938964844,316.9559020996094,36657549
2024-12-31,330.1000061035156,334.6000061035156,326.20001220703125,333.3500061035156,318.8208923339844,8580998
2025-01-01,333.0,334.6499938964844,328.79998779296875,333.6499938964844,319.1078186035156,7843971
2025-01-02,333.6499938964844,338.6000061035156,330.0,338.0,323.26824951171875,16543382
2025-01-03,338.04998779296875,344.5,337.04998779296875,339.8500061035156,325.03759765625,8689629
2025-01-06,341.70001220703125,341.70001220703125,326.45001220703125,327.5,313.2259216308594,10538077
2025-01-07,327.0,330.3500061035156,325.1000061035156,328.6000061035156,314.2779541015625,13891401
2025-01-08,330.5,330.5,321.8500061035156,325.3999938964844,311.2174072265625,8993608
2025-01-09,324.04998779296875,325.95001220703125,319.79998779296875,320.3500061035156,306.38751220703125,12403467
2025-01-10,320.3500061035156,321.0,307.6000061035156,308.25,294.81488037109375,15941143
2025-01-13,301.1000061035156,309.95001220703125,296.8500061035156,298.20001220703125,285.20294189453125,29630336
2025-01-14,300.45001220703125,312.70001220703125,300.20001220703125,310.3999938964844,296.8711853027344,22732888
2025-01-15,312.54998779296875,324.29998779296875,312.54998779296875,321.3500061035156,307.34393310546875,21894626
2025-01-16,324.70001220703125,327.29998779296875,321.6499938964844,325.5,311.31304931640625,14865186
2025-01-17,325.29998779296875,329.0,323.3500061035156,326.1499938964844,311.9347229003906,7129232
2025-01-20,326.20001220703125,337.0,324.54998779296875,336.04998779296875,321.4031982421875,17991880
2025-01-21,337.79998779296875,338.25,323.79998779296875,324.29998779296875,310.1653137207031,12774630
2025-01-22,327.0,327.0,317.3500061035156,322.3999938964844,308.3481750488281,11068145
2025-01-23,321.0,325.1000061035156,319.54998779296875,323.6499938964844,309.5436706542969,6477347
2025-01-24,324.79998779296875,329.8999938964844,322.1000061035156,323.6499938964844,309.5436706542969,7492600
2025-01-27,323.6499938964844,325.04998779296875,315.0,322.20001220703125,308.15692138671875,13803855
2025-01-28,322.5,323.8500061035156,308.1499938964844,318.25,304.3790588378906,22008929
2025-01-29,320.0,322.8999938964844,313.29998779296875,321.25,307.248291015625,16056888
2025-01-30,322.25,326.79998779296875,321.1499938964844,323.0,308.92205810546875,10375720
2025-01-31,322.45001220703125,326.25,317.54998779296875,324.0,312.2955627441406,13195557
2025-02-01,326.04998779296875,330.79998779296875,316.75,317.70001220703125,306.22320556640625,10097627
2025-02-03,310.1000061035156,314.04998779296875,304.0,311.25,300.0061950683594,15881217
2025-02-04,314.8500061035156,320.45001220703125,310.29998779296875,319.1000061035156,307.57257080078125,12141064
2025-02-05,321.0,323.04998779296875,318.3999938964844,319.6000061035156,308.05450439453125,12226722
2025-02-06,322.6000061035156,322.70001220703125,311.3999938964844,312.79998779296875,301.50018310546875,13384442
2025-02-07,313.5,319.25,312.1000061035156,316.95001220703125,305.50030517578125,8937447
2025-02-10,316.5,316.8500061035156,309.0,310.5,299.2832946777344,6806132
2025-02-11,312.3500061035156,312.3500061035156,304.1499938964844,305.6000061035156,294.560302734375,13241830
2025-02-12,306.20001220703125,307.5,300.0,306.25,295.1867980957031,7616083
2025-02-13,306.1499938964844,308.6000061035156,303.1000061035156,306.70001220703125,295.6205749511719,9086906
2025-02-14,306.8500061035156,308.25,298.3500061035156,300.3500061035156,289.49993896484375,7446248
2025-02-17,297.5,303.20001220703125,292.79998779296875,302.3500061035156,291.4277038574219,6464173
2025-02-18,301.1499938964844,312.3999938964844,297.5,311.20001220703125,299.9580078125,15793327
2025-02-19,311.20001220703125,316.3500061035156,310.6000061035156,314.79998779296875,303.4279479980469,13079903
2025-02-20,312.54998779296875,327.1499938964844,311.5,325.1499938964844,313.4040222167969,22888146
2025-02-21,323.29998779296875,329.75,321.54998779296875,326.25,314.4643249511719,10809296
2025-02-24,322.1000061035156,325.3999938964844,319.45001220703125,320.1000061035156,308.5364990234375,6034113
2025-02-25,320.1000061035156,321.5,315.75,318.70001220703125,307.1870422363281,10686112
2025-02-27,315.3500061035156,319.29998779296875,314.5,315.70001220703125,304.2954406738281,7302366
2025-02-28,314.0,315.6499938964844,306.54998779296875,311.45001220703125,300.1989440917969,21127180
2025-03-03,311.29998779296875,317.79998779296875,307.70001220703125,314.3999938964844,303.0423889160156,9779703
2025-03-04,311.29998779296875,314.8999938964844,308.0,313.75,302.4158935546875,8734999
2025-03-05,313.54998779296875,327.29998779296875,313.5,326.20001220703125,314.4161376953125,10493615
2025-03-06,329.0,338.79998779296875,323.20001220703125,337.8999938964844,325.6934509277344,26294903
2025-03-07,335.8500061035156,338.75,328.70001220703125,329.54998779296875,317.6450500488281,8992315
2025-03-10,329.45001220703125,334.95001220703125,326.29998779296875,329.3999938964844,317.50048828125,11383132
2025-03-11,327.0,333.25,323.70001220703125,330.29998779296875,318.3680114746094,10299324
2025-03-12,331.0,334.79998779296875,326.3999938964844,330.1499938964844,318.2234191894531,6984859
2025-03-13,332.0,334.54998779296875,328.45001220703125,331.8999938964844,319.9101867675781,8965150
2025-03-17,332.95001220703125,334.5,330.5,331.6499938964844,319.6692199707031,4353561
2025-03-18,331.6499938964844,331.6499938964844,331.6499938964844,331.6499938964844,319.6692199707031,0
2025-03-19,339.0,343.8999938964844,336.3500061035156,341.29998779296875,328.9705810546875,30582397
2025-03-20,344.70001220703125,344.70001220703125,340.29998779296875,341.75,329.4043884277344,15002119
2025-03-21,342.0,353.8500061035156,341.75,351.29998779296875,338.6094055175781,36406837
2025-03-24,357.0,368.0,353.6499938964844,366.95001220703125,353.69403076171875,24588471
2025-03-25,369.0,371.45001220703125,364.1499938964844,366.95001220703125,353.69403076171875,23189083
2025-03-26,366.95001220703125,369.0,353.29998779296875,354.6499938964844,341.83831787109375,18668095
2025-03-27,353.8999938964844,364.45001220703125,351.0,360.6499938964844,347.6216125488281,37930538
2025-03-28,362.0,364.29998779296875,356.45001220703125,357.6000061035156,344.6817932128906,11327077
2025-04-01,352.3500061035156,362.8999938964844,350.8500061035156,352.1499938964844,339.4286804199219,18736320
2025-04-02,352.1499938964844,353.45001220703125,347.04998779296875,351.75,339.0431213378906,13593404
2025-04-03,351.75,361.3500061035156,351.75,358.8999938964844,345.9348449707031,10317410
2025-04-04,358.8500061035156,358.8500061035156,348.54998779296875,350.3999938964844,337.74188232421875,10872963
2025-04-07,328.0,351.3999938964844,324.0,349.79998779296875,337.1635437011719,18025165
2025-04-08,356.8500061035156,358.25,350.0,352.95001220703125,340.1997985839844,17506712
2025-04-09,354.0,354.79998779296875,348.20001220703125,349.3500061035156,336.7298583984375,7462119
2025-04-11,351.0,361.5,351.0,360.1000061035156,347.09149169921875,11246077
2025-04-15,367.0,368.45001220703125,361.54998779296875,362.5,349.40478515625,17497327
2025-04-16,362.5,363.0,357.8999938964844,359.29998779296875,346.32037353515625,11541484
2025-04-17,359.25,365.45001220703125,357.25,364.0,350.8505554199219,12288196
2025-04-21,365.79998779296875,368.20001220703125,361.79998779296875,364.54998779296875,351.3807067871094,7375594
2025-04-22,367.04998779296875,367.04998779296875,359.70001220703125,360.25,347.236083984375,12077119
2025-04-23,362.95001220703125,364.25,357.8999938964844,363.79998779296875,350.6578369140625,9719205
2025-04-24,363.75,366.45001220703125,361.6000061035156,363.20001220703125,350.07952880859375,7491123
2025-04-25,363.20001220703125,365.79998779296875,351.1000061035156,356.45001220703125,343.5733642578125,9785640
2025-04-28,353.70001220703125,362.8999938964844,353.70001220703125,361.5,348.4408874511719,5315840
2025-04-29,364.0,364.3500061035156,354.1000061035156,356.95001220703125,344.0553283691406,9472828
2025-04-30,357.0,361.0,352.0,354.54998779296875,341.7419738769531,16739088
2025-05-02,354.54998779296875,358.0,347.6000061035156,348.70001220703125,336.1033020019531,8221620
2025-05-05,351.0,352.0,345.54998779296875,348.6000061035156,336.0069274902344,9492646
2025-05-06,349.0,349.5,340.0,341.79998779296875,329.4525146484375,8904223
2025-05-07,338.0,343.70001220703125,337.0,342.04998779296875,329.69354248046875,8465490
2025-05-08,341.04998779296875,343.1000061035156,338.3999938964844,340.0,327.71759033203125,14286109
2025-05-09,334.20001220703125,338.75,330.6000061035156,334.75,322.6572570800781,11322011
2025-05-12,340.3999938964844,349.20001220703125,338.1000061035156,348.54998779296875,335.9587097167969,7978210
2025-05-13,348.6000061035156,349.79998779296875,340.5,341.5,329.1634216308594,14738980
2025-05-14,342.45001220703125,343.8500061035156,337.75,338.54998779296875,326.3199462890625,22485535
2025-05-15,339.5,343.75,332.6499938964844,341.95001220703125,329.59716796875,43307763
2025-05-16,343.0,347.6000061035156,342.0,343.1000061035156,330.70562744140625,6920351
2025-05-19,343.1000061035156,347.70001220703125,342.3999938964844,345.1499938964844,332.6815490722656,6218209
2025-05-20,346.8999938964844,349.70001220703125,341.54998779296875,342.6000061035156,330.2236633300781,9986143
2025-05-21,342.54998779296875,347.3999938964844,339.8500061035156,346.1499938964844,333.6454162597656,5930972
2025-05-22,346.1499938964844,347.0,338.25,341.3999938964844,329.0670166015625,8717514
2025-05-23,342.0,344.95001220703125,340.1499938964844,344.6000061035156,332.1513977050781,4045937
2025-05-26,351.0,351.20001220703125,342.54998779296875,343.5,331.0911560058594,16655082
2025-05-27,344.0,344.5,336.79998779296875,338.54998779296875,326.3199462890625,24937330
2025-05-28,338.6000061035156,340.70001220703125,337.1000061035156,340.04998779296875,327.7657775878906,10985957
2025-05-29,341.0,342.25,338.04998779296875,339.3500061035156,327.091064453125,15884093
2025-05-30,337.5,340.75,332.8500061035156,333.8999938964844,321.83795166015625,19143010
2025-06-02,333.8999938964844,334.79998779296875,330.29998779296875,332.54998779296875,320.5367126464844,29479727
2025-06-03,333.0,334.75,327.0,328.25,316.3920593261719,14081719
2025-06-04,329.0,329.95001220703125,324.8500061035156,329.25,317.3559265136719,15654279
2025-06-05,329.20001220703125,331.6000061035156,327.6000061035156,328.6499938964844,316.7776184082031,16270360
2025-06-06,329.6499938964844,333.5,329.04998779296875,332.8500061035156,320.82586669921875,11402511
2025-06-09,333.8999938964844,337.54998779296875,332.75,337.1000061035156,324.92236328125,19416373
2025-06-10,338.79998779296875,340.8999938964844,336.79998779296875,339.20001220703125,326.9465026855469,12061248
2025-06-11,341.0,342.6000061035156,337.45001220703125,338.1000061035156,325.8861999511719,10807496
2025-06-12,338.1499938964844,341.6499938964844,332.6499938964844,333.70001220703125,321.6451721191406,11881618
2025-06-13,326.79998779296875,332.8999938964844,326.6000061035156,331.95001220703125,319.95843505859375,11711773
2025-06-16,332.0,334.6499938964844,330.6000061035156,333.70001220703125,321.6451721191406,8065112
2025-06-17,334.0,336.8999938964844,333.1000061035156,335.20001220703125,323.09100341796875,6796992
2025-06-18,335.20001220703125,335.8999938964844,330.75,332.3999938964844,320.3921203613281,17835507
2025-06-19,332.3999938964844,333.1499938964844,328.54998779296875,330.04998779296875,318.1269836425781,11610604
2025-06-20,330.0,336.0,329.70001220703125,335.20001220703125,323.09100341796875,16592862
2025-06-23,333.70001220703125,335.70001220703125,330.3500061035156,332.6000061035156,320.58489990234375,8277787
2025-06-24,331.0,331.70001220703125,321.3500061035156,329.95001220703125,318.0306396484375,100814893
2025-06-25,331.5,333.70001220703125,329.3999938964844,330.8500061035156,318.89813232421875,17963666
2025-06-26,332.3999938964844,337.79998779296875,331.29998779296875,337.1499938964844,324.9705505371094,13754087
2025-06-27,338.95001220703125,341.29998779296875,334.45001220703125,338.29998779296875,326.0790100097656,50845169
2025-06-30,335.75,337.25,333.6499938964844,334.8999938964844,322.8018493652344,11858890
2025-07-01,335.25,335.25,332.1499938964844,332.6000061035156,320.58489990234375,8903292
2025-07-02,332.6499938964844,335.6499938964844,331.29998779296875,333.75,321.693359375,11326880
2025-07-03,334.6000061035156,336.3500061035156,331.0,334.6000061035156,322.5126647949219,15786429
2025-07-04,335.70001220703125,336.0,332.25,335.5,323.3801574707031,5899185
2025-07-07,335.5,339.0,333.75,337.45001220703125,325.25970458984375,9454556
2025-07-08,338.20001220703125,343.8999938964844,337.0,343.20001220703125,330.8020324707031,12092302
2025-07-09,343.25,345.6000061035156,342.79998779296875,344.0,331.5730895996094,9079872
2025-07-10,344.0,345.0,341.20001220703125,341.45001220703125,329.1152038574219,6426072
2025-07-11,340.5,344.0,339.5,342.70001220703125,330.320068359375,17234194
2025-07-14,343.04998779296875,345.0,339.95001220703125,342.1000061035156,329.7417297363281,11516965
2025-07-15,343.1499938964844,344.1000061035156,340.95001220703125,342.0,329.6453552246094,8450777
2025-07-16,342.0,343.79998779296875,340.79998779296875,342.45001220703125,330.0791320800781,6001484
2025-07-17,344.20001220703125,344.5,342.0,342.6499938964844,330.2718505859375,7562006
2025-07-18,343.0,343.8999938964844,340.6499938964844,342.1000061035156,329.7417297363281,6370338
2025-07-21,342.1000061035156,342.79998779296875,339.29998779296875,341.54998779296875,329.2115783691406,4463318
2025-07-22,341.54998779296875,342.6000061035156,340.04998779296875,340.8500061035156,328.53692626953125,4728372
2025-07-23,341.79998779296875,344.0,340.95001220703125,343.04998779296875,330.6573791503906,5058422
2025-07-24,343.6000061035156,343.6000061035156,336.5,338.8999938964844,326.65728759765625,9098453
2025-07-25,338.8999938964844,339.8999938964844,332.54998779296875,333.20001220703125,321.1632385253906,7790739
2025-07-28,333.45001220703125,336.6000061035156,330.3500061035156,332.95001220703125,320.9222412109375,4605823
2025-07-29,332.0,335.5,328.5,334.6000061035156,322.5126647949219,7551356
2025-07-30,335.0,342.29998779296875,332.5,338.79998779296875,326.5609436035156,12537358
2025-07-31,336.04998779296875,340.1000061035156,333.0,334.25,322.1753234863281,8935384
2025-08-01,333.0,334.75,330.20001220703125,330.8999938964844,318.9463195800781,7107542
2025-08-04,330.8999938964844,333.29998779296875,327.20001220703125,332.0,320.006591796875,8193399
2025-08-05,332.45001220703125,334.3500061035156,331.29998779296875,333.6000061035156,321.5487976074219,9855535
2025-08-06,333.6000061035156,335.3999938964844,331.6000061035156,332.1000061035156,320.10296630859375,13872826
2025-08-07,332.1000061035156,332.45001220703125,328.6499938964844,329.75,317.837890625,8731389
2025-08-08,330.0,337.5,329.6499938964844,334.75,322.6572570800781,11247218
2025-08-11,335.0,339.1000061035156,333.95001220703125,336.1499938964844,324.00665283203125,11993280
2025-08-12,336.25,341.8500061035156,335.75,340.1000061035156,327.81396484375,7221182
2025-08-13,340.29998779296875,343.0,339.1499938964844,339.95001220703125,327.6694030761719,5417151
2025-08-14,339.95001220703125,340.45001220703125,336.29998779296875,339.3500061035156,327.091064453125,5689423
2025-08-18,341.45001220703125,341.79998779296875,335.45001220703125,336.04998779296875,323.9102478027344,6511340
2025-08-19,338.8999938964844,340.6499938964844,334.1499938964844,335.04998779296875,322.9464111328125,10316115
2025-08-20,337.79998779296875,343.3999938964844,336.5,342.0,329.6453552246094,10824544
2025-08-21,342.3500061035156,344.3500061035156,336.8999938964844,338.79998779296875,326.5609436035156,11135121
2025-08-22,338.5,338.8999938964844,335.5,337.0,324.8259582519531,8534844
2025-08-25,337.04998779296875,341.3999938964844,337.04998779296875,337.8500061035156,325.6452331542969,7142387
2025-08-26,336.1499938964844,337.3999938964844,331.75,333.20001220703125,321.1632385253906,13113388
2025-08-28,331.25,332.8999938964844,328.70001220703125,330.79998779296875,318.84991455078125,10486948
2025-08-29,331.0,331.5,327.0,327.54998779296875,315.71728515625,11813425
2025-09-01,328.0,331.6000061035156,328.0,330.70001220703125,318.7535705566406,6897558
2025-09-02,331.1000061035156,338.25,331.1000061035156,336.29998779296875,324.1512451171875,9224639
2025-09-03,336.5,338.0,333.5,334.25,322.1753234863281,10778333
2025-09-04,333.5,334.8999938964844,329.29998779296875,330.04998779296875,321.3476867675781,7934237
2025-09-05,330.04998779296875,331.79998779296875,325.95001220703125,328.70001220703125,320.0333557128906,5678244
2025-09-08,328.75,330.95001220703125,326.3500061035156,326.70001220703125,318.0860595703125,5239184
2025-09-09,327.6000061035156,328.1499938964844,323.6499938964844,324.1000061035156,315.5545959472656,9735495
2025-09-10,325.5,328.04998779296875,325.1499938964844,325.6499938964844,317.0637512207031,6509477
2025-09-11,326.45001220703125,333.5,326.0,331.04998779296875,322.32135009765625,10309925
2025-09-12,332.0,333.5,328.3999938964844,331.70001220703125,322.9542236328125,5257048
2025-09-15,331.0,333.79998779296875,330.6499938964844,331.1000061035156,322.37005615234375,6566824
2025-09-16,331.20001220703125,335.79998779296875,331.20001220703125,335.04998779296875,326.2159118652344,8784889
2025-09-17,335.5,337.45001220703125,334.54998779296875,336.3999938964844,327.5302734375,7936518
2025-09-18,337.0,337.6000061035156,334.1000061035156,336.95001220703125,328.0657958984375,6497322
2025-09-19,336.95001220703125,339.5,336.45001220703125,338.6499938964844,329.7209777832031,10646331
2025-09-22,339.1499938964844,340.3500061035156,336.8500061035156,339.20001220703125,330.2565002441406,6966213
2025-09-23,339.45001220703125,344.1000061035156,338.1000061035156,343.0,333.9562683105469,10738268
2025-09-24,343.29998779296875,350.3999938964844,342.25,347.6000061035156,338.43499755859375,14653575
2025-09-25,349.29998779296875,350.79998779296875,340.0,340.5,331.5221862792969,13228081
2025-09-26,340.5,340.75,336.45001220703125,337.8999938964844,328.9907531738281,6337702
2025-09-29,339.1000061035156,343.75,338.0,340.95001220703125,331.9603576660156,16922231
2025-09-30,341.1000061035156,343.04998779296875,339.1499938964844,340.45001220703125,331.4735412597656,8308029
2025-10-01,340.29998779296875,343.04998779296875,338.04998779296875,340.25,331.2787780761719,6022078
2025-10-03,340.25,343.5,338.75,342.0,332.9826354980469,8506827
2025-10-06,340.6000061035156,341.79998779296875,335.6499938964844,339.1000061035156,330.15911865234375,8436245
2025-10-07,339.1000061035156,341.3999938964844,336.8500061035156,338.0,329.0881042480469,16130172
2025-10-08,339.25,339.25,332.29998779296875,333.79998779296875,324.99884033203125,13223442
2025-10-09,333.79998779296875,336.3999938964844,331.20001220703125,335.8500061035156,326.99481201171875,6824759
2025-10-10,336.0,341.95001220703125,335.95001220703125,339.70001220703125,330.7432861328125,8970962
2025-10-13,337.95001220703125,342.1000061035156,336.20001220703125,341.70001220703125,332.6905517578125,6663149
2025-10-14,342.0,343.0,335.20001220703125,336.6499938964844,327.773681640625,7545848
2025-10-15,336.95001220703125,341.75,336.75,339.25,330.30517578125,8121744
2025-10-16,340.20001220703125,342.6000061035156,339.6499938964844,341.5,332.495849609375,6788416
2025-10-17,341.5,344.20001220703125,340.1499938964844,341.0,332.009033203125,7032129
2025-10-20,341.3999938964844,344.45001220703125,340.29998779296875,341.95001220703125,332.9339904785156,6896835
2025-10-21,342.95001220703125,343.5,341.04998779296875,342.0,332.9826354980469,346988
2025-10-23,343.79998779296875,345.20001220703125,341.04998779296875,342.6499938964844,333.6155090332031,8710859
2025-10-24,342.45001220703125,343.25,338.1499938964844,339.6000061035156,330.64593505859375,7584711
2025-10-27,340.70001220703125,342.8999938964844,340.45001220703125,341.75,332.7392578125,6752390
2025-10-28,342.3999938964844,342.8999938964844,337.29998779296875,339.1499938964844,330.2077941894531,13186584
2025-10-29,339.25,350.0,339.1499938964844,347.5,338.3376159667969,15423201
2025-10-30,349.0,349.0,343.45001220703125,345.1499938964844,336.0495910644531,6721032
2025-10-31,345.0,345.0,335.6000061035156,336.95001220703125,328.0657958984375,18651312
2025-11-03,336.8500061035156,337.5,333.3999938964844,335.20001220703125,326.3619384765625,10242245
2025-11-04,335.3999938964844,336.0,329.70001220703125,330.6000061035156,321.8832092285156,11887651
2025-11-06,332.04998779296875,332.95001220703125,324.6000061035156,326.6499938964844,318.037353515625,11587302
2025-11-07,324.3999938964844,327.1000061035156,320.8500061035156,326.1000061035156,320.1975402832031,8578167
2025-11-10,326.1000061035156,328.25,324.0,325.45001220703125,319.559326171875,5246998
2025-11-11,325.95001220703125,327.45001220703125,322.8500061035156,326.6499938964844,320.7375793457031,6103758
2025-11-12,327.5,328.25,325.54998779296875,327.1499938964844,321.2285461425781,6850550
2025-11-13,327.1499938964844,329.95001220703125,325.54998779296875,326.95001220703125,321.0321960449219,7276001
2025-11-14,327.0,329.8999938964844,326.20001220703125,328.45001220703125,322.5050354003906,9169855
2025-11-17,329.0,331.45001220703125,328.54998779296875,330.20001220703125,324.2233581542969,6283156
2025-11-18,329.04998779296875,329.75,327.1499938964844,328.45001220703125,322.5050354003906,6776200
2025-11-19,328.95001220703125,328.95001220703125,325.04998779296875,326.6000061035156,320.6885070800781,6935056
2025-11-20,328.0,330.0,326.20001220703125,326.6000061035156,320.6885070800781,5155775
2025-11-21,326.8500061035156,328.3999938964844,325.0,326.6499938964844,320.7375793457031,6142545
2025-11-24,326.70001220703125,327.1000061035156,322.04998779296875,323.45001220703125,317.59552001953125,13719726
2025-11-25,323.45001220703125,325.6000061035156,322.5,323.70001220703125,317.84100341796875,8074651
2025-11-26,324.29998779296875,327.79998779296875,324.0,326.1000061035156,320.1975402832031,7101095
2025-11-27,327.1499938964844,328.75,325.0,327.3500061035156,321.4249267578125,6755179
2025-11-28,328.0,328.1499938964844,324.25,326.45001220703125,320.5412292480469,8930988
2025-12-01,327.1000061035156,328.25,325.45001220703125,327.1000061035156,321.1794738769531,6936186
2025-12-02,327.45001220703125,329.95001220703125,326.75,328.6000061035156,322.6523132324219,5806943
2025-12-03,329.0,329.0,321.29998779296875,322.95001220703125,317.1045837402344,8546132
2025-12-04,322.8999938964844,324.29998779296875,321.1000061035156,322.95001220703125,317.1045837402344,5965357
2025-12-05,322.25,324.1499938964844,320.95001220703125,323.29998779296875,317.4482116699219,6574010
2025-12-08,323.20001220703125,323.20001220703125,317.8500061035156,319.5,313.7170104980469,7906928
2025-12-09,317.45001220703125,321.3999938964844,315.54998779296875,319.8500061035156,314.0606994628906,7152584
2025-12-10,319.8500061035156,323.70001220703125,319.5,321.6000061035156,315.77899169921875,5484712
2025-12-11,321.6499938964844,323.45001220703125,319.1499938964844,322.6000061035156,316.76092529296875,6317942
2025-12-12,322.8999938964844,325.95001220703125,322.8999938964844,325.04998779296875,319.1665344238281,4261023
2025-12-15,323.04998779296875,325.29998779296875,321.54998779296875,323.95001220703125,318.08648681640625,10219819
2025-12-16,322.04998779296875,323.79998779296875,319.04998779296875,321.0,315.18988037109375,5241263
2025-12-17,320.0,322.3999938964844,319.54998779296875,321.25,315.4353332519531,5043027
2025-12-18,322.0,322.1499938964844,317.0,318.5,312.735107421875,5554193
2025-12-19,318.95001220703125,320.6000061035156,317.5,319.8999938964844,314.1097717285156,10833662
2025-12-22,319.95001220703125,323.6499938964844,319.5,320.70001220703125,314.8952941894531,8925871
2025-12-23,321.04998779296875,324.75,320.25,323.25,317.3991394042969,6024641
2025-12-24,323.8999938964844,326.6499938964844,322.25,322.54998779296875,316.7117919921875,5678004
2025-12-26,322.54998779296875,325.75,322.29998779296875,324.1000061035156,318.2337341308594,4174183
2025-12-29,324.1000061035156,325.79998779296875,323.04998779296875,325.5,319.6084289550781,14043845
2025-12-30,325.0,325.54998779296875,323.3500061035156,324.8999938964844,319.0192565917969,8035909
2025-12-31,324.75,330.6499938964844,324.70001220703125,329.54998779296875,323.5850830078125,8497983
2026-01-01,329.79998779296875,336.8999938964844,329.6000061035156,336.29998779296875,330.2129211425781,10357315
2026-01-02,336.79998779296875,353.0,335.95001220703125,352.1000061035156,345.7269592285156,23128940
2026-01-05,350.3500061035156,354.79998779296875,348.3999938964844,350.6000061035156,344.2541198730469,18248271
2026-01-06,349.8999938964844,354.1000061035156,346.1499938964844,350.79998779296875,344.4504699707031,8641743
2026-01-07,349.54998779296875,351.3500061035156,346.29998779296875,348.8500061035156,342.5357666015625,7165806
2026-01-08,346.75,349.79998779296875,342.20001220703125,344.3999938964844,338.16632080078125,8805975
2026-01-09,344.3999938964844,344.3999938964844,334.3999938964844,336.0,329.9183654785156,10161744
2026-01-12,336.75,340.6499938964844,333.70001220703125,337.45001220703125,331.34210205078125,9406174
2026-01-13,337.45001220703125,339.25,335.04998779296875,337.8999938964844,331.7839660644531,5583379
2026-01-14,338.8999938964844,350.5,337.45001220703125,349.1000061035156,342.78125,20389924
2026-01-15,349.1000061035156,349.1000061035156,349.1000061035156,349.1000061035156,342.78125,0
2026-01-16,352.6499938964844,354.04998779296875,345.3999938964844,346.3500061035156,340.0810241699219,14275582
2026-01-19,343.5,347.95001220703125,342.04998779296875,343.3500061035156,337.1353454589844,9974363
2026-01-20,343.0,348.29998779296875,337.70001220703125,338.75,332.61859130859375,7718407
2026-01-21,338.79998779296875,341.6000061035156,336.79998779296875,338.70001220703125,332.56951904296875,6948955
2026-01-22,338.70001220703125,343.20001220703125,337.1000061035156,342.45001220703125,336.25164794921875,5885972
2026-01-23,343.95001220703125,345.45001220703125,336.1000061035156,336.70001220703125,330.605712890625,10084314
2026-01-27,340.5,346.5,337.04998779296875,344.70001220703125,338.4609069824219,12203590
2026-01-28,344.70001220703125,353.25,344.70001220703125,348.04998779296875,341.750244140625,13566973
2026-01-29,350.0,360.5,347.29998779296875,358.1499938964844,351.6674499511719,20624409
2026-01-30,359.0,359.3500061035156,351.1000061035156,356.0,349.5563659667969,22641103
2026-02-02,344.95001220703125,352.75,337.75,350.3500061035156,344.0086364746094,12622760
2026-02-03,365.95001220703125,365.95001220703125,353.79998779296875,358.54998779296875,352.0602111816406,11559806
2026-02-04,359.45001220703125,368.54998779296875,357.6000061035156,367.25,360.60272216796875,15515053
2026-02-05,369.75,370.70001220703125,365.0,367.0,360.3572692871094,18789794
2026-02-06,361.79998779296875,365.95001220703125,361.0,365.04998779296875,361.1487121582031,7328789
2026-02-09,366.54998779296875,368.6000061035156,361.0,361.8999938964844,358.0323791503906,7983235
2026-02-10,361.8999938964844,368.1499938964844,361.25,366.8999938964844,362.97894287109375,8319282
2026-02-11,369.0,369.0,366.0,368.45001220703125,364.51239013671875,5782448
2026-02-12,370.0,372.0,366.8500061035156,368.25,364.31451416015625,6763353
2026-02-13,367.54998779296875,368.0,362.3999938964844,363.0,359.1206359863281,7111972
2026-02-16,362.6000061035156,369.6499938964844,362.5,369.1000061035156,365.1554260253906,6292850
2026-02-17,368.75,369.5,366.04998779296875,368.3999938964844,364.462890625,4442793
2026-02-18,368.45001220703125,370.70001220703125,367.3999938964844,368.3999938964844,364.462890625,4871319
2026-02-19,367.0,370.8999938964844,362.20001220703125,363.20001220703125,359.3184814453125,5375352
2026-02-20,362.79998779296875,373.6499938964844,362.70001220703125,372.95001220703125,368.96429443359375,16736731
2026-02-23,374.0,376.5,372.1499938964844,375.45001220703125,371.4375915527344,16135451
2026-02-24,374.95001220703125,385.0,373.54998779296875,382.75,378.6595458984375,20774629
2026-02-25,382.75,388.54998779296875,382.70001220703125,384.8999938964844,380.78656005859375,12750016
2026-02-26,385.0,385.8500061035156,378.3999938964844,381.8999938964844,377.8186340332031,10721570
2026-02-27,381.0,385.20001220703125,380.1499938964844,381.8999938964844,377.8186340332031,11548959
2026-03-02,365.0,378.95001220703125,365.0,377.54998779296875,373.5151062011719,14732253
2026-03-04,370.75,373.8500061035156,364.1000061035156,365.79998779296875,361.89068603515625,11433169
2026-03-05,366.95001220703125,379.8999938964844,366.6000061035156,378.04998779296875,374.009765625,16158714
2026-03-06,377.0,385.54998779296875,374.6499938964844,380.6000061035156,376.53253173828125,14940896
2026-03-09,373.0,379.0,371.3999938964844,376.25,372.22900390625,11286578
2026-03-10,385.0,385.45001220703125,374.8500061035156,377.29998779296875,373.2677917480469,10875834
2026-03-11,377.5,383.8999938964844,376.45001220703125,379.8999938964844,375.8399963378906,9963701
2026-03-12,379.0,392.3999938964844,375.6499938964844,390.54998779296875,386.3761901855469,23847146
2026-03-13,391.8500061035156,394.5,383.20001220703125,384.45001220703125,380.3414001464844,27107369
2026-03-16,384.5,388.25,375.45001220703125,382.3999938964844,378.31329345703125,16793109
2026-03-17,382.8999938964844,385.8999938964844,378.29998779296875,383.3500061035156,379.2531433105469,9720902
2026-03-18,385.0,386.3500061035156,377.6000061035156,378.5,374.4549865722656,10681498
2026-03-19,373.5,380.75,373.1000061035156,374.04998779296875,370.0525207519531,10568326
2026-03-20,375.8500061035156,383.29998779296875,375.5,380.95001220703125,376.8788146972656,20930288
2026-03-23,377.1000061035156,379.5,369.29998779296875,372.3999938964844,368.420166015625,13148432
2026-03-24,378.0,378.1499938964844,371.0,375.54998779296875,371.5364990234375,9339144
2026-03-25,376.0,380.95001220703125,375.6000061035156,378.3999938964844,374.3560485839844,9266292
2026-03-27,379.8999938964844,379.8999938964844,374.6499938964844,375.6499938964844,371.63543701171875,20263654
2026-03-30,374.0,377.95001220703125,369.6499938964844,370.6499938964844,366.6888732910156,17974103
2026-04-01,381.29998779296875,381.8999938964844,361.45001220703125,364.6499938964844,360.75299072265625,15449629
2026-04-02,359.95001220703125,361.29998779296875,352.0,359.6499938964844,355.8064270019531,16551512
2026-04-06,358.79998779296875,366.75,355.70001220703125,366.1000061035156,362.1875,11534034
2026-04-07,364.8500061035156,369.79998779296875,362.25,368.8500061035156,364.9081115722656,12603971
2026-04-08,373.5,375.54998779296875,368.25,374.1499938964844,370.1514587402344,19491331
2026-04-09,376.95001220703125,384.20001220703125,376.5,378.6499938964844,374.6033630371094,18503665
2026-04-10,381.20001220703125,384.45001220703125,372.04998779296875,380.1499938964844,376.08734130859375,14953758
2026-04-13,374.3500061035156,388.0,374.3500061035156,386.25,382.1221618652344,15240045
2026-04-15,390.25,393.95001220703125,387.1000061035156,392.6000061035156,388.404296875,7722460
2026-04-16,397.0,397.25,387.79998779296875,390.79998779296875,386.6235046386719,9896906
2026-04-17,393.0,396.25,388.45001220703125,393.6000061035156,389.39361572265625,15320653
2026-04-20,393.0,400.8500061035156,390.6499938964844,398.0,393.74658203125,9895187
2026-04-21,398.6000061035156,402.70001220703125,395.70001220703125,396.20001220703125,391.9658203125,9493644
2026-04-22,398.0,407.25,393.20001220703125,405.3999938964844,401.0674743652344,16411131
2026-04-23,404.0,405.8999938964844,400.3999938964844,402.25,397.951171875,9144699
2026-04-24,404.75,405.25,399.20001220703125,401.8500061035156,397.5554504394531,6266676
2026-04-27,403.8999938964844,414.3999938964844,402.6000061035156,410.20001220703125,405.8161926269531,13001752
2026-04-28,414.0,414.20001220703125,405.95001220703125,406.8500061035156,402.50201416015625,7726655
2026-04-29,409.5,410.0,399.6499938964844,401.29998779296875,397.01129150390625,11920835
2026-04-30,400.0,400.29998779296875,393.1499938964844,399.1499938964844,394.88427734375,7706357
2026-05-01,399.1499938964844,399.1499938964844,399.1499938964844,399.1499938964844,394.88427734375,0
2026-05-04,400.0,404.79998779296875,397.25,400.04998779296875,395.774658203125,6333200
2026-05-05,398.29998779296875,400.5,394.54998779296875,398.6499938964844,394.3896179199219,6791514
2026-05-06,400.0,403.0,391.6499938964844,394.8500061035156,390.6302490234375,11120409
2026-05-07,396.75,403.5,393.1499938964844,400.3500061035156,396.07147216796875,9700378
2026-05-08,398.0,405.1000061035156,397.1499938964844,402.1499938964844,397.85223388671875,4740939
2026-05-11,401.8999938964844,405.0,391.0,392.95001220703125,388.75054931640625,10088836
2026-05-12,392.20001220703125,399.8500061035156,391.25,392.70001220703125,388.50323486328125,10247516
2026-05-13,392.0,394.04998779296875,385.79998779296875,390.45001220703125,386.27728271484375,12322076
2026-05-14,393.70001220703125,398.54998779296875,391.20001220703125,396.29998779296875,392.0647277832031,7363948
2026-05-15,396.0,398.0,392.5,395.25,391.0259704589844,7107857
2026-05-18,393.0,393.8500061035156,384.8999938964844,388.29998779296875,384.1502380371094,7632596
2026-05-19,386.70001220703125,392.75,386.04998779296875,389.3999938964844,385.23846435546875,6693518
2026-05-20,386.1000061035156,393.3500061035156,384.0,392.45001220703125,388.2558898925781,5386249
2026-05-21,393.5,395.54998779296875,387.8500061035156,388.79998779296875,384.6448974609375,10596954
2026-05-22,389.95001220703125,391.5,387.45001220703125,388.6499938964844,384.4964904785156,11755213
2026-05-25,391.95001220703125,392.79998779296875,386.45001220703125,390.04998779296875,385.88153076171875,10489850
2026-05-26,390.75,392.25,389.0,389.70001220703125,385.5352783203125,9062218
2026-05-27,390.3500061035156,403.1000061035156,390.3500061035156,398.1499938964844,393.89495849609375,14418621
2026-05-28,398.1499938964844,398.1499938964844,398.1499938964844,398.1499938964844,393.89495849609375,0
2026-05-29,400.0,401.6499938964844,385.1000061035156,386.8999938964844,382.76519775390625,17003143
2026-06-01,386.8999938964844,389.0,376.5,378.70001220703125,374.6528625488281,18408900
2026-06-02,375.95001220703125,377.5,363.04998779296875,367.3999938964844,363.4736022949219,17496468
2026-06-03,368.04998779296875,371.5,363.70001220703125,366.79998779296875,362.8800048828125,10825715
2026-06-04,366.79998779296875,368.79998779296875,364.3500061035156,366.3999938964844,362.4842834472656,14363519
2026-06-05,365.95001220703125,368.5,358.6499938964844,361.6499938964844,357.7850341796875,10277061
2026-06-08,358.95001220703125,365.3500061035156,355.1499938964844,362.3999938964844,358.52703857421875,14933986
2026-06-09,362.79998779296875,363.70001220703125,355.0,355.6499938964844,351.8491516113281,14246656
2026-06-10,359.0,359.0,351.1000061035156,351.6499938964844,347.89190673828125,14939921
2026-06-11,352.0,353.3500061035156,348.79998779296875,351.8500061035156,348.08978271484375,15079402
2026-06-12,357.0,357.0,349.70001220703125,353.8999938964844,350.11785888671875,8740239
2026-06-15,357.3999938964844,358.0,346.95001220703125,348.1000061035156,344.3798522949219,17190759
2026-06-16,349.75,356.20001220703125,348.5,355.54998779296875,351.7502136230469,14555184
2026-06-17,355.54998779296875,356.04998779296875,352.04998779296875,355.54998779296875,351.7502136230469,9299676
2026-06-18,357.0,363.54998779296875,354.04998779296875,361.95001220703125,358.08184814453125,12260776
2026-06-19,361.95001220703125,368.0,359.95001220703125,365.79998779296875,361.89068603515625,17465450
2026-06-22,365.79998779296875,368.5,364.04998779296875,367.04998779296875,363.1273193359375,11946682
2026-06-23,367.8500061035156,369.25,361.8999938964844,364.6000061035156,360.7035217285156,11696171
2026-06-24,362.8500061035156,364.04998779296875,355.5,357.04998779296875,353.23419189453125,12770898
2026-06-25,356.45001220703125,359.0,351.45001220703125,352.04998779296875,348.2876281738281,19767157
2026-06-26,352.04998779296875,352.04998779296875,352.04998779296875,352.04998779296875,348.2876281738281,0
2026-06-29,352.0,357.8999938964844,351.54998779296875,356.1000061035156,352.29437255859375,49895302
2026-06-30,354.75,358.3500061035156,352.8999938964844,356.6499938964844,352.8384704589844,10291360
2026-07-01,358.0,360.8500061035156,354.25,357.8999938964844,354.0751037597656,6915166
2026-07-02,359.95001220703125,359.95001220703125,352.29998779296875,358.25,354.42138671875,6513560
2026-07-03,358.25,360.1499938964844,355.45001220703125,356.45001220703125,352.640625,6588714
2026-07-06,356.0,359.3999938964844,354.6499938964844,356.25,352.4427490234375,6204261
2026-07-07,355.79998779296875,357.1499938964844,352.54998779296875,354.20001220703125,350.4146728515625,8149003
2026-07-08,351.95001220703125,353.0,347.54998779296875,348.70001220703125,344.97344970703125,9572223
2026-07-09,349.0,351.0,343.1000061035156,343.70001220703125,340.0268859863281,17821421
2026-07-10,344.5,348.79998779296875,343.20001220703125,344.54998779296875,340.8677978515625,13016441
2026-07-13,345.04998779296875,355.0,343.70001220703125,351.75,347.9908447265625,8226337
2026-07-14,348.5,353.95001220703125,347.5,348.1499938964844,344.4293212890625,8579646
2026-07-15,347.5,348.45001220703125,343.04998779296875,344.3500061035156,340.6699523925781,11352533
2026-07-16,344.20001220703125,346.04998779296875,342.1000061035156,342.45001220703125,338.7902526855469,10347549
2026-07-17,342.5,343.8999938964844,340.25,341.8500061035156,338.1966552734375,7612446
2026-07-20,343.0,349.29998779296875,341.1000061035156,347.25,343.5389404296875,14463484
2026-07-21,347.20001220703125,349.1499938964844,344.1499938964844,348.54998779296875,344.8250427246094,8575793
2026-07-22,347.3999938964844,350.8500061035156,345.6499938964844,350.5,346.75421142578125,7035952
2026-07-23,348.54998779296875,350.70001220703125,347.1000061035156,348.6000061035156,344.87451171875,6863144
2026-07-24,347.95001220703125,350.0,345.1000061035156,347.20001220703125,343.489501953125,6300466
2026-07-27,353.0,353.0,347.79998779296875,350.79998779296875,347.0509948730469,12350753
2026-07-28,349.95001220703125,350.0,342.1000061035156,343.75,340.07635498046875,12409670
2026-07-29,343.70001220703125,345.3500061035156,341.1499938964844,343.5,339.8290100097656,8471125
2026-07-30,343.5,347.6499938964844,341.8500061035156,344.8500061035156,341.1645812988281,9943764
2026-07-31,344.1000061035156,348.25,343.54998779296875,347.25,343.5389404296875,8519119
2026-08-03,347.25,350.8999938964844,345.29998779296875,350.8999938964844,347.1499328613281,5460220
2026-08-04,348.0,348.95001220703125,341.6000061035156,343.6499938964844,339.9774169921875,7201524
2026-08-05,343.45001220703125,349.8999938964844,342.75,349.8999938964844,346.1606140136719,18554536
2026-08-06,347.5,349.25,343.1000061035156,345.0,341.31298828125,10079779
2026-08-07,345.0,347.0,342.5,342.5,338.8396911621094,7012048
2026-08-10,342.5,343.70001220703125,337.1499938964844,340.45001220703125,336.8116149902344,8818488
2026-08-11,339.6000061035156,340.3999938964844,336.04998779296875,338.45001220703125,334.8330078125,10043994
2026-08-12,338.45001220703125,341.3500061035156,335.3500061035156,339.45001220703125,335.82232666015625,10152704
2026-08-13,338.04998779296875,344.25,338.0,344.25,340.5710144042969,9672695
2026-08-14,343.6499938964844,343.6499938964844,337.5,340.0,336.3664245605469,7507624
2026-08-17,340.0,340.29998779296875,335.70001220703125,337.0,333.3984680175781,7839848
2026-08-18,337.0,339.29998779296875,333.8999938964844,337.1000061035156,333.4974060058594,9943991
2026-08-19,336.29998779296875,338.8500061035156,333.6000061035156,336.54998779296875,332.9532775878906,7502595
2026-08-20,337.1000061035156,339.54998779296875,334.3999938964844,337.5,333.89312744140625,4185077
2026-08-21,337.0,342.8500061035156,337.0,340.0,336.3664245605469,6534716
2026-08-24,340.70001220703125,342.04998779296875,337.45001220703125,339.5,335.87176513671875,5401943
2026-08-25,339.0,340.79998779296875,335.6499938964844,339.8500061035156,336.218017578125,5260835
2026-08-26,341.54998779296875,344.45001220703125,334.6000061035156,334.6000061035156,331.0241394042969,5903358
2026-08-27,335.0,335.95001220703125,328.3999938964844,330.8999938964844,327.3636779785156,12911842
2026-08-28,329.5,333.1000061035156,328.79998779296875,330.04998779296875,326.5227355957031,7332490
2026-08-31,330.1000061035156,330.45001220703125,323.5,327.3999938964844,323.90106201171875,18400774
2026-09-01,327.3999938964844,328.25,325.04998779296875,327.5,324.0,7377499
2026-09-02,324.0,331.1000061035156,321.0,330.0,330.0,11993091
2026-09-03,330.45001220703125,332.70001220703125,329.1000061035156,330.8999938964844,330.8999938964844,8100926
2026-09-04,332.75,334.04998779296875,329.79998779296875,332.5,332.5,7032282
2026-09-07,332.5,333.79998779296875,330.3500061035156,332.0,332.0,5245813
2026-09-08,330.0,333.20001220703125,328.6499938964844,330.79998779296875,330.79998779296875,7351373
2026-09-09,331.1000061035156,337.5,330.8999938964844,334.5,334.5,11795145
2026-09-10,335.6499938964844,335.70001220703125,333.1000061035156,335.0,335.0,6905905
2026-09-11,333.0,336.25,331.6000061035156,333.3999938964844,333.3999938964844,4968535
2026-09-14,333.3999938964844,333.3999938964844,333.3999938964844,333.3999938964844,333.3999938964844,0
2026-09-15,333.0,333.29998779296875,326.3999938964844,329.5,329.5,8445501
2026-09-16,329.5,329.95001220703125,326.54998779296875,327.0,327.0,6556304
2026-09-17,327.79998779296875,331.29998779296875,327.20001220703125,329.6000061035156,329.6000061035156,5589949
2026-09-18,329.79998779296875,330.8500061035156,323.6499938964844,323.6499938964844,323.6499938964844,9448827
2026-09-21,325.0,328.75,324.8500061035156,326.3999938964844,326.3999938964844,5098202
2026-09-22,326.5,329.0,325.54998779296875,327.79998779296875,327.79998779296875,6219007
2026-09-23,326.5,329.3999938964844,325.0,326.0,326.0,10525477
2026-09-24,326.95001220703125,327.70001220703125,324.3999938964844,326.6000061035156,326.6000061035156,7662580
2026-09-25,327.29998779296875,327.29998779296875,323.5,326.6000061035156,326.6000061035156,6075589
2026-09-28,326.6000061035156,326.6000061035156,320.20001220703125,321.1000061035156,321.1000061035156,5982092
2026-09-29,320.5,325.0,317.54998779296875,323.5,323.5,11956206
2026-09-30,323.5,323.95001220703125,318.8999938964844,322.75,322.75,6908628
