date,open,high,low,close,adj_close,volume
2015-01-01,271.95001220703125,277.3500061035156,267.4750061035156,274.625,257.62457275390625,345212
2015-01-02,279.0,284.8500061035156,279.0,279.95001220703125,262.6199035644531,935902
2015-01-05,281.25,282.79998779296875,275.0,275.8999938964844,258.820556640625,377842
2015-01-06,275.95001220703125,276.0,262.5,263.29998779296875,247.00057983398438,819348
2015-01-07,264.04998779296875,266.8500061035156,259.5,259.9750061035156,243.88145446777344,1221380
2015-01-08,262.5,263.95001220703125,259.57501220703125,259.8999938964844,243.81106567382812,952086
2015-01-09,264.3500061035156,264.3500061035156,259.0249938964844,261.125,244.9602508544922,2101544
2015-01-12,261.45001220703125,267.0,260.5249938964844,262.8500061035156,246.5784454345703,617090
2015-01-13,262.57501220703125,272.0,262.5,269.2749938964844,252.605712890625,1113122
2015-01-14,272.9750061035156,288.4750061035156,272.5,283.6499938964844,266.0908203125,3088486
2015-01-15,286.4750061035156,297.4750061035156,278.0,293.04998779296875,274.90899658203125,1279266
2015-01-16,293.32501220703125,303.5,286.32501220703125,287.92498779296875,270.10113525390625,2027708
2015-01-19,290.42498779296875,295.0,287.54998779296875,288.82501220703125,270.9454345703125,684778
2015-01-20,289.92498779296875,292.5,286.54998779296875,289.3500061035156,271.43798828125,650212
2015-01-21,290.7250061035156,295.1000061035156,288.9750061035156,292.82501220703125,274.6978759765625,1108404
2015-01-22,292.75,294.20001220703125,287.5,289.45001220703125,271.5318298339844,508870
2015-01-23,290.5,292.8999938964844,283.25,284.8999938964844,267.2634582519531,944376
2015-01-27,286.0,291.0,284.0,287.82501220703125,270.0074157714844,1030366
2015-01-28,290.3999938964844,291.7250061035156,285.04998779296875,287.54998779296875,269.7494201660156,1080540
2015-01-29,289.5,292.25,286.5,287.95001220703125,270.1246643066406,528730
2015-01-30,289.5,291.75,283.25,285.3500061035156,267.6855773925781,698892
2015-02-02,283.75,285.3500061035156,270.07501220703125,272.4750061035156,255.60768127441406,630038
2015-02-03,272.4750061035156,273.4750061035156,268.0,270.42498779296875,253.6845245361328,698158
2015-02-04,272.5,276.875,267.0,269.2250061035156,252.55885314941406,417452
2015-02-05,270.5,277.25,264.0,268.2749938964844,251.66761779785156,345576
2015-02-06,266.8999938964844,272.25,265.3500061035156,267.1499938964844,250.6122589111328,448070
2015-02-09,267.5,272.375,264.5,271.3999938964844,254.59918212890625,275278
2015-02-10,271.3999938964844,278.0,269.0249938964844,275.7250061035156,258.65643310546875,860198
2015-02-11,277.4750061035156,287.75,277.4750061035156,284.2749938964844,266.6771240234375,682212
2015-02-12,287.0249938964844,292.75,285.0,289.04998779296875,271.1565856933594,643884
2015-02-13,289.9750061035156,290.375,285.0,286.8999938964844,269.1396484375,305526
2015-02-16,293.92498779296875,293.92498779296875,287.57501220703125,289.5,271.5787353515625,283496
2015-02-18,288.0,295.92498779296875,287.04998779296875,290.17498779296875,272.2119445800781,491364
2015-02-19,291.4750061035156,294.8500061035156,288.57501220703125,290.875,272.8686218261719,196234
2015-02-20,290.25,291.25,284.0,284.8500061035156,267.2166442871094,243300
2015-02-23,286.8500061035156,287.5,280.2749938964844,283.2749938964844,265.7391052246094,221192
2015-02-24,281.07501220703125,284.5,278.375,281.625,264.191162109375,499184
2015-02-25,282.5,285.0,275.5,276.25,259.1488952636719,280388
2015-02-26,276.7749938964844,277.9750061035156,268.5249938964844,270.6499938964844,253.89561462402344,228776
2015-02-27,271.0,278.4750061035156,271.0,277.4750061035156,260.298095703125,210270
2015-03-02,282.0,292.3500061035156,282.0,291.2250061035156,273.1968994140625,744292
2015-03-03,291.9750061035156,300.8500061035156,289.5,299.7749938964844,281.2176513671875,856418
2015-03-04,307.0,307.0,292.95001220703125,295.625,277.3245849609375,914734
2015-03-05,298.42498779296875,313.3999938964844,298.42498779296875,302.17498779296875,283.46905517578125,2362086
2015-03-09,302.4750061035156,304.17498779296875,292.04998779296875,293.8999938964844,275.7063903808594,440838
2015-03-10,295.0,296.20001220703125,285.54998779296875,288.0249938964844,270.195068359375,667518
2015-03-11,288.5,292.5,287.5,289.6000061035156,271.67254638671875,335078
2015-03-12,291.0,293.75,288.0,289.5249938964844,271.6021728515625,330962
2015-03-13,290.5,304.125,288.5,299.45001220703125,280.9127502441406,1835528
2015-03-16,305.0,309.9750061035156,293.54998779296875,308.45001220703125,289.3556823730469,1287908
2015-03-17,310.0,314.0,306.0,311.1499938964844,291.8884582519531,2192690
2015-03-18,313.4750061035156,315.7250061035156,300.5,313.17498779296875,293.7881164550781,1019226
2015-03-19,315.5,318.0,310.5249938964844,313.75,294.3275146484375,1256858
2015-03-20,317.5,319.0,303.42498779296875,310.6499938964844,291.4194030761719,6650374
2015-03-23,310.75,312.3999938964844,302.5,305.07501220703125,286.1896057128906,671764
2015-03-24,304.5,307.4750061035156,300.57501220703125,302.1499938964844,283.44561767578125,542130
2015-03-25,302.25,304.8500061035156,299.0,300.125,281.54595947265625,479770
2015-03-26,299.79998779296875,304.3500061035156,291.0,299.25,280.7250671386719,726924
2015-03-27,298.70001220703125,300.70001220703125,294.375,299.6499938964844,281.100341796875,644000
2015-03-30,304.95001220703125,304.95001220703125,295.45001220703125,297.57501220703125,279.1538391113281,605028
2015-03-31,302.45001220703125,303.5,297.5,299.92498779296875,281.35833740234375,621234
2015-04-01,300.0,305.8500061035156,297.82501220703125,301.25,282.6013488769531,370378
2015-04-06,300.2749938964844,301.9750061035156,293.4750061035156,294.875,276.6209411621094,524474
2015-04-07,296.45001220703125,296.5,290.04998779296875,291.54998779296875,273.5018310546875,418412
2015-04-08,292.5,293.82501220703125,285.54998779296875,287.4750061035156,269.6790771484375,955930
2015-04-09,289.3999938964844,300.5,286.1499938964844,297.54998779296875,279.1303405761719,1726116
2015-04-10,299.375,300.95001220703125,296.04998779296875,297.6499938964844,279.2241516113281,514656
2015-04-13,297.9750061035156,299.17498779296875,293.0249938964844,295.7749938964844,277.4652099609375,867554
2015-04-15,297.0,297.0,292.25,294.9750061035156,276.71484375,1759846
2015-04-16,295.0,298.8999938964844,294.04998779296875,297.6000061035156,279.1772766113281,1354444
2015-04-17,297.5,299.5,291.375,296.04998779296875,277.7232360839844,435726
2015-04-20,297.5,297.5,291.5,293.07501220703125,274.93243408203125,205852
2015-04-21,294.0,294.0,283.0,288.7749938964844,270.8985595703125,537742
2015-04-22,287.0249938964844,292.42498779296875,283.1499938964844,288.875,270.992431640625,540428
2015-04-23,289.7250061035156,290.2749938964844,284.04998779296875,285.8999938964844,268.20159912109375,683226
2015-04-24,285.92498779296875,285.95001220703125,278.5,280.0,262.6668395996094,930730
2015-04-27,280.0,280.0,268.5,272.0,255.16204833984375,752466
2015-04-28,273.45001220703125,281.5,272.0249938964844,280.125,262.7840576171875,853864
2015-04-29,280.9750061035156,280.9750061035156,271.5,277.2250061035156,260.0636291503906,565600
2015-04-30,278.5,285.25,273.25,283.5249938964844,265.9736022949219,455550
2015-05-04,285.0,290.5,282.5249938964844,289.17498779296875,271.27386474609375,189488
2015-05-05,287.5249938964844,296.5,285.54998779296875,291.70001220703125,273.6425476074219,462576
2015-05-06,292.0,292.4750061035156,279.9750061035156,285.57501220703125,267.8966979980469,912666
2015-05-07,286.75,289.9750061035156,280.04998779296875,282.67498779296875,265.1761779785156,1099870
2015-05-08,284.0,287.54998779296875,281.5,286.2250061035156,268.5064392089844,1054250
2015-05-11,286.54998779296875,293.6499938964844,286.2250061035156,292.42498779296875,274.3226623535156,268018
2015-05-12,292.5,298.0,287.5,294.67498779296875,276.43341064453125,948132
2015-05-13,296.0,299.45001220703125,290.54998779296875,292.2749938964844,274.1819152832031,284916
2015-05-14,293.0,298.70001220703125,286.04998779296875,297.3999938964844,278.98968505859375,431370
2015-05-15,298.5,301.0,295.04998779296875,297.82501220703125,279.38836669921875,207284
2015-05-18,297.29998779296875,305.0,296.0,299.625,281.0769348144531,470650
2015-05-19,301.5,305.9750061035156,296.1499938964844,298.625,280.1388244628906,619996
2015-05-20,289.625,297.375,280.5,283.2749938964844,265.7391052246094,1879960
2015-05-21,287.5,288.0,267.625,275.1000061035156,258.0701599121094,2758624
2015-05-22,277.0,279.0,272.25,275.25,258.2107849121094,806780
2015-05-25,275.7250061035156,277.7749938964844,273.20001220703125,275.5,258.4454040527344,260990
2015-05-26,273.75,277.25,273.5,274.42498779296875,257.4369201660156,673068
2015-05-27,273.20001220703125,277.2250061035156,272.6499938964844,275.125,258.09356689453125,529582
2015-05-28,275.4750061035156,282.29998779296875,275.0,275.7250061035156,258.65643310546875,411214
2015-05-29,277.95001220703125,282.20001220703125,275.0249938964844,276.0249938964844,258.93780517578125,922116
2015-06-01,276.25,282.2749938964844,274.6499938964844,277.0,259.8525390625,770262
2015-06-02,277.25,279.29998779296875,272.57501220703125,273.4750061035156,256.5457763671875,874414
2015-06-03,273.6499938964844,273.92498779296875,267.5,270.95001220703125,254.17703247070312,769340
2015-06-04,271.2749938964844,273.25,265.04998779296875,269.67498779296875,252.9809112548828,525198
2015-06-05,269.5,275.0,267.54998779296875,271.0,254.2239227294922,241326
2015-06-08,271.32501220703125,273.45001220703125,265.75,268.2749938964844,251.66761779785156,176816
2015-06-09,266.9750061035156,270.79998779296875,260.7749938964844,268.3500061035156,251.73802185058594,335568
2015-06-10,267.5,278.0,267.3999938964844,274.9750061035156,257.9528503417969,479304
2015-06-11,275.125,276.0,266.57501220703125,269.67498779296875,252.9809112548828,1160992
2015-06-12,269.6499938964844,270.95001220703125,267.6000061035156,268.8999938964844,252.25389099121094,525930
2015-06-15,265.67498779296875,273.1499938964844,265.67498779296875,267.6499938964844,251.08132934570312,186676
2015-06-16,267.6499938964844,268.7749938964844,260.54998779296875,262.92498779296875,246.64881896972656,687774
2015-06-17,264.0,268.25,261.0,266.57501220703125,250.07286071777344,500372
2015-06-18,269.9750061035156,272.0,267.0,271.2250061035156,254.4350128173828,260870
2015-06-19,271.54998779296875,279.0,271.2749938964844,277.07501220703125,259.92291259765625,674712
2015-06-22,278.5,280.8999938964844,271.0,275.25,258.2107849121094,840524
2015-06-23,275.70001220703125,278.0,273.54998779296875,275.0249938964844,257.999755859375,509306
2015-06-24,275.0,277.5,270.5,272.2250061035156,255.3731231689453,239152
2015-06-25,272.2250061035156,279.75,269.70001220703125,277.3999938964844,260.2277526855469,758328
2015-06-26,278.8999938964844,283.92498779296875,277.5,281.70001220703125,264.26153564453125,762544
2015-06-29,277.0,279.8500061035156,270.2749938964844,277.54998779296875,260.36846923828125,383670
2015-06-30,274.25,280.79998779296875,274.25,275.20001220703125,258.1639404296875,498720
2015-07-01,275.5,283.3999938964844,275.5,277.3500061035156,260.18084716796875,399638
2015-07-02,278.04998779296875,280.9750061035156,271.17498779296875,272.32501220703125,255.4669189453125,479688
2015-07-03,273.95001220703125,275.54998779296875,271.3999938964844,272.67498779296875,255.79525756835938,257488
2015-07-06,270.54998779296875,273.875,267.67498779296875,270.25,253.52040100097656,603436
2015-07-07,272.5,287.25,272.5,282.9750061035156,265.4576416015625,1698542
2015-07-08,283.3500061035156,289.0,277.29998779296875,281.42498779296875,264.0035705566406,1022954
2015-07-09,281.42498779296875,281.70001220703125,272.5,273.20001220703125,256.2877502441406,674036
2015-07-10,275.0249938964844,276.875,271.25,272.75,255.8656005859375,360280
2015-07-13,273.9750061035156,278.07501220703125,271.9750061035156,275.625,258.5626525878906,412138
2015-07-14,277.5,277.5,273.5,274.70001220703125,257.69488525390625,553312
2015-07-15,275.95001220703125,277.0,274.1000061035156,275.4750061035156,258.421875,346112
2015-07-16,275.92498779296875,282.45001220703125,275.17498779296875,280.29998779296875,262.9482421875,987506
2015-07-17,282.5,284.2250061035156,277.5,280.20001220703125,262.8544616699219,490124
2015-07-20,282.0,282.0,277.5,280.42498779296875,263.06549072265625,348874
2015-07-21,280.5,280.5,271.6000061035156,272.6000061035156,255.72488403320312,369002
2015-07-22,272.5,275.20001220703125,270.5,274.20001220703125,257.22589111328125,276490
2015-07-23,273.95001220703125,277.54998779296875,272.75,274.2250061035156,257.2493591308594,334000
2015-07-24,274.0,274.625,271.0,272.4750061035156,255.60768127441406,340350
2015-07-27,273.0,273.20001220703125,265.5,269.32501220703125,252.65264892578125,344784
2015-07-28,270.75,274.375,269.1000061035156,271.125,254.34121704101562,704722
2015-07-29,282.4750061035156,282.67498779296875,275.20001220703125,279.625,262.31500244140625,1653738
2015-07-30,279.9750061035156,283.375,277.17498779296875,279.3500061035156,262.05706787109375,778982
2015-07-31,281.95001220703125,283.0,278.25,279.07501220703125,261.7990417480469,540088
2015-08-03,279.7250061035156,281.8999938964844,275.67498779296875,276.79998779296875,259.6648254394531,570176
2015-08-04,277.0,298.25,275.5249938964844,295.875,277.5590515136719,2337916
2015-08-05,298.25,303.8999938964844,296.5,299.6000061035156,281.053466796875,1846164
2015-08-06,300.4750061035156,302.3999938964844,293.0249938964844,297.32501220703125,278.91925048828125,507120
2015-08-07,297.4750061035156,305.3999938964844,295.25,296.45001220703125,278.09844970703125,1220214
2015-08-10,297.45001220703125,302.2749938964844,297.0,299.125,280.6078796386719,1086122
2015-08-11,299.5,300.5,290.1499938964844,294.29998779296875,276.08160400390625,732966
2015-08-12,294.0,294.95001220703125,285.0,287.1499938964844,269.3741760253906,549592
2015-08-13,288.95001220703125,292.20001220703125,282.75,285.375,267.70904541015625,831502
2015-08-14,285.95001220703125,293.5,285.625,288.8500061035156,272.352783203125,750188
2015-08-17,290.0,297.3500061035156,285.5,291.17498779296875,274.54498291015625,928826
2015-08-18,292.92498779296875,293.3999938964844,288.54998779296875,290.32501220703125,273.7435607910156,846040
2015-08-19,290.5,291.5,285.04998779296875,286.875,270.4905700683594,475494
2015-08-20,288.45001220703125,290.0249938964844,282.70001220703125,283.82501220703125,267.61480712890625,617760
2015-08-21,282.5,283.5,275.3500061035156,282.70001220703125,266.5541076660156,590340
2015-08-24,270.29998779296875,279.8999938964844,268.17498779296875,274.3500061035156,258.6809387207031,1479270
2015-08-25,275.5,278.8999938964844,253.64999389648438,270.42498779296875,254.9801025390625,1206920
2015-08-26,265.0,279.5,264.04998779296875,275.0249938964844,259.3173522949219,594336
2015-08-27,278.5,285.5,276.20001220703125,284.17498779296875,267.9448547363281,620492
2015-08-28,285.25,290.0,281.0,283.7749938964844,267.5676574707031,508304
2015-08-31,283.0,286.7250061035156,281.0,285.42498779296875,269.1233825683594,413278
2015-09-01,283.9750061035156,285.32501220703125,274.0,276.7250061035156,260.9202880859375,808954
2015-09-02,277.5,281.0,273.3500061035156,279.3500061035156,263.3953552246094,421870
2015-09-03,280.1000061035156,283.07501220703125,275.79998779296875,277.3500061035156,261.5096130371094,403942
2015-09-04,277.5,281.5,271.0249938964844,279.70001220703125,263.72540283203125,517406
2015-09-07,279.9750061035156,280.3999938964844,273.5,277.3999938964844,261.5567321777344,378032
2015-09-08,277.75,279.6000061035156,271.0,275.3500061035156,259.6238098144531,552442
2015-09-09,277.04998779296875,279.8999938964844,276.07501220703125,277.7250061035156,261.86322021484375,286284
2015-09-10,275.0,285.5,273.29998779296875,283.17498779296875,267.00189208984375,410718
2015-09-11,285.07501220703125,287.07501220703125,281.75,283.5249938964844,267.3319396972656,302878
2015-09-14,283.5,286.25,281.5,285.3999938964844,269.0998229980469,296560
2015-09-15,287.5,288.4750061035156,281.5249938964844,284.42498779296875,268.1805725097656,263992
2015-09-16,284.57501220703125,285.0,279.3999938964844,280.45001220703125,264.43255615234375,264942
2015-09-18,281.67498779296875,284.45001220703125,278.5,279.57501220703125,263.60748291015625,251078
2015-09-21,280.04998779296875,281.9750061035156,277.5,280.79998779296875,264.76251220703125,198204
2015-09-22,282.0,283.8500061035156,273.5,276.2749938964844,260.4959716796875,264134
2015-09-23,275.0,281.5,274.2250061035156,277.29998779296875,261.46240234375,490006
2015-09-24,276.54998779296875,281.3500061035156,275.1499938964844,277.3999938964844,261.5567321777344,536136
2015-09-28,277.07501220703125,280.75,276.5,276.95001220703125,261.1324462890625,240980
2015-09-29,273.25,280.25,273.25,278.1499938964844,262.263916015625,351984
2015-09-30,278.7250061035156,285.5,278.20001220703125,283.92498779296875,267.7090759277344,374856
2015-10-01,284.625,291.6000061035156,283.5,290.0,273.4371032714844,670136
2015-10-05,292.45001220703125,292.75,287.5,289.5,272.9656677246094,582834
2015-10-06,289.8500061035156,290.67498779296875,286.2749938964844,289.82501220703125,273.2721252441406,723084
2015-10-07,290.5,291.70001220703125,285.375,286.25,269.9012451171875,459268
2015-10-08,287.6000061035156,289.25,281.5,287.45001220703125,271.0327453613281,555068
2015-10-09,288.0,291.7749938964844,285.25,289.42498779296875,272.89495849609375,780312
2015-10-12,289.7749938964844,291.1000061035156,286.5,286.92498779296875,270.53765869140625,199600
2015-10-13,286.8999938964844,289.29998779296875,285.25,287.8500061035156,271.409912109375,292984
2015-10-14,287.5,290.95001220703125,286.75,288.92498779296875,272.42352294921875,211964
2015-10-15,289.9750061035156,294.95001220703125,288.5249938964844,289.8500061035156,273.295654296875,857006
2015-10-16,291.20001220703125,291.2250061035156,289.29998779296875,289.6499938964844,273.10711669921875,407140
2015-10-19,289.5,293.2749938964844,288.0,289.375,272.8478088378906,281766
2015-10-20,289.75,291.82501220703125,287.75,289.125,272.612060546875,347694
2015-10-21,289.0,290.9750061035156,286.25,286.8500061035156,270.46697998046875,165920
2015-10-23,287.70001220703125,289.0,284.3999938964844,285.45001220703125,269.1470031738281,222394
2015-10-26,285.5,288.0,284.5249938964844,286.375,270.01910400390625,269736
2015-10-27,285.6499938964844,288.8999938964844,283.0249938964844,285.07501220703125,268.79345703125,402068
2015-10-28,285.67498779296875,287.45001220703125,279.0,282.1000061035156,265.9883117675781,503174
2015-10-29,287.5,288.8999938964844,283.1000061035156,284.7250061035156,268.4634094238281,843304
2015-10-30,286.95001220703125,286.95001220703125,277.5,280.79998779296875,264.76251220703125,346936
2015-11-02,282.67498779296875,288.3999938964844,277.82501220703125,286.79998779296875,270.4198913574219,688548
2015-11-03,289.0,289.95001220703125,284.0,284.82501220703125,268.5577087402344,477434
2015-11-04,286.0,287.125,279.625,280.9750061035156,264.9275817871094,311398
2015-11-05,279.75,280.17498779296875,272.54998779296875,273.6000061035156,257.97381591796875,386222
2015-11-06,274.0,275.42498779296875,268.20001220703125,270.1000061035156,254.67367553710938,489842
2015-11-09,267.5,274.5,265.0,273.2749938964844,257.66729736328125,388940
2015-11-10,273.7250061035156,274.5,264.9750061035156,265.45001220703125,250.28927612304688,423448
2015-11-13,268.42498779296875,268.42498779296875,261.5249938964844,265.3999938964844,250.2421112060547,360988
2015-11-16,266.75,270.9750061035156,265.32501220703125,266.45001220703125,251.23211669921875,272824
2015-11-17,268.95001220703125,269.125,264.67498779296875,268.17498779296875,252.8585662841797,242202
2015-11-18,268.5,270.67498779296875,265.54998779296875,266.9750061035156,251.72715759277344,212892
2015-11-19,268.0,270.0,266.6000061035156,268.67498779296875,253.3300323486328,306158
2015-11-20,269.0,277.0,268.0,275.92498779296875,260.16595458984375,1134448
2015-11-23,278.0,278.70001220703125,270.25,272.07501220703125,256.5359191894531,695280
2015-11-24,271.1000061035156,272.82501220703125,269.375,271.45001220703125,255.94656372070312,306460
2015-11-26,272.5,272.5,267.57501220703125,268.8999938964844,253.5421600341797,1561410
2015-11-27,271.5,276.125,268.04998779296875,274.875,259.1759338378906,1151912
2015-11-30,274.9750061035156,281.04998779296875,272.17498779296875,279.0,263.06536865234375,501172
2015-12-01,282.0,282.42498779296875,275.82501220703125,276.79998779296875,260.9909362792969,532132
2015-12-02,276.95001220703125,277.5,274.0,275.8500061035156,260.09521484375,334676
2015-12-03,275.8500061035156,279.2749938964844,274.7749938964844,275.75,260.0009460449219,532446
2015-12-04,274.8500061035156,278.20001220703125,274.1000061035156,276.5249938964844,260.7317199707031,203004
2015-12-07,277.5,279.625,275.1499938964844,278.125,262.2403564453125,463770
2015-12-08,277.7749938964844,278.0,272.0,273.32501220703125,257.7144775390625,321522
2015-12-09,270.0,276.3999938964844,264.9750061035156,267.7749938964844,252.48150634765625,1173692
2015-12-10,268.45001220703125,270.5,265.57501220703125,267.54998779296875,252.26930236816406,796872
2015-12-11,267.5,268.25,263.04998779296875,263.70001220703125,248.6392059326172,1143446
2015-12-14,262.04998779296875,267.4750061035156,260.1499938964844,265.75,250.57211303710938,1001160
2015-12-15,268.0,269.75,264.25,269.04998779296875,253.68368530273438,866244
2015-12-16,269.04998779296875,275.7250061035156,268.8500061035156,272.54998779296875,256.9836730957031,694702
2015-12-17,273.5,274.5,270.25,271.8999938964844,256.370849609375,1208196
2015-12-18,272.04998779296875,275.0,269.25,270.0249938964844,254.60296630859375,486730
2015-12-21,270.04998779296875,272.0,268.0,271.0,255.52224731445312,785074
2015-12-22,271.0,272.4750061035156,270.0,270.82501220703125,255.35723876953125,143768
2015-12-23,272.0,276.7250061035156,271.04998779296875,274.67498779296875,258.98736572265625,1157250
2015-12-24,275.54998779296875,278.5,274.7250061035156,276.70001220703125,260.8966979980469,391736
2015-12-28,277.0,281.1499938964844,276.6000061035156,277.3500061035156,261.5096130371094,514586
2015-12-29,277.0,277.29998779296875,274.0,274.70001220703125,259.0109558105469,1569188
2015-12-30,275.0,275.9750061035156,272.5249938964844,275.20001220703125,259.4823913574219,1460364
2015-12-31,276.0,280.3500061035156,275.1000061035156,276.2250061035156,260.4488525390625,455252
2016-01-01,276.45001220703125,279.9750061035156,276.125,277.75,261.8866882324219,209484
2016-01-04,277.7250061035156,282.0,275.1000061035156,278.79998779296875,262.87677001953125,1470636
2016-01-05,279.6499938964844,285.5,277.125,283.79998779296875,267.5911865234375,710696
2016-01-06,284.25,285.3999938964844,280.75,281.45001220703125,265.37542724609375,813686
2016-01-07,281.0,281.20001220703125,277.0,278.3500061035156,262.45245361328125,587942
2016-01-08,281.0,282.0,277.32501220703125,278.57501220703125,262.6646728515625,378104
2016-01-11,278.45001220703125,280.9750061035156,274.75,275.92498779296875,260.16595458984375,288250
2016-01-12,275.625,278.42498779296875,270.7749938964844,273.0249938964844,257.4316101074219,1941432
2016-01-13,274.5,275.95001220703125,268.32501220703125,274.7250061035156,259.0345153808594,531670
2016-01-14,274.45001220703125,279.5,270.7250061035156,278.4750061035156,262.5703430175781,2332898
2016-01-15,279.0,280.95001220703125,276.5,277.9750061035156,262.0989074707031,1148430
2016-01-18,276.0,277.375,267.5249938964844,269.7250061035156,254.320068359375,1079134
2016-01-19,271.95001220703125,272.07501220703125,265.79998779296875,269.875,254.4615478515625,709744
2016-01-20,267.54998779296875,268.9750061035156,264.25,267.375,252.1042938232422,1306836
2016-01-21,270.0,271.6000061035156,264.625,265.125,249.9827880859375,967494
2016-01-22,268.0,272.5,267.0,270.1000061035156,254.67367553710938,634956
2016-01-25,274.0,274.0,269.20001220703125,272.0249938964844,256.48876953125,494610
2016-01-27,274.42498779296875,282.7250061035156,272.54998779296875,281.7749938964844,265.6818542480469,1552734
2016-01-28,284.5,287.95001220703125,277.04998779296875,278.3999938964844,262.4995422363281,767206
2016-01-29,280.95001220703125,285.8999938964844,278.0249938964844,283.125,266.954833984375,411022
2016-02-01,290.0,290.0,283.42498779296875,284.875,268.60479736328125,783450
2016-02-02,284.95001220703125,292.92498779296875,284.07501220703125,285.125,268.8405456542969,1342874
2016-02-03,284.70001220703125,287.3999938964844,279.0,283.5,267.30828857421875,401190
2016-02-04,287.45001220703125,293.25,284.0,291.2250061035156,274.59210205078125,737542
2016-02-05,292.75,299.0,292.5,298.4750061035156,281.4281005859375,898710
2016-02-08,299.3500061035156,306.5,298.3500061035156,300.5,283.33740234375,1211138
2016-02-09,297.5,299.875,286.7749938964844,288.20001220703125,271.73992919921875,1065536
2016-02-10,289.5,297.95001220703125,285.5,294.125,277.3265380859375,1344638
2016-02-11,294.95001220703125,297.0,287.3999938964844,290.0,273.4371032714844,1131352
2016-02-12,291.45001220703125,295.5,284.1000061035156,291.375,274.7335510253906,924082
2016-02-15,294.5,299.8999938964844,293.04998779296875,294.7749938964844,277.9394226074219,1114560
2016-02-16,292.75,297.5,288.17498779296875,289.75,273.201416015625,795580
2016-02-17,293.5,301.5,290.32501220703125,300.25,283.1016845703125,1641832
2016-02-18,304.5,312.45001220703125,303.95001220703125,310.5249938964844,292.7898254394531,2176530
2016-02-19,309.9750061035156,315.5,309.1000061035156,313.125,295.24139404296875,1179474
2016-02-22,313.0,324.0,313.0,317.92498779296875,299.7672119140625,1740688
2016-02-23,318.5,319.2749938964844,304.5,306.1000061035156,288.6175231933594,1543660
2016-02-24,305.79998779296875,307.70001220703125,301.6000061035156,302.7749938964844,285.4824523925781,2414188
2016-02-25,304.5,304.5,294.5249938964844,300.1000061035156,282.96026611328125,1195298
2016-02-26,309.5,309.5,289.5,291.0,274.3800048828125,1092196
2016-02-29,293.0,296.375,290.04998779296875,293.32501220703125,276.57220458984375,794454
2016-03-01,296.25,297.3999938964844,291.5249938964844,292.5,275.7943115234375,997278
2016-03-02,294.75,304.0,293.54998779296875,300.0,282.865966796875,2222396
2016-03-03,304.2250061035156,305.0,299.54998779296875,301.79998779296875,284.5631408691406,777336
2016-03-04,303.79998779296875,303.79998779296875,297.32501220703125,298.4750061035156,281.4281005859375,734312
2016-03-08,300.0,303.2749938964844,296.20001220703125,297.45001220703125,280.46160888671875,498270
2016-03-09,297.5,301.8500061035156,295.20001220703125,300.04998779296875,282.9130859375,376002
2016-03-10,301.0,302.875,298.20001220703125,301.375,284.1624450683594,652318
2016-03-11,301.45001220703125,304.20001220703125,298.92498779296875,302.17498779296875,284.916748046875,535928
2016-03-14,302.9750061035156,304.0,299.0,300.1000061035156,282.96026611328125,340874
2016-03-15,299.95001220703125,301.0,297.54998779296875,299.125,282.04095458984375,582306
2016-03-16,299.0,299.7250061035156,293.1000061035156,294.1000061035156,277.3029479980469,401530
2016-03-17,296.95001220703125,300.20001220703125,295.45001220703125,297.8500061035156,280.8387756347656,995614
2016-03-18,299.0,300.0,295.2749938964844,296.5249938964844,281.3131408691406,364548
2016-03-21,297.25,298.0,294.29998779296875,297.20001220703125,281.9534912109375,309364
2016-03-22,298.25,302.25,295.92498779296875,297.0,281.76373291015625,1079834
2016-03-23,299.3500061035156,301.6000061035156,298.04998779296875,299.8999938964844,284.5149230957031,405066
2016-03-28,300.0,301.3999938964844,281.2250061035156,288.8500061035156,274.0318603515625,942860
2016-03-29,286.0,301.1499938964844,282.7749938964844,297.67498779296875,282.40411376953125,1333890
2016-03-30,300.9750061035156,303.3999938964844,297.54998779296875,298.0249938964844,282.7361755371094,3000524
2016-03-31,300.0,300.2250061035156,292.5,294.6499938964844,279.5343017578125,948290
2016-04-01,294.0,298.875,293.17498779296875,294.45001220703125,279.34454345703125,426482
2016-04-04,295.0,296.7250061035156,292.6499938964844,293.6000061035156,278.5381774902344,515632
2016-04-05,293.7250061035156,296.4750061035156,291.20001220703125,295.0,279.8663635253906,319680
2016-04-06,296.45001220703125,302.45001220703125,294.7250061035156,299.70001220703125,284.32525634765625,1336616
2016-04-07,300.95001220703125,302.5,295.9750061035156,296.7749938964844,281.55029296875,353816
2016-04-08,297.29998779296875,302.25,296.375,298.2749938964844,282.973388671875,452748
2016-04-11,299.125,304.5,299.125,301.8999938964844,286.4123840332031,612642
2016-04-12,304.0,305.8999938964844,301.0,302.2250061035156,286.7206726074219,514576
2016-04-13,304.5,309.0,304.07501220703125,307.1499938964844,291.39306640625,691422
2016-04-18,308.0,313.8500061035156,307.7749938964844,312.875,296.8243713378906,1113554
2016-04-20,314.8999938964844,316.875,309.0,310.2749938964844,294.3576965332031,937664
2016-04-21,312.3999938964844,312.45001220703125,302.0,303.0249938964844,287.47967529296875,613318
2016-04-22,302.25,303.1000061035156,298.1499938964844,299.42498779296875,284.06427001953125,462958
2016-04-25,299.5,304.20001220703125,293.5,301.2250061035156,285.7720642089844,887708
2016-04-26,301.45001220703125,305.5,297.54998779296875,302.92498779296875,287.384765625,1352150
2016-04-27,302.82501220703125,306.9750061035156,301.57501220703125,303.20001220703125,287.6457214355469,513580
2016-04-28,303.25,304.92498779296875,298.70001220703125,300.0,284.60986328125,418400
2016-04-29,300.04998779296875,303.20001220703125,299.54998779296875,301.5249938964844,286.0566101074219,226490
2016-05-02,300.7749938964844,304.82501220703125,297.6000061035156,301.95001220703125,286.4598388671875,290994
2016-05-03,302.32501220703125,305.5,297.5249938964844,298.6499938964844,283.3291015625,529624
2016-05-04,297.5,301.1499938964844,292.57501220703125,293.6499938964844,278.5856018066406,868634
2016-05-05,296.17498779296875,297.0,291.625,294.57501220703125,279.4631652832031,507338
2016-05-06,294.5,297.79998779296875,291.82501220703125,296.7250061035156,281.5028991699219,676936
2016-05-09,297.07501220703125,301.54998779296875,293.92498779296875,299.29998779296875,283.9457092285156,568032
2016-05-10,299.5,301.25,296.20001220703125,298.3500061035156,283.0444641113281,440226
2016-05-11,297.5,302.3999938964844,296.07501220703125,300.79998779296875,285.3687744140625,567826
2016-05-12,300.17498779296875,304.5249938964844,300.17498779296875,302.5,286.9815673828125,608430
2016-05-13,301.25,304.67498779296875,297.7250061035156,303.5249938964844,287.95404052734375,581882
2016-05-16,305.75,305.75,301.25,302.8500061035156,287.31365966796875,299122
2016-05-17,303.2250061035156,304.95001220703125,302.5,303.42498779296875,287.85919189453125,380360
2016-05-18,303.42498779296875,304.95001220703125,300.0249938964844,304.32501220703125,288.7130126953125,494640
2016-05-19,306.9750061035156,310.4750061035156,305.4750061035156,308.2749938964844,292.4602966308594,1267616
2016-05-20,315.3500061035156,328.375,314.0249938964844,326.8500061035156,310.08245849609375,6080798
2016-05-23,329.875,329.875,322.04998779296875,325.57501220703125,308.8728942871094,1872846
2016-05-24,323.6000061035156,330.4750061035156,323.0,328.67498779296875,311.813720703125,1192136
2016-05-25,329.625,342.1499938964844,329.57501220703125,340.82501220703125,323.34051513671875,2659996
2016-05-26,342.07501220703125,346.75,337.8500061035156,340.32501220703125,322.86614990234375,3316306
2016-05-27,340.75,354.5,340.0,347.32501220703125,329.507080078125,1664134
2016-05-30,349.25,354.32501220703125,345.67498779296875,347.6499938964844,329.81536865234375,709930
2016-05-31,346.54998779296875,354.5,344.67498779296875,353.125,335.009521484375,2333880
2016-06-01,357.0,361.45001220703125,353.6000061035156,358.82501220703125,340.4171142578125,1737174
2016-06-02,359.0,360.625,355.29998779296875,358.2250061035156,339.8479309082031,3327136
2016-06-03,357.67498779296875,362.375,353.0249938964844,355.0249938964844,336.8120422363281,789642
2016-06-06,354.5,361.7250061035156,352.6499938964844,354.92498779296875,336.7171630859375,627712
2016-06-07,355.95001220703125,358.875,353.1499938964844,355.1499938964844,336.9306335449219,349378
2016-06-08,354.04998779296875,357.3500061035156,351.57501220703125,352.29998779296875,334.22686767578125,740938
2016-06-09,353.92498779296875,353.92498779296875,348.25,351.125,333.1120910644531,530976
2016-06-10,351.45001220703125,355.0,347.0249938964844,348.1000061035156,330.2423095703125,808560
2016-06-13,344.8500061035156,350.3999938964844,344.0,349.7250061035156,331.7839660644531,491412
2016-06-14,348.1000061035156,351.25,344.17498779296875,346.2749938964844,328.5109558105469,606776
2016-06-15,347.25,349.2250061035156,346.2749938964844,347.29998779296875,329.48333740234375,359274
2016-06-16,347.875,350.25,345.0,349.3999938964844,331.4755859375,604922
2016-06-17,352.5,358.0,349.5,350.8999938964844,332.898681640625,1087288
2016-06-20,348.95001220703125,352.5,348.07501220703125,349.70001220703125,331.7602233886719,508982
2016-06-21,351.0,351.42498779296875,344.9750061035156,346.125,328.36865234375,575318
2016-06-22,346.5,347.75,342.0,343.8500061035156,326.2103271484375,467756
2016-06-23,344.7250061035156,345.6000061035156,339.45001220703125,343.29998779296875,325.68853759765625,439286
2016-06-24,338.29998779296875,346.95001220703125,333.2749938964844,344.7250061035156,327.0404052734375,806078
2016-06-27,338.0249938964844,355.0,338.0249938964844,353.0,334.89093017578125,713610
2016-06-28,353.7749938964844,356.9750061035156,353.0,353.7250061035156,335.57879638671875,1513770
2016-06-29,355.0,366.0,354.92498779296875,361.57501220703125,343.0260009765625,1370668
2016-06-30,362.5,366.75,357.57501220703125,359.95001220703125,341.4843444824219,1351904
2016-07-01,359.5,362.875,358.5,359.9750061035156,341.50811767578125,649942
2016-07-04,360.4750061035156,362.25,359.04998779296875,359.5,341.0574645996094,453036
2016-07-05,359.8999938964844,362.20001220703125,355.6499938964844,356.95001220703125,338.6383056640625,359486
2016-07-07,356.25,359.67498779296875,355.0,356.125,337.85565185546875,255148
2016-07-08,356.4750061035156,369.5,356.42498779296875,364.7749938964844,346.0618591308594,1612962
2016-07-11,367.4750061035156,368.5,360.92498779296875,361.6000061035156,343.04974365234375,1140528
2016-07-12,362.5,365.3500061035156,359.5249938964844,360.82501220703125,342.31451416015625,1223670
2016-07-13,360.0,362.29998779296875,356.5,358.0249938964844,339.65814208984375,290830
2016-07-14,357.5,360.5,356.07501220703125,357.95001220703125,339.5870056152344,306340
2016-07-15,357.95001220703125,361.75,357.95001220703125,359.2749938964844,340.843994140625,567390
2016-07-18,358.0,363.57501220703125,355.5,356.79998779296875,338.4959411621094,613498
2016-07-19,356.79998779296875,364.3999938964844,356.79998779296875,362.04998779296875,343.4766845703125,880600
2016-07-20,363.0249938964844,367.25,362.57501220703125,364.0249938964844,345.350341796875,520334
2016-07-21,364.0,366.79998779296875,361.54998779296875,364.75,346.0381774902344,530512
2016-07-22,364.25,369.0,363.0,365.82501220703125,347.05804443359375,1069468
2016-07-25,365.54998779296875,372.3999938964844,365.54998779296875,367.54998779296875,348.69451904296875,1061824
2016-07-26,366.0,369.70001220703125,362.0,362.875,344.2593078613281,435670
2016-07-27,364.3500061035156,368.125,363.1499938964844,365.375,346.631103515625,627014
2016-07-28,366.54998779296875,379.0,366.1499938964844,375.79998779296875,356.5212707519531,2426844
2016-07-29,379.5,384.6499938964844,363.70001220703125,365.3999938964844,346.65484619140625,3332904
2016-08-01,367.5,373.82501220703125,364.82501220703125,366.70001220703125,347.88812255859375,1468356
2016-08-02,369.5,374.0,366.875,369.8500061035156,350.87646484375,1435802
2016-08-03,370.1499938964844,372.92498779296875,357.0,359.25,340.82025146484375,1370386
2016-08-04,361.75,364.5,354.6000061035156,356.8500061035156,338.54345703125,1366358
2016-08-05,358.5,365.1000061035156,358.5,363.25,344.6151123046875,1295392
2016-08-08,367.0,369.1000061035156,362.5,364.82501220703125,346.1092834472656,766024
2016-08-09,365.0,369.0,360.5,361.67498779296875,343.120849609375,1113858
2016-08-10,362.5,364.625,351.5249938964844,353.6000061035156,335.46014404296875,1308010
2016-08-11,353.8500061035156,357.5,349.57501220703125,355.0,336.788330078125,1127940
2016-08-12,352.0249938964844,356.5,350.625,355.2250061035156,337.0018005371094,915842
2016-08-16,356.8999938964844,360.625,354.0,355.32501220703125,337.0966796875,1089946
2016-08-17,355.0249938964844,357.70001220703125,351.5,353.8500061035156,335.6973571777344,962856
2016-08-18,354.7749938964844,357.2250061035156,354.0,354.4750061035156,336.290283203125,1008854
2016-08-19,355.0,356.95001220703125,349.3500061035156,349.92498779296875,331.9736328125,952248
2016-08-22,351.0,354.3999938964844,347.1499938964844,352.95001220703125,334.8434753417969,847734
2016-08-23,354.8999938964844,354.8999938964844,350.625,351.57501220703125,333.5390319824219,587930
2016-08-24,351.95001220703125,352.0249938964844,347.5,348.1499938964844,330.5247802734375,904510
2016-08-25,348.9750061035156,350.29998779296875,342.0,343.375,325.9914855957031,943086
2016-08-26,343.1000061035156,345.75,340.54998779296875,342.7749938964844,325.421875,1537816
2016-08-29,342.75,344.92498779296875,339.3500061035156,340.8999938964844,323.6418151855469,720550
2016-08-30,342.0,349.75,341.75,348.8999938964844,331.23675537109375,1516594
2016-08-31,350.0,353.75,347.6499938964844,349.2749938964844,331.5928039550781,1011752
2016-09-01,349.5,353.5,346.2250061035156,347.9750061035156,330.358642578125,702724
2016-09-02,349.0,350.6499938964844,346.2749938964844,348.45001220703125,330.8095703125,380014
2016-09-06,351.45001220703125,360.75,350.54998779296875,359.2749938964844,341.0865478515625,2493186
2016-09-07,361.4750061035156,362.7250061035156,355.0,357.6000061035156,339.49639892578125,1187864
2016-09-08,357.7749938964844,361.79998779296875,355.54998779296875,358.25,340.1134338378906,713530
2016-09-09,358.5,360.625,353.8999938964844,355.5249938964844,337.5263671875,682152
2016-09-12,351.9750061035156,355.17498779296875,343.04998779296875,351.375,333.5864562988281,852366
2016-09-14,351.0249938964844,357.04998779296875,349.7250061035156,354.45001220703125,336.5058898925781,612274
2016-09-15,354.5,358.54998779296875,353.1000061035156,357.5249938964844,339.4251403808594,821840
2016-09-16,360.0,362.25,355.125,357.42498779296875,339.3302001953125,764324
2016-09-19,357.42498779296875,359.67498779296875,351.5,353.70001220703125,335.7938232421875,498674
2016-09-20,354.9750061035156,357.92498779296875,353.25,355.70001220703125,337.6925354003906,630306
2016-09-21,356.95001220703125,357.42498779296875,351.5,353.5,335.6038513183594,623400
2016-09-22,355.79998779296875,356.82501220703125,352.125,353.07501220703125,335.2004699707031,630032
2016-09-23,353.5,354.875,350.875,351.8500061035156,334.0374450683594,973962
2016-09-26,352.04998779296875,353.8500061035156,346.2749938964844,347.32501220703125,329.7415466308594,767088
2016-09-27,347.32501220703125,350.0,342.79998779296875,348.0249938964844,330.40606689453125,819968
2016-09-28,348.25,349.92498779296875,343.75,344.67498779296875,327.2257080078125,2063734
2016-09-29,346.7250061035156,348.54998779296875,324.1000061035156,333.1000061035156,316.23663330078125,2885314
2016-09-30,331.0,343.0,330.04998779296875,340.79998779296875,323.546875,1703482
2016-10-03,342.5,363.3500061035156,342.5,362.125,343.792236328125,4116470
2016-10-04,363.0,371.75,363.0,369.70001220703125,350.9837951660156,3775566
2016-10-05,370.5,374.5,364.3500061035156,366.8500061035156,348.2781066894531,1176684
2016-10-06,365.75,369.95001220703125,360.8500061035156,364.82501220703125,346.3555603027344,492910
2016-10-07,366.3999938964844,368.3999938964844,357.0,359.3500061035156,341.1577453613281,465134
2016-10-10,361.1499938964844,366.5,360.32501220703125,364.92498779296875,346.4505310058594,349996
2016-10-13,365.92498779296875,365.92498779296875,359.04998779296875,362.8999938964844,344.52801513671875,1273444
2016-10-14,362.7749938964844,366.3500061035156,356.6000061035156,363.79998779296875,345.3824768066406,919978
2016-10-17,367.3999938964844,367.3999938964844,357.6499938964844,359.125,340.94415283203125,731000
2016-10-18,360.0,362.0,356.125,360.45001220703125,342.2020263671875,1194842
2016-10-19,362.5,363.5,357.8500061035156,358.8999938964844,340.7304992675781,2238858
2016-10-20,360.0,360.75,355.79998779296875,357.07501220703125,338.9979553222656,1291104
2016-10-21,357.75,359.4750061035156,354.7749938964844,357.20001220703125,339.1166076660156,449712
2016-10-24,357.0,360.8500061035156,355.5,356.67498779296875,338.6181640625,306300
2016-10-25,356.42498779296875,358.75,355.0,356.6000061035156,338.5469970703125,390546
2016-10-26,358.0,358.0,351.5,354.29998779296875,336.3634033203125,570514
2016-10-27,351.54998779296875,358.0,349.0,354.5,336.5533142089844,466822
2016-10-28,355.04998779296875,361.375,355.04998779296875,359.3999938964844,341.2051696777344,1173416
2016-11-01,362.70001220703125,363.4750061035156,352.82501220703125,355.70001220703125,337.6925354003906,1069226
2016-11-02,355.0,357.07501220703125,351.2749938964844,352.0249938964844,334.20355224609375,380812
2016-11-03,352.4750061035156,353.70001220703125,342.54998779296875,343.9750061035156,326.5611572265625,754936
2016-11-04,343.7749938964844,351.67498779296875,338.7749938964844,347.1000061035156,329.5279541015625,1416486
2016-11-07,350.5,352.45001220703125,345.17498779296875,346.92498779296875,329.36181640625,285368
2016-11-08,348.3999938964844,349.8999938964844,344.0,345.70001220703125,328.1988830566406,297844
2016-11-09,335.0,346.0,319.5,339.0249938964844,321.8616638183594,1157902
2016-11-10,349.5,349.5,331.6000061035156,332.79998779296875,315.95184326171875,1180174
2016-11-11,331.25,334.8999938964844,317.79998779296875,329.75,313.0562744140625,1770688
2016-11-15,325.0,325.0,291.82501220703125,308.54998779296875,292.92950439453125,2694898
2016-11-16,308.7250061035156,314.5,301.54998779296875,311.9750061035156,296.1811218261719,1391326
2016-11-17,314.4750061035156,318.1499938964844,306.0,308.07501220703125,292.47857666015625,616746
2016-11-18,305.125,312.875,305.125,307.45001220703125,291.8852233886719,1486642
2016-11-21,307.5,308.2250061035156,297.3999938964844,302.125,286.829833984375,781406
2016-11-22,307.0,308.67498779296875,298.54998779296875,306.9750061035156,291.4342346191406,559358
2016-11-23,308.0,308.7250061035156,303.5249938964844,308.25,292.64471435546875,861818
2016-11-24,305.54998779296875,308.54998779296875,302.70001220703125,306.04998779296875,290.55609130859375,1740892
2016-11-25,310.9750061035156,317.5,304.29998779296875,314.3999938964844,298.48333740234375,553222
2016-11-28,314.8999938964844,315.32501220703125,308.32501220703125,312.7749938964844,296.9406433105469,723798
2016-11-29,312.5,315.95001220703125,310.5249938964844,314.67498779296875,298.74444580078125,913042
2016-11-30,316.0,322.3999938964844,315.17498779296875,320.20001220703125,303.98974609375,1139128
2016-12-01,321.5,322.20001220703125,315.625,321.0249938964844,304.7729797363281,428994
2016-12-02,317.04998779296875,321.0249938964844,312.8500061035156,317.04998779296875,300.9991760253906,865152
2016-12-05,317.5,319.75,314.2250061035156,317.6499938964844,301.56884765625,347780
2016-12-06,318.92498779296875,323.9750061035156,316.6000061035156,318.2250061035156,302.1147155761719,520046
2016-12-07,319.0,321.8999938964844,317.29998779296875,320.3500061035156,304.1321716308594,524134
2016-12-08,322.5,323.45001220703125,320.1499938964844,322.20001220703125,305.8884582519531,407028
2016-12-09,323.75,323.92498779296875,318.95001220703125,320.17498779296875,303.96600341796875,495672
2016-12-12,319.3999938964844,319.5,302.0249938964844,303.79998779296875,288.41998291015625,1202158
2016-12-13,301.0,306.95001220703125,299.32501220703125,305.4750061035156,290.0102233886719,1418048
2016-12-14,305.8500061035156,308.3999938964844,303.9750061035156,306.5,290.9833068847656,485480
2016-12-15,304.125,312.45001220703125,302.25,305.8500061035156,290.36627197265625,1061082
2016-12-16,307.5,307.67498779296875,302.75,303.57501220703125,288.2063903808594,394784
2016-12-19,305.8999938964844,306.375,300.0,301.1000061035156,285.85675048828125,377656
2016-12-20,300.5,301.8500061035156,297.0,299.54998779296875,284.3851623535156,520268
2016-12-21,299.5,299.5,293.625,295.2749938964844,280.3265686035156,1042994
2016-12-22,295.45001220703125,297.6499938964844,291.1000061035156,297.0,281.9642333984375,510418
2016-12-23,298.2250061035156,298.8999938964844,291.6000061035156,293.5,278.6414489746094,1217914
2016-12-26,293.5,295.17498779296875,283.875,287.57501220703125,273.0163879394531,774346
2016-12-27,288.5,292.75,286.0,291.79998779296875,277.0274963378906,356590
2016-12-28,292.54998779296875,298.5,291.0,294.2749938964844,279.377197265625,764880
2016-12-29,295.0,296.20001220703125,292.54998779296875,294.6000061035156,279.685791015625,643394
2016-12-30,295.5,300.5,293.79998779296875,294.8999938964844,279.9705810546875,756614
2017-01-02,297.4750061035156,303.5,294.79998779296875,302.25,286.948486328125,655138
2017-01-03,303.5,304.75,299.0249938964844,303.20001220703125,287.85040283203125,647036
2017-01-04,303.45001220703125,306.5,302.54998779296875,303.6499938964844,288.277587890625,528142
2017-01-05,305.0,308.95001220703125,304.8500061035156,305.8500061035156,290.36627197265625,1100448
2017-01-06,307.92498779296875,309.0249938964844,306.625,307.3500061035156,291.7903137207031,365554
2017-01-09,307.3500061035156,309.5,300.82501220703125,307.1000061035156,291.5528869628906,630742
2017-01-10,306.4750061035156,316.45001220703125,304.6499938964844,315.70001220703125,299.7176208496094,874130
2017-01-11,317.0,321.1000061035156,313.5,317.0249938964844,300.9754333496094,1185082
2017-01-12,316.5,318.7250061035156,314.0,317.32501220703125,301.26031494140625,283146
2017-01-13,319.75,325.3999938964844,317.45001220703125,320.1499938964844,303.9422607421875,717444
2017-01-16,320.3500061035156,320.3500061035156,316.67498779296875,317.79998779296875,301.71124267578125,259800
2017-01-17,318.0,318.875,312.04998779296875,313.70001220703125,297.81884765625,366818
2017-01-18,313.5,319.4750061035156,312.54998779296875,317.82501220703125,301.73492431640625,379984
2017-01-19,317.95001220703125,318.82501220703125,314.04998779296875,314.6000061035156,298.6732482910156,454614
2017-01-20,315.04998779296875,319.07501220703125,312.25,313.45001220703125,297.58148193359375,588216
2017-01-23,312.5,316.6000061035156,312.5,314.7749938964844,298.83935546875,269940
2017-01-24,317.95001220703125,329.8999938964844,315.92498779296875,328.2250061035156,311.60845947265625,1271486
2017-01-25,330.0,350.75,330.0,344.82501220703125,327.3681335449219,6289984
2017-01-27,347.5,347.8500061035156,336.25,339.42498779296875,322.2414855957031,1767968
2017-01-30,339.5,343.8500061035156,336.75,339.0249938964844,321.8616638183594,439952
2017-01-31,339.82501220703125,342.0,335.92498779296875,336.75,319.7018737792969,422528
2017-02-01,339.0,347.5,334.79998779296875,345.92498779296875,328.41241455078125,1970518
2017-02-02,343.5,345.0,336.5,338.20001220703125,321.0784912109375,629186
2017-02-03,338.20001220703125,340.0,332.5,336.67498779296875,319.6306457519531,656928
2017-02-06,336.0,340.42498779296875,334.3500061035156,335.95001220703125,318.9424133300781,760242
2017-02-07,335.25,338.8500061035156,333.7250061035156,336.8500061035156,319.79681396484375,805900
2017-02-08,337.0,338.5,333.6000061035156,335.25,318.2778015136719,439622
2017-02-09,335.0,336.29998779296875,331.1000061035156,331.54998779296875,314.76513671875,703170
2017-02-10,332.25,337.5,331.79998779296875,335.67498779296875,318.6812744140625,453906
2017-02-13,335.79998779296875,341.8999938964844,335.32501220703125,339.5,322.3126525878906,705718
2017-02-14,340.5,341.07501220703125,334.04998779296875,335.67498779296875,318.6812744140625,433748
2017-02-15,335.5,339.0,332.5,335.2749938964844,318.3016052246094,417114
2017-02-16,335.625,337.2250061035156,332.7749938964844,335.6000061035156,318.6101379394531,436792
2017-02-17,336.5,344.5,334.4750061035156,341.79998779296875,324.4962158203125,1011218
2017-02-20,343.2250061035156,352.3999938964844,342.5,348.92498779296875,331.260498046875,1997322
2017-02-21,351.54998779296875,356.0,348.70001220703125,349.8500061035156,332.138671875,1109634
2017-02-22,351.4750061035156,353.5,346.1499938964844,347.8999938964844,330.287353515625,1108670
2017-02-23,348.5,351.5,343.0249938964844,344.07501220703125,326.6560363769531,1137136
2017-02-27,343.6499938964844,345.70001220703125,340.2749938964844,341.20001220703125,323.9266052246094,549604
2017-02-28,342.3500061035156,342.9750061035156,339.04998779296875,341.07501220703125,323.80792236328125,780102
2017-03-01,345.0,349.25,342.5249938964844,344.6000061035156,327.15447998046875,1068172
2017-03-02,347.5,347.5,338.32501220703125,340.7250061035156,323.47564697265625,446416
2017-03-03,341.25,341.25,335.57501220703125,337.75,320.6512451171875,1098220
2017-03-06,338.92498779296875,340.7749938964844,337.6499938964844,339.32501220703125,322.1465148925781,702074
2017-03-07,340.125,340.7749938964844,334.75,336.2250061035156,319.2034912109375,1276274
2017-03-08,336.2250061035156,338.5,332.5249938964844,335.2749938964844,318.3016052246094,502762
2017-03-09,336.25,342.92498779296875,335.125,341.25,323.97412109375,1872700
2017-03-10,343.5,344.82501220703125,340.0,341.8999938964844,324.5911865234375,1013120
2017-03-14,345.5,355.0,342.67498779296875,350.92498779296875,333.1592102050781,1415514
2017-03-15,351.29998779296875,352.5,346.92498779296875,350.17498779296875,332.44720458984375,863678
2017-03-16,351.04998779296875,353.25,348.70001220703125,349.6000061035156,331.9013671875,537992
2017-03-17,350.1000061035156,356.0,349.54998779296875,350.95001220703125,333.1830139160156,888448
2017-03-20,351.5,353.0,348.5,349.75,332.04376220703125,502764
2017-03-21,352.32501220703125,352.32501220703125,347.1000061035156,350.07501220703125,332.3523254394531,377862
2017-03-22,348.5,348.79998779296875,341.32501220703125,346.6499938964844,329.1007385253906,735082
2017-03-23,347.04998779296875,350.45001220703125,346.125,346.92498779296875,329.36181640625,444690
2017-03-24,347.5,349.95001220703125,343.04998779296875,344.125,326.70355224609375,569636
2017-03-27,344.0,346.4750061035156,340.125,341.45001220703125,324.1639404296875,682980
2017-03-28,342.6000061035156,348.875,342.0,348.25,330.6196594238281,410406
2017-03-29,350.5,350.5,341.95001220703125,344.54998779296875,327.1070251464844,1703538
2017-03-30,345.0,348.67498779296875,344.0,345.4750061035156,327.98516845703125,952076
2017-03-31,345.5,351.45001220703125,345.1499938964844,349.57501220703125,331.87762451171875,1876426
2017-04-03,350.42498779296875,352.42498779296875,350.07501220703125,351.4750061035156,333.68145751953125,703662
2017-04-05,351.7749938964844,360.5,351.7749938964844,356.9750061035156,338.9029541015625,1508152
2017-04-06,359.5,359.625,353.5249938964844,355.07501220703125,337.09918212890625,573210
2017-04-07,356.79998779296875,359.0,352.54998779296875,354.1000061035156,336.17352294921875,685912
2017-04-10,356.0,356.1499938964844,350.75,351.8500061035156,334.0374450683594,347664
2017-04-11,352.25,354.45001220703125,351.45001220703125,353.07501220703125,335.2004699707031,259548
2017-04-12,354.0,358.17498779296875,347.7749938964844,354.70001220703125,336.7431640625,682080
2017-04-13,356.04998779296875,359.95001220703125,354.0249938964844,357.45001220703125,339.35400390625,1485144
2017-04-17,357.45001220703125,358.5249938964844,354.5,356.125,338.0960693359375,671168
2017-04-18,356.4750061035156,361.17498779296875,355.5,356.3999938964844,338.3570861816406,1045976
2017-04-19,356.3999938964844,357.70001220703125,354.0,356.5249938964844,338.4757385253906,205132
2017-04-20,356.625,360.07501220703125,356.0249938964844,358.67498779296875,340.5168762207031,555310
2017-04-21,360.0,360.5,356.07501220703125,357.0249938964844,338.9504699707031,714784
2017-04-24,357.0249938964844,360.0,355.0249938964844,358.3999938964844,340.2558288574219,509662
2017-04-25,358.6000061035156,365.0,357.54998779296875,363.57501220703125,345.1688537597656,1630640
2017-04-26,366.5,369.0,361.0,363.20001220703125,344.81292724609375,1039724
2017-04-27,363.3999938964844,364.7250061035156,359.6499938964844,361.32501220703125,343.03277587890625,381338
2017-04-28,361.5,363.4750061035156,358.75,359.8999938964844,341.6799011230469,317992
2017-05-02,359.0,363.17498779296875,358.5,360.07501220703125,341.8460388183594,2019280
2017-05-03,361.5,366.625,358.0,365.25,346.7590637207031,1390742
2017-05-04,367.5,371.0,363.82501220703125,369.375,350.6752624511719,1099122
2017-05-05,370.5,373.0,364.2749938964844,370.1000061035156,351.363525390625,1141040
2017-05-08,372.5,375.8500061035156,370.79998779296875,371.92498779296875,353.09613037109375,724458
2017-05-09,371.92498779296875,374.3999938964844,370.79998779296875,372.3999938964844,353.5470886230469,350562
2017-05-10,371.79998779296875,377.0,371.54998779296875,373.2749938964844,354.3777770996094,325516
2017-05-11,373.6000061035156,385.0249938964844,371.0,379.25,360.0503234863281,733668
2017-05-12,381.5,381.5,373.25,375.0,356.0154724121094,296290
2017-05-15,376.4750061035156,377.5249938964844,372.1000061035156,375.9750061035156,356.94110107421875,221334
2017-05-16,375.45001220703125,382.25,373.625,380.70001220703125,361.4269104003906,680014
2017-05-17,378.5249938964844,388.5,378.5249938964844,387.20001220703125,367.5978698730469,1093460
2017-05-18,383.25,391.3999938964844,375.79998779296875,387.5,367.8826904296875,2303024
2017-05-19,387.0,390.6000061035156,379.9750061035156,380.6499938964844,361.37939453125,1580220
2017-05-22,380.54998779296875,385.6499938964844,368.20001220703125,369.75,351.0312805175781,611952
2017-05-23,365.07501220703125,372.375,364.0,367.79998779296875,349.1800231933594,562612
2017-05-24,368.0,368.5,358.5,360.375,342.13092041015625,975458
2017-05-25,363.0,371.79998779296875,358.625,370.1499938964844,351.4110107421875,1612724
2017-05-26,369.0,385.70001220703125,369.0,382.7250061035156,363.3493957519531,1232130
2017-05-29,382.4750061035156,384.8999938964844,375.0,377.29998779296875,358.1990661621094,849916
2017-05-30,378.9750061035156,388.0,377.95001220703125,382.95001220703125,363.56304931640625,598356
2017-05-31,382.95001220703125,387.20001220703125,381.0,385.07501220703125,365.58050537109375,733082
2017-06-01,388.5,388.5,381.0,382.8500061035156,363.468017578125,476146
2017-06-02,382.8500061035156,399.0,382.8500061035156,395.7749938964844,375.73870849609375,1421290
2017-06-05,400.0,403.0,395.6499938964844,398.125,377.96978759765625,841634
2017-06-06,405.5,406.6000061035156,395.95001220703125,399.70001220703125,379.46502685546875,1043788
2017-06-07,402.0,404.75,397.5,400.625,380.34320068359375,810484
2017-06-08,402.0,402.5,397.45001220703125,398.5,378.3257751464844,367702
2017-06-09,405.0,406.3999938964844,400.5,402.3500061035156,381.9808654785156,678078
2017-06-12,401.0,403.5,397.6000061035156,402.125,381.7673034667969,227232
2017-06-13,402.5,412.45001220703125,401.625,407.04998779296875,386.4429016113281,991542
2017-06-14,407.5,408.5,403.9750061035156,405.5,384.9714050292969,514100
2017-06-15,404.79998779296875,410.0,404.79998779296875,409.0,388.294189453125,675070
2017-06-16,411.9750061035156,415.2749938964844,407.20001220703125,408.3500061035156,387.6770935058594,765426
2017-06-19,410.0,414.4750061035156,405.2749938964844,411.67498779296875,390.8337707519531,478194
2017-06-20,412.0,412.67498779296875,404.1000061035156,405.8500061035156,385.3036804199219,396078
2017-06-21,407.54998779296875,414.0,407.54998779296875,409.04998779296875,388.3416442871094,639698
2017-06-22,410.5,414.0,407.5,409.125,388.41290283203125,479082
2017-06-23,408.54998779296875,419.2749938964844,407.5,415.1499938964844,394.1328430175781,851398
2017-06-27,415.4750061035156,418.17498779296875,398.0,403.3999938964844,382.9776916503906,1637612
2017-06-28,402.1000061035156,402.1000061035156,390.04998779296875,390.8500061035156,371.06304931640625,1179388
2017-06-29,389.1000061035156,402.45001220703125,387.5249938964844,396.8999938964844,376.8067626953125,1230598
2017-06-30,397.70001220703125,407.75,393.5249938964844,402.79998779296875,382.40802001953125,1108530
2017-07-03,406.3500061035156,412.5249938964844,399.0,408.95001220703125,388.2467956542969,814458
2017-07-04,409.1000061035156,414.4750061035156,408.2749938964844,410.125,389.3622131347656,578258
2017-07-05,410.1499938964844,415.8999938964844,409.2250061035156,414.07501220703125,393.1122741699219,593504
2017-07-06,416.0,417.4750061035156,412.67498779296875,415.04998779296875,394.0379333496094,907578
2017-07-07,414.95001220703125,417.0,405.0249938964844,406.07501220703125,385.5173034667969,1158600
2017-07-10,406.0,415.875,405.0249938964844,413.375,392.44769287109375,358516
2017-07-11,416.0,416.8500061035156,405.6000061035156,407.42498779296875,386.7989501953125,722974
2017-07-12,409.0,412.32501220703125,406.5,408.20001220703125,387.5346984863281,388794
2017-07-13,409.0,415.5,409.0,411.2749938964844,390.4540100097656,693894
2017-07-14,411.5,413.67498779296875,402.5,403.3999938964844,382.9776916503906,1100882
2017-07-17,402.5,405.8500061035156,401.5,404.0249938964844,383.571044921875,1151446
2017-07-18,404.8999938964844,410.0,403.25,407.375,386.75152587890625,1484812
2017-07-19,408.1499938964844,409.0,397.6499938964844,398.95001220703125,378.7530212402344,1956414
2017-07-20,400.0,400.6000061035156,395.5,399.7250061035156,379.48876953125,1210378
2017-07-21,400.2749938964844,402.875,396.2250061035156,402.20001220703125,381.8384704589844,1244166
2017-07-24,402.8999938964844,408.25,401.2250061035156,406.04998779296875,385.4935607910156,592756
2017-07-25,408.67498779296875,415.5,405.5,413.92498779296875,392.9698791503906,1498770
2017-07-26,407.0,407.0,398.4750061035156,402.82501220703125,382.4318542480469,1944138
2017-07-27,403.7749938964844,405.125,392.5249938964844,394.6000061035156,374.62322998046875,1760048
2017-07-28,395.1000061035156,396.2250061035156,390.5249938964844,393.95001220703125,374.00616455078125,565088
2017-07-31,397.5,400.5249938964844,393.25,397.92498779296875,377.77984619140625,1183598
2017-08-01,395.0,399.375,394.3500061035156,397.9750061035156,377.8273620605469,908840
2017-08-02,398.5,401.45001220703125,395.0,400.0,379.74981689453125,640716
2017-08-03,399.95001220703125,404.2749938964844,396.375,403.42498779296875,383.0014343261719,628052
2017-08-04,403.0,405.375,399.2749938964844,404.125,383.666015625,629940
2017-08-07,402.54998779296875,407.5249938964844,402.54998779296875,406.7749938964844,386.1818542480469,502782
2017-08-08,407.3999938964844,407.3999938964844,398.1499938964844,405.1499938964844,384.63909912109375,633368
2017-08-09,404.0,404.0,395.0,397.625,377.4950866699219,802362
2017-08-10,397.5,401.2250061035156,388.0,397.67498779296875,377.54254150390625,1109948
2017-08-11,392.0,396.5,387.6499938964844,395.1499938964844,375.14532470703125,653570
2017-08-14,398.5,410.0,395.5,406.3999938964844,385.8257751464844,994828
2017-08-16,407.5,412.0,404.45001220703125,408.95001220703125,388.2467956542969,605170
2017-08-17,409.8999938964844,412.95001220703125,406.5249938964844,409.1000061035156,388.38916015625,528236
2017-08-18,408.0,412.0,405.0,410.7749938964844,389.9792785644531,471170
2017-08-21,410.75,413.9750061035156,401.95001220703125,408.25,387.58221435546875,1110460
2017-08-22,408.1499938964844,412.5,404.04998779296875,409.7250061035156,388.9825134277344,671330
2017-08-23,407.625,412.0,403.0,407.92498779296875,389.5315856933594,795542
2017-08-24,409.6499938964844,416.25,406.0249938964844,414.5249938964844,395.833984375,689150
2017-08-28,416.5,421.8500061035156,414.5,418.07501220703125,399.2238464355469,1185558
2017-08-29,418.07501220703125,419.8999938964844,410.5,413.625,394.9745788574219,591428
2017-08-30,414.0,418.0,413.2250061035156,415.6499938964844,396.908203125,456310
2017-08-31,416.0,420.0,410.5,417.95001220703125,399.10455322265625,1134532
2017-09-01,419.9750061035156,424.70001220703125,418.04998779296875,421.875,402.85260009765625,1227196
2017-09-04,423.67498779296875,424.75,414.2749938964844,418.20001220703125,399.34326171875,632106
2017-09-05,420.6499938964844,423.4750061035156,416.17498779296875,421.07501220703125,402.0885925292969,519254
2017-09-06,420.45001220703125,423.0,418.1000061035156,420.0,401.0620422363281,576476
2017-09-07,420.0,424.67498779296875,420.0,422.1499938964844,403.1151123046875,574792
2017-09-08,423.20001220703125,427.5,420.1000061035156,421.82501220703125,402.8048400878906,757156
2017-09-11,425.0,426.75,420.04998779296875,423.1000061035156,404.0223083496094,603942
2017-09-12,423.45001220703125,429.5,423.125,425.2749938964844,406.0992736816406,954548
2017-09-13,425.5,425.875,414.54998779296875,416.07501220703125,397.3141174316406,611576
2017-09-14,416.5,421.20001220703125,415.0,419.3999938964844,400.4891662597656,413426
2017-09-15,418.75,421.3999938964844,416.2749938964844,419.07501220703125,400.1788330078125,398890
2017-09-18,420.0,422.25,417.6499938964844,420.20001220703125,401.2530822753906,332402
2017-09-19,420.25,433.0,416.54998779296875,428.125,408.8207702636719,1145600
2017-09-20,433.0,434.2250061035156,424.5249938964844,425.57501220703125,406.3857116699219,699778
2017-09-21,426.0,427.5,418.7250061035156,419.8500061035156,400.9188537597656,427168
2017-09-22,418.75,419.7250061035156,405.875,407.04998779296875,388.696044921875,386310
2017-09-25,406.5249938964844,407.2250061035156,398.0,402.82501220703125,384.66156005859375,486792
2017-09-26,402.3999938964844,402.3999938964844,392.57501220703125,396.3500061035156,378.4784240722656,771874
2017-09-27,396.125,398.6000061035156,387.6499938964844,388.82501220703125,371.2928161621094,513802
2017-09-28,389.32501220703125,393.3500061035156,387.5,388.67498779296875,371.1495361328125,775928
2017-09-29,391.0,404.0,389.04998779296875,397.25,379.337890625,694546
2017-10-03,400.0,405.67498779296875,393.0,394.79998779296875,376.9983215332031,507300
2017-10-04,393.1499938964844,400.70001220703125,391.1499938964844,397.92498779296875,379.9824523925781,551376
2017-10-05,397.7749938964844,403.42498779296875,395.29998779296875,397.32501220703125,379.4095458984375,291864
2017-10-06,399.67498779296875,403.3500061035156,397.20001220703125,400.17498779296875,382.1309814453125,257842
2017-10-09,401.95001220703125,404.0,397.6499938964844,402.7749938964844,384.61376953125,359526
2017-10-10,403.45001220703125,403.5,397.5,400.125,382.0832824707031,529580
2017-10-11,400.54998779296875,406.5,398.5,402.54998779296875,384.3988952636719,944712
2017-10-12,405.875,406.0,399.1000061035156,402.6000061035156,384.4466552734375,562912
2017-10-13,400.25,407.5,400.25,404.42498779296875,386.1893615722656,611692
2017-10-16,402.5249938964844,408.20001220703125,401.1499938964844,404.875,386.6191101074219,686418
2017-10-17,402.04998779296875,405.67498779296875,401.29998779296875,402.5,384.3511962890625,286762
2017-10-18,402.5,403.95001220703125,397.79998779296875,402.70001220703125,384.54217529296875,635290
2017-10-19,402.75,403.625,398.625,400.45001220703125,382.3936462402344,45574
2017-10-23,400.0,404.8500061035156,391.5,401.0249938964844,382.9426574707031,1999654
2017-10-24,404.3500061035156,404.3500061035156,394.25,400.25,382.2026672363281,656608
2017-10-25,398.0249938964844,410.4750061035156,391.0,400.57501220703125,382.5129699707031,1656432
2017-10-26,402.42498779296875,402.45001220703125,393.04998779296875,394.1000061035156,376.3299255371094,733892
2017-10-27,393.29998779296875,396.625,392.5,393.20001220703125,375.47052001953125,651414
2017-10-30,395.0,397.0,392.0,393.3999938964844,375.6614990234375,1074942
2017-10-31,393.9750061035156,393.9750061035156,390.0,390.8999938964844,373.27423095703125,662930
2017-11-01,391.70001220703125,393.45001220703125,383.75,386.375,368.9532775878906,1109976
2017-11-02,386.54998779296875,386.7749938964844,381.04998779296875,382.2749938964844,365.03814697265625,1009686
2017-11-03,382.0,387.0,380.0,385.0249938964844,367.6641540527344,832050
2017-11-06,383.0,390.8500061035156,380.67498779296875,381.57501220703125,364.3697509765625,1415088
2017-11-07,383.4750061035156,385.5,377.5,379.2749938964844,362.17340087890625,633108
2017-11-08,379.0,385.5,375.6499938964844,384.375,367.04345703125,1257754
2017-11-09,394.5,408.0,390.5,406.375,388.0514831542969,3690618
2017-11-10,406.6499938964844,413.29998779296875,403.0,410.54998779296875,392.0381774902344,1558194
2017-11-13,410.125,420.6499938964844,409.2250061035156,414.57501220703125,395.8817443847656,1173364
2017-11-14,416.0,418.5,408.70001220703125,410.79998779296875,392.2769470214844,892332
2017-11-15,406.8500061035156,412.42498779296875,405.5,407.125,388.7676086425781,966818
2017-11-16,407.125,411.0,405.57501220703125,408.7250061035156,390.29547119140625,649534
2017-11-17,410.0249938964844,420.375,409.5,417.7749938964844,398.9374084472656,889816
2017-11-20,416.82501220703125,425.5,415.04998779296875,424.5249938964844,405.3830871582031,1062344
2017-11-21,425.125,427.0,416.6000061035156,418.92498779296875,400.03558349609375,771402
2017-11-22,422.0,422.0,416.875,418.8500061035156,399.96392822265625,578244
2017-11-23,418.5,423.8500061035156,417.0,421.79998779296875,402.78094482421875,424986
2017-11-24,423.0,424.8500061035156,418.04998779296875,421.1000061035156,402.11248779296875,470104
2017-11-27,419.3999938964844,424.95001220703125,415.75,418.125,399.2716369628906,577220
2017-11-28,420.8500061035156,429.3500061035156,417.0,424.375,405.23980712890625,779430
2017-11-29,427.0,429.5,418.0,425.5249938964844,406.3379821777344,896556
2017-11-30,426.0,428.3500061035156,419.25,421.1000061035156,402.11248779296875,933644
2017-12-01,421.1000061035156,429.95001220703125,419.125,427.7250061035156,408.43878173828125,1342680
2017-12-04,430.0,430.0,417.04998779296875,419.3999938964844,400.4891662597656,658714
2017-12-05,419.79998779296875,420.7250061035156,412.5,416.625,397.83929443359375,519664
2017-12-06,416.67498779296875,422.0,413.625,417.2749938964844,398.4599914550781,691880
2017-12-07,415.125,429.8999938964844,415.125,425.2250061035156,406.051513671875,1078214
2017-12-08,424.04998779296875,449.70001220703125,424.04998779296875,445.45001220703125,425.3645324707031,2239146
2017-12-11,445.5,450.75,441.42498779296875,447.1499938964844,426.9879455566406,1337516
2017-12-12,446.5,453.5,435.67498779296875,446.6000061035156,426.46270751953125,1323188
2017-12-13,448.0,458.45001220703125,433.57501220703125,437.67498779296875,417.9401550292969,2442920
2017-12-14,436.0,437.45001220703125,424.8999938964844,429.8500061035156,410.4679870605469,1291076
2017-12-15,433.07501220703125,437.0,426.04998779296875,431.45001220703125,411.995849609375,1111506
2017-12-18,431.45001220703125,445.0,421.3999938964844,443.20001220703125,423.2160339355469,1169282
2017-12-19,443.0,447.92498779296875,438.5,442.375,422.42822265625,810990
2017-12-20,442.0,448.0,439.125,444.95001220703125,424.8871154785156,625688
2017-12-21,455.5,467.3999938964844,455.0,462.2250061035156,441.3831481933594,3724922
2017-12-22,467.2250061035156,475.0,458.54998779296875,472.2749938964844,450.98004150390625,1973470
2017-12-26,483.6000061035156,485.8500061035156,457.5,463.29998779296875,442.40972900390625,4845190
2017-12-27,455.0,465.0,452.5,456.8999938964844,436.2982482910156,1818200
2017-12-28,457.5,459.0,450.0,450.75,430.4256286621094,991880
2017-12-29,451.1499938964844,457.25,450.0,451.1000061035156,430.75982666015625,1015750
2018-01-01,452.4750061035156,454.3999938964844,449.0,450.0,429.70941162109375,320954
2018-01-02,450.5,452.45001220703125,438.5,444.6000061035156,424.5528564453125,1289786
2018-01-03,444.8999938964844,457.75,444.5,456.9750061035156,436.369873046875,1104348
2018-01-04,458.75,459.5,452.0,452.79998779296875,432.3830871582031,908898
2018-01-05,452.79998779296875,456.9750061035156,452.0,455.1000061035156,434.5794677734375,832830
2018-01-08,455.54998779296875,458.0,453.75,456.07501220703125,435.510498046875,423796
2018-01-09,456.45001220703125,461.45001220703125,453.125,457.42498779296875,436.7995910644531,1085686
2018-01-10,457.54998779296875,461.42498779296875,454.54998779296875,455.875,435.3195495605469,899930
2018-01-11,450.75,456.0,448.29998779296875,449.7749938964844,429.4945373535156,869212
2018-01-12,451.29998779296875,460.57501220703125,442.5249938964844,455.04998779296875,434.5316467285156,1339724
2018-01-15,455.95001220703125,458.0,451.1000061035156,452.32501220703125,431.9295959472656,691218
2018-01-16,451.5,454.70001220703125,442.6499938964844,450.125,429.8287353515625,951038
2018-01-17,448.0,450.8500061035156,444.0,448.25,428.03826904296875,1099786
2018-01-18,450.0,451.45001220703125,444.20001220703125,446.6000061035156,426.46270751953125,549474
2018-01-19,446.5,449.0,444.0,445.17498779296875,425.1019592285156,371014
2018-01-22,445.5249938964844,452.375,443.29998779296875,447.5,427.3221130371094,857602
2018-01-23,450.0,451.625,441.1499938964844,443.17498779296875,423.1921081542969,1018262
2018-01-24,443.17498779296875,443.17498779296875,435.0249938964844,438.0249938964844,418.27435302734375,725630
2018-01-25,445.75,449.7250061035156,437.5,438.625,418.8472900390625,1761728
2018-01-29,440.04998779296875,448.70001220703125,440.04998779296875,446.79998779296875,426.6536865234375,1202018
2018-01-30,446.82501220703125,447.5,442.375,442.9750061035156,423.00115966796875,469418
2018-01-31,440.625,449.25,440.625,448.1499938964844,427.9427795410156,1418022
2018-02-01,447.0,454.5,436.1000061035156,449.5,429.2319641113281,1941592
2018-02-02,448.1000061035156,448.1000061035156,428.67498779296875,431.3999938964844,411.9480895996094,1585972
2018-02-05,425.0,439.5,424.29998779296875,437.6000061035156,417.86846923828125,1048004
2018-02-06,431.5,435.67498779296875,422.5249938964844,433.25,413.7146911621094,1004822
2018-02-07,437.45001220703125,439.45001220703125,431.04998779296875,432.57501220703125,413.07012939453125,460782
2018-02-08,437.54998779296875,446.3999938964844,433.70001220703125,442.45001220703125,422.49981689453125,1672240
2018-02-09,433.95001220703125,442.5,432.5,439.1000061035156,419.3009338378906,973392
2018-02-12,440.0,450.0,437.04998779296875,447.25,427.0833435058594,1852926
2018-02-14,450.0,453.0,445.0,447.42498779296875,427.2504577636719,1305044
2018-02-15,449.8999938964844,451.4750061035156,442.125,444.1499938964844,424.12322998046875,495024
2018-02-16,445.0,448.5,439.29998779296875,445.82501220703125,425.7226257324219,1782938
2018-02-19,448.5,449.3999938964844,442.5,448.04998779296875,427.8473205566406,673786
2018-02-20,448.82501220703125,449.75,444.375,447.1000061035156,426.940185546875,349116
2018-02-21,447.54998779296875,455.17498779296875,443.54998779296875,451.57501220703125,431.2134094238281,1478646
2018-02-22,452.0,452.875,441.3500061035156,442.75,422.78631591796875,1025524
2018-02-23,442.5,453.45001220703125,440.17498779296875,450.3500061035156,430.0435791015625,1803266
2018-02-26,449.79998779296875,451.8500061035156,444.3999938964844,445.75,425.65106201171875,1257640
2018-02-27,446.0249938964844,448.67498779296875,441.625,442.8999938964844,422.92950439453125,951096
2018-02-28,441.125,454.3999938964844,437.5,450.4750061035156,430.1629333496094,2240998
2018-03-01,449.3999938964844,450.7250061035156,446.125,447.20001220703125,427.03564453125,244764
2018-03-05,447.25,448.0,441.0,444.9750061035156,424.9110107421875,379286
2018-03-06,445.0,448.0,438.8500061035156,441.0249938964844,421.1390686035156,592456
2018-03-07,441.0,442.0,434.0249938964844,435.6499938964844,416.00640869140625,572614
2018-03-08,438.2250061035156,440.0,429.17498779296875,436.125,416.46002197265625,796856
2018-03-09,437.5,441.6000061035156,435.625,439.3500061035156,419.53961181640625,476632
2018-03-12,442.8500061035156,447.5,440.92498779296875,445.125,425.0542297363281,1041890
2018-03-13,443.70001220703125,452.875,443.04998779296875,449.92498779296875,429.6377258300781,788750
2018-03-14,449.8500061035156,455.375,448.6000061035156,453.125,432.6934814453125,907616
2018-03-15,454.125,458.7250061035156,450.2749938964844,454.7749938964844,434.2690734863281,871214
2018-03-16,454.9750061035156,462.0,454.5,458.1499938964844,437.4919128417969,1465060
2018-03-19,461.0,461.42498779296875,451.20001220703125,453.82501220703125,433.3619689941406,471440
2018-03-20,452.8500061035156,454.8999938964844,449.5,451.3500061035156,430.99853515625,481170
2018-03-21,451.3500061035156,457.45001220703125,449.1499938964844,451.17498779296875,430.8314208984375,1071454
2018-03-22,452.3500061035156,455.29998779296875,450.875,454.04998779296875,433.57672119140625,1071152
2018-03-23,451.5,453.0,446.125,451.1000061035156,430.75982666015625,983630
2018-03-26,451.1000061035156,456.875,450.7749938964844,453.67498779296875,433.21868896484375,1061506
2018-03-27,456.5,466.5,455.0,463.1499938964844,442.2665100097656,1782012
2018-03-28,462.20001220703125,467.45001220703125,455.125,458.8999938964844,438.2080993652344,2169278
2018-04-02,459.25,472.3500061035156,459.2250061035156,470.70001220703125,449.4760437011719,1645290
2018-04-03,470.17498779296875,482.5,468.6000061035156,481.57501220703125,459.8606872558594,1540920
2018-04-04,483.5,489.6499938964844,475.25,478.5249938964844,456.9482116699219,1219166
2018-04-05,479.7749938964844,488.29998779296875,479.6000061035156,483.17498779296875,461.3885192871094,758800
2018-04-06,485.0,491.0249938964844,484.17498779296875,489.5249938964844,467.4522399902344,606400
2018-04-09,491.3500061035156,499.5,489.54998779296875,495.6499938964844,473.3009948730469,1282870
2018-04-10,496.95001220703125,504.875,492.1000061035156,500.07501220703125,477.5265197753906,1415842
2018-04-11,506.3500061035156,506.3500061035156,491.79998779296875,492.6000061035156,470.3885498046875,1158624
2018-04-12,490.07501220703125,504.29998779296875,487.5,502.95001220703125,480.2718505859375,1274540
2018-04-13,504.5,514.2000122070312,503.5,512.4500122070312,489.343505859375,1852398
2018-04-16,516.4749755859375,522.9749755859375,512.0,519.2249755859375,495.8130187988281,2073632
2018-04-17,519.2249755859375,523.6749877929688,516.625,519.8250122070312,496.38604736328125,1426838
2018-04-18,519.9000244140625,527.5,519.8499755859375,525.7999877929688,502.0915832519531,1332930
2018-04-19,525.5,532.25,524.1749877929688,529.2000122070312,505.33831787109375,1261204
2018-04-20,526.5,535.0,526.5,531.1749877929688,507.22412109375,721666
2018-04-23,532.5,536.2999877929688,531.625,534.0250244140625,509.9456481933594,395022
2018-04-24,533.75,540.25,531.6749877929688,533.4500122070312,509.3966064453125,824632
2018-04-25,533.5,540.0750122070312,529.1500244140625,536.875,512.6671752929688,953264
2018-04-26,538.5,546.5,537.5,542.875,518.3966064453125,2301626
2018-04-27,542.5,549.5,531.5250244140625,534.3499755859375,510.2560119628906,981874
2018-04-30,536.0,545.0,534.0,543.0999755859375,518.6114501953125,625936
2018-05-02,544.0,555.0,543.2999877929688,551.4249877929688,526.5610961914062,913382
2018-05-03,555.0,555.875,538.0250244140625,542.5250244140625,518.0624389648438,1216636
2018-05-04,540.0,543.0250244140625,530.2750244140625,535.2750244140625,511.1393737792969,1032930
2018-05-07,536.0,542.5,532.5,540.4500122070312,516.0809936523438,699854
2018-05-08,540.4500122070312,554.8499755859375,539.9749755859375,552.4249877929688,527.5160522460938,845160
2018-05-09,553.0,555.4500122070312,540.9500122070312,545.3250122070312,520.7361450195312,735568
2018-05-10,543.5,549.6500244140625,541.0499877929688,544.2249755859375,519.6857299804688,514766
2018-05-11,545.1500244140625,552.4500122070312,545.1500244140625,551.5750122070312,526.7044067382812,660630
2018-05-14,552.5,558.9500122070312,547.0499877929688,551.0499877929688,526.202880859375,740814
2018-05-15,551.0,562.4000244140625,542.4749755859375,545.5499877929688,520.9509887695312,1535476
2018-05-16,543.5,548.9500122070312,540.5250244140625,546.9249877929688,522.2639770507812,1104010
2018-05-17,549.0,549.9500122070312,534.2249755859375,536.0750122070312,511.9032897949219,1154568
2018-05-18,536.0,544.9500122070312,532.875,540.7000122070312,516.3197631835938,1370006
2018-05-21,541.9500122070312,554.5,540.5999755859375,547.7750244140625,523.0757446289062,1117420
2018-05-22,551.0,561.5,548.8250122070312,559.0499877929688,533.8423461914062,1157768
2018-05-23,561.5,567.5,540.0499877929688,544.1749877929688,519.637939453125,2118262
2018-05-24,544.125,545.4749755859375,533.125,540.2750244140625,515.9139404296875,1429212
2018-05-25,540.5,573.6500244140625,520.75,569.7750244140625,544.083740234375,4844232
2018-05-28,572.0,579.7000122070312,564.125,577.2249755859375,551.1978149414062,2435866
2018-05-29,578.4249877929688,589.5,575.8499755859375,584.4749755859375,558.120849609375,2630830
2018-05-30,582.6500244140625,597.7000122070312,578.7750244140625,593.9000244140625,567.1210327148438,4025746
2018-05-31,594.0,596.0,571.375,578.7999877929688,552.7017211914062,26280130
2018-06-01,576.3250122070312,577.3499755859375,557.0,559.6749877929688,534.4390869140625,1766476
2018-06-04,563.5,573.8250122070312,553.0,560.1749877929688,534.9166259765625,2081024
2018-06-05,558.0,559.0,540.7750244140625,545.7249755859375,521.1181030273438,888690
2018-06-06,547.0,549.3250122070312,537.6749877929688,544.125,519.59033203125,1150396
2018-06-07,545.4000244140625,555.2000122070312,541.5,543.6749877929688,519.1605834960938,1267222
2018-06-08,542.5,543.4500122070312,528.75,535.1749877929688,511.04376220703125,1259006
2018-06-11,539.5,539.5,523.0250244140625,528.9500122070312,505.09954833984375,2274736
2018-06-12,530.0,533.0,525.75,529.2999877929688,505.4337463378906,1870410
2018-06-13,531.9500122070312,545.6500244140625,530.5250244140625,541.7000122070312,517.274658203125,1494298
2018-06-14,544.9749755859375,550.9000244140625,539.125,541.5,517.0836181640625,1299640
2018-06-15,544.5499877929688,549.25,536.5,541.9249877929688,517.4895629882812,931170
2018-06-18,545.0,545.0,536.1500244140625,539.0250244140625,514.72021484375,702490
2018-06-19,538.625,539.375,527.0499877929688,530.0499877929688,506.14996337890625,759954
2018-06-20,530.0,539.0,529.125,536.375,512.189697265625,673254
2018-06-21,537.3499755859375,538.5499877929688,516.9500122070312,519.1500244140625,495.741455078125,1126594
2018-06-22,512.5,528.0,509.57501220703125,525.3499755859375,501.6618347167969,1823444
2018-06-25,525.3499755859375,531.7249755859375,518.5499877929688,521.2750244140625,497.7706604003906,735772
2018-06-26,525.0,530.9000244140625,518.7750244140625,527.4249877929688,503.6432800292969,834088
2018-06-27,529.25,529.2999877929688,520.0,521.75,498.22412109375,609324
2018-06-28,517.5499877929688,523.0,512.5750122070312,514.1500244140625,490.9668884277344,888772
2018-06-29,520.5750122070312,534.4749755859375,517.0,531.75,507.7733154296875,1284342
2018-07-02,531.6749877929688,542.9000244140625,527.5499877929688,529.8499755859375,505.9588928222656,917260
2018-07-03,530.4500122070312,538.9749755859375,530.0,532.0250244140625,508.035888671875,874384
2018-07-04,532.5,537.0,528.3499755859375,534.7000122070312,510.5902099609375,383544
2018-07-05,535.0,538.2249755859375,529.3499755859375,531.25,507.2957763671875,487462
2018-07-06,529.0,535.7750244140625,525.5999755859375,528.2999877929688,504.4787902832031,759680
2018-07-09,531.875,538.4749755859375,530.25,534.4500122070312,510.35150146484375,481766
2018-07-10,537.5,541.3499755859375,533.7999877929688,537.2000122070312,512.9774780273438,725174
2018-07-11,539.75,549.25,537.6500244140625,542.5999755859375,518.1340942382812,1433846
2018-07-12,545.0750122070312,553.75,540.5,542.4500122070312,517.9907836914062,1833834
2018-07-13,545.6749877929688,545.6749877929688,530.5250244140625,532.25,508.2507019042969,655290
2018-07-16,534.5,534.5,518.1500244140625,526.5,502.760009765625,830978
2018-07-17,525.5,536.2249755859375,524.5,528.9749755859375,505.1234436035156,607264
2018-07-18,530.0,539.3499755859375,528.2000122070312,530.0499877929688,506.14996337890625,770576
2018-07-19,532.4749755859375,535.1749877929688,520.5,522.7999877929688,499.226806640625,606072
2018-07-20,520.0,523.7750244140625,514.5,515.4749755859375,492.2320861816406,777600
2018-07-23,520.6500244140625,528.7999877929688,520.6500244140625,525.2000122070312,501.51861572265625,771206
2018-07-24,522.5999755859375,540.1500244140625,522.5999755859375,538.4749755859375,514.1949462890625,1120754
2018-07-25,542.9749755859375,562.0,538.5,558.8250122070312,533.62744140625,1662134
2018-07-26,558.9749755859375,566.1500244140625,547.5250244140625,557.1749877929688,532.0518798828125,1744564
2018-07-27,562.5,565.5499877929688,555.4500122070312,564.0999755859375,538.66455078125,1317636
2018-07-30,564.9749755859375,568.5,557.5,558.8499755859375,533.6512451171875,560728
2018-07-31,559.8499755859375,564.9000244140625,552.2999877929688,561.7249755859375,536.3966674804688,961594
2018-08-01,566.9500122070312,573.9000244140625,562.0499877929688,565.2249755859375,539.7388916015625,1760016
2018-08-02,562.0,562.0,540.7750244140625,550.4000244140625,525.5823364257812,2225090
2018-08-03,551.0,559.875,551.0,554.3250122070312,529.3303833007812,760474
2018-08-06,554.5499877929688,557.0,546.0,549.875,525.0809936523438,686438
2018-08-07,549.9749755859375,556.9000244140625,549.9500122070312,552.0,527.1102905273438,681256
2018-08-08,552.0,563.2000122070312,552.0,559.6500244140625,534.415283203125,966112
2018-08-09,563.9749755859375,570.5,560.4000244140625,561.75,536.4205932617188,847510
2018-08-10,562.5,569.0,559.3499755859375,561.3250122070312,536.0147705078125,533840
2018-08-13,559.8250122070312,567.5,554.5250244140625,562.5750122070312,537.2083740234375,375162
2018-08-14,565.0,565.7000122070312,558.0,559.9749755859375,534.7255249023438,538462
2018-08-16,560.0,562.5,554.7000122070312,559.4000244140625,534.1765747070312,583358
2018-08-17,559.75,565.0750122070312,559.5750122070312,561.8499755859375,536.5160522460938,502500
2018-08-20,564.0,579.3499755859375,564.0,572.375,546.5664672851562,1896774
2018-08-21,569.5499877929688,579.0,569.5499877929688,571.5250244140625,548.63037109375,1215104
2018-08-23,572.0,582.4500122070312,567.125,580.3250122070312,557.077880859375,1012036
2018-08-24,584.5,586.7999877929688,574.7999877929688,575.6749877929688,552.6141967773438,1068340
2018-08-27,576.6749877929688,584.3499755859375,576.0,579.7000122070312,556.4778442382812,665680
2018-08-28,583.75,594.0,562.0,576.9749755859375,553.8621215820312,946580
2018-08-29,574.0999755859375,583.0,572.4500122070312,574.0250244140625,551.0301513671875,760048
2018-08-30,573.7249755859375,576.4749755859375,566.5,568.2000122070312,545.4384765625,2170238
2018-08-31,569.5999755859375,587.9000244140625,568.5499877929688,584.3250122070312,560.9176635742188,1638760
2018-09-03,588.4000244140625,589.4000244140625,580.7750244140625,582.8499755859375,559.5016479492188,806710
2018-09-04,583.75,585.1749877929688,554.5,560.5499877929688,538.094970703125,944682
2018-09-05,555.0250244140625,572.5,555.0250244140625,567.375,544.6466674804688,1855114
2018-09-06,568.375,581.9000244140625,564.0999755859375,575.9000244140625,552.830078125,974816
2018-09-07,577.4000244140625,582.5,571.0,579.7999877929688,556.57373046875,760570
2018-09-10,577.0,579.4749755859375,568.2249755859375,571.7249755859375,548.8223266601562,1089344
2018-09-11,572.0,578.0,555.0,556.8250122070312,534.519287109375,1119602
2018-09-12,558.4000244140625,568.4749755859375,546.1500244140625,550.4749755859375,528.4236450195312,1516074
2018-09-14,554.5999755859375,571.625,554.1500244140625,568.3250122070312,545.5585327148438,969762
2018-09-17,563.0,564.9000244140625,551.0,554.75,532.5274047851562,855096
2018-09-18,555.5,565.7999877929688,555.3250122070312,557.2750244140625,534.951171875,790280
2018-09-19,563.9500122070312,564.75,553.1749877929688,559.7750244140625,537.35107421875,452320
2018-09-21,560.0,572.625,541.0,568.4249877929688,545.6544799804688,1674284
2018-09-24,565.0,565.0,545.0,546.4749755859375,524.5838623046875,1083536
2018-09-25,546.5,556.5,540.0,550.0999755859375,528.0635986328125,943828
2018-09-26,551.0499877929688,558.0,534.4749755859375,538.0499877929688,516.4963989257812,933878
2018-09-27,538.25,539.0,525.5999755859375,528.2249755859375,507.06494140625,791226
2018-09-28,528.0750122070312,529.875,512.5499877929688,522.9249877929688,501.9772033691406,921328
2018-10-01,520.0999755859375,525.0,495.5,520.5999755859375,499.7453918457031,1112518
2018-10-03,521.0499877929688,522.3499755859375,495.2749938964844,497.92498779296875,477.9786682128906,1926124
2018-10-04,492.5,492.5,478.9750061035156,483.875,464.4915466308594,998190
2018-10-05,482.75,496.0,479.45001220703125,483.42498779296875,464.05950927734375,1098906
2018-10-08,485.0,492.9750061035156,473.82501220703125,486.42498779296875,466.9393310546875,1227636
2018-10-09,490.0,490.6499938964844,447.5,457.125,438.8131103515625,1689812
2018-10-10,461.5,479.75,458.0249938964844,476.42498779296875,457.3399658203125,680298
2018-10-11,468.42498779296875,483.92498779296875,449.2749938964844,479.82501220703125,460.6037292480469,817348
2018-10-12,485.0,501.7250061035156,484.6499938964844,496.6499938964844,476.7547607421875,1252290
2018-10-15,499.0,500.70001220703125,488.29998779296875,494.4750061035156,474.6669006347656,697586
2018-10-16,494.0,505.0,491.5249938964844,495.79998779296875,475.93878173828125,1196540
2018-10-17,498.79998779296875,502.45001220703125,479.45001220703125,481.07501220703125,461.8037109375,650174
2018-10-19,484.0,493.29998779296875,467.4750061035156,485.29998779296875,465.8594055175781,1194596
2018-10-22,488.0,496.32501220703125,476.1000061035156,486.04998779296875,466.5793762207031,1084616
2018-10-23,479.5,484.29998779296875,448.5,461.7749938964844,443.2768249511719,1663176
2018-10-24,465.5,473.375,454.2749938964844,471.20001220703125,452.32427978515625,1283546
2018-10-25,466.0,474.2749938964844,461.8500061035156,466.79998779296875,448.1005554199219,737720
2018-10-26,469.5,470.5,459.0249938964844,468.1499938964844,449.3963928222656,514858
2018-10-29,469.0,482.70001220703125,461.5,480.7749938964844,461.51568603515625,688782
2018-10-30,486.0,486.0,465.1000061035156,467.79998779296875,449.0604553222656,1001512
2018-10-31,469.0,481.95001220703125,457.79998779296875,479.42498779296875,460.21978759765625,1872844
2018-11-01,481.8999938964844,494.92498779296875,477.5,488.67498779296875,469.0992126464844,1325614
2018-11-02,495.0,502.5,489.7250061035156,494.6499938964844,474.8348693847656,1270530
2018-11-05,494.8500061035156,524.3499755859375,489.04998779296875,515.9500122070312,495.2816162109375,1842906
2018-11-06,517.4749755859375,517.4749755859375,495.0249938964844,498.2250061035156,478.2666931152344,1048918
2018-11-07,500.0,507.9750061035156,498.5,505.82501220703125,485.5622253417969,241658
2018-11-09,507.0,523.3499755859375,500.0249938964844,521.0,500.12933349609375,927352
2018-11-12,523.4749755859375,524.7750244140625,507.5,513.4249877929688,492.85772705078125,638698
2018-11-13,514.5,534.0,510.0,531.625,510.3287048339844,1072820
2018-11-14,539.8499755859375,553.5,532.5250244140625,548.1749877929688,526.2157592773438,1747812
2018-11-15,544.3499755859375,557.0,538.4749755859375,554.125,531.9273681640625,972220
2018-11-16,554.5,561.125,550.5250244140625,559.4500122070312,537.0390014648438,793870
2018-11-19,561.0,566.3499755859375,555.2999877929688,561.2999877929688,538.8150024414062,905360
2018-11-20,560.0,566.5,557.5,564.0499877929688,541.454833984375,912778
2018-11-21,564.2750244140625,579.9500122070312,564.2750244140625,577.7000122070312,554.55810546875,1392748
2018-11-22,573.5499877929688,582.3499755859375,573.125,579.125,555.9259643554688,876598
2018-11-26,580.2999877929688,584.3499755859375,572.5499877929688,578.5250244140625,555.35009765625,1156630
2018-11-27,578.5,590.25,573.4749755859375,585.0750122070312,561.6376342773438,910216
2018-11-28,582.5499877929688,593.1500244140625,577.5,579.75,556.52587890625,1147868
2018-11-29,580.0499877929688,597.4000244140625,564.0499877929688,592.5499877929688,568.8130493164062,2216962
2018-11-30,591.0,592.5499877929688,577.5999755859375,581.6500244140625,558.3497924804688,2557060
2018-12-03,578.0499877929688,584.5,571.2000122070312,575.9000244140625,552.830078125,733790
2018-12-04,576.5250244140625,588.0,574.0,580.6500244140625,557.3898315429688,928488
2018-12-05,580.6500244140625,589.0,573.5999755859375,578.5250244140625,555.35009765625,1354402
2018-12-06,578.3499755859375,578.3499755859375,565.0499877929688,567.3499755859375,544.6226196289062,1152900
2018-12-07,567.5,575.8499755859375,561.7999877929688,570.0499877929688,547.2144165039062,671424
2018-12-10,557.75,564.0,553.6500244140625,561.5250244140625,539.031005859375,755870
2018-12-11,559.5,568.4500122070312,552.625,560.625,538.1670532226562,620106
2018-12-12,567.4500122070312,578.0999755859375,556.4500122070312,576.0750122070312,552.998046875,1472756
2018-12-13,579.9749755859375,585.0,574.0250244140625,581.0999755859375,557.82177734375,887392
2018-12-14,577.5,591.0,577.5,583.5999755859375,560.2216796875,1133436
2018-12-17,584.0499877929688,598.1749877929688,578.0750122070312,592.6500244140625,568.9091796875,1382428
2018-12-18,594.0,594.9000244140625,582.5250244140625,584.0999755859375,560.7015380859375,884452
2018-12-19,586.4500122070312,605.7249755859375,584.2249755859375,600.5,576.4446411132812,3282204
2018-12-20,597.5,601.0,590.9000244140625,596.3250122070312,572.4369506835938,1241818
2018-12-21,596.5,596.5,568.5999755859375,571.2000122070312,548.3184204101562,1958246
2018-12-24,567.5499877929688,573.2999877929688,556.2999877929688,559.4500122070312,537.0390014648438,845592
2018-12-26,552.5,557.0,543.5250244140625,552.0,529.8875732421875,1420734
2018-12-27,558.125,561.5750122070312,550.5499877929688,556.8499755859375,534.5431518554688,1409054
2018-12-28,561.5999755859375,563.7249755859375,549.0,550.9749755859375,528.903564453125,1714558
2018-12-31,552.5,558.0,551.6500244140625,553.9249877929688,531.7353515625,803900
2019-01-01,556.3499755859375,558.0,547.5750122070312,550.9749755859375,528.903564453125,382168
2019-01-02,551.5499877929688,558.0999755859375,544.1500244140625,553.8250122070312,531.639404296875,821676
2019-01-03,551.2000122070312,559.7000122070312,550.25,554.625,532.4072875976562,522492
2019-01-04,554.6500244140625,559.2000122070312,551.6500244140625,552.8499755859375,530.703369140625,545604
2019-01-07,554.125,557.4000244140625,546.3499755859375,551.2999877929688,529.2155151367188,450572
2019-01-08,551.5,554.0,546.2999877929688,551.4500122070312,529.359619140625,422184
2019-01-09,552.1500244140625,558.5,546.6749877929688,549.0499877929688,527.0556030273438,1253670
2019-01-10,547.5,563.625,543.5,557.5750122070312,535.2391967773438,1694164
2019-01-11,558.0,566.5,551.7999877929688,554.625,532.4072875976562,2059068
2019-01-14,557.4500122070312,570.375,550.0,567.3250122070312,544.5986328125,2003390
2019-01-15,569.9500122070312,589.375,567.8499755859375,584.4500122070312,561.03759765625,3077208
2019-01-16,582.25,585.8499755859375,575.0999755859375,577.0,553.8860473632812,816454
2019-01-17,578.4749755859375,582.8250122070312,574.3499755859375,575.7750244140625,552.710205078125,647062
2019-01-18,576.0,581.2999877929688,570.1749877929688,574.4000244140625,551.3901977539062,578048
2019-01-21,575.0,584.0,572.0,577.5750122070312,554.4380493164062,659136
2019-01-22,580.0,583.75,572.7249755859375,576.4000244140625,553.3101196289062,1106134
2019-01-23,580.2999877929688,580.9749755859375,564.25,565.7249755859375,543.0626220703125,1088426
2019-01-24,555.0250244140625,569.7249755859375,545.5,554.6749877929688,532.4552612304688,4441102
2019-01-25,559.5,568.7999877929688,554.5750122070312,564.9000244140625,542.2708129882812,2205190
2019-01-28,566.0,567.5,549.0499877929688,551.0,528.9275512695312,857136
2019-01-29,550.3250122070312,559.9500122070312,545.625,552.9249877929688,530.775390625,627254
2019-01-30,550.0,559.0,536.0750122070312,555.0499877929688,532.8153076171875,2001114
2019-01-31,553.0499877929688,562.5,545.75,559.875,537.4469604492188,2206280
2019-02-01,560.4749755859375,572.0,556.25,561.4000244140625,538.9110107421875,1889278
2019-02-04,557.0,566.9749755859375,548.0499877929688,560.5999755859375,538.1430053710938,1481798
2019-02-05,562.7750244140625,567.0999755859375,557.9749755859375,559.6500244140625,537.2310791015625,721206
2019-02-06,560.0250244140625,566.125,557.0499877929688,562.5,539.9669189453125,485834
2019-02-07,560.0,583.9500122070312,560.0,581.8250122070312,558.5176391601562,1366878
2019-02-08,580.0250244140625,583.5499877929688,571.0499877929688,575.0499877929688,552.0140991210938,1009708
2019-02-11,575.0,580.9500122070312,558.625,562.7750244140625,540.2308959960938,593314
2019-02-12,563.5,571.4500122070312,554.25,567.9249877929688,545.1746215820312,1335226
2019-02-14,565.0250244140625,565.9500122070312,555.5499877929688,556.7000122070312,534.3991088867188,581282
2019-02-15,556.9500122070312,558.9249877929688,540.0750122070312,548.0499877929688,526.095703125,1130812
2019-02-18,548.4749755859375,552.5,523.0999755859375,539.875,518.2481689453125,2180544
2019-02-19,539.9500122070312,546.5,526.0750122070312,528.1500244140625,506.992919921875,1141062
2019-02-20,528.25,542.3499755859375,528.25,537.4749755859375,515.9442749023438,770342
2019-02-21,537.5499877929688,541.5,533.0750122070312,536.9749755859375,515.46435546875,535326
2019-02-22,535.7000122070312,543.4249877929688,532.75,538.3499755859375,516.7843017578125,578804
2019-02-25,538.5499877929688,555.9000244140625,538.0,552.8499755859375,530.703369140625,1345786
2019-02-26,552.0,566.0,540.0,563.2999877929688,540.7348022460938,949388
2019-02-27,561.7750244140625,577.0,557.0250244140625,573.625,550.6461791992188,2106036
2019-02-28,575.0,580.9500122070312,570.1749877929688,576.2249755859375,553.1420288085938,1256534
2019-03-01,575.5,579.375,566.0499877929688,572.0750122070312,549.158203125,719974
2019-03-05,575.0,577.25,568.0999755859375,571.1500244140625,548.2704467773438,565494
2019-03-06,573.4749755859375,584.8499755859375,568.4000244140625,571.0250244140625,548.150390625,1888644
2019-03-07,572.25,574.9500122070312,565.0,566.9749755859375,544.2626342773438,621134
2019-03-08,568.2249755859375,569.9749755859375,556.0999755859375,562.25,539.7268676757812,885602
2019-03-11,562.7750244140625,570.8250122070312,562.1500244140625,569.0750122070312,546.2784423828125,781644
2019-03-12,572.5750122070312,574.7000122070312,564.0,565.875,543.2067260742188,1392766
2019-03-13,567.0250244140625,591.0,565.5750122070312,588.2000122070312,564.6373901367188,2935250
2019-03-14,595.0,595.0,581.0499877929688,584.9749755859375,561.54150390625,2703860
2019-03-15,585.5,596.9249877929688,580.0,582.7249755859375,559.3817138671875,1436954
2019-03-18,583.75,590.8499755859375,580.5,587.6749877929688,564.13330078125,650576
2019-03-19,587.625,595.0,585.0499877929688,588.2000122070312,564.6373901367188,873692
2019-03-20,591.0,593.5,582.5,588.375,564.805419921875,869168
2019-03-22,587.5,600.0,587.5,592.5,568.76513671875,1337004
2019-03-25,588.5,592.5,583.5,589.7750244140625,566.1492919921875,444482
2019-03-26,587.0499877929688,620.0,587.0499877929688,613.2750244140625,588.7079467773438,4054290
2019-03-27,615.0,618.5250244140625,606.7750244140625,612.0,587.4840087890625,1801506
2019-03-28,612.5,621.75,608.5,612.9749755859375,588.4198608398438,1479454
2019-04-01,625.0,633.0,622.8250122070312,626.3250122070312,601.2351684570312,1053816
2019-04-02,629.9749755859375,632.5,621.0,629.0499877929688,603.8509521484375,762924
2019-04-03,631.7750244140625,648.5,626.2750244140625,638.5,612.92236328125,2309968
2019-04-04,642.4749755859375,647.25,631.75,644.0499877929688,618.2500610351562,2022614
2019-04-05,644.5,647.9749755859375,640.0999755859375,643.2999877929688,617.5301513671875,547556
2019-04-08,642.5,644.5999755859375,636.0499877929688,642.4749755859375,616.7382202148438,686702
2019-04-09,639.2750244140625,639.4500122070312,631.8250122070312,637.3250122070312,611.7944946289062,637938
2019-04-10,635.0,643.0999755859375,635.0,641.0750122070312,615.3942260742188,549200
2019-04-11,640.5,647.7750244140625,635.0250244140625,638.6749877929688,613.09033203125,793678
2019-04-12,640.4000244140625,647.0,638.6749877929688,645.0999755859375,619.258056640625,655726
2019-04-15,642.125,656.2999877929688,640.0,650.4000244140625,624.3457641601562,1234990
2019-04-16,650.0,651.5,643.75,645.875,620.001953125,418260
2019-04-18,642.4749755859375,651.3499755859375,626.0499877929688,627.75,602.60302734375,975620
2019-04-22,625.0,625.9749755859375,611.75,614.9749755859375,590.3397216796875,585418
2019-04-23,612.9000244140625,615.0,597.5,603.4249877929688,579.2525024414062,1499062
2019-04-24,606.5,613.75,605.0,610.9749755859375,586.5,775716
2019-04-25,611.75,619.1500244140625,602.5,604.0499877929688,579.8524169921875,1714110
2019-04-26,608.9000244140625,614.9249877929688,604.0,610.7000122070312,586.236083984375,682798
2019-04-30,612.0,621.5,605.7999877929688,617.2750244140625,592.5476684570312,1012136
2019-05-02,614.5,627.5,612.5999755859375,614.4000244140625,589.7879028320312,2567946
2019-05-03,619.2249755859375,619.2249755859375,596.7750244140625,600.75,576.6846923828125,1248228
2019-05-06,600.0,600.0,589.0,593.9249877929688,570.1329956054688,1225142
2019-05-07,594.6749877929688,599.9500122070312,587.0,589.3499755859375,565.7413940429688,691284
2019-05-08,589.1500244140625,591.5999755859375,578.8499755859375,582.1749877929688,558.8536987304688,845072
2019-05-09,583.5,589.3250122070312,577.2249755859375,579.75,556.52587890625,614882
2019-05-10,580.0,589.375,576.5,583.9249877929688,560.5335693359375,607344
2019-05-13,583.5999755859375,587.0499877929688,575.0250244140625,577.2249755859375,554.10205078125,429154
2019-05-14,575.0,578.625,565.6500244140625,569.5999755859375,546.782470703125,1074650
2019-05-15,549.5,589.3499755859375,547.5,582.2750244140625,558.9497680664062,5689994
2019-05-16,577.6500244140625,584.8499755859375,572.5250244140625,576.9249877929688,553.8140258789062,1100792
2019-05-17,578.7000122070312,587.4000244140625,574.2000122070312,581.0999755859375,557.82177734375,1238394
2019-05-20,590.0,615.0,585.7999877929688,608.5,584.124267578125,1518834
2019-05-21,609.0,609.0,593.0499877929688,599.9249877929688,575.8926391601562,1057218
2019-05-22,602.4500122070312,607.9749755859375,591.2750244140625,605.7999877929688,581.5322265625,802734
2019-05-23,608.3250122070312,615.0,597.7249755859375,599.7999877929688,575.7726440429688,1022470
2019-05-24,604.0,625.0,592.625,618.7999877929688,594.0115356445312,1987386
2019-05-27,617.4000244140625,620.9249877929688,608.4500122070312,614.5,589.8838500976562,1001530
2019-05-28,617.0,637.5,612.2999877929688,633.0750122070312,607.7147216796875,2640296
2019-05-29,632.2249755859375,637.5,625.0250244140625,635.5,610.0426025390625,1032966
2019-05-30,634.9000244140625,641.0250244140625,630.0,634.3499755859375,608.9385986328125,1320234
2019-05-31,634.0,650.7000122070312,632.0499877929688,644.8250122070312,618.9940795898438,2160342
2019-06-03,648.8499755859375,652.0999755859375,641.2000122070312,647.8499755859375,621.8978881835938,1190030
2019-06-04,646.4000244140625,646.5250244140625,636.75,639.75,614.1223754882812,1319460
2019-06-06,643.5,643.5,630.5,635.0999755859375,609.6585693359375,1074702
2019-06-07,632.7750244140625,633.2000122070312,623.0,627.8499755859375,602.6990356445312,1438228
2019-06-10,632.4000244140625,645.9000244140625,630.75,641.7249755859375,616.0181884765625,1205716
2019-06-11,641.0,652.4000244140625,641.0,644.3250122070312,618.5140991210938,1087232
2019-06-12,647.5,647.5250244140625,637.6500244140625,639.9249877929688,614.2903442382812,970696
2019-06-13,636.0,636.0,623.5499877929688,625.4500122070312,600.3952026367188,1732392
2019-06-14,625.0250244140625,625.4500122070312,619.2249755859375,622.0,597.0834350585938,1615328
2019-06-17,622.0,627.5,617.5750122070312,621.0250244140625,596.1475219726562,1043986
2019-06-18,621.1749877929688,622.8499755859375,616.0,618.9000244140625,594.1076049804688,904914
2019-06-19,620.5250244140625,631.2999877929688,618.0,622.7000122070312,597.7553100585938,947484
2019-06-20,622.5499877929688,630.6749877929688,617.5250244140625,625.8250122070312,600.7551879882812,1143820
2019-06-21,620.5499877929688,625.3250122070312,606.0,616.5,591.8037109375,1489028
2019-06-24,613.5,616.2000122070312,607.5750122070312,613.1500244140625,588.587890625,403198
2019-06-25,612.5,620.5250244140625,610.5,616.7750244140625,592.0676879882812,730472
2019-06-26,614.0,620.0,607.6500244140625,613.0,588.4439086914062,1309168
2019-06-27,612.125,616.0,608.4000244140625,611.5750122070312,587.0760498046875,1167212
2019-06-28,613.0,615.9249877929688,604.5499877929688,607.2249755859375,582.9002075195312,906948
2019-07-01,608.5,611.0,599.7750244140625,603.2249755859375,579.0604858398438,770418
2019-07-02,606.0,608.125,600.5750122070312,605.0,580.7643432617188,1250198
2019-07-03,608.1500244140625,613.0,607.125,610.4749755859375,586.0201416015625,1052020
2019-07-04,610.0,621.0999755859375,610.0,613.4249877929688,588.8518676757812,1511742
2019-07-05,614.75,619.25,600.0250244140625,603.125,578.9644165039062,1570946
2019-07-08,602.5,602.5,590.0,599.7999877929688,575.7726440429688,497016
2019-07-09,600.0,600.0,584.0499877929688,588.875,565.285400390625,838060
2019-07-10,589.125,593.875,586.5,591.625,567.9251708984375,390362
2019-07-11,592.0250244140625,597.0,586.8499755859375,593.6500244140625,569.8690795898438,617444
2019-07-12,592.0750122070312,597.25,589.9000244140625,592.625,568.8850708007812,340862
2019-07-15,593.0,603.9749755859375,590.2750244140625,600.9000244140625,576.8286743164062,744504
2019-07-16,600.5,613.0,596.0250244140625,609.0,584.6041259765625,585774
2019-07-17,612.5,619.9500122070312,612.5,614.625,590.0037841796875,999296
2019-07-18,614.5,617.75,608.0999755859375,613.9249877929688,589.331787109375,1063788
2019-07-19,614.5,615.2000122070312,596.0250244140625,597.6749877929688,573.7328491210938,937034
2019-07-22,594.6749877929688,600.1749877929688,588.0,599.0999755859375,575.1007080078125,477094
2019-07-23,602.0,605.5,594.0,603.2249755859375,579.0604858398438,763416
2019-07-24,603.125,624.5,591.25,616.375,591.6837158203125,1259182
2019-07-25,619.0,622.125,610.0,617.2750244140625,592.5476684570312,1058106
2019-07-26,617.0,627.0,613.0,621.9500122070312,597.0353393554688,1282068
2019-07-29,619.4500122070312,623.0999755859375,611.7750244140625,620.3499755859375,598.6276245117188,681970
2019-07-30,622.0,625.4000244140625,612.5,614.3499755859375,592.8377075195312,1035576
2019-07-31,616.4749755859375,622.5,607.9249877929688,620.2999877929688,598.5792846679688,1048636
2019-08-01,621.7249755859375,622.25,599.1749877929688,605.7000122070312,584.4906005859375,1486020
2019-08-02,604.3250122070312,634.7000122070312,593.0499877929688,628.3499755859375,606.347412109375,2108814
2019-08-05,624.5,638.875,620.1749877929688,636.5,614.2120971679688,2230812
2019-08-06,634.9000244140625,661.8499755859375,633.5499877929688,654.3499755859375,631.4369506835938,3567816
2019-08-07,660.0,660.4249877929688,642.2000122070312,644.9500122070312,622.3662109375,2086226
2019-08-08,648.3250122070312,666.5,643.0,664.4249877929688,641.1591796875,1767796
2019-08-09,669.4500122070312,679.3250122070312,667.1500244140625,675.875,652.2083129882812,1929904
2019-08-13,674.5,685.5,668.6500244140625,672.0499877929688,648.5172119140625,1467998
2019-08-14,674.5,679.9500122070312,665.5999755859375,673.5999755859375,650.0128784179688,1065290
2019-08-16,677.5,686.5,670.0,684.7249755859375,660.7484741210938,914628
2019-08-19,685.0,692.0,677.9249877929688,684.5499877929688,660.5795288085938,1031168
2019-08-20,685.0,691.9749755859375,680.4249877929688,685.5999755859375,661.5927124023438,1420398
2019-08-21,686.0,688.9749755859375,680.5,683.1500244140625,659.2285766601562,659202
2019-08-22,684.6500244140625,684.6749877929688,672.7750244140625,680.6749877929688,656.8402709960938,782810
2019-08-23,679.9749755859375,687.0,677.5250244140625,679.8499755859375,656.0441284179688,674566
2019-08-26,685.0,694.8499755859375,673.5,693.1749877929688,668.9024658203125,654940
2019-08-27,695.0,700.0,684.625,685.9249877929688,661.9063720703125,1432332
2019-08-28,688.0,694.0,681.5750122070312,689.1749877929688,665.0426025390625,847872
2019-08-29,686.4749755859375,692.5,679.1749877929688,687.0750122070312,663.01611328125,801672
2019-08-30,688.9749755859375,691.25,682.4000244140625,688.8499755859375,664.7288818359375,855120
2019-09-03,688.4500122070312,690.8250122070312,672.5250244140625,674.3250122070312,650.712646484375,657150
2019-09-04,675.9749755859375,682.0999755859375,667.5250244140625,680.3250122070312,656.5025024414062,783564
2019-09-05,680.9749755859375,686.4749755859375,678.0250244140625,684.6749877929688,660.7001342773438,582838
2019-09-06,685.0499877929688,688.4249877929688,679.6749877929688,686.0750122070312,662.0511474609375,364004
2019-09-09,687.0,690.25,683.0499877929688,687.3499755859375,663.281494140625,421476
2019-09-11,689.5,691.4749755859375,683.0,687.4500122070312,663.3780517578125,773180
2019-09-12,687.0,694.3250122070312,682.5499877929688,685.7249755859375,661.71337890625,895290
2019-09-13,687.4500122070312,690.5,682.7999877929688,688.75,664.6324462890625,748584
2019-09-16,682.0,682.5,667.8250122070312,679.5750122070312,655.7787475585938,1026212
2019-09-17,678.2000122070312,678.2000122070312,658.0,661.1500244140625,637.9989624023438,1460692
2019-09-18,653.5999755859375,662.75,646.0,654.875,631.9436645507812,2524482
2019-09-19,652.5,655.9000244140625,646.0250244140625,647.2750244140625,624.60986328125,597234
2019-09-20,650.0,711.0,644.0,704.375,679.7103881835938,3107284
2019-09-23,717.5,746.0,715.0,740.6749877929688,714.7392578125,1894164
2019-09-24,746.3499755859375,746.75,725.4000244140625,728.4000244140625,702.8941650390625,908660
2019-09-25,728.4000244140625,728.4000244140625,705.5499877929688,719.3499755859375,694.1609497070312,704520
2019-09-26,721.0999755859375,730.9000244140625,718.9500122070312,727.0499877929688,701.5913696289062,784612
2019-09-27,724.9500122070312,744.9000244140625,720.2249755859375,738.4000244140625,712.5438842773438,1076536
2019-09-30,738.5,738.5,715.5499877929688,721.875,696.5975952148438,853990
2019-10-01,725.125,733.625,713.625,719.625,694.4263916015625,848126
2019-10-03,722.4500122070312,723.9500122070312,688.7750244140625,696.5750122070312,672.18359375,871970
2019-10-04,696.9749755859375,699.1500244140625,682.0,683.9249877929688,659.9764404296875,1007466
2019-10-07,684.0,689.1500244140625,676.5499877929688,683.0,659.0838012695312,425510
2019-10-09,685.9000244140625,688.0,667.0,668.2750244140625,644.8743286132812,2272204
2019-10-10,668.0,684.7249755859375,661.5,679.4249877929688,655.6339721679688,1218636
2019-10-11,682.0750122070312,691.0,680.5999755859375,682.9500122070312,659.0355834960938,745104
2019-10-14,685.0250244140625,692.4000244140625,679.5,681.125,657.2744140625,742342
2019-10-15,684.5,694.7750244140625,675.7750244140625,689.625,665.4768676757812,799126
2019-10-16,690.0,692.4500122070312,679.0250244140625,680.4500122070312,656.6231079101562,1124052
2019-10-17,680.5,687.4249877929688,676.5,678.5999755859375,654.8379516601562,2005614
2019-10-18,680.0,689.0,672.0,675.75,652.0877075195312,1652812
2019-10-22,680.25,691.0,672.0250244140625,675.0999755859375,651.46044921875,2529016
2019-10-23,679.3250122070312,681.2000122070312,660.5,662.625,639.4222412109375,1606420
2019-10-24,667.5,683.9749755859375,665.75,681.4000244140625,657.5398559570312,1088876
2019-10-25,684.4500122070312,689.9500122070312,666.5,669.375,645.9359130859375,1915746
2019-10-27,675.0,677.4500122070312,672.7249755859375,675.5,651.846435546875,161316
2019-10-29,679.0,683.25,675.5999755859375,680.3250122070312,656.5025024414062,1335958
2019-10-30,687.0,687.0,674.5999755859375,682.5999755859375,658.6978149414062,1064380
2019-10-31,683.2750244140625,707.0,683.2750244140625,700.7999877929688,676.260498046875,2632498
2019-11-01,704.5,712.2249755859375,696.5499877929688,698.9749755859375,674.4993286132812,1390928
2019-11-04,704.0,704.0,692.5,699.7249755859375,675.2232055664062,923938
2019-11-05,702.5,702.5,688.5,694.4000244140625,670.084716796875,851300
2019-11-06,698.4000244140625,698.7000122070312,684.2999877929688,685.5499877929688,661.5445556640625,971736
2019-11-07,690.0,692.9249877929688,683.2000122070312,691.2999877929688,667.0932006835938,662148
2019-11-08,691.0499877929688,694.3499755859375,672.75,677.0750122070312,653.3663330078125,845920
2019-11-11,680.0,680.5250244140625,659.0,660.5499877929688,637.419921875,1081652
2019-11-13,660.5,673.2000122070312,657.2999877929688,662.0,638.819091796875,2773612
2019-11-14,659.0,674.9500122070312,653.875,672.2000122070312,648.6620483398438,2871716
2019-11-15,672.5,672.5,657.1749877929688,658.3250122070312,635.2728881835938,1399290
2019-11-18,659.7249755859375,661.4749755859375,650.5,652.625,629.7724609375,1126722
2019-11-19,652.5,653.0,644.0,649.0750122070312,626.3468017578125,1388626
2019-11-20,650.0499877929688,666.5,650.0499877929688,664.0499877929688,640.79736328125,1734964
2019-11-21,665.2750244140625,667.25,648.0,649.875,627.1188354492188,988758
2019-11-22,651.5,658.2249755859375,644.2249755859375,648.9500122070312,626.2261352539062,831346
2019-11-25,652.9500122070312,653.0499877929688,639.0,650.1749877929688,627.408203125,1267168
2019-11-26,651.5,662.0999755859375,647.5750122070312,652.7999877929688,629.9413452148438,2060282
2019-11-27,656.8499755859375,660.9000244140625,653.0,656.625,633.6323852539062,730694
2019-11-28,656.625,663.75,652.3250122070312,655.2999877929688,632.3536987304688,1238446
2019-11-29,656.0,660.0,650.0,651.5,628.6868286132812,578104
2019-12-02,655.0,662.4249877929688,645.0,660.125,637.0098266601562,976858
2019-12-03,662.7000122070312,665.5,657.7750244140625,660.7999877929688,637.6611938476562,832656
2019-12-04,660.0,663.9749755859375,656.5750122070312,660.1749877929688,637.05810546875,474742
2019-12-05,659.9500122070312,662.5,653.7750244140625,655.4749755859375,632.5226440429688,620934
2019-12-06,656.4500122070312,669.0,654.0750122070312,657.8499755859375,634.814453125,1278290
2019-12-09,659.4500122070312,667.5,657.0,663.5499877929688,640.31494140625,690090
2019-12-10,663.6749877929688,665.9000244140625,658.75,659.7750244140625,636.6720581054688,462998
2019-12-11,660.4749755859375,666.5,660.0499877929688,665.1749877929688,641.8828735351562,357716
2019-12-12,665.0,670.0,661.8250122070312,665.5250244140625,642.220703125,699640
2019-12-13,668.9500122070312,668.9500122070312,659.3499755859375,662.2249755859375,639.0363159179688,574280
2019-12-16,662.2249755859375,667.7000122070312,656.375,657.625,634.5973510742188,418738
2019-12-17,660.4500122070312,665.5750122070312,654.0,663.7750244140625,640.5320434570312,647870
2019-12-18,664.4000244140625,686.5,663.875,682.3499755859375,658.4566040039062,1986964
2019-12-19,684.9500122070312,692.0,683.5,688.4000244140625,664.2947387695312,2010318
2019-12-20,688.5499877929688,692.5999755859375,687.0,688.7750244140625,664.6566162109375,1116378
2019-12-23,688.0,693.3499755859375,680.8250122070312,688.5499877929688,664.4395751953125,488620
2019-12-24,690.0,693.9249877929688,682.5,688.4500122070312,664.343017578125,445768
2019-12-26,692.0499877929688,698.0,688.5,695.0499877929688,670.7117919921875,1154522
2019-12-27,699.0,703.0999755859375,695.25,699.125,674.6441650390625,908624
2019-12-30,701.0,704.7000122070312,697.5250244140625,703.3250122070312,678.6970825195312,433078
2019-12-31,700.4749755859375,703.4249877929688,692.5750122070312,693.4500122070312,669.16796875,549516
2020-01-01,694.0250244140625,706.0,693.5,702.6749877929688,678.0698852539062,505046
2020-01-02,702.5,705.5,697.75,699.5250244140625,675.0302124023438,412824
2020-01-03,697.75,701.4500122070312,695.7750244140625,698.8250122070312,674.354736328125,487864
2020-01-06,693.6749877929688,697.4500122070312,690.9749755859375,693.8499755859375,669.5538940429688,1578998
2020-01-07,695.0499877929688,715.9249877929688,695.0,699.8499755859375,675.3438110351562,1727370
2020-01-08,696.0499877929688,703.6500244140625,694.5,701.7750244140625,677.201416015625,519582
2020-01-09,705.2750244140625,712.7249755859375,703.5499877929688,707.2000122070312,682.4364624023438,1021788
2020-01-10,710.0,716.4249877929688,704.5750122070312,707.5750122070312,682.7982788085938,5168956
2020-01-13,709.9500122070312,717.2000122070312,707.5499877929688,712.75,687.7920532226562,594534
2020-01-14,712.75,715.8499755859375,708.5,713.5999755859375,688.6122436523438,571640
2020-01-15,713.4000244140625,719.3499755859375,707.5499877929688,716.0250244140625,690.952392578125,784918
2020-01-16,715.625,728.0,715.0250244140625,726.3250122070312,700.8917846679688,1138358
2020-01-17,726.75,727.5999755859375,717.0999755859375,723.9249877929688,698.57568359375,979182
2020-01-20,725.0,732.5,719.0999755859375,720.2000122070312,694.981201171875,652618
2020-01-21,719.625,720.0,706.25,707.375,682.6054077148438,470402
2020-01-22,711.8250122070312,722.4749755859375,709.4000244140625,714.2750244140625,689.263671875,697620
2020-01-23,714.5250244140625,723.5,710.0,722.2000122070312,696.9112548828125,417130
2020-01-24,720.0,730.75,718.0499877929688,728.7999877929688,703.2800903320312,1003996
2020-01-27,729.0999755859375,740.8499755859375,725.5,738.3499755859375,712.4956665039062,1534176
2020-01-28,737.0,739.5499877929688,726.0499877929688,730.7999877929688,705.2101440429688,612014
2020-01-29,733.0999755859375,754.9500122070312,733.0999755859375,748.3499755859375,722.1454467773438,1269956
2020-01-30,767.5,772.5,747.5,760.4249877929688,733.7977294921875,5117712
2020-01-31,764.9000244140625,769.0,752.625,756.0250244140625,729.5517578125,1539330
2020-02-03,742.75,787.2000122070312,742.75,781.9249877929688,754.5447387695312,2304190
2020-02-04,785.0,787.0,772.9500122070312,778.5,751.2398071289062,1204662
2020-02-05,779.3250122070312,781.0,771.0499877929688,775.4749755859375,748.3206787109375,906316
2020-02-06,775.6500244140625,779.375,761.75,775.2000122070312,748.0552978515625,1468834
2020-02-07,770.5,789.9500122070312,770.5,779.4500122070312,752.1565551757812,1064264
2020-02-10,779.4500122070312,790.9000244140625,773.5,787.9749755859375,760.3829956054688,801762
2020-02-11,793.0,799.5,787.0250244140625,791.6749877929688,763.9534301757812,1106824
2020-02-12,791.6749877929688,799.0,790.2000122070312,794.625,766.8001098632812,660122
2020-02-13,795.0,796.5,787.5499877929688,789.0,761.3720703125,491938
2020-02-14,791.0499877929688,803.5,789.2999877929688,791.6749877929688,763.9534301757812,984192
2020-02-17,791.0499877929688,803.0,787.5499877929688,789.2000122070312,761.5650634765625,723906
2020-02-18,802.5,802.5,783.75,789.9249877929688,762.2646484375,744788
2020-02-19,791.4500122070312,799.4000244140625,788.2999877929688,796.875,768.9713134765625,460266
2020-02-20,795.0499877929688,798.9000244140625,785.8499755859375,787.6500244140625,760.0693969726562,538030
2020-02-24,788.0,791.9749755859375,775.75,777.75,750.5160522460938,584382
2020-02-25,775.0499877929688,788.5,775.0499877929688,778.0750122070312,750.8296508789062,613882
2020-02-26,775.0,781.4749755859375,763.0999755859375,767.8499755859375,740.962646484375,667298
2020-02-27,768.0,781.9000244140625,762.5,776.5250244140625,749.333984375,1388310
2020-02-28,775.0,775.0,747.7999877929688,756.5499877929688,730.058349609375,1741130
2020-03-02,765.0,780.0,755.5499877929688,766.375,739.539306640625,1024294
2020-03-03,766.5499877929688,777.4749755859375,758.5250244140625,769.2999877929688,742.3619384765625,842102
2020-03-04,770.0499877929688,793.5,766.7750244140625,790.9249877929688,763.2295532226562,3274152
2020-03-05,804.0,822.5,796.0499877929688,814.8499755859375,786.31689453125,3031866
2020-03-06,784.5499877929688,830.5999755859375,784.5499877929688,826.9000244140625,797.9449462890625,3189678
2020-03-09,834.5,845.0,804.0499877929688,819.7249755859375,791.0211791992188,3363874
2020-03-11,811.125,854.9500122070312,810.4749755859375,849.875,820.1154174804688,3643020
2020-03-12,835.0499877929688,837.5,793.375,796.0750122070312,768.1993408203125,3663360
2020-03-13,737.5,784.5999755859375,677.5250244140625,761.9000244140625,738.4677734375,4964728
2020-03-16,751.0,757.5,728.9000244140625,740.2999877929688,717.5320434570312,2324356
2020-03-17,737.3499755859375,796.0,734.9000244140625,779.4749755859375,755.5021362304688,2759134
2020-03-18,782.5250244140625,798.9749755859375,737.5,748.1500244140625,725.1407470703125,2670274
2020-03-19,720.1500244140625,748.9500122070312,664.0,722.8499755859375,700.6187133789062,3091620
2020-03-20,729.5,771.9749755859375,711.5499877929688,750.7750244140625,727.6849975585938,1996496
2020-03-23,678.0,731.5,607.0,635.5999755859375,616.0521240234375,2000832
2020-03-24,629.25,674.8499755859375,617.0499877929688,637.5499877929688,617.942138671875,1803784
2020-03-25,632.5,658.1500244140625,592.7750244140625,635.5499877929688,616.0036010742188,2112394
2020-03-26,657.4749755859375,664.4000244140625,626.2999877929688,633.9500122070312,614.452880859375,2098656
2020-03-27,657.0,662.4749755859375,630.5750122070312,649.5750122070312,629.5972900390625,2089670
2020-03-30,637.5,649.4749755859375,614.6500244140625,641.5999755859375,621.8675537109375,1320036
2020-03-31,660.0,684.0250244140625,638.9749755859375,678.2000122070312,657.3419799804688,2293404
2020-04-01,677.5,687.2000122070312,645.0,648.6500244140625,628.7008056640625,1282628
2020-04-03,649.5,650.2000122070312,598.2000122070312,607.9500122070312,589.25244140625,2620234
2020-04-07,624.0,652.5,609.5999755859375,648.1500244140625,628.2161254882812,1973836
2020-04-08,648.1500244140625,692.3499755859375,641.8250122070312,651.6749877929688,631.6327514648438,1788542
2020-04-09,669.0,684.0,659.0750122070312,674.3499755859375,653.6103515625,1204756
2020-04-13,675.25,705.0,658.5250244140625,688.875,667.6885986328125,2033204
2020-04-15,702.2750244140625,745.2000122070312,700.0,737.5,714.8181762695312,3412056
2020-04-16,740.0,747.4500122070312,733.1749877929688,737.9000244140625,715.2058715820312,2056066
2020-04-17,755.5250244140625,759.4249877929688,728.6500244140625,735.5,712.8796997070312,1523846
2020-04-20,735.5499877929688,749.4500122070312,723.0,732.9249877929688,710.3839721679688,1237266
2020-04-21,718.25,741.9749755859375,711.0499877929688,737.8499755859375,715.1573486328125,2158840
2020-04-22,737.8499755859375,773.5,728.5499877929688,769.125,745.4705200195312,2862354
2020-04-23,774.2249755859375,792.0,765.5750122070312,769.5999755859375,745.930908203125,2779842
2020-04-24,766.0499877929688,788.4000244140625,750.0750122070312,752.5999755859375,729.4537353515625,2483746
2020-04-27,762.5,779.0,752.5750122070312,770.25,746.5609741210938,1844294
2020-04-28,783.7000122070312,786.5750122070312,762.4749755859375,777.2249755859375,753.3214111328125,1547250
2020-04-29,780.0,783.7999877929688,754.7750244140625,758.9000244140625,735.5599975585938,1142116
2020-04-30,770.0,771.3250122070312,753.2249755859375,763.5,740.0185546875,1629638
2020-05-04,740.0,760.75,710.0999755859375,712.3250122070312,690.41748046875,1634928
2020-05-05,717.5,725.5499877929688,691.0250244140625,696.7249755859375,675.2972412109375,2404096
2020-05-06,698.0499877929688,725.0250244140625,688.0999755859375,715.2750244140625,693.2767333984375,2213716
2020-05-07,717.0,721.4249877929688,673.2750244140625,676.5250244140625,655.718505859375,3283294
2020-05-08,686.9000244140625,694.5,675.9000244140625,684.1749877929688,663.1332397460938,1888820
2020-05-11,690.0,694.2000122070312,679.2000122070312,688.7249755859375,667.5432739257812,1320986
2020-05-12,685.0,689.9249877929688,667.875,678.0,657.1480712890625,1335376
2020-05-13,700.0,700.0,681.0250244140625,692.6749877929688,671.3717651367188,1098218
2020-05-14,688.5,688.5,670.7000122070312,680.4749755859375,659.5469970703125,1330748
2020-05-15,682.9749755859375,692.5,677.7750244140625,686.625,665.5078125,1078796
2020-05-18,685.0,688.0250244140625,665.0,671.3250122070312,650.6783447265625,1540210
2020-05-19,679.9500122070312,691.9500122070312,665.2000122070312,681.25,660.2982177734375,1253382
2020-05-20,681.5499877929688,688.5,673.125,685.0499877929688,663.9813232421875,797840
2020-05-21,685.0,712.4749755859375,681.2000122070312,709.7249755859375,687.8973388671875,2106376
2020-05-22,709.7249755859375,714.9000244140625,695.0,698.8499755859375,677.3568725585938,1272406
2020-05-26,702.5,719.5,700.25,706.2249755859375,684.5049438476562,1587316
2020-05-27,703.2750244140625,713.9249877929688,697.5,701.4000244140625,679.828369140625,1143540
2020-05-28,703.0,717.4749755859375,701.4000244140625,712.6749877929688,690.7567138671875,1831260
2020-05-29,713.0,742.9249877929688,708.7000122070312,734.2000122070312,711.6196899414062,3148350
2020-06-01,744.0,752.0,733.2249755859375,736.5750122070312,713.9215698242188,1848872
2020-06-02,741.8499755859375,755.0,735.9000244140625,745.4000244140625,722.4752807617188,1463054
2020-06-03,750.0,766.4749755859375,745.8250122070312,755.0750122070312,731.8527221679688,1502506
2020-06-04,757.5,764.4749755859375,743.7999877929688,748.4249877929688,725.4071044921875,1180158
2020-06-05,753.2249755859375,759.0,743.0250244140625,754.1500244140625,730.9561767578125,1375192
2020-06-08,759.9000244140625,761.5,745.0,746.1500244140625,723.2022094726562,1201134
2020-06-09,753.4000244140625,753.4000244140625,729.1500244140625,733.6500244140625,711.086669921875,1792626
2020-06-10,734.0499877929688,741.9749755859375,725.0,727.375,705.0045776367188,1425268
2020-06-11,727.5750122070312,728.75,705.5,708.6500244140625,686.85546875,1246096
2020-06-12,695.0,722.0,692.2000122070312,715.0250244140625,693.034423828125,1827832
2020-06-15,724.5,734.5499877929688,711.2750244140625,715.9749755859375,693.9551391601562,1428452
2020-06-16,722.0250244140625,731.5250244140625,706.25,715.625,693.6159057617188,3252164
2020-06-17,718.0,736.5,713.4000244140625,716.0750122070312,694.0520629882812,2714214
2020-06-18,716.0750122070312,722.4749755859375,691.5499877929688,695.5750122070312,674.1826171875,3596016
2020-06-19,699.4500122070312,707.5,694.0999755859375,699.4249877929688,677.9141235351562,5181166
2020-06-22,700.0,708.7249755859375,694.0,695.5,674.10986328125,2139202
2020-06-23,700.0750122070312,711.75,697.5499877929688,704.8499755859375,683.1723022460938,2344316
2020-06-24,708.0,718.8250122070312,700.0,702.0750122070312,680.4826049804688,1915810
2020-06-25,701.5,706.4749755859375,689.2999877929688,690.9749755859375,669.7240600585938,1854598
2020-06-26,696.0,704.7999877929688,686.7999877929688,693.9000244140625,672.55908203125,1812160
2020-06-29,693.0750122070312,700.0,690.5750122070312,692.4500122070312,671.1536865234375,762738
2020-06-30,695.8499755859375,699.7000122070312,683.125,686.0499877929688,664.950439453125,1035552
2020-07-01,691.625,691.9749755859375,678.7999877929688,685.375,664.2962646484375,1313658
2020-07-02,690.0,696.0,682.5750122070312,694.2750244140625,672.9225463867188,1260214
2020-07-03,700.0,702.0,690.7999877929688,694.7249755859375,673.358642578125,1042066
2020-07-06,697.5,704.5,693.5,694.6749877929688,673.3101806640625,1453462
2020-07-07,699.9749755859375,709.75,697.2999877929688,699.6500244140625,678.1322631835938,2158850
2020-07-08,703.4500122070312,707.0,690.2999877929688,693.2750244140625,671.953369140625,964542
2020-07-09,694.8499755859375,700.4500122070312,685.5250244140625,689.9500122070312,668.7305908203125,1551802
2020-07-10,689.375,694.25,685.5499877929688,691.4249877929688,670.16015625,666390
2020-07-13,695.0,702.5,691.5,697.6749877929688,676.2179565429688,1084172
2020-07-14,696.4500122070312,697.4749755859375,688.8250122070312,690.2999877929688,669.06982421875,883694
2020-07-15,691.7750244140625,696.2999877929688,682.6500244140625,684.9249877929688,663.860107421875,963050
2020-07-16,686.75,692.4500122070312,670.0,691.0499877929688,669.7967529296875,1459850
2020-07-17,692.75,702.5,690.0,696.2999877929688,674.88525390625,1179130
2020-07-20,698.7249755859375,722.0,697.7999877929688,720.25,698.0986328125,3040448
2020-07-21,725.0,726.6500244140625,699.25,701.4249877929688,679.8526611328125,1695734
2020-07-22,704.9500122070312,705.5,685.4500122070312,691.9749755859375,670.6932983398438,1257660
2020-07-23,693.0,701.7000122070312,687.0,690.4249877929688,669.19091796875,1263628
2020-07-24,687.5,694.2999877929688,684.5,689.3250122070312,668.1248779296875,1246408
2020-07-27,689.0250244140625,692.5,675.25,678.0999755859375,657.2450561523438,2221724
2020-07-28,682.8499755859375,683.5750122070312,671.0,676.9000244140625,656.0819702148438,2579224
2020-07-29,680.5,691.75,678.0,685.4249877929688,664.3447265625,1639860
2020-07-30,688.0,690.875,671.5,674.5250244140625,653.7799682617188,1509760
2020-07-31,674.0,682.7750244140625,670.2249755859375,678.5,657.6327514648438,1073236
2020-08-03,678.5,684.5499877929688,670.5499877929688,672.6500244140625,651.9627075195312,1208610
2020-08-04,679.375,679.375,667.5250244140625,671.4000244140625,650.7510986328125,1622550
2020-08-05,675.0,675.4749755859375,655.5250244140625,657.5250244140625,637.3027954101562,3848822
2020-08-06,662.5,667.5,653.4749755859375,665.9749755859375,645.492919921875,4725314
2020-08-07,664.9000244140625,696.8499755859375,661.5499877929688,689.1500244140625,667.9552001953125,7743370
2020-08-10,692.4500122070312,704.4500122070312,679.0499877929688,699.4500122070312,677.9384765625,3167460
2020-08-11,702.5,705.0,688.6500244140625,690.0,668.779052734375,1492958
2020-08-12,690.4000244140625,696.9000244140625,681.1749877929688,682.25,661.2672729492188,1429692
2020-08-13,684.0,693.75,683.3499755859375,690.0499877929688,668.8275146484375,1642050
2020-08-14,690.4749755859375,704.4000244140625,684.0499877929688,685.7999877929688,664.708251953125,2346514
2020-08-17,690.0,694.7000122070312,678.5499877929688,690.1749877929688,668.9486083984375,1127408
2020-08-18,693.5,716.5,692.0,705.6500244140625,683.94775390625,4717148
2020-08-19,712.5,736.625,705.5499877929688,724.7750244140625,702.4845581054688,5026794
2020-08-20,724.7750244140625,731.25,717.5,724.9000244140625,702.605712890625,2117646
2020-08-21,731.4000244140625,739.7000122070312,722.7750244140625,728.25,705.8526611328125,2572756
2020-08-24,733.4000244140625,744.0,728.5,734.3250122070312,711.7409057617188,2388726
2020-08-25,738.4249877929688,744.875,727.5250244140625,737.1500244140625,714.4789428710938,1956004
2020-08-26,738.0,742.9249877929688,729.0250244140625,734.2249755859375,711.6439208984375,1517556
2020-08-27,737.0,752.1500244140625,731.1500244140625,735.4749755859375,712.8553466796875,2986610
2020-08-28,739.0499877929688,740.5,721.2000122070312,722.75,700.5218505859375,1300800
2020-08-31,727.5,730.5,697.5,701.4000244140625,679.828369140625,2494592
2020-09-01,715.4249877929688,718.125,702.5999755859375,711.0250244140625,689.157470703125,1229912
2020-09-02,714.125,728.4749755859375,704.0750122070312,706.8250122070312,685.0866088867188,1827192
2020-09-03,709.0499877929688,727.5,709.0499877929688,724.5750122070312,702.2906494140625,1520596
2020-09-04,718.4500122070312,732.25,709.0250244140625,718.0750122070312,695.9906005859375,1570352
2020-09-07,721.5,726.875,711.0750122070312,720.875,698.7044067382812,874424
2020-09-08,721.0499877929688,742.5,714.9749755859375,723.3250122070312,701.0791625976562,2266244
2020-09-09,725.4749755859375,736.4500122070312,720.3250122070312,729.5250244140625,707.0884399414062,2290336
2020-09-10,734.6500244140625,744.8499755859375,731.0,737.6749877929688,714.98779296875,1909658
2020-09-11,737.5,749.3499755859375,737.0250244140625,744.2000122070312,721.3121337890625,1823546
2020-09-14,746.5,752.0499877929688,735.0,740.3499755859375,717.5804443359375,1006954
2020-09-15,740.5499877929688,757.5,740.5,749.2750244140625,726.2310180664062,2675932
2020-09-16,755.0,756.9500122070312,743.2000122070312,746.7249755859375,723.7593383789062,1107322
2020-09-17,742.0,758.5,733.8250122070312,735.8499755859375,713.2189331054688,1390472
2020-09-18,742.5750122070312,742.5750122070312,723.2750244140625,727.5499877929688,705.1741333007812,1616072
2020-09-21,727.5,730.375,705.2750244140625,722.5750122070312,700.3521728515625,1734586
2020-09-22,719.5,719.9749755859375,697.2000122070312,713.6749877929688,691.7258911132812,922892
2020-09-23,716.9500122070312,728.5,707.0499877929688,710.4249877929688,688.5758666992188,1466426
2020-09-24,704.0,713.5,697.5,699.75,678.2291870117188,1286818
2020-09-25,703.8499755859375,710.75,695.0,706.5,684.7716064453125,868702
2020-09-28,710.0,721.0,710.0,718.1749877929688,696.0875244140625,672880
2020-09-29,723.0,728.2000122070312,711.3250122070312,714.0750122070312,692.1136474609375,935990
2020-09-30,716.75,720.0,707.5,717.125,695.06982421875,1294032
2020-10-01,722.0,733.8499755859375,717.0,731.5,709.0027465820312,1340110
2020-10-05,739.5,739.5,722.0,723.375,701.1275024414062,1016714
2020-10-06,722.5,740.0,722.5,735.3499755859375,712.7343139648438,1748250
2020-10-07,734.9500122070312,752.0,731.2000122070312,746.8250122070312,723.8565063476562,2585578
2020-10-08,748.0,756.9000244140625,736.2750244140625,743.2750244140625,720.4155883789062,1166922
2020-10-09,744.0,745.7999877929688,732.6749877929688,736.0499877929688,713.4127807617188,963612
2020-10-12,739.2999877929688,743.75,732.5,739.75,716.9989624023438,877450
2020-10-13,739.0499877929688,749.4000244140625,736.5250244140625,741.5,718.6951293945312,1379880
2020-10-14,743.9749755859375,747.2249755859375,737.75,743.3499755859375,720.4882202148438,1038892
2020-10-15,743.3499755859375,751.5,734.5750122070312,738.2249755859375,715.5208129882812,1299758
2020-10-16,736.25,746.7000122070312,736.0,740.625,717.8470458984375,847678
2020-10-19,743.0,771.0,740.625,768.0,744.380126953125,2985144
2020-10-20,771.0,775.6749877929688,759.7750244140625,762.4249877929688,738.9765625,2509288
2020-10-21,765.0499877929688,770.4500122070312,742.0499877929688,748.4000244140625,725.3829956054688,1857388
2020-10-22,749.0,754.4249877929688,735.4249877929688,737.75,715.0604858398438,1367244
2020-10-23,741.5,752.5,739.0750122070312,750.1500244140625,727.0791015625,1164340
2020-10-26,753.0,754.3499755859375,732.0750122070312,737.3250122070312,714.6485595703125,822324
2020-10-27,735.0,764.9500122070312,735.0,763.0,739.533935546875,2443802
2020-10-28,764.0,773.0,756.0,759.2999877929688,735.94775390625,1468514
2020-10-29,766.5,800.0,763.0250244140625,795.4249877929688,770.961669921875,9519036
2020-10-30,795.4249877929688,796.0,778.7249755859375,785.2000122070312,761.0512084960938,2465752
2020-11-02,790.0,799.7750244140625,776.375,778.2249755859375,754.2906494140625,1410450
2020-11-03,777.5,794.0,777.5,782.7999877929688,758.7249755859375,1313404
2020-11-04,785.0,790.3499755859375,774.0750122070312,781.25,757.2227172851562,1406364
2020-11-05,800.5,806.4249877929688,786.8250122070312,794.7000122070312,770.2589721679688,5218614
2020-11-06,794.7249755859375,810.0,792.0250244140625,798.3499755859375,773.7967529296875,2391068
2020-11-09,802.0,803.0,793.3250122070312,797.625,773.093994140625,1359864
2020-11-10,800.0,802.3250122070312,785.0,786.8499755859375,762.6504516601562,1525700
2020-11-11,789.0,797.2750244140625,770.9500122070312,782.125,758.0707397460938,2138080
2020-11-12,782.0,790.9500122070312,778.875,785.75,761.5841674804688,1221590
2020-11-13,785.0,794.9749755859375,781.125,782.3499755859375,758.2887573242188,1181884
2020-11-14,787.5,794.1749877929688,786.0250244140625,790.4749755859375,766.1638793945312,272046
2020-11-17,798.2249755859375,798.7000122070312,778.0750122070312,780.9500122070312,756.931884765625,1883788
2020-11-18,783.9000244140625,787.5,776.7750244140625,781.6500244140625,757.6103515625,1303930
2020-11-19,777.5,793.0,776.9749755859375,779.2000122070312,755.2357788085938,1829618
2020-11-20,782.2000122070312,787.1749877929688,778.0499877929688,780.0999755859375,756.1079711914062,1256534
2020-11-23,781.0499877929688,795.0,778.5999755859375,792.5999755859375,768.2235717773438,2001702
2020-11-24,795.6500244140625,805.9249877929688,790.625,793.2000122070312,768.80517578125,2339188
2020-11-25,794.5,796.4000244140625,770.0,772.0499877929688,748.3055419921875,1251044
2020-11-26,774.5,781.2249755859375,761.7750244140625,766.7999877929688,743.2169799804688,1865884
2020-11-27,771.9000244140625,777.25,750.2999877929688,771.2750244140625,747.554443359375,5624226
2020-12-01,778.9500122070312,781.2750244140625,767.1500244140625,775.5250244140625,751.6737060546875,1284130
2020-12-02,777.4749755859375,802.375,776.0,799.875,775.2748413085938,2350548
2020-12-03,810.0,810.0,796.375,807.5250244140625,782.6896362304688,2241958
2020-12-04,810.0,816.0,797.5999755859375,803.3499755859375,778.6428833007812,2021064
2020-12-07,803.4749755859375,815.4500122070312,802.0,807.5999755859375,782.7622680664062,1071726
2020-12-08,809.0499877929688,818.75,800.0499877929688,805.5750122070312,780.7994995117188,1246966
2020-12-09,809.5,815.0,807.5250244140625,810.2750244140625,785.3550415039062,826684
2020-12-10,809.6749877929688,828.9749755859375,806.4000244140625,825.6749877929688,800.2813110351562,2294734
2020-12-11,829.2000122070312,833.9249877929688,815.0499877929688,819.2999877929688,794.1024169921875,1706106
2020-12-14,824.9000244140625,826.25,812.0,813.6500244140625,788.6261596679688,747742
2020-12-15,814.9249877929688,817.2750244140625,806.1500244140625,810.2249755859375,785.3065185546875,845672
2020-12-16,813.0,820.4500122070312,810.0,812.9749755859375,787.9718627929688,2166222
2020-12-17,815.0,826.0,813.1749877929688,814.8250122070312,789.76513671875,1692350
2020-12-18,817.25,871.4749755859375,817.25,865.9000244140625,839.2692260742188,14114502
2020-12-21,865.0,865.5,821.7000122070312,841.0999755859375,815.23193359375,2377968
2020-12-22,842.0499877929688,863.9000244140625,822.9249877929688,859.3499755859375,832.9207153320312,2189882
2020-12-23,867.0,889.0,858.0750122070312,866.2750244140625,839.6326904296875,4252160
2020-12-24,872.5,876.2750244140625,857.2999877929688,865.9249877929688,839.2933959960938,1064120
2020-12-28,870.0,884.5,864.0250244140625,878.6749877929688,851.6513671875,1570614
2020-12-29,878.6749877929688,885.5,869.0,877.0,850.02783203125,1158670
2020-12-30,877.25,884.9749755859375,870.2999877929688,874.8499755859375,847.9439086914062,1423836
2020-12-31,876.5,887.0,872.5250244140625,882.8250122070312,855.6737060546875,1417720
2021-01-01,886.4249877929688,892.25,881.2750244140625,885.4000244140625,858.1695556640625,1078116
2021-01-04,887.25,895.0,882.5499877929688,892.4749755859375,865.0269165039062,744322
2021-01-05,899.9749755859375,903.4500122070312,878.5,900.2750244140625,872.5870361328125,1081778
2021-01-06,900.2750244140625,900.2750244140625,885.0,897.7000122070312,870.0911865234375,1176260
2021-01-07,899.0,909.5499877929688,880.0,884.4749755859375,857.2728881835938,1945848
2021-01-08,891.1500244140625,911.9500122070312,885.8250122070312,909.5250244140625,881.5526123046875,1606724
2021-01-11,909.5250244140625,921.0,904.0,916.5750122070312,888.3857421875,1264314
2021-01-12,916.4500122070312,916.4500122070312,898.3499755859375,900.0499877929688,872.3689575195312,1158804
2021-01-13,904.9500122070312,907.5,885.5,896.5499877929688,868.9765625,1060638
2021-01-14,897.0,901.9749755859375,887.3250122070312,895.0,867.4743041992188,914532
2021-01-15,892.5,897.7750244140625,870.6749877929688,873.4749755859375,846.6112670898438,1973286
2021-01-18,870.5,878.4500122070312,857.3250122070312,863.4249877929688,836.870361328125,1536036
2021-01-19,869.0,880.8250122070312,864.5750122070312,868.1749877929688,841.4741821289062,1050052
2021-01-20,871.0,898.3499755859375,869.0250244140625,879.3250122070312,852.2813720703125,1769034
2021-01-21,880.0,909.75,880.0,887.7750244140625,860.4715576171875,1820080
2021-01-22,889.8499755859375,897.2249755859375,865.9500122070312,867.625,840.941162109375,1394952
2021-01-25,874.875,889.875,871.0999755859375,882.75,855.60107421875,1799690
2021-01-27,887.8499755859375,888.3250122070312,847.5250244140625,855.9500122070312,829.625244140625,1539186
2021-01-28,852.5,864.0,849.4000244140625,858.125,831.7333374023438,1187746
2021-01-29,868.0,870.4749755859375,831.9000244140625,835.125,809.440673828125,3387874
2021-02-01,849.0,865.9749755859375,832.5,858.1500244140625,831.757568359375,1579168
2021-02-02,868.0,889.75,860.5250244140625,880.5250244140625,853.4443969726562,1740134
2021-02-03,882.5,889.4000244140625,867.5,869.7000122070312,842.952392578125,952662
2021-02-04,874.0250244140625,885.75,865.5,879.9749755859375,852.9113159179688,1394428
2021-02-05,880.9749755859375,882.5,862.5,864.375,837.7911376953125,814332
2021-02-08,866.2999877929688,877.5,864.8250122070312,866.8499755859375,840.1900024414062,580014
2021-02-09,869.5,899.0,867.5499877929688,881.0250244140625,853.9290771484375,2735488
2021-02-10,882.375,891.0,871.5,878.5750122070312,851.554443359375,824592
2021-02-11,876.125,896.9749755859375,875.1749877929688,885.9249877929688,858.6783447265625,1279566
2021-02-12,888.5,894.0,875.7249755859375,880.3499755859375,853.2747802734375,721042
2021-02-15,883.0499877929688,897.7249755859375,879.5499877929688,883.2999877929688,856.134033203125,1450668
2021-02-16,885.5,897.5,882.9249877929688,894.5750122070312,867.0623168945312,2028424
2021-02-17,900.0,904.4500122070312,880.0,882.7000122070312,855.5526123046875,1846990
2021-02-18,885.2000122070312,899.2249755859375,882.5250244140625,895.9000244140625,868.3465576171875,1635784
2021-02-19,893.75,902.5,887.0,890.6749877929688,863.2822265625,1447584
2021-02-22,889.0,895.2750244140625,865.0,871.125,844.3335571289062,1238494
2021-02-23,875.5,881.9500122070312,857.5,862.9249877929688,836.3856811523438,1001128
2021-02-24,864.0,867.4749755859375,853.375,862.5499877929688,836.0223388671875,465756
2021-02-25,860.0,867.2000122070312,847.9749755859375,859.6500244140625,833.2114868164062,3108264
2021-02-26,850.5,865.9500122070312,837.5,842.9749755859375,817.04931640625,2091890
2021-03-01,853.0,855.4749755859375,842.3250122070312,849.0750122070312,822.961669921875,1037868
2021-03-02,855.5,867.5,850.75,864.6749877929688,838.0819091796875,950074
2021-03-03,867.0,885.5,865.5750122070312,882.2999877929688,855.164794921875,931650
2021-03-04,879.2000122070312,887.5,872.4000244140625,880.6500244140625,853.5656127929688,741662
2021-03-05,874.9749755859375,892.0,868.0250244140625,878.8250122070312,851.7966918945312,1440162
2021-03-08,878.9249877929688,879.9749755859375,857.125,858.5750122070312,832.1695556640625,1047900
2021-03-09,864.9500122070312,872.9500122070312,862.5750122070312,868.0250244140625,841.328857421875,669222
2021-03-10,873.5,877.0,862.6500244140625,868.5250244140625,841.8134765625,594746
2021-03-12,870.5,873.3250122070312,860.25,861.5499877929688,835.052978515625,410686
2021-03-15,863.0,866.0250244140625,847.9749755859375,856.6500244140625,830.3037109375,692782
2021-03-16,858.5,869.5,852.6500244140625,860.0499877929688,833.5991821289062,661378
2021-03-17,861.7000122070312,871.7750244140625,857.5,861.7750244140625,835.2711791992188,711944
2021-03-18,864.5499877929688,870.5,850.3499755859375,856.9500122070312,830.594482421875,669972
2021-03-19,852.0,880.7000122070312,840.5,875.5250244140625,848.5982055664062,1478776
2021-03-22,884.5,891.9000244140625,869.0750122070312,880.9500122070312,853.8563842773438,1235370
2021-03-23,880.5,904.4749755859375,877.2999877929688,894.0250244140625,866.529296875,2149688
2021-03-24,894.0,907.4749755859375,892.5,897.2999877929688,869.7035522460938,1375888
2021-03-25,897.375,905.5999755859375,879.0,882.2000122070312,855.0679321289062,845506
2021-03-26,888.4249877929688,907.4500122070312,882.625,900.1749877929688,872.4900512695312,1253248
2021-03-30,916.0,919.1500244140625,905.0499877929688,913.2249755859375,885.138671875,1248908
2021-03-31,915.0,917.75,900.5,904.7000122070312,876.8759765625,993532
2021-04-01,905.5,916.5,904.5499877929688,911.5750122070312,883.5394897460938,924428
2021-04-05,912.0,920.5,893.25,899.75,872.0781860351562,727018
2021-04-06,900.3499755859375,944.2750244140625,894.5250244140625,937.2000122070312,908.3764038085938,2480128
2021-04-07,935.0,948.5,929.5,944.2000122070312,915.1611328125,1240686
2021-04-08,945.2000122070312,962.0,939.1500244140625,952.7999877929688,923.4966430664062,1639540
2021-04-09,950.0,964.25,947.0499877929688,959.9000244140625,930.3783569335938,1018602
2021-04-12,950.0,951.1500244140625,920.1500244140625,924.6500244140625,896.2123413085938,1452662
2021-04-13,925.0,929.7249755859375,895.625,899.4749755859375,871.8116455078125,2182224
2021-04-15,901.8250122070312,915.4500122070312,889.0,911.875,883.8302612304688,1153110
2021-04-16,917.7000122070312,924.0,904.1749877929688,911.8499755859375,883.8060302734375,1133434
2021-04-19,899.0,903.9500122070312,882.0,885.3499755859375,858.1209716796875,923818
2021-04-20,890.0,900.2000122070312,880.5499877929688,886.5499877929688,859.2841186523438,846658
2021-04-22,887.5,899.0,876.5,892.9000244140625,865.4388427734375,1139920
2021-04-23,892.875,899.25,883.0499877929688,891.9500122070312,864.51806640625,710178
2021-04-26,895.2000122070312,921.5,891.25,918.5750122070312,890.3242797851562,1610458
2021-04-27,925.0,928.2249755859375,911.5,916.5750122070312,888.3857421875,1203860
2021-04-28,924.0,946.0,917.5,941.4249877929688,912.4714965820312,1742860
2021-04-29,945.0,949.0250244140625,922.5750122070312,924.0999755859375,895.6792602539062,654180
2021-04-30,921.5,928.3499755859375,902.7000122070312,907.9000244140625,879.9775390625,720370
2021-05-03,907.75,912.4000244140625,898.0,905.5499877929688,877.6997680664062,637298
2021-05-04,907.5,910.9000244140625,895.5,900.0750122070312,872.3931274414062,472198
2021-05-05,903.2999877929688,908.4000244140625,897.2999877929688,906.3250122070312,878.450927734375,335120
2021-05-06,908.0,913.7999877929688,897.5750122070312,899.9749755859375,872.2962036132812,452026
2021-05-07,907.5,912.9500122070312,902.6500244140625,908.0999755859375,880.1713256835938,446612
2021-05-10,910.0250244140625,927.5,910.0250244140625,923.4249877929688,895.0250244140625,933014
2021-05-11,920.0,941.4000244140625,915.0750122070312,938.5999755859375,909.7333374023438,1665520
2021-05-12,943.9500122070312,945.5750122070312,930.5750122070312,939.9500122070312,911.0418701171875,1377730
2021-05-14,932.5,956.2249755859375,908.1500244140625,944.125,915.08837890625,4927974
2021-05-17,943.0,951.4749755859375,927.7000122070312,945.5499877929688,916.4696044921875,1651266
2021-05-18,950.9500122070312,957.0,938.0499877929688,946.5750122070312,917.4630737304688,1042292
2021-05-19,946.5,973.625,942.5,960.4749755859375,930.935546875,2703574
2021-05-20,964.0,975.0,960.75,968.0250244140625,938.2533569335938,1351508
2021-05-21,973.25,996.0,973.0,989.0,958.5833740234375,2955960
2021-05-24,994.4749755859375,1037.0,988.7999877929688,1029.949951171875,998.2738647460938,5345168
2021-05-25,1037.0,1037.0,1019.0499877929688,1025.2750244140625,993.74267578125,1233906
2021-05-26,1025.300048828125,1054.125,1025.300048828125,1050.925048828125,1018.6036987304688,2175284
2021-05-27,1047.5,1062.0,1022.0250244140625,1048.7249755859375,1016.471435546875,3788216
2021-05-28,1044.5,1045.5,1027.625,1030.0,998.3223266601562,779774
2021-05-31,1034.3499755859375,1049.0,1029.0999755859375,1045.2750244140625,1013.1275024414062,949892
2021-06-01,1052.449951171875,1052.449951171875,1031.0,1033.550048828125,1001.7632446289062,505654
2021-06-02,1035.5,1038.7249755859375,1025.550048828125,1032.2249755859375,1000.4788818359375,624824
2021-06-03,1035.0,1044.699951171875,1028.0,1040.2249755859375,1008.23291015625,831786
2021-06-04,1040.0,1048.625,1037.7750244140625,1039.699951171875,1007.7239990234375,595318
2021-06-07,1042.9749755859375,1051.0,1038.0,1042.199951171875,1010.1470947265625,781798
2021-06-08,1042.925048828125,1042.925048828125,1032.824951171875,1037.375,1005.470458984375,713752
2021-06-09,1041.0,1047.5,1035.0250244140625,1038.0250244140625,1006.1005859375,754882
2021-06-10,1040.0,1071.375,1036.050048828125,1066.125,1033.33642578125,2281286
2021-06-11,1077.5,1080.0,1052.625,1058.4749755859375,1025.9215087890625,1469570
2021-06-14,1057.5,1059.0,1041.0250244140625,1057.4749755859375,1024.9522705078125,535928
2021-06-15,1059.0,1075.449951171875,1059.0,1068.574951171875,1035.7109375,918698
2021-06-16,1068.0,1074.75,1061.125,1065.5250244140625,1032.7547607421875,481290
2021-06-17,1064.0250244140625,1080.0,1060.300048828125,1063.675048828125,1030.961669921875,938446
2021-06-18,1065.5999755859375,1078.925048828125,1047.2750244140625,1062.7750244140625,1030.08935546875,1007240
2021-06-21,1058.0,1078.050048828125,1048.0,1075.449951171875,1042.37451171875,563980
2021-06-22,1083.0,1086.9749755859375,1071.175048828125,1073.925048828125,1040.8963623046875,746084
2021-06-23,1076.925048828125,1078.0,1063.425048828125,1066.574951171875,1033.7724609375,334958
2021-06-24,1066.574951171875,1080.0,1065.675048828125,1078.074951171875,1044.9188232421875,410386
2021-06-25,1081.5,1082.4000244140625,1062.5,1067.125,1034.3055419921875,392534
2021-06-28,1074.0,1089.4000244140625,1067.625,1077.5999755859375,1044.4583740234375,551070
2021-06-29,1078.0,1092.5,1074.050048828125,1080.875,1047.6326904296875,705600
2021-06-30,1080.0,1092.949951171875,1073.800048828125,1076.9749755859375,1043.8526611328125,722944
2021-07-01,1082.5,1091.3499755859375,1080.0,1084.574951171875,1051.21875,520740
2021-07-02,1088.5,1097.0,1083.0,1089.425048828125,1055.919677734375,547144
2021-07-05,1095.9749755859375,1141.5,1090.3499755859375,1133.574951171875,1098.7119140625,3049988
2021-07-06,1133.4000244140625,1139.949951171875,1111.0,1115.5999755859375,1081.2896728515625,853764
2021-07-07,1115.5999755859375,1146.949951171875,1113.25,1138.25,1103.2431640625,1102592
2021-07-08,1140.0,1151.0,1130.5,1141.7249755859375,1106.6112060546875,794282
2021-07-09,1135.4000244140625,1147.125,1133.625,1138.9000244140625,1103.873046875,443234
2021-07-12,1143.5,1149.199951171875,1130.5999755859375,1134.425048828125,1099.5357666015625,602976
2021-07-13,1142.5,1142.5,1118.5,1124.25,1089.673828125,713752
2021-07-14,1125.0,1136.0,1119.0,1124.675048828125,1090.0858154296875,663964
2021-07-15,1130.5999755859375,1130.9000244140625,1121.175048828125,1124.574951171875,1089.9886474609375,353918
2021-07-16,1124.875,1134.9749755859375,1120.0,1122.0999755859375,1087.5897216796875,451404
2021-07-19,1117.0,1134.5,1116.0,1130.125,1095.367919921875,384358
2021-07-20,1141.050048828125,1163.2249755859375,1124.625,1157.824951171875,1122.2159423828125,1275730
2021-07-22,1166.9749755859375,1166.9749755859375,1143.699951171875,1155.199951171875,1119.6717529296875,690416
2021-07-23,1155.0,1163.8499755859375,1150.300048828125,1153.300048828125,1117.8302001953125,328962
2021-07-26,1154.824951171875,1166.4749755859375,1147.800048828125,1160.6500244140625,1124.9542236328125,458734
2021-07-27,1157.199951171875,1163.25,1144.5,1150.324951171875,1119.0443115234375,366728
2021-07-28,1150.800048828125,1154.824951171875,1135.574951171875,1147.9749755859375,1116.75830078125,496482
2021-07-29,1147.9749755859375,1159.0,1144.425048828125,1148.25,1117.0257568359375,394066
2021-07-30,1155.4000244140625,1155.6500244140625,1136.0,1139.4000244140625,1108.4166259765625,781572
2021-08-02,1149.949951171875,1149.949951171875,1127.9000244140625,1131.2750244140625,1100.5123291015625,913234
2021-08-03,1133.0,1151.5250244140625,1128.5,1132.074951171875,1101.2906494140625,1443632
2021-08-04,1135.050048828125,1141.300048828125,1125.574951171875,1132.1500244140625,1101.36376953125,422090
2021-08-05,1138.5,1138.5,1118.5,1124.5,1093.921630859375,819452
2021-08-06,1125.5,1129.449951171875,1102.5250244140625,1111.6500244140625,1081.421142578125,963986
2021-08-09,1120.0,1127.5250244140625,1109.5250244140625,1115.9000244140625,1085.5555419921875,545764
2021-08-10,1119.875,1124.9749755859375,1107.5,1111.175048828125,1080.958984375,813654
2021-08-11,1113.0250244140625,1137.0,1087.7249755859375,1130.125,1099.3936767578125,3036986
2021-08-12,1144.0,1144.0,1101.1500244140625,1110.4000244140625,1080.205078125,1880568
2021-08-13,1121.0999755859375,1121.0999755859375,1101.75,1103.3499755859375,1073.346923828125,733140
2021-08-16,1101.449951171875,1115.0,1087.5250244140625,1109.449951171875,1079.281005859375,526620
2021-08-17,1114.0999755859375,1119.449951171875,1098.0250244140625,1108.050048828125,1077.919189453125,882886
2021-08-18,1110.050048828125,1119.25,1105.0,1112.6500244140625,1082.3939208984375,793336
2021-08-20,1111.5,1142.5,1105.0,1133.5999755859375,1102.774169921875,2086034
2021-08-23,1139.9749755859375,1147.5,1110.5,1113.6500244140625,1083.36669921875,1298526
2021-08-24,1115.0,1124.0,1100.0,1104.074951171875,1074.052001953125,710320
2021-08-25,1105.25,1115.699951171875,1093.925048828125,1107.425048828125,1077.3109130859375,630648
2021-08-26,1111.9000244140625,1119.9000244140625,1103.5,1113.8499755859375,1083.561279296875,675970
2021-08-27,1112.5,1121.3499755859375,1106.5250244140625,1112.5999755859375,1082.3453369140625,723950
2021-08-30,1118.9749755859375,1139.5,1107.5,1131.074951171875,1100.31787109375,923632
2021-08-31,1139.5,1145.0,1124.5,1140.175048828125,1109.17041015625,1288388
2021-09-01,1145.0,1169.5,1141.550048828125,1156.9000244140625,1125.440673828125,2413458
2021-09-02,1167.4749755859375,1181.0,1162.0,1170.3499755859375,1138.52490234375,2112568
2021-09-03,1176.449951171875,1179.6500244140625,1155.9000244140625,1163.699951171875,1132.0556640625,842918
2021-09-06,1168.199951171875,1176.2249755859375,1160.0,1170.699951171875,1138.865234375,508384
2021-09-07,1173.0,1181.0,1162.550048828125,1167.875,1136.1173095703125,742468
2021-09-08,1167.5,1168.074951171875,1140.9000244140625,1156.6500244140625,1125.1973876953125,1071124
2021-09-09,1162.0,1176.0250244140625,1153.0,1174.125,1142.1971435546875,710322
2021-09-13,1175.0,1204.949951171875,1172.0250244140625,1198.5,1165.9093017578125,2160876
2021-09-14,1207.75,1212.0,1195.0,1204.425048828125,1171.67333984375,743894
2021-09-15,1206.5999755859375,1212.449951171875,1197.5,1200.375,1167.7333984375,618920
2021-09-16,1211.0,1211.0,1198.0,1200.5250244140625,1167.87939453125,462420
2021-09-17,1204.0999755859375,1211.0,1173.0999755859375,1184.2249755859375,1152.0225830078125,1725396
2021-09-20,1183.4000244140625,1201.425048828125,1175.5250244140625,1180.7249755859375,1148.6177978515625,562764
2021-09-21,1185.0,1220.0,1175.5250244140625,1215.375,1182.325439453125,1193804
2021-09-22,1223.375,1236.0,1206.050048828125,1209.0,1176.123779296875,749724
2021-09-23,1217.5,1224.9749755859375,1209.0,1217.5,1184.392822265625,792424
2021-09-24,1221.0,1238.8499755859375,1216.6500244140625,1225.9749755859375,1192.63720703125,1108968
2021-09-27,1227.5,1231.9000244140625,1200.0,1202.7750244140625,1170.068115234375,681068
2021-09-28,1206.550048828125,1209.0,1187.5,1205.5,1172.718994140625,534318
2021-09-29,1199.5,1208.5,1192.2750244140625,1201.125,1168.4630126953125,446562
2021-09-30,1202.550048828125,1206.7750244140625,1187.5,1190.9749755859375,1158.5889892578125,747444
2021-10-01,1192.0,1211.0,1182.5999755859375,1208.625,1175.759033203125,1013062
2021-10-04,1215.5,1224.0,1205.7750244140625,1210.5,1177.5830078125,509092
2021-10-05,1208.0,1220.0,1205.7750244140625,1218.175048828125,1185.0494384765625,255932
2021-10-06,1219.0,1228.5,1203.300048828125,1207.824951171875,1174.9805908203125,373204
2021-10-07,1211.550048828125,1238.199951171875,1208.875,1230.25,1196.7960205078125,1169854
2021-10-08,1231.25,1235.0,1217.074951171875,1220.800048828125,1187.60302734375,446084
2021-10-11,1220.75,1242.4000244140625,1215.375,1231.375,1197.8905029296875,557806
2021-10-12,1237.0,1244.9000244140625,1224.0,1230.550048828125,1197.087890625,535870
2021-10-13,1241.949951171875,1241.949951171875,1228.0,1237.1500244140625,1203.5084228515625,340326
2021-10-14,1243.300048828125,1259.25,1231.699951171875,1240.550048828125,1206.8160400390625,690264
2021-10-18,1238.5250244140625,1256.0,1238.0,1250.9000244140625,1216.884521484375,589542
2021-10-19,1260.0,1266.0,1230.050048828125,1235.425048828125,1201.8302001953125,561332
2021-10-20,1237.4000244140625,1239.5,1197.7750244140625,1208.75,1175.880615234375,579962
2021-10-21,1220.0,1222.7249755859375,1145.0,1152.75,1121.4034423828125,1365284
2021-10-22,1153.0,1172.4749755859375,1139.5,1158.199951171875,1126.7052001953125,779382
2021-10-25,1161.5,1163.625,1125.0,1142.9749755859375,1111.894287109375,704050
2021-10-26,1147.5,1167.5,1141.0250244140625,1159.425048828125,1127.89697265625,435162
2021-10-27,1167.449951171875,1206.9749755859375,1155.0,1184.2249755859375,1152.0225830078125,1520696
2021-10-28,1192.425048828125,1196.9000244140625,1174.949951171875,1184.0,1151.8037109375,632166
2021-10-29,1187.300048828125,1196.199951171875,1150.5,1156.824951171875,1125.36767578125,923200
2021-11-01,1166.300048828125,1189.675048828125,1162.5250244140625,1181.4749755859375,1149.3472900390625,432798
2021-11-02,1185.0,1192.5,1168.824951171875,1171.875,1140.0084228515625,356882
2021-11-03,1177.5,1184.5,1158.625,1179.75,1147.669189453125,512086
2021-11-04,1189.300048828125,1207.5,1187.3499755859375,1204.0,1171.2596435546875,322900
2021-11-08,1212.4000244140625,1212.925048828125,1178.0,1191.1500244140625,1158.75927734375,920960
2021-11-09,1197.5,1203.0999755859375,1186.375,1196.050048828125,1163.526123046875,669870
2021-11-10,1194.0,1194.0,1171.5,1183.2249755859375,1151.0496826171875,1643026
2021-11-11,1201.0,1240.0,1188.0,1237.0,1203.3624267578125,4329804
2021-11-12,1245.0,1245.0,1198.3499755859375,1213.0999755859375,1180.1123046875,1268536
2021-11-15,1222.699951171875,1231.375,1206.5999755859375,1215.7750244140625,1182.7147216796875,882148
2021-11-16,1219.0,1226.800048828125,1200.5,1222.375,1189.1351318359375,904886
2021-11-17,1220.0,1227.9749755859375,1205.050048828125,1207.2249755859375,1174.3970947265625,504660
2021-11-18,1214.550048828125,1223.5,1187.800048828125,1219.800048828125,1186.6302490234375,950938
2021-11-22,1219.7249755859375,1221.925048828125,1164.0,1175.0,1143.0484619140625,1055682
2021-11-23,1175.0,1185.625,1158.449951171875,1171.5999755859375,1139.7408447265625,580156
2021-11-24,1172.0,1178.4000244140625,1115.0,1131.550048828125,1100.7799072265625,1588070
2021-11-25,1138.949951171875,1138.949951171875,1116.550048828125,1125.824951171875,1095.210693359375,831798
2021-11-26,1117.5,1124.699951171875,1107.0,1116.1500244140625,1085.7987060546875,1199824
2021-11-29,1112.5,1116.0,1085.925048828125,1109.050048828125,1078.891845703125,922622
2021-11-30,1107.4749755859375,1124.9749755859375,1096.699951171875,1102.925048828125,1072.933349609375,3129656
2021-12-01,1111.199951171875,1115.699951171875,1097.7750244140625,1102.2249755859375,1072.2523193359375,678426
2021-12-02,1116.0,1122.5,1099.0,1117.5,1087.11181640625,1664876
2021-12-03,1122.5,1129.449951171875,1094.2750244140625,1104.2249755859375,1074.1981201171875,2878162
2021-12-06,1110.9000244140625,1113.0250244140625,1099.9749755859375,1100.7750244140625,1070.8419189453125,872334
2021-12-07,1109.449951171875,1111.75,1100.050048828125,1106.7750244140625,1076.6787109375,725804
2021-12-08,1112.5,1120.2249755859375,1106.5,1116.0250244140625,1085.67724609375,624104
2021-12-09,1123.550048828125,1134.4749755859375,1112.074951171875,1131.375,1100.6097412109375,959806
2021-12-10,1140.175048828125,1170.125,1135.125,1162.875,1131.253173828125,3555316
2021-12-13,1169.8499755859375,1195.0,1165.074951171875,1179.050048828125,1146.98828125,2782826
2021-12-14,1183.0,1199.949951171875,1176.6500244140625,1194.625,1162.1396484375,1942270
2021-12-15,1199.9749755859375,1210.5,1189.0,1203.875,1171.13818359375,2238194
2021-12-16,1207.5,1211.824951171875,1201.550048828125,1209.125,1176.2454833984375,407912
2021-12-17,1207.4000244140625,1207.4000244140625,1192.125,1195.7249755859375,1163.2098388671875,983752
2021-12-20,1194.0,1207.425048828125,1164.625,1202.7750244140625,1170.068115234375,2338686
2021-12-21,1215.0,1226.5,1197.0,1205.0,1172.232666015625,902200
2021-12-22,1210.0,1220.0,1203.4000244140625,1217.25,1184.1495361328125,423886
2021-12-23,1220.0,1222.2249755859375,1208.2750244140625,1210.699951171875,1177.777587890625,326340
2021-12-24,1211.550048828125,1224.4749755859375,1202.5,1205.0999755859375,1172.330078125,349626
2021-12-27,1200.550048828125,1212.4749755859375,1196.9000244140625,1199.0999755859375,1166.4930419921875,327470
2021-12-28,1204.5,1242.0,1201.7750244140625,1236.4000244140625,1202.7789306640625,690914
2021-12-29,1243.300048828125,1244.5,1224.0,1225.125,1191.8104248046875,532146
2021-12-30,1215.675048828125,1230.5999755859375,1213.550048828125,1216.949951171875,1183.857666015625,474798
2021-12-31,1217.449951171875,1235.0,1217.449951171875,1231.4000244140625,1197.9149169921875,356120
2022-01-03,1237.5,1243.5,1232.5,1236.9749755859375,1203.3380126953125,223596
2022-01-04,1241.0,1303.75,1239.0,1299.5999755859375,1264.260009765625,2737246
2022-01-05,1300.8499755859375,1331.0,1292.5,1318.9749755859375,1283.1083984375,2374520
2022-01-06,1308.0,1327.5,1307.550048828125,1323.0,1287.02392578125,1450628
2022-01-07,1325.0,1367.25,1322.5,1361.7249755859375,1324.69580078125,1894572
2022-01-10,1370.0,1370.574951171875,1345.0,1354.574951171875,1317.7401123046875,642546
2022-01-11,1348.5,1361.550048828125,1347.5,1354.875,1318.031982421875,581542
2022-01-12,1355.050048828125,1376.5,1355.050048828125,1374.425048828125,1337.0506591796875,618812
2022-01-13,1374.425048828125,1382.3499755859375,1355.675048828125,1362.175048828125,1325.1336669921875,615106
2022-01-14,1360.0,1362.2249755859375,1325.0,1350.2750244140625,1313.5572509765625,987206
2022-01-17,1350.2750244140625,1360.074951171875,1338.449951171875,1357.2750244140625,1320.366943359375,719774
2022-01-18,1368.625,1368.625,1335.550048828125,1342.550048828125,1306.042236328125,651584
2022-01-19,1343.5,1348.425048828125,1332.074951171875,1336.699951171875,1300.3514404296875,889978
2022-01-20,1343.5,1348.0999755859375,1328.050048828125,1337.9749755859375,1301.591796875,710740
2022-01-21,1335.0,1355.0,1330.2249755859375,1350.300048828125,1313.58154296875,2795826
2022-01-24,1357.449951171875,1360.675048828125,1307.925048828125,1320.175048828125,1284.275634765625,1327016
2022-01-25,1308.0,1340.0,1272.5,1294.925048828125,1259.71240234375,3428442
2022-01-27,1275.0,1288.324951171875,1223.8499755859375,1230.449951171875,1196.990478515625,4001162
2022-01-28,1230.949951171875,1258.5,1230.5,1237.9000244140625,1204.238037109375,881614
2022-01-31,1261.5,1261.5,1222.625,1228.25,1194.850341796875,694578
2022-02-01,1237.5,1238.5,1220.0,1236.425048828125,1202.8031005859375,1103316
2022-02-02,1241.0,1280.0,1236.425048828125,1261.449951171875,1227.147705078125,1711312
2022-02-03,1269.9000244140625,1269.9000244140625,1245.5,1251.5999755859375,1217.5654296875,1350380
2022-02-04,1252.0,1255.0,1236.300048828125,1240.9000244140625,1207.156494140625,904896
2022-02-07,1234.0,1239.425048828125,1210.0,1217.75,1184.6358642578125,761766
2022-02-08,1222.9000244140625,1222.9000244140625,1201.2750244140625,1207.675048828125,1174.8349609375,1095260
2022-02-09,1211.7750244140625,1247.75,1210.175048828125,1240.300048828125,1206.57275390625,726894
2022-02-10,1248.0,1249.125,1230.2750244140625,1244.5250244140625,1210.682861328125,344952
2022-02-11,1237.0,1237.0,1210.7750244140625,1216.125,1183.0550537109375,793826
2022-02-14,1199.5,1208.300048828125,1182.699951171875,1194.2750244140625,1161.79931640625,844580
2022-02-15,1194.2750244140625,1226.300048828125,1186.574951171875,1224.050048828125,1190.7646484375,524606
2022-02-16,1225.0,1229.875,1207.5,1211.3499755859375,1178.4100341796875,578050
2022-02-17,1219.0,1228.949951171875,1205.5,1223.4000244140625,1190.13232421875,420460
2022-02-18,1214.5,1230.0,1209.300048828125,1215.3499755859375,1182.3011474609375,303222
2022-02-21,1206.5,1226.6500244140625,1199.4000244140625,1213.1500244140625,1180.1610107421875,374962
2022-02-22,1187.5,1205.875,1177.0,1191.3499755859375,1158.95361328125,971770
2022-02-23,1199.9749755859375,1216.0,1197.0,1207.800048828125,1174.95654296875,455434
2022-02-24,1182.5,1190.5,1145.5,1155.375,1123.95703125,1591822
2022-02-25,1162.574951171875,1190.0,1160.050048828125,1184.5250244140625,1152.314453125,665306
2022-02-28,1182.0,1202.800048828125,1156.0,1201.4749755859375,1168.8033447265625,1256064
2022-03-02,1191.75,1202.0250244140625,1171.2750244140625,1198.9000244140625,1166.2984619140625,1083774
2022-03-03,1200.0,1207.050048828125,1161.675048828125,1169.324951171875,1137.5277099609375,1129288
2022-03-04,1165.0,1165.199951171875,1115.0,1130.4749755859375,1099.734130859375,1422960
2022-03-07,1111.425048828125,1111.425048828125,1072.1500244140625,1082.324951171875,1052.893310546875,1488898
2022-03-08,1079.9000244140625,1109.9749755859375,1066.7750244140625,1090.425048828125,1060.7733154296875,991060
2022-03-09,1100.0,1125.4749755859375,1085.0250244140625,1118.800048828125,1088.376708984375,1079310
2022-03-10,1175.0,1182.3499755859375,1137.5,1174.949951171875,1142.9998779296875,1842138
2022-03-11,1170.5,1174.5,1143.2750244140625,1169.074951171875,1137.2845458984375,528142
2022-03-14,1175.0,1190.0,1158.824951171875,1172.3499755859375,1140.4705810546875,759944
2022-03-15,1185.0,1199.3499755859375,1176.6500244140625,1185.2750244140625,1153.0440673828125,723176
2022-03-16,1195.25,1234.0,1195.25,1231.449951171875,1197.9635009765625,1162080
2022-03-17,1242.5,1267.4749755859375,1231.7249755859375,1255.199951171875,1221.0675048828125,2252286
2022-03-21,1222.5,1271.925048828125,1222.5,1242.625,1208.83447265625,1369248
2022-03-22,1237.5,1237.5,1202.5,1225.175048828125,1191.8590087890625,914068
2022-03-23,1230.0,1236.9749755859375,1205.050048828125,1216.949951171875,1183.857666015625,639500
2022-03-24,1214.449951171875,1223.875,1205.324951171875,1211.824951171875,1178.8720703125,434122
2022-03-25,1217.4749755859375,1232.0,1209.3499755859375,1228.2249755859375,1194.825927734375,689886
2022-03-28,1231.9749755859375,1234.5999755859375,1193.050048828125,1199.875,1167.2470703125,860130
2022-03-29,1209.0,1212.5,1196.7249755859375,1198.9749755859375,1166.3714599609375,779328
2022-03-30,1208.8499755859375,1223.0,1201.2249755859375,1220.1500244140625,1186.9705810546875,787702
2022-03-31,1227.5250244140625,1239.5,1220.25,1227.1500244140625,1193.7802734375,879856
2022-04-01,1236.8499755859375,1246.0,1222.175048828125,1242.949951171875,1209.1505126953125,476418
2022-04-04,1247.5,1254.0,1240.5250244140625,1247.5250244140625,1213.601318359375,482200
2022-04-05,1250.0,1263.574951171875,1242.5,1253.824951171875,1219.7298583984375,552512
2022-04-06,1249.5,1270.0,1245.199951171875,1264.7750244140625,1230.3822021484375,510866
2022-04-07,1268.0,1279.324951171875,1241.125,1246.550048828125,1212.6527099609375,690928
2022-04-08,1250.5999755859375,1267.0250244140625,1247.5,1262.574951171875,1228.241943359375,515736
2022-04-11,1262.5,1269.375,1220.0,1224.574951171875,1191.2752685546875,1380656
2022-04-12,1224.574951171875,1227.3499755859375,1182.875,1187.8499755859375,1155.548828125,1646340
2022-04-13,1187.8499755859375,1210.0,1174.574951171875,1183.0250244140625,1150.855224609375,1249494
2022-04-18,1179.949951171875,1191.7249755859375,1161.2750244140625,1182.175048828125,1150.0283203125,679964
2022-04-19,1191.5,1201.0999755859375,1152.5,1164.2750244140625,1132.6151123046875,812706
2022-04-20,1180.5999755859375,1191.0,1157.6500244140625,1184.449951171875,1152.2413330078125,708404
2022-04-21,1192.5,1207.0,1185.0250244140625,1203.175048828125,1170.4573974609375,509918
2022-04-22,1200.0,1219.699951171875,1190.2750244140625,1213.199951171875,1180.2095947265625,633886
2022-04-25,1210.5,1210.5,1192.4000244140625,1204.175048828125,1171.4300537109375,586744
2022-04-26,1207.4749755859375,1220.050048828125,1199.7750244140625,1218.4000244140625,1185.2681884765625,447730
2022-04-27,1216.5,1216.5,1195.7750244140625,1205.6500244140625,1172.8651123046875,448736
2022-04-28,1211.5,1232.0,1199.2249755859375,1228.9749755859375,1195.5557861328125,802388
2022-04-29,1232.0,1233.5,1207.375,1211.8499755859375,1178.896240234375,765390
2022-05-02,1207.4000244140625,1215.425048828125,1198.800048828125,1212.050048828125,1179.0909423828125,362204
2022-05-04,1206.5,1209.449951171875,1151.050048828125,1162.0250244140625,1130.4263916015625,1291934
2022-05-05,1165.0,1173.800048828125,1147.574951171875,1150.875,1119.57958984375,527416
2022-05-06,1137.5,1142.7750244140625,1109.0,1118.25,1087.8416748046875,773158
2022-05-09,1100.0,1119.0,1095.5250244140625,1099.7249755859375,1069.8203125,778048
2022-05-10,1108.5250244140625,1121.75,1096.0250244140625,1101.625,1071.668701171875,517500
2022-05-11,1109.5,1110.25,1077.5,1082.074951171875,1052.650390625,844302
2022-05-12,1075.0,1089.699951171875,1052.550048828125,1057.5,1028.7435302734375,752418
2022-05-13,1065.0,1085.5,1056.0,1060.875,1032.0267333984375,658352
2022-05-16,1069.5,1069.5,1043.9000244140625,1057.324951171875,1028.5733642578125,640516
2022-05-17,1064.5,1087.550048828125,1052.5,1084.7750244140625,1055.2769775390625,531884
2022-05-18,1082.5,1087.175048828125,1067.9000244140625,1081.4749755859375,1052.0665283203125,1299958
2022-05-19,1025.0,1063.5,1025.0,1058.925048828125,1030.1300048828125,1880770
2022-05-20,1065.574951171875,1073.6500244140625,1045.175048828125,1069.7249755859375,1040.6361083984375,1173056
2022-05-23,1077.5,1114.5,1070.125,1094.375,1064.6158447265625,1787784
2022-05-24,1094.5,1107.5,1079.125,1086.2750244140625,1056.736083984375,602614
2022-05-25,1090.0,1091.300048828125,1051.2750244140625,1069.699951171875,1040.61181640625,1037172
2022-05-26,1071.199951171875,1079.3499755859375,1053.0,1066.550048828125,1037.5474853515625,787920
2022-05-27,1075.1500244140625,1084.425048828125,1069.0999755859375,1081.75,1052.334228515625,340412
2022-05-30,1101.625,1116.0,1092.699951171875,1112.300048828125,1082.053466796875,893164
2022-05-31,1114.5,1131.5,1095.25,1122.699951171875,1092.1705322265625,1880158
2022-06-01,1125.0,1145.425048828125,1096.800048828125,1102.5999755859375,1072.6171875,903112
2022-06-02,1102.5999755859375,1127.0,1095.449951171875,1122.875,1092.3406982421875,657988
2022-06-03,1126.0,1130.1500244140625,1093.7750244140625,1097.800048828125,1067.9476318359375,768244
2022-06-06,1101.9000244140625,1103.25,1072.574951171875,1086.0,1056.4686279296875,459964
2022-06-07,1082.5,1083.0,1062.074951171875,1066.6500244140625,1037.644775390625,401020
2022-06-08,1067.5250244140625,1073.9000244140625,1048.0,1050.425048828125,1021.8609619140625,691964
2022-06-09,1046.1500244140625,1053.3499755859375,1031.625,1048.2750244140625,1019.76953125,1119622
2022-06-10,1042.0,1058.199951171875,1035.0,1054.4000244140625,1025.72802734375,590744
2022-06-13,1026.0250244140625,1071.0,1026.0250244140625,1066.2249755859375,1037.231201171875,1507186
2022-06-14,1057.5,1074.0,1054.0250244140625,1060.050048828125,1031.2242431640625,497544
2022-06-15,1068.875,1072.0,1052.0,1056.324951171875,1027.6005859375,409116
2022-06-16,1075.0,1075.0,1040.0,1048.5250244140625,1020.0126342773438,532412
2022-06-17,1035.550048828125,1048.5,994.2750244140625,999.7249755859375,972.5396118164062,1884914
2022-06-20,1009.25,1060.0,1005.3250122070312,1053.324951171875,1024.6820068359375,2034860
2022-06-21,1054.449951171875,1060.0,1041.3499755859375,1050.300048828125,1021.7394409179688,1043382
2022-06-22,1050.5,1067.4000244140625,1037.5,1041.050048828125,1012.7409057617188,993028
2022-06-23,1049.0,1077.824951171875,1043.6500244140625,1072.7750244140625,1043.603271484375,877666
2022-06-24,1081.675048828125,1089.4749755859375,1068.0250244140625,1084.625,1055.1309814453125,857278
2022-06-27,1092.5,1094.5999755859375,1066.574951171875,1071.574951171875,1042.4359130859375,876920
2022-06-28,1065.5,1069.925048828125,1050.0,1058.0999755859375,1029.3272705078125,491738
2022-06-29,1052.5,1070.800048828125,1042.8499755859375,1049.074951171875,1020.5476684570312,922556
2022-06-30,1052.5999755859375,1064.8499755859375,1039.5,1044.949951171875,1016.5348510742188,619938
2022-07-01,1049.9749755859375,1082.175048828125,1041.4000244140625,1079.175048828125,1049.8292236328125,1002218
2022-07-04,1075.550048828125,1103.4000244140625,1075.550048828125,1096.2249755859375,1066.4154052734375,408370
2022-07-05,1100.0,1109.925048828125,1085.4000244140625,1088.5250244140625,1058.9248046875,684418
2022-07-06,1100.0,1119.699951171875,1095.550048828125,1109.7750244140625,1079.5970458984375,1032978
2022-07-07,1119.875,1136.550048828125,1114.1500244140625,1118.5250244140625,1088.109130859375,640710
2022-07-08,1121.0,1127.4749755859375,1114.5,1125.425048828125,1094.821533203125,429610
2022-07-11,1129.9749755859375,1139.4749755859375,1117.7750244140625,1134.2750244140625,1103.430908203125,518288
2022-07-12,1133.949951171875,1133.949951171875,1120.324951171875,1125.375,1094.7728271484375,331510
2022-07-13,1137.0,1151.4000244140625,1132.9000244140625,1142.7249755859375,1111.6510009765625,1126468
2022-07-14,1144.949951171875,1150.949951171875,1131.5,1144.9000244140625,1113.766845703125,467808
2022-07-15,1144.9000244140625,1160.0,1141.2249755859375,1153.824951171875,1122.4490966796875,536154
2022-07-18,1158.5,1162.5,1140.5,1151.050048828125,1119.7498779296875,466516
2022-07-19,1140.2750244140625,1151.5,1135.0,1145.7249755859375,1114.5694580078125,311278
2022-07-20,1152.7249755859375,1166.5,1148.5,1160.425048828125,1128.8697509765625,723878
2022-07-21,1162.4749755859375,1186.0,1156.75,1181.074951171875,1148.9583740234375,737938
2022-07-22,1181.074951171875,1189.125,1172.074951171875,1178.875,1146.8179931640625,441950
2022-07-25,1179.0,1192.0,1159.050048828125,1166.6500244140625,1134.9256591796875,646962
2022-07-26,1162.0,1164.5,1135.9749755859375,1160.25,1133.5574951171875,724506
2022-07-27,1155.050048828125,1182.050048828125,1155.050048828125,1177.199951171875,1150.11767578125,530960
2022-07-28,1186.449951171875,1202.5,1175.800048828125,1199.9000244140625,1172.2955322265625,853546
2022-07-29,1215.9000244140625,1230.0,1203.8499755859375,1225.625,1197.4287109375,682906
2022-08-01,1235.9000244140625,1252.0,1228.449951171875,1248.074951171875,1219.3621826171875,717064
2022-08-02,1255.0,1269.0,1248.800048828125,1260.2249755859375,1231.232666015625,740248
2022-08-03,1260.0,1265.0,1247.1500244140625,1261.625,1232.600341796875,432184
2022-08-04,1267.5,1279.925048828125,1253.625,1277.050048828125,1247.670654296875,822506
2022-08-05,1285.4000244140625,1324.824951171875,1281.699951171875,1320.425048828125,1290.0478515625,2053916
2022-08-08,1325.0,1327.7750244140625,1305.0,1324.675048828125,1294.199951171875,992070
2022-08-10,1324.925048828125,1335.5250244140625,1306.4000244140625,1318.4000244140625,1288.0693359375,2029372
2022-08-11,1330.0,1339.0250244140625,1315.8499755859375,1320.324951171875,1289.9500732421875,1131998
2022-08-12,1320.324951171875,1327.4749755859375,1309.074951171875,1311.25,1281.0838623046875,1018130
2022-08-16,1320.0,1339.375,1313.0,1332.875,1302.21142578125,775900
2022-08-17,1339.5,1370.5,1336.5,1358.1500244140625,1326.9049072265625,1972434
2022-08-18,1359.925048828125,1367.5,1351.0,1361.625,1330.2999267578125,411956
2022-08-19,1364.9749755859375,1371.6500244140625,1354.625,1360.4000244140625,1329.1031494140625,824452
2022-08-22,1350.0,1353.449951171875,1322.75,1340.074951171875,1309.24560546875,749340
2022-08-23,1329.5,1346.550048828125,1316.625,1338.925048828125,1308.1221923828125,579146
2022-08-24,1335.0,1348.949951171875,1322.0250244140625,1335.375,1304.65380859375,424434
2022-08-25,1337.5,1348.0,1327.574951171875,1331.625,1300.9901123046875,826958
2022-08-26,1337.4749755859375,1347.5,1326.050048828125,1333.449951171875,1302.77294921875,372254
2022-08-29,1300.0,1354.949951171875,1298.050048828125,1350.175048828125,1319.1134033203125,797324
2022-08-30,1357.75,1381.1500244140625,1355.5,1368.1500244140625,1336.6748046875,1043338
2022-09-01,1368.1500244140625,1413.0,1358.5,1410.1500244140625,1377.70849609375,1466668
2022-09-02,1414.9749755859375,1447.5,1413.0,1433.3499755859375,1400.374755859375,1642092
2022-09-05,1437.5,1446.5,1414.7750244140625,1416.375,1383.790283203125,697670
2022-09-06,1424.0,1427.7249755859375,1399.0,1407.9000244140625,1375.5103759765625,469994
2022-09-07,1408.449951171875,1416.0,1396.050048828125,1401.925048828125,1369.6728515625,581368
2022-09-08,1412.25,1437.5,1408.5,1434.824951171875,1401.8157958984375,893490
2022-09-09,1445.0,1445.0,1416.550048828125,1422.074951171875,1389.3592529296875,514494
2022-09-12,1427.5,1439.4749755859375,1422.5,1428.800048828125,1395.9295654296875,330628
2022-09-13,1434.5,1440.5,1422.5,1428.7249755859375,1395.8560791015625,393510
2022-09-14,1402.5,1446.0,1402.5,1434.574951171875,1401.5716552734375,935654
2022-09-15,1442.0,1459.4749755859375,1432.9749755859375,1450.925048828125,1417.545654296875,1398588
2022-09-16,1451.5,1453.0,1394.050048828125,1399.5250244140625,1367.3280029296875,1445574
2022-09-19,1399.5250244140625,1413.925048828125,1378.5250244140625,1403.4000244140625,1371.11376953125,460234
2022-09-20,1409.925048828125,1441.7750244140625,1405.800048828125,1416.949951171875,1384.3521728515625,541006
2022-09-21,1415.0,1433.824951171875,1405.550048828125,1409.375,1376.951416015625,392824
2022-09-22,1407.0999755859375,1410.0,1375.0,1404.9749755859375,1372.652587890625,817230
2022-09-23,1405.9749755859375,1406.4749755859375,1385.0,1400.324951171875,1368.1094970703125,637568
2022-09-26,1390.0,1414.925048828125,1381.25,1401.0999755859375,1368.86669921875,823304
2022-09-27,1407.4749755859375,1421.875,1395.0,1402.1500244140625,1369.8924560546875,1111098
2022-09-28,1397.5,1397.5,1378.4000244140625,1384.875,1353.0150146484375,1868548
2022-09-29,1391.800048828125,1394.0,1335.0,1352.0999755859375,1320.9940185546875,1562522
2022-09-30,1353.6500244140625,1358.5,1337.625,1345.1500244140625,1314.2039794921875,1045250
2022-10-03,1345.0,1346.0,1318.425048828125,1328.125,1297.570556640625,671864
2022-10-04,1345.5,1349.125,1336.550048828125,1343.324951171875,1312.4208984375,557358
2022-10-06,1357.0,1357.0,1327.5,1330.9749755859375,1300.35498046875,594856
2022-10-07,1331.449951171875,1350.25,1320.5,1331.300048828125,1300.672607421875,630486
2022-10-10,1312.0999755859375,1329.5,1296.625,1322.7249755859375,1292.2947998046875,406862
2022-10-11,1333.5,1336.375,1303.0,1306.0,1275.95458984375,461058
2022-10-12,1312.550048828125,1330.0,1301.25,1327.574951171875,1297.033203125,363098
2022-10-13,1325.0,1333.800048828125,1306.824951171875,1310.800048828125,1280.64404296875,323144
2022-10-14,1327.449951171875,1334.074951171875,1307.675048828125,1309.875,1279.740478515625,193968
2022-10-17,1316.425048828125,1354.574951171875,1312.5999755859375,1345.699951171875,1314.7412109375,1634006
2022-10-18,1352.449951171875,1368.75,1342.5,1356.324951171875,1325.1217041015625,872800
2022-10-19,1350.0,1351.925048828125,1313.625,1332.4749755859375,1301.820556640625,807302
2022-10-20,1331.949951171875,1356.0,1328.050048828125,1344.875,1313.935302734375,854352
2022-10-21,1345.0,1349.949951171875,1313.175048828125,1318.8499755859375,1288.5089111328125,598806
2022-10-24,1332.5,1335.0,1317.5,1321.75,1291.34228515625,130826
2022-10-25,1316.0,1317.5,1297.5,1309.1500244140625,1279.0322265625,537504
2022-10-27,1312.050048828125,1321.0,1272.75,1282.199951171875,1252.7020263671875,1223410
2022-10-28,1284.0,1293.9000244140625,1277.5250244140625,1280.2750244140625,1250.8214111328125,820380
2022-10-31,1281.5,1298.175048828125,1276.800048828125,1292.199951171875,1262.4720458984375,1416994
2022-11-01,1298.5,1325.0,1295.0250244140625,1321.875,1291.46435546875,638580
2022-11-02,1322.25,1324.75,1297.7249755859375,1317.2249755859375,1286.9212646484375,931448
2022-11-03,1311.3499755859375,1324.0999755859375,1302.5,1321.7750244140625,1291.36669921875,468420
2022-11-04,1321.7750244140625,1331.5250244140625,1312.5999755859375,1324.0,1293.5404052734375,375606
2022-11-07,1323.5,1333.625,1306.5,1314.324951171875,1284.0880126953125,1243030
2022-11-09,1322.5,1333.9749755859375,1311.0,1326.125,1295.61669921875,798896
2022-11-10,1300.0,1335.9749755859375,1300.0,1328.175048828125,1297.6195068359375,982010
2022-11-11,1334.5,1342.5,1317.050048828125,1330.5999755859375,1299.9886474609375,507382
2022-11-14,1325.0,1343.875,1320.0,1327.2750244140625,1296.7401123046875,923388
2022-11-15,1333.925048828125,1340.0,1320.1500244140625,1337.5,1306.72998046875,523672
2022-11-16,1335.5250244140625,1342.5,1326.5999755859375,1341.2249755859375,1310.3692626953125,698426
2022-11-17,1341.2249755859375,1349.5,1330.699951171875,1346.5999755859375,1315.62060546875,671508
2022-11-18,1349.0,1357.0,1337.824951171875,1349.625,1318.575927734375,438542
2022-11-21,1355.074951171875,1359.199951171875,1328.4749755859375,1331.0,1300.37939453125,441556
2022-11-22,1331.6500244140625,1351.9749755859375,1330.4000244140625,1348.4749755859375,1317.452392578125,581696
2022-11-23,1349.949951171875,1359.0,1342.5999755859375,1348.2249755859375,1317.2081298828125,384958
2022-11-24,1354.9749755859375,1358.0,1347.074951171875,1351.949951171875,1320.8472900390625,285234
2022-11-25,1349.8499755859375,1353.5,1326.5999755859375,1331.050048828125,1300.42822265625,533500
2022-11-28,1331.050048828125,1348.5,1331.050048828125,1346.175048828125,1315.205322265625,535914
2022-11-29,1345.0,1376.5,1342.8499755859375,1363.9749755859375,1332.5958251953125,803926
2022-11-30,1368.0250244140625,1393.75,1352.324951171875,1374.3499755859375,1342.7322998046875,2624670
2022-12-01,1376.2750244140625,1383.0,1363.5,1366.7750244140625,1335.3314208984375,537630
2022-12-02,1366.7750244140625,1371.9749755859375,1352.5,1368.0999755859375,1336.6259765625,393842
2022-12-05,1364.050048828125,1369.925048828125,1347.0,1366.9000244140625,1335.45361328125,679150
2022-12-06,1362.0,1389.5,1360.125,1378.5999755859375,1346.88427734375,1005830
2022-12-07,1387.5,1398.0,1382.0,1386.199951171875,1354.3095703125,874964
2022-12-08,1395.0,1396.449951171875,1377.050048828125,1380.875,1349.10693359375,504294
2022-12-09,1383.9749755859375,1390.7750244140625,1360.0,1369.824951171875,1338.3111572265625,469364
2022-12-12,1367.5,1368.675048828125,1338.425048828125,1344.074951171875,1313.1536865234375,662678
2022-12-13,1340.1500244140625,1344.25,1318.550048828125,1324.4000244140625,1293.9312744140625,548276
2022-12-14,1322.9000244140625,1330.0,1311.699951171875,1318.1500244140625,1287.8250732421875,599850
2022-12-15,1315.4749755859375,1318.800048828125,1304.25,1308.2750244140625,1278.17724609375,355436
2022-12-16,1307.5,1307.5,1279.0,1296.449951171875,1266.624267578125,901954
2022-12-19,1295.5,1302.8499755859375,1286.0,1299.925048828125,1270.0194091796875,432658
2022-12-20,1295.0,1299.8499755859375,1283.0,1288.3499755859375,1258.71044921875,296116
2022-12-21,1290.050048828125,1300.0,1275.5,1282.875,1253.3616943359375,343788
2022-12-22,1280.0,1293.0999755859375,1262.5,1275.875,1246.522705078125,374804
2022-12-23,1267.550048828125,1272.050048828125,1241.574951171875,1245.125,1216.480224609375,488866
2022-12-26,1240.0,1262.199951171875,1230.7750244140625,1256.7750244140625,1227.862060546875,517394
2022-12-27,1257.5,1272.4749755859375,1254.5,1268.574951171875,1239.3905029296875,293598
2022-12-28,1268.875,1316.9749755859375,1262.074951171875,1293.949951171875,1264.1817626953125,981530
2022-12-29,1292.7750244140625,1360.550048828125,1270.2249755859375,1300.8499755859375,1270.9229736328125,1232728
2022-12-30,1305.0,1305.0,1270.6500244140625,1275.074951171875,1245.7410888671875,410132
2023-01-02,1277.5,1280.0,1255.0,1265.0,1235.8978271484375,669778
2023-01-03,1269.5,1275.9000244140625,1258.125,1268.5,1239.3173828125,643468
2023-01-04,1269.449951171875,1269.5,1252.050048828125,1255.4749755859375,1226.5919189453125,336530
2023-01-05,1260.0,1277.0,1255.4749755859375,1259.050048828125,1230.0848388671875,487994
2023-01-06,1260.5,1269.050048828125,1255.550048828125,1261.1500244140625,1232.1363525390625,319792
2023-01-09,1267.4749755859375,1279.0,1263.5,1276.175048828125,1246.8157958984375,328436
2023-01-10,1276.199951171875,1281.9749755859375,1256.5,1264.5999755859375,1235.5069580078125,312516
2023-01-11,1265.050048828125,1268.699951171875,1237.5250244140625,1239.75,1211.228759765625,536492
2023-01-12,1240.949951171875,1263.074951171875,1231.4000244140625,1247.75,1219.044677734375,573124
2023-01-13,1254.0,1257.0250244140625,1236.300048828125,1252.574951171875,1223.758544921875,371302
2023-01-16,1254.5,1258.425048828125,1223.324951171875,1224.9000244140625,1196.7203369140625,486394
2023-01-17,1223.9749755859375,1232.0,1207.0999755859375,1218.7249755859375,1190.6875,1104462
2023-01-18,1218.7249755859375,1246.6500244140625,1215.574951171875,1244.324951171875,1215.698486328125,351738
2023-01-19,1240.0,1242.5250244140625,1218.25,1226.5999755859375,1198.3812255859375,547226
2023-01-20,1224.5,1224.5,1197.5,1201.300048828125,1173.663330078125,493462
2023-01-23,1204.5,1214.0,1190.824951171875,1204.800048828125,1177.082763671875,503248
2023-01-24,1204.800048828125,1212.5,1188.625,1191.175048828125,1163.771240234375,518394
2023-01-25,1165.5,1176.0,1149.5,1157.6500244140625,1131.0174560546875,1673466
2023-01-27,1160.0,1160.0,1128.5,1145.324951171875,1118.9759521484375,890164
2023-01-30,1152.4749755859375,1160.0,1132.5250244140625,1141.699951171875,1115.434326171875,631882
2023-01-31,1151.949951171875,1152.449951171875,1137.625,1139.7750244140625,1113.5538330078125,1107434
2023-02-01,1145.75,1166.5,1135.0,1157.6500244140625,1131.0174560546875,688520
2023-02-02,1154.5250244140625,1155.0,1126.4000244140625,1145.7249755859375,1119.3668212890625,814542
2023-02-03,1145.75,1174.4749755859375,1140.800048828125,1170.7750244140625,1143.840576171875,627390
2023-02-06,1176.6500244140625,1176.6500244140625,1160.5,1166.6500244140625,1139.810546875,521948
2023-02-07,1166.6500244140625,1171.5,1156.5,1157.5999755859375,1130.9686279296875,383854
2023-02-08,1159.0,1169.8499755859375,1150.5,1166.875,1140.0302734375,355532
2023-02-09,1167.4749755859375,1170.0,1157.5,1163.824951171875,1137.05029296875,355114
2023-02-10,1164.5,1174.6500244140625,1155.1500244140625,1158.074951171875,1131.4327392578125,638886
2023-02-13,1150.5250244140625,1159.050048828125,1145.0,1150.9749755859375,1124.49609375,363160
2023-02-14,1162.0,1162.0,1139.0,1148.050048828125,1121.6383056640625,426600
2023-02-15,1150.0,1161.0250244140625,1141.0,1155.6500244140625,1129.0634765625,383616
2023-02-16,1159.5,1163.7750244140625,1151.1500244140625,1158.375,1131.7257080078125,630986
2023-02-17,1158.175048828125,1171.050048828125,1150.324951171875,1166.550048828125,1139.712646484375,632862
2023-02-20,1170.925048828125,1171.0,1153.4000244140625,1160.0250244140625,1133.337890625,551338
2023-02-21,1165.0,1167.5,1153.0,1165.925048828125,1139.1021728515625,513872
2023-02-22,1159.9749755859375,1159.9749755859375,1140.5,1147.324951171875,1120.929931640625,660726
2023-02-23,1149.0,1150.175048828125,1129.0,1134.074951171875,1107.9847412109375,762688
2023-02-24,1135.0,1144.1500244140625,1125.0250244140625,1137.8499755859375,1111.6729736328125,916596
2023-02-27,1132.5,1146.5999755859375,1130.5,1139.824951171875,1113.6025390625,463650
2023-02-28,1138.5,1156.800048828125,1133.3499755859375,1150.4000244140625,1123.9342041015625,624686
2023-03-01,1156.175048828125,1158.125,1147.5999755859375,1153.75,1127.20703125,567784
2023-03-02,1153.5,1157.949951171875,1145.0,1154.949951171875,1128.37939453125,466214
2023-03-03,1159.0,1165.0,1152.5,1159.375,1132.7027587890625,626146
2023-03-06,1165.300048828125,1184.824951171875,1162.699951171875,1175.5,1148.456787109375,664772
2023-03-08,1174.949951171875,1176.375,1163.675048828125,1174.050048828125,1147.0401611328125,457690
2023-03-09,1177.0,1179.5,1151.0,1154.2750244140625,1127.7200927734375,613028
2023-03-10,1149.0,1158.824951171875,1137.5,1156.75,1130.13818359375,323578
2023-03-13,1153.0,1156.75,1141.0250244140625,1146.2750244140625,1119.9041748046875,681150
2023-03-14,1146.0,1156.4749755859375,1140.5,1151.125,1124.6427001953125,680266
2023-03-15,1157.0,1168.7249755859375,1151.0999755859375,1155.7249755859375,1129.13671875,410228
2023-03-16,1161.800048828125,1182.0999755859375,1156.050048828125,1170.5999755859375,1143.6695556640625,526662
2023-03-17,1177.5250244140625,1178.9000244140625,1162.425048828125,1174.949951171875,1147.9195556640625,851840
2023-03-20,1165.0,1188.449951171875,1160.074951171875,1186.199951171875,1158.91064453125,622854
2023-03-21,1192.125,1194.925048828125,1175.550048828125,1179.2249755859375,1152.0960693359375,598778
2023-03-22,1187.0,1199.199951171875,1182.5,1188.5250244140625,1161.1822509765625,2053274
2023-03-23,1188.5250244140625,1191.6500244140625,1178.0250244140625,1184.050048828125,1156.8101806640625,542560
2023-03-24,1184.050048828125,1189.5,1175.824951171875,1182.2750244140625,1155.076171875,540390
2023-03-27,1178.0,1185.0,1167.8499755859375,1176.0250244140625,1148.9698486328125,380676
2023-03-28,1177.5,1177.7249755859375,1158.25,1168.0250244140625,1141.15380859375,603216
2023-03-29,1168.0250244140625,1173.0,1152.5,1157.5999755859375,1130.9686279296875,661340
2023-03-31,1162.4749755859375,1184.0,1156.5,1176.5,1149.433837890625,1042214
2023-04-03,1175.0,1175.0,1148.1500244140625,1163.800048828125,1137.0260009765625,822080
2023-04-05,1159.0,1167.4749755859375,1153.199951171875,1161.2249755859375,1134.5101318359375,452834
2023-04-06,1162.5,1173.925048828125,1158.949951171875,1166.0250244140625,1139.1998291015625,737398
2023-04-10,1166.9749755859375,1182.0250244140625,1156.175048828125,1177.8499755859375,1150.7528076171875,554544
2023-04-11,1182.0,1183.3499755859375,1164.5,1173.074951171875,1146.0875244140625,561408
2023-04-12,1173.050048828125,1179.7249755859375,1167.7249755859375,1173.9000244140625,1146.8936767578125,966412
2023-04-13,1173.8499755859375,1183.0,1171.949951171875,1175.0999755859375,1148.0660400390625,678594
2023-04-17,1179.0,1187.9749755859375,1174.4749755859375,1184.8499755859375,1157.591796875,491778
2023-04-18,1187.5,1218.5,1176.0,1216.25,1188.2694091796875,751270
2023-04-19,1223.675048828125,1224.4000244140625,1200.0,1204.300048828125,1176.5943603515625,500928
2023-04-20,1207.5,1212.824951171875,1200.550048828125,1204.050048828125,1176.3499755859375,256070
2023-04-21,1209.949951171875,1222.5250244140625,1207.0,1220.074951171875,1192.00634765625,734248
2023-04-24,1225.0,1225.199951171875,1208.0,1210.574951171875,1182.7247314453125,368328
2023-04-25,1210.574951171875,1214.425048828125,1201.5,1205.675048828125,1177.9376220703125,396928
2023-04-26,1203.9749755859375,1215.0,1201.9000244140625,1205.875,1178.1329345703125,522512
2023-04-27,1214.2249755859375,1224.925048828125,1192.5,1194.5999755859375,1167.117431640625,660066
2023-04-28,1197.5250244140625,1211.25,1188.0,1209.625,1181.7967529296875,756878
2023-05-02,1214.5,1215.5,1203.0,1209.875,1182.041015625,378596
2023-05-03,1211.4749755859375,1234.8499755859375,1206.824951171875,1231.9749755859375,1203.632568359375,1073250
2023-05-04,1237.4749755859375,1237.4749755859375,1225.375,1232.574951171875,1204.2188720703125,599304
2023-05-05,1235.175048828125,1243.449951171875,1230.75,1236.050048828125,1207.6138916015625,682786
2023-05-08,1240.175048828125,1246.0,1208.5,1225.3499755859375,1197.159912109375,1365440
2023-05-09,1212.5,1239.25,1200.074951171875,1235.875,1207.44287109375,2205752
2023-05-10,1238.5,1272.449951171875,1238.5,1254.699951171875,1225.834716796875,2392328
2023-05-11,1269.9749755859375,1287.5,1261.949951171875,1283.2249755859375,1253.7034912109375,1680264
2023-05-12,1290.0,1306.875,1277.5,1293.625,1263.8642578125,1343386
2023-05-15,1293.5,1300.0,1272.699951171875,1275.175048828125,1245.8388671875,497350
2023-05-16,1284.2249755859375,1290.0,1270.0,1272.0999755859375,1242.83447265625,405476
2023-05-17,1269.9749755859375,1279.5999755859375,1261.5250244140625,1272.550048828125,1243.274169921875,1311514
2023-05-18,1277.5999755859375,1285.5999755859375,1271.050048828125,1276.125,1246.766845703125,788682
2023-05-19,1276.125,1287.8499755859375,1272.6500244140625,1283.300048828125,1253.77685546875,626002
2023-05-22,1281.550048828125,1287.2249755859375,1263.0,1267.5999755859375,1238.43798828125,510594
2023-05-23,1274.5,1277.7249755859375,1264.0,1266.6500244140625,1237.509765625,366200
2023-05-24,1258.5,1267.949951171875,1255.4000244140625,1263.324951171875,1234.2613525390625,468722
2023-05-25,1261.5,1270.9749755859375,1248.0,1261.625,1232.600341796875,719926
2023-05-26,1270.4749755859375,1295.6500244140625,1260.5,1293.074951171875,1263.326904296875,623940
2023-05-29,1297.7750244140625,1299.5,1285.0,1291.4749755859375,1261.7637939453125,439670
2023-05-30,1295.0,1302.5,1286.300048828125,1297.0999755859375,1267.25927734375,362558
2023-05-31,1300.0250244140625,1309.3499755859375,1296.050048828125,1303.925048828125,1273.9273681640625,990148
2023-06-01,1309.0,1334.5,1307.0250244140625,1325.7750244140625,1295.274658203125,957836
2023-06-02,1326.2750244140625,1330.75,1311.5,1316.2249755859375,1285.9443359375,526584
2023-06-05,1319.5,1325.9000244140625,1312.5,1319.2750244140625,1288.92431640625,230912
2023-06-06,1318.5,1326.7249755859375,1304.9000244140625,1312.050048828125,1281.865478515625,254286
2023-06-07,1315.5,1332.199951171875,1315.5,1327.425048828125,1296.88671875,364630
2023-06-08,1332.0,1339.0,1310.824951171875,1317.2249755859375,1286.9212646484375,328362
2023-06-09,1319.0,1326.4749755859375,1305.25,1307.4749755859375,1277.3956298828125,201236
2023-06-12,1308.125,1329.9000244140625,1303.875,1320.375,1289.9989013671875,469042
2023-06-13,1333.0,1367.5,1328.2750244140625,1343.324951171875,1312.4208984375,1749726
2023-06-14,1343.0,1364.824951171875,1337.875,1346.550048828125,1315.5718994140625,1026556
2023-06-15,1357.0250244140625,1362.425048828125,1336.199951171875,1340.3499755859375,1309.5142822265625,802004
2023-06-16,1347.0,1352.5,1333.824951171875,1348.8499755859375,1317.8187255859375,871300
2023-06-19,1354.5,1359.4749755859375,1334.0,1336.6500244140625,1305.8995361328125,600448
2023-06-20,1337.449951171875,1350.5,1335.4000244140625,1339.25,1308.439697265625,895200
2023-06-21,1350.0,1351.5,1330.1500244140625,1335.625,1304.8980712890625,694058
2023-06-22,1341.9749755859375,1344.25,1316.050048828125,1318.1500244140625,1287.8250732421875,326830
2023-06-23,1325.199951171875,1341.800048828125,1318.0,1329.1500244140625,1298.572021484375,1579178
2023-06-26,1325.0,1334.5,1311.9749755859375,1315.449951171875,1285.1871337890625,487502
2023-06-27,1318.0,1328.0999755859375,1308.4749755859375,1310.675048828125,1280.5220947265625,725448
2023-06-28,1313.0999755859375,1317.175048828125,1295.0,1299.324951171875,1269.4329833984375,1540606
2023-06-30,1301.050048828125,1322.949951171875,1292.6500244140625,1298.550048828125,1268.676025390625,1444546
2023-07-03,1299.5999755859375,1306.7750244140625,1285.0,1285.7249755859375,1256.14599609375,946032
2023-07-04,1285.7249755859375,1294.0,1279.300048828125,1285.2249755859375,1255.657470703125,877196
2023-07-05,1287.5,1313.300048828125,1287.5,1304.425048828125,1274.415771484375,1087864
2023-07-06,1310.0,1329.324951171875,1307.5,1324.5,1294.0289306640625,653560
2023-07-07,1327.5,1331.0,1303.175048828125,1306.4749755859375,1276.418701171875,620850
2023-07-10,1305.9749755859375,1310.375,1290.5250244140625,1297.925048828125,1268.0653076171875,561978
2023-07-11,1297.9749755859375,1344.0,1293.0,1319.425048828125,1289.07080078125,1267438
2023-07-12,1289.5250244140625,1313.8499755859375,1275.75,1311.2249755859375,1281.0594482421875,1624322
2023-07-13,1311.2249755859375,1327.5,1304.1500244140625,1309.0999755859375,1278.9832763671875,651618
2023-07-14,1308.949951171875,1314.1500244140625,1297.5,1311.75,1281.5723876953125,594272
2023-07-17,1300.0,1324.5,1300.0,1319.800048828125,1289.4371337890625,463524
2023-07-18,1319.800048828125,1333.125,1311.7750244140625,1329.050048828125,1298.4744873046875,743594
2023-07-19,1333.25,1345.8499755859375,1321.6500244140625,1342.9749755859375,1312.0789794921875,802578
2023-07-20,1347.9749755859375,1347.9749755859375,1333.699951171875,1338.300048828125,1307.511474609375,426520
2023-07-21,1331.5,1342.5,1326.324951171875,1331.4000244140625,1300.770263671875,422234
2023-07-24,1327.550048828125,1332.5,1318.074951171875,1325.800048828125,1295.299072265625,510692
2023-07-25,1324.0,1324.0,1293.9000244140625,1303.699951171875,1273.7073974609375,436598
2023-07-26,1305.9749755859375,1314.875,1296.5250244140625,1309.0,1278.8856201171875,299694
2023-07-27,1306.5,1314.175048828125,1298.0250244140625,1301.375,1276.8006591796875,283566
2023-07-28,1297.5,1314.199951171875,1293.574951171875,1307.925048828125,1283.22705078125,672822
2023-07-31,1307.925048828125,1313.425048828125,1295.0999755859375,1307.4749755859375,1282.7855224609375,442908
2023-08-01,1307.5,1320.4000244140625,1301.0250244140625,1317.4000244140625,1292.5230712890625,365584
2023-08-02,1319.949951171875,1321.9749755859375,1304.425048828125,1313.375,1288.5740966796875,365764
2023-08-03,1313.4749755859375,1318.2750244140625,1285.0250244140625,1292.25,1267.84814453125,412378
2023-08-04,1295.0250244140625,1309.324951171875,1292.2750244140625,1304.9000244140625,1280.2591552734375,353516
2023-08-07,1304.9000244140625,1311.800048828125,1300.0,1305.300048828125,1280.6517333984375,265182
2023-08-08,1305.5250244140625,1314.0,1297.4000244140625,1311.9000244140625,1287.1270751953125,588728
2023-08-09,1309.949951171875,1312.5,1297.550048828125,1301.800048828125,1277.2177734375,488608
2023-08-10,1309.5,1309.5,1255.2750244140625,1260.050048828125,1236.2562255859375,1494760
2023-08-11,1275.0250244140625,1276.0,1258.5,1272.324951171875,1248.29931640625,788866
2023-08-14,1272.449951171875,1272.5,1255.300048828125,1268.699951171875,1244.74267578125,298562
2023-08-16,1267.5,1278.7249755859375,1257.5,1269.824951171875,1245.846435546875,426118
2023-08-17,1270.2249755859375,1275.0,1249.5,1251.574951171875,1227.9410400390625,504656
2023-08-18,1251.5999755859375,1256.5,1235.0,1238.800048828125,1215.4073486328125,690752
2023-08-21,1238.7249755859375,1246.625,1236.1500244140625,1243.375,1219.89599609375,545364
2023-08-22,1249.5,1249.9000244140625,1241.0,1247.1500244140625,1223.599609375,546066
2023-08-23,1255.0,1291.25,1250.0,1253.4749755859375,1229.80517578125,1758348
2023-08-24,1262.5250244140625,1272.0,1257.7750244140625,1260.800048828125,1236.991943359375,1131406
2023-08-25,1257.5250244140625,1268.449951171875,1254.4000244140625,1263.949951171875,1240.0823974609375,862998
2023-08-28,1265.949951171875,1269.800048828125,1255.0250244140625,1257.050048828125,1233.312744140625,684300
2023-08-29,1261.9749755859375,1294.3499755859375,1258.2249755859375,1290.9749755859375,1266.5970458984375,1132786
2023-08-30,1290.0,1294.9749755859375,1280.7249755859375,1287.425048828125,1263.1141357421875,778394
2023-08-31,1290.5,1292.425048828125,1247.4749755859375,1257.5,1233.754150390625,2497002
2023-09-01,1262.4749755859375,1266.7750244140625,1243.050048828125,1249.125,1225.5372314453125,937422
2023-09-04,1249.5,1254.9749755859375,1233.7750244140625,1237.425048828125,1214.0584716796875,963036
2023-09-05,1244.425048828125,1253.5,1238.699951171875,1245.6500244140625,1222.1280517578125,720632
2023-09-06,1242.5,1254.0,1242.0,1251.199951171875,1227.5731201171875,517850
2023-09-07,1255.0,1258.0,1247.050048828125,1253.699951171875,1230.0260009765625,421810
2023-09-08,1254.5,1258.9749755859375,1245.8499755859375,1252.5250244140625,1228.8731689453125,1172474
2023-09-11,1259.5,1264.0,1250.0,1261.875,1238.046630859375,839248
2023-09-12,1265.0,1265.0,1240.0,1243.625,1220.141357421875,1175768
2023-09-13,1243.0,1255.300048828125,1228.0,1244.2750244140625,1220.7789306640625,790906
2023-09-14,1249.0,1249.0,1233.625,1241.5999755859375,1218.1544189453125,1097908
2023-09-15,1241.5250244140625,1252.5,1236.550048828125,1240.75,1217.320556640625,1009528
2023-09-18,1240.75,1256.574951171875,1235.5,1254.074951171875,1230.3939208984375,554612
2023-09-20,1255.9749755859375,1258.9749755859375,1243.875,1249.5999755859375,1226.00341796875,675082
2023-09-21,1245.550048828125,1259.199951171875,1243.0,1256.425048828125,1232.6995849609375,559382
2023-09-22,1259.425048828125,1260.25,1246.5,1258.8499755859375,1235.0787353515625,696760
2023-09-25,1258.5,1259.9000244140625,1238.7750244140625,1247.25,1223.69775390625,438234
2023-09-26,1244.0999755859375,1253.0,1244.0999755859375,1250.9000244140625,1227.2789306640625,256308
2023-09-27,1247.5,1251.875,1240.1500244140625,1249.75,1226.150634765625,357166
2023-09-28,1249.75,1251.9749755859375,1207.0250244140625,1210.675048828125,1187.8134765625,951582
2023-09-29,1220.0,1226.199951171875,1214.5,1219.75,1196.7171630859375,246706
2023-10-03,1219.75,1223.949951171875,1206.2750244140625,1212.699951171875,1189.8001708984375,765348
2023-10-04,1210.9749755859375,1211.4749755859375,1192.5,1203.199951171875,1180.4794921875,757666
2023-10-05,1217.800048828125,1219.1500244140625,1210.0,1214.5999755859375,1191.664306640625,463272
2023-10-06,1221.5,1228.449951171875,1214.5999755859375,1227.175048828125,1204.001953125,484794
2023-10-09,1215.050048828125,1219.425048828125,1205.050048828125,1212.5,1189.60400390625,741138
2023-10-10,1215.0,1228.0,1212.5,1225.050048828125,1201.9169921875,576248
2023-10-11,1228.0,1246.0,1227.5,1243.824951171875,1220.3375244140625,898340
2023-10-12,1243.824951171875,1248.75,1236.4000244140625,1240.949951171875,1217.5166015625,248616
2023-10-13,1240.0,1242.0999755859375,1227.199951171875,1230.0250244140625,1206.798095703125,292336
2023-10-16,1230.0,1231.625,1209.375,1217.300048828125,1194.3133544921875,825776
2023-10-17,1220.7750244140625,1222.074951171875,1209.7750244140625,1213.675048828125,1190.7569580078125,599216
2023-10-18,1210.050048828125,1217.4749755859375,1202.25,1203.625,1180.896484375,312428
2023-10-19,1200.0,1202.9749755859375,1185.0,1187.425048828125,1165.0025634765625,649728
2023-10-20,1187.425048828125,1192.9749755859375,1177.5,1186.5999755859375,1164.1929931640625,554286
2023-10-23,1186.5999755859375,1191.175048828125,1172.5,1175.5,1153.3026123046875,295934
2023-10-25,1180.25,1181.699951171875,1160.6500244140625,1163.1500244140625,1141.18603515625,447704
2023-10-26,1160.5,1161.0,1146.2750244140625,1147.699951171875,1126.027587890625,560530
2023-10-27,1151.425048828125,1167.199951171875,1148.050048828125,1158.4000244140625,1136.525634765625,844526
2023-10-30,1165.0,1165.0,1149.5,1156.074951171875,1134.2445068359375,623548
2023-10-31,1182.0,1239.0,1175.175048828125,1229.0,1205.7923583984375,4629484
2023-11-01,1226.0,1232.5,1200.824951171875,1203.175048828125,1180.4552001953125,1131352
2023-11-02,1215.0,1218.175048828125,1197.625,1214.1500244140625,1191.2227783203125,475760
2023-11-03,1218.9000244140625,1229.5,1207.175048828125,1227.75,1204.56591796875,319926
2023-11-06,1235.0,1235.7249755859375,1210.4749755859375,1216.8499755859375,1193.8719482421875,650950
2023-11-07,1223.4749755859375,1223.4749755859375,1210.5,1219.1500244140625,1196.12841796875,357274
2023-11-08,1232.0,1244.375,1218.625,1236.574951171875,1213.224365234375,701360
2023-11-09,1232.550048828125,1250.0,1225.25,1228.7750244140625,1205.5716552734375,1347756
2023-11-10,1228.7750244140625,1235.0,1209.4000244140625,1216.175048828125,1193.2095947265625,652400
2023-11-13,1222.4000244140625,1223.925048828125,1210.949951171875,1214.300048828125,1191.3699951171875,363606
2023-11-15,1214.5,1234.824951171875,1210.425048828125,1230.1500244140625,1206.9207763671875,810614
2023-11-16,1230.25,1233.074951171875,1223.0250244140625,1229.550048828125,1206.33203125,350008
2023-11-17,1234.425048828125,1267.1500244140625,1232.5250244140625,1255.1500244140625,1231.44873046875,1573676
2023-11-20,1255.1500244140625,1260.0,1238.125,1241.7750244140625,1218.3262939453125,416130
2023-11-21,1242.0,1252.375,1235.824951171875,1247.800048828125,1224.2374267578125,451986
2023-11-22,1247.7750244140625,1253.9000244140625,1239.0250244140625,1244.175048828125,1220.6807861328125,286336
2023-11-23,1244.175048828125,1258.0,1241.4749755859375,1254.6500244140625,1230.9581298828125,506884
2023-11-24,1257.949951171875,1258.2249755859375,1241.0,1252.050048828125,1228.4072265625,495496
2023-11-28,1245.5,1257.1500244140625,1240.875,1244.0250244140625,1220.53369140625,458588
2023-11-29,1244.4749755859375,1257.949951171875,1242.5,1251.800048828125,1228.1619873046875,770168
2023-11-30,1251.800048828125,1281.800048828125,1243.5,1276.175048828125,1252.0765380859375,1788844
2023-12-01,1285.0,1288.074951171875,1272.0250244140625,1281.074951171875,1256.8839111328125,601000
2023-12-04,1288.0,1291.0,1273.0,1276.7249755859375,1252.6162109375,713860
2023-12-05,1277.5,1294.199951171875,1272.824951171875,1285.5,1261.2254638671875,729150
2023-12-06,1294.9749755859375,1308.0999755859375,1285.0,1288.074951171875,1263.7518310546875,878562
2023-12-07,1295.0,1314.0,1291.5250244140625,1294.425048828125,1269.98193359375,837144
2023-12-08,1303.5,1303.5,1272.5,1280.824951171875,1256.6387939453125,431860
2023-12-11,1280.824951171875,1283.9000244140625,1267.8499755859375,1272.7750244140625,1248.74072265625,505516
2023-12-12,1273.0250244140625,1307.4000244140625,1273.0250244140625,1303.75,1279.1307373046875,1411000
2023-12-13,1310.675048828125,1324.5,1288.0,1311.625,1286.857177734375,1262340
2023-12-14,1316.675048828125,1319.0,1300.0,1317.1500244140625,1292.27783203125,902612
2023-12-15,1317.1500244140625,1328.4749755859375,1311.9749755859375,1325.5250244140625,1300.49462890625,1031198
2023-12-18,1325.5,1333.449951171875,1321.5,1323.75,1298.753173828125,929182
2023-12-19,1323.75,1330.5,1309.449951171875,1324.375,1299.3663330078125,779602
2023-12-20,1331.0,1335.5,1284.425048828125,1292.0999755859375,1267.700927734375,1195730
2023-12-21,1282.550048828125,1311.0,1273.925048828125,1308.050048828125,1283.349609375,403892
2023-12-22,1308.074951171875,1324.925048828125,1306.074951171875,1321.7249755859375,1296.7664794921875,474854
2023-12-26,1322.5,1340.0,1318.0,1333.9749755859375,1308.7850341796875,426968
2023-12-27,1336.5,1358.5250244140625,1333.9749755859375,1349.550048828125,1324.0660400390625,975078
2023-12-28,1359.949951171875,1361.7249755859375,1348.0250244140625,1354.1500244140625,1328.5792236328125,819280
2023-12-29,1355.0,1376.800048828125,1339.2750244140625,1357.550048828125,1331.9149169921875,1382090
2024-01-01,1368.550048828125,1368.550048828125,1346.7249755859375,1348.75,1323.2811279296875,261916
2024-01-02,1347.5,1374.5,1330.75,1368.8499755859375,1343.0015869140625,535664
2024-01-03,1374.5,1396.0,1364.0250244140625,1386.125,1359.950439453125,695660
2024-01-04,1389.0,1395.1500244140625,1375.1500244140625,1384.5250244140625,1358.380615234375,600004
2024-01-05,1382.7750244140625,1384.5250244140625,1357.199951171875,1361.300048828125,1335.59423828125,754218
2024-01-08,1369.4749755859375,1369.4749755859375,1346.300048828125,1357.324951171875,1331.6942138671875,537900
2024-01-09,1367.375,1370.4749755859375,1355.8499755859375,1362.050048828125,1336.330078125,546446
2024-01-10,1356.0,1365.5,1348.5250244140625,1354.6500244140625,1329.0697021484375,549666
2024-01-11,1352.5,1372.25,1349.0999755859375,1370.2750244140625,1344.399658203125,464746
2024-01-12,1372.074951171875,1377.5,1355.0250244140625,1367.550048828125,1341.7261962890625,371252
2024-01-15,1362.5,1386.7750244140625,1358.5,1377.125,1351.1202392578125,1438528
2024-01-16,1375.550048828125,1402.5,1365.0,1397.7750244140625,1371.38037109375,831476
2024-01-17,1394.5,1394.5,1360.4000244140625,1378.875,1352.83740234375,1522374
2024-01-18,1371.0,1375.125,1337.5,1349.199951171875,1323.7225341796875,936264
2024-01-19,1352.75,1355.9749755859375,1338.550048828125,1343.8499755859375,1318.4737548828125,1255886
2024-01-23,1337.449951171875,1345.4749755859375,1244.050048828125,1261.300048828125,1237.4825439453125,2538552
2024-01-24,1315.0,1330.074951171875,1265.0,1296.0250244140625,1271.5517578125,4282538
2024-01-25,1304.0,1305.0,1284.4749755859375,1295.074951171875,1270.61962890625,1515256
2024-01-29,1292.5,1304.625,1277.625,1284.6500244140625,1260.3916015625,2032292
2024-01-30,1284.6500244140625,1309.375,1278.0,1283.8499755859375,1259.606689453125,2334430
2024-01-31,1285.5250244140625,1291.574951171875,1260.0,1266.5250244140625,1242.60888671875,6835472
2024-02-01,1270.9749755859375,1277.0,1253.0250244140625,1255.2249755859375,1231.5220947265625,712004
2024-02-02,1263.9749755859375,1270.6500244140625,1251.625,1257.675048828125,1233.926025390625,806458
2024-02-05,1257.699951171875,1283.0,1255.574951171875,1277.0999755859375,1252.9840087890625,4455338
2024-02-06,1280.0,1309.5,1277.1500244140625,1307.2249755859375,1282.540283203125,1633404
2024-02-07,1324.0,1362.0,1317.0250244140625,1347.925048828125,1322.4718017578125,2122142
2024-02-08,1342.550048828125,1362.0250244140625,1302.0,1311.25,1286.4892578125,633200
2024-02-09,1311.5,1333.5,1305.050048828125,1328.9749755859375,1303.8795166015625,555122
2024-02-12,1332.425048828125,1341.9000244140625,1325.0,1335.1500244140625,1309.9378662109375,729236
2024-02-13,1335.0,1343.449951171875,1325.0,1335.6500244140625,1310.4285888671875,365160
2024-02-14,1330.0,1339.7249755859375,1320.425048828125,1331.5999755859375,1306.454833984375,655186
2024-02-15,1331.5999755859375,1341.0,1321.0,1326.7750244140625,1301.7210693359375,759422
2024-02-16,1326.75,1357.4749755859375,1326.75,1355.550048828125,1329.9527587890625,1157958
2024-02-19,1355.800048828125,1364.0,1350.4000244140625,1355.574951171875,1329.9771728515625,727910
2024-02-20,1346.0,1375.0,1346.0,1372.800048828125,1346.8770751953125,716684
2024-02-21,1378.5,1378.5,1355.7750244140625,1364.574951171875,1338.8072509765625,494472
2024-02-22,1360.0999755859375,1366.0,1354.0250244140625,1359.1500244140625,1333.48486328125,520248
2024-02-23,1361.0,1379.5,1354.125,1370.074951171875,1344.203369140625,447252
2024-02-26,1370.75,1372.5,1355.050048828125,1358.699951171875,1333.0430908203125,483022
2024-02-27,1358.699951171875,1369.574951171875,1350.550048828125,1365.9749755859375,1340.1807861328125,413172
2024-02-28,1365.050048828125,1366.050048828125,1342.5,1350.925048828125,1325.4150390625,1419228
2024-02-29,1352.1500244140625,1372.7249755859375,1330.050048828125,1368.0,1342.1676025390625,1046062
2024-03-01,1376.9749755859375,1384.4749755859375,1370.0,1378.75,1352.7147216796875,621866
2024-03-04,1371.0999755859375,1378.1500244140625,1348.25,1351.0250244140625,1325.5133056640625,409060
2024-03-05,1351.050048828125,1363.7249755859375,1345.0,1349.8499755859375,1324.3603515625,448600
2024-03-06,1349.8499755859375,1420.0,1348.5,1415.7750244140625,1389.04052734375,3148778
2024-03-07,1417.550048828125,1481.3499755859375,1408.6500244140625,1432.925048828125,1405.8665771484375,3875992
2024-03-11,1437.5,1463.949951171875,1436.675048828125,1453.199951171875,1425.7587890625,1192784
2024-03-12,1456.2750244140625,1459.0,1425.0,1427.949951171875,1400.9854736328125,496166
2024-03-13,1436.6500244140625,1448.7249755859375,1399.449951171875,1411.5999755859375,1384.9443359375,954900
2024-03-14,1410.4749755859375,1440.0,1386.625,1430.5,1403.4874267578125,638902
2024-03-15,1435.0,1447.0,1409.5,1434.0,1406.9212646484375,939486
2024-03-18,1434.0,1473.449951171875,1430.0,1462.625,1435.0057373046875,1171236
2024-03-19,1462.625,1462.625,1433.550048828125,1445.699951171875,1418.400390625,548018
2024-03-20,1442.550048828125,1445.4749755859375,1410.199951171875,1435.9000244140625,1408.785400390625,526110
2024-03-21,1436.0,1454.2249755859375,1428.4749755859375,1450.699951171875,1423.305908203125,708558
2024-03-22,1453.7249755859375,1484.675048828125,1452.2249755859375,1480.050048828125,1452.101806640625,1246786
2024-03-26,1490.9000244140625,1504.9749755859375,1479.925048828125,1500.800048828125,1472.4599609375,2070852
2024-03-27,1515.574951171875,1517.4000244140625,1491.25,1496.1500244140625,1467.897705078125,740138
2024-03-28,1498.875,1518.6500244140625,1482.25,1507.3499755859375,1478.8861083984375,1323046
2024-04-01,1521.449951171875,1537.0,1510.050048828125,1525.7750244140625,1496.9632568359375,740830
2024-04-02,1525.7750244140625,1527.5,1495.3499755859375,1499.875,1471.5523681640625,844190
2024-04-03,1504.949951171875,1509.574951171875,1488.425048828125,1501.449951171875,1473.09765625,639838
2024-04-04,1505.7750244140625,1512.25,1496.050048828125,1498.9000244140625,1470.595703125,642146
2024-04-05,1498.9000244140625,1508.375,1490.25,1500.4000244140625,1472.0675048828125,433824
2024-04-08,1500.75,1524.5,1490.7249755859375,1522.0999755859375,1493.3577880859375,465712
2024-04-09,1522.2249755859375,1527.449951171875,1498.050048828125,1507.2750244140625,1478.8126220703125,251706
2024-04-10,1507.050048828125,1513.699951171875,1499.0,1500.050048828125,1471.72412109375,293628
2024-04-12,1500.0,1510.5999755859375,1490.0,1492.925048828125,1464.733642578125,370730
2024-04-15,1466.0,1475.800048828125,1436.5,1441.6500244140625,1414.4268798828125,695148
2024-04-16,1440.925048828125,1449.125,1426.5,1439.550048828125,1412.3665771484375,374308
2024-04-18,1443.7249755859375,1460.875,1430.2750244140625,1435.9000244140625,1408.785400390625,656250
2024-04-19,1429.5250244140625,1430.0,1402.300048828125,1415.3499755859375,1388.6234130859375,1337600
2024-04-22,1418.5250244140625,1455.5,1417.5250244140625,1449.0250244140625,1421.66259765625,455130
2024-04-23,1459.925048828125,1462.5,1437.7750244140625,1457.199951171875,1429.68310546875,759388
2024-04-24,1466.7750244140625,1488.449951171875,1463.5,1475.199951171875,1447.34326171875,566040
2024-04-25,1475.0,1475.199951171875,1455.199951171875,1459.7249755859375,1432.1605224609375,582190
2024-04-26,1460.0,1502.4749755859375,1458.199951171875,1491.25,1463.0902099609375,500256
2024-04-29,1495.0,1513.0,1492.5999755859375,1510.550048828125,1482.02587890625,675754
2024-04-30,1512.574951171875,1540.875,1506.824951171875,1524.5,1495.71240234375,954296
2024-05-02,1524.5,1559.0,1482.824951171875,1494.0250244140625,1465.8128662109375,1090414
2024-05-03,1504.8499755859375,1511.75,1468.5,1476.4000244140625,1448.5206298828125,654750
2024-05-06,1470.0999755859375,1481.7750244140625,1467.050048828125,1476.6500244140625,1448.7659912109375,420464
2024-05-07,1476.6500244140625,1482.7750244140625,1465.2750244140625,1475.125,1447.269775390625,619732
2024-05-08,1467.75,1482.449951171875,1388.5,1407.5250244140625,1380.9462890625,2665086
2024-05-09,1407.5250244140625,1453.5,1407.0,1418.675048828125,1391.8857421875,1393488
2024-05-10,1432.9749755859375,1468.5,1422.550048828125,1459.9749755859375,1432.40576171875,1110296
2024-05-13,1452.125,1489.0,1451.5250244140625,1482.925048828125,1454.922607421875,772476
2024-05-14,1487.9749755859375,1497.5,1480.5250244140625,1491.875,1463.7034912109375,550228
2024-05-15,1492.5,1500.5,1477.5,1493.7249755859375,1465.5184326171875,654588
2024-05-16,1495.125,1515.0,1491.8499755859375,1509.050048828125,1480.55419921875,1204664
2024-05-17,1509.050048828125,1517.3499755859375,1489.0250244140625,1493.4749755859375,1465.2733154296875,547086
2024-05-21,1491.550048828125,1518.875,1485.425048828125,1507.625,1479.156005859375,1457068
2024-05-22,1514.9000244140625,1531.5,1500.0,1505.4749755859375,1477.046630859375,1344772
2024-05-23,1505.0250244140625,1512.9000244140625,1485.1500244140625,1494.5999755859375,1466.376953125,535682
2024-05-24,1501.574951171875,1505.175048828125,1473.0,1486.0250244140625,1457.9639892578125,1538750
2024-05-27,1487.324951171875,1515.0,1486.0250244140625,1509.949951171875,1481.4371337890625,647032
2024-05-28,1519.0,1535.9749755859375,1509.9000244140625,1523.925048828125,1495.1483154296875,826230
2024-05-29,1523.7750244140625,1525.0,1507.5,1518.5,1489.8255615234375,539556
2024-05-30,1514.9000244140625,1522.449951171875,1492.5,1499.4000244140625,1471.08642578125,848622
2024-05-31,1499.4000244140625,1499.425048828125,1460.0,1484.75,1456.7130126953125,2474666
2024-06-03,1517.5,1517.5,1477.4000244140625,1492.300048828125,1464.1204833984375,838280
2024-06-04,1492.5,1543.175048828125,1453.625,1531.0999755859375,1502.1876220703125,1426050
2024-06-05,1532.0,1615.5,1525.0,1583.0999755859375,1553.205810546875,1265760
2024-06-06,1570.5,1582.2750244140625,1542.0,1544.5999755859375,1515.432861328125,797294
2024-06-07,1555.675048828125,1571.5,1544.699951171875,1561.8499755859375,1532.3570556640625,1414472
2024-06-10,1577.0,1596.5,1556.5,1587.0250244140625,1557.0567626953125,774552
2024-06-11,1587.5,1602.5,1580.1500244140625,1587.699951171875,1557.7188720703125,657866
2024-06-12,1591.375,1592.0,1535.7750244140625,1539.25,1510.183837890625,1374134
2024-06-13,1550.0,1551.800048828125,1532.0250244140625,1539.300048828125,1510.23291015625,1342674
2024-06-14,1545.0,1562.425048828125,1544.449951171875,1554.9000244140625,1525.5384521484375,732768
2024-06-18,1555.0,1569.5,1552.25,1561.300048828125,1531.817626953125,671824
2024-06-19,1564.5,1574.0,1550.675048828125,1558.5999755859375,1529.1683349609375,618866
2024-06-20,1560.0,1579.0250244140625,1547.675048828125,1566.2249755859375,1536.6494140625,937412
2024-06-21,1575.0,1576.7249755859375,1557.0250244140625,1572.2249755859375,1542.5361328125,828600
2024-06-24,1569.75,1569.75,1550.0,1553.550048828125,1524.2138671875,539008
2024-06-25,1554.050048828125,1572.9749755859375,1554.050048828125,1569.300048828125,1539.6663818359375,443632
2024-06-26,1571.324951171875,1600.0,1570.4749755859375,1586.9749755859375,1557.007568359375,1042538
2024-06-27,1592.5250244140625,1593.800048828125,1566.5,1571.9749755859375,1542.291015625,587038
2024-06-28,1571.9749755859375,1596.324951171875,1571.9749755859375,1579.4749755859375,1549.649169921875,575592
2024-07-01,1577.824951171875,1585.9000244140625,1554.0,1560.699951171875,1531.228759765625,480586
2024-07-02,1555.0,1565.9749755859375,1534.175048828125,1542.574951171875,1513.4459228515625,1238448
2024-07-03,1547.4749755859375,1562.125,1538.425048828125,1555.9749755859375,1526.593017578125,815704
2024-07-04,1554.949951171875,1566.925048828125,1546.125,1548.699951171875,1519.4554443359375,427052
2024-07-05,1548.699951171875,1555.699951171875,1540.0,1549.875,1520.6082763671875,397342
2024-07-08,1549.875,1552.5,1528.0,1534.5,1505.5235595703125,407226
2024-07-09,1535.0,1560.5,1535.0,1556.949951171875,1527.5496826171875,718064
2024-07-10,1563.5,1600.925048828125,1560.699951171875,1580.824951171875,1550.9737548828125,1274366
2024-07-11,1582.4749755859375,1587.0,1561.675048828125,1580.7249755859375,1550.8756103515625,516284
2024-07-12,1580.7249755859375,1586.949951171875,1568.324951171875,1573.824951171875,1544.10595703125,443820
2024-07-15,1575.0,1596.6500244140625,1570.0,1585.5,1555.560546875,512136
2024-07-16,1589.4749755859375,1597.5,1574.2750244140625,1587.574951171875,1557.59619140625,470170
2024-07-18,1592.0,1613.5,1575.449951171875,1596.699951171875,1566.549072265625,821876
2024-07-19,1596.699951171875,1621.5250244140625,1560.7249755859375,1567.375,1537.7777099609375,856470
2024-07-22,1570.0,1577.5,1553.300048828125,1575.175048828125,1545.430419921875,404598
2024-07-23,1575.175048828125,1600.5,1549.625,1588.199951171875,1558.20947265625,706202
2024-07-24,1582.050048828125,1587.0,1548.625,1554.449951171875,1532.8177490234375,340010
2024-07-25,1550.5,1557.574951171875,1540.699951171875,1554.7750244140625,1533.1383056640625,488454
2024-07-26,1557.7750244140625,1574.4749755859375,1555.074951171875,1567.675048828125,1545.8587646484375,351608
2024-07-29,1571.199951171875,1580.9749755859375,1565.0250244140625,1575.925048828125,1553.9940185546875,337280
2024-07-30,1576.5,1615.0,1570.574951171875,1578.0,1556.0401611328125,854634
2024-07-31,1580.0,1607.425048828125,1578.0,1593.199951171875,1571.028564453125,613010
2024-08-01,1596.0250244140625,1603.425048828125,1557.625,1560.6500244140625,1538.931640625,444694
2024-08-02,1559.949951171875,1577.5,1555.0,1567.0250244140625,1545.2178955078125,313198
2024-08-05,1550.0,1568.7249755859375,1531.4000244140625,1536.4749755859375,1515.093017578125,528232
2024-08-06,1532.574951171875,1566.4749755859375,1521.800048828125,1527.625,1506.3660888671875,426762
2024-08-07,1541.7750244140625,1598.0,1528.0,1576.425048828125,1554.487060546875,1396638
2024-08-08,1592.125,1639.4749755859375,1575.0,1584.1500244140625,1562.1046142578125,2794936
2024-08-09,1603.949951171875,1606.449951171875,1550.0,1566.574951171875,1544.7740478515625,773512
2024-08-12,1565.0,1565.0,1520.074951171875,1525.9000244140625,1504.6651611328125,874924
2024-08-13,1515.25,1534.175048828125,1511.0250244140625,1523.550048828125,1502.347900390625,363274
2024-08-14,1524.5,1530.0,1499.7249755859375,1515.375,1494.28662109375,426086
2024-08-16,1525.0,1531.0,1512.550048828125,1528.675048828125,1507.4014892578125,477280
2024-08-19,1544.0,1544.300048828125,1525.5,1528.300048828125,1507.03173828125,346330
2024-08-20,1539.0,1541.625,1525.1500244140625,1533.2249755859375,1511.88818359375,388404
2024-08-21,1534.2750244140625,1542.5,1521.75,1528.875,1507.5987548828125,375864
2024-08-22,1534.5,1571.0,1532.5,1563.550048828125,1541.791259765625,769968
2024-08-23,1567.449951171875,1567.449951171875,1540.0,1542.324951171875,1520.861572265625,336940
2024-08-26,1542.324951171875,1555.9749755859375,1530.925048828125,1554.324951171875,1532.6944580078125,244820
2024-08-27,1553.9749755859375,1557.5,1540.0,1549.574951171875,1528.0106201171875,258090
2024-08-28,1557.5,1557.5,1535.2750244140625,1541.574951171875,1520.1219482421875,366330
2024-08-29,1540.050048828125,1547.5,1523.5250244140625,1540.425048828125,1518.988037109375,419584
2024-08-30,1540.425048828125,1569.25,1535.550048828125,1561.6500244140625,1539.9176025390625,956332
2024-09-02,1575.0,1590.875,1567.800048828125,1581.0999755859375,1559.096923828125,874644
2024-09-03,1583.9749755859375,1608.625,1581.175048828125,1586.7750244140625,1564.6929931640625,1208708
2024-09-04,1586.0,1623.300048828125,1586.0,1607.4749755859375,1585.10498046875,1911688
2024-09-05,1607.4749755859375,1612.949951171875,1590.75,1604.5999755859375,1582.2698974609375,1174448
2024-09-06,1605.0,1629.5,1602.5,1616.8499755859375,1594.349365234375,883120
2024-09-09,1627.0,1650.699951171875,1610.050048828125,1636.9749755859375,1614.1943359375,1353670
2024-09-10,1642.0,1644.9749755859375,1613.550048828125,1615.7249755859375,1593.239990234375,552594
2024-09-11,1634.9749755859375,1648.375,1624.949951171875,1627.1500244140625,1604.506103515625,1069618
2024-09-12,1625.0,1640.0,1610.5,1634.824951171875,1612.0743408203125,934088
2024-09-13,1634.5,1665.5,1620.5,1655.0,1631.968505859375,1234854
2024-09-16,1660.0,1660.0,1639.175048828125,1652.375,1629.380126953125,738654
2024-09-17,1654.9749755859375,1655.5,1631.675048828125,1634.550048828125,1611.80322265625,234730
2024-09-18,1635.0250244140625,1635.5250244140625,1580.550048828125,1596.1500244140625,1573.9376220703125,423006
2024-09-19,1612.5,1624.800048828125,1592.5,1622.0,1599.4278564453125,539508
2024-09-20,1624.5999755859375,1649.175048828125,1612.5,1643.550048828125,1620.677978515625,1112242
2024-09-23,1649.449951171875,1652.4000244140625,1638.8499755859375,1647.675048828125,1624.7454833984375,327590
2024-09-24,1647.675048828125,1663.925048828125,1627.0,1632.5250244140625,1609.8062744140625,368900
2024-09-25,1632.5250244140625,1635.0,1608.5,1628.3499755859375,1605.689453125,292236
2024-09-26,1628.3499755859375,1651.574951171875,1623.0,1644.824951171875,1621.93505859375,892940
2024-09-27,1647.5,1685.25,1637.324951171875,1681.7249755859375,1658.3216552734375,1743164
2024-09-30,1692.0,1707.5,1675.074951171875,1679.699951171875,1656.3248291015625,1116886
2024-10-01,1693.574951171875,1698.199951171875,1665.5999755859375,1670.074951171875,1646.8336181640625,646910
2024-10-03,1620.0,1662.0,1620.0,1649.9000244140625,1626.9395751953125,1188000
2024-10-04,1635.0,1649.5,1596.2249755859375,1604.4000244140625,1582.07275390625,718538
2024-10-07,1613.5,1613.5,1569.5250244140625,1576.6500244140625,1554.708984375,497922
2024-10-08,1578.625,1595.949951171875,1551.0999755859375,1592.625,1570.4615478515625,950464
2024-10-09,1607.175048828125,1619.699951171875,1585.0250244140625,1587.1500244140625,1565.0628662109375,549608
2024-10-10,1590.0,1596.0999755859375,1564.0,1568.8499755859375,1547.0174560546875,260288
2024-10-11,1579.949951171875,1579.949951171875,1551.175048828125,1555.0999755859375,1533.458740234375,511880
2024-10-14,1566.5,1573.9749755859375,1550.1500244140625,1565.7249755859375,1543.9359130859375,954998
2024-10-15,1583.0,1608.5,1570.25,1581.875,1559.8612060546875,1551610
2024-10-16,1585.0,1595.2249755859375,1570.5250244140625,1590.050048828125,1567.9224853515625,341744
2024-10-17,1590.0,1602.0,1571.0,1577.2249755859375,1555.27587890625,914226
2024-10-18,1577.2249755859375,1652.199951171875,1577.2249755859375,1592.0,1569.8453369140625,2126268
2024-10-21,1592.0,1602.375,1568.125,1576.75,1554.8074951171875,461032
2024-10-22,1577.5,1591.7249755859375,1555.0,1563.7249755859375,1541.9637451171875,485932
2024-10-23,1562.0,1577.175048828125,1541.25,1545.3499755859375,1523.844482421875,324994
2024-10-24,1568.0,1610.0,1539.5250244140625,1560.7750244140625,1539.054931640625,2002320
2024-10-25,1573.199951171875,1606.25,1567.5,1589.4749755859375,1567.35546875,960150
2024-10-28,1604.0,1604.0,1575.800048828125,1580.824951171875,1558.82568359375,474894
2024-10-29,1580.824951171875,1586.699951171875,1539.5250244140625,1554.5,1532.8671875,822862
2024-10-30,1566.4749755859375,1587.0,1550.5,1576.800048828125,1554.8568115234375,652364
2024-10-31,1576.800048828125,1594.2750244140625,1559.800048828125,1572.925048828125,1551.0357666015625,578654
2024-11-01,1574.9749755859375,1584.175048828125,1573.0,1579.375,1557.39599609375,32000
2024-11-04,1579.375,1584.0,1545.5,1560.2750244140625,1538.561767578125,433304
2024-11-05,1557.574951171875,1571.9749755859375,1540.9000244140625,1552.2750244140625,1530.673095703125,482506
2024-11-06,1555.0,1596.550048828125,1552.2750244140625,1590.4000244140625,1568.267578125,350574
2024-11-07,1598.5,1610.0,1566.824951171875,1579.175048828125,1557.1988525390625,421758
2024-11-08,1584.175048828125,1587.75,1558.5,1562.8499755859375,1541.1009521484375,214736
2024-11-11,1555.625,1564.7750244140625,1541.0,1549.824951171875,1528.2572021484375,220322
2024-11-12,1551.0,1560.425048828125,1516.2750244140625,1520.1500244140625,1498.9952392578125,402926
2024-11-13,1512.5,1519.1500244140625,1484.1500244140625,1494.2750244140625,1473.480224609375,386770
2024-11-14,1500.0,1519.9749755859375,1484.824951171875,1510.8499755859375,1489.824462890625,598780
2024-11-18,1537.5,1537.6500244140625,1503.5250244140625,1509.6500244140625,1488.641357421875,584454
2024-11-19,1504.6500244140625,1515.7750244140625,1490.7750244140625,1500.949951171875,1480.062255859375,369528
2024-11-21,1509.5,1510.0,1462.949951171875,1469.0250244140625,1448.5816650390625,433346
2024-11-22,1465.2750244140625,1494.0,1458.449951171875,1478.2750244140625,1457.702880859375,470010
2024-11-25,1490.0,1515.5250244140625,1481.074951171875,1493.0999755859375,1472.321533203125,1507648
2024-11-26,1505.0,1514.425048828125,1495.074951171875,1506.0250244140625,1485.0667724609375,274090
2024-11-27,1506.0250244140625,1532.5,1493.0,1522.875,1501.6822509765625,373960
2024-11-28,1531.5,1531.5,1500.574951171875,1521.949951171875,1500.77001953125,615122
2024-11-29,1522.5,1537.425048828125,1515.699951171875,1533.0999755859375,1511.764892578125,443864
2024-12-02,1533.125,1572.375,1528.050048828125,1566.25,1544.45361328125,406440
2024-12-03,1566.824951171875,1582.4749755859375,1542.8499755859375,1574.5,1552.5888671875,596990
2024-12-04,1574.0,1604.2750244140625,1565.375,1602.375,1580.075927734375,847642
2024-12-05,1610.0,1620.0,1583.0250244140625,1595.9749755859375,1573.764892578125,629424
2024-12-06,1591.0,1598.0999755859375,1574.2750244140625,1581.125,1559.1217041015625,345340
2024-12-09,1576.5,1584.324951171875,1560.0,1580.375,1558.382080078125,462080
2024-12-10,1575.5,1609.5,1575.050048828125,1606.574951171875,1584.2174072265625,586344
2024-12-11,1617.425048828125,1617.425048828125,1588.5,1595.5999755859375,1573.3951416015625,381924
2024-12-12,1596.300048828125,1607.5,1580.7750244140625,1595.050048828125,1572.8529052734375,307906
2024-12-13,1591.9000244140625,1599.9749755859375,1567.5250244140625,1592.5999755859375,1570.4368896484375,392084
2024-12-16,1600.0,1607.175048828125,1588.5,1596.925048828125,1574.7017822265625,338962
2024-12-17,1595.2750244140625,1595.2750244140625,1536.4749755859375,1540.675048828125,1519.234619140625,902048
2024-12-18,1541.0,1549.125,1525.5,1528.824951171875,1507.5494384765625,392732
2024-12-19,1519.0250244140625,1519.0250244140625,1491.175048828125,1494.5,1473.7021484375,491210
2024-12-20,1494.949951171875,1509.449951171875,1482.9749755859375,1488.4000244140625,1467.68701171875,597916
2024-12-23,1500.0,1501.925048828125,1472.0,1475.9000244140625,1455.3609619140625,758920
2024-12-24,1480.0,1494.800048828125,1478.0250244140625,1484.949951171875,1464.284912109375,639264
2024-12-26,1484.949951171875,1491.9749755859375,1463.0,1466.2249755859375,1445.820556640625,543386
2024-12-27,1467.5250244140625,1479.0,1454.675048828125,1457.199951171875,1436.921142578125,479502
2024-12-30,1459.9749755859375,1473.5,1433.050048828125,1455.2750244140625,1435.02294921875,2624688
2024-12-31,1454.675048828125,1467.199951171875,1439.5250244140625,1452.125,1431.9168701171875,494348
2025-01-01,1452.125,1462.5,1427.5,1431.8499755859375,1411.9239501953125,981050
2025-01-02,1441.699951171875,1466.0,1431.5250244140625,1463.324951171875,1442.9609375,1176434
2025-01-03,1468.0,1479.800048828125,1454.550048828125,1466.175048828125,1445.7713623046875,1123924
2025-01-06,1466.550048828125,1473.9749755859375,1435.0,1447.375,1427.23291015625,891568
2025-01-07,1447.3499755859375,1482.199951171875,1447.3499755859375,1463.800048828125,1443.429443359375,738948
2025-01-08,1465.0,1474.375,1439.0999755859375,1454.0,1433.7657470703125,851086
2025-01-09,1456.324951171875,1484.324951171875,1453.0,1479.125,1458.541015625,994948
2025-01-10,1479.125,1489.5,1449.5,1450.675048828125,1430.487060546875,391346
2025-01-13,1432.5,1439.5,1395.5,1398.3499755859375,1378.89013671875,745352
2025-01-14,1400.5,1409.8499755859375,1393.175048828125,1404.4749755859375,1384.9298095703125,567936
2025-01-15,1414.300048828125,1418.875,1395.5250244140625,1401.375,1381.873046875,529870
2025-01-16,1412.0,1418.5,1385.925048828125,1392.5,1373.12158203125,304234
2025-01-17,1385.0250244140625,1421.125,1380.050048828125,1406.675048828125,1387.0992431640625,466682
2025-01-20,1417.0,1417.0,1391.7249755859375,1393.875,1374.4774169921875,404924
2025-01-21,1400.0,1407.4749755859375,1370.0,1374.8499755859375,1355.7171630859375,719224
2025-01-22,1378.449951171875,1382.5,1362.550048828125,1377.375,1358.20703125,626882
2025-01-23,1400.4749755859375,1498.5999755859375,1400.4749755859375,1454.824951171875,1434.5792236328125,4625514
2025-01-24,1454.824951171875,1471.5,1420.5,1427.2750244140625,1407.41259765625,600300
2025-01-27,1410.0,1442.324951171875,1400.7750244140625,1433.5,1413.5509033203125,659958
2025-01-28,1433.5250244140625,1443.2249755859375,1426.0250244140625,1432.050048828125,1412.1212158203125,488532
2025-01-29,1442.0,1449.0,1425.1500244140625,1445.5250244140625,1425.40869140625,414882
2025-01-30,1445.5250244140625,1449.9749755859375,1421.0,1443.2750244140625,1423.1900634765625,395016
2025-01-31,1443.2249755859375,1452.25,1422.5,1435.8499755859375,1415.8682861328125,627482
2025-02-01,1432.0,1504.2750244140625,1430.074951171875,1473.625,1453.11767578125,329360
2025-02-03,1473.625,1486.300048828125,1455.6500244140625,1480.375,1459.773681640625,494688
2025-02-04,1485.0,1491.050048828125,1458.125,1463.4749755859375,1443.10888671875,649426
2025-02-05,1460.7750244140625,1470.0,1440.574951171875,1444.5999755859375,1424.4964599609375,367530
2025-02-06,1447.5,1458.925048828125,1436.800048828125,1449.7750244140625,1429.5994873046875,367784
2025-02-07,1450.0,1456.7249755859375,1423.300048828125,1435.300048828125,1415.3260498046875,397784
2025-02-10,1425.5,1465.0,1425.5,1434.0250244140625,1414.0687255859375,318192
2025-02-11,1430.0250244140625,1433.949951171875,1414.375,1425.5250244140625,1405.6871337890625,390106
2025-02-12,1425.25,1426.550048828125,1401.0,1414.25,1394.5689697265625,252722
2025-02-13,1414.0,1425.0,1401.5,1409.050048828125,1389.4412841796875,236320
2025-02-14,1407.7249755859375,1414.4749755859375,1388.050048828125,1403.0999755859375,1383.5740966796875,205586
2025-02-17,1381.5,1397.9749755859375,1375.0,1390.8499755859375,1371.4945068359375,342438
2025-02-18,1385.574951171875,1402.449951171875,1379.0,1383.2750244140625,1364.0250244140625,464820
2025-02-19,1381.5,1386.425048828125,1368.199951171875,1384.3499755859375,1365.0849609375,331672
2025-02-20,1384.3499755859375,1414.574951171875,1375.0250244140625,1410.75,1391.11767578125,1005774
2025-02-21,1412.4749755859375,1415.75,1383.7750244140625,1397.8499755859375,1378.3970947265625,1153982
2025-02-24,1378.5,1389.0999755859375,1363.5250244140625,1380.9000244140625,1361.6829833984375,738772
2025-02-25,1380.5,1382.5,1345.5,1348.25,1329.4873046875,754522
2025-02-27,1349.625,1358.949951171875,1330.050048828125,1338.550048828125,1319.92236328125,496562
2025-02-28,1338.449951171875,1338.449951171875,1321.0,1328.949951171875,1310.455810546875,990394
2025-03-03,1328.949951171875,1348.449951171875,1311.0999755859375,1340.6500244140625,1321.9931640625,650858
2025-03-04,1336.0,1354.1500244140625,1321.2249755859375,1349.324951171875,1330.54736328125,698790
2025-03-05,1346.300048828125,1369.050048828125,1338.699951171875,1346.4749755859375,1327.737060546875,1466732
2025-03-06,1353.574951171875,1376.0,1353.574951171875,1369.0250244140625,1349.9732666015625,1148818
2025-03-07,1366.5,1382.875,1362.5999755859375,1375.5999755859375,1356.4566650390625,869066
2025-03-10,1375.5999755859375,1393.324951171875,1360.0,1366.25,1347.2369384765625,622806
2025-03-11,1348.675048828125,1369.375,1348.675048828125,1361.1500244140625,1342.2078857421875,809256
2025-03-12,1366.5,1380.9749755859375,1358.324951171875,1374.6500244140625,1355.52001953125,711330
2025-03-13,1375.199951171875,1381.625,1360.449951171875,1364.949951171875,1345.9549560546875,698834
2025-03-17,1374.675048828125,1380.949951171875,1363.425048828125,1374.449951171875,1355.32275390625,313582
2025-03-18,1374.449951171875,1374.449951171875,1374.449951171875,1374.449951171875,1355.32275390625,0
2025-03-19,1375.0,1379.5,1363.375,1365.925048828125,1346.91650390625,484702
2025-03-20,1372.0,1386.925048828125,1362.9749755859375,1379.550048828125,1360.351806640625,629482
2025-03-21,1381.5999755859375,1417.550048828125,1381.25,1412.75,1393.08984375,1400382
2025-03-24,1420.0,1423.4000244140625,1399.2249755859375,1411.0,1391.3641357421875,621916
2025-03-25,1412.4000244140625,1431.675048828125,1403.0,1411.5250244140625,1391.8818359375,656850
2025-03-26,1414.875,1462.0,1405.0250244140625,1422.699951171875,1402.9012451171875,1257594
2025-03-27,1410.324951171875,1437.5,1396.4749755859375,1433.25,1413.304443359375,863174
2025-03-28,1435.2249755859375,1442.0,1419.199951171875,1424.6500244140625,1404.82421875,480582
2025-04-01,1424.6500244140625,1437.4749755859375,1410.5,1413.2750244140625,1393.6075439453125,254152
2025-04-02,1414.5,1433.0,1407.800048828125,1425.4749755859375,1405.6375732421875,420010
2025-04-03,1410.5250244140625,1433.925048828125,1410.5250244140625,1430.75,1410.83935546875,358204
2025-04-04,1432.5,1452.0,1425.75,1446.0,1425.876953125,892998
2025-04-07,1406.5,1430.5,1393.949951171875,1424.375,1404.552978515625,745674
2025-04-08,1425.0,1473.5,1425.0,1465.4749755859375,1445.0810546875,1124760
2025-04-09,1465.4749755859375,1486.8499755859375,1456.675048828125,1469.9000244140625,1449.444580078125,673890
2025-04-11,1497.5,1497.5,1459.5,1476.300048828125,1455.7554931640625,477280
2025-04-15,1495.0,1498.5,1471.5,1495.800048828125,1474.984130859375,690116
2025-04-16,1495.5,1515.5,1489.5999755859375,1513.25,1492.191162109375,355040
2025-04-17,1513.25,1526.6500244140625,1504.050048828125,1517.1500244140625,1496.036865234375,569676
2025-04-21,1517.1500244140625,1526.0,1498.050048828125,1509.6500244140625,1488.641357421875,506584
2025-04-22,1509.6500244140625,1532.4000244140625,1509.6500244140625,1514.4000244140625,1493.3253173828125,453234
2025-04-23,1515.0,1536.0,1511.4000244140625,1533.449951171875,1512.110107421875,439056
2025-04-24,1533.449951171875,1544.300048828125,1521.699951171875,1538.199951171875,1516.7939453125,600064
2025-04-25,1532.5,1547.4000244140625,1492.5,1505.5999755859375,1484.6475830078125,478964
2025-04-28,1495.75,1525.699951171875,1495.75,1521.4000244140625,1500.2279052734375,596422
2025-04-29,1520.4000244140625,1534.1500244140625,1496.300048828125,1502.5,1481.5906982421875,508120
2025-04-30,1503.449951171875,1521.8499755859375,1494.1500244140625,1516.949951171875,1495.839599609375,972970
2025-05-02,1503.0,1518.0999755859375,1495.0,1499.0,1478.139404296875,414198
2025-05-05,1500.5,1539.050048828125,1500.300048828125,1517.25,1496.1356201171875,429738
2025-05-06,1513.5,1522.199951171875,1489.949951171875,1502.300048828125,1481.3935546875,283260
2025-05-07,1477.0,1495.6500244140625,1475.800048828125,1487.6500244140625,1466.947509765625,498920
2025-05-08,1493.949951171875,1497.0,1470.050048828125,1478.75,1458.1712646484375,746278
2025-05-09,1467.5,1516.1500244140625,1466.0,1490.0,1469.2647705078125,967480
2025-05-12,1520.0,1542.75,1512.5,1538.25,1516.84326171875,731304
2025-05-13,1541.0,1563.949951171875,1533.25,1550.300048828125,1528.7255859375,1159402
2025-05-14,1550.5,1559.5,1546.5,1554.300048828125,1532.6700439453125,1633730
2025-05-15,1560.0,1572.4000244140625,1551.050048828125,1555.75,1534.0997314453125,1373428
2025-05-16,1561.5,1564.8499755859375,1537.699951171875,1545.5999755859375,1524.0909423828125,1219046
2025-05-19,1547.0,1552.5,1531.0,1534.050048828125,1512.7017822265625,336888
2025-05-20,1541.699951171875,1541.9000244140625,1499.0,1501.4000244140625,1480.506103515625,707838
2025-05-21,1501.949951171875,1510.449951171875,1486.25,1493.0999755859375,1472.321533203125,847478
2025-05-22,1500.300048828125,1503.1500244140625,1483.0999755859375,1497.25,1476.413818359375,518324
2025-05-23,1497.25,1520.5999755859375,1486.949951171875,1515.8499755859375,1494.7550048828125,361932
2025-05-26,1524.5,1535.449951171875,1516.8499755859375,1522.5999755859375,1501.4110107421875,323458
2025-05-27,1522.5999755859375,1526.4000244140625,1505.0,1513.800048828125,1492.733642578125,463006
2025-05-28,1511.5,1515.5,1496.0,1500.5,1479.61865234375,616064
2025-05-29,1501.6500244140625,1522.5,1501.6500244140625,1514.800048828125,1493.7196044921875,501998
2025-05-30,1514.800048828125,1563.5,1508.0999755859375,1553.5999755859375,1531.9796142578125,3308300
2025-06-02,1562.0,1567.8499755859375,1531.800048828125,1540.0999755859375,1518.66748046875,837390
2025-06-03,1549.0,1557.75,1538.75,1548.050048828125,1526.5069580078125,644732
2025-06-04,1548.050048828125,1555.4000244140625,1540.0999755859375,1547.6500244140625,1526.1124267578125,920830
2025-06-05,1547.699951171875,1559.550048828125,1521.0999755859375,1526.5999755859375,1505.3553466796875,823882
2025-06-06,1535.75,1536.449951171875,1520.0,1524.9000244140625,1503.6790771484375,316076
2025-06-09,1521.0,1533.5999755859375,1507.5,1527.9000244140625,1506.6373291015625,473532
2025-06-10,1538.0,1549.1500244140625,1535.1500244140625,1539.6500244140625,1518.223876953125,391672
2025-06-11,1534.1500244140625,1540.0,1527.0,1530.0999755859375,1508.806640625,470824
2025-06-12,1529.0999755859375,1535.0999755859375,1514.8499755859375,1523.449951171875,1502.2491455078125,749758
2025-06-13,1490.0,1509.6500244140625,1440.0,1506.25,1485.28857421875,766960
2025-06-16,1501.75,1520.75,1497.5,1499.4000244140625,1478.533935546875,359522
2025-06-17,1501.699951171875,1511.9000244140625,1494.0,1509.1500244140625,1488.1483154296875,528290
2025-06-18,1501.550048828125,1509.949951171875,1481.5,1484.0999755859375,1463.44677734375,414844
2025-06-19,1481.050048828125,1489.699951171875,1476.5,1483.6500244140625,1463.0030517578125,184626
2025-06-20,1481.5,1490.800048828125,1472.0999755859375,1478.050048828125,1457.4810791015625,1044968
2025-06-23,1466.5999755859375,1478.5,1465.800048828125,1475.8499755859375,1455.3116455078125,180832
2025-06-24,1502.0,1514.199951171875,1493.6500244140625,1501.1500244140625,1480.2596435546875,614098
2025-06-25,1503.5,1517.1500244140625,1484.75,1502.949951171875,1482.034423828125,1473846
2025-06-26,1499.5,1512.5,1499.1500244140625,1510.0,1488.986328125,450772
2025-06-27,1510.0,1532.1500244140625,1508.1500244140625,1525.8499755859375,1504.6158447265625,612710
2025-06-30,1526.0,1535.8499755859375,1517.550048828125,1527.199951171875,1505.947021484375,340086
2025-07-01,1527.0,1541.9000244140625,1516.5999755859375,1522.9000244140625,1501.7069091796875,483880
2025-07-02,1512.550048828125,1540.5,1507.800048828125,1538.300048828125,1516.8927001953125,387752
2025-07-03,1547.5,1561.949951171875,1543.550048828125,1557.25,1535.578857421875,781166
2025-07-04,1562.4000244140625,1562.449951171875,1529.050048828125,1540.0999755859375,1518.66748046875,420752
2025-07-07,1540.550048828125,1547.75,1513.1500244140625,1536.199951171875,1514.82177734375,519264
2025-07-08,1537.5,1542.449951171875,1522.75,1533.800048828125,1512.4552001953125,449486
2025-07-09,1523.550048828125,1540.449951171875,1514.449951171875,1524.1500244140625,1502.939453125,693860
2025-07-10,1525.0,1542.0,1522.0,1532.550048828125,1511.22265625,644522
2025-07-11,1530.0,1534.949951171875,1495.25,1500.4000244140625,1479.52001953125,336992
2025-07-14,1500.3499755859375,1500.3499755859375,1470.0,1482.199951171875,1461.5732421875,737312
2025-07-15,1484.949951171875,1501.550048828125,1483.0,1499.0999755859375,1478.2381591796875,249360
2025-07-16,1499.050048828125,1500.550048828125,1485.550048828125,1494.0,1473.208984375,484312
2025-07-17,1494.0,1505.0,1489.25,1496.1500244140625,1475.3291015625,308510
2025-07-18,1496.0,1497.75,1474.75,1479.050048828125,1458.4671630859375,630918
2025-07-21,1479.949951171875,1493.25,1479.0,1482.550048828125,1461.91845703125,417914
2025-07-22,1482.5,1492.25,1464.5,1467.1500244140625,1446.7327880859375,340602
2025-07-23,1460.0,1464.449951171875,1450.050048828125,1459.449951171875,1449.0162353515625,487406
2025-07-24,1465.4000244140625,1471.0,1446.5,1453.949951171875,1443.5555419921875,242040
2025-07-25,1453.949951171875,1455.0,1437.5,1444.800048828125,1434.4710693359375,368204
2025-07-28,1434.550048828125,1452.949951171875,1429.75,1439.4000244140625,1429.109619140625,484778
2025-07-29,1435.0,1449.0,1428.9000244140625,1446.449951171875,1436.109130859375,328764
2025-07-30,1447.9000244140625,1450.199951171875,1431.0,1437.050048828125,1426.7764892578125,499792
2025-07-31,1430.5,1442.25,1422.800048828125,1434.9000244140625,1424.6417236328125,377956
2025-08-01,1430.0,1442.5,1425.5,1429.449951171875,1419.230712890625,409566
2025-08-04,1442.5,1488.0,1433.050048828125,1475.9000244140625,1465.3486328125,817016
2025-08-05,1483.199951171875,1513.75,1475.5,1498.800048828125,1488.0849609375,1155166
2025-08-06,1513.0,1529.0,1486.550048828125,1520.9000244140625,1510.0269775390625,1638232
2025-08-07,1528.5,1558.949951171875,1511.4000244140625,1525.4000244140625,1514.4947509765625,2353820
2025-08-08,1534.0,1544.699951171875,1517.5,1540.6500244140625,1529.6357421875,1275428
2025-08-11,1549.5,1550.5,1532.5,1548.4000244140625,1537.330322265625,648830
2025-08-12,1550.0,1557.050048828125,1541.1500244140625,1550.75,1539.66357421875,598262
2025-08-13,1550.050048828125,1552.449951171875,1527.550048828125,1530.949951171875,1520.0050048828125,511880
2025-08-14,1530.550048828125,1546.6500244140625,1527.550048828125,1542.699951171875,1531.6710205078125,772046
2025-08-18,1562.5,1562.5,1533.6500244140625,1538.449951171875,1527.451416015625,511870
2025-08-19,1538.449951171875,1556.0,1538.0,1547.5999755859375,1536.5360107421875,569624
2025-08-20,1546.4000244140625,1554.0,1540.0,1542.300048828125,1531.2740478515625,153754
2025-08-21,1543.5,1552.4000244140625,1536.5999755859375,1539.5,1528.4940185546875,236826
2025-08-22,1539.5,1553.4000244140625,1533.6500244140625,1543.5999755859375,1532.5645751953125,715582
2025-08-25,1549.5,1568.0,1544.949951171875,1553.5,1542.3939208984375,731340
2025-08-26,1557.5,1572.0,1537.550048828125,1550.199951171875,1539.117431640625,1389672
2025-08-28,1530.0,1552.0999755859375,1526.3499755859375,1531.449951171875,1520.50146484375,372480
2025-08-29,1525.5,1535.0,1513.550048828125,1525.1500244140625,1514.24658203125,654086
2025-09-01,1534.4000244140625,1568.1500244140625,1528.050048828125,1562.699951171875,1551.528076171875,482682
2025-09-02,1561.4000244140625,1572.1500244140625,1558.550048828125,1563.5,1552.3223876953125,370084
2025-09-03,1570.0,1574.949951171875,1552.699951171875,1556.0,1544.8759765625,433852
2025-09-04,1562.5,1574.9000244140625,1550.0,1559.550048828125,1548.400634765625,860810
2025-09-05,1570.0,1570.0,1545.550048828125,1547.550048828125,1536.4864501953125,224508
2025-09-08,1547.0,1561.0,1540.5,1551.9000244140625,1540.8052978515625,217014
2025-09-09,1551.9000244140625,1567.449951171875,1546.199951171875,1550.050048828125,1538.9686279296875,615658
2025-09-10,1557.449951171875,1562.5,1531.25,1535.300048828125,1524.323974609375,338108
2025-09-11,1535.3499755859375,1542.449951171875,1527.5,1539.9000244140625,1528.89111328125,307008
2025-09-12,1544.949951171875,1554.449951171875,1537.699951171875,1539.449951171875,1528.4442138671875,388750
2025-09-15,1544.449951171875,1551.0,1533.050048828125,1537.050048828125,1526.0615234375,366894
2025-09-16,1538.75,1545.0,1527.550048828125,1537.0,1526.0118408203125,424184
2025-09-17,1545.0,1545.0,1526.4000244140625,1531.0,1520.0546875,491174
2025-09-18,1531.0,1543.800048828125,1523.5,1527.0999755859375,1516.1826171875,1191302
2025-09-19,1535.699951171875,1539.0,1520.3499755859375,1524.1500244140625,1513.253662109375,826712
2025-09-22,1532.0,1539.0,1512.5,1519.0,1508.1405029296875,736500
2025-09-23,1534.0,1535.699951171875,1482.699951171875,1489.300048828125,1478.6529541015625,810500
2025-09-24,1489.300048828125,1521.699951171875,1475.0,1519.5,1508.636962890625,540982
2025-09-25,1517.5999755859375,1518.5,1490.0,1495.699951171875,1485.007080078125,554053
2025-09-26,1485.0,1498.0,1472.0,1474.800048828125,1464.256591796875,731234
2025-09-29,1479.0,1486.199951171875,1459.800048828125,1466.800048828125,1456.313720703125,984535
2025-09-30,1470.0,1476.300048828125,1455.9000244140625,1468.0,1457.505126953125,722168
2025-10-01,1468.9000244140625,1479.5999755859375,1448.9000244140625,1475.4000244140625,1464.852294921875,888183
2025-10-03,1475.5999755859375,1493.5999755859375,1471.300048828125,1489.5999755859375,1478.95068359375,778524
2025-10-06,1489.5999755859375,1493.0,1480.0,1489.0,1478.35498046875,425656
2025-10-07,1489.0,1489.0,1469.5999755859375,1470.9000244140625,1460.3843994140625,725776
2025-10-08,1469.0,1498.5,1462.0,1493.699951171875,1483.0213623046875,1023522
2025-10-09,1499.0,1515.9000244140625,1486.5999755859375,1510.4000244140625,1499.60205078125,543793
2025-10-10,1516.0,1522.0,1502.9000244140625,1510.5999755859375,1499.800537109375,476671
2025-10-13,1497.699951171875,1517.0,1497.699951171875,1513.5,1502.6798095703125,436390
2025-10-14,1513.0,1522.699951171875,1487.699951171875,1491.199951171875,1480.5391845703125,258073
2025-10-15,1501.0,1508.4000244140625,1490.0,1500.800048828125,1490.0706787109375,415150
2025-10-16,1500.0,1526.0,1500.0,1523.0,1512.1119384765625,492506
2025-10-17,1524.0,1545.199951171875,1515.300048828125,1542.699951171875,1531.6710205078125,818953
2025-10-20,1551.0,1551.199951171875,1523.4000244140625,1526.300048828125,1515.388427734375,323401
2025-10-21,1537.0,1537.0,1526.300048828125,1532.0,1521.047607421875,62310
2025-10-23,1530.0,1535.5,1510.300048828125,1517.0999755859375,1506.2540283203125,423185
2025-10-24,1517.0999755859375,1519.800048828125,1504.0,1507.0999755859375,1496.3255615234375,414542
2025-10-27,1507.0999755859375,1523.4000244140625,1492.0999755859375,1504.4000244140625,1493.6448974609375,522205
2025-10-28,1504.0999755859375,1509.4000244140625,1485.0,1492.0,1481.33349609375,670631
2025-10-29,1492.0,1510.0999755859375,1483.5999755859375,1507.300048828125,1496.524169921875,489526
2025-10-30,1509.9000244140625,1512.0,1480.5,1486.4000244140625,1475.7735595703125,813850
2025-10-31,1491.9000244140625,1491.9000244140625,1440.0,1444.5999755859375,1434.2723388671875,1720635
2025-11-03,1450.0,1471.9000244140625,1446.4000244140625,1460.5,1450.0587158203125,677950
2025-11-04,1461.0,1465.0,1448.300048828125,1455.199951171875,1444.796630859375,707089
2025-11-06,1463.0,1468.5,1438.0,1442.800048828125,1432.4853515625,692357
2025-11-07,1448.0,1458.0999755859375,1445.4000244140625,1454.800048828125,1444.3995361328125,533597
2025-11-10,1460.0,1467.0,1451.0,1456.5999755859375,1446.1866455078125,283000
2025-11-11,1456.5999755859375,1477.0,1452.199951171875,1472.9000244140625,1462.3701171875,292665
2025-11-12,1477.0,1487.0,1469.699951171875,1482.0,1471.405029296875,417016
2025-11-13,1491.0,1496.300048828125,1478.5999755859375,1481.4000244140625,1470.809326171875,798904
2025-11-14,1472.5999755859375,1476.300048828125,1453.0,1459.800048828125,1449.36376953125,549299
2025-11-17,1468.0,1486.0,1450.0,1475.5,1464.9515380859375,898284
2025-11-18,1483.0,1496.800048828125,1472.0,1491.0,1480.3406982421875,1135472
2025-11-19,1495.0,1497.199951171875,1473.5999755859375,1476.699951171875,1466.142822265625,631671
2025-11-20,1482.0,1494.9000244140625,1477.0999755859375,1489.0,1478.35498046875,829582
2025-11-21,1480.0,1487.0999755859375,1468.9000244140625,1472.0999755859375,1461.5758056640625,331504
2025-11-24,1471.0,1528.9000244140625,1453.699951171875,1463.0,1452.5408935546875,3427226
2025-11-25,1465.9000244140625,1470.0,1454.300048828125,1466.5999755859375,1456.1151123046875,449171
2025-11-26,1461.0999755859375,1490.0,1460.9000244140625,1484.4000244140625,1473.787841796875,371398
2025-11-27,1484.300048828125,1490.0,1467.199951171875,1472.300048828125,1461.7744140625,421269
2025-11-28,1478.0,1478.0,1463.300048828125,1469.800048828125,1459.2923583984375,380330
2025-12-01,1469.9000244140625,1474.0,1460.0,1468.5999755859375,1458.100830078125,197122
2025-12-02,1461.0,1471.5,1458.0999755859375,1468.9000244140625,1458.398681640625,586303
2025-12-03,1471.0,1487.5,1471.0,1478.5999755859375,1468.029296875,717275
2025-12-04,1478.0,1487.0,1475.5999755859375,1484.699951171875,1474.085693359375,308126
2025-12-05,1480.0,1482.4000244140625,1467.300048828125,1475.0999755859375,1464.5543212890625,328473
2025-12-08,1475.0,1484.0,1446.5,1456.0999755859375,1445.690185546875,343005
2025-12-09,1456.0999755859375,1463.9000244140625,1439.0,1459.800048828125,1449.36376953125,325894
2025-12-10,1450.699951171875,1466.4000244140625,1450.699951171875,1455.699951171875,1445.29296875,458850
2025-12-11,1454.699951171875,1472.5,1451.0,1467.4000244140625,1456.909423828125,148263
2025-12-12,1464.5,1479.5,1464.5,1476.800048828125,1466.2423095703125,332259
2025-12-15,1480.0,1483.4000244140625,1468.4000244140625,1479.4000244140625,1468.8236083984375,494291
2025-12-16,1479.4000244140625,1489.0,1468.0,1473.0999755859375,1462.568603515625,326142
2025-12-17,1473.0,1473.0,1445.4000244140625,1450.699951171875,1440.3287353515625,259786
2025-12-18,1446.5999755859375,1455.0999755859375,1437.5999755859375,1451.5999755859375,1441.2222900390625,258434
2025-12-19,1451.5999755859375,1463.300048828125,1447.0999755859375,1458.300048828125,1447.87451171875,504759
2025-12-22,1462.9000244140625,1462.9000244140625,1451.800048828125,1459.199951171875,1448.7679443359375,276397
2025-12-23,1459.199951171875,1464.9000244140625,1450.0999755859375,1462.0999755859375,1451.647216796875,205136
2025-12-24,1462.0999755859375,1463.9000244140625,1444.5,1446.5999755859375,1436.258056640625,282565
2025-12-26,1446.5999755859375,1464.0,1445.0,1458.5999755859375,1448.1722412109375,240983
2025-12-29,1458.5999755859375,1463.800048828125,1445.4000244140625,1452.800048828125,1442.413818359375,587342
2025-12-30,1452.800048828125,1457.0999755859375,1437.699951171875,1450.9000244140625,1440.52734375,832687
2025-12-31,1450.0,1489.0,1450.0,1482.4000244140625,1471.80224609375,605718
2026-01-01,1483.9000244140625,1486.5999755859375,1467.199951171875,1469.300048828125,1458.7958984375,108609
2026-01-02,1469.300048828125,1482.800048828125,1467.199951171875,1478.199951171875,1467.6322021484375,275319
2026-01-05,1478.199951171875,1507.0,1474.4000244140625,1505.0,1494.2406005859375,473909
2026-01-06,1508.0,1510.0,1490.699951171875,1505.0,1494.2406005859375,393706
2026-01-07,1510.0,1517.5,1496.5999755859375,1514.800048828125,1503.9705810546875,623936
2026-01-08,1514.800048828125,1514.800048828125,1490.0,1500.800048828125,1490.0706787109375,493955
2026-01-09,1490.0999755859375,1511.0999755859375,1478.5,1484.300048828125,1473.6885986328125,944361
2026-01-12,1477.4000244140625,1504.9000244140625,1477.4000244140625,1500.800048828125,1490.0706787109375,516036
2026-01-13,1509.0,1511.0,1485.0999755859375,1498.9000244140625,1488.1842041015625,491184
2026-01-14,1482.0999755859375,1502.5,1482.0999755859375,1495.300048828125,1484.6099853515625,426425
2026-01-15,1495.300048828125,1495.300048828125,1495.300048828125,1495.300048828125,1484.6099853515625,0
2026-01-16,1495.199951171875,1504.4000244140625,1467.5999755859375,1476.5999755859375,1466.0435791015625,745534
2026-01-19,1465.5999755859375,1480.4000244140625,1463.5999755859375,1474.800048828125,1464.256591796875,435942
2026-01-20,1474.800048828125,1474.9000244140625,1427.5,1435.199951171875,1424.9395751953125,591626
2026-01-21,1424.199951171875,1439.199951171875,1412.4000244140625,1421.800048828125,1411.635498046875,560841
2026-01-22,1425.4000244140625,1459.800048828125,1425.4000244140625,1452.800048828125,1442.413818359375,385508
2026-01-23,1445.0,1463.0,1440.800048828125,1447.9000244140625,1437.548828125,1212874
2026-01-27,1449.699951171875,1450.800048828125,1433.5999755859375,1447.199951171875,1436.853759765625,405584
2026-01-28,1440.0,1467.800048828125,1420.4000244140625,1460.699951171875,1450.2572021484375,824989
2026-01-29,1454.9000244140625,1458.300048828125,1411.800048828125,1429.5999755859375,1419.379638671875,820183
2026-01-30,1429.0,1448.0,1418.0,1431.0999755859375,1420.868896484375,722566
2026-02-02,1426.699951171875,1434.5,1398.800048828125,1412.0,1401.905517578125,1594471
2026-02-03,1435.0,1453.0,1412.199951171875,1427.800048828125,1417.592529296875,1418450
2026-02-04,1442.300048828125,1478.199951171875,1430.0,1460.300048828125,1449.8602294921875,1787666
2026-02-05,1464.9000244140625,1481.9000244140625,1458.5,1469.5999755859375,1459.0936279296875,835235
2026-02-06,1475.0,1493.5999755859375,1471.0,1489.0999755859375,1478.4542236328125,571034
2026-02-09,1490.0,1497.0,1470.699951171875,1488.199951171875,1477.5606689453125,322208
2026-02-10,1494.0,1494.0,1467.9000244140625,1478.9000244140625,1468.3272705078125,509638
2026-02-11,1476.800048828125,1494.800048828125,1475.0,1480.0999755859375,1469.5185546875,442080
2026-02-12,1485.5,1502.9000244140625,1476.0,1497.4000244140625,1486.6949462890625,678624
2026-02-13,1486.0999755859375,1489.5999755859375,1472.0999755859375,1479.300048828125,1468.724365234375,474002
2026-02-16,1470.0,1494.0,1465.199951171875,1487.300048828125,1476.667236328125,217908
2026-02-17,1479.0,1497.800048828125,1477.4000244140625,1495.5,1484.8084716796875,344682
2026-02-18,1500.0,1506.0,1482.699951171875,1489.5,1478.8514404296875,2016972
2026-02-19,1489.5,1489.9000244140625,1461.0,1464.9000244140625,1454.4273681640625,407250
2026-02-20,1465.0,1477.4000244140625,1460.0,1464.9000244140625,1454.4273681640625,501173
2026-02-23,1464.9000244140625,1485.199951171875,1463.0,1481.0,1470.4122314453125,511293
2026-02-24,1475.0999755859375,1486.699951171875,1470.0,1480.5,1469.915771484375,641633
2026-02-25,1491.0999755859375,1503.0,1481.0,1497.5999755859375,1486.8934326171875,577178
2026-02-26,1495.0,1525.0,1487.0999755859375,1516.9000244140625,1506.0555419921875,738376
2026-02-27,1518.9000244140625,1518.9000244140625,1484.5,1492.0,1481.33349609375,1606678
2026-03-02,1430.0,1476.800048828125,1430.0,1465.5,1455.02294921875,699279
2026-03-04,1444.0,1449.0,1422.4000244140625,1439.0999755859375,1428.8116455078125,1119317
2026-03-05,1439.0999755859375,1453.5,1421.0,1445.9000244140625,1435.5631103515625,571622
2026-03-06,1445.9000244140625,1454.4000244140625,1430.5999755859375,1433.800048828125,1423.5496826171875,563184
2026-03-09,1400.0,1403.4000244140625,1366.5999755859375,1386.4000244140625,1376.488525390625,806385
2026-03-10,1415.0999755859375,1435.0,1391.0,1427.699951171875,1417.4931640625,613943
2026-03-11,1427.699951171875,1438.5999755859375,1398.0,1403.4000244140625,1393.366943359375,283707
2026-03-12,1397.800048828125,1397.800048828125,1378.0,1387.4000244140625,1377.4813232421875,724869
2026-03-13,1380.0,1391.9000244140625,1334.199951171875,1340.0,1330.420166015625,878140
2026-03-16,1340.800048828125,1361.5,1328.800048828125,1353.5999755859375,1343.9229736328125,332170
2026-03-17,1365.5,1365.5,1346.0999755859375,1357.0,1347.2987060546875,283833
2026-03-18,1357.0,1391.5,1345.5999755859375,1384.4000244140625,1374.5028076171875,540073
2026-03-19,1374.0,1374.0,1303.9000244140625,1308.9000244140625,1299.5426025390625,689898
2026-03-20,1321.0999755859375,1354.800048828125,1321.0999755859375,1341.300048828125,1331.7109375,898444
2026-03-23,1333.0,1333.0,1293.300048828125,1314.9000244140625,1305.4996337890625,800316
2026-03-24,1333.800048828125,1359.199951171875,1309.0,1332.199951171875,1322.6759033203125,496307
2026-03-25,1352.199951171875,1383.9000244140625,1350.0,1362.800048828125,1353.0572509765625,886923
2026-03-27,1351.699951171875,1359.0,1310.0,1314.9000244140625,1305.4996337890625,1353886
2026-03-30,1298.9000244140625,1311.0,1277.199951171875,1285.0,1275.8133544921875,1146492
2026-04-01,1317.9000244140625,1326.0999755859375,1291.0,1307.0,1297.6561279296875,898466
2026-04-02,1290.0,1297.699951171875,1268.699951171875,1273.5999755859375,1264.494873046875,889612
2026-04-06,1281.4000244140625,1295.699951171875,1259.0,1291.199951171875,1281.968994140625,1230910
2026-04-07,1285.0,1299.9000244140625,1266.0,1295.0999755859375,1285.8411865234375,454073
2026-04-08,1400.0,1400.4000244140625,1350.0,1355.0,1345.31298828125,1855865
2026-04-09,1355.0,1365.0999755859375,1335.0,1347.4000244140625,1337.767333984375,924142
2026-04-10,1354.199951171875,1365.0,1336.0,1357.0999755859375,1347.39794921875,1610183
2026-04-13,1330.0,1343.5,1314.300048828125,1326.5,1317.0167236328125,724962
2026-04-15,1360.0,1360.0999755859375,1325.0999755859375,1329.5,1319.9952392578125,1064359
2026-04-16,1339.0,1342.9000244140625,1317.300048828125,1331.0,1321.4844970703125,1586537
2026-04-17,1334.9000244140625,1398.0,1326.0,1393.4000244140625,1383.4384765625,1740546
2026-04-20,1395.0,1399.5999755859375,1378.699951171875,1390.5,1380.5592041015625,894803
2026-04-21,1389.0,1414.0999755859375,1380.0,1407.800048828125,1397.735595703125,708195
2026-04-22,1396.300048828125,1424.800048828125,1394.699951171875,1419.0,1408.85546875,629961
2026-04-23,1408.0,1412.0,1396.800048828125,1402.0999755859375,1392.076171875,319278
2026-04-24,1406.0,1408.9000244140625,1389.4000244140625,1394.300048828125,1384.33203125,506429
2026-04-27,1394.300048828125,1406.9000244140625,1390.300048828125,1399.300048828125,1389.2962646484375,356391
2026-04-28,1399.9000244140625,1405.300048828125,1389.0,1392.5999755859375,1382.6441650390625,390142
2026-04-29,1392.5999755859375,1404.800048828125,1386.4000244140625,1389.0,1379.0699462890625,364945
2026-04-30,1378.699951171875,1384.800048828125,1355.0,1375.699951171875,1365.864990234375,1333712
2026-05-01,1375.699951171875,1375.699951171875,1375.699951171875,1375.699951171875,1365.864990234375,0
2026-05-04,1378.199951171875,1389.0,1361.0999755859375,1364.5999755859375,1354.8443603515625,649397
2026-05-05,1365.0,1369.0,1347.699951171875,1364.199951171875,1354.4471435546875,621782
2026-05-06,1374.800048828125,1426.0,1373.0,1421.5,1411.3375244140625,2276888
2026-05-07,1442.5999755859375,1461.0999755859375,1428.0,1450.4000244140625,1440.031005859375,1464405
2026-05-08,1503.5999755859375,1515.0,1470.0,1476.0,1465.4478759765625,5494105
2026-05-11,1468.5,1468.5,1432.0,1437.199951171875,1426.92529296875,922577
2026-05-12,1433.0999755859375,1480.0,1427.5999755859375,1453.0,1442.6123046875,1764144
2026-05-13,1453.0,1472.0,1438.300048828125,1445.5999755859375,1435.2652587890625,1124814
2026-05-14,1458.699951171875,1489.800048828125,1458.699951171875,1483.800048828125,1473.1922607421875,1213793
2026-05-15,1486.0,1493.800048828125,1464.0999755859375,1467.699951171875,1457.207275390625,909039
2026-05-18,1456.0,1456.5999755859375,1428.199951171875,1450.199951171875,1439.832275390625,655599
2026-05-19,1454.0,1471.5999755859375,1445.0999755859375,1455.800048828125,1445.392333984375,617156
2026-05-20,1440.0,1465.0,1431.4000244140625,1455.5999755859375,1445.1937255859375,356329
2026-05-21,1471.0,1478.4000244140625,1465.800048828125,1472.800048828125,1462.2708740234375,465411
2026-05-22,1474.0999755859375,1484.0,1459.0,1478.4000244140625,1467.830810546875,533048
2026-05-25,1500.0,1508.4000244140625,1473.0999755859375,1477.199951171875,1466.6392822265625,593426
2026-05-26,1477.199951171875,1483.0,1467.0,1478.5,1467.9300537109375,454638
2026-05-27,1473.0999755859375,1486.0,1472.4000244140625,1480.699951171875,1470.1142578125,323780
2026-05-28,1480.699951171875,1480.699951171875,1480.699951171875,1480.699951171875,1470.1142578125,0
2026-05-29,1474.199951171875,1500.699951171875,1466.5,1482.800048828125,1472.1993408203125,4438929
2026-06-01,1482.800048828125,1485.9000244140625,1450.300048828125,1457.199951171875,1446.7822265625,690657
2026-06-02,1430.0,1463.9000244140625,1430.0,1454.5999755859375,1444.200927734375,948386
2026-06-03,1450.0,1473.199951171875,1444.5,1469.199951171875,1458.696533203125,836338
2026-06-04,1457.4000244140625,1478.5999755859375,1457.199951171875,1471.0999755859375,1460.5828857421875,646986
2026-06-05,1475.0,1485.5,1466.300048828125,1476.5999755859375,1466.0435791015625,489330
2026-06-08,1450.0999755859375,1478.0,1447.5,1459.800048828125,1449.36376953125,417045
2026-06-09,1466.4000244140625,1488.800048828125,1465.0,1481.800048828125,1471.20654296875,536175
2026-06-10,1485.0,1535.800048828125,1482.9000244140625,1506.5,1495.7298583984375,1866212
2026-06-11,1505.699951171875,1508.699951171875,1490.0,1498.800048828125,1488.0849609375,613282
2026-06-12,1518.0,1553.9000244140625,1515.0999755859375,1535.5,1524.5225830078125,1254231
2026-06-15,1568.800048828125,1582.699951171875,1555.800048828125,1571.0,1559.768798828125,1848652
2026-06-16,1587.0,1587.0,1552.5999755859375,1571.199951171875,1559.96728515625,382140
2026-06-17,1575.0999755859375,1584.5,1567.5999755859375,1578.199951171875,1566.917236328125,651610
2026-06-18,1575.0,1586.199951171875,1568.0,1581.0999755859375,1569.7965087890625,759760
2026-06-19,1572.0,1595.0,1565.0,1579.9000244140625,1568.6051025390625,847276
2026-06-22,1580.0,1582.800048828125,1555.0,1572.199951171875,1560.9600830078125,775668
2026-06-23,1565.0,1599.300048828125,1562.699951171875,1566.699951171875,1555.49951171875,817811
2026-06-24,1570.0,1585.0,1563.199951171875,1579.0,1567.7115478515625,779349
2026-06-25,1596.0,1620.699951171875,1590.5,1597.0,1585.5828857421875,1399828
2026-06-26,1597.0,1597.0,1597.0,1597.0,1585.5828857421875,0
2026-06-29,1597.699951171875,1620.699951171875,1595.0,1599.5999755859375,1588.164306640625,1536107
2026-06-30,1607.0,1610.300048828125,1585.0,1592.699951171875,1581.3135986328125,1080720
2026-07-01,1600.0,1601.0,1578.0,1581.9000244140625,1570.5908203125,510067
2026-07-02,1585.0,1611.9000244140625,1582.800048828125,1605.4000244140625,1593.9228515625,710844
2026-07-03,1621.0,1625.5,1595.0999755859375,1598.0,1586.57568359375,443831
2026-07-06,1606.9000244140625,1622.5,1599.4000244140625,1616.9000244140625,1605.3406982421875,502080
2026-07-07,1617.0,1626.699951171875,1606.4000244140625,1622.300048828125,1610.7020263671875,595670
2026-07-08,1618.199951171875,1618.199951171875,1562.699951171875,1570.4000244140625,1559.173095703125,653824
2026-07-09,1570.0,1598.9000244140625,1565.0,1590.4000244140625,1579.0301513671875,226559
2026-07-10,1604.0,1613.800048828125,1585.800048828125,1598.5,1587.0721435546875,738374
2026-07-13,1578.9000244140625,1583.199951171875,1559.5999755859375,1580.699951171875,1569.3994140625,617150
2026-07-14,1565.0,1572.9000244140625,1547.4000244140625,1555.4000244140625,1544.2802734375,1040498
2026-07-15,1570.0,1597.300048828125,1566.0,1568.800048828125,1557.5845947265625,1092354
2026-07-16,1568.800048828125,1584.0999755859375,1557.4000244140625,1559.5999755859375,1548.4501953125,700762
2026-07-17,1560.0,1573.300048828125,1557.0,1566.0999755859375,1554.90380859375,1387673
2026-07-20,1560.0,1576.9000244140625,1555.0999755859375,1565.800048828125,1554.60595703125,848188
2026-07-21,1575.0,1601.0,1569.5,1591.300048828125,1579.9237060546875,1640055
2026-07-22,1591.300048828125,1615.5999755859375,1569.699951171875,1608.5999755859375,1597.0999755859375,1518908
2026-07-23,1595.0,1603.5999755859375,1558.0999755859375,1564.199951171875,1564.199951171875,1280969
2026-07-24,1562.0,1585.0,1537.0999755859375,1570.9000244140625,1570.9000244140625,2199982
2026-07-27,1588.9000244140625,1622.4000244140625,1579.699951171875,1611.300048828125,1611.300048828125,1161586
2026-07-28,1625.0,1632.699951171875,1610.5,1619.5999755859375,1619.5999755859375,1065976
2026-07-29,1619.9000244140625,1637.0,1608.9000244140625,1629.9000244140625,1629.9000244140625,1117313
2026-07-30,1636.0,1636.0,1619.0999755859375,1629.9000244140625,1629.9000244140625,1113810
2026-07-31,1630.5,1637.9000244140625,1601.0,1611.4000244140625,1611.4000244140625,821463
2026-08-03,1623.0,1642.5,1622.0,1642.5,1642.5,653565
2026-08-04,1642.5,1659.0,1602.0,1620.0,1620.0,2924363
2026-08-05,1638.0,1665.0,1613.9000244140625,1665.0,1665.0,1984248
2026-08-06,1658.0,1686.4000244140625,1652.0,1686.0,1686.0,1808445
2026-08-07,1675.0,1675.0,1648.0999755859375,1660.0,1660.0,917427
2026-08-10,1660.0,1685.4000244140625,1652.800048828125,1685.0,1685.0,880089
2026-08-11,1684.0,1686.300048828125,1663.5999755859375,1685.800048828125,1685.800048828125,1131653
2026-08-12,1685.800048828125,1701.5,1679.0,1701.5,1701.5,1724562
2026-08-13,1701.5,1702.9000244140625,1682.0999755859375,1696.0999755859375,1696.0999755859375,570793
2026-08-14,1690.0999755859375,1707.5,1684.4000244140625,1693.0,1693.0,680220
2026-08-17,1689.800048828125,1700.0,1667.300048828125,1669.0,1669.0,701061
2026-08-18,1665.0,1674.0,1657.300048828125,1674.0,1674.0,655495
2026-08-19,1670.0,1673.0,1644.0999755859375,1650.0,1650.0,1011213
2026-08-20,1658.5,1666.9000244140625,1647.5,1660.0,1660.0,419940
2026-08-21,1648.5,1664.4000244140625,1644.0999755859375,1649.0,1649.0,732973
2026-08-24,1646.0,1660.0,1638.0,1660.0,1660.0,554272
2026-08-25,1660.0,1660.0,1636.5999755859375,1651.0999755859375,1651.0999755859375,456825
2026-08-26,1651.300048828125,1669.5999755859375,1641.0,1650.0,1650.0,617323
2026-08-27,1650.0,1668.5,1640.0,1656.0,1656.0,852620
2026-08-28,1656.0,1658.5,1617.0,1629.5,1629.5,449546
2026-08-31,1625.0999755859375,1687.699951171875,1612.4000244140625,1687.699951171875,1687.699951171875,1907573
2026-09-01,1675.0,1675.5,1637.5,1643.5,1643.5,990170
2026-09-02,1639.0,1639.5,1624.0999755859375,1637.0,1637.0,635780
2026-09-03,1633.0,1638.300048828125,1621.199951171875,1638.300048828125,1638.300048828125,578059
2026-09-04,1635.199951171875,1638.300048828125,1625.0,1629.5,1629.5,605836
2026-09-07,1625.9000244140625,1628.9000244140625,1575.0,1575.0,1575.0,591643
2026-09-08,1579.800048828125,1593.0,1565.0,1593.0,1593.0,738063
2026-09-09,1579.0,1585.5999755859375,1566.0,1572.0,1572.0,276995
2026-09-10,1572.0,1577.9000244140625,1553.5,1569.0,1569.0,475698
2026-09-11,1550.0,1567.9000244140625,1540.4000244140625,1566.9000244140625,1566.9000244140625,389368
2026-09-14,1566.9000244140625,1566.9000244140625,1566.9000244140625,1566.9000244140625,1566.9000244140625,0
2026-09-15,1566.9000244140625,1575.699951171875,1521.0999755859375,1521.0999755859375,1521.0999755859375,455854
2026-09-16,1521.199951171875,1546.9000244140625,1521.199951171875,1543.800048828125,1543.800048828125,573360
2026-09-17,1543.0,1561.0999755859375,1535.0,1551.5,1551.5,354203
2026-09-18,1559.9000244140625,1598.9000244140625,1559.9000244140625,1572.0999755859375,1572.0999755859375,1142486
2026-09-21,1598.0,1598.0,1573.199951171875,1573.199951171875,1573.199951171875,240443
2026-09-22,1576.300048828125,1587.0,1562.699951171875,1572.699951171875,1572.699951171875,482511
2026-09-23,1575.0999755859375,1591.699951171875,1575.0999755859375,1588.0999755859375,1588.0999755859375,536262
2026-09-24,1561.0,1579.0,1517.5,1522.0,1522.0,1259222
2026-09-25,1525.0,1530.0,1495.699951171875,1517.199951171875,1517.199951171875,503315
2026-09-28,1508.0,1508.0,1486.800048828125,1503.0,1503.0,585752
2026-09-29,1493.0,1500.4000244140625,1461.0,1461.0,1461.0,1073488
2026-09-30,1481.0,1496.9000244140625,1465.0999755859375,1465.0999755859375,1465.0999755859375,940925
