date,open,high,low,close,adj_close,volume
2015-01-01,77.62501525878906,77.73751831054688,77.00627136230469,77.11876678466797,47.52445602416992,778837
2015-01-02,77.14689636230469,78.38439178466797,77.14689636230469,78.04689025878906,48.096412658691406,3612848
2015-01-05,77.90626525878906,78.80626678466797,76.58439636230469,78.13127136230469,48.14842987060547,7291352
2015-01-06,77.65314483642578,77.79376983642578,75.45939636230469,76.38751983642578,47.073829650878906,8288963
2015-01-07,75.93751525878906,77.90626525878906,75.09376525878906,77.48439025878906,47.7497673034668,3256180
2015-01-08,77.62501525878906,78.13127136230469,76.64064025878906,77.82189178466797,47.957759857177734,2436600
2015-01-09,77.79376983642578,78.46876525878906,77.03439331054688,77.87814331054688,47.992431640625,2079643
2015-01-12,77.40001678466797,78.30001831054688,76.21876525878906,76.78126525878906,47.316471099853516,3660975
2015-01-13,76.80939483642578,77.51251983642578,76.07814025878906,76.41564178466797,47.091156005859375,2850708
2015-01-14,76.38751983642578,77.00627136230469,75.82501983642578,76.52814483642578,47.160491943359375,3939014
2015-01-15,76.78126525878906,80.83126831054688,76.78126525878906,80.40939331054688,49.55230712890625,6425406
2015-01-16,80.32501983642578,83.78439331054688,79.20001983642578,82.88439178466797,51.0775146484375,8222495
2015-01-19,82.77189636230469,83.75627136230469,81.22502136230469,83.16564178466797,51.25084686279297,5082702
2015-01-20,83.8125228881836,84.3750228881836,82.57501983642578,82.91252136230469,51.09486770629883,6145107
2015-01-21,82.85626983642578,83.27814483642578,82.15314483642578,82.63127136230469,50.921546936035156,2865190
2015-01-22,82.74376678466797,85.16252136230469,82.49064636230469,83.44689178466797,51.42417526245117,7016755
2015-01-23,83.70001983642578,84.3750228881836,82.80001831054688,84.12189483642578,51.84013366699219,4549463
2015-01-27,83.3906478881836,84.9375228881836,82.80001831054688,84.34689331054688,51.97880935668945,6048058
2015-01-28,84.62814331054688,85.33126831054688,83.8125228881836,84.06564331054688,51.80546951293945,5448999
2015-01-29,84.2906494140625,84.34689331054688,83.02501678466797,83.70001983642578,51.58014678955078,6923717
2015-01-30,83.5312728881836,84.6562728881836,82.1250228881836,83.2500228881836,51.3028564453125,3094145
2015-02-02,82.8281478881836,83.64376831054688,82.1250228881836,83.16564178466797,51.25084686279297,2427202
2015-02-03,83.75627136230469,84.03752136230469,82.4062728881836,82.80001831054688,51.02553176879883,1320013
2015-02-04,82.9687728881836,83.9531478881836,82.06877136230469,82.2656478881836,50.69623565673828,1740828
2015-02-05,82.2656478881836,82.63127136230469,80.26876831054688,80.80314636230469,49.79495620727539,2453418
2015-02-06,80.10002136230469,81.5625228881836,79.65001678466797,80.69064331054688,49.725624084472656,2422833
2015-02-09,80.4375228881836,80.69064331054688,78.75001525878906,79.56564331054688,49.0323600769043,2511094
2015-02-10,78.86251831054688,82.23751831054688,78.75001525878906,81.61876678466797,50.29758071899414,3982617
2015-02-11,82.1250228881836,83.72814178466797,81.5625228881836,81.9843978881836,50.52290344238281,5670681
2015-02-12,83.70001983642578,85.5000228881836,82.15314483642578,84.5156478881836,52.082794189453125,7776840
2015-02-13,85.3593978881836,85.89376831054688,84.0093994140625,85.2187728881836,52.51607894897461,8270115
2015-02-16,85.5000228881836,86.85002136230469,85.5000228881836,85.9218978881836,52.94939041137695,3789682
2015-02-18,85.5562744140625,87.1875228881836,85.0781478881836,87.0468978881836,53.64268493652344,4034642
2015-02-19,87.07501983642578,87.21564483642578,85.02189636230469,86.79376983642578,53.486690521240234,2708022
2015-02-20,86.56877136230469,87.07501983642578,85.66876983642578,86.2031478881836,53.12270736694336,4586215
2015-02-23,86.0625228881836,88.5937728881836,85.7812728881836,87.69377136230469,54.04130935668945,5857600
2015-02-24,87.69377136230469,88.70626831054688,87.49689483642578,88.1718978881836,54.33595275878906,3786009
2015-02-25,88.6500244140625,88.7343978881836,85.8375244140625,86.93439483642578,53.57334518432617,3842514
2015-02-26,86.6812744140625,88.00314331054688,84.82501983642578,85.9218978881836,52.94939041137695,7368101
2015-02-27,86.03439331054688,88.5937728881836,85.5562744140625,88.3687744140625,54.45726776123047,4870174
2015-03-02,88.7343978881836,89.4375228881836,87.41252136230469,88.14376831054688,54.3186149597168,3288237
2015-03-03,87.86251831054688,87.97502136230469,86.70939636230469,87.49689483642578,53.919986724853516,3773373
2015-03-04,87.83439636230469,88.5093994140625,86.1187744140625,86.87814331054688,53.538673400878906,4927543
2015-03-05,86.6250228881836,87.83439636230469,85.2750244140625,87.27189636230469,53.78133010864258,2511965
2015-03-09,86.23126983642578,86.8218994140625,84.20626831054688,84.5156478881836,52.31545639038086,2904210
2015-03-10,84.5156478881836,84.5718994140625,82.51876831054688,83.5312728881836,51.70610809326172,4007085
2015-03-11,84.03752136230469,84.3750228881836,82.94064331054688,83.19377136230469,51.497215270996094,3350372
2015-03-12,83.27814483642578,85.72502136230469,83.27814483642578,84.17814636230469,52.10654067993164,4034334
2015-03-13,84.5156478881836,84.60002136230469,82.1250228881836,82.46251678466797,51.0445556640625,3743353
2015-03-16,81.87189483642578,83.08126831054688,81.87189483642578,82.5468978881836,51.09678268432617,1546607
2015-03-17,82.74376678466797,83.8125228881836,82.15314483642578,83.05314636230469,51.41015625,4288235
2015-03-18,82.9687728881836,83.3906478881836,82.06877136230469,82.49064636230469,51.06196212768555,3493449
2015-03-19,82.49064636230469,83.9531478881836,81.5625228881836,82.18126678466797,50.87047576904297,2641643
2015-03-20,82.1250228881836,84.2906494140625,81.33751678466797,83.36251831054688,51.60165786743164,3763675
2015-03-23,84.0937728881836,85.44377136230469,83.55939483642578,83.92501831054688,51.94983673095703,4249360
2015-03-24,83.8125228881836,84.8531494140625,82.9687728881836,83.22189331054688,51.51461410522461,5170910
2015-03-25,83.1093978881836,83.55939483642578,82.23751831054688,82.4062728881836,51.0097541809082,6008163
2015-03-26,82.63127136230469,84.0937728881836,81.02814483642578,81.61876678466797,50.52227020263672,11848617
2015-03-27,81.61876678466797,82.09689331054688,80.55001831054688,81.4218978881836,50.400413513183594,3479176
2015-03-30,81.59064483642578,81.90001678466797,80.77501678466797,81.5625228881836,50.48745346069336,4359504
2015-03-31,81.8437728881836,82.37814331054688,81.2812728881836,81.7031478881836,50.57450866699219,4797950
2015-04-01,81.61876678466797,82.60314178466797,81.61876678466797,82.37814331054688,50.992332458496094,2808077
2015-04-06,82.35002136230469,84.06564331054688,82.04064178466797,83.22189331054688,51.51461410522461,5315447
2015-04-07,82.80001831054688,83.36251831054688,82.1250228881836,83.22189331054688,51.51461410522461,2457023
2015-04-08,82.99689483642578,84.26251983642578,82.6875228881836,82.85626983642578,51.288299560546875,4009038
2015-04-09,82.99689483642578,85.2750244140625,82.91252136230469,84.9375228881836,52.576595306396484,2422269
2015-04-10,85.2187728881836,86.09064483642578,84.54376983642578,85.89376831054688,53.16850662231445,2200148
2015-04-13,85.95001983642578,87.58126831054688,84.7968978881836,86.8218994140625,53.7430305480957,2208671
2015-04-15,87.15939331054688,87.7500228881836,84.9375228881836,85.24689483642578,52.76810073852539,2330815
2015-04-16,85.02189636230469,85.6406478881836,82.9687728881836,84.76876831054688,52.472137451171875,2492100
2015-04-17,84.76876831054688,85.2750244140625,83.86876678466797,84.4312744140625,52.26322555541992,3666806
2015-04-20,84.48751831054688,85.8375244140625,83.61564636230469,84.26251983642578,52.15876007080078,2278982
2015-04-21,84.3750228881836,85.5000228881836,83.30626678466797,83.72814178466797,51.827980041503906,2312891
2015-04-22,83.8125228881836,84.12189483642578,82.46251678466797,82.71564483642578,51.20124053955078,4849646
2015-04-23,83.2500228881836,83.78439331054688,82.06877136230469,82.49064636230469,51.06196212768555,3515131
2015-04-24,82.1250228881836,83.22189331054688,81.02814483642578,82.04064178466797,50.783409118652344,2613457
2015-04-27,82.18126678466797,83.1093978881836,81.2812728881836,81.53439331054688,50.47004318237305,2052351
2015-04-28,81.16876983642578,82.4062728881836,80.7187728881836,81.25314331054688,50.29595947265625,3429520
2015-04-29,81.19689178466797,81.45001983642578,80.1562728881836,80.46564483642578,49.808475494384766,2061972
2015-04-30,79.93126678466797,81.45001983642578,78.97502136230469,79.98751831054688,49.51252746582031,4099911
2015-05-04,80.4375228881836,81.33751678466797,79.31251525878906,81.08439636230469,50.191505432128906,3652050
2015-05-05,80.46564483642578,82.49064636230469,79.62189483642578,80.52189636230469,49.84331130981445,7999174
2015-05-06,80.2968978881836,80.2968978881836,78.77814483642578,79.08751678466797,48.955421447753906,6031578
2015-05-07,78.75001525878906,79.34064483642578,77.65314483642578,78.91876983642578,48.85096740722656,5448071
2015-05-08,79.31251525878906,79.98751831054688,78.58126831054688,78.75001525878906,48.74650955200195,2987105
2015-05-11,79.17189025878906,80.63439178466797,78.63751983642578,80.4375228881836,49.79108810424805,3927933
2015-05-12,80.38127136230469,80.46564483642578,77.96251678466797,78.35626983642578,48.50278854370117,4551824
2015-05-13,78.46876525878906,79.59376525878906,77.65314483642578,79.22814178466797,49.04246139526367,4097879
2015-05-14,79.20001983642578,79.20001983642578,77.76564025878906,78.41252136230469,48.53759002685547,3467677
2015-05-15,78.86251831054688,79.70626831054688,78.35626983642578,78.77814483642578,48.7639045715332,6305129
2015-05-18,78.46876525878906,79.28439331054688,78.04689025878906,78.77814483642578,48.7639045715332,14967798
2015-05-19,78.75001525878906,80.94377136230469,77.68126678466797,78.04689025878906,48.3112678527832,6595326
2015-05-20,78.24376678466797,79.53752136230469,78.21564483642578,79.20001983642578,49.02507400512695,5168468
2015-05-21,79.03126525878906,79.28439331054688,78.01876831054688,78.46876525878906,48.572418212890625,2628801
2015-05-22,78.35626983642578,79.84689331054688,77.28752136230469,79.28439331054688,49.077293395996094,5380668
2015-05-25,79.73439025878906,80.66252136230469,79.34064483642578,80.49376678466797,49.82590866088867,5557091
2015-05-26,80.66252136230469,80.77501678466797,79.62189483642578,80.46564483642578,49.808475494384766,2220470
2015-05-27,80.46564483642578,80.77501678466797,79.76251983642578,80.55001831054688,49.8607177734375,1137269
2015-05-28,81.1406478881836,81.1406478881836,79.05939483642578,80.55001831054688,49.8607177734375,3848527
2015-05-29,80.1562728881836,81.25314331054688,79.45314025878906,80.83126831054688,50.03480529785156,3473570
2015-06-01,82.49064636230469,82.63127136230469,80.0156478881836,80.49376678466797,49.82590866088867,15815832
2015-06-02,80.1562728881836,80.38127136230469,79.50939178466797,80.1562728881836,49.61698913574219,4635659
2015-06-03,79.95939636230469,80.8593978881836,79.17189025878906,80.55001831054688,49.8607177734375,6029264
2015-06-04,80.4375228881836,81.64689636230469,80.10002136230469,81.19689178466797,50.261138916015625,8566490
2015-06-05,81.0000228881836,82.29376983642578,80.4375228881836,81.50627136230469,50.45263671875,8696044
2015-06-08,81.81564331054688,82.51876831054688,80.97189331054688,82.20939636230469,50.88787078857422,4215142
2015-06-09,82.1250228881836,83.33439636230469,81.73126983642578,82.88439178466797,51.30569076538086,2699663
2015-06-10,82.99689483642578,83.36251831054688,82.23751831054688,82.77189636230469,51.23605728149414,2875048
2015-06-11,82.46251678466797,82.88439178466797,81.47814178466797,82.1250228881836,50.83565139770508,2113307
2015-06-12,81.8437728881836,82.09689331054688,80.0156478881836,81.78752136230469,50.626731872558594,2614529
2015-06-15,81.5625228881836,81.5625228881836,79.11564636230469,79.42501831054688,49.164337158203125,3574132
2015-06-16,79.20001983642578,81.36564636230469,79.03126525878906,81.05626678466797,50.174076080322266,2705206
2015-06-17,80.83126831054688,81.19689178466797,79.00314331054688,79.76251983642578,49.37325668334961,3030212
2015-06-18,79.48126983642578,80.26876831054688,79.22814178466797,79.84689331054688,49.42547607421875,4549773
2015-06-19,79.84689331054688,80.10002136230469,78.01876831054688,78.75001525878906,48.74650955200195,9119658
2015-06-22,79.22814178466797,79.98751831054688,78.97502136230469,79.48126983642578,49.199134826660156,1849073
2015-06-23,79.31251525878906,79.76251983642578,78.27189636230469,78.41252136230469,48.53759002685547,4200054
2015-06-24,78.21564483642578,79.05939483642578,78.21564483642578,78.66564178466797,48.69427490234375,3101425
2015-06-25,78.86251831054688,79.81877136230469,78.10314178466797,79.48126983642578,49.199134826660156,11124905
2015-06-26,79.03126525878906,79.45314025878906,78.13127136230469,78.24376678466797,48.433143615722656,4184617
2015-06-29,77.51251983642578,78.86251831054688,77.45626831054688,78.46876525878906,48.572418212890625,3452315
2015-06-30,78.46876525878906,78.97502136230469,77.42814636230469,78.24376678466797,48.433143615722656,2588831
2015-07-01,78.27189636230469,80.49376678466797,77.85002136230469,80.07189178466797,49.56475067138672,1988394
2015-07-02,80.40939331054688,80.4375228881836,79.08751678466797,79.59376525878906,49.268798828125,2965570
2015-07-03,79.03126525878906,80.40939331054688,79.03126525878906,79.59376525878906,49.268798828125,3051297
2015-07-06,79.03126525878906,79.98751831054688,78.58126831054688,78.75001525878906,48.74650955200195,2083899
2015-07-07,79.31251525878906,79.59376525878906,77.76564025878906,77.96251678466797,48.259037017822266,3234495
2015-07-08,77.68126678466797,78.30001831054688,76.72502136230469,77.62501525878906,48.05013656616211,2440394
2015-07-09,77.68126678466797,77.93439483642578,77.00627136230469,77.06251525878906,47.701942443847656,2478234
2015-07-10,77.11876678466797,78.27189636230469,76.97814178466797,77.99064636230469,48.276451110839844,2901055
2015-07-13,77.85002136230469,78.97502136230469,77.09064483642578,78.75001525878906,48.74650955200195,1612390
2015-07-14,78.80626678466797,79.28439331054688,78.07501983642578,78.86251831054688,48.81615447998047,2264950
2015-07-15,78.77814483642578,79.14376831054688,78.46876525878906,78.60939025878906,48.65945816040039,1504877
2015-07-16,78.58126831054688,78.83439636230469,78.24376678466797,78.52501678466797,48.60722732543945,1827243
2015-07-17,78.55314636230469,79.73439025878906,78.46876525878906,79.42501831054688,49.164337158203125,1696436
2015-07-20,79.73439025878906,79.73439025878906,78.77814483642578,78.86251831054688,48.81615447998047,1668294
2015-07-21,78.83439636230469,79.25627136230469,78.55314636230469,78.75001525878906,48.74650955200195,1315889
2015-07-22,78.58126831054688,80.5781478881836,78.07501983642578,80.32501983642578,49.721435546875,1890132
2015-07-23,80.49376678466797,80.60626983642578,79.17189025878906,80.0156478881836,49.529930114746094,1225377
2015-07-24,79.98751831054688,80.40939331054688,79.42501831054688,79.90314483642578,49.460296630859375,1692284
2015-07-27,79.50939178466797,80.40939331054688,78.77814483642578,78.97502136230469,48.88578414916992,1296310
2015-07-28,79.31251525878906,79.70626831054688,78.44064331054688,79.50939178466797,49.216556549072266,1547151
2015-07-29,79.14376831054688,79.48126983642578,78.46876525878906,78.75001525878906,48.74650955200195,1900932
2015-07-30,78.86251831054688,80.5781478881836,78.69377136230469,80.10002136230469,49.582149505615234,2942993
2015-07-31,80.35314178466797,80.35314178466797,78.97502136230469,79.87501525878906,49.44289016723633,1956499
2015-08-03,79.34064483642578,80.38127136230469,78.91876983642578,79.08751678466797,48.955421447753906,1508372
2015-08-04,79.03126525878906,80.1562728881836,78.72189331054688,79.31251525878906,49.09469985961914,1001510
2015-08-05,79.31251525878906,79.56564331054688,78.80626678466797,79.17189025878906,49.007652282714844,1107859
2015-08-06,78.91876983642578,79.81877136230469,78.86251831054688,79.34064483642578,49.112098693847656,1295185
2015-08-07,79.05939483642578,80.04376983642578,78.38439178466797,78.52501678466797,48.60722732543945,2213871
2015-08-10,78.80626678466797,79.59376525878906,77.28752136230469,77.65314483642578,48.067543029785156,2570753
2015-08-11,78.75001525878906,79.20001983642578,76.27501678466797,77.59689331054688,48.0327262878418,3873211
2015-08-12,77.06251525878906,77.56877136230469,76.33126831054688,76.50001525878906,47.3537483215332,1472522
2015-08-13,76.38751983642578,77.96251678466797,70.87501525878906,77.51251983642578,47.98049545288086,2470225
2015-08-14,77.51251983642578,78.21564483642578,77.45626831054688,77.82189178466797,48.171993255615234,1304682
2015-08-17,77.90626525878906,78.44064331054688,77.03439331054688,77.68126678466797,48.0849494934082,813782
2015-08-18,77.68126678466797,78.01876831054688,76.86564636230469,77.28752136230469,47.841224670410156,1461999
2015-08-19,77.34376525878906,77.85002136230469,76.55626678466797,76.75314331054688,47.51043701171875,2417706
2015-08-20,75.99376678466797,77.03439331054688,75.57189178466797,76.55626678466797,47.388572692871094,2256015
2015-08-21,75.93751525878906,76.05001831054688,74.84064483642578,75.03752136230469,46.448463439941406,4024183
2015-08-24,73.60314178466797,74.53126525878906,71.83126831054688,73.74376678466797,45.647621154785156,7651174
2015-08-25,73.68751525878906,75.17814636230469,70.39688873291016,72.33751678466797,44.77714538574219,12357515
2015-08-26,72.33751678466797,74.70001983642578,72.00001525878906,73.65939331054688,45.595394134521484,2616303
2015-08-27,74.50314331054688,77.87814331054688,73.26564025878906,75.85314178466797,46.953338623046875,5402025
2015-08-28,76.27501678466797,77.34376525878906,75.20626831054688,76.02189636230469,47.05778503417969,2205183
2015-08-31,75.65626525878906,76.19064331054688,73.18126678466797,73.49064636230469,45.49094772338867,2305711
2015-09-01,72.75939178466797,73.74376678466797,72.00001525878906,72.61876678466797,44.95124816894531,3973158
2015-09-02,72.73126983642578,73.12501525878906,69.60939025878906,70.42501831054688,43.59330749511719,4507483
2015-09-03,70.53751373291016,72.02814483642578,70.36876678466797,71.55001831054688,44.28968811035156,3114461
2015-09-04,71.38126373291016,71.38126373291016,68.87814331054688,69.52501678466797,43.036197662353516,3868544
2015-09-07,69.07501983642578,70.25626373291016,67.80938720703125,68.79376983642578,43.039730072021484,3112256
2015-09-08,68.62501525878906,71.71876525878906,68.11876678466797,70.90314483642578,44.35942840576172,2951677
2015-09-09,72.78752136230469,73.40626525878906,70.08751678466797,70.87501525878906,44.341819763183594,3201416
2015-09-10,70.17189025878906,70.17189025878906,67.89376831054688,69.38439178466797,43.40924072265625,3984541
2015-09-11,69.75001525878906,70.76251983642578,69.24376678466797,69.91876983642578,43.743568420410156,1783681
2015-09-14,70.20001983642578,71.97189331054688,69.46876525878906,71.74689483642578,44.887290954589844,2400945
2015-09-15,71.71876525878906,73.20939636230469,70.87501525878906,72.19689178466797,45.16883850097656,3189547
2015-09-16,72.28126525878906,73.96876525878906,72.00001525878906,73.74376678466797,46.1366081237793,2668351
2015-09-18,74.25001525878906,75.88127136230469,73.96876525878906,75.09376525878906,46.98121643066406,2710372
2015-09-21,74.70001983642578,77.06251525878906,74.08126831054688,76.80939483642578,48.0545654296875,3040868
2015-09-22,76.89376831054688,77.06251525878906,72.70314025878906,73.68751525878906,46.101417541503906,2618545
2015-09-23,73.71564483642578,74.25001525878906,70.76251983642578,71.88751983642578,44.975276947021484,5775906
2015-09-24,72.00001525878906,73.15314483642578,70.05939483642578,70.53751373291016,44.130680084228516,9733917
2015-09-28,71.12814331054688,72.56251525878906,70.14376831054688,71.32501983642578,44.62337112426758,2407051
2015-09-29,70.79064178466797,73.40626525878906,70.53751373291016,72.19689178466797,45.16883850097656,2414852
2015-09-30,72.22502136230469,74.64376831054688,72.19689178466797,74.44689178466797,46.57651138305664,3047665
2015-10-01,74.81251525878906,75.31877136230469,73.26564025878906,73.43439483642578,45.943058013916016,2020545
2015-10-05,73.68751525878906,75.45939636230469,73.65939331054688,74.53126525878906,46.629295349121094,1811432
2015-10-06,74.72814178466797,75.65626525878906,74.08126831054688,74.39064025878906,46.541316986083984,1868486
2015-10-07,74.58751678466797,74.92501831054688,74.08126831054688,74.55939483642578,46.64691162109375,1403044
2015-10-08,74.75627136230469,74.81251525878906,74.02501678466797,74.50314331054688,46.6116943359375,1318938
2015-10-09,74.81251525878906,75.09376525878906,74.19377136230469,74.55939483642578,46.64691162109375,1421375
2015-10-12,74.53126525878906,75.20626831054688,74.13751983642578,74.98126983642578,46.910831451416016,1574616
2015-10-13,74.81251525878906,75.20626831054688,74.50314331054688,74.84064483642578,46.822853088378906,715400
2015-10-14,74.75627136230469,75.09376525878906,74.36251831054688,74.81251525878906,46.80525207519531,1722301
2015-10-15,75.09376525878906,76.19064331054688,74.92501831054688,75.96564483642578,47.52670669555664,2959602
2015-10-16,76.16252136230469,76.50001525878906,75.15001678466797,75.93751525878906,47.50910186767578,3651488
2015-10-19,75.93751525878906,76.13439178466797,74.72814178466797,75.26251983642578,47.086795806884766,1640198
2015-10-20,75.37501525878906,77.11876678466797,75.09376525878906,76.44377136230469,47.825836181640625,3296804
2015-10-21,76.50001525878906,77.17501831054688,75.88127136230469,76.44377136230469,47.825836181640625,3504240
2015-10-23,76.78126525878906,77.37189483642578,76.21876525878906,76.69689178466797,47.984188079833984,2367650
2015-10-26,76.78126525878906,76.97814178466797,76.07814025878906,76.35939025878906,47.77302932739258,1788557
2015-10-27,76.24689483642578,76.64064025878906,75.06564331054688,75.31877136230469,47.12198257446289,1680870
2015-10-28,74.89689636230469,75.34689331054688,73.37814331054688,73.71564483642578,46.119014739990234,4725765
2015-10-29,73.46251678466797,73.46251678466797,70.98751831054688,72.08439636230469,45.09844207763672,6657486
2015-10-30,72.28126525878906,74.16564178466797,72.14064025878906,72.42189025878906,45.309600830078125,3034065
2015-11-02,72.42189025878906,72.78752136230469,71.52188873291016,72.53439331054688,45.37998580932617,1507300
2015-11-03,73.37814331054688,74.33439636230469,73.23751831054688,74.05314636230469,46.33016586303711,2879807
2015-11-04,74.92501831054688,75.31877136230469,73.35002136230469,73.80001831054688,46.17181396484375,10212719
2015-11-05,74.13751983642578,74.53126525878906,73.35002136230469,73.65939331054688,46.08382034301758,9402139
2015-11-06,74.47502136230469,74.53126525878906,72.59064483642578,73.85626983642578,46.207000732421875,4219805
2015-11-09,72.56251525878906,73.63127136230469,71.24063873291016,73.15314483642578,45.767093658447266,5260832
2015-11-10,72.67501831054688,73.09689331054688,71.83126831054688,72.16876983642578,45.15123748779297,1531108
2015-11-13,72.00001525878906,73.91252136230469,71.71876525878906,73.23751831054688,45.819889068603516,1386876
2015-11-16,72.84376525878906,73.51876831054688,72.30939483642578,72.56251525878906,45.39759063720703,1462412
2015-11-17,72.70314025878906,74.13751983642578,72.67501831054688,73.54689025878906,46.0134391784668,1602664
2015-11-18,73.49064636230469,74.02501678466797,72.98439025878906,73.63127136230469,46.06623458862305,1327429
2015-11-19,74.08126831054688,74.64376831054688,73.37814331054688,74.16564178466797,46.40055847167969,2523368
2015-11-20,74.25001525878906,74.64376831054688,73.35002136230469,73.63127136230469,46.06623458862305,2168468
2015-11-23,73.40626525878906,74.13751983642578,73.40626525878906,73.91252136230469,46.2421875,2177227
2015-11-24,73.68751525878906,74.58751678466797,73.65939331054688,74.16564178466797,46.40055847167969,1241516
2015-11-26,73.96876525878906,75.62814331054688,73.91252136230469,75.26251983642578,47.086795806884766,4171542
2015-11-27,75.17814636230469,75.37501525878906,74.53126525878906,75.09376525878906,46.98121643066406,1605635
2015-11-30,75.12189483642578,77.00627136230469,74.98126983642578,76.61251831054688,47.931396484375,2006989
2015-12-01,76.55626678466797,77.62501525878906,76.13439178466797,76.50001525878906,47.86101150512695,2520479
2015-12-02,76.50001525878906,76.80939483642578,75.71251678466797,76.16252136230469,47.64987564086914,1390936
2015-12-03,75.93751525878906,76.50001525878906,74.98126983642578,75.26251983642578,47.086795806884766,1173194
2015-12-04,75.20626831054688,75.20626831054688,73.37814331054688,73.54689025878906,46.0134391784668,1376556
2015-12-07,73.68751525878906,74.16564178466797,72.95626831054688,73.77189636230469,46.15420913696289,1525844
2015-12-08,73.68751525878906,73.80001831054688,72.75939178466797,73.23751831054688,45.819889068603516,1469647
2015-12-09,72.95626831054688,74.08126831054688,72.59064483642578,73.20939636230469,45.802303314208984,2198948
2015-12-10,73.12501525878906,73.68751525878906,72.70314025878906,73.54689025878906,46.0134391784668,1086874
2015-12-11,73.68751525878906,73.68751525878906,71.66251373291016,72.00001525878906,45.04566955566406,1514970
2015-12-14,71.60626983642578,72.78752136230469,71.29689025878906,72.08439636230469,45.09844207763672,1552518
2015-12-15,72.08439636230469,73.01251983642578,71.57814025878906,72.84376525878906,45.57353591918945,1842404
2015-12-16,73.12501525878906,75.43126678466797,72.95626831054688,75.00939178466797,46.928443908691406,2623492
2015-12-17,74.98126983642578,76.02189636230469,74.10939025878906,75.68439483642578,47.350730895996094,1092627
2015-12-18,75.37501525878906,76.78126525878906,74.84064483642578,76.16252136230469,47.64987564086914,28017527
2015-12-21,76.16252136230469,78.69377136230469,76.16252136230469,78.44064331054688,49.07514572143555,6238035
2015-12-22,78.49689483642578,79.08751678466797,77.59689331054688,77.90626525878906,48.74082565307617,9652753
2015-12-23,78.07501983642578,79.03126525878906,78.07501983642578,78.77814483642578,49.286277770996094,3720080
2015-12-24,78.75001525878906,79.22814178466797,78.38439178466797,78.80626678466797,49.303897857666016,2224191
2015-12-28,79.00314331054688,80.2968978881836,78.55314636230469,79.95939636230469,50.02532958984375,5761043
2015-12-29,79.98751831054688,80.21251678466797,78.97502136230469,79.28439331054688,49.60301971435547,8576492
2015-12-30,78.89064025878906,79.67814636230469,78.89064025878906,79.31251525878906,49.62061309814453,8189382
2015-12-31,79.31251525878906,79.87501525878906,78.52501678466797,79.39689636230469,49.67340087890625,7159928
2016-01-01,79.53752136230469,79.79064178466797,79.17189025878906,79.31251525878906,49.62061309814453,3229824
2016-01-04,79.03126525878906,81.19689178466797,78.69377136230469,79.28439331054688,49.60301971435547,6809859
2016-01-05,79.34064483642578,79.84689331054688,77.73751831054688,78.27189636230469,48.96956253051758,4259054
2016-01-06,77.96251678466797,78.72189331054688,77.62501525878906,78.46876525878906,49.09273910522461,5320149
2016-01-07,78.46876525878906,79.73439025878906,77.34376525878906,77.68126678466797,48.60004806518555,6787347
2016-01-08,78.75001525878906,79.87501525878906,78.13127136230469,79.67814636230469,49.849361419677734,10345830
2016-01-11,79.03126525878906,81.8437728881836,78.18751525878906,80.5781478881836,50.41243362426758,8283638
2016-01-12,80.7187728881836,82.5468978881836,79.90314483642578,80.2968978881836,50.236473083496094,6611338
2016-01-13,80.52189636230469,81.22502136230469,78.80626678466797,80.38127136230469,50.28925323486328,7462021
2016-01-14,79.53752136230469,81.2812728881836,79.53752136230469,80.35314178466797,50.271671295166016,10278564
2016-01-15,79.95939636230469,80.5781478881836,77.79376983642578,78.24376678466797,48.951969146728516,7430643
2016-01-18,78.75001525878906,79.34064483642578,77.28752136230469,77.70939636230469,48.617637634277344,7411237
2016-01-19,77.87814331054688,78.63751983642578,75.82501983642578,76.47189331054688,47.84341812133789,7282040
2016-01-20,75.71251678466797,78.91876983642578,73.43439483642578,75.74064636230469,47.385921478271484,15997901
2016-01-21,75.82501983642578,77.25939178466797,74.25001525878906,74.36251831054688,46.52373123168945,10416175
2016-01-22,74.92501831054688,76.38751983642578,74.30626678466797,74.86876678466797,46.840450286865234,8099084
2016-01-25,75.37501525878906,75.62814331054688,73.82814025878906,74.81251525878906,46.80525207519531,8893503
2016-01-27,75.26251983642578,78.32814025878906,75.03752136230469,77.76564025878906,48.65283966064453,14527719
2016-01-28,79.31251525878906,81.2812728881836,79.03126525878906,80.83126831054688,50.57078552246094,22594616
2016-01-29,81.45001983642578,83.47502136230469,81.2812728881836,83.16564178466797,52.03125762939453,11216960
2016-02-01,83.19377136230469,83.47502136230469,82.20939636230469,82.5468978881836,51.64414596557617,12278379
2016-02-02,82.4062728881836,84.5718994140625,81.5625228881836,82.2656478881836,51.468196868896484,18267134
2016-02-03,80.91564178466797,82.23751831054688,79.56564331054688,80.5781478881836,50.689720153808594,12098041
2016-02-04,81.47814178466797,82.9687728881836,80.35314178466797,82.57501983642578,51.945884704589844,8726120
2016-02-05,82.71564483642578,82.91252136230469,81.19689178466797,81.7031478881836,51.39741897583008,6170693
2016-02-08,81.59064483642578,82.15314483642578,79.67814636230469,80.12814331054688,50.4066276550293,3820374
2016-02-09,79.76251983642578,81.8437728881836,79.31251525878906,79.84689331054688,50.229698181152344,7297377
2016-02-10,79.31251525878906,81.30939483642578,79.31251525878906,80.63439178466797,50.72509765625,8119293
2016-02-11,80.35314178466797,80.91564178466797,75.43126678466797,76.89376831054688,48.37195587158203,7247688
2016-02-12,77.62501525878906,79.20001983642578,76.66876983642578,77.82189178466797,48.9558219909668,16065640
2016-02-15,78.24376678466797,79.11564636230469,77.68126678466797,78.01876831054688,49.07966232299805,8464543
2016-02-16,78.24376678466797,79.05939483642578,77.51251983642578,78.35626983642578,49.29197311401367,6766384
2016-02-17,78.66564178466797,78.66564178466797,77.25939178466797,78.52501678466797,49.398136138916016,7804863
2016-02-18,78.80626678466797,79.73439025878906,78.18751525878906,78.66564178466797,49.486595153808594,8779283
2016-02-19,78.63751983642578,79.87501525878906,78.21564483642578,79.31251525878906,49.893531799316406,6323086
2016-02-22,79.31251525878906,79.59376525878906,77.82189178466797,78.55314636230469,49.41584396362305,2293985
2016-02-23,78.75001525878906,78.91876983642578,76.89376831054688,77.11876678466797,48.51350784301758,3873885
2016-02-24,77.62501525878906,79.31251525878906,77.42814636230469,78.58126831054688,49.433536529541016,11387961
2016-02-25,78.80626678466797,78.89064025878906,73.71564483642578,74.10939025878906,46.62038040161133,19051305
2016-02-26,75.09376525878906,76.44377136230469,74.25001525878906,75.17814636230469,47.29269790649414,12511003
2016-02-29,75.57189178466797,75.57189178466797,72.67501831054688,73.15314483642578,46.018821716308594,11485783
2016-03-01,73.68751525878906,75.57189178466797,73.26564025878906,75.23439025878906,47.32807922363281,14281573
2016-03-02,75.93751525878906,77.73751831054688,75.40314483642578,76.16252136230469,47.911964416503906,13550709
2016-03-03,76.78126525878906,77.00627136230469,75.40314483642578,76.30314636230469,48.00040817260742,7057560
2016-03-04,76.72502136230469,78.27189636230469,76.19064331054688,77.99064636230469,49.06196975708008,29228314
2016-03-08,78.46876525878906,78.58126831054688,76.55626678466797,77.45626831054688,48.725807189941406,20131612
2016-03-09,77.00627136230469,78.86251831054688,76.83751678466797,78.60939025878906,49.45121765136719,7284193
2016-03-10,78.80626678466797,79.25627136230469,77.68126678466797,78.55314636230469,49.41584396362305,3713460
2016-03-11,78.55314636230469,78.97502136230469,77.42814636230469,77.73751831054688,48.90273666381836,4685588
2016-03-14,77.96251678466797,78.18751525878906,77.45626831054688,77.96251678466797,49.044288635253906,4423191
2016-03-15,77.70939636230469,78.75001525878906,77.70939636230469,78.15939331054688,49.16811752319336,11655129
2016-03-16,78.41252136230469,78.75001525878906,77.34376525878906,78.04689025878906,49.09735870361328,6170234
2016-03-17,78.32814025878906,78.89064025878906,77.00627136230469,77.62501525878906,48.83197021484375,7509036
2016-03-18,77.90626525878906,78.24376678466797,76.78126525878906,76.97814178466797,48.42504119873047,9195901
2016-03-21,76.80939483642578,77.87814331054688,76.64064025878906,77.62501525878906,48.83197021484375,4674151
2016-03-22,77.62501525878906,78.38439178466797,77.34376525878906,77.73751831054688,48.90273666381836,6628643
2016-03-23,77.23126983642578,78.27189636230469,77.03439331054688,77.31564331054688,48.63734817504883,11545428
2016-03-28,77.56877136230469,78.75001525878906,76.78126525878906,78.24376678466797,49.22122573852539,8691695
2016-03-29,78.75001525878906,79.31251525878906,77.37189483642578,77.70939636230469,48.88504409790039,11478000
2016-03-30,78.13127136230469,78.94689178466797,77.82189178466797,78.60939025878906,49.45121765136719,5797932
2016-03-31,77.90626525878906,79.00314331054688,77.90626525878906,78.24376678466797,49.22122573852539,15715729
2016-04-01,78.63751983642578,78.75001525878906,77.68126678466797,77.79376983642578,48.93812942504883,3935188
2016-04-04,78.04689025878906,78.80626678466797,77.79376983642578,77.96251678466797,49.044288635253906,5649881
2016-04-05,78.63751983642578,79.20001983642578,78.01876831054688,78.21564483642578,49.203521728515625,7744995
2016-04-06,78.66564178466797,79.48126983642578,78.38439178466797,78.58126831054688,49.433536529541016,10418272
2016-04-07,79.11564636230469,79.25627136230469,78.52501678466797,78.86251831054688,49.610450744628906,12408704
2016-04-08,78.89064025878906,79.39689636230469,78.89064025878906,79.25627136230469,49.858158111572266,4133630
2016-04-11,79.11564636230469,80.40939331054688,79.05939483642578,80.0156478881836,50.335853576660156,12360599
2016-04-12,79.87501525878906,81.7031478881836,79.87501525878906,80.52189636230469,50.654327392578125,8901453
2016-04-13,81.19689178466797,81.75939178466797,80.94377136230469,81.5625228881836,51.30895233154297,10239725
2016-04-18,81.5625228881836,82.5468978881836,80.2968978881836,82.09689331054688,51.64512634277344,7347390
2016-04-20,81.95626831054688,84.31877136230469,81.64689636230469,83.2500228881836,52.37052536010742,7716065
2016-04-21,83.44689178466797,84.12189483642578,81.61876678466797,82.20939636230469,51.715885162353516,6315086
2016-04-22,82.29376983642578,82.85626983642578,81.16876983642578,82.15314483642578,51.68050003051758,4320738
2016-04-25,82.18126678466797,82.18126678466797,80.18439483642578,80.88751983642578,50.884334564208984,3605005
2016-04-26,81.25314331054688,82.2656478881836,80.46564483642578,81.64689636230469,51.362037658691406,8964411
2016-04-27,81.73126983642578,82.1250228881836,80.80314636230469,81.19689178466797,51.07894515991211,3177289
2016-04-28,81.11251831054688,81.81564331054688,79.50939178466797,79.79064178466797,50.194313049316406,9408511
2016-04-29,80.0156478881836,80.91564178466797,79.03126525878906,80.66252136230469,50.74277877807617,4383214
2016-05-02,80.4375228881836,81.0000228881836,79.65001678466797,80.35314178466797,50.548160552978516,3383764
2016-05-03,80.4375228881836,82.57501983642578,80.4375228881836,81.67501831054688,51.379722595214844,4572397
2016-05-04,81.45001983642578,81.61876678466797,79.87501525878906,80.2968978881836,50.512786865234375,4435593
2016-05-05,80.4375228881836,81.16876983642578,79.93126678466797,80.5781478881836,50.689720153808594,2770226
2016-05-06,80.52189636230469,80.63439178466797,79.03126525878906,80.12814331054688,50.4066276550293,3714029
2016-05-09,80.1562728881836,81.08439636230469,79.67814636230469,80.7187728881836,50.77817916870117,5027038
2016-05-10,80.52189636230469,80.8593978881836,79.31251525878906,79.79064178466797,50.194313049316406,7758595
2016-05-11,79.20001983642578,79.98751831054688,78.46876525878906,79.56564331054688,50.052764892578125,4574270
2016-05-12,79.81877136230469,81.19689178466797,79.42501831054688,80.94377136230469,50.91971969604492,4877581
2016-05-13,80.60626983642578,81.67501831054688,80.10002136230469,81.4218978881836,51.22049331665039,6719824
2016-05-16,81.53439331054688,82.06877136230469,80.4375228881836,81.25314331054688,51.11433029174805,4500368
2016-05-17,82.1250228881836,82.1250228881836,80.21251678466797,81.50627136230469,51.2735710144043,4754541
2016-05-18,81.0000228881836,81.50627136230469,80.26876831054688,80.46564483642578,50.618934631347656,2573082
2016-05-19,80.60626983642578,81.90001678466797,80.60626983642578,81.22502136230469,51.09663009643555,6035130
2016-05-20,81.33751678466797,81.64689636230469,80.83126831054688,81.45001983642578,51.23818588256836,3055890
2016-05-23,81.90001678466797,83.75627136230469,81.5625228881836,83.33439636230469,52.42359924316406,10093334
2016-05-24,83.8125228881836,83.9531478881836,82.23751831054688,82.51876831054688,51.91050338745117,3545037
2016-05-25,83.2500228881836,84.3750228881836,82.71564483642578,84.20626831054688,52.972076416015625,7201959
2016-05-26,84.3750228881836,85.16252136230469,83.58751678466797,84.7125244140625,53.2905387878418,11348343
2016-05-27,85.16252136230469,85.72502136230469,83.70001983642578,84.8531494140625,53.37900924682617,7635493
2016-05-30,84.9937744140625,86.03439331054688,84.0093994140625,85.3593978881836,53.69746780395508,6049447
2016-05-31,85.5000228881836,85.6968994140625,84.12189483642578,84.3750228881836,53.0782356262207,4297008
2016-06-01,84.7125244140625,84.7125244140625,83.47502136230469,83.75627136230469,52.688987731933594,5018958
2016-06-02,83.75627136230469,84.7125244140625,83.30626678466797,84.48751831054688,53.148990631103516,3951078
2016-06-03,84.7125244140625,84.8531494140625,83.9531478881836,84.60002136230469,53.21976852416992,3453446
2016-06-06,84.48751831054688,84.76876831054688,83.55939483642578,83.9531478881836,52.812835693359375,2395810
2016-06-07,84.03752136230469,84.90939331054688,83.9531478881836,84.31877136230469,53.042842864990234,3771426
2016-06-08,84.3750228881836,86.00627136230469,83.98126983642578,85.80939483642578,53.98056411743164,3804592
2016-06-09,85.89376831054688,86.87814331054688,85.6968994140625,85.95001983642578,54.069034576416016,4520638
2016-06-10,86.00627136230469,87.27189636230469,85.9781494140625,86.85002136230469,54.635196685791016,8988984
2016-06-13,86.4843978881836,86.4843978881836,85.1343994140625,85.38751983642578,53.715152740478516,7199310
2016-06-14,85.3593978881836,85.72502136230469,84.54376983642578,84.68439483642578,53.2728385925293,2914984
2016-06-15,85.02189636230469,87.0468978881836,85.02189636230469,86.85002136230469,54.635196685791016,5287666
2016-06-16,86.85002136230469,87.91876983642578,85.4156494140625,86.9625244140625,54.70597457885742,5385026
2016-06-17,87.1875228881836,88.84689331054688,86.00627136230469,88.34064483642578,55.572914123535156,8985642
2016-06-20,88.3125228881836,88.5937728881836,87.3281478881836,88.11564636230469,55.431358337402344,5237563
2016-06-21,88.05939483642578,88.48126983642578,87.21564483642578,87.7500228881836,55.20134353637695,5276594
2016-06-22,87.77814483642578,88.14376831054688,86.9625244140625,87.5250244140625,55.05980682373047,4797461
2016-06-23,87.4687728881836,88.7906494140625,85.9781494140625,88.11564636230469,55.431358337402344,5027803
2016-06-24,86.31564331054688,87.83439636230469,84.7125244140625,87.63751983642578,55.1306037902832,6010853
2016-06-27,86.09064483642578,88.3125228881836,86.0625228881836,86.6250228881836,54.49365234375,5121198
2016-06-28,86.93439483642578,87.7500228881836,86.42814636230469,87.44064331054688,55.00674057006836,5842035
2016-06-29,87.63751983642578,90.1968994140625,87.49689483642578,89.5781478881836,56.35139465332031,9838712
2016-06-30,90.0000228881836,92.1656494140625,89.60626983642578,91.7437744140625,57.71372985839844,18696297
2016-07-01,92.2500228881836,93.60002136230469,91.6875228881836,92.89689636230469,58.43913269042969,9960809
2016-07-04,93.7687759399414,94.10626983642578,92.61564636230469,93.03752136230469,58.52760314941406,5753019
2016-07-05,92.98126983642578,93.26251983642578,90.45001983642578,90.7031478881836,57.05910110473633,5510329
2016-07-07,90.5625228881836,92.33439636230469,90.11251831054688,91.8843994140625,57.80219650268555,5911690
2016-07-08,91.9687728881836,93.03752136230469,90.9000244140625,92.5031509399414,58.191444396972656,7803900
2016-07-11,93.4312744140625,96.27189636230469,93.3469009399414,93.7125244140625,58.95222854614258,11133401
2016-07-12,93.9375228881836,95.0625228881836,93.40314483642578,93.7125244140625,58.95222854614258,9182267
2016-07-13,93.8531494140625,94.7531509399414,90.39376831054688,91.0406494140625,57.271400451660156,11106820
2016-07-14,91.43439483642578,93.1500244140625,91.06877136230469,92.84064483642578,58.403751373291016,7428442
2016-07-15,93.40314483642578,93.60002136230469,91.7437744140625,92.3906478881836,58.12065505981445,6629943
2016-07-18,92.5875244140625,93.26251983642578,91.4625244140625,91.80001831054688,57.74911117553711,3891623
2016-07-19,91.85626983642578,93.9375228881836,91.6875228881836,93.60002136230469,58.881446838378906,5987973
2016-07-20,93.9375228881836,95.6250228881836,93.88127136230469,94.6968994140625,59.57145309448242,7071425
2016-07-21,94.66876983642578,94.6968994140625,91.01251983642578,91.4062728881836,57.50141906738281,4189305
2016-07-22,91.9687728881836,94.52814483642578,91.6031494140625,93.5718994140625,58.86375045776367,7206087
2016-07-25,93.68439483642578,95.4000244140625,93.45939636230469,95.0344009399414,59.78377151489258,3967394
2016-07-26,95.2031478881836,97.3125228881836,94.0500259399414,96.41252136230469,60.650718688964844,8278821
2016-07-27,97.3125228881836,97.7062759399414,96.49690246582031,97.0031509399414,61.02227783203125,8851677
2016-07-28,97.25627136230469,100.6031494140625,96.83439636230469,99.1125259399414,62.3492317199707,31420184
2016-07-29,99.6187744140625,99.8437728881836,98.2687759399414,99.0000228881836,62.27845764160156,12377513
2016-08-01,99.0000228881836,101.19377136230469,98.80314636230469,99.6750259399414,62.703086853027344,11965659
2016-08-02,99.8437728881836,101.3625259399414,99.02815246582031,100.63127136230469,63.304630279541016,6487056
2016-08-03,100.6875228881836,100.7437744140625,97.7062759399414,98.94377136230469,62.243072509765625,10713465
2016-08-04,99.45002746582031,100.8843994140625,99.1968994140625,100.2375259399414,63.056941986083984,9047354
2016-08-05,100.6875228881836,101.9250259399414,99.02815246582031,99.2812728881836,62.45538330078125,8816394
2016-08-08,99.5625228881836,101.2500228881836,98.7187728881836,100.4062728881836,63.16309356689453,9540514
2016-08-09,100.4062728881836,101.05314636230469,98.7187728881836,99.0562744140625,62.31383514404297,6314021
2016-08-10,99.0562744140625,99.2812728881836,97.6500244140625,98.10002136230469,61.712284088134766,3789657
2016-08-11,97.9312744140625,99.30940246582031,97.0031509399414,97.90315246582031,61.588443756103516,5017074
2016-08-12,97.9875259399414,100.6875228881836,97.9875259399414,100.15315246582031,63.00386047363281,4369997
2016-08-16,100.57502746582031,102.9937744140625,99.1406478881836,99.8437728881836,62.809226989746094,22372774
2016-08-17,100.0969009399414,100.57502746582031,98.0156478881836,98.24064636230469,61.80074691772461,11599079
2016-08-18,99.5625228881836,103.0500259399414,99.1406478881836,102.3750228881836,64.40157318115234,20664320
2016-08-19,102.9375228881836,102.9375228881836,100.85627746582031,101.7844009399414,64.030029296875,16563739
2016-08-22,102.0656509399414,102.82502746582031,101.6718978881836,102.3469009399414,64.38390350341797,11335483
2016-08-23,102.0656509399414,103.16252136230469,101.2500228881836,102.45939636230469,64.45467376708984,7423678
2016-08-24,102.54377746582031,102.9375228881836,101.8687744140625,102.54377746582031,64.50775146484375,5319170
2016-08-25,102.6562728881836,104.0625228881836,101.5312728881836,102.5156478881836,64.49004364013672,12995397
2016-08-26,102.74064636230469,103.16252136230469,101.3625259399414,101.70002746582031,63.976959228515625,7097916
2016-08-29,101.9250259399414,102.0093994140625,99.9000244140625,101.3906478881836,63.78233337402344,2956326
2016-08-30,101.75627136230469,103.38752746582031,101.0812759399414,103.10627746582031,64.86160278320312,5212793
2016-08-31,102.9937744140625,103.7812728881836,102.2906494140625,103.3312759399414,65.00314331054688,6435761
2016-09-01,103.2187728881836,104.0625228881836,102.5156478881836,103.66877746582031,65.2154541015625,6116318
2016-09-02,103.80940246582031,104.0625228881836,102.54377746582031,103.38752746582031,65.03853607177734,3858397
2016-09-06,103.9218978881836,105.5812759399414,103.38752746582031,104.9625244140625,66.0293197631836,9001076
2016-09-07,104.6812744140625,105.1875228881836,103.44377136230469,103.9218978881836,65.37467956542969,5024999
2016-09-08,103.44377136230469,105.55315399169922,102.17814636230469,104.85002899169922,66.5020751953125,5980354
2016-09-09,104.6250228881836,104.99065399169922,103.16252136230469,103.38752746582031,65.57447814941406,5051740
2016-09-12,102.7125244140625,103.16252136230469,101.1093978881836,101.3906478881836,64.30792999267578,4144478
2016-09-14,101.2219009399414,101.84065246582031,100.4062728881836,100.77189636230469,63.915489196777344,6680869
2016-09-15,101.47502136230469,101.47502136230469,97.90315246582031,98.32502746582031,62.36355972290039,8920122
2016-09-16,99.16877746582031,101.5312728881836,97.39689636230469,99.02815246582031,62.80950927734375,21690721
2016-09-19,98.8312759399414,100.2375259399414,98.0156478881836,99.78752136230469,63.29115295410156,4266806
2016-09-20,99.92814636230469,100.91252136230469,99.5625228881836,100.1812744140625,63.54087829589844,4769662
2016-09-21,100.1812744140625,101.3062744140625,98.18440246582031,98.60627746582031,62.54192352294922,4957941
2016-09-22,99.6187744140625,101.41877746582031,99.1125259399414,100.43440246582031,63.70143127441406,4676363
2016-09-23,100.2656478881836,100.91252136230469,98.8312759399414,98.9719009399414,62.773826599121094,7599534
2016-09-26,98.8312759399414,100.29377746582031,98.3531494140625,98.8312759399414,62.68462371826172,6333433
2016-09-27,99.36564636230469,100.20939636230469,98.9156494140625,99.1125259399414,62.863014221191406,6069513
2016-09-28,99.1125259399414,100.7437744140625,99.1125259399414,100.3781509399414,63.665748596191406,4515648
2016-09-29,100.5468978881836,102.4312744140625,96.5812759399414,97.53752136230469,61.86405944824219,13380901
2016-09-30,97.9312744140625,99.9562759399414,96.49690246582031,99.30940246582031,62.987884521484375,11831869
2016-10-03,99.64689636230469,102.88127136230469,98.7750244140625,101.9250259399414,64.64685821533203,9403402
2016-10-04,102.0937728881836,102.7687759399414,101.5031509399414,101.8125228881836,64.57551574707031,7967290
2016-10-05,101.89689636230469,103.16252136230469,101.47502136230469,102.03752136230469,64.71822357177734,5347763
2016-10-06,101.98127746582031,102.5156478881836,99.8437728881836,100.06877136230469,63.46953201293945,5654229
2016-10-07,100.06877136230469,101.0250244140625,99.16877746582031,99.5344009399414,63.13058853149414,3980080
2016-10-10,99.6750259399414,100.6875228881836,99.6750259399414,100.15315246582031,63.5230598449707,4458994
2016-10-13,99.87190246582031,100.0406494140625,97.7062759399414,98.4375228881836,62.434898376464844,14897308
2016-10-14,98.88752746582031,100.4062728881836,97.05940246582031,99.9562759399414,63.39818572998047,4958871
2016-10-17,99.16877746582031,99.92814636230469,98.32502746582031,99.02815246582031,62.80950927734375,4534814
2016-10-18,99.4218978881836,100.01252746582031,98.4375228881836,99.22502136230469,62.934364318847656,7289895
2016-10-19,99.5344009399414,101.6718978881836,99.0562744140625,100.43440246582031,63.70143127441406,9020687
2016-10-20,100.8843994140625,101.3906478881836,100.0406494140625,100.49064636230469,63.73709487915039,4037879
2016-10-21,100.8843994140625,100.8843994140625,99.0562744140625,99.5344009399414,63.13058853149414,10350237
2016-10-24,99.3375244140625,100.3218994140625,98.52189636230469,99.0562744140625,62.82733917236328,2945373
2016-10-25,99.30940246582031,100.6594009399414,98.7750244140625,100.3218994140625,63.630069732666016,3002870
2016-10-26,100.1250228881836,100.29377746582031,98.32502746582031,98.7187728881836,62.6132698059082,3927291
2016-10-27,98.4937744140625,99.4781494140625,97.7062759399414,98.7187728881836,62.6132698059082,7017500
2016-10-28,98.88752746582031,99.5625228881836,96.77815246582031,98.94377136230469,62.75599670410156,4282450
2016-11-01,98.5781478881836,100.99690246582031,97.95939636230469,99.50627136230469,63.11274719238281,5277438
2016-11-02,98.9719009399414,99.2812728881836,98.1281509399414,98.4937744140625,62.47056198120117,4859666
2016-11-03,98.52189636230469,98.8312759399414,98.04377746582031,98.4094009399414,62.41703796386719,4078615
2016-11-04,98.4375228881836,98.9156494140625,96.3281478881836,97.62190246582031,61.91756820678711,4179894
2016-11-07,98.04377746582031,98.2125244140625,97.62190246582031,97.8750228881836,62.07811737060547,7660803
2016-11-08,98.0156478881836,99.9000244140625,97.81877136230469,99.5625228881836,63.14842224121094,3265787
2016-11-09,95.6250228881836,101.98127746582031,93.9094009399414,101.3625259399414,64.29010009765625,13247214
2016-11-10,104.0625228881836,106.8750228881836,101.89689636230469,106.0031509399414,67.23348236083984,18046820
2016-11-11,104.6250228881836,106.0312728881836,102.0937728881836,102.9937744140625,65.3247299194336,8770575
2016-11-15,102.68440246582031,104.9625244140625,102.68440246582031,104.0344009399414,65.98477935791016,11489252
2016-11-16,104.93440246582031,107.1562728881836,103.1343994140625,106.0312728881836,67.25130462646484,10203154
2016-11-17,105.7219009399414,110.47502899169922,103.6125259399414,108.50627899169922,68.82110595703125,9392264
2016-11-18,108.98440551757812,109.85627746582031,107.66252899169922,107.9719009399414,68.48217010498047,12168642
2016-11-21,108.92815399169922,108.92815399169922,103.66877746582031,104.09065246582031,66.02043151855469,12187225
2016-11-22,104.56877899169922,105.0187759399414,101.6718978881836,103.3593978881836,65.55662536621094,11976002
2016-11-23,103.6125259399414,105.49690246582031,101.0250244140625,102.17814636230469,64.80741882324219,13625626
2016-11-24,102.3469009399414,105.13127899169922,101.41877746582031,104.09065246582031,66.02043151855469,18404432
2016-11-25,104.6812744140625,106.9875259399414,104.0625228881836,106.11565399169922,67.30482482910156,14716858
2016-11-28,105.1875228881836,109.57502746582031,105.1594009399414,107.1562728881836,67.96485900878906,10318399
2016-11-29,107.24065399169922,107.74690246582031,106.0312728881836,106.5656509399414,67.59024810791016,12406804
2016-11-30,107.32502746582031,108.3937759399414,105.5250244140625,107.94377899169922,68.46431732177734,7446808
2016-12-01,108.28128051757812,108.28128051757812,103.2187728881836,103.66877746582031,65.75287628173828,11056167
2016-12-02,104.0625228881836,104.56877899169922,102.6562728881836,103.38752746582031,65.57447814941406,9676372
2016-12-05,103.3312759399414,104.65315246582031,101.7281494140625,104.1187744140625,66.03827667236328,12282830
2016-12-06,104.28752899169922,104.9625244140625,102.6562728881836,102.88127136230469,65.25338745117188,4550359
2016-12-07,103.8937759399414,104.3437728881836,102.3750228881836,102.6281509399414,65.09283447265625,4265108
2016-12-08,103.4719009399414,104.5969009399414,102.12190246582031,104.42815399169922,66.23450469970703,5413273
2016-12-09,104.6250228881836,104.6250228881836,103.3593978881836,103.7531509399414,65.80638122558594,3451184
2016-12-12,103.6406478881836,104.3156509399414,103.16252136230469,103.9218978881836,65.91341400146484,3689403
2016-12-13,104.3437728881836,104.93440246582031,102.6281509399414,104.2031478881836,66.091796875,4417447
2016-12-14,104.0625228881836,104.28752899169922,102.0656509399414,102.3469009399414,64.91445922851562,7312670
2016-12-15,101.8125228881836,104.4843978881836,101.5312728881836,103.1343994140625,65.4139404296875,5253972
2016-12-16,103.24690246582031,104.7656478881836,102.2062759399414,103.38752746582031,65.57447814941406,26025533
2016-12-19,103.58439636230469,104.0625228881836,102.8531494140625,103.5562744140625,65.68151092529297,3627943
2016-12-20,103.5000228881836,103.7531509399414,102.2343978881836,102.3469009399414,64.91445922851562,5757036
2016-12-21,102.40315246582031,103.3312759399414,102.2343978881836,103.0781478881836,65.37825012207031,5279390
2016-12-22,102.9375228881836,103.1906509399414,101.8687744140625,102.2343978881836,64.84309387207031,2653684
2016-12-23,102.1500244140625,102.7687759399414,100.6875228881836,102.54377746582031,65.0393295288086,4805945
2016-12-26,102.5718994140625,102.5718994140625,100.2656478881836,100.57502746582031,63.79062271118164,5932940
2016-12-27,100.5187759399414,102.2062759399414,99.30940246582031,101.84065246582031,64.59334564208984,4555998
2016-12-28,101.84065246582031,102.9375228881836,100.7437744140625,101.2500228881836,64.21875,3739977
2016-12-29,100.8000259399414,102.0656509399414,100.6875228881836,101.27815246582031,64.23658752441406,14737238
2016-12-30,101.47502136230469,104.1187744140625,101.3906478881836,103.2187728881836,65.46744537353516,4872601
2017-01-02,103.2187728881836,104.1750259399414,102.7125244140625,103.30314636230469,65.52095031738281,1811713
2017-01-03,104.00627899169922,106.0312728881836,103.7812728881836,105.77815246582031,67.09076690673828,7819727
2017-01-04,105.77815246582031,106.2281494140625,104.65315246582031,105.0468978881836,66.62696075439453,7829503
2017-01-05,105.21565246582031,107.5781478881836,104.6812744140625,107.3531494140625,68.08972930908203,6362320
2017-01-06,107.52190399169922,108.4781494140625,105.8906478881836,106.20002746582031,67.35834503173828,6298387
2017-01-09,106.4250259399414,106.4250259399414,104.1187744140625,104.93440246582031,66.55560302734375,2956484
2017-01-10,104.9625244140625,105.91877746582031,104.09065246582031,104.93440246582031,66.55560302734375,4626997
2017-01-11,105.35627746582031,107.66252899169922,104.56877899169922,106.76252746582031,67.71509552001953,21835704
2017-01-12,106.8750228881836,112.35940551757812,106.8750228881836,111.37503051757812,70.64061737060547,26857806
2017-01-13,112.44377899169922,112.44377899169922,110.27815246582031,110.89690399169922,70.33737182617188,23933005
2017-01-16,110.81253051757812,113.09065246582031,110.67190551757812,112.16252899169922,71.14010620117188,8473484
2017-01-17,112.16252899169922,112.86565399169922,109.7437744140625,111.23440551757812,70.55142211914062,10193606
2017-01-18,111.37503051757812,112.30315399169922,110.84065246582031,111.6281509399414,70.80118560791016,21229809
2017-01-19,111.88127899169922,114.5812759399414,110.95315551757812,113.51252746582031,71.99635314941406,8756982
2017-01-20,113.9625244140625,113.9625244140625,111.0656509399414,112.16252899169922,71.14010620117188,12987134
2017-01-23,112.4156494140625,113.7375259399414,111.96565246582031,112.6125259399414,71.42550659179688,7334154
2017-01-24,113.06253051757812,115.1437759399414,112.8375244140625,114.3843994140625,72.54935455322266,7122776
2017-01-25,114.55315399169922,114.77815246582031,113.56877899169922,114.2437744140625,72.46015930175781,10336365
2017-01-27,114.46878051757812,116.4094009399414,113.93440246582031,115.05940246582031,72.97747802734375,11095330
2017-01-30,114.91877746582031,116.1281509399414,113.90628051757812,115.7062759399414,73.38777923583984,5832917
2017-01-31,115.59378051757812,117.70315551757812,115.0031509399414,116.5500259399414,73.92291259765625,7593736
2017-02-01,117.33753204345703,117.33753204345703,115.17190551757812,115.76252746582031,73.42344665527344,7325455
2017-02-02,115.81877899169922,115.87503051757812,114.32815551757812,114.7219009399414,72.76341247558594,7773806
2017-02-03,114.3000259399414,115.76252746582031,113.1187744140625,113.4562759399414,71.96068572998047,4479429
2017-02-06,113.76565551757812,114.8625259399414,112.35940551757812,113.1187744140625,71.74662017822266,6337200
2017-02-07,113.42815399169922,114.5250244140625,112.0500259399414,112.44377899169922,71.3184814453125,6562928
2017-02-08,113.06253051757812,114.0187759399414,111.54377746582031,113.1187744140625,71.74662017822266,9024346
2017-02-09,113.85002899169922,115.6500244140625,112.95002746582031,113.70940399169922,72.1212387084961,12790725
2017-02-10,115.4250259399414,115.76252746582031,112.07815551757812,112.44377899169922,71.3184814453125,16817238
2017-02-13,113.4562759399414,114.7219009399414,112.21878051757812,114.21565246582031,72.44231414794922,9508762
2017-02-14,114.69377899169922,114.7219009399414,112.5562744140625,112.9781494140625,71.6574478149414,9403263
2017-02-15,113.28752899169922,113.9625244140625,112.35940551757812,113.3156509399414,71.87149047851562,7302351
2017-02-16,112.50003051757812,113.8781509399414,111.9937744140625,113.14690399169922,72.12248229980469,6272531
2017-02-17,113.62503051757812,114.32815551757812,112.24690246582031,113.93440246582031,72.62445068359375,4966775
2017-02-20,114.69377899169922,116.66252899169922,113.51252746582031,116.1281509399414,74.02278900146484,9917513
2017-02-21,116.1281509399414,116.88752746582031,115.05940246582031,115.95940399169922,73.91522979736328,7428835
2017-02-22,117.36565399169922,117.50627899169922,113.00627899169922,113.4000244140625,72.28382110595703,26345564
2017-02-23,113.62503051757812,113.62503051757812,111.68440246582031,112.02190399169922,71.40534973144531,13404307
2017-02-27,112.50003051757812,112.50003051757812,107.94377899169922,108.42190551757812,69.11064910888672,14798634
2017-02-28,107.94377899169922,109.6031494140625,107.74690246582031,108.08440399169922,68.89551544189453,10051421
2017-03-01,108.84378051757812,109.5187759399414,107.9156494140625,108.36565399169922,69.07478332519531,10348326
2017-03-02,109.12503051757812,109.12503051757812,106.3125228881836,106.7343978881836,68.03498077392578,10629352
2017-03-03,106.3125228881836,107.5781478881836,105.7500228881836,107.3531494140625,68.42941284179688,8454072
2017-03-06,107.9156494140625,110.3625259399414,107.4937744140625,109.0406494140625,69.50505065917969,14858083
2017-03-07,109.43440246582031,110.2219009399414,108.87190246582031,109.43440246582031,69.75602722167969,11746802
2017-03-08,109.85627746582031,111.1500244140625,109.20940399169922,110.0250244140625,70.13251495361328,7938282
2017-03-09,110.13752746582031,110.13752746582031,108.28128051757812,109.3781509399414,69.7201919555664,9777769
2017-03-10,109.68753051757812,110.0812759399414,106.90315246582031,108.30940246582031,69.03892517089844,16388459
2017-03-14,111.6281509399414,111.7687759399414,108.3375244140625,108.92815399169922,69.433349609375,11886293
2017-03-15,109.12503051757812,109.15315246582031,108.28128051757812,108.5344009399414,69.18236541748047,7772586
2017-03-16,109.20940399169922,109.9406509399414,108.42190551757812,109.7437744140625,69.9532241821289,5161993
2017-03-17,110.70002746582031,110.81253051757812,108.6187744140625,109.12503051757812,69.558837890625,9522200
2017-03-20,109.12503051757812,109.3781509399414,108.42190551757812,108.9000244140625,69.41539764404297,9378518
2017-03-21,109.12503051757812,109.43440246582031,108.50627899169922,108.70315551757812,69.2899169921875,8126819
2017-03-22,107.74690246582031,110.0250244140625,107.6906509399414,108.0562744140625,68.8775863647461,8203222
2017-03-23,108.56253051757812,108.84378051757812,107.7750244140625,108.59065246582031,69.21820831298828,5875356
2017-03-24,109.0406494140625,109.77190399169922,108.70315551757812,108.98440551757812,69.46919250488281,6164329
2017-03-27,109.12503051757812,110.3062744140625,108.92815399169922,109.6031494140625,69.86358642578125,7104197
2017-03-28,109.49065399169922,110.81253051757812,109.49065399169922,110.6437759399414,70.52692413330078,6020578
2017-03-29,110.98127746582031,111.0656509399414,110.10940551757812,110.7281494140625,70.58070373535156,6451066
2017-03-30,110.98127746582031,111.23440551757812,109.26565551757812,109.9406509399414,70.07872009277344,13016042
2017-03-31,110.05315399169922,112.44377899169922,110.05315399169922,110.98127746582031,70.7420425415039,8522874
2017-04-03,112.16252899169922,112.16252899169922,110.25003051757812,110.3625259399414,70.34764862060547,9945512
2017-04-05,110.7281494140625,111.31877899169922,109.2375259399414,109.68753051757812,69.91738891601562,7061975
2017-04-06,110.47502899169922,111.3469009399414,108.6187744140625,110.9250259399414,70.70618438720703,7466431
2017-04-07,110.27815246582031,110.39065551757812,109.40628051757812,109.68753051757812,69.91738891601562,9205565
2017-04-10,109.71565246582031,110.05315399169922,109.3218994140625,109.85627746582031,70.02494049072266,5763232
2017-04-11,109.8843994140625,113.4000244140625,109.40628051757812,112.02190399169922,71.40534973144531,10668096
2017-04-12,112.50003051757812,113.34378051757812,110.25003051757812,111.1500244140625,70.84961700439453,6620702
2017-04-13,111.26252746582031,113.09065246582031,110.70002746582031,112.50003051757812,71.71013641357422,5910355
2017-04-17,112.4719009399414,114.27190399169922,111.93753051757812,113.79377746582031,72.53480529785156,11138596
2017-04-18,113.90628051757812,114.91877746582031,113.42815399169922,113.8218994140625,72.552734375,7675098
2017-04-19,114.1031494140625,120.09378051757812,113.5969009399414,118.8000259399414,75.72589874267578,29099215
2017-04-20,119.25003051757812,119.47502899169922,115.5656509399414,117.50627899169922,74.90123748779297,11822555
2017-04-21,117.78752899169922,118.3781509399414,114.63752746582031,115.6500244140625,73.718017578125,7938078
2017-04-24,116.15628051757812,116.4094009399414,114.8062744140625,115.2281494140625,73.44911193847656,7520828
2017-04-25,115.87503051757812,118.06877899169922,115.20002746582031,117.33753204345703,74.79366302490234,6293621
2017-04-26,117.28128051757812,117.28128051757812,114.89065551757812,115.7062759399414,73.75389099121094,5977354
2017-04-27,115.87503051757812,118.20940399169922,115.39690399169922,116.85940551757812,74.48890686035156,13646716
2017-04-28,116.43753051757812,117.3937759399414,115.8469009399414,117.00003051757812,74.57854461669922,5477289
2017-05-02,117.47815704345703,117.47815704345703,115.03128051757812,115.87503051757812,73.86144256591797,5123042
2017-05-03,116.38127899169922,120.26252746582031,116.04377746582031,118.71565246582031,75.67212677001953,10859280
2017-05-04,118.68753051757812,119.67190551757812,117.56253051757812,118.49065399169922,75.52869415283203,12952295
2017-05-05,119.25003051757812,119.25003051757812,116.74690246582031,117.56253051757812,74.93710327148438,4993008
2017-05-08,117.61878204345703,118.40628051757812,116.2687759399414,118.12503051757812,75.2956314086914,6855459
2017-05-09,118.15315246582031,118.96878051757812,116.85940551757812,117.19690704345703,74.70403289794922,4729357
2017-05-10,117.9562759399414,118.6594009399414,117.56253051757812,118.40628051757812,75.47491455078125,4623710
2017-05-11,118.68753051757812,118.96878051757812,115.9875259399414,117.1125259399414,74.65023803710938,4946190
2017-05-12,117.00003051757812,117.90003204345703,115.6500244140625,116.01565551757812,73.9510726928711,5386419
2017-05-15,117.50627899169922,117.56253051757812,116.07190704345703,116.2687759399414,74.11241912841797,5353854
2017-05-16,116.29690551757812,116.9719009399414,116.01565551757812,116.66252899169922,74.3634033203125,4077710
2017-05-17,116.77503204345703,117.9562759399414,115.95940399169922,117.45002746582031,74.86538696289062,3694898
2017-05-18,117.00003051757812,117.78752899169922,116.49378204345703,117.14065551757812,74.66818237304688,5797418
2017-05-19,117.9562759399414,119.10940551757812,114.8062744140625,115.73440551757812,73.77181243896484,17793954
2017-05-22,116.43753051757812,116.8312759399414,112.0500259399414,113.90628051757812,72.60652160644531,7423973
2017-05-23,114.1594009399414,114.46878051757812,111.0093994140625,113.28752899169922,72.21209716796875,6465473
2017-05-24,113.85002899169922,114.69377899169922,111.65628051757812,112.44377899169922,71.67427825927734,6650433
2017-05-25,112.8937759399414,113.0344009399414,110.05315399169922,111.9094009399414,71.33364868164062,9992276
2017-05-26,112.50003051757812,114.69377899169922,111.54377746582031,113.7375259399414,72.49894714355469,6466364
2017-05-29,114.27190399169922,118.54690551757812,114.2437744140625,117.61878204345703,74.97295379638672,14504778
2017-05-30,117.50627899169922,117.50627899169922,113.65315246582031,114.8062744140625,73.18018341064453,10884114
2017-05-31,115.2844009399414,117.73127746582031,115.2844009399414,116.9719009399414,74.56060028076172,7781359
2017-06-01,116.74690246582031,117.9562759399414,116.07190704345703,116.80315399169922,74.45304870605469,6369921
2017-06-02,117.05628204345703,117.19690704345703,115.48127746582031,115.9312744140625,73.89728546142578,6713770
2017-06-05,116.29690551757812,116.63440704345703,114.8625259399414,115.48127746582031,73.6104507446289,5093948
2017-06-06,115.62190246582031,115.67815399169922,113.79377746582031,114.4406509399414,72.9471435546875,5324457
2017-06-07,114.69377899169922,115.7062759399414,113.7375259399414,115.34065246582031,73.52081298828125,7605903
2017-06-08,115.31253051757812,116.8312759399414,114.5250244140625,116.63440704345703,74.34547424316406,7487370
2017-06-09,116.66252899169922,117.28128051757812,116.15628051757812,116.5500259399414,74.29170227050781,6432439
2017-06-12,116.10002899169922,116.94377899169922,115.31253051757812,115.9875259399414,73.93313598632812,3684911
2017-06-13,116.1281509399414,119.89690399169922,115.87503051757812,118.26565551757812,75.38528442382812,15775215
2017-06-14,118.68753051757812,119.81253051757812,117.84378051757812,118.40628051757812,75.47491455078125,13639132
2017-06-15,118.12503051757812,119.39065551757812,117.75940704345703,118.32190704345703,75.42115020751953,5595511
2017-06-16,118.12503051757812,118.96878051757812,116.77503204345703,118.0969009399414,75.27770233154297,6127735
2017-06-19,118.12503051757812,119.7844009399414,118.0969009399414,119.47502899169922,76.15618133544922,6393073
2017-06-20,119.39065551757812,120.93753051757812,115.6500244140625,117.16877746582031,74.68609619140625,12876594
2017-06-21,117.00003051757812,117.00003051757812,115.17190551757812,115.7062759399414,73.75389099121094,13855413
2017-06-22,115.7906494140625,117.3937759399414,112.50003051757812,113.79377746582031,72.53480529785156,33713902
2017-06-23,114.18753051757812,116.43753051757812,113.85002899169922,115.87503051757812,73.86144256591797,9034020
2017-06-27,115.87503051757812,116.2687759399414,113.34378051757812,115.73440551757812,73.77181243896484,6947747
2017-06-28,115.87503051757812,117.5344009399414,114.41252899169922,116.77503204345703,74.43512725830078,7103873
2017-06-29,117.00003051757812,118.40628051757812,116.38127899169922,117.00003051757812,74.57854461669922,7577681
2017-06-30,116.94377899169922,118.71565246582031,116.88752746582031,118.43440246582031,75.49285125732422,7751039
2017-07-03,118.12503051757812,119.61565399169922,117.84378051757812,118.9406509399414,75.81554412841797,8768284
2017-07-04,119.81253051757812,119.81253051757812,117.98440551757812,118.5187759399414,75.54661560058594,4530105
2017-07-05,118.9406509399414,118.9406509399414,117.84378051757812,118.15315246582031,75.31356811523438,6062229
2017-07-06,118.68753051757812,118.68753051757812,117.56253051757812,118.04065704345703,75.24185180664062,5577232
2017-07-07,117.9562759399414,118.35002899169922,117.1125259399414,117.8156509399414,75.09844207763672,7641379
2017-07-10,118.12503051757812,119.25003051757812,118.12503051757812,118.88440704345703,75.7796859741211,2844699
2017-07-11,119.53128051757812,120.00940704345703,118.63127899169922,119.2219009399414,75.99481201171875,13833624
2017-07-12,119.2219009399414,120.93753051757812,119.2219009399414,120.37503051757812,76.7298355102539,9211263
2017-07-13,122.03440856933594,122.06253051757812,120.62815856933594,120.99378204345703,77.12425231933594,9596900
2017-07-14,121.64065551757812,121.64065551757812,120.65628051757812,121.05003356933594,77.16010284423828,4889330
2017-07-17,121.07815551757812,122.31565856933594,121.07815551757812,121.89378356933594,77.69792938232422,6302565
2017-07-18,122.03440856933594,123.75003051757812,120.79690551757812,121.16252899169922,77.23182678222656,7549621
2017-07-19,122.28752899169922,123.46878051757812,121.52815246582031,122.99065399169922,78.39710998535156,8521832
2017-07-20,123.18753051757812,123.75003051757812,122.42815399169922,123.01878356933594,78.41503143310547,10233967
2017-07-21,123.44065856933594,123.44065856933594,120.09378051757812,121.10627746582031,77.19597625732422,4948380
2017-07-24,119.95315551757812,122.20315551757812,119.95315551757812,121.92190551757812,77.7158432006836,6137724
2017-07-25,122.34378051757812,122.96253204345703,121.66877746582031,122.06253051757812,77.80548858642578,6113154
2017-07-26,122.54065704345703,122.59690856933594,121.24690246582031,122.23127746582031,77.91304779052734,5258903
2017-07-27,122.45628356933594,123.24378204345703,121.35940551757812,121.86565399169922,77.68001556396484,21380991
2017-07-28,121.55628204345703,121.95002746582031,119.27815246582031,120.74065399169922,76.9629135131836,8260545
2017-07-31,120.74065399169922,126.11253356933594,120.74065399169922,125.60627746582031,80.06436157226562,17403810
2017-08-01,125.88752746582031,126.90003204345703,124.11565399169922,126.22502899169922,80.45877075195312,15263765
2017-08-02,126.36565399169922,127.12503051757812,124.14378356933594,124.76252746582031,79.52654266357422,12014487
2017-08-03,124.31253051757812,126.30940246582031,123.32815551757812,125.40940856933594,79.93887329101562,5285543
2017-08-04,126.22502899169922,126.64690399169922,124.65003204345703,126.33753204345703,80.53047180175781,7975937
2017-08-07,126.56253051757812,127.26565551757812,125.43753051757812,127.09690856933594,81.01451873779297,4619568
2017-08-08,127.40628051757812,127.46253204345703,124.56565856933594,125.38127899169922,79.92094421386719,3229672
2017-08-09,125.21253204345703,126.67503356933594,124.20002746582031,124.81877899169922,79.56239318847656,4573769
2017-08-10,124.76252746582031,124.76252746582031,121.13440704345703,122.28752899169922,77.94890594482422,6813656
2017-08-11,119.53128051757812,124.03128051757812,119.25003051757812,123.13127899169922,78.48674011230469,8860877
2017-08-14,123.32815551757812,125.97190856933594,123.18753051757812,125.29690551757812,79.86715698242188,4990789
2017-08-16,125.83128356933594,126.36565399169922,123.55315399169922,124.14378356933594,79.13214111328125,5221989
2017-08-17,124.03128051757812,124.65003204345703,123.04690551757812,123.44065856933594,78.6839370727539,2837686
2017-08-18,123.18753051757812,125.88752746582031,123.01878356933594,125.40940856933594,79.93887329101562,7721084
2017-08-21,126.00003051757812,126.53440856933594,123.49690246582031,123.91877746582031,78.98870086669922,5203218
2017-08-22,124.84690856933594,125.07190704345703,122.65315246582031,123.46878051757812,78.70187377929688,6646897
2017-08-23,123.52503204345703,124.20002746582031,122.42815399169922,123.60940551757812,78.7915267944336,5312780
2017-08-24,123.46878051757812,124.98753356933594,123.21565246582031,124.28440856933594,79.22176361083984,5492256
2017-08-28,124.25627899169922,124.25627899169922,121.86565399169922,122.11878204345703,77.84135437011719,9753985
2017-08-29,122.23127746582031,122.93440246582031,120.26252746582031,121.10627746582031,77.19597625732422,12235532
2017-08-30,121.97815704345703,122.31565856933594,120.51565551757812,121.27503204345703,77.30352783203125,9313551
2017-08-31,121.64065551757812,123.75003051757812,120.96565246582031,123.32815551757812,78.61223602294922,8143692
2017-09-01,123.01878356933594,123.01878356933594,121.38752746582031,121.78128051757812,77.62622833251953,8803556
2017-09-04,121.83753204345703,123.32815551757812,119.70002746582031,122.40003204345703,78.0206298828125,6239751
2017-09-05,122.34378051757812,122.40003204345703,121.44377899169922,121.61253356933594,77.51866912841797,3937595
2017-09-06,120.93753051757812,121.52815246582031,119.81253051757812,120.54377746582031,76.83738708496094,4800221
2017-09-07,121.21878051757812,121.58440399169922,120.12190246582031,121.44377899169922,77.41109466552734,5008597
2017-09-08,121.61253356933594,121.86565399169922,119.47502899169922,119.86878204345703,76.40715789794922,8588797
2017-09-11,118.68753051757812,121.50003051757812,118.49065399169922,121.27503204345703,78.53816223144531,6205180
2017-09-12,121.27503204345703,121.66877746582031,120.54377746582031,121.10627746582031,78.42889404296875,4307268
2017-09-13,121.10627746582031,121.55628204345703,119.81253051757812,120.23440551757812,77.86424255371094,3679773
2017-09-14,119.98127746582031,121.50003051757812,119.61565399169922,120.34690856933594,77.9371109008789,6793237
2017-09-15,119.6437759399414,120.06565856933594,117.05628204345703,119.53128051757812,77.40889739990234,9054445
2017-09-18,119.53128051757812,122.25940704345703,119.53128051757812,121.13440704345703,78.44711303710938,10470233
2017-09-19,121.72502899169922,121.72502899169922,119.70002746582031,121.41565704345703,78.6292495727539,5530915
2017-09-20,121.44377899169922,121.61253356933594,119.53128051757812,119.75627899169922,77.55462646484375,5687495
2017-09-21,119.75627899169922,119.75627899169922,118.32190704345703,118.99690246582031,77.06283569335938,5113744
2017-09-22,118.15315246582031,118.88440704345703,117.05628204345703,117.87190246582031,76.33430480957031,5195124
2017-09-25,117.56253051757812,120.29065704345703,116.80315399169922,118.20940399169922,76.5528564453125,13057600
2017-09-26,120.09378051757812,120.09378051757812,118.20940399169922,118.54690551757812,76.77142333984375,6570371
2017-09-27,119.25003051757812,119.84065246582031,116.32502746582031,117.08440399169922,75.82430267333984,7885119
2017-09-28,115.87503051757812,118.63127899169922,115.31253051757812,117.56253051757812,76.13394165039062,11633088
2017-09-29,118.68753051757812,119.61565399169922,115.9312744140625,118.68753051757812,76.86249542236328,13782560
2017-10-03,119.33440399169922,119.39065551757812,115.59378051757812,115.95940399169922,75.09574890136719,12296210
2017-10-04,115.34065246582031,118.49065399169922,115.34065246582031,117.59065246582031,76.15215301513672,12075908
2017-10-05,117.56253051757812,117.78752899169922,114.83440399169922,115.2844009399414,74.65862274169922,17352392
2017-10-06,115.31253051757812,115.7906494140625,114.49690246582031,115.17190551757812,74.58576965332031,13466622
2017-10-09,115.2281494140625,115.2281494140625,112.30315399169922,113.0344009399414,73.2015151977539,21446056
2017-10-10,113.09065246582031,115.87503051757812,113.06253051757812,115.17190551757812,74.58576965332031,14560236
2017-10-11,115.53752899169922,115.9312744140625,113.28752899169922,114.1031494140625,73.89363098144531,11830976
2017-10-12,114.21565246582031,114.8625259399414,113.34378051757812,113.79377746582031,73.69328308105469,5518551
2017-10-13,113.85002899169922,116.49378204345703,112.6125259399414,115.67815399169922,74.91360473632812,11394674
2017-10-16,116.2687759399414,117.33753204345703,115.39690399169922,115.73440551757812,74.95003509521484,11521216
2017-10-17,115.45315551757812,116.38127899169922,114.7219009399414,115.25627899169922,74.64039611816406,4936452
2017-10-18,115.9875259399414,120.51565551757812,115.87503051757812,120.12190246582031,77.79139709472656,18484486
2017-10-19,119.72815704345703,119.81253051757812,117.87190246582031,118.49065399169922,76.7349853515625,559370
2017-10-23,119.7844009399414,120.48753356933594,118.68753051757812,120.12190246582031,77.79139709472656,14162373
2017-10-24,119.98127746582031,121.44377899169922,118.91252899169922,120.96565246582031,78.33780670166016,7050716
2017-10-25,121.50003051757812,123.18753051757812,120.26252746582031,121.55628204345703,78.7203140258789,16306452
2017-10-26,120.60002899169922,121.35940551757812,118.54690551757812,119.25003051757812,77.22677612304688,23524154
2017-10-27,119.44690704345703,120.12190246582031,118.35002899169922,119.10940551757812,77.13570404052734,9985329
2017-10-30,119.2219009399414,120.65628051757812,119.16565704345703,119.47502899169922,77.37248229980469,4118717
2017-10-31,119.6437759399414,123.13127899169922,118.5187759399414,119.16565704345703,77.17213439941406,16442260
2017-11-01,119.72815704345703,120.03752899169922,117.36565399169922,118.32190704345703,76.62574005126953,12417385
2017-11-02,119.25003051757812,121.66877746582031,119.13752746582031,121.05003356933594,78.39246368408203,16259892
2017-11-03,124.03128051757812,124.03128051757812,117.90003204345703,118.15315246582031,76.51641845703125,26293141
2017-11-06,118.54690551757812,119.98127746582031,117.84378051757812,118.5187759399414,76.7531967163086,7985183
2017-11-07,119.02503204345703,119.3625259399414,116.15628051757812,116.80315399169922,75.64216613769531,9702210
2017-11-08,117.00003051757812,118.0969009399414,116.52190399169922,117.08440399169922,75.82430267333984,12777065
2017-11-09,118.01252746582031,118.01252746582031,115.31253051757812,117.00003051757812,75.76966857910156,9492091
2017-11-10,116.43753051757812,119.25003051757812,116.15628051757812,118.88440704345703,76.98999786376953,8999608
2017-11-13,119.19377899169922,120.00940704345703,117.73127746582031,118.68753051757812,76.86249542236328,7885278
2017-11-14,118.68753051757812,118.71565246582031,115.9312744140625,116.4094009399414,75.3871841430664,4927717
2017-11-15,116.2687759399414,116.74690246582031,114.97502899169922,116.43753051757812,75.40538787841797,8653007
2017-11-16,116.49378204345703,117.47815704345703,115.39690399169922,117.16877746582031,75.87894439697266,18027175
2017-11-17,117.73127746582031,118.0969009399414,116.85940551757812,117.33753204345703,75.98821258544922,9193722
2017-11-20,118.29377746582031,118.29377746582031,115.67815399169922,117.45002746582031,76.06108093261719,8277194
2017-11-21,117.5344009399414,117.5344009399414,115.76252746582031,116.21253204345703,75.25967407226562,15596732
2017-11-22,117.08440399169922,117.08440399169922,115.3687744140625,116.46565246582031,75.42361450195312,8665005
2017-11-23,116.94377899169922,118.01252746582031,116.18440246582031,117.59065246582031,76.15215301513672,6824919
2017-11-24,117.28128051757812,119.16565704345703,117.00003051757812,118.8000259399414,76.93534851074219,7734712
2017-11-27,119.13752746582031,119.16565704345703,117.00003051757812,118.20940399169922,76.5528564453125,14811199
2017-11-28,118.12503051757812,118.12503051757812,115.9875259399414,117.19690704345703,75.89715576171875,21546865
2017-11-29,117.33753204345703,117.98440551757812,116.74690246582031,117.42190551757812,76.0428695678711,7324543
2017-11-30,117.28128051757812,117.28128051757812,115.39690399169922,115.90315246582031,75.059326171875,19256592
2017-12-01,116.43753051757812,116.63440704345703,113.7375259399414,114.1594009399414,73.93006896972656,8172074
2017-12-04,114.46878051757812,114.7219009399414,113.00627899169922,114.04690551757812,73.8572006225586,7124561
2017-12-05,113.62503051757812,113.8781509399414,110.7281494140625,112.66877746582031,72.96473693847656,17485101
2017-12-06,112.3312759399414,112.9781494140625,111.74065399169922,112.64065551757812,72.9465103149414,5557173
2017-12-07,112.64065551757812,114.18753051757812,112.1906509399414,113.79377746582031,73.69328308105469,11119755
2017-12-08,114.18753051757812,114.63752746582031,112.44377899169922,114.2437744140625,73.98471069335938,14615599
2017-12-11,114.63752746582031,115.53752899169922,113.9625244140625,114.91877746582031,74.42184448242188,8231500
2017-12-12,115.03128051757812,115.03128051757812,113.56877899169922,114.13127899169922,73.91185760498047,8310332
2017-12-13,113.06253051757812,113.8781509399414,112.4156494140625,112.78128051757812,73.03759765625,12105970
2017-12-14,113.23127746582031,113.4000244140625,111.65628051757812,112.5562744140625,72.8918685913086,12838407
2017-12-15,113.28752899169922,113.70940399169922,111.09378051757812,111.8531494140625,72.43653106689453,22654959
2017-12-18,111.9094009399414,112.5562744140625,108.78752899169922,112.44377899169922,72.81900787353516,16832008
2017-12-19,112.8937759399414,114.18753051757812,112.0500259399414,113.9625244140625,73.80254364013672,20133065
2017-12-20,114.2437744140625,114.3843994140625,112.4719009399414,114.1594009399414,73.93006896972656,14097971
2017-12-21,115.20002746582031,115.20002746582031,113.6812744140625,114.2437744140625,73.98471069335938,7881749
2017-12-22,114.18753051757812,114.5250244140625,113.5406494140625,114.21565246582031,73.96649169921875,7399925
2017-12-26,114.13127899169922,114.75003051757812,113.1750259399414,113.8781509399414,73.7479248046875,7946762
2017-12-27,113.90628051757812,115.03128051757812,112.95002746582031,113.1750259399414,73.2925796508789,7831439
2017-12-28,113.3156509399414,113.65315246582031,111.65628051757812,112.02190399169922,72.5457992553711,15796200
2017-12-29,112.24690246582031,113.4562759399414,112.1906509399414,112.6968994140625,72.98294067382812,8561565
2018-01-01,111.96565246582031,113.48440551757812,111.96565246582031,112.6125259399414,72.92829132080078,6388017
2018-01-02,113.20315551757812,113.51252746582031,112.10627746582031,112.92190551757812,73.12865447998047,4383705
2018-01-03,113.34378051757812,113.8781509399414,112.8375244140625,113.42815399169922,73.45650482177734,8187397
2018-01-04,113.62503051757812,114.1031494140625,112.50003051757812,112.6968994140625,72.98294067382812,4204055
2018-01-05,113.23127746582031,113.65315246582031,112.8375244140625,113.20315551757812,73.31080627441406,4923559
2018-01-08,113.62503051757812,114.32815551757812,112.52815246582031,112.80940246582031,73.05579376220703,11797863
2018-01-09,113.1187744140625,113.28752899169922,112.66877746582031,113.06253051757812,73.21971893310547,7380366
2018-01-10,113.56877899169922,113.56877899169922,111.65628051757812,112.4156494140625,72.80081176757812,8710385
2018-01-11,111.9937744140625,112.66877746582031,110.98127746582031,111.2906494140625,72.0722427368164,12305664
2018-01-12,111.4312744140625,111.54377746582031,110.0812759399414,110.4468994140625,71.52583312988281,9411915
2018-01-15,111.26252746582031,112.64065551757812,109.77190399169922,112.10627746582031,72.60044860839844,9962401
2018-01-16,111.9937744140625,112.10627746582031,109.3218994140625,110.3625259399414,71.47119140625,13205546
2018-01-17,110.25003051757812,111.7687759399414,109.12503051757812,111.03752899169922,71.9083251953125,13012437
2018-01-18,111.7125244140625,112.38752746582031,110.10940551757812,110.81253051757812,71.76260375976562,24603506
2018-01-19,110.81253051757812,111.37503051757812,109.29377746582031,110.3062744140625,71.43476104736328,8082214
2018-01-22,110.33440399169922,110.7844009399414,109.68753051757812,109.85627746582031,71.14334106445312,9833311
2018-01-23,109.85627746582031,110.4468994140625,109.15315246582031,110.1656494140625,71.34369659423828,16134097
2018-01-24,109.85627746582031,110.7844009399414,109.77190399169922,110.2219009399414,71.38011169433594,11061376
2018-01-25,110.6437759399414,110.7281494140625,108.64690399169922,109.29377746582031,70.7790756225586,13143678
2018-01-29,109.40628051757812,110.25003051757812,109.12503051757812,109.20940399169922,70.72441864013672,11002896
2018-01-30,109.01252746582031,110.33440399169922,107.2687759399414,109.6594009399414,71.0158462524414,22826262
2018-01-31,109.6594009399414,109.85627746582031,108.00003051757812,109.01252746582031,70.596923828125,14372442
2018-02-01,109.40628051757812,109.77190399169922,106.3125228881836,109.6031494140625,70.97941589355469,17028230
2018-02-02,109.40628051757812,109.40628051757812,107.4375228881836,108.50627899169922,70.26908874511719,22083930
2018-02-05,106.8750228881836,110.7844009399414,106.8750228881836,110.53128051757812,71.58049011230469,21997294
2018-02-06,106.8750228881836,110.0250244140625,106.8750228881836,109.6594009399414,71.0158462524414,13495253
2018-02-07,110.13752746582031,110.7281494140625,108.78752899169922,109.96878051757812,71.21620178222656,14316750
2018-02-08,109.12503051757812,109.49065399169922,108.1968994140625,108.6750259399414,71.27154541015625,33536651
2018-02-09,108.00003051757812,109.29377746582031,107.4375228881836,108.6750259399414,71.27154541015625,15183068
2018-02-12,109.2375259399414,111.96565246582031,108.73127746582031,111.65628051757812,73.22669219970703,11747845
2018-02-14,111.6281509399414,111.6281509399414,108.9562759399414,109.9406509399414,72.1015396118164,13853923
2018-02-15,110.25003051757812,111.54377746582031,109.5187759399414,111.31877899169922,73.00537872314453,8833619
2018-02-16,111.4312744140625,111.51565551757812,109.54690551757812,109.99690246582031,72.1384506225586,6252218
2018-02-19,110.0250244140625,110.7844009399414,108.9000244140625,109.20940399169922,71.62198638916016,4332550
2018-02-20,109.63127899169922,110.4468994140625,108.98440551757812,109.68753051757812,71.9355697631836,8479558
2018-02-21,110.0250244140625,110.19377899169922,108.73127746582031,109.0969009399414,71.54818725585938,9258406
2018-02-22,108.73127746582031,109.40628051757812,106.4531478881836,107.0156478881836,70.18329620361328,25535938
2018-02-23,107.2125244140625,109.0406494140625,107.0718994140625,108.70315551757812,71.28997802734375,11567495
2018-02-26,109.68753051757812,110.9250259399414,108.56253051757812,110.33440399169922,72.35978698730469,8362326
2018-02-27,110.95315551757812,111.51565551757812,109.99690246582031,111.23440551757812,72.95002746582031,17333449
2018-02-28,110.70002746582031,111.4875259399414,109.91252899169922,111.2062759399414,72.93157196044922,5795018
2018-03-01,110.8687744140625,111.65628051757812,109.99690246582031,111.03752899169922,72.82091522216797,8106682
2018-03-05,110.70002746582031,110.84065246582031,109.26565551757812,110.7844009399414,72.65492248535156,6992551
2018-03-06,110.8687744140625,111.09378051757812,108.0562744140625,108.64690399169922,71.25308227539062,9525018
2018-03-07,108.42190551757812,109.12503051757812,107.5781478881836,108.7593994140625,71.32686614990234,9481007
2018-03-08,109.0406494140625,110.19377899169922,108.22502899169922,109.91252899169922,72.08309936523438,10429826
2018-03-09,109.96878051757812,110.05315399169922,107.88752746582031,108.50627899169922,71.16085815429688,9887071
2018-03-12,108.84378051757812,110.05315399169922,108.56253051757812,109.68753051757812,71.9355697631836,14242997
2018-03-13,109.63127899169922,110.81253051757812,108.70315551757812,109.71565246582031,71.95399475097656,10581316
2018-03-14,109.49065399169922,110.3625259399414,108.84378051757812,109.3218994140625,71.6957778930664,8577503
2018-03-15,109.0969009399414,110.10940551757812,109.01252746582031,109.57502746582031,71.86176300048828,6132848
2018-03-16,109.35002899169922,110.89690399169922,107.6343994140625,108.14065551757812,70.92108917236328,10373796
2018-03-19,108.78752899169922,109.7437744140625,108.28128051757812,109.2375259399414,71.64044952392578,13496140
2018-03-20,109.1812744140625,110.3062744140625,108.45002746582031,109.63127899169922,71.89867401123047,9661410
2018-03-21,109.96878051757812,109.96878051757812,108.9000244140625,109.2375259399414,71.64044952392578,9675146
2018-03-22,109.2375259399414,109.5187759399414,108.14065551757812,108.3937759399414,71.08706665039062,11371840
2018-03-23,107.4375228881836,109.82815551757812,107.4375228881836,109.26565551757812,71.65887451171875,9062739
2018-03-26,109.35002899169922,109.96878051757812,109.26565551757812,109.63127899169922,71.89867401123047,15451169
2018-03-27,109.7437744140625,110.4468994140625,109.7437744140625,110.2219009399414,72.2860107421875,7563470
2018-03-28,109.96878051757812,110.13752746582031,108.16877746582031,108.70315551757812,71.28997802734375,14095921
2018-04-02,108.50627899169922,109.8000259399414,108.50627899169922,109.63127899169922,71.89867401123047,6821616
2018-04-03,109.57502746582031,112.21878051757812,109.43440246582031,111.68440246582031,73.24515533447266,6269850
2018-04-04,111.9094009399414,112.44377899169922,109.49065399169922,110.27815246582031,72.3228988647461,9689298
2018-04-05,111.31877899169922,111.6281509399414,110.25003051757812,110.39065551757812,72.39668273925781,8673501
2018-04-06,111.09378051757812,111.31877899169922,110.10940551757812,110.2219009399414,72.2860107421875,7948746
2018-04-09,110.25003051757812,110.53128051757812,109.8000259399414,110.1656494140625,72.24911499023438,4610445
2018-04-10,110.7281494140625,111.74065399169922,110.41877746582031,110.7844009399414,72.65492248535156,7562115
2018-04-11,111.37503051757812,111.4875259399414,110.13752746582031,110.81253051757812,72.67335510253906,5790314
2018-04-12,110.9250259399414,111.31877899169922,110.3062744140625,110.4468994140625,72.43356323242188,3537785
2018-04-13,110.53128051757812,111.37503051757812,110.47502899169922,111.09378051757812,72.85780334472656,3438013
2018-04-16,110.95315551757812,113.00627899169922,110.70002746582031,112.0500259399414,73.48493957519531,9628436
2018-04-17,114.3000259399414,116.52190399169922,113.7375259399414,115.25627899169922,75.58766174316406,23457958
2018-04-18,115.3687744140625,115.76252746582031,114.9468994140625,115.31253051757812,75.62454986572266,8814122
2018-04-19,115.59378051757812,117.50627899169922,115.2844009399414,117.05628204345703,76.76814270019531,10627620
2018-04-20,117.45002746582031,117.90003204345703,115.9875259399414,116.5500259399414,76.4361343383789,5446620
2018-04-23,116.94377899169922,116.94377899169922,115.4250259399414,116.32502746582031,76.28858184814453,4139986
2018-04-24,117.1125259399414,117.1125259399414,115.20002746582031,116.1281509399414,76.15946960449219,3594644
2018-04-25,116.10002899169922,118.12503051757812,114.69377899169922,116.63440704345703,76.49146270751953,5924775
2018-04-26,116.74690246582031,117.3937759399414,115.9875259399414,116.43753051757812,76.36235809326172,7950190
2018-04-27,116.71878051757812,117.3937759399414,116.49378204345703,116.94377899169922,76.69436645507812,7371596
2018-04-30,116.74690246582031,117.56253051757812,116.46565246582031,116.91565704345703,76.6759262084961,5644871
2018-05-02,116.43753051757812,117.61878204345703,115.1437759399414,115.39690399169922,75.67988586425781,7210903
2018-05-03,115.31253051757812,116.74690246582031,114.32815551757812,116.1281509399414,76.15946960449219,3782713
2018-05-04,116.43753051757812,116.88752746582031,115.03128051757812,116.66252899169922,76.50991821289062,22466426
2018-05-07,116.43753051757812,118.12503051757812,116.43753051757812,117.73127746582031,77.2108383178711,6003886
2018-05-08,117.84378051757812,120.37503051757812,117.47815704345703,119.67190551757812,78.48352813720703,19748071
2018-05-09,119.25003051757812,120.20628356933594,118.77190399169922,119.16565704345703,78.15151977539062,13934330
2018-05-10,118.8000259399414,119.13752746582031,115.1437759399414,117.00003051757812,76.73123931884766,13973187
2018-05-11,117.45002746582031,117.56253051757812,115.8469009399414,116.35315704345703,76.30702209472656,10688957
2018-05-14,115.87503051757812,118.01252746582031,115.87503051757812,117.59065246582031,77.11859893798828,13962128
2018-05-15,117.56253051757812,121.50003051757812,117.36565399169922,120.29065704345703,78.88932037353516,56040833
2018-05-16,120.60002899169922,120.93753051757812,119.55940246582031,120.06565856933594,78.74176025390625,18183776
2018-05-17,119.53128051757812,121.50003051757812,119.41877746582031,120.06565856933594,78.74176025390625,17900935
2018-05-18,120.20628356933594,120.93753051757812,119.30628204345703,119.7844009399414,78.55729675292969,18414996
2018-05-21,120.62815856933594,120.62815856933594,119.02503204345703,119.61565399169922,78.44664764404297,16669979
2018-05-22,120.23440551757812,120.37503051757812,117.84378051757812,118.54690551757812,77.7457275390625,9411261
2018-05-23,118.68753051757812,119.5031509399414,117.9562759399414,118.85627746582031,77.94863891601562,18219990
2018-05-24,119.47502899169922,119.47502899169922,118.91252899169922,119.10940551757812,78.11463165283203,17260447
2018-05-25,118.26565551757812,119.84065246582031,118.26565551757812,119.27815246582031,78.22530364990234,30090956
2018-05-28,119.39065551757812,119.53128051757812,116.04377746582031,116.4094009399414,76.34391021728516,17488299
2018-05-29,117.14065551757812,117.9562759399414,115.73440551757812,116.43753051757812,76.36235809326172,15749359
2018-05-30,116.43753051757812,119.2219009399414,116.43753051757812,117.84378051757812,77.28460693359375,36016623
2018-05-31,118.06877899169922,119.6437759399414,113.4000244140625,117.8156509399414,77.26615905761719,274352477
2018-06-01,116.38127899169922,116.94377899169922,112.6968994140625,115.8469009399414,75.97502136230469,17096388
2018-06-04,116.4094009399414,116.4094009399414,112.8375244140625,113.4562759399414,74.40718841552734,14456405
2018-06-05,112.95002746582031,113.14690399169922,109.7437744140625,111.8531494140625,73.35581970214844,13788817
2018-06-06,111.09378051757812,114.32815551757812,111.09378051757812,113.1187744140625,74.18585205078125,8130515
2018-06-07,113.3156509399414,114.7219009399414,111.51565551757812,114.04690551757812,74.79451751708984,7683528
2018-06-08,113.00627899169922,113.1750259399414,110.67190551757812,111.31877899169922,73.00537872314453,12429285
2018-06-11,111.7125244140625,112.07815551757812,109.40628051757812,110.0812759399414,72.19377136230469,19668041
2018-06-12,110.5031509399414,110.5031509399414,108.78752899169922,109.71565246582031,71.95399475097656,13416832
2018-06-13,110.41877746582031,112.1343994140625,109.7437744140625,111.45940399169922,73.09757995605469,10866676
2018-06-14,111.4875259399414,112.1343994140625,110.5875244140625,111.8531494140625,73.35581970214844,7205187
2018-06-15,111.8531494140625,111.93753051757812,110.39065551757812,111.2906494140625,72.98693084716797,9527937
2018-06-18,111.2906494140625,112.21878051757812,110.39065551757812,111.74065399169922,73.28202056884766,4303444
2018-06-19,111.12190246582031,112.3312759399414,110.70002746582031,111.7687759399414,73.30047607421875,8099053
2018-06-20,111.7687759399414,112.3312759399414,110.70002746582031,112.02190399169922,73.46649169921875,8160216
2018-06-21,111.4312744140625,111.74065399169922,109.01252746582031,109.9406509399414,72.1015396118164,10942576
2018-06-22,110.3625259399414,111.60002899169922,109.1812744140625,111.2062759399414,72.93157196044922,7677797
2018-06-25,111.2062759399414,111.54377746582031,107.7187728881836,109.2375259399414,71.64044952392578,8701812
2018-06-26,109.06877899169922,109.5187759399414,106.3125228881836,107.2968978881836,70.36772155761719,9869227
2018-06-27,107.9719009399414,108.28128051757812,104.4562759399414,105.3000259399414,69.05811309814453,13094540
2018-06-28,105.97502899169922,106.1718978881836,103.02189636230469,103.95002746582031,68.17276763916016,22542641
2018-06-29,104.2031478881836,107.0718994140625,103.5562744140625,105.1031494140625,68.92900085449219,8435793
2018-07-02,105.1875228881836,105.3843994140625,103.2187728881836,104.09065246582031,68.26499938964844,13100144
2018-07-03,103.52815246582031,104.3156509399414,101.9250259399414,103.80940246582031,68.08055114746094,9990760
2018-07-04,104.2031478881836,106.4531478881836,102.45939636230469,102.9375228881836,67.50877380371094,10626271
2018-07-05,103.02189636230469,103.3593978881836,101.55940246582031,102.17814636230469,67.0107192993164,7739370
2018-07-06,102.17814636230469,102.88127136230469,101.7281494140625,102.26252746582031,67.06607818603516,7229617
2018-07-09,102.4875259399414,104.0625228881836,102.3750228881836,103.7812728881836,68.06208038330078,10238815
2018-07-10,104.0625228881836,104.2593994140625,103.16252136230469,103.52815246582031,67.8960952758789,7258266
2018-07-11,103.38752746582031,103.9218978881836,102.60002136230469,102.88127136230469,67.47184753417969,3825437
2018-07-12,103.0500259399414,103.2750244140625,102.1500244140625,102.7125244140625,67.36119079589844,11523981
2018-07-13,102.4875259399414,103.1343994140625,101.9531478881836,102.2343978881836,67.04762268066406,4793733
2018-07-16,101.84065246582031,102.6562728881836,101.5875244140625,102.0093994140625,66.90006256103516,12191173
2018-07-17,101.6437759399414,102.5156478881836,101.2500228881836,102.0656509399414,66.93695068359375,4698206
2018-07-18,102.7125244140625,103.38752746582031,100.15315246582031,100.4062728881836,65.84870147705078,5845129
2018-07-19,100.7437744140625,101.70002746582031,99.6187744140625,99.8156509399414,65.46134948730469,5980121
2018-07-20,99.8437728881836,100.0969009399414,97.9312744140625,98.88752746582031,64.85265350341797,5273662
2018-07-23,98.9719009399414,100.1250228881836,98.80314636230469,99.59065246582031,65.31381225585938,6336970
2018-07-24,100.2375259399414,100.3781509399414,99.1406478881836,99.9843978881836,65.5719985961914,6260188
2018-07-25,100.49064636230469,100.6875228881836,98.2687759399414,98.80314636230469,64.79732513427734,7757736
2018-07-26,99.1406478881836,103.38752746582031,97.9875259399414,102.2906494140625,67.08451080322266,33869484
2018-07-27,103.0781478881836,103.95002746582031,100.2375259399414,101.19377136230469,66.3651351928711,19690254
2018-07-30,101.75627136230469,103.3593978881836,101.27815246582031,103.0500259399414,67.58251953125,10288607
2018-07-31,103.30314636230469,104.4000244140625,102.2906494140625,102.54377746582031,67.25052642822266,11713824
2018-08-01,102.9375228881836,104.4843978881836,101.33439636230469,103.8937759399414,68.1358871459961,10299992
2018-08-02,104.70940399169922,107.0156478881836,103.9218978881836,106.1437759399414,69.61148834228516,12305598
2018-08-03,106.76252746582031,107.4094009399414,106.3125228881836,106.9875259399414,70.16484069824219,7491196
2018-08-06,107.9156494140625,107.9156494140625,106.11565399169922,106.5656509399414,69.8881607055664,4944677
2018-08-07,106.7906494140625,107.24065399169922,105.55315399169922,106.3687744140625,69.75902557373047,3270258
2018-08-08,106.3687744140625,107.2687759399414,105.6656494140625,106.5937728881836,69.9065933227539,6225545
2018-08-09,106.5937728881836,108.56253051757812,105.6656494140625,108.3375244140625,71.05018615722656,6328977
2018-08-10,108.9562759399414,109.0406494140625,106.3687744140625,107.18440246582031,70.29396057128906,4909902
2018-08-13,106.0875244140625,106.8750228881836,105.27190399169922,105.7500228881836,69.35326385498047,2537940
2018-08-14,105.49690246582031,106.3125228881836,104.93440246582031,105.69377899169922,69.31636047363281,2304692
2018-08-16,105.41252899169922,106.8750228881836,105.2437744140625,105.5812759399414,69.24258422851562,3661689
2018-08-17,106.0312728881836,106.3125228881836,104.4843978881836,105.2437744140625,69.02122497558594,4022502
2018-08-20,105.4687728881836,106.2281494140625,104.4000244140625,105.55315399169922,69.2241439819336,2487784
2018-08-21,105.55315399169922,105.91877746582031,104.5406494140625,105.49690246582031,69.1872329711914,3655095
2018-08-23,105.49690246582031,107.4375228881836,105.49690246582031,106.9875259399414,70.16484069824219,9442607
2018-08-24,107.1562728881836,109.4625244140625,106.62190246582031,107.4094009399414,70.44149017333984,8393334
2018-08-27,107.52190399169922,111.54377746582031,107.38127899169922,111.26252746582031,72.96846771240234,14042229
2018-08-28,111.1500244140625,112.7531509399414,110.10940551757812,110.89690399169922,72.72868347167969,8224129
2018-08-29,110.81253051757812,111.96565246582031,108.0562744140625,108.59065246582031,71.21619415283203,6955827
2018-08-30,108.70315551757812,111.4875259399414,108.22502899169922,110.7844009399414,72.65492248535156,22347117
2018-08-31,109.6031494140625,113.76565551757812,109.6031494140625,113.34378051757812,74.33341217041016,11854651
2018-09-03,114.1031494140625,115.31253051757812,109.12503051757812,109.40628051757812,71.7510986328125,8999761
2018-09-04,109.40628051757812,110.5031509399414,107.80315399169922,109.3781509399414,71.7326431274414,5387824
2018-09-05,109.20940399169922,110.81253051757812,108.42190551757812,110.05315399169922,72.17535400390625,7334087
2018-09-06,110.25003051757812,113.48440551757812,109.96878051757812,112.10627746582031,73.52181243896484,16457730
2018-09-07,113.00627899169922,113.00627899169922,108.4781494140625,110.0812759399414,72.19377136230469,4580610
2018-09-10,108.64690399169922,109.68753051757812,106.95940399169922,108.5344009399414,72.2125015258789,6293799
2018-09-11,108.59065246582031,109.6031494140625,104.7375259399414,105.13127899169922,69.94825744628906,9560546
2018-09-12,105.2437744140625,109.82815551757812,105.2437744140625,109.01252746582031,72.53059387207031,13582243
2018-09-14,109.82815551757812,113.5969009399414,109.06877899169922,112.58440399169922,74.9071273803711,22816500
2018-09-17,111.03752899169922,114.49690246582031,111.03752899169922,113.56877899169922,75.56207275390625,15162744
2018-09-18,113.34378051757812,114.69377899169922,111.45940399169922,111.88127899169922,74.43934631347656,4937349
2018-09-19,111.93753051757812,112.50003051757812,110.3625259399414,111.54377746582031,74.21477508544922,6025625
2018-09-21,111.93753051757812,113.56877899169922,109.7437744140625,112.72502899169922,75.00070190429688,11174973
2018-09-24,112.50003051757812,112.6968994140625,109.43440246582031,111.1500244140625,73.95279693603516,3992299
2018-09-25,110.81253051757812,111.7125244140625,107.80315399169922,108.3375244140625,72.08151245117188,10770907
2018-09-26,108.8156509399414,109.12503051757812,105.8625259399414,108.4781494140625,72.17506408691406,7286693
2018-09-27,108.56253051757812,110.19377899169922,108.08440399169922,109.43440246582031,72.81130981445312,8101331
2018-09-28,109.40628051757812,111.3469009399414,105.3843994140625,105.97502899169922,70.50963592529297,10284429
2018-10-01,105.91877746582031,109.06877899169922,104.56877899169922,108.22502899169922,72.00664520263672,4684738
2018-10-03,107.1562728881836,108.16877746582031,105.9468994140625,106.2844009399414,70.71548461914062,10349581
2018-10-04,105.7500228881836,107.4094009399414,103.80940246582031,106.4531478881836,70.82774353027344,11239097
2018-10-05,106.3125228881836,107.74690246582031,104.8218994140625,105.35627746582031,70.09793090820312,7035573
2018-10-08,104.9062728881836,106.34065246582031,102.6562728881836,104.99065399169922,69.85468292236328,4680183
2018-10-09,105.21565246582031,106.5656509399414,104.23127746582031,104.93440246582031,69.8172607421875,5552286
2018-10-10,104.7375259399414,106.2844009399414,104.7375259399414,105.27190399169922,70.04181671142578,3526073
2018-10-11,104.5969009399414,106.0312728881836,103.52815246582031,104.4562759399414,69.49915313720703,10016561
2018-10-12,104.7656478881836,106.7343978881836,104.6812744140625,106.0031509399414,70.5283432006836,6856067
2018-10-15,106.0031509399414,106.8750228881836,104.6812744140625,105.8062744140625,70.3973617553711,6926558
2018-10-16,105.7219009399414,106.20002746582031,104.1187744140625,105.3000259399414,70.0605239868164,6530627
2018-10-17,105.77815246582031,106.9312744140625,105.7500228881836,106.3687744140625,70.77159881591797,4151254
2018-10-19,106.3125228881836,107.6906509399414,105.21565246582031,106.39690399169922,70.79032135009766,9497796
2018-10-22,106.53752899169922,107.4375228881836,105.8906478881836,106.39690399169922,70.79032135009766,4377225
2018-10-23,105.7500228881836,108.36565399169922,104.51252746582031,107.4094009399414,71.46398162841797,4599675
2018-10-24,107.7187728881836,108.14065551757812,106.53752899169922,107.10002899169922,71.25814056396484,4510189
2018-10-25,106.7062759399414,108.08440399169922,105.0187759399414,107.60627746582031,71.594970703125,7455415
2018-10-26,107.0718994140625,107.4375228881836,105.63752746582031,105.97502899169922,70.50963592529297,6390862
2018-10-29,106.53752899169922,107.1562728881836,105.41252899169922,106.62190246582031,70.94002532958984,8374975
2018-10-30,106.3125228881836,106.62190246582031,104.4000244140625,104.70940399169922,69.66756439208984,5105532
2018-10-31,104.1187744140625,105.0468978881836,100.57502746582031,104.5969009399414,69.59271240234375,9622136
2018-11-01,104.6812744140625,106.48127746582031,104.37190246582031,106.0031509399414,70.5283432006836,5603131
2018-11-02,106.34065246582031,108.16877746582031,106.1437759399414,106.7906494140625,71.05230712890625,6034462
2018-11-05,106.34065246582031,106.5937728881836,104.0625228881836,104.65315246582031,69.63011932373047,4872816
2018-11-06,105.2437744140625,106.3125228881836,104.0625228881836,105.8062744140625,70.3973617553711,7337064
2018-11-07,106.8750228881836,106.8750228881836,105.8062744140625,106.34065246582031,70.7529067993164,223308
2018-11-09,106.3125228881836,108.1125259399414,106.20002746582031,107.8312759399414,71.74466705322266,9231137
2018-11-12,107.7187728881836,108.50627899169922,103.6406478881836,104.5969009399414,69.59271240234375,3906667
2018-11-13,105.1875228881836,105.7500228881836,102.8531494140625,103.52815246582031,68.88163757324219,7750412
2018-11-14,103.66877746582031,105.1875228881836,103.5562744140625,104.5969009399414,69.59271240234375,9918943
2018-11-15,104.6250228881836,106.0312728881836,104.37190246582031,105.2437744140625,70.02310180664062,8814911
2018-11-16,105.1875228881836,106.8750228881836,104.7375259399414,105.8062744140625,70.3973617553711,5537047
2018-11-19,105.8625259399414,107.1562728881836,105.55315399169922,106.7062759399414,70.99617004394531,5155461
2018-11-20,107.4937744140625,107.4937744140625,105.4687728881836,105.97502899169922,70.50963592529297,2673334
2018-11-21,105.4687728881836,105.6656494140625,101.98127746582031,102.4312744140625,68.15182495117188,6426666
2018-11-22,103.3312759399414,103.3312759399414,100.01252746582031,101.13752746582031,67.29104614257812,6231287
2018-11-26,101.27815246582031,102.8531494140625,100.6031494140625,102.6281509399414,68.28280639648438,5022526
2018-11-27,102.3469009399414,104.0344009399414,101.41877746582031,102.68440246582031,68.32024383544922,6727512
2018-11-28,102.31877136230469,104.0625228881836,102.0937728881836,103.66877746582031,68.9751968383789,9281286
2018-11-29,104.0344009399414,106.0312728881836,100.85627746582031,101.5312728881836,67.55301666259766,16395530
2018-11-30,101.8125228881836,103.24690246582031,100.29377746582031,101.33439636230469,67.42202758789062,10573839
2018-12-03,101.8687744140625,106.0312728881836,101.8687744140625,103.38752746582031,68.78807067871094,11107638
2018-12-04,103.16252136230469,105.8625259399414,102.45939636230469,105.3281478881836,70.07923126220703,6304336
2018-12-05,104.1187744140625,105.5812759399414,102.6562728881836,103.2187728881836,68.67576599121094,5774768
2018-12-06,103.2187728881836,104.28752899169922,102.7687759399414,103.2187728881836,68.67576599121094,8600328
2018-12-07,103.38752746582031,105.1875228881836,101.61564636230469,102.74064636230469,68.35765838623047,8378029
2018-12-10,101.5312728881836,102.60002136230469,99.36564636230469,100.85627746582031,67.10391998291016,6431248
2018-12-11,100.01252746582031,101.98127746582031,99.64689636230469,101.41877746582031,67.47817993164062,6514193
2018-12-12,101.75627136230469,103.38752746582031,101.6437759399414,102.68440246582031,68.32024383544922,7396629
2018-12-13,102.5718994140625,102.9375228881836,101.8687744140625,102.68440246582031,68.32024383544922,4251108
2018-12-14,102.0937728881836,104.7656478881836,101.5312728881836,104.4562759399414,69.49915313720703,9276710
2018-12-17,106.8750228881836,110.55940246582031,106.7062759399414,108.30940246582031,72.06278991699219,23727234
2018-12-18,108.50627899169922,110.81253051757812,107.38127899169922,110.4468994140625,73.48497009277344,15507368
2018-12-19,109.71565246582031,112.21878051757812,109.71565246582031,111.93753051757812,74.47673797607422,11434466
2018-12-20,110.84065246582031,111.9094009399414,109.63127899169922,111.3469009399414,74.08375549316406,7938383
2018-12-21,111.37503051757812,111.9937744140625,110.05315399169922,110.75627899169922,73.69080352783203,8722621
2018-12-24,110.81253051757812,111.26252746582031,108.6750259399414,109.0969009399414,72.58674621582031,8563441
2018-12-26,108.9000244140625,110.41877746582031,107.6343994140625,109.85627746582031,73.09198760986328,4766041
2018-12-27,109.71565246582031,112.21878051757812,108.84378051757812,110.55940246582031,73.55982208251953,46486470
2018-12-28,111.09378051757812,111.5718994140625,110.0250244140625,110.84065246582031,73.74693298339844,5142112
2018-12-31,110.6437759399414,112.50003051757812,110.25003051757812,111.74065399169922,74.34573364257812,6317785
2019-01-01,111.0656509399414,112.78128051757812,110.3062744140625,112.50003051757812,74.8509750366211,3961625
2019-01-02,111.9937744140625,112.50003051757812,109.12503051757812,109.82815551757812,73.07327270507812,7876559
2019-01-03,109.63127899169922,109.68753051757812,108.00003051757812,108.59065246582031,72.24990844726562,7942863
2019-01-04,108.73127746582031,110.67190551757812,107.66252899169922,110.19377899169922,73.31653594970703,4017540
2019-01-07,110.3062744140625,111.88127899169922,110.1656494140625,111.6281509399414,74.27088928222656,3592512
2019-01-08,111.31877899169922,111.65628051757812,110.13752746582031,111.0093994140625,73.85920715332031,3990870
2019-01-09,111.0093994140625,111.79690551757812,110.0250244140625,111.1500244140625,73.95279693603516,4087529
2019-01-10,111.0656509399414,111.0656509399414,109.63127899169922,110.05315399169922,73.22297668457031,3589725
2019-01-11,109.63127899169922,110.19377899169922,108.70315551757812,109.3218994140625,72.73644256591797,2995789
2019-01-14,109.15315246582031,109.3218994140625,107.4375228881836,108.28128051757812,72.04407501220703,5370460
2019-01-15,111.93753051757812,111.93753051757812,107.10002899169922,108.2531509399414,72.02536010742188,11498868
2019-01-16,108.28128051757812,109.20940399169922,107.7750244140625,108.00003051757812,71.8569564819336,8515441
2019-01-17,108.00003051757812,109.43440246582031,108.00003051757812,109.06877899169922,72.56803894042969,5325531
2019-01-18,109.12503051757812,110.6437759399414,108.28128051757812,108.9000244140625,72.45575714111328,4366941
2019-01-21,109.0969009399414,109.5187759399414,107.24065399169922,107.5781478881836,71.57625579833984,4067143
2019-01-22,107.4375228881836,107.5781478881836,106.0312728881836,106.7062759399414,70.99617004394531,3577455
2019-01-23,106.62190246582031,107.7187728881836,104.4562759399414,104.79377746582031,69.72371673583984,6173490
2019-01-24,105.0187759399414,106.3687744140625,104.37190246582031,105.0468978881836,69.89212036132812,6157088
2019-01-25,105.5250244140625,106.3687744140625,104.2031478881836,104.5406494140625,69.55528259277344,3868441
2019-01-28,104.6250228881836,106.0875244140625,102.3750228881836,105.63752746582031,70.28507995605469,7440853
2019-01-29,105.07502746582031,105.63752746582031,103.30314636230469,104.4000244140625,69.46171569824219,17469350
2019-01-30,104.1187744140625,105.69377899169922,103.16252136230469,105.2437744140625,70.02310180664062,12711500
2019-01-31,106.0312728881836,107.7187728881836,105.07502746582031,106.0875244140625,70.58446502685547,25774313
2019-02-01,107.4094009399414,107.9156494140625,104.56877899169922,106.9875259399414,71.18329620361328,9474849
2019-02-04,106.5937728881836,106.5937728881836,103.3593978881836,103.8375244140625,69.08747100830078,3678667
2019-02-05,103.5562744140625,105.1594009399414,103.2187728881836,104.6812744140625,69.64885711669922,5500377
2019-02-06,104.7656478881836,106.1718978881836,103.9218978881836,105.07502746582031,69.91082763671875,4322649
2019-02-07,105.1594009399414,105.5812759399414,103.5000228881836,103.8375244140625,69.08747100830078,4309303
2019-02-08,103.8375244140625,105.7219009399414,101.5312728881836,101.8125228881836,67.74014282226562,7692145
2019-02-11,101.0250244140625,103.0500259399414,100.0406494140625,102.5718994140625,68.24539947509766,7913450
2019-02-12,102.9375228881836,104.85002899169922,101.5031509399414,101.9531478881836,67.83370208740234,11930402
2019-02-14,99.8437728881836,100.6031494140625,97.0312728881836,98.4094009399414,65.47591400146484,36962390
2019-02-15,100.35002136230469,102.4875259399414,99.9000244140625,102.0937728881836,67.9272689819336,16005610
2019-02-18,102.0656509399414,103.2187728881836,100.99690246582031,101.6718978881836,67.6465835571289,7973918
2019-02-19,101.3906478881836,102.9375228881836,100.63127136230469,100.9406509399414,67.16006469726562,10824411
2019-02-20,101.6718978881836,102.7125244140625,100.4625244140625,102.26252746582031,68.03955841064453,9658184
2019-02-21,102.7687759399414,102.9375228881836,101.7281494140625,102.26252746582031,68.03955841064453,9197823
2019-02-22,102.2062759399414,102.7125244140625,101.5312728881836,102.31877136230469,68.07697296142578,12182132
2019-02-25,101.8125228881836,102.6562728881836,100.4062728881836,102.3469009399414,68.0956802368164,29907322
2019-02-26,100.9687728881836,102.7687759399414,100.6031494140625,101.9250259399414,67.81501007080078,13683801
2019-02-27,101.98127746582031,103.66877746582031,101.1656494140625,102.0656509399414,67.9085693359375,13566494
2019-02-28,102.88127136230469,103.9218978881836,101.5875244140625,102.8531494140625,68.43251037597656,69863939
2019-03-01,102.9937744140625,103.3593978881836,102.4312744140625,103.0500259399414,68.56351470947266,7227772
2019-03-05,103.5000228881836,104.3156509399414,102.7125244140625,102.9375228881836,68.48863983154297,15733697
2019-03-06,102.9937744140625,104.85002899169922,102.2062759399414,103.7812728881836,69.0500259399414,20336766
2019-03-07,105.1875228881836,106.5937728881836,103.8375244140625,105.27190399169922,70.04181671142578,12295538
2019-03-08,105.7500228881836,106.0031509399414,104.2031478881836,105.1875228881836,69.98567962646484,6211299
2019-03-11,106.0312728881836,110.25003051757812,105.6093978881836,109.29377746582031,72.71772766113281,17678891
2019-03-12,109.49065399169922,113.62503051757812,109.49065399169922,110.4468994140625,73.48497009277344,26457157
2019-03-13,111.4312744140625,111.51565551757812,108.6187744140625,109.54690551757812,72.88614654541016,6930222
2019-03-14,106.2844009399414,106.7343978881836,105.3281478881836,105.5250244140625,72.37689208984375,8466765
2019-03-15,105.2437744140625,109.2375259399414,105.2437744140625,108.70315551757812,74.55670166015625,14301914
2019-03-18,109.20940399169922,111.26252746582031,108.70315551757812,110.84065246582031,76.02274322509766,14247336
2019-03-19,110.3625259399414,112.6125259399414,109.85627746582031,111.93753051757812,76.77505493164062,16995997
2019-03-20,112.07815551757812,112.4156494140625,110.53128051757812,111.03752899169922,76.15776062011719,9060589
2019-03-22,111.31877899169922,112.9781494140625,110.89690399169922,111.65628051757812,76.58216857910156,8782833
2019-03-25,110.9250259399414,114.46878051757812,109.7437744140625,113.62503051757812,77.93247985839844,14506515
2019-03-26,113.70940399169922,114.69377899169922,112.16252899169922,114.1031494140625,78.26039123535156,8371544
2019-03-27,114.18753051757812,115.1437759399414,111.65628051757812,112.6125259399414,77.23802185058594,11579885
2019-03-28,112.50003051757812,112.50003051757812,110.5031509399414,111.51565551757812,76.4857177734375,17034861
2019-04-01,111.4875259399414,112.3312759399414,109.7437744140625,109.99690246582031,75.44404602050781,10617688
2019-04-02,110.25003051757812,112.95002746582031,110.25003051757812,112.38752746582031,77.08370208740234,17946031
2019-04-03,112.72502899169922,113.93440246582031,112.58440399169922,113.0344009399414,77.52737426757812,15076661
2019-04-04,113.3156509399414,114.32815551757812,111.65628051757812,112.1343994140625,76.91009521484375,10130253
2019-04-05,112.8937759399414,112.8937759399414,110.27815246582031,110.41877746582031,75.73339080810547,9883976
2019-04-08,111.37503051757812,112.66877746582031,109.99690246582031,111.5718994140625,76.52427673339844,13511642
2019-04-09,111.9094009399414,112.1343994140625,110.84065246582031,111.5718994140625,76.52427673339844,10655872
2019-04-10,111.23440551757812,112.30315399169922,111.23440551757812,111.74065399169922,76.6400375366211,8637199
2019-04-11,112.02190399169922,112.16252899169922,110.05315399169922,110.2219009399414,75.5983657836914,13713296
2019-04-12,110.61565399169922,111.17815399169922,109.71565246582031,110.84065246582031,76.02274322509766,11004111
2019-04-15,111.26252746582031,112.9781494140625,110.8687744140625,111.40315246582031,76.4085464477539,8965316
2019-04-16,111.93753051757812,112.4156494140625,110.53128051757812,110.7281494140625,75.94558715820312,4918434
2019-04-18,111.0093994140625,111.2906494140625,108.84378051757812,109.29377746582031,74.96178436279297,11593259
2019-04-22,109.2375259399414,110.6437759399414,108.78752899169922,109.57502746582031,75.1546859741211,7772049
2019-04-23,109.01252746582031,109.43440246582031,108.02815246582031,108.56253051757812,74.46024322509766,6686014
2019-04-24,108.6187744140625,109.49065399169922,106.90315246582031,107.9719009399414,74.05513763427734,7288151
2019-04-25,108.1125259399414,110.13752746582031,107.2687759399414,107.74690246582031,73.90082550048828,17599280
2019-04-26,107.4375228881836,109.35002899169922,107.0718994140625,107.32502746582031,73.6114730834961,8664580
2019-04-30,107.8312759399414,108.28128051757812,104.28752899169922,104.85002899169922,71.91393280029297,14290974
2019-05-02,105.21565246582031,107.32502746582031,104.8781509399414,106.9875259399414,73.37998962402344,8897549
2019-05-03,107.38127899169922,108.5344009399414,106.9875259399414,107.3531494140625,73.6307373046875,10782838
2019-05-06,106.8750228881836,108.4781494140625,106.2281494140625,107.1281509399414,73.47642517089844,5477945
2019-05-07,107.1562728881836,109.01252746582031,107.1562728881836,107.74690246582031,73.90082550048828,9450289
2019-05-08,107.9719009399414,108.98440551757812,106.25627899169922,106.8750228881836,73.30280303955078,10180731
2019-05-09,106.81877899169922,106.90315246582031,104.8218994140625,105.69377899169922,72.49263763427734,7921214
2019-05-10,105.97502899169922,106.0031509399414,104.09065246582031,104.37190246582031,71.58599853515625,5938686
2019-05-13,104.3156509399414,104.65315246582031,102.40315246582031,102.74064636230469,70.46714782714844,5504435
2019-05-14,102.31877136230469,103.6125259399414,101.84065246582031,102.17814636230469,70.08135986328125,11334983
2019-05-15,103.02189636230469,103.8375244140625,99.8156509399414,100.4062728881836,68.86607360839844,7616268
2019-05-16,100.8843994140625,102.7687759399414,100.6031494140625,102.2906494140625,70.15851593017578,8660893
2019-05-17,102.2062759399414,103.2750244140625,101.4468994140625,102.45939636230469,70.2742691040039,10183233
2019-05-20,104.6812744140625,106.25627899169922,103.52815246582031,105.77815246582031,72.5505142211914,6287120
2019-05-21,105.8906478881836,106.0875244140625,103.3593978881836,103.4719009399414,70.96869659423828,7748239
2019-05-22,103.44377136230469,104.23127746582031,102.26252746582031,102.4312744140625,70.2549819946289,6972640
2019-05-23,104.6250228881836,105.8062744140625,102.9937744140625,103.86564636230469,71.23876953125,13966122
2019-05-24,104.42815399169922,104.93440246582031,103.6406478881836,104.42815399169922,71.62457275390625,7240775
2019-05-27,104.8781509399414,106.6500244140625,104.42815399169922,105.3843994140625,72.28044128417969,6424176
2019-05-28,105.8906478881836,107.60627746582031,105.63752746582031,106.9875259399414,73.37998962402344,11255911
2019-05-29,107.66252899169922,108.56253051757812,106.5093994140625,106.95940399169922,73.36070251464844,8310232
2019-05-30,108.78752899169922,109.06877899169922,105.83440399169922,107.5500259399414,73.76578521728516,34989609
2019-05-31,107.7187728881836,108.22502899169922,105.97502899169922,106.48127746582031,73.03275299072266,11849847
2019-06-03,107.0156478881836,108.84378051757812,106.8750228881836,108.59065246582031,74.47954559326172,12106965
2019-06-04,108.30940246582031,110.25003051757812,107.9719009399414,108.5344009399414,74.44095611572266,11447117
2019-06-06,109.68753051757812,111.45940399169922,109.20940399169922,109.9406509399414,75.40545654296875,26132949
2019-06-07,109.9406509399414,110.27815246582031,107.52190399169922,107.8593978881836,73.97798919677734,8783688
2019-06-10,108.5344009399414,110.2219009399414,108.22502899169922,109.29377746582031,74.96178436279297,11231885
2019-06-11,109.85627746582031,110.0812759399414,108.50627899169922,108.92815399169922,74.71101379394531,6589306
2019-06-12,108.56253051757812,108.9000244140625,107.04377746582031,107.52190399169922,73.74649810791016,7509749
2019-06-13,107.5500259399414,109.3781509399414,106.67815399169922,109.0406494140625,74.78816223144531,11041648
2019-06-14,109.12503051757812,110.7844009399414,108.7593994140625,109.4625244140625,75.07752227783203,34979466
2019-06-17,110.47502899169922,110.5031509399414,108.9000244140625,109.15315246582031,74.8653335571289,10860754
2019-06-18,109.5187759399414,111.8531494140625,109.20940399169922,111.26252746582031,76.3121109008789,17815522
2019-06-19,111.4312744140625,113.34378051757812,111.37503051757812,112.66877746582031,77.27661895751953,32722391
2019-06-20,112.86565399169922,114.04690551757812,112.10627746582031,113.0344009399414,77.52737426757812,11459458
2019-06-21,113.1750259399414,113.65315246582031,111.68440246582031,112.44377899169922,77.12228393554688,16601442
2019-06-24,112.50003051757812,112.92190551757812,111.12190246582031,111.96565246582031,76.79434967041016,9883389
2019-06-25,111.93753051757812,113.79377746582031,111.93753051757812,113.4000244140625,77.77816009521484,10375296
2019-06-26,113.3156509399414,118.6594009399414,113.09065246582031,117.92815399169922,80.88388061523438,31182825
2019-06-27,117.61878204345703,118.06877899169922,116.01565551757812,116.8312759399414,80.13155364990234,13741562
2019-06-28,116.52190399169922,117.90003204345703,115.11565399169922,116.38127899169922,79.82292175292969,12067819
2019-07-01,116.57815551757812,118.12503051757812,115.67815399169922,116.46565246582031,79.88077545166016,11211814
2019-07-02,116.66252899169922,117.6750259399414,116.07190704345703,116.63440704345703,79.99652862548828,12203723
2019-07-03,117.1125259399414,117.92815399169922,116.2687759399414,117.5344009399414,80.61381530761719,13693989
2019-07-04,117.56253051757812,118.57502746582031,116.8312759399414,118.2375259399414,81.09606170654297,12324046
2019-07-05,118.15315246582031,119.25003051757812,114.8625259399414,115.7906494140625,79.4178237915039,12525923
2019-07-08,115.31253051757812,116.07190704345703,112.6968994140625,113.20315551757812,77.64311218261719,8948141
2019-07-09,113.5969009399414,115.4250259399414,112.2750244140625,115.17190551757812,78.99343872070312,6875651
2019-07-10,115.1437759399414,116.1281509399414,114.2437744140625,115.48127746582031,79.20562744140625,12675299
2019-07-11,116.10002899169922,117.64690399169922,115.9312744140625,117.33753204345703,80.4787826538086,7808266
2019-07-12,117.33753204345703,118.04065704345703,114.97502899169922,116.2687759399414,79.74574279785156,6349095
2019-07-15,115.67815399169922,116.29690551757812,114.13127899169922,115.2844009399414,79.07060241699219,6656137
2019-07-16,115.20002746582031,117.78752899169922,114.91877746582031,117.50627899169922,80.59451293945312,6627472
2019-07-17,117.45002746582031,118.43440246582031,116.1281509399414,117.00003051757812,80.2472915649414,6388864
2019-07-18,117.50627899169922,117.50627899169922,115.31253051757812,115.5093994140625,79.22491455078125,8419638
2019-07-19,115.76252746582031,116.80315399169922,114.07502746582031,115.7062759399414,79.35995483398438,10869152
2019-07-22,115.87503051757812,116.5500259399414,113.9625244140625,114.8062744140625,78.74266052246094,9061812
2019-07-23,115.1437759399414,118.68753051757812,114.8625259399414,118.3781509399414,81.19252014160156,14046808
2019-07-24,117.92815399169922,119.81253051757812,117.30940246582031,118.01252746582031,80.94174194335938,18181391
2019-07-25,118.12503051757812,120.60002899169922,118.04065704345703,119.89690399169922,82.23420715332031,28085772
2019-07-26,119.89690399169922,120.37503051757812,118.26565551757812,118.99690246582031,81.61690521240234,10950941
2019-07-29,119.44690704345703,119.53128051757812,116.18440246582031,116.94377899169922,80.20872497558594,5948953
2019-07-30,116.88752746582031,118.01252746582031,116.2687759399414,117.14065551757812,80.34375,10050004
2019-07-31,116.71878051757812,120.34690856933594,116.4094009399414,118.57502746582031,81.32756042480469,26229893
2019-08-01,119.2219009399414,121.64065551757812,118.01252746582031,120.37503051757812,82.56214141845703,27069006
2019-08-02,119.7844009399414,120.34690856933594,117.19690704345703,118.43440246582031,81.23109436035156,20863783
2019-08-05,118.12503051757812,118.12503051757812,110.7281494140625,113.14690399169922,77.60453796386719,18063375
2019-08-06,112.8375244140625,113.93440246582031,110.39065551757812,111.4312744140625,76.42782592773438,11846580
2019-08-07,111.93753051757812,113.0344009399414,110.8687744140625,111.8531494140625,76.71720123291016,9432897
2019-08-08,111.40315246582031,117.36565399169922,110.84065246582031,114.0187759399414,78.20252990722656,6595239
2019-08-09,114.46878051757812,117.47815704345703,113.20315551757812,113.62503051757812,77.93247985839844,9175926
2019-08-13,112.7531509399414,115.53752899169922,110.67190551757812,113.62503051757812,77.93247985839844,7558090
2019-08-14,113.09065246582031,115.9875259399414,111.23440551757812,115.39690399169922,79.14775848388672,8024154
2019-08-16,114.8062744140625,120.51565551757812,113.79377746582031,118.77190399169922,81.46258544921875,11894601
2019-08-19,117.64690399169922,118.12503051757812,115.95940399169922,116.46565246582031,80.837890625,8100095
2019-08-20,116.43753051757812,118.63127899169922,115.67815399169922,115.90315246582031,80.44746398925781,8711658
2019-08-21,116.24065399169922,116.77503204345703,114.91877746582031,115.25627899169922,79.99848175048828,5649369
2019-08-22,115.03128051757812,115.62190246582031,112.95002746582031,114.04690551757812,79.15906524658203,5059207
2019-08-23,113.65315246582031,115.0875244140625,112.8937759399414,113.34378051757812,78.67103576660156,7611285
2019-08-26,113.8218994140625,114.46878051757812,112.02190399169922,114.13127899169922,79.21763610839844,7846961
2019-08-27,114.21565246582031,117.78752899169922,114.21565246582031,116.18440246582031,80.64268493652344,18828020
2019-08-28,116.9719009399414,118.82815551757812,114.9468994140625,115.73440551757812,80.33035278320312,15756988
2019-08-29,115.73440551757812,116.32502746582031,114.55315399169922,115.20002746582031,79.95943450927734,8660979
2019-08-30,115.5093994140625,116.5500259399414,109.12503051757812,112.78128051757812,78.28060150146484,15630977
2019-09-03,113.28752899169922,113.85002899169922,110.27815246582031,110.84065246582031,76.93363189697266,9494810
2019-09-04,111.0656509399414,111.93753051757812,109.85627746582031,110.75627899169922,76.87507629394531,8565768
2019-09-05,111.93753051757812,114.35627746582031,111.0093994140625,112.1343994140625,77.83161163330078,14199248
2019-09-06,112.6968994140625,114.9468994140625,112.52815246582031,114.46878051757812,79.451904296875,13782929
2019-09-09,114.32815551757812,115.2281494140625,113.51252746582031,114.13127899169922,79.21763610839844,4769289
2019-09-11,114.18753051757812,114.69377899169922,112.38752746582031,113.28752899169922,78.63198852539062,7723322
2019-09-12,113.62503051757812,113.62503051757812,111.17815399169922,112.30315399169922,77.94873809814453,11516235
2019-09-13,112.21878051757812,114.18753051757812,111.96565246582031,113.99065399169922,79.1200180053711,7223537
2019-09-16,113.06253051757812,114.75003051757812,112.9781494140625,113.70940399169922,78.92481994628906,6031015
2019-09-17,113.85002899169922,114.0187759399414,112.1343994140625,112.7531509399414,78.26107788085938,5823968
2019-09-18,112.78128051757812,114.18753051757812,111.51565551757812,113.65315246582031,78.88578033447266,7206830
2019-09-19,114.04690551757812,114.04690551757812,111.9937744140625,113.14690399169922,78.53437805175781,6306748
2019-09-20,112.6125259399414,117.50627899169922,109.91252899169922,110.3625259399414,76.60177612304688,51859153
2019-09-23,110.81253051757812,111.51565551757812,104.85002899169922,105.91877746582031,73.51741790771484,24586363
2019-09-24,105.69377899169922,107.9719009399414,104.0625228881836,107.1281509399414,74.3568115234375,18234411
2019-09-25,108.84378051757812,114.41252899169922,108.6187744140625,111.79690551757812,77.59735107421875,48245282
2019-09-26,112.4719009399414,113.28752899169922,110.8687744140625,112.07815551757812,77.79257202148438,15826874
2019-09-27,111.26252746582031,112.35940551757812,110.27815246582031,111.4312744140625,77.34357452392578,10034452
2019-09-30,110.81253051757812,112.50003051757812,110.05315399169922,111.96565246582031,77.71448516845703,9111327
2019-10-01,112.21878051757812,113.99065399169922,110.25003051757812,110.53128051757812,76.71888732910156,7634447
2019-10-03,110.6437759399414,112.50003051757812,109.40628051757812,111.9937744140625,77.73400115966797,9432906
2019-10-04,111.96565246582031,112.38752746582031,110.0250244140625,110.55940246582031,76.7384033203125,19442087
2019-10-07,110.6437759399414,111.03752899169922,109.35002899169922,110.53128051757812,76.71888732910156,11655995
2019-10-09,111.09378051757812,111.88127899169922,109.91252899169922,111.2062759399414,77.18742370605469,8504262
2019-10-10,111.31877899169922,112.2750244140625,110.53128051757812,111.9937744140625,77.73400115966797,6982965
2019-10-11,111.96565246582031,114.89065551757812,111.88127899169922,113.06253051757812,78.475830078125,10517558
2019-10-14,113.06253051757812,113.79377746582031,111.2062759399414,111.60002899169922,77.46070861816406,11162487
2019-10-15,111.60002899169922,113.62503051757812,111.54377746582031,113.20315551757812,78.57341766357422,5013200
2019-10-16,113.06253051757812,113.20315551757812,110.61565399169922,111.68440246582031,77.5192642211914,6668842
2019-10-17,111.79690551757812,112.35940551757812,110.53128051757812,111.2062759399414,77.18742370605469,7899823
2019-10-18,111.2062759399414,114.32815551757812,110.81253051757812,113.93440246582031,79.08097076416016,8795448
2019-10-22,113.06253051757812,116.74690246582031,113.06253051757812,115.34065246582031,80.05706024169922,10675241
2019-10-23,115.31253051757812,116.43753051757812,113.79377746582031,116.01565551757812,80.52555847167969,5777589
2019-10-24,116.10002899169922,116.57815551757812,114.5250244140625,114.8062744140625,79.68614196777344,5428181
2019-10-25,115.53752899169922,115.53752899169922,113.14690399169922,114.1594009399414,79.23716735839844,3993616
2019-10-27,114.75003051757812,114.91877746582031,113.06253051757812,113.8218994140625,79.00286865234375,388417
2019-10-29,113.76565551757812,114.13127899169922,112.21878051757812,113.09065246582031,78.4953384399414,5943950
2019-10-30,114.6656494140625,114.6656494140625,112.10627746582031,112.4719009399414,78.06587219238281,6419057
2019-10-31,112.66877746582031,113.00627899169922,111.2906494140625,111.5718994140625,77.44117736816406,15582577
2019-11-01,111.6281509399414,111.8531494140625,110.67190551757812,110.98127746582031,77.03124237060547,8803683
2019-11-04,111.31877899169922,111.74065399169922,109.15315246582031,109.54690551757812,76.03564453125,15175738
2019-11-05,109.54690551757812,110.53128051757812,109.06877899169922,109.91252899169922,76.2894287109375,8153818
2019-11-06,109.91252899169922,110.53128051757812,109.5187759399414,109.7437744140625,76.17228698730469,9183411
2019-11-07,110.25003051757812,110.7281494140625,108.92815399169922,109.2375259399414,75.82091522216797,15498054
2019-11-08,109.82815551757812,109.91252899169922,107.3531494140625,107.80315399169922,74.82532501220703,11762251
2019-11-11,107.80315399169922,108.6187744140625,107.0718994140625,107.8593978881836,74.86437225341797,10089055
2019-11-13,108.00003051757812,109.3218994140625,105.91877746582031,106.4531478881836,73.88829040527344,9456977
2019-11-14,106.8750228881836,106.95940399169922,105.13127899169922,105.7500228881836,73.40026092529297,19380370
2019-11-15,105.7500228881836,106.25627899169922,105.0468978881836,105.55315399169922,73.26361846923828,18256039
2019-11-18,105.5812759399414,107.4375228881836,104.99065399169922,107.24065399169922,74.43489837646484,11766437
2019-11-19,107.4375228881836,110.25003051757812,106.9875259399414,109.9406509399414,76.30894470214844,22218922
2019-11-20,110.2219009399414,110.89690399169922,109.12503051757812,110.3062744140625,76.5627212524414,9597590
2019-11-21,110.13752746582031,110.7844009399414,109.12503051757812,110.41877746582031,76.64081573486328,12107895
2019-11-22,110.25003051757812,113.1750259399414,110.25003051757812,111.79690551757812,77.59735107421875,16199814
2019-11-25,111.93753051757812,112.72502899169922,111.26252746582031,111.7125244140625,77.53878021240234,6529113
2019-11-26,111.96565246582031,112.16252899169922,109.06877899169922,109.35002899169922,75.89900970458984,21594044
2019-11-27,109.6594009399414,110.25003051757812,109.1812744140625,109.7437744140625,76.17228698730469,12155700
2019-11-28,110.3625259399414,111.23440551757812,109.2375259399414,110.33440399169922,76.5822525024414,6724188
2019-11-29,109.91252899169922,110.19377899169922,108.0562744140625,108.73127746582031,75.46952819824219,17547179
2019-12-02,109.68753051757812,109.68753051757812,107.10002899169922,107.66252899169922,74.72771453857422,19957065
2019-12-03,108.0562744140625,108.0562744140625,106.3687744140625,106.53752899169922,73.94686889648438,7451455
2019-12-04,106.5656509399414,106.8750228881836,105.5812759399414,105.97502899169922,73.55644989013672,10311154
2019-12-05,106.0312728881836,106.25627899169922,104.9062728881836,105.35627746582031,73.12696075439453,4569931
2019-12-06,105.4406509399414,105.83440399169922,104.5406494140625,104.9625244140625,72.85366821289062,5388071
2019-12-09,105.1875228881836,106.2281494140625,104.37190246582031,105.7219009399414,73.38074493408203,5459781
2019-12-10,105.7219009399414,105.7219009399414,102.4875259399414,102.7968978881836,71.35053253173828,10563080
2019-12-11,102.9375228881836,103.10627746582031,100.29377746582031,102.2343978881836,70.9601058959961,39214905
2019-12-12,102.7968978881836,105.9468994140625,101.84065246582031,103.9218978881836,72.13136291503906,63493233
2019-12-13,104.4562759399414,105.49690246582031,104.0625228881836,104.4562759399414,72.5022964477539,12987237
2019-12-16,104.7375259399414,105.69377899169922,104.3156509399414,105.1594009399414,72.99032592773438,8479418
2019-12-17,105.3843994140625,106.2281494140625,104.4000244140625,105.77815246582031,73.41979217529297,17903634
2019-12-18,105.21565246582031,106.3125228881836,104.70940399169922,105.3000259399414,73.08792114257812,10099352
2019-12-19,105.2437744140625,105.27190399169922,104.00627899169922,104.85002899169922,72.77559661865234,5749401
2019-12-20,104.42815399169922,105.4406509399414,104.1187744140625,104.6812744140625,72.65845489501953,9690984
2019-12-23,104.42815399169922,105.4687728881836,103.9218978881836,104.51252746582031,72.54133605957031,17045076
2019-12-24,104.8781509399414,105.41252899169922,104.3437728881836,105.27190399169922,73.06840515136719,3748896
2019-12-26,105.35627746582031,105.4687728881836,103.52815246582031,103.9781494140625,72.17041778564453,3925143
2019-12-27,104.3437728881836,106.5937728881836,104.3437728881836,106.34065246582031,73.81021881103516,7122947
2019-12-30,106.3125228881836,107.7187728881836,106.1437759399414,107.04377746582031,74.29825592041016,6925363
2019-12-31,106.5937728881836,108.14065551757812,106.4531478881836,107.0156478881836,74.27873992919922,11907723
2020-01-01,107.18440246582031,110.19377899169922,107.0156478881836,109.96878051757812,76.32847595214844,13620373
2020-01-02,109.99690246582031,110.6437759399414,109.3218994140625,109.7437744140625,76.17228698730469,5673692
2020-01-03,109.26565551757812,109.57502746582031,107.5781478881836,108.56253051757812,75.3524169921875,7358268
2020-01-06,108.00003051757812,109.0969009399414,105.7500228881836,108.6187744140625,75.39144897460938,7355290
2020-01-07,108.64690399169922,109.40628051757812,107.52190399169922,107.8312759399414,74.84484100341797,14023712
2020-01-08,107.04377746582031,107.4094009399414,106.2281494140625,107.18440246582031,74.3958511352539,9451757
2020-01-09,107.9719009399414,108.78752899169922,107.52190399169922,108.5344009399414,75.33289337158203,7714854
2020-01-10,108.9562759399414,108.9562759399414,107.4375228881836,108.08440399169922,75.02053833007812,4118638
2020-01-13,108.22502899169922,109.68753051757812,107.88752746582031,109.57502746582031,76.05516815185547,27682638
2020-01-14,109.57502746582031,110.4468994140625,109.26565551757812,109.82815551757812,76.2308578491211,5994314
2020-01-15,109.91252899169922,110.13752746582031,108.50627899169922,109.26565551757812,75.84044647216797,7114590
2020-01-16,109.1812744140625,111.2062759399414,109.1812744140625,110.5031509399414,76.69937133789062,8552344
2020-01-17,110.2219009399414,111.2906494140625,108.92815399169922,111.03752899169922,77.07026672363281,4698386
2020-01-20,114.97502899169922,118.68753051757812,114.32815551757812,115.11565399169922,79.90088653564453,49337827
2020-01-21,114.55315399169922,114.91877746582031,111.93753051757812,112.8375244140625,78.31965637207031,17283910
2020-01-22,112.78128051757812,113.8218994140625,108.59065246582031,112.52815246582031,78.10490417480469,56787054
2020-01-23,110.67190551757812,116.66252899169922,109.06877899169922,113.5969009399414,78.84672546386719,226059260
2020-01-24,110.5031509399414,111.45940399169922,109.26565551757812,110.7844009399414,76.89459991455078,16151679
2020-01-27,110.47502899169922,110.5031509399414,108.16877746582031,108.56253051757812,75.3524169921875,8213919
2020-01-28,108.56253051757812,108.56253051757812,106.3687744140625,107.1281509399414,74.3568115234375,9174575
2020-01-29,107.1281509399414,109.01252746582031,106.4531478881836,108.22502899169922,75.11814880371094,17600091
2020-01-30,108.22502899169922,109.82815551757812,107.66252899169922,109.35002899169922,75.89900970458984,26386034
2020-01-31,109.85627746582031,109.96878051757812,104.1187744140625,105.1031494140625,72.9512710571289,63986362
2020-02-03,101.75627136230469,106.3125228881836,99.8156509399414,105.3843994140625,73.146484375,16329297
2020-02-04,105.9468994140625,109.85627746582031,105.7500228881836,109.3218994140625,75.87947845458984,14207381
2020-02-05,109.1812744140625,110.0812759399414,105.7500228881836,106.5093994140625,73.92733764648438,14550344
2020-02-06,106.8469009399414,108.98440551757812,106.11565399169922,108.50627899169922,75.31336212158203,9175642
2020-02-07,108.45002746582031,108.45002746582031,106.05940246582031,107.10002899169922,74.33728790283203,18058457
2020-02-10,107.2687759399414,107.4937744140625,103.9218978881836,104.9625244140625,72.85366821289062,30471811
2020-02-11,106.0312728881836,107.5500259399414,105.8062744140625,106.5937728881836,73.98591613769531,32456571
2020-02-12,106.90315246582031,107.94377899169922,106.05940246582031,106.5093994140625,73.92733764648438,16386952
2020-02-13,106.20002746582031,107.52190399169922,105.5812759399414,107.18440246582031,74.3958511352539,18581113
2020-02-14,107.1562728881836,107.66252899169922,103.16252136230469,103.5562744140625,71.87760162353516,23830630
2020-02-17,104.0625228881836,104.51252746582031,101.55940246582031,103.2750244140625,71.6823959350586,17670292
2020-02-18,102.7125244140625,104.8218994140625,101.7281494140625,104.0625228881836,72.22898864746094,30879880
2020-02-19,104.6250228881836,105.7219009399414,102.9375228881836,105.4687728881836,73.20503997802734,22313738
2020-02-20,105.4687728881836,107.2687759399414,104.56877899169922,106.4531478881836,73.88829040527344,25907657
2020-02-24,106.3125228881836,106.4250259399414,104.09065246582031,104.6812744140625,72.65845489501953,14921452
2020-02-25,104.6812744140625,105.5812759399414,104.2593994140625,104.70940399169922,72.677978515625,17807428
2020-02-26,104.0625228881836,105.97502899169922,103.4719009399414,104.5406494140625,72.56084442138672,17113656
2020-02-27,104.1187744140625,105.5812759399414,101.98127746582031,104.8781509399414,72.79510498046875,28472046
2020-02-28,103.1906509399414,104.23127746582031,100.77189636230469,102.0937728881836,70.86248016357422,28010970
2020-03-02,103.3593978881836,105.3000259399414,102.2343978881836,103.2187728881836,71.64334106445312,19540018
2020-03-03,103.38752746582031,109.5187759399414,102.40315246582031,107.8312759399414,74.84484100341797,16039306
2020-03-04,107.2687759399414,111.37503051757812,106.05940246582031,110.84065246582031,76.93363189697266,16939245
2020-03-05,110.27815246582031,112.24690246582031,109.43440246582031,110.2219009399414,76.50416564941406,9715265
2020-03-06,107.1562728881836,108.3375244140625,105.83440399169922,107.2125244140625,74.4153823852539,14371982
2020-03-09,104.00627899169922,106.0875244140625,100.0969009399414,101.7844009399414,70.64776611328125,69609292
2020-03-11,100.9687728881836,103.44377136230469,99.7031478881836,102.03752136230469,70.82345581054688,42604599
2020-03-12,99.1125259399414,100.06877136230469,92.6718978881836,93.4312744140625,64.84992218017578,58418097
2020-03-13,91.57501983642578,97.0875244140625,84.0937728881836,94.44377136230469,65.55269622802734,44617540
2020-03-16,91.35002136230469,91.63127136230469,87.1875228881836,88.84689331054688,63.93755340576172,39669086
2020-03-17,88.05939483642578,95.8218994140625,87.6093978881836,91.1250228881836,65.57697296142578,35460792
2020-03-18,92.2500228881836,92.75627136230469,68.70938873291016,81.08439636230469,58.35136413574219,119909061
2020-03-19,81.78752136230469,85.44377136230469,78.80626678466797,82.77189636230469,59.56575393676758,44039786
2020-03-20,83.3906478881836,91.0406494140625,83.3906478881836,88.4531478881836,63.65420150756836,131485883
2020-03-23,79.62189483642578,87.6656494140625,79.62189483642578,86.0625228881836,61.933815002441406,39665620
2020-03-24,85.52814483642578,88.42501831054688,81.78752136230469,82.85626983642578,59.626468658447266,42302851
2020-03-25,83.5312728881836,88.28439331054688,83.44689178466797,84.5156478881836,60.82061767578125,23309603
2020-03-26,84.7125244140625,90.95626831054688,82.8281478881836,89.0718994140625,64.09947204589844,25329120
2020-03-27,89.2125244140625,93.5156478881836,88.11564636230469,90.0000228881836,64.76737976074219,28883749
2020-03-30,87.1875228881836,89.94377136230469,86.09064483642578,87.55314636230469,63.00651931762695,22364337
2020-03-31,89.10002136230469,91.01251983642578,87.97502136230469,89.4937744140625,64.40308380126953,24838523
2020-04-01,89.4375228881836,91.09689331054688,86.14689636230469,86.9625244140625,62.581478118896484,14182117
2020-04-03,86.93439483642578,90.25314331054688,85.3593978881836,87.86251831054688,63.229148864746094,21066826
2020-04-07,90.5625228881836,91.06877136230469,87.97502136230469,88.8750228881836,63.95777893066406,24741992
2020-04-08,88.81877136230469,91.51876831054688,87.3281478881836,89.0718994140625,64.09947204589844,21481260
2020-04-09,90.50627136230469,93.7687759399414,89.0718994140625,92.5031509399414,66.56874084472656,15607786
2020-04-13,92.2500228881836,92.75627136230469,88.4531478881836,89.97189331054688,64.74715423583984,14901247
2020-04-15,90.81564331054688,92.19377136230469,89.12814331054688,89.74689483642578,64.58522033691406,25249654
2020-04-16,88.98751831054688,93.7687759399414,88.5937728881836,91.91252136230469,66.1436767578125,31150756
2020-04-17,94.30314636230469,97.4531478881836,92.3906478881836,94.3593978881836,67.904541015625,18536308
2020-04-20,95.1750259399414,95.1750259399414,91.20939636230469,93.0937728881836,66.99374389648438,24177042
2020-04-21,92.2500228881836,93.3750228881836,91.20939636230469,91.49064636230469,65.84009552001953,13915863
2020-04-22,90.0000228881836,91.5468978881836,88.0875244140625,91.23751831054688,65.65792083740234,19702407
2020-04-23,90.8437728881836,91.06877136230469,88.6500244140625,88.8750228881836,63.95777893066406,32128585
2020-04-24,88.3125228881836,90.0562744140625,87.6093978881836,89.52189636230469,64.42330169677734,33134279
2020-04-27,90.8437728881836,90.8437728881836,88.67814636230469,89.7750244140625,64.60543823242188,9762001
2020-04-28,90.02814483642578,90.22502136230469,88.20001983642578,88.42501831054688,63.63395309448242,26134701
2020-04-29,89.7187728881836,90.3375244140625,87.7500228881836,88.90314483642578,63.97802734375,14509262
2020-04-30,89.7750244140625,91.94064331054688,88.42501831054688,91.15314483642578,65.59720611572266,18702868
2020-05-04,90.50627136230469,90.8437728881836,88.6500244140625,89.46564483642578,64.38282775878906,12598146
2020-05-05,90.81564331054688,93.2906494140625,90.11251831054688,92.05314636230469,66.24488067626953,18305545
2020-05-06,91.63127136230469,93.74064636230469,91.51876831054688,93.03752136230469,66.9532699584961,12853774
2020-05-07,92.05314636230469,92.8125228881836,90.5625228881836,90.9843978881836,65.47579193115234,8561359
2020-05-08,91.4625244140625,91.4625244140625,88.9312744140625,89.4375228881836,64.36257934570312,30898767
2020-05-11,89.60626983642578,91.35002136230469,89.0718994140625,89.32501983642578,64.28162384033203,9453421
2020-05-12,89.1562728881836,92.8125228881836,88.70626831054688,91.85626983642578,66.10321044921875,19986028
2020-05-13,96.4406509399414,96.69377136230469,91.15314483642578,93.74064636230469,67.45928955078125,27175817
2020-05-14,92.2500228881836,92.2500228881836,90.0000228881836,90.45001983642578,65.09121704101562,26454121
2020-05-15,89.55001831054688,90.9843978881836,89.0156478881836,89.88751983642578,64.6864242553711,20009870
2020-05-18,89.9156494140625,90.11251831054688,86.23126983642578,86.9062728881836,62.54100799560547,32898286
2020-05-19,87.1875228881836,89.60626983642578,86.6250228881836,88.90314483642578,63.97802734375,12276533
2020-05-20,87.8906478881836,90.36564636230469,87.6093978881836,89.12814331054688,64.13995361328125,24677051
2020-05-21,88.62189483642578,89.9156494140625,88.3125228881836,89.38127136230469,64.32211303710938,17176100
2020-05-22,88.3125228881836,88.8750228881836,86.6812744140625,87.6656494140625,63.08747100830078,25080927
2020-05-26,87.83439636230469,89.26876831054688,87.4687728881836,88.5093994140625,63.69467544555664,18512685
2020-05-27,88.5093994140625,88.81877136230469,87.6093978881836,88.39689636230469,63.61371994018555,22655078
2020-05-28,89.0718994140625,89.0718994140625,87.77814483642578,88.4531478881836,63.65420150756836,25797051
2020-05-29,88.4531478881836,89.24064636230469,88.0875244140625,88.62189483642578,63.77561569213867,63844851
2020-06-01,89.18439483642578,90.59064483642578,88.70626831054688,89.3531494140625,64.30186462402344,45314328
2020-06-02,89.9156494140625,94.6968994140625,89.2125244140625,92.84064483642578,66.81159973144531,43626060
2020-06-03,93.0937728881836,94.2187728881836,92.1656494140625,92.55939483642578,66.60921478271484,13811685
2020-06-04,92.9250259399414,95.5969009399414,92.8687744140625,95.2031478881836,68.51174926757812,23992166
2020-06-05,93.9375228881836,98.04377746582031,92.55939483642578,96.4406509399414,69.40229797363281,22851633
2020-06-08,97.5656509399414,98.38127136230469,96.1031494140625,96.9468994140625,69.76660919189453,11723588
2020-06-09,97.8750228881836,97.90315246582031,95.6250228881836,95.93439483642578,69.03797912597656,8412588
2020-06-10,95.93439483642578,96.3281478881836,94.8375244140625,95.65314483642578,68.83556365966797,10101681
2020-06-11,94.52814483642578,100.29377746582031,94.4156494140625,96.1875228881836,69.22016143798828,22109491
2020-06-12,93.40314483642578,95.28752136230469,93.1500244140625,93.54376983642578,67.31758880615234,20331770
2020-06-15,92.9250259399414,93.3750228881836,91.4625244140625,91.8281478881836,66.0829849243164,13833335
2020-06-16,93.2062759399414,93.5156478881836,90.81564331054688,91.51876831054688,65.8603286743164,13972830
2020-06-17,90.4781494140625,91.01251983642578,89.0718994140625,89.7187728881836,64.56498718261719,28371013
2020-06-18,90.39376831054688,93.54376983642578,89.7187728881836,93.0656509399414,66.97350311279297,19720997
2020-06-19,93.2906494140625,96.91877746582031,92.84064483642578,96.41252136230469,69.38204956054688,21577413
2020-06-22,99.22502136230469,101.1093978881836,95.99064636230469,100.4625244140625,72.2966079711914,33039735
2020-06-23,102.0937728881836,106.3125228881836,100.71565246582031,105.4406509399414,75.8790283203125,34298071
2020-06-24,105.0468978881836,105.97502899169922,99.5625228881836,100.4062728881836,72.25611877441406,32910525
2020-06-25,100.35002136230469,103.10627746582031,98.0718994140625,100.8843994140625,72.60018920898438,40909792
2020-06-26,101.7844009399414,102.4312744140625,100.20939636230469,100.8000259399414,72.53947448730469,11954078
2020-06-29,100.1250228881836,101.41877746582031,99.64689636230469,100.2656478881836,72.1549072265625,7547198
2020-06-30,100.6875228881836,101.2219009399414,97.8750228881836,98.3531494140625,70.77860260009766,11889584
2020-07-01,98.4375228881836,98.66252136230469,96.69377136230469,97.5656509399414,70.2118911743164,15209917
2020-07-02,97.5937728881836,99.45002746582031,97.0875244140625,98.4937744140625,70.87980651855469,15481100
2020-07-03,99.0000228881836,100.91252136230469,98.4937744140625,99.9000244140625,71.89179992675781,22720042
2020-07-06,100.35002136230469,100.5187759399414,98.88752746582031,100.1250228881836,72.05370330810547,11724475
2020-07-07,100.4062728881836,100.4062728881836,96.5812759399414,97.3687744140625,70.07022094726562,20855578
2020-07-08,97.3125228881836,98.24064636230469,94.95001983642578,95.4843978881836,68.71415710449219,16818545
2020-07-09,95.9062728881836,97.0312728881836,95.3437728881836,96.49690246582031,69.44277954101562,16110083
2020-07-10,96.5250244140625,97.7343978881836,95.3437728881836,97.0875244140625,69.8678207397461,23809286
2020-07-13,97.0875244140625,97.9875259399414,94.6125259399414,95.1187744140625,68.45103454589844,10803798
2020-07-14,94.7812728881836,94.95001983642578,91.6875228881836,91.8843994140625,66.12344360351562,16288923
2020-07-15,92.84064483642578,93.54376983642578,91.7437744140625,91.99689483642578,66.20440673828125,15061461
2020-07-16,92.5312728881836,92.5312728881836,89.7187728881836,91.23751831054688,65.65792083740234,15458966
2020-07-17,90.92814636230469,92.1656494140625,90.92814636230469,91.85626983642578,66.10321044921875,13711930
2020-07-20,91.85626983642578,92.3906478881836,91.3218994140625,91.9687728881836,66.18415832519531,8390572
2020-07-21,92.3062744140625,98.1281509399414,92.3062744140625,97.67814636230469,70.29283142089844,33717545
2020-07-22,97.8750228881836,102.03752136230469,97.76252746582031,101.05314636230469,72.72162628173828,46076322
2020-07-23,100.1250228881836,102.68440246582031,99.8156509399414,102.2343978881836,73.57170104980469,18738194
2020-07-24,100.9687728881836,103.0781478881836,100.49064636230469,102.3750228881836,73.67289733886719,14438899
2020-07-27,101.98127746582031,102.12190246582031,100.5468978881836,101.75627136230469,73.22762298583984,11938756
2020-07-28,101.3625259399414,102.8531494140625,100.5187759399414,102.31877136230469,73.63241577148438,11893746
2020-07-29,101.98127746582031,103.7812728881836,101.5312728881836,102.2343978881836,73.57170104980469,13335993
2020-07-30,102.6562728881836,103.0781478881836,98.7750244140625,99.4781494140625,71.58820343017578,23995122
2020-07-31,99.3375244140625,100.8843994140625,99.1125259399414,100.29377746582031,72.17516326904297,14354565
2020-08-03,100.6875228881836,100.9687728881836,97.9312744140625,100.43440246582031,72.2763442993164,12500988
2020-08-04,100.0406494140625,100.71565246582031,98.7750244140625,100.2656478881836,72.1549072265625,9628257
2020-08-05,99.59065246582031,100.0969009399414,98.52189636230469,98.9719009399414,71.22389221191406,10577794
2020-08-06,99.36564636230469,99.9843978881836,98.66252136230469,98.94377136230469,71.20364379882812,8564058
2020-08-07,98.88752746582031,100.0969009399414,98.5781478881836,98.9719009399414,71.22389221191406,8026904
2020-08-10,99.4781494140625,100.57502746582031,99.1406478881836,99.7031478881836,71.75012969970703,7766140
2020-08-11,100.20939636230469,102.5718994140625,98.74690246582031,99.4781494140625,71.58820343017578,21833550
2020-08-12,99.1125259399414,100.9406509399414,97.4250259399414,100.15315246582031,72.0739517211914,19435650
2020-08-13,101.2219009399414,101.41877746582031,99.22502136230469,100.5468978881836,72.35731506347656,10641012
2020-08-14,101.61564636230469,101.61564636230469,97.9312744140625,98.66252136230469,71.00123596191406,17130105
2020-08-17,99.0000228881836,102.6562728881836,98.7750244140625,100.49064636230469,72.31682586669922,17368089
2020-08-18,101.1656494140625,101.19377136230469,99.30940246582031,99.9843978881836,71.95250701904297,13890131
2020-08-19,100.4062728881836,100.91252136230469,99.59065246582031,99.7593994140625,71.79059600830078,12400644
2020-08-20,99.6750259399414,105.8062744140625,99.2531509399414,101.9250259399414,73.34906768798828,44062975
2020-08-21,102.9375228881836,107.1562728881836,102.7125244140625,106.3687744140625,76.54695129394531,49949864
2020-08-24,106.67815399169922,107.24065399169922,103.72502136230469,104.2031478881836,74.98849487304688,19724617
2020-08-25,104.9062728881836,105.07502746582031,102.9375228881836,103.9218978881836,74.78607177734375,10109220
2020-08-26,105.1875228881836,106.67815399169922,103.5562744140625,104.2593994140625,75.02896881103516,18000615
2020-08-27,105.13127899169922,105.55315399169922,103.8937759399414,104.1750259399414,74.96824645996094,10363056
2020-08-28,104.9062728881836,105.0468978881836,102.26252746582031,102.54377746582031,73.7943344116211,12114955
2020-08-31,103.2187728881836,104.2593994140625,100.1250228881836,100.6594009399414,72.43827056884766,24259718
2020-09-01,100.71565246582031,102.54377746582031,100.4625244140625,101.47502136230469,73.02523040771484,16505345
2020-09-02,100.0969009399414,102.9937744140625,98.5781478881836,101.9250259399414,75.0293197631836,30959608
2020-09-03,101.47502136230469,102.0656509399414,99.92814636230469,100.4062728881836,73.91133880615234,11884498
2020-09-04,99.6750259399414,100.1250228881836,97.7062759399414,98.46565246582031,72.48278045654297,17373558
2020-09-07,98.46565246582031,99.5344009399414,97.34065246582031,99.08439636230469,72.93824768066406,13069001
2020-09-08,98.9156494140625,99.0000228881836,97.7343978881836,98.38127136230469,72.4206771850586,9597878
2020-09-09,98.4375228881836,100.0969009399414,97.53752136230469,98.5781478881836,72.56561279296875,20122483
2020-09-10,99.0000228881836,100.3781509399414,97.95939636230469,99.9000244140625,73.5386734008789,19635358
2020-09-11,100.1812744140625,100.29377746582031,97.9312744140625,98.52189636230469,72.5241928100586,31182063
2020-09-14,99.8437728881836,99.8437728881836,96.0468978881836,96.4687728881836,71.01283264160156,14143608
2020-09-15,96.6656494140625,97.81877136230469,96.1875228881836,97.48127746582031,71.75818634033203,7858789
2020-09-16,97.3125228881836,97.5656509399414,96.07502746582031,96.7219009399414,71.19917297363281,13201491
2020-09-17,96.3843994140625,96.41252136230469,94.44377136230469,94.66876983642578,69.68782043457031,10765947
2020-09-18,95.1187744140625,97.3125228881836,94.10626983642578,96.69377136230469,71.17847442626953,23788415
2020-09-21,96.1875228881836,96.5812759399414,94.30314636230469,95.9062728881836,70.5987777709961,13331596
2020-09-22,94.95001983642578,95.8781509399414,93.6562728881836,94.95001983642578,69.89485168457031,9039386
2020-09-23,95.56877136230469,95.56877136230469,91.57501983642578,92.19377136230469,67.86592864990234,8404497
2020-09-24,91.2656478881836,92.84064483642578,89.1562728881836,89.6343994140625,65.98190307617188,20770480
2020-09-25,90.5625228881836,91.4062728881836,89.83126831054688,90.4218978881836,66.56159973144531,8761400
2020-09-28,90.5625228881836,95.09064483642578,90.5625228881836,94.58439636230469,69.6257095336914,16915185
2020-09-29,95.0625228881836,95.28752136230469,91.4062728881836,91.85626983642578,67.61747741699219,13468026
2020-09-30,91.65939331054688,91.8281478881836,90.16876983642578,91.37814331054688,67.2655258178711,14349950
2020-10-01,92.6718978881836,93.3750228881836,91.57501983642578,92.5875244140625,68.15576934814453,14856837
2020-10-05,92.2500228881836,93.60002136230469,91.20939636230469,91.6031494140625,67.43114471435547,10360105
2020-10-06,91.7437744140625,92.47502136230469,91.0406494140625,91.80001831054688,67.5760726928711,8989183
2020-10-07,91.6875228881836,91.80001831054688,89.4375228881836,89.7750244140625,66.08540344238281,17614061
2020-10-08,90.11251831054688,90.6187744140625,88.8750228881836,89.04376983642578,65.54712677001953,12953710
2020-10-09,89.26876831054688,89.6343994140625,88.14376831054688,88.8750228881836,65.42290496826172,11980039
2020-10-12,89.55001831054688,91.57501983642578,89.18439483642578,89.88751983642578,66.16824340820312,20670634
2020-10-13,90.0000228881836,91.1250228881836,89.55001831054688,90.25314331054688,66.43738555908203,11179799
2020-10-14,90.25314331054688,90.45001983642578,87.91876983642578,88.34064483642578,65.02955627441406,13362234
2020-10-15,88.0875244140625,88.34064483642578,86.9625244140625,87.6093978881836,64.49125671386719,15536883
2020-10-16,87.8062744140625,90.67501831054688,87.3843994140625,89.40939331054688,65.81625366210938,18673957
2020-10-19,89.97189331054688,91.35002136230469,89.66252136230469,89.8593978881836,66.14754486083984,18793008
2020-10-20,90.0000228881836,90.22502136230469,88.25627136230469,88.42501831054688,65.09165954589844,13701957
2020-10-21,88.6500244140625,93.45939636230469,88.4531478881836,92.1093978881836,67.80380249023438,36573148
2020-10-22,91.20939636230469,93.31877136230469,90.67501831054688,92.8687744140625,68.36280822753906,39056262
2020-10-23,92.8687744140625,96.41252136230469,92.6437759399414,95.70939636230469,70.45384216308594,29149043
2020-10-26,95.65314483642578,97.2844009399414,95.42814636230469,96.77815246582031,71.24058532714844,36760149
2020-10-27,96.77815246582031,98.6343994140625,96.4687728881836,97.5937728881836,71.84098052978516,23610507
2020-10-28,98.18440246582031,98.18440246582031,96.49690246582031,97.2281494140625,71.57184600830078,14060472
2020-10-29,96.21565246582031,97.48127746582031,95.7656478881836,96.5250244140625,71.05424499511719,17654072
2020-10-30,95.9062728881836,96.7500228881836,95.23126983642578,96.1875228881836,70.80583190917969,22904945
2020-11-02,97.05940246582031,98.10002136230469,96.7219009399414,97.34065246582031,71.65465545654297,13423596
2020-11-03,97.8750228881836,101.6437759399414,97.7906494140625,101.2219009399414,74.51173400878906,27441682
2020-11-04,101.2219009399414,101.2500228881836,98.24064636230469,99.6187744140625,73.33163452148438,19461431
2020-11-05,100.1250228881836,101.13752746582031,99.3375244140625,100.71565246582031,74.13907623291016,10248002
2020-11-06,100.2656478881836,100.9406509399414,99.6187744140625,100.3781509399414,73.89063262939453,8815864
2020-11-09,101.19377136230469,103.8937759399414,100.7437744140625,103.52815246582031,76.20941162109375,15228920
2020-11-10,103.10627746582031,105.1031494140625,102.12190246582031,104.56877899169922,76.9754409790039,13815795
2020-11-11,103.44377136230469,107.4375228881836,103.44377136230469,106.67815399169922,78.5281982421875,15502357
2020-11-12,107.1562728881836,107.4094009399414,105.27190399169922,106.5937728881836,78.46610260009766,26079694
2020-11-13,106.0875244140625,106.8469009399414,104.7375259399414,106.2281494140625,78.19693756103516,11968619
2020-11-14,106.3125228881836,106.81877899169922,105.1875228881836,105.7500228881836,77.84498596191406,1162700
2020-11-17,105.1875228881836,106.4531478881836,104.5406494140625,105.07502746582031,77.34810638427734,16872514
2020-11-18,105.07502746582031,106.7062759399414,103.9218978881836,104.28752899169922,76.7684097290039,16685757
2020-11-19,100.4062728881836,110.9250259399414,100.35002136230469,106.76252746582031,78.5903091430664,64832376
2020-11-20,108.84378051757812,109.12503051757812,106.3687744140625,107.9156494140625,79.43914794921875,27479934
2020-11-23,108.00003051757812,110.19377899169922,107.1562728881836,109.54690551757812,80.63994598388672,20909280
2020-11-24,109.68753051757812,111.2062759399414,108.70315551757812,109.40628051757812,80.53644561767578,15308572
2020-11-25,109.40628051757812,111.0656509399414,108.87190246582031,109.85627746582031,80.86769104003906,19854793
2020-11-26,109.77190399169922,112.02190399169922,108.4781494140625,111.17815399169922,81.84077453613281,24879552
2020-11-27,111.17815399169922,111.17815399169922,106.1437759399414,108.22502899169922,79.6668930053711,46793847
2020-12-01,109.6031494140625,110.5031509399414,107.80315399169922,108.1968994140625,79.64619445800781,18193922
2020-12-02,108.4781494140625,109.8000259399414,106.62190246582031,109.20940399169922,80.39151000976562,15836732
2020-12-03,109.68753051757812,109.7437744140625,107.4375228881836,108.8156509399414,80.1016616821289,21308517
2020-12-04,109.2375259399414,110.7844009399414,108.42190551757812,109.3218994140625,80.47431945800781,14838659
2020-12-07,108.56253051757812,110.95315551757812,108.28128051757812,108.84378051757812,80.12236022949219,22078115
2020-12-08,109.12503051757812,109.4625244140625,107.4937744140625,107.7750244140625,79.33564758300781,15896364
2020-12-09,108.50627899169922,109.54690551757812,107.4937744140625,108.3937759399414,79.79109954833984,18701467
2020-12-10,108.56253051757812,109.91252899169922,107.7187728881836,108.42190551757812,79.81180572509766,13612880
2020-12-11,109.12503051757812,109.82815551757812,108.08440399169922,108.6187744140625,79.95674133300781,14876364
2020-12-14,110.25003051757812,110.81253051757812,108.45002746582031,109.29377746582031,80.45362854003906,20316890
2020-12-15,109.35002899169922,109.5187759399414,107.6343994140625,108.45002746582031,79.83251190185547,16084083
2020-12-16,109.5187759399414,110.7281494140625,108.30940246582031,110.3625259399414,81.24034881591797,35024972
2020-12-17,108.73127746582031,109.91252899169922,107.7750244140625,108.73127746582031,82.13262939453125,23058726
2020-12-18,108.73127746582031,109.57502746582031,108.02815246582031,109.06877899169922,82.3875732421875,20310375
2020-12-21,108.56253051757812,108.6750259399414,103.7531509399414,104.3437728881836,78.81842803955078,21609326
2020-12-22,104.3156509399414,107.46565246582031,104.0625228881836,107.04377746582031,80.85794067382812,23934507
2020-12-23,107.7187728881836,107.8312759399414,106.3125228881836,106.8469009399414,80.70922088623047,9836093
2020-12-24,107.0156478881836,108.14065551757812,106.5656509399414,106.8750228881836,80.73046875,12945145
2020-12-28,106.9875259399414,108.16877746582031,106.8750228881836,107.74690246582031,81.38907623291016,6879688
2020-12-29,107.7750244140625,108.36565399169922,106.3125228881836,106.7062759399414,80.6030044555664,8549660
2020-12-30,106.8750228881836,107.24065399169922,105.07502746582031,106.9875259399414,80.81546783447266,19132583
2020-12-31,107.1562728881836,107.4375228881836,105.77815246582031,106.7906494140625,80.66675567626953,23272111
2021-01-01,106.3125228881836,106.81877899169922,106.0312728881836,106.5937728881836,80.51802825927734,3074621
2021-01-04,106.8750228881836,107.10002899169922,105.7500228881836,106.0031509399414,80.07188415527344,7133203
2021-01-05,106.5937728881836,106.5937728881836,104.7375259399414,105.7500228881836,79.88067626953125,10478882
2021-01-06,105.7500228881836,111.1500244140625,105.1875228881836,110.33440399169922,83.34358215332031,54265234
2021-01-07,111.37503051757812,113.51252746582031,109.96878051757812,110.84065246582031,83.72599792480469,40129922
2021-01-08,111.79690551757812,114.75003051757812,111.12190246582031,114.49690246582031,86.48782348632812,29487917
2021-01-11,114.75003051757812,115.31253051757812,113.3156509399414,114.49690246582031,86.48782348632812,12726089
2021-01-12,113.09065246582031,115.17190551757812,112.4719009399414,114.5812759399414,86.55158233642578,31454127
2021-01-13,114.63752746582031,116.21253204345703,113.9625244140625,115.31253051757812,87.10393524169922,23792586
2021-01-14,115.8469009399414,116.71878051757812,114.5250244140625,115.3687744140625,87.14643096923828,12024674
2021-01-15,114.7219009399414,115.73440551757812,113.90628051757812,114.18753051757812,86.25414276123047,13530190
2021-01-18,113.20315551757812,113.62503051757812,109.43440246582031,110.10940551757812,83.17363739013672,26118654
2021-01-19,109.99690246582031,112.50003051757812,109.82815551757812,112.30315399169922,84.83073425292969,19382828
2021-01-20,112.50003051757812,112.8375244140625,109.77190399169922,110.33440399169922,83.34358215332031,21158179
2021-01-21,110.5031509399414,111.2062759399414,109.20940399169922,109.77190399169922,82.91870880126953,12509109
2021-01-22,109.68753051757812,110.41877746582031,108.56253051757812,109.2375259399414,82.51504516601562,16720401
2021-01-25,109.3781509399414,110.70002746582031,106.6500244140625,106.9875259399414,80.81546783447266,9393599
2021-01-27,106.8750228881836,109.3218994140625,106.48127746582031,108.1968994140625,81.72898864746094,18874916
2021-01-28,107.4094009399414,107.4094009399414,104.51252746582031,105.35627746582031,79.5832290649414,16072463
2021-01-29,106.1437759399414,106.3125228881836,102.9375228881836,103.7531509399414,78.37229919433594,13415015
2021-02-01,103.7531509399414,106.5656509399414,102.6562728881836,106.25627899169922,80.2630844116211,9485240
2021-02-02,107.4375228881836,110.05315399169922,106.4250259399414,109.2375259399414,82.51504516601562,10803602
2021-02-03,109.40628051757812,118.12503051757812,109.40628051757812,116.15628051757812,87.74126434326172,73411707
2021-02-04,116.15628051757812,116.80315399169922,114.8625259399414,115.5093994140625,87.25264739990234,23523019
2021-02-05,115.67815399169922,117.16877746582031,113.20315551757812,116.49378204345703,87.9962158203125,28755118
2021-02-08,116.15628051757812,120.03752899169922,115.7062759399414,119.55940246582031,90.31189727783203,28436890
2021-02-09,118.12503051757812,122.31565856933594,118.12503051757812,118.54690551757812,89.54708862304688,27738169
2021-02-10,118.43440246582031,120.37503051757812,116.43753051757812,118.3781509399414,89.41962432861328,34189378
2021-02-11,117.47815704345703,120.82502746582031,117.19690704345703,120.23440551757812,90.82178497314453,20504448
2021-02-12,123.18753051757812,123.18753051757812,118.43440246582031,119.61565399169922,90.35440063476562,25066544
2021-02-15,120.37503051757812,121.19065856933594,118.99690246582031,119.5031509399414,90.26941680908203,8599603
2021-02-16,120.03752899169922,129.31878662109375,119.98127746582031,126.87190246582031,95.83557891845703,80200957
2021-02-17,126.84378051757812,130.05003356933594,124.98753356933594,129.4031524658203,97.74762725830078,39034960
2021-02-18,129.93753051757812,134.0437774658203,128.53128051757812,133.03128051757812,100.48818969726562,44291912
2021-02-19,131.34378051757812,132.80628967285156,128.67190551757812,130.61253356933594,98.66114044189453,36335681
2021-02-22,130.75315856933594,131.56878662109375,125.77503204345703,126.53440856933594,95.58062744140625,25800846
2021-02-23,126.98440551757812,128.8687744140625,126.36565399169922,127.18128204345703,96.06927490234375,18293559
2021-02-24,127.20940399169922,128.36253356933594,124.65003204345703,125.29690551757812,94.64586639404297,11421326
2021-02-25,125.83128356933594,130.9500274658203,124.20002746582031,127.99691009521484,96.68537902832031,30696079
2021-02-26,124.59378051757812,127.82815551757812,118.8000259399414,120.54377746582031,91.05547332763672,38070699
2021-03-01,122.34378051757812,128.7000274658203,122.28752899169922,127.82815551757812,96.55789947509766,31441940
2021-03-02,128.81253051757812,129.0093994140625,125.63440704345703,126.59065246582031,95.62312316894531,18223787
2021-03-03,129.37503051757812,129.45941162109375,125.83128356933594,127.96878051757812,96.66413116455078,19350542
2021-03-04,125.46565246582031,129.34690856933594,125.46565246582031,126.64690399169922,95.66560363769531,22865747
2021-03-05,127.12503051757812,127.12503051757812,123.38440704345703,123.89065551757812,93.5836181640625,17342685
2021-03-08,122.54065704345703,125.94377899169922,122.06253051757812,123.83440399169922,95.2713623046875,15749448
2021-03-09,124.03128051757812,124.93128204345703,119.95315551757812,121.50003051757812,93.47542572021484,12585004
2021-03-10,122.62503051757812,123.15940856933594,120.37503051757812,121.02190399169922,93.10757446289062,10661165
2021-03-12,121.33128356933594,124.25627899169922,121.16252899169922,123.77815246582031,95.22809600830078,18173078
2021-03-15,124.31253051757812,127.40628051757812,123.60940551757812,126.08440399169922,97.00239562988281,30092241
2021-03-16,126.64690399169922,127.80003356933594,125.71878051757812,126.25315856933594,97.1322250366211,14767699
2021-03-17,126.53440856933594,126.56253051757812,123.38440704345703,124.00315856933594,95.40119934082031,12571132
2021-03-18,124.31253051757812,125.71878051757812,123.83440399169922,124.34065246582031,95.66084289550781,14232655
2021-03-19,124.81877899169922,130.5562744140625,123.27190399169922,129.48753356933594,99.62057495117188,70334403
2021-03-22,131.85003662109375,131.85003662109375,124.98753356933594,125.74690246582031,96.74272918701172,29180881
2021-03-23,125.74690246582031,126.00003051757812,122.90628051757812,123.18753051757812,94.77368927001953,38455903
2021-03-24,122.09065246582031,125.94377899169922,122.00627899169922,124.34065246582031,95.66084289550781,24398959
2021-03-25,124.34065246582031,125.66252899169922,121.13440704345703,121.72502899169922,93.64852905273438,20272124
2021-03-26,123.38440704345703,124.87503051757812,119.33440399169922,120.71253204345703,92.86957550048828,25184863
2021-03-30,122.00627899169922,125.83128356933594,121.16252899169922,124.50940704345703,95.79067993164062,53328751
2021-03-31,123.69377899169922,124.36878204345703,120.74065399169922,121.30315399169922,93.32395935058594,20694060
2021-04-01,121.86565399169922,123.38440704345703,120.79690551757812,123.01878356933594,94.64388275146484,11229344
2021-04-05,121.05003356933594,123.18753051757812,120.00940704345703,120.45940399169922,92.67481994628906,14484908
2021-04-06,121.05003356933594,123.18753051757812,117.28128051757812,117.6750259399414,90.53267669677734,25301732
2021-04-07,118.63127899169922,121.61253356933594,117.87190246582031,118.43440246582031,91.11688995361328,22841720
2021-04-08,119.2219009399414,120.09378051757812,117.28128051757812,117.56253051757812,90.44612884521484,20468881
2021-04-09,117.78752899169922,118.9406509399414,117.00003051757812,117.16877746582031,90.14319610595703,11773021
2021-04-12,116.24065399169922,116.24065399169922,111.65628051757812,113.14690399169922,87.04899597167969,18544315
2021-04-13,115.39690399169922,117.78752899169922,113.8781509399414,117.42190551757812,90.33795166015625,19831072
2021-04-15,116.94377899169922,118.91252899169922,116.46565246582031,116.88752746582031,89.92684173583984,10159348
2021-04-16,116.71878051757812,120.82502746582031,116.57815551757812,118.04065704345703,90.81398010253906,22020846
2021-04-19,115.7906494140625,116.43753051757812,112.50003051757812,113.1750259399414,87.07061004638672,18404990
2021-04-20,115.31253051757812,115.7062759399414,113.42815399169922,114.5812759399414,88.15254211425781,14467660
2021-04-22,114.75003051757812,115.25627899169922,113.1750259399414,114.4406509399414,88.0443344116211,11626459
2021-04-23,114.91877746582031,119.75627899169922,114.75003051757812,118.77190399169922,91.3765640258789,38318040
2021-04-26,117.1125259399414,121.75315856933594,117.1125259399414,121.38752746582031,93.38888549804688,19139358
2021-04-27,121.52815246582031,124.03128051757812,121.38752746582031,121.86565399169922,93.7567138671875,15270611
2021-04-28,123.07502746582031,124.70628356933594,121.66877746582031,124.25627899169922,95.59593963623047,16383579
2021-04-29,125.49378204345703,125.80315399169922,123.21565246582031,123.83440399169922,95.2713623046875,14761969
2021-04-30,122.48440551757812,125.04377746582031,121.86565399169922,123.77815246582031,95.22809600830078,16897105
2021-05-03,122.34378051757812,125.35315704345703,121.92190551757812,124.20002746582031,95.55265045166016,15528063
2021-05-04,124.53752899169922,124.70628356933594,121.89378356933594,122.65315246582031,94.36257934570312,20857434
2021-05-05,122.65315246582031,123.94690704345703,121.95002746582031,122.73753356933594,94.427490234375,23178237
2021-05-06,122.87815856933594,123.41252899169922,120.15003204345703,121.16252899169922,93.21577453613281,18823613
2021-05-07,121.69690704345703,121.95002746582031,120.09378051757812,120.68440246582031,92.8479232788086,12509591
2021-05-10,121.16252899169922,123.83440399169922,120.90940856933594,123.66565704345703,95.14154052734375,17845577
2021-05-11,123.75003051757812,126.67503356933594,122.85002899169922,125.66252899169922,96.6778335571289,22995780
2021-05-12,125.66252899169922,132.18753051757812,125.46565246582031,127.09690856933594,97.7813491821289,55645370
2021-05-14,128.10940551757812,129.37503051757812,125.91565704345703,128.7281494140625,99.0363540649414,18820793
2021-05-17,129.90940856933594,129.93753051757812,127.74378204345703,128.47503662109375,98.84160614013672,10996347
2021-05-18,129.88128662109375,134.91566467285156,128.53128051757812,131.1187744140625,100.87556457519531,52885042
2021-05-19,131.73753356933594,133.87503051757812,130.16253662109375,131.48440551757812,101.1568603515625,28081040
2021-05-20,131.62503051757812,132.15940856933594,128.47503662109375,128.78440856933594,99.07962799072266,10707136
2021-05-21,128.2781524658203,128.95315551757812,127.12503051757812,128.22190856933594,98.6468734741211,21702883
2021-05-24,128.81253051757812,131.85003662109375,128.47503662109375,129.93753051757812,99.96675872802734,22028927
2021-05-25,131.06253051757812,131.87815856933594,130.02191162109375,131.00628662109375,100.78902435302734,9165363
2021-05-26,131.17503356933594,131.5125274658203,126.53440856933594,126.90003204345703,97.62989044189453,18322114
2021-05-27,127.51878356933594,129.1500244140625,125.57815551757812,128.4187774658203,98.79833984375,51194207
2021-05-28,129.93753051757812,129.93753051757812,126.45002746582031,126.81565856933594,97.56497955322266,15307498
2021-05-31,127.12503051757812,127.46253204345703,125.85940551757812,126.92815399169922,97.65152740478516,13102261
2021-06-01,127.29377746582031,128.25003051757812,125.94377899169922,126.22502899169922,97.11056518554688,15733731
2021-06-02,126.11253356933594,128.33441162109375,126.05628204345703,127.94065856933594,98.43048858642578,7995532
2021-06-03,128.8406524658203,130.19065856933594,126.92815399169922,127.29377746582031,97.93280792236328,10291328
2021-06-04,127.12503051757812,128.33441162109375,126.45002746582031,127.20940399169922,97.86790466308594,6142487
2021-06-07,127.85627746582031,133.7625274658203,127.63127899169922,132.89065551757812,102.23875427246094,18058790
2021-06-08,134.40940856933594,134.40940856933594,130.5281524658203,131.6531524658203,101.28667449951172,22511761
2021-06-09,132.75003051757812,138.09378051757812,131.5125274658203,136.18128967285156,104.77037811279297,39865778
2021-06-10,139.50003051757812,139.50003051757812,135.14065551757812,135.92816162109375,104.57563018798828,32690784
2021-06-11,139.9500274658203,139.9500274658203,137.25003051757812,138.5437774658203,106.58795166015625,29142097
2021-06-14,139.47190856933594,140.5125274658203,136.18128967285156,139.89378356933594,107.62655639648438,18732629
2021-06-15,140.9344024658203,141.46878051757812,138.9656524658203,139.27503967285156,107.15052032470703,15026686
2021-06-16,138.85316467285156,139.21878051757812,135.53440856933594,136.20941162109375,104.79202270507812,30706682
2021-06-17,137.2781524658203,137.2781524658203,133.17190551757812,134.91566467285156,103.79667663574219,22261167
2021-06-18,137.25003051757812,137.81253051757812,129.4312744140625,131.06253051757812,100.83230590820312,49278209
2021-06-21,130.44378662109375,132.44065856933594,128.47503662109375,132.10316467285156,101.63289642333984,11719831
2021-06-22,130.5281524658203,133.31253051757812,130.5281524658203,131.6531524658203,101.28667449951172,10961545
2021-06-23,132.60940551757812,132.75003051757812,130.50003051757812,130.64065551757812,100.5077133178711,10721151
2021-06-24,130.64065551757812,131.03440856933594,128.3062744140625,130.02191162109375,100.03170013427734,12964208
2021-06-25,130.19065856933594,130.9500274658203,129.03753662109375,129.8531494140625,99.90185546875,7736431
2021-06-28,130.50003051757812,130.78128051757812,129.76878356933594,130.4156494140625,100.3345947265625,9989595
2021-06-29,130.8375244140625,133.81878662109375,130.30316162109375,132.75003051757812,102.13056945800781,61089570
2021-06-30,133.39691162109375,133.65003967285156,130.50003051757812,130.72503662109375,100.57263946533203,17437744
2021-07-01,130.8094024658203,131.03440856933594,129.48753356933594,129.8250274658203,99.88021850585938,15924813
2021-07-02,129.8250274658203,129.9937744140625,128.0250244140625,128.22190856933594,98.6468734741211,9549992
2021-07-05,128.9812774658203,129.88128662109375,128.4468994140625,129.5437774658203,99.6638412475586,6849185
2021-07-06,129.03753662109375,129.65628051757812,128.4187774658203,128.7000274658203,99.01470947265625,5343938
2021-07-07,128.7000274658203,130.19065856933594,128.7000274658203,129.90940856933594,99.94512939453125,7228897
2021-07-08,129.4312744140625,131.14691162109375,129.1219024658203,130.02191162109375,100.03170013427734,8740010
2021-07-09,129.9656524658203,130.19065856933594,129.37503051757812,129.51565551757812,99.64220428466797,2990856
2021-07-12,129.76878356933594,130.35940551757812,128.36253356933594,128.81253051757812,99.10124969482422,5578309
2021-07-13,129.60003662109375,130.44378662109375,128.4187774658203,128.61566162109375,98.94979858398438,8264289
2021-07-14,128.61566162109375,130.19065856933594,128.50315856933594,129.34690856933594,99.51239013671875,9228746
2021-07-15,129.93753051757812,130.19065856933594,128.9812774658203,129.60003662109375,99.7071304321289,5376823
2021-07-16,130.30316162109375,133.03128051757812,129.65628051757812,131.5406494140625,101.20013427734375,15903784
2021-07-19,131.5406494140625,131.99066162109375,130.21878051757812,131.14691162109375,100.89722442626953,13725925
2021-07-20,132.13128662109375,132.9187774658203,129.90940856933594,130.1062774658203,100.09660339355469,14178067
2021-07-22,131.90628051757812,131.90628051757812,128.64378356933594,131.20315551757812,100.94048309326172,10378326
2021-07-23,131.48440551757812,131.59690856933594,130.5281524658203,131.06253051757812,100.83230590820312,6660369
2021-07-26,131.31565856933594,132.38441467285156,130.5281524658203,130.89378356933594,100.70245361328125,12963701
2021-07-27,131.06253051757812,132.10316467285156,129.74066162109375,130.4156494140625,100.3345947265625,10832912
2021-07-28,130.50003051757812,130.72503662109375,127.91252899169922,128.3062744140625,98.71178436279297,13828088
2021-07-29,128.25,130.16250610351562,125.36250305175781,125.55000305175781,96.59125518798828,28609665
2021-07-30,126.7874984741211,129.89999389648438,126.1500015258789,128.3625030517578,98.75504302978516,34142169
2021-08-02,128.625,129.0,126.9749984741211,128.25,98.66848754882812,9575755
2021-08-03,129.41250610351562,131.39999389648438,128.3249969482422,130.83749389648438,100.6591567993164,20959435
2021-08-04,131.7375030517578,132.4499969482422,130.3874969482422,131.4375,101.12077331542969,23323277
2021-08-05,131.4375,131.8125,129.9375,131.39999389648438,101.09191131591797,6621382
2021-08-06,131.625,132.375,130.91250610351562,131.25,100.97650909423828,5340311
2021-08-09,132.75,132.75,130.53750610351562,132.33749389648438,101.81318664550781,16415005
2021-08-10,132.0749969482422,132.0749969482422,128.5124969482422,129.4499969482422,99.59169006347656,11925263
2021-08-11,129.71249389648438,132.75,129.41250610351562,132.2624969482422,101.7554702758789,31279965
2021-08-12,132.75,140.77499389648438,132.22500610351562,140.25,107.9006118774414,58107755
2021-08-13,138.14999389648438,140.47500610351562,137.6999969482422,138.5625,106.60234069824219,26776843
2021-08-16,138.0,138.22500610351562,135.3000030517578,135.52499389648438,104.26546478271484,21308655
2021-08-17,135.78750610351562,137.8125,135.75,137.4375,105.7368392944336,15962459
2021-08-18,137.77499389648438,139.5,135.1125030517578,135.4499969482422,104.207763671875,25227527
2021-08-20,132.97500610351562,135.03750610351562,132.78750610351562,133.9499969482422,103.05371856689453,18720467
2021-08-23,134.625,134.9250030517578,130.64999389648438,131.7375030517578,101.3515625,13112745
2021-08-24,132.97500610351562,134.47500610351562,131.58749389648438,132.4499969482422,101.89973449707031,11029463
2021-08-25,132.89999389648438,133.08749389648438,131.28750610351562,131.625,101.26500701904297,12001351
2021-08-26,131.5500030517578,131.5500030517578,128.6999969482422,129.8249969482422,99.88021087646484,12115246
2021-08-27,130.35000610351562,131.1374969482422,128.8125,130.7624969482422,100.60145568847656,8051699
2021-08-30,131.39999389648438,132.2624969482422,129.60000610351562,131.625,101.26500701904297,14512401
2021-08-31,131.625,132.78750610351562,131.21249389648438,131.5124969482422,101.178466796875,43248333
2021-09-01,133.35000610351562,133.35000610351562,130.9875030517578,131.7375030517578,101.3515625,11817591
2021-09-02,131.5500030517578,132.0749969482422,130.64999389648438,131.8125,101.40925598144531,13545023
2021-09-03,132.0,132.60000610351562,130.8000030517578,131.66250610351562,101.29387664794922,12286475
2021-09-06,131.77499389648438,132.2624969482422,129.75,130.5749969482422,100.45720672607422,13950485
2021-09-07,130.5749969482422,130.6125030517578,129.33749389648438,129.75,99.8224868774414,12485031
2021-09-08,128.4375,130.1999969482422,127.6500015258789,129.6374969482422,101.49598693847656,25370295
2021-09-09,129.3000030517578,130.6125030517578,128.9250030517578,130.125,101.87767791748047,5078350
2021-09-13,130.6875,130.72500610351562,129.52499389648438,130.4250030517578,102.112548828125,7522483
2021-09-14,130.4250030517578,131.3249969482422,130.125,130.5749969482422,102.22998046875,8434427
2021-09-15,130.5,134.25,130.3125,133.4250030517578,104.46131896972656,20064238
2021-09-16,134.21249389648438,136.2375030517578,133.72500610351562,134.58749389648438,105.37144470214844,16214883
2021-09-17,134.66250610351562,135.3000030517578,132.5625,134.10000610351562,104.98978424072266,21219226
2021-09-20,132.89999389648438,134.39999389648438,131.3249969482422,132.75,103.9328384399414,7833069
2021-09-21,132.03750610351562,133.8000030517578,131.58749389648438,131.9250030517578,103.28692626953125,9481007
2021-09-22,131.85000610351562,133.08749389648438,131.85000610351562,132.5625,103.78604125976562,9165634
2021-09-23,132.75,134.0625,132.75,133.6875,104.66681671142578,10295913
2021-09-24,133.72500610351562,134.625,131.85000610351562,132.1125030517578,103.43373107910156,7093411
2021-09-27,132.375,132.8625030517578,131.3249969482422,132.0,103.34564971923828,5205649
2021-09-28,132.6374969482422,141.6750030517578,132.0749969482422,137.96249389648438,108.01380157470703,38873626
2021-09-29,137.625,147.22500610351562,136.83749389648438,146.28750610351562,114.5316390991211,53686662
2021-09-30,146.21249389648438,148.5,141.4875030517578,142.4250030517578,111.50757598876953,23618199
2021-10-01,143.10000610351562,145.125,142.2375030517578,143.8874969482422,112.65263366699219,16994903
2021-10-04,144.0,144.78750610351562,142.53750610351562,143.7375030517578,112.53519439697266,10757286
2021-10-05,143.7375030517578,146.3249969482422,142.0124969482422,142.46249389648438,111.53694152832031,17200858
2021-10-06,143.96249389648438,144.1125030517578,140.0625,140.6999969482422,110.15707397460938,8929507
2021-10-07,143.25,143.66250610351562,140.6999969482422,141.22500610351562,110.568115234375,6733699
2021-10-08,141.75,142.6125030517578,140.25,140.77499389648438,110.21578216552734,8165175
2021-10-11,142.5,146.3249969482422,141.97500610351562,145.08749389648438,113.59210968017578,12982042
2021-10-12,145.4250030517578,145.9875030517578,143.7375030517578,145.0124969482422,113.5334243774414,8539966
2021-10-13,146.3249969482422,153.375,145.6125030517578,149.5500030517578,117.08592987060547,33075614
2021-10-14,150.14999389648438,154.46249389648438,148.6875,153.4875030517578,120.16867065429688,19185455
2021-10-18,157.35000610351562,157.46249389648438,151.6125030517578,152.85000610351562,119.66956329345703,38546365
2021-10-19,153.0,153.60000610351562,147.75,148.9875030517578,116.6455307006836,16174177
2021-10-20,150.0,150.1875,145.0124969482422,145.7624969482422,114.12060546875,21909934
2021-10-21,147.1875,148.0124969482422,145.125,145.53750610351562,113.94442749023438,16946547
2021-10-22,146.9250030517578,147.75,143.4375,145.83749389648438,114.17930603027344,7705870
2021-10-25,145.83749389648438,146.25,142.875,144.4875030517578,113.12236785888672,7862419
2021-10-26,144.4499969482422,144.71249389648438,142.27499389648438,142.8000030517578,111.80120086669922,8525850
2021-10-27,142.6125030517578,143.8874969482422,141.41250610351562,142.6875,111.7131118774414,9862679
2021-10-28,143.02499389648438,143.3249969482422,138.9375,139.4250030517578,109.1588363647461,11095238
2021-10-29,140.1750030517578,141.4875030517578,135.97500610351562,138.78750610351562,108.65972900390625,12988035
2021-11-01,138.4499969482422,141.375,138.41250610351562,140.8125,110.24514770507812,5475153
2021-11-02,141.4875030517578,143.4375,138.8625030517578,139.125,108.92398071289062,10946890
2021-11-03,139.125,140.47500610351562,137.25,137.96249389648438,108.01380157470703,13957727
2021-11-04,138.71249389648438,139.3874969482422,138.1875,138.78750610351562,108.65972900390625,830214
2021-11-08,140.6999969482422,142.7624969482422,138.4499969482422,141.8625030517578,111.06719207763672,11947323
2021-11-09,142.7624969482422,142.7624969482422,138.97500610351562,139.91250610351562,109.54052734375,10381150
2021-11-10,139.46249389648438,139.875,137.66250610351562,138.3000030517578,108.27803039550781,13857851
2021-11-11,138.75,138.9375,135.52499389648438,136.6125030517578,106.95685577392578,8851354
2021-11-12,137.77499389648438,137.77499389648438,135.22500610351562,136.5,106.8687744140625,9590673
2021-11-15,136.64999389648438,141.5625,136.5,141.22500610351562,110.568115234375,24821341
2021-11-16,141.75,143.5124969482422,139.875,140.6999969482422,110.15707397460938,23206330
2021-11-17,140.25,145.35000610351562,140.25,143.28750610351562,112.18286895751953,18359498
2021-11-18,143.8874969482422,145.83749389648438,143.28750610351562,144.375,113.03426361083984,10742933
2021-11-22,145.8000030517578,147.75,144.0,145.64999389648438,114.03252410888672,25095721
2021-11-23,144.9375,151.8000030517578,144.8625030517578,151.3874969482422,118.52455139160156,19671538
2021-11-24,151.64999389648438,155.58749389648438,151.5,152.47500610351562,119.37598419189453,18120478
2021-11-25,151.9499969482422,153.75,150.9375,153.1875,119.93379974365234,18537454
2021-11-26,153.03750610351562,153.71249389648438,150.60000610351562,151.5,118.61260223388672,12814537
2021-11-29,149.25,153.0,148.875,150.1875,117.58502197265625,16066147
2021-11-30,150.22500610351562,157.125,150.22500610351562,155.0625,121.40179443359375,37739647
2021-12-01,155.25,156.5625,153.52499389648438,155.39999389648438,121.6659927368164,20332817
2021-12-02,156.75,162.0,154.875,160.875,125.95250701904297,33758843
2021-12-03,159.8625030517578,162.33749389648438,154.125,154.5749969482422,121.02008056640625,47614182
2021-12-06,155.5124969482422,156.0,151.0124969482422,151.5,118.61260223388672,11322446
2021-12-07,151.9499969482422,155.21249389648438,151.6125030517578,154.35000610351562,120.84396362304688,8049102
2021-12-08,153.8625030517578,155.7375030517578,152.66250610351562,153.60000610351562,120.2567367553711,8788449
2021-12-09,154.125,154.83749389648438,151.5749969482422,152.39999389648438,119.3172378540039,5755422
2021-12-10,153.1875,153.1875,151.3874969482422,151.9875030517578,118.99429321289062,6164402
2021-12-13,154.125,157.2375030517578,152.77499389648438,153.3000030517578,120.0218734741211,21648126
2021-12-14,153.0749969482422,159.8625030517578,152.39999389648438,159.1875,124.6313247680664,48042035
2021-12-15,159.8249969482422,161.7375030517578,155.85000610351562,157.3874969482422,123.22206115722656,15207306
2021-12-16,158.5500030517578,158.85000610351562,154.72500610351562,156.14999389648438,122.25318145751953,13410737
2021-12-17,156.14999389648438,157.875,153.78750610351562,157.46249389648438,123.28076934814453,15209414
2021-12-20,158.0625,159.4875030517578,155.625,157.3874969482422,123.22206115722656,22539246
2021-12-21,158.58749389648438,158.8125,153.60000610351562,154.9499969482422,121.31370544433594,17566511
2021-12-22,149.85000610351562,152.25,148.5,151.16250610351562,122.49888610839844,14750231
2021-12-23,151.875,157.1999969482422,151.53750610351562,156.2624969482422,126.63179016113281,15932489
2021-12-24,156.14999389648438,156.52499389648438,153.6374969482422,154.0500030517578,124.83885192871094,8975969
2021-12-27,154.0500030517578,155.4375,153.75,154.5749969482422,125.26427459716797,8648187
2021-12-28,154.9875030517578,156.4875030517578,152.47500610351562,154.1999969482422,124.96040344238281,15736206
2021-12-29,152.25,154.4250030517578,152.02499389648438,153.4499969482422,124.35260772705078,17172943
2021-12-30,153.4499969482422,158.5500030517578,151.2375030517578,154.0124969482422,124.8084487915039,87481206
2021-12-31,153.0,154.64999389648438,152.66250610351562,153.3000030517578,124.2310562133789,9842223
2022-01-03,154.0500030517578,155.21249389648438,153.1125030517578,153.75,124.595703125,7410054
2022-01-04,154.72500610351562,159.75,154.125,157.9499969482422,127.99932861328125,14784090
2022-01-05,157.5,158.5124969482422,156.03750610351562,156.4875030517578,126.81415557861328,9565107
2022-01-06,155.8125,156.52499389648438,153.4875030517578,154.46249389648438,125.17311096191406,5615931
2022-01-07,155.21249389648438,156.375,153.375,153.89999389648438,124.71727752685547,11908249
2022-01-10,155.4375,155.4375,152.58749389648438,153.0,123.98795318603516,11085710
2022-01-11,153.41250610351562,154.35000610351562,152.625,152.8874969482422,123.8967514038086,7208789
2022-01-12,154.5,155.02499389648438,153.2624969482422,153.71249389648438,124.56533813476562,11018139
2022-01-13,155.6999969482422,158.625,154.91250610351562,156.0,126.41905212402344,20522807
2022-01-14,155.96249389648438,157.2375030517578,154.91250610351562,155.8125,126.26715087890625,14183654
2022-01-17,156.8625030517578,157.16250610351562,154.35000610351562,154.7624969482422,125.41624450683594,7574539
2022-01-18,154.6875,155.8874969482422,153.4499969482422,153.8625030517578,124.6868896484375,8475422
2022-01-19,154.5,155.5500030517578,150.78750610351562,153.4875030517578,124.38300323486328,13724367
2022-01-20,155.3249969482422,161.5124969482422,154.0500030517578,160.9875030517578,130.4608612060547,30170343
2022-01-21,160.4250030517578,164.4375,159.75,161.3249969482422,130.73434448242188,29509593
2022-01-24,162.3000030517578,163.3125,158.625,160.5,130.06578063964844,12850189
2022-01-25,160.125,165.14999389648438,158.96249389648438,164.1374969482422,133.0135498046875,27389035
2022-01-27,163.5,164.47500610351562,159.2624969482422,161.1374969482422,130.58241271972656,28512473
2022-01-28,163.125,163.125,156.9375,157.64999389648438,127.7562026977539,18932049
2022-01-31,159.0,162.5625,158.39999389648438,161.5500030517578,130.9167022705078,19907759
2022-02-01,162.75,162.78750610351562,158.47500610351562,159.71249389648438,129.4276123046875,8622355
2022-02-02,161.1374969482422,163.35000610351562,159.9375,160.5,130.06578063964844,9921099
2022-02-03,160.5,161.25,158.25,158.47500610351562,128.4247589111328,4594389
2022-02-04,159.0,160.0124969482422,156.8249969482422,157.27499389648438,127.45230102539062,7329263
2022-02-07,158.28750610351562,160.72500610351562,157.5,160.2375030517578,129.85305786132812,7869237
2022-02-08,160.5,161.5500030517578,156.375,157.53750610351562,127.6650390625,9074237
2022-02-09,157.9499969482422,158.7375030517578,156.52499389648438,157.0124969482422,127.23960876464844,9833985
2022-02-10,157.53750610351562,161.77499389648438,157.53750610351562,159.03750610351562,128.88064575195312,19180334
2022-02-11,157.64999389648438,159.0,155.28750610351562,155.85000610351562,126.29751586914062,20071130
2022-02-14,155.21249389648438,155.21249389648438,150.9375,151.3874969482422,122.68122100830078,12109375
2022-02-15,151.5,152.8874969482422,149.25,152.58749389648438,123.65364837646484,19046061
2022-02-16,148.9499969482422,150.75,146.77499389648438,147.22500610351562,122.62295532226562,20270061
2022-02-17,148.6875,149.1374969482422,147.0,147.75,123.06024932861328,16405551
2022-02-18,147.60000610351562,150.1125030517578,146.4375,146.77499389648438,122.24813842773438,14600643
2022-02-21,146.77499389648438,149.25,146.66250610351562,148.6125030517578,123.77861022949219,10682638
2022-02-22,145.64999389648438,148.83749389648438,143.85000610351562,148.6125030517578,123.77861022949219,13606058
2022-02-23,148.7624969482422,149.625,148.1999969482422,148.53750610351562,123.71614837646484,6493463
2022-02-24,145.5,147.0,142.4250030517578,143.3249969482422,119.3746566772461,13145037
2022-02-25,144.41250610351562,148.4250030517578,144.1125030517578,147.97500610351562,123.24765014648438,10920938
2022-02-28,148.08749389648438,157.6875,147.03750610351562,156.8625030517578,130.64996337890625,31938385
2022-03-02,155.8125,159.8625030517578,154.64999389648438,158.1750030517578,131.74317932128906,20502615
2022-03-03,158.02499389648438,164.5124969482422,158.02499389648438,163.3874969482422,136.0846405029297,19805555
2022-03-04,161.96249389648438,163.125,158.21249389648438,161.28750610351562,134.33555603027344,12794317
2022-03-07,157.875,161.39999389648438,156.6374969482422,159.60000610351562,132.93002319335938,17635653
2022-03-08,160.5,167.5500030517578,157.35000610351562,159.2624969482422,132.64891052246094,28410490
2022-03-09,161.3625030517578,162.0,154.9499969482422,156.0749969482422,129.99404907226562,22830958
2022-03-10,158.25,158.5500030517578,155.28750610351562,156.6374969482422,130.4625701904297,16516553
2022-03-11,156.97500610351562,159.75,155.8125,159.33749389648438,132.71141052246094,12992850
2022-03-14,159.33749389648438,160.5,157.1999969482422,160.0500030517578,133.3048553466797,12598659
2022-03-15,159.89999389648438,161.28750610351562,156.22500610351562,157.2375030517578,130.96231079101562,14528285
2022-03-16,158.4375,158.85000610351562,156.71249389648438,157.0124969482422,130.77493286132812,11933774
2022-03-17,159.0,159.5625,155.8125,158.66250610351562,132.14918518066406,28464621
2022-03-21,162.0,162.0,153.375,153.6750030517578,127.99514770507812,17797415
2022-03-22,153.75,157.125,153.03750610351562,156.52499389648438,130.36888122558594,13285297
2022-03-23,157.125,157.9499969482422,156.22500610351562,157.5749969482422,131.243408203125,9408783
2022-03-24,157.5,158.39999389648438,156.0,158.0625,131.64944458007812,11188958
2022-03-25,158.0625,158.10000610351562,155.02499389648438,157.2375030517578,130.96231079101562,9842670
2022-03-28,157.2375030517578,159.5625,155.625,159.22500610351562,132.61769104003906,12823578
2022-03-29,160.3874969482422,160.83749389648438,157.27499389648438,158.47500610351562,131.99301147460938,10470515
2022-03-30,159.8249969482422,164.02499389648438,158.85000610351562,162.8249969482422,135.61610412597656,54218485
2022-03-31,161.66250610351562,162.9375,161.0625,162.60000610351562,135.42872619628906,10326026
2022-04-01,162.0749969482422,169.3125,162.0749969482422,168.78750610351562,140.58226013183594,39663961
2022-04-04,169.5,171.0749969482422,168.03750610351562,170.5500030517578,142.05023193359375,9907530
2022-04-05,172.46249389648438,175.9499969482422,170.1750030517578,174.78750610351562,145.57965087890625,17167487
2022-04-06,173.5124969482422,178.83749389648438,173.3625030517578,177.4875030517578,147.8284149169922,17153675
2022-04-07,176.96249389648438,179.9250030517578,172.5,173.5124969482422,144.51766967773438,11913911
2022-04-08,174.75,175.5749969482422,172.9499969482422,174.4499969482422,145.29852294921875,6746769
2022-04-11,174.375,176.66250610351562,171.3000030517578,173.1750030517578,144.236572265625,12413822
2022-04-12,171.9375,175.2375030517578,171.4499969482422,174.8249969482422,145.61083984375,14769907
2022-04-13,176.21249389648438,176.5124969482422,170.66250610351562,172.125,143.36203002929688,11015439
2022-04-18,172.125,173.85000610351562,170.66250610351562,173.3249969482422,144.36148071289062,19069923
2022-04-19,174.52499389648438,175.0124969482422,169.875,170.8874969482422,142.33132934570312,15036942
2022-04-20,171.1875,171.75,167.58749389648438,170.25,141.80035400390625,9814641
2022-04-21,169.5749969482422,171.4875030517578,168.9375,170.4375,141.95652770996094,11134333
2022-04-22,168.78750610351562,172.64999389648438,168.52499389648438,169.08749389648438,140.83212280273438,12032249
2022-04-25,167.96249389648438,170.1750030517578,166.125,167.1374969482422,139.2080078125,11042683
2022-04-26,170.25,174.14999389648438,168.2624969482422,173.6999969482422,144.6738739013672,15389155
2022-04-27,173.5124969482422,174.6374969482422,170.58749389648438,171.97500610351562,143.2371063232422,12680209
2022-04-28,175.0500030517578,177.1875,172.53750610351562,176.6999969482422,147.17251586914062,18378146
2022-04-29,176.3249969482422,177.2624969482422,170.28750610351562,170.8125,142.26885986328125,9026331
2022-05-02,169.4250030517578,174.9375,169.4250030517578,173.66250610351562,144.64260864257812,12634353
2022-05-04,174.75,179.58749389648438,174.6750030517578,178.1999969482422,148.42184448242188,23124643
2022-05-05,178.8000030517578,180.4875030517578,174.6374969482422,175.3125,146.01690673828125,16481935
2022-05-06,173.58749389648438,179.3625030517578,173.58749389648438,178.8000030517578,148.92161560058594,17715186
2022-05-09,179.25,184.83749389648438,176.7375030517578,183.8625030517578,153.1381378173828,54118806
2022-05-10,184.35000610351562,186.2624969482422,181.875,182.7375030517578,152.20115661621094,30997494
2022-05-11,183.0,186.0,179.02499389648438,179.39999389648438,149.42132568359375,15412618
2022-05-12,179.25,181.4250030517578,174.1125030517578,176.9250030517578,147.3599395751953,26538994
2022-05-13,179.8874969482422,179.8874969482422,174.8249969482422,177.22500610351562,147.6097869873047,15074553
2022-05-16,176.625,178.4250030517578,174.75,176.39999389648438,146.9226531982422,7960529
2022-05-17,176.1750030517578,179.47500610351562,174.5625,178.9875030517578,149.07778930664062,15470937
2022-05-18,178.125,178.6875,170.3249969482422,170.9250030517578,142.36256408691406,19181550
2022-05-19,167.25,172.2375030517578,166.2375030517578,171.22500610351562,142.61244201660156,15085602
2022-05-20,173.0625,174.8249969482422,170.0625,171.78750610351562,143.0809326171875,15148281
2022-05-23,174.0,174.0,168.14999389648438,168.4499969482422,140.30116271972656,11572501
2022-05-24,168.75,172.2375030517578,168.4499969482422,170.25,141.80035400390625,16336858
2022-05-25,171.3000030517578,172.0500030517578,166.91250610351562,168.6374969482422,140.4573211669922,11062614
2022-05-26,170.25,171.8249969482422,167.9250030517578,170.39999389648438,141.92532348632812,14150454
2022-05-27,171.4499969482422,171.4875030517578,167.5500030517578,168.52499389648438,140.36361694335938,8430491
2022-05-30,168.375,172.4250030517578,168.22500610351562,171.1875,142.58120727539062,9305758
2022-05-31,171.1875,176.3625030517578,171.14999389648438,174.6750030517578,145.48593139648438,26351545
2022-06-01,174.1125030517578,174.75,171.1125030517578,171.89999389648438,143.1746368408203,10282009
2022-06-02,172.0500030517578,172.0500030517578,168.41250610351562,169.16250610351562,140.8946075439453,10071898
2022-06-03,169.5,171.0749969482422,168.75,169.5,141.17568969726562,16082518
2022-06-06,169.5,170.58749389648438,167.66250610351562,168.60000610351562,140.42608642578125,12693293
2022-06-07,167.96249389648438,169.6875,167.77499389648438,168.75,140.551025390625,9103195
2022-06-08,167.28750610351562,169.875,167.28750610351562,168.41250610351562,140.26991271972656,11240130
2022-06-09,168.52499389648438,169.27499389648438,165.75,168.6374969482422,140.4573211669922,9468041
2022-06-10,166.53750610351562,170.58749389648438,166.53750610351562,168.33749389648438,140.2074432373047,9019239
2022-06-13,166.3874969482422,169.125,166.125,166.7624969482422,138.89566040039062,10186775
2022-06-14,166.7624969482422,170.47500610351562,166.5,167.96249389648438,139.8951416015625,17023962
2022-06-15,168.1875,169.72500610351562,166.4250030517578,166.6875,138.8331756591797,5898563
2022-06-16,167.5124969482422,168.22500610351562,161.7375030517578,162.2624969482422,135.14759826660156,11883333
2022-06-17,160.64999389648438,162.6750030517578,157.6875,158.5124969482422,132.0242462158203,19675226
2022-06-20,156.8249969482422,158.1750030517578,154.7624969482422,156.1875,130.0877685546875,7402273
2022-06-21,156.78750610351562,159.8625030517578,155.47500610351562,157.7624969482422,131.39956665039062,9459619
2022-06-22,158.10000610351562,158.4375,156.14999389648438,157.9875030517578,131.5869903564453,10257637
2022-06-23,157.5749969482422,158.77499389648438,154.6125030517578,156.41250610351562,130.27517700195312,13114525
2022-06-24,159.0,159.0,155.8125,156.71249389648438,130.52500915527344,9499105
2022-06-27,160.0124969482422,160.0124969482422,157.2375030517578,158.66250610351562,132.14918518066406,17545390
2022-06-28,157.16250610351562,158.66250610351562,156.2624969482422,157.72500610351562,131.36834716796875,6770087
2022-06-29,156.8249969482422,161.25,156.33749389648438,158.3249969482422,131.86810302734375,41502918
2022-06-30,158.625,161.0625,157.8000030517578,158.9250030517578,132.3678436279297,22260722
2022-07-01,158.28750610351562,159.6750030517578,153.89999389648438,154.875,128.99461364746094,11133663
2022-07-04,153.78750610351562,159.1125030517578,153.78750610351562,158.02499389648438,131.61822509765625,20178279
2022-07-05,158.25,161.96249389648438,158.21249389648438,160.6125030517578,133.77334594726562,20083997
2022-07-06,160.5,160.6125030517578,156.14999389648438,157.83749389648438,131.4620361328125,19203527
2022-07-07,159.9375,161.47500610351562,159.0749969482422,159.41250610351562,132.7738800048828,14069302
2022-07-08,160.5,164.5500030517578,159.4875030517578,164.10000610351562,136.67807006835938,17142257
2022-07-11,165.0,165.9375,162.14999389648438,162.78750610351562,135.58486938476562,10826079
2022-07-12,161.3249969482422,162.71249389648438,159.8625030517578,160.125,133.3673095703125,8503695
2022-07-13,160.875,162.52499389648438,160.08749389648438,160.83749389648438,133.9607391357422,10210005
2022-07-14,164.4375,164.4375,159.6374969482422,161.1374969482422,134.2106170654297,10898403
2022-07-15,162.75,162.75,156.60000610351562,156.97500610351562,130.74366760253906,22067479
2022-07-18,157.7624969482422,159.3000030517578,156.6750030517578,157.6875,131.33709716796875,15155654
2022-07-19,157.4250030517578,158.625,157.1999969482422,157.5,131.18093872070312,14922395
2022-07-20,158.47500610351562,159.22500610351562,156.375,156.9375,130.71246337890625,14181034
2022-07-21,157.46249389648438,159.89999389648438,157.08749389648438,159.22500610351562,132.61769104003906,12461554
2022-07-22,160.46249389648438,160.46249389648438,157.125,157.5,131.18093872070312,9272199
2022-07-25,157.5,158.25,155.5500030517578,155.9250030517578,129.869140625,6635194
2022-07-26,155.9250030517578,158.25,155.3249969482422,156.8249969482422,130.61874389648438,11451315
2022-07-27,157.4250030517578,158.25,157.0500030517578,157.9875030517578,131.5869903564453,9209354
2022-07-28,158.25,161.10000610351562,157.53750610351562,160.64999389648438,133.80459594726562,13192642
2022-07-29,162.3000030517578,163.35000610351562,159.6374969482422,160.46249389648438,133.64840698242188,15433067
2022-08-01,161.28750610351562,165.1125030517578,160.6125030517578,164.21249389648438,136.77174377441406,12136557
2022-08-02,164.96249389648438,167.5500030517578,163.0124969482422,166.9499969482422,139.0518035888672,17748747
2022-08-03,167.5124969482422,168.5625,164.7375030517578,167.6999969482422,139.6764678955078,12406038
2022-08-04,168.0,168.14999389648438,164.3249969482422,165.60000610351562,137.92739868164062,9712267
2022-08-05,166.27499389648438,168.5625,164.1374969482422,167.7375030517578,139.7077178955078,14099223
2022-08-08,168.75,169.72500610351562,165.8249969482422,166.4250030517578,138.6145782470703,8392041
2022-08-10,165.5625,168.6750030517578,165.41250610351562,167.625,139.61399841308594,8585266
2022-08-11,168.4875030517578,170.1750030517578,166.27499389648438,167.1374969482422,139.2080078125,5040626
2022-08-12,167.25,171.4499969482422,166.5,171.03750610351562,142.45628356933594,13279062
2022-08-16,171.89999389648438,172.46249389648438,170.28750610351562,171.6374969482422,142.9560089111328,11298246
2022-08-17,171.6374969482422,173.21249389648438,170.77499389648438,171.375,142.73736572265625,11225465
2022-08-18,170.96249389648438,173.77499389648438,170.8125,173.5124969482422,144.51766967773438,11360485
2022-08-19,171.33749389648438,172.27499389648438,169.27499389648438,171.1125030517578,143.91842651367188,9829530
2022-08-22,171.0749969482422,173.10000610351562,169.2375030517578,169.46249389648438,142.53065490722656,9190493
2022-08-23,168.71249389648438,171.6374969482422,168.14999389648438,170.66250610351562,143.53993225097656,8903751
2022-08-24,170.5124969482422,172.46249389648438,169.875,172.08749389648438,144.7384796142578,13007225
2022-08-25,172.875,173.25,168.8249969482422,169.72500610351562,142.7514190673828,12124365
2022-08-26,169.9499969482422,173.39999389648438,169.9499969482422,172.83749389648438,145.3692626953125,7966045
2022-08-29,171.1875,171.6750030517578,169.1999969482422,170.28750610351562,143.22451782226562,7517013
2022-08-30,171.14999389648438,172.6875,171.0749969482422,172.1999969482422,144.83309936523438,7214498
2022-09-01,168.78750610351562,172.5749969482422,168.75,169.5749969482422,142.62522888183594,13109081
2022-09-02,170.625,171.6374969482422,167.85000610351562,168.14999389648438,141.42672729492188,6897237
2022-09-05,168.75,169.16250610351562,166.27499389648438,167.5500030517578,140.92208862304688,18055474
2022-09-06,168.0,171.0,168.0,168.78750610351562,141.96292114257812,14103701
2022-09-07,167.28750610351562,170.21249389648438,167.28750610351562,168.3000030517578,141.5529022216797,7866745
2022-09-08,169.5,170.1750030517578,167.58749389648438,168.3000030517578,141.5529022216797,7187735
2022-09-09,169.53750610351562,169.6125030517578,166.875,167.1750030517578,140.606689453125,9162027
2022-09-12,167.66250610351562,168.52499389648438,166.64999389648438,167.96249389648438,141.26905822753906,8778919
2022-09-13,168.22500610351562,170.625,167.85000610351562,170.10000610351562,143.06683349609375,11278383
2022-09-14,168.75,174.89999389648438,168.52499389648438,174.41250610351562,146.69398498535156,25072958
2022-09-15,175.08749389648438,178.6875,174.2624969482422,178.1999969482422,149.87950134277344,23606369
2022-09-16,178.8000030517578,178.83749389648438,175.0500030517578,176.7375030517578,148.64947509765625,29399642
2022-09-19,176.96249389648438,178.5749969482422,173.7375030517578,174.8625030517578,147.0724639892578,13920046
2022-09-20,175.5,177.1875,174.0749969482422,174.52499389648438,146.78857421875,20162973
2022-09-21,175.3874969482422,175.7624969482422,168.22500610351562,170.28750610351562,143.22451782226562,14468837
2022-09-22,168.0,169.8000030517578,164.3625030517578,165.0749969482422,138.84043884277344,26264530
2022-09-23,163.72500610351562,164.8125,148.5749969482422,151.91250610351562,127.76979064941406,87162722
2022-09-26,150.0,157.0124969482422,139.7624969482422,150.6374969482422,126.69740295410156,167547134
2022-09-27,154.35000610351562,155.9250030517578,150.9375,153.6374969482422,129.22064208984375,54127095
2022-09-28,153.89999389648438,157.8000030517578,151.91250610351562,155.77499389648438,131.0183868408203,52877873
2022-09-29,156.71249389648438,159.0749969482422,154.53750610351562,156.0,131.2076416015625,36761869
2022-09-30,155.25,164.02499389648438,155.25,159.14999389648438,133.8570556640625,62897614
2022-10-03,159.75,160.9875030517578,156.75,158.10000610351562,132.97393798828125,11740863
2022-10-04,159.0749969482422,159.2624969482422,156.0,156.33749389648438,131.49151611328125,19179333
2022-10-06,156.6374969482422,158.1750030517578,154.1999969482422,154.72500610351562,130.1353302001953,20692745
2022-10-07,153.0,157.3125,153.0,157.0500030517578,132.09080505371094,14282850
2022-10-10,155.96249389648438,158.96249389648438,155.66250610351562,156.71249389648438,131.80690002441406,16834226
2022-10-11,157.5,158.58749389648438,154.91250610351562,156.2624969482422,131.42845153808594,17807162
2022-10-12,157.83749389648438,161.96249389648438,157.0124969482422,161.66250610351562,135.9702606201172,35288330
2022-10-13,161.21249389648438,162.97500610351562,159.9375,160.46249389648438,134.96096801757812,16436903
2022-10-14,163.5,163.5,158.66250610351562,159.4875030517578,134.1409454345703,23365190
2022-10-17,158.96249389648438,161.21249389648438,158.25,158.8874969482422,133.6362762451172,9520537
2022-10-18,159.71249389648438,161.25,158.66250610351562,159.2624969482422,133.95166015625,13256574
2022-10-19,159.75,162.6750030517578,159.71249389648438,160.4250030517578,134.929443359375,11595367
2022-10-20,159.41250610351562,163.5,159.2624969482422,163.125,137.2003173828125,16371066
2022-10-21,161.5124969482422,164.1750030517578,160.5,162.97500610351562,137.0741729736328,11634491
2022-10-24,164.85000610351562,165.1875,163.9499969482422,164.1374969482422,138.0519256591797,1132859
2022-10-25,164.1374969482422,164.5500030517578,160.6875,163.875,137.8311309814453,20622687
2022-10-27,164.47500610351562,168.6374969482422,163.0124969482422,167.9250030517578,141.23751831054688,24298489
2022-10-28,167.85000610351562,171.75,167.39999389648438,170.10000610351562,143.06683349609375,11669879
2022-10-31,170.96249389648438,172.6875,170.02499389648438,171.1125030517578,143.91842651367188,11755682
2022-11-01,172.9875030517578,176.9250030517578,172.35000610351562,176.3625030517578,148.3340301513672,15220278
2022-11-02,176.3625030517578,177.41250610351562,174.6374969482422,174.97500610351562,147.1670684814453,12884449
2022-11-03,174.75,175.1999969482422,170.02499389648438,171.03750610351562,143.8553466796875,9358215
2022-11-04,171.0,172.08749389648438,168.75,169.6125030517578,142.6568145751953,8059667
2022-11-07,170.47500610351562,173.9250030517578,169.8000030517578,171.0,143.8237762451172,14862038
2022-11-09,173.25,173.25,163.53750610351562,164.0625,137.98883056640625,22831150
2022-11-10,162.0,165.1125030517578,160.125,161.1750030517578,135.5602569580078,16217631
2022-11-11,162.0,163.3874969482422,160.16250610351562,160.53750610351562,135.0240478515625,12123886
2022-11-14,158.21249389648438,160.27499389648438,157.6875,158.5124969482422,136.5095977783203,18460862
2022-11-15,157.5,162.375,157.2375030517578,162.0,139.51300048828125,15258103
2022-11-16,161.96249389648438,163.08749389648438,160.08749389648438,162.8249969482422,140.22349548339844,9825807
2022-11-17,162.6750030517578,165.33749389648438,162.1875,163.72500610351562,140.99855041503906,9449665
2022-11-18,163.7624969482422,164.10000610351562,162.6374969482422,163.7624969482422,141.0308380126953,5828998
2022-11-21,163.125,164.625,162.375,164.28750610351562,141.48300170898438,4712051
2022-11-22,163.875,164.39999389648438,162.6750030517578,163.35000610351562,140.6756134033203,4366445
2022-11-23,163.6875,164.10000610351562,160.6875,161.3625030517578,138.96400451660156,13510578
2022-11-24,161.5500030517578,165.75,161.3249969482422,165.5625,142.5810089111328,7622243
2022-11-25,165.5625,165.6750030517578,162.4499969482422,165.4499969482422,142.48410034179688,10989671
2022-11-28,164.3625030517578,166.64999389648438,164.3625030517578,165.97500610351562,142.93624877929688,4526153
2022-11-29,165.97500610351562,166.6875,163.91250610351562,164.5124969482422,141.67674255371094,6476054
2022-11-30,164.5124969482422,168.71249389648438,163.2375030517578,168.0,144.68014526367188,17317951
2022-12-01,168.0,168.6374969482422,165.375,166.4250030517578,143.3238067626953,13241961
2022-12-02,163.91250610351562,166.125,163.91250610351562,164.85000610351562,141.9674072265625,12880949
2022-12-05,164.77499389648438,166.6875,162.89999389648438,166.4250030517578,143.3238067626953,16477957
2022-12-06,166.16250610351562,168.1125030517578,164.5500030517578,167.625,144.3572235107422,11299945
2022-12-07,167.1374969482422,168.0749969482422,165.33749389648438,165.78750610351562,142.77476501464844,5813973
2022-12-08,166.35000610351562,166.3874969482422,162.6750030517578,163.35000610351562,140.6756134033203,11176439
2022-12-09,163.8000030517578,164.21249389648438,161.77499389648438,162.89999389648438,140.2880401611328,6020031
2022-12-12,162.0,163.5,160.9499969482422,161.66250610351562,139.2223358154297,8194429
2022-12-13,161.66250610351562,162.60000610351562,159.78750610351562,162.22500610351562,139.706787109375,8235450
2022-12-14,162.22500610351562,165.41250610351562,162.22500610351562,164.39999389648438,141.57986450195312,10055353
2022-12-15,164.625,165.3000030517578,161.9250030517578,162.2624969482422,139.7390594482422,5385778
2022-12-16,161.25,163.64999389648438,159.4499969482422,159.89999389648438,137.7045135498047,11166617
2022-12-19,160.53750610351562,164.39999389648438,160.125,164.1750030517578,141.38609313964844,7758862
2022-12-20,164.1750030517578,164.1750030517578,160.4250030517578,162.97500610351562,140.3526611328125,6541929
2022-12-21,162.78750610351562,163.6875,160.3874969482422,162.03750610351562,139.5453338623047,7005861
2022-12-22,162.0749969482422,162.75,159.6374969482422,161.25,138.86712646484375,6961415
2022-12-23,160.0500030517578,161.47500610351562,157.83749389648438,158.4375,136.4450225830078,4554651
2022-12-26,158.625,160.6875,158.21249389648438,158.8874969482422,136.8325653076172,6864331
2022-12-27,159.71249389648438,161.39999389648438,158.85000610351562,159.4875030517578,137.34925842285156,13115851
2022-12-28,159.375,163.8000030517578,159.375,161.8125,139.35150146484375,16815549
2022-12-29,160.53750610351562,162.375,160.125,161.8125,139.35150146484375,22536873
2022-12-30,162.03750610351562,162.5625,159.9375,160.27499389648438,138.02743530273438,4643134
2023-01-02,160.91250610351562,161.625,159.75,161.28750610351562,138.8994140625,5959394
2023-01-03,161.4375,162.14999389648438,160.7624969482422,161.6999969482422,139.254638671875,2873110
2023-01-04,161.5500030517578,161.5500030517578,157.875,158.28750610351562,136.31582641601562,9954542
2023-01-05,158.9250030517578,158.9250030517578,154.9499969482422,156.60000610351562,134.86257934570312,21273509
2023-01-06,156.1125030517578,157.72500610351562,155.66250610351562,156.0749969482422,134.41041564941406,11510471
2023-01-09,156.89999389648438,158.96249389648438,153.1875,156.8249969482422,135.0563201904297,52485126
2023-01-10,157.4250030517578,159.33749389648438,156.75,158.85000610351562,136.80027770996094,17248326
2023-01-11,159.14999389648438,159.78750610351562,157.5749969482422,158.96249389648438,136.89712524414062,9164361
2023-01-12,160.16250610351562,160.4250030517578,158.5500030517578,160.125,137.89825439453125,21179555
2023-01-13,160.1999969482422,161.5124969482422,159.97500610351562,160.5,138.2212371826172,6560245
2023-01-16,161.25,161.9250030517578,159.52499389648438,161.7375030517578,139.28695678710938,8362194
2023-01-17,161.7375030517578,164.02499389648438,161.1750030517578,163.8000030517578,141.06312561035156,13000571
2023-01-18,163.72500610351562,165.1125030517578,162.3000030517578,164.5124969482422,141.67674255371094,11171369
2023-01-19,164.10000610351562,165.9375,163.9875030517578,165.5625,142.5810089111328,11586815
2023-01-20,165.75,167.9250030517578,165.75,167.4375,144.1957244873047,10112645
2023-01-23,168.0,171.22500610351562,167.66250610351562,168.8249969482422,145.39064025878906,14393610
2023-01-24,169.6875,169.9499969482422,165.375,165.71249389648438,142.71018981933594,6150893
2023-01-25,165.52499389648438,165.9375,163.35000610351562,164.5500030517578,141.70904541015625,5790331
2023-01-27,164.47500610351562,166.08749389648438,162.75,164.4375,141.6121826171875,10458603
2023-01-30,163.5,164.1374969482422,157.91250610351562,158.8874969482422,136.8325653076172,24288177
2023-01-31,159.4499969482422,165.14999389648438,159.1125030517578,162.4875030517578,139.93284606933594,20997546
2023-02-01,168.75,168.75,160.1999969482422,162.41250610351562,139.86825561523438,20246369
2023-02-02,162.0,162.8249969482422,158.5124969482422,159.52499389648438,137.38153076171875,12820663
2023-02-03,159.89999389648438,161.3625030517578,157.8000030517578,161.1374969482422,138.7702178955078,10815686
2023-02-06,160.08749389648438,163.0124969482422,159.78750610351562,162.78750610351562,140.19122314453125,6948201
2023-02-07,163.5,163.64999389648438,161.3249969482422,162.6374969482422,140.06202697753906,10035526
2023-02-08,159.6374969482422,159.9375,157.83749389648438,159.0,140.1611785888672,12432719
2023-02-09,159.0,160.46249389648438,159.0,159.6374969482422,140.72315979003906,7011082
2023-02-10,158.9250030517578,160.83749389648438,158.8874969482422,160.5749969482422,141.549560546875,10892159
2023-02-13,160.5749969482422,162.375,160.5,162.0,142.80572509765625,7710133
2023-02-14,162.78750610351562,162.78750610351562,159.5625,161.25,142.14462280273438,6010681
2023-02-15,159.9375,161.39999389648438,159.75,160.875,141.8140411376953,8107497
2023-02-16,162.6750030517578,162.6750030517578,160.5,160.9499969482422,141.88014221191406,3963115
2023-02-17,160.5,161.9250030517578,159.75,160.35000610351562,141.3512420654297,6491149
2023-02-20,161.6999969482422,162.75,160.64999389648438,161.85000610351562,142.6735076904297,6841917
2023-02-21,163.16250610351562,164.0625,162.03750610351562,162.89999389648438,143.59909057617188,6701434
2023-02-22,162.0,162.97500610351562,159.75,160.9875030517578,141.91322326660156,9128659
2023-02-23,161.25,161.9250030517578,159.4499969482422,159.9375,140.98757934570312,10345874
2023-02-24,159.3000030517578,161.5500030517578,159.3000030517578,161.28750610351562,142.1776580810547,9808830
2023-02-27,162.33749389648438,164.96249389648438,160.91250610351562,164.39999389648438,144.92138671875,17763618
2023-02-28,165.4499969482422,167.25,164.0625,166.6875,146.9378662109375,36559278
2023-03-01,166.16250610351562,166.6875,163.0500030517578,164.1750030517578,144.72303771972656,12896085
2023-03-02,163.5,165.75,161.85000610351562,165.2624969482422,145.6816864013672,79708558
2023-03-03,165.3000030517578,169.08749389648438,165.3000030517578,166.5749969482422,146.83868408203125,9951869
2023-03-06,168.0,171.60000610351562,167.25,170.3625030517578,150.1774444580078,15659957
2023-03-08,170.21249389648438,171.2624969482422,169.27499389648438,171.03750610351562,150.77244567871094,11591495
2023-03-09,171.75,172.83749389648438,169.125,169.35000610351562,149.28489685058594,13941653
2023-03-10,166.6875,171.1125030517578,166.6875,169.91250610351562,149.78074645996094,9605434
2023-03-13,171.03750610351562,172.53750610351562,169.0500030517578,169.5749969482422,149.48321533203125,13209653
2023-03-14,168.8625030517578,170.8125,168.0,168.89999389648438,148.88819885253906,9583405
2023-03-15,169.9499969482422,172.53750610351562,169.27499389648438,171.22500610351562,150.93772888183594,12228069
2023-03-16,172.08749389648438,174.6750030517578,171.2624969482422,174.1125030517578,153.48309326171875,18437817
2023-03-17,175.46249389648438,175.5,171.22500610351562,172.27499389648438,151.8633270263672,33711025
2023-03-20,168.97500610351562,172.0500030517578,168.97500610351562,170.625,150.40882873535156,9281411
2023-03-21,170.4375,170.77499389648438,166.83749389648438,167.3625030517578,147.53289794921875,11272787
2023-03-22,167.25,168.52499389648438,165.60000610351562,168.0749969482422,148.16091918945312,7589846
2023-03-23,168.0,168.375,165.9375,166.6125030517578,146.87176513671875,17091298
2023-03-24,167.25,168.1875,165.60000610351562,166.8000030517578,147.03701782226562,10371666
2023-03-27,167.1750030517578,169.6875,164.66250610351562,165.0749969482422,145.51638793945312,19983733
2023-03-28,165.9375,167.3249969482422,164.02499389648438,166.5749969482422,146.83868408203125,8689166
2023-03-29,166.5749969482422,167.77499389648438,165.41250610351562,166.83749389648438,147.07008361816406,19743258
2023-03-31,168.0,170.0625,167.25,169.27499389648438,149.21876525878906,10202058
2023-04-03,170.5124969482422,170.5124969482422,167.8874969482422,168.4499969482422,148.49151611328125,7643214
2023-04-05,169.9499969482422,169.9499969482422,167.77499389648438,169.2375030517578,149.18569946289062,12019382
2023-04-06,170.39999389648438,170.5500030517578,168.4875030517578,168.9375,148.92127990722656,4282875
2023-04-10,168.89999389648438,172.0500030517578,168.75,171.78750610351562,151.43359375,4145643
2023-04-11,171.6750030517578,174.0,171.33749389648438,173.5124969482422,152.9541778564453,5106602
2023-04-12,173.5500030517578,173.66250610351562,170.28750610351562,170.47500610351562,150.276611328125,9118795
2023-04-13,170.47500610351562,173.7375030517578,170.25,173.39999389648438,152.85504150390625,11428621
2023-04-17,174.4499969482422,179.9250030517578,174.22500610351562,177.4875030517578,156.45822143554688,21815047
2023-04-18,177.6750030517578,178.125,172.2375030517578,172.72500610351562,152.26002502441406,13482833
2023-04-19,171.75,173.5500030517578,171.4875030517578,172.46249389648438,152.02857971191406,8264190
2023-04-20,173.1374969482422,174.6750030517578,172.2375030517578,173.1750030517578,152.65667724609375,7308750
2023-04-21,173.85000610351562,174.2624969482422,172.1999969482422,173.66250610351562,153.08639526367188,5030650
2023-04-24,173.25,174.22500610351562,172.46249389648438,173.96249389648438,153.35084533691406,5725067
2023-04-25,173.47500610351562,175.4250030517578,172.9875030517578,174.6750030517578,153.97894287109375,8338703
2023-04-26,175.53750610351562,179.625,174.0,178.72500610351562,157.5491180419922,13581018
2023-04-27,178.5,178.72500610351562,175.125,176.96249389648438,155.9954071044922,9794457
2023-04-28,177.71249389648438,178.46249389648438,174.8249969482422,177.9375,156.85488891601562,10585487
2023-05-02,179.02499389648438,180.8625030517578,178.6875,180.0749969482422,158.73915100097656,6732907
2023-05-03,180.0,181.5,179.10000610351562,179.77499389648438,158.47470092773438,4789217
2023-05-04,179.7375030517578,180.52499389648438,176.21249389648438,179.1374969482422,157.9127197265625,9189783
2023-05-05,179.10000610351562,181.125,178.64999389648438,180.78750610351562,159.3672332763672,3896441
2023-05-08,181.3874969482422,184.6875,180.8249969482422,183.5625,161.81344604492188,8758321
2023-05-09,183.03750610351562,185.1750030517578,182.02499389648438,182.5500030517578,160.92092895507812,9166941
2023-05-10,183.8625030517578,185.96249389648438,183.4499969482422,185.7375030517578,163.73072814941406,9689409
2023-05-11,185.77499389648438,186.89999389648438,184.9499969482422,186.41250610351562,164.32577514648438,12616726
2023-05-12,186.6374969482422,187.1999969482422,180.8625030517578,181.3125,159.83001708984375,13853807
2023-05-15,182.5500030517578,184.2375030517578,181.7624969482422,182.4375,160.82174682617188,12187763
2023-05-16,182.66250610351562,183.41250610351562,180.0,180.4499969482422,159.06971740722656,11418509
2023-05-17,180.6750030517578,181.4250030517578,178.08749389648438,179.10000610351562,157.8796844482422,11560929
2023-05-18,180.75,180.75,175.9499969482422,176.7375030517578,155.79710388183594,14497723
2023-05-19,176.7375030517578,178.125,174.0,175.27499389648438,154.5078582763672,10071694
2023-05-22,176.02499389648438,179.25,174.4875030517578,175.7624969482422,154.93760681152344,12566129
2023-05-23,175.53750610351562,177.41250610351562,175.0124969482422,175.5749969482422,154.77232360839844,12458561
2023-05-24,178.35000610351562,178.3874969482422,176.1374969482422,176.85000610351562,155.8962860107422,8877971
2023-05-25,178.27499389648438,180.22500610351562,177.22500610351562,178.46249389648438,157.31768798828125,12502747
2023-05-26,178.3874969482422,178.4250030517578,176.10000610351562,177.97500610351562,156.88796997070312,6811801
2023-05-29,178.64999389648438,178.7624969482422,175.5749969482422,175.875,155.0367889404297,13638297
2023-05-30,176.9250030517578,176.9250030517578,175.27499389648438,176.3249969482422,155.43348693847656,9469926
2023-05-31,176.25,176.39999389648438,172.5,175.3874969482422,154.60704040527344,48104157
2023-06-01,174.71249389648438,175.5749969482422,172.53750610351562,174.75,154.0450439453125,8804790
2023-06-02,175.5,176.3249969482422,174.8249969482422,175.9499969482422,155.10287475585938,6617781
2023-06-05,177.33749389648438,178.5,176.10000610351562,176.6999969482422,155.7640380859375,27428302
2023-06-06,177.33749389648438,177.75,175.83749389648438,176.47500610351562,155.56570434570312,6898603
2023-06-07,177.52499389648438,180.03750610351562,177.1125030517578,179.39999389648438,158.14410400390625,11153571
2023-06-08,179.4375,184.08749389648438,179.4375,181.2375030517578,159.763916015625,19300834
2023-06-09,182.66250610351562,184.125,181.35000610351562,183.6750030517578,161.91261291503906,11037141
2023-06-12,183.75,184.83749389648438,180.89999389648438,181.2375030517578,159.763916015625,8188909
2023-06-13,181.5,182.58749389648438,181.08749389648438,181.6875,160.16058349609375,6443218
2023-06-14,181.5749969482422,185.39999389648438,181.5749969482422,184.875,162.97042846679688,10297426
2023-06-15,185.21249389648438,185.21249389648438,182.85000610351562,184.83749389648438,162.93736267089844,9732749
2023-06-16,184.8000030517578,185.5124969482422,183.375,184.83749389648438,162.93736267089844,9702361
2023-06-19,184.83749389648438,186.22500610351562,181.8000030517578,182.3249969482422,160.72254943847656,10431647
2023-06-20,182.8874969482422,187.27499389648438,182.8125,186.5625,164.4580078125,13426365
2023-06-21,186.60000610351562,194.28750610351562,186.5625,193.64999389648438,170.7057342529297,31172093
2023-06-22,193.5,193.5,189.52499389648438,190.16250610351562,167.6314697265625,7430965
2023-06-23,190.1999969482422,190.9875030517578,187.16250610351562,187.5749969482422,165.35052490234375,5593393
2023-06-26,187.5,187.6875,185.3625030517578,186.375,164.29270935058594,7305362
2023-06-27,186.0749969482422,187.53750610351562,185.7375030517578,187.16250610351562,164.9868927001953,11142907
2023-06-28,188.10000610351562,189.375,184.83749389648438,187.6125030517578,165.38357543945312,17808717
2023-06-30,192.375,194.77499389648438,188.39999389648438,191.3625030517578,168.6892852783203,17659979
2023-07-03,190.91250610351562,191.21249389648438,187.125,187.875,165.61495971679688,12467239
2023-07-04,189.375,189.375,186.89999389648438,187.1999969482422,165.01995849609375,8637967
2023-07-05,187.27499389648438,190.46249389648438,187.125,189.9375,167.43310546875,5340907
2023-07-06,194.96249389648438,197.6999969482422,190.8000030517578,197.02499389648438,173.6808624267578,16705046
2023-07-07,196.91250610351562,196.91250610351562,191.02499389648438,191.58749389648438,168.88760375976562,13149183
2023-07-10,191.58749389648438,192.3000030517578,186.375,187.5,165.28439331054688,15319047
2023-07-11,189.0,191.5500030517578,187.53750610351562,190.125,167.59840393066406,7486045
2023-07-12,190.5,191.0625,188.3625030517578,189.03750610351562,166.63975524902344,9390877
2023-07-13,188.8125,189.14999389648438,181.27499389648438,182.3249969482422,160.72254943847656,30591450
2023-07-14,182.25,183.3000030517578,177.52499389648438,180.03750610351562,158.70608520507812,72085831
2023-07-17,181.875,183.71249389648438,179.39999389648438,180.75,159.3341827392578,11474161
2023-07-18,180.75,182.77499389648438,179.6999969482422,180.8625030517578,159.433349609375,14940593
2023-07-19,180.75,184.64999389648438,180.41250610351562,182.4375,160.82174682617188,22954874
2023-07-20,182.96249389648438,184.3874969482422,181.72500610351562,183.1875,161.4828643798828,10249082
2023-07-21,182.4375,184.72500610351562,181.64999389648438,183.0749969482422,161.38369750976562,18466409
2023-07-24,183.03750610351562,186.1125030517578,182.1374969482422,185.58749389648438,163.5985107421875,14825562
2023-07-25,186.71249389648438,188.625,186.1125030517578,188.3625030517578,166.04470825195312,10500017
2023-07-26,190.4250030517578,191.7375030517578,187.5,188.25,165.945556640625,12898171
2023-07-27,189.0,190.0500030517578,187.27499389648438,188.02499389648438,165.74722290039062,10836773
2023-07-28,188.85000610351562,195.8625030517578,187.5749969482422,193.64999389648438,170.7057342529297,17518458
2023-07-31,196.5,200.25,194.3625030517578,199.53750610351562,175.8956756591797,24269734
2023-08-01,196.5,196.5,187.875,188.85000610351562,166.47445678710938,31395702
2023-08-02,189.6750030517578,190.35000610351562,184.9499969482422,186.41250610351562,164.32577514648438,20825405
2023-08-03,186.75,187.9499969482422,184.5749969482422,186.52499389648438,164.4249267578125,10882019
2023-08-04,186.0,186.78750610351562,184.9499969482422,185.5124969482422,163.53237915039062,7406390
2023-08-07,186.60000610351562,186.71249389648438,184.5,185.96249389648438,163.92904663085938,6345966
2023-08-08,183.9375,183.9375,180.4875030517578,181.125,162.78318786621094,15171726
2023-08-09,182.25,182.625,179.8125,180.2624969482422,162.00804138183594,18442141
2023-08-10,180.41250610351562,181.9875030517578,180.03750610351562,181.35000610351562,162.98541259765625,9962450
2023-08-11,184.125,184.6875,182.10000610351562,183.22500610351562,164.67054748535156,23866073
2023-08-14,183.6374969482422,183.97500610351562,180.5625,183.375,164.80535888671875,9188486
2023-08-16,183.4499969482422,186.4875030517578,182.28750610351562,186.03750610351562,167.19825744628906,9191471
2023-08-17,186.03750610351562,186.60000610351562,181.64999389648438,182.77499389648438,164.26609802246094,15301142
2023-08-18,182.7375030517578,182.7375030517578,180.0749969482422,180.75,162.44618225097656,12292241
2023-08-21,181.72500610351562,185.77499389648438,181.27499389648438,185.39999389648438,166.6252899169922,9129526
2023-08-22,186.0,187.6125030517578,185.02499389648438,185.85000610351562,167.0297393798828,11107830
2023-08-23,187.5,187.5,185.39999389648438,187.1999969482422,168.24301147460938,8487619
2023-08-24,187.5,189.4875030517578,184.35000610351562,184.72500610351562,166.01866149902344,18982087
2023-08-25,184.6125030517578,185.5500030517578,181.0500030517578,181.5,163.1202392578125,12851343
2023-08-28,182.25,186.75,181.91250610351562,186.375,167.50157165527344,11908665
2023-08-29,187.1999969482422,189.75,186.4499969482422,188.3625030517578,169.28778076171875,12363321
2023-08-30,188.47500610351562,188.6999969482422,184.83749389648438,185.3249969482422,166.55789184570312,6748007
2023-08-31,185.8874969482422,187.1999969482422,182.66250610351562,183.41250610351562,164.8390655517578,20715819
2023-09-01,185.25,189.4499969482422,183.89999389648438,189.14999389648438,169.99554443359375,13120723
2023-09-04,190.1999969482422,192.375,188.10000610351562,191.5500030517578,172.15248107910156,10240031
2023-09-05,191.47500610351562,192.75,189.75,190.72500610351562,171.41107177734375,10893186
2023-09-06,192.52499389648438,192.9375,189.1125030517578,190.875,171.54586791992188,10018473
2023-09-07,190.5,193.27499389648438,189.1125030517578,192.75,173.23098754882812,13760453
2023-09-08,193.6875,195.97500610351562,192.8249969482422,193.9875030517578,174.34317016601562,16781751
2023-09-11,195.2624969482422,198.75,193.1999969482422,198.375,178.286376953125,17683806
2023-09-12,203.0,204.25,190.64999389648438,191.3000030517578,171.92782592773438,29826173
2023-09-13,193.1999969482422,194.60000610351562,191.3000030517578,193.1999969482422,173.63539123535156,10692151
2023-09-14,194.1999969482422,195.64999389648438,193.6999969482422,195.14999389648438,175.38795471191406,10941807
2023-09-15,196.14999389648438,196.1999969482422,192.1999969482422,194.10000610351562,174.4442901611328,20516593
2023-09-18,195.25,200.5,194.10000610351562,200.10000610351562,179.836669921875,25627043
2023-09-20,198.6999969482422,205.9499969482422,198.4499969482422,204.64999389648438,183.9259033203125,33369524
2023-09-21,205.0,205.5500030517578,200.39999389648438,201.60000610351562,181.18478393554688,20332556
2023-09-22,200.5500030517578,202.89999389648438,196.39999389648438,199.14999389648438,178.98287963867188,21193988
2023-09-25,200.0,200.64999389648438,196.6999969482422,198.89999389648438,178.75820922851562,11951847
2023-09-26,199.10000610351562,200.0500030517578,197.60000610351562,198.35000610351562,178.26390075683594,7440011
2023-09-27,199.3000030517578,199.60000610351562,197.3000030517578,199.35000610351562,179.1626434326172,6736870
2023-09-28,200.10000610351562,204.4499969482422,197.8000030517578,200.75,180.4208526611328,50185120
2023-09-29,200.9499969482422,201.89999389648438,199.10000610351562,199.75,179.52212524414062,16293959
2023-10-03,198.75,200.0,196.89999389648438,199.5500030517578,179.34239196777344,10830728
2023-10-04,198.89999389648438,199.39999389648438,195.39999389648438,199.0,178.84808349609375,14120040
2023-10-05,199.5,199.5,195.35000610351562,196.60000610351562,176.6911163330078,14575590
2023-10-06,197.0,197.4499969482422,194.85000610351562,197.0500030517578,177.09556579589844,12857229
2023-10-09,196.5,196.89999389648438,193.75,196.25,176.37657165527344,7853369
2023-10-10,196.25,198.5500030517578,195.6999969482422,197.9499969482422,177.90438842773438,7440527
2023-10-11,197.35000610351562,199.14999389648438,197.35000610351562,198.5,178.39871215820312,10031916
2023-10-12,197.35000610351562,202.0,197.35000610351562,200.75,180.4208526611328,21872719
2023-10-13,200.4499969482422,202.39999389648438,199.3000030517578,201.8000030517578,181.36453247070312,13105921
2023-10-16,200.3000030517578,203.85000610351562,200.10000610351562,203.0500030517578,182.4879150390625,18336656
2023-10-17,203.5500030517578,209.0,202.60000610351562,207.14999389648438,186.17276000976562,19378328
2023-10-18,208.4499969482422,208.4499969482422,204.0,206.5,185.5885772705078,14923328
2023-10-19,204.0,207.39999389648438,202.1999969482422,205.8000030517578,184.95948791503906,13192888
2023-10-20,205.1999969482422,205.1999969482422,200.89999389648438,202.85000610351562,182.30819702148438,22081120
2023-10-23,202.0,205.14999389648438,199.0,199.75,179.52212524414062,6988219
2023-10-25,199.0,200.4499969482422,197.8000030517578,199.5,179.2974395751953,16817158
2023-10-26,198.75,200.0,196.3000030517578,198.9499969482422,178.8031463623047,11070090
2023-10-27,199.25,201.8000030517578,199.14999389648438,200.9499969482422,180.6005859375,9995487
2023-10-30,200.9499969482422,202.1999969482422,197.64999389648438,200.85000610351562,180.51071166992188,7679981
2023-10-31,201.5,202.9499969482422,200.5500030517578,202.14999389648438,181.6790771484375,7474770
2023-11-01,202.35000610351562,202.35000610351562,200.5,200.9499969482422,180.6005859375,5598615
2023-11-02,201.75,203.64999389648438,200.89999389648438,203.10000610351562,182.5328826904297,12924797
2023-11-03,203.39999389648438,206.5,203.10000610351562,204.39999389648438,183.70123291015625,8684015
2023-11-06,205.0,208.9499969482422,204.9499969482422,208.1999969482422,187.116455078125,9804415
2023-11-07,208.1999969482422,209.10000610351562,205.75,208.0,186.93667602539062,10730361
2023-11-08,209.0,209.60000610351562,206.64999389648438,207.0,186.03794860839844,7435543
2023-11-09,207.3000030517578,210.5,206.10000610351562,209.8000030517578,188.55441284179688,13777877
2023-11-10,210.5,213.0,209.60000610351562,211.14999389648438,189.76768493652344,12066023
2023-11-13,212.0,215.10000610351562,210.6999969482422,212.3000030517578,190.80125427246094,11352269
2023-11-15,215.0,215.0,209.8000030517578,210.14999389648438,188.8689422607422,19182861
2023-11-16,206.6999969482422,208.85000610351562,205.6999969482422,207.1999969482422,189.8309326171875,27533260
2023-11-17,207.6999969482422,210.6999969482422,206.89999389648438,209.5,191.93814086914062,16705395
2023-11-20,210.10000610351562,211.1999969482422,208.85000610351562,209.3000030517578,191.7549285888672,11156900
2023-11-21,210.0,210.14999389648438,207.9499969482422,208.9499969482422,191.43423461914062,9608081
2023-11-22,208.1999969482422,212.60000610351562,208.1999969482422,211.60000610351562,193.8621063232422,13079580
2023-11-23,212.0500030517578,213.10000610351562,209.25,210.89999389648438,193.2207794189453,11382709
2023-11-24,211.3000030517578,212.10000610351562,209.5,210.4499969482422,192.80850219726562,7250200
2023-11-28,214.4499969482422,214.4499969482422,209.5,210.1999969482422,192.57945251464844,15629209
2023-11-29,210.3000030517578,211.4499969482422,209.10000610351562,211.0500030517578,193.3582000732422,10062023
2023-11-30,210.39999389648438,212.8000030517578,208.25,208.9499969482422,191.43423461914062,60354322
2023-12-01,211.5,212.4499969482422,209.4499969482422,210.1999969482422,192.57945251464844,20719909
2023-12-04,211.6999969482422,214.10000610351562,211.6999969482422,212.89999389648438,195.05311584472656,27914088
2023-12-05,213.6999969482422,223.25,211.5500030517578,222.3000030517578,203.66513061523438,40709207
2023-12-06,226.0,226.25,222.5,224.39999389648438,205.58912658691406,29544730
2023-12-07,225.0,232.39999389648438,224.25,230.0,210.7196502685547,24534268
2023-12-08,231.8000030517578,233.39999389648438,226.4499969482422,228.60000610351562,209.43702697753906,22206320
2023-12-11,228.0,232.89999389648438,226.5500030517578,230.9499969482422,211.59002685546875,19106395
2023-12-12,230.0,233.3000030517578,229.5,231.35000610351562,211.9564971923828,14355329
2023-12-13,231.0,237.5,230.60000610351562,236.9499969482422,217.0870819091797,26878281
2023-12-14,237.25,237.60000610351562,231.10000610351562,232.10000610351562,212.64366149902344,29972018
2023-12-15,235.0,238.10000610351562,227.14999389648438,237.35000610351562,217.4535675048828,41341690
2023-12-18,236.89999389648438,236.89999389648438,231.4499969482422,231.85000610351562,212.41461181640625,29051897
2023-12-19,232.14999389648438,234.39999389648438,230.85000610351562,233.5500030517578,213.9720916748047,12612164
2023-12-20,234.9499969482422,235.39999389648438,226.1999969482422,227.14999389648438,208.1085968017578,20400245
2023-12-21,224.4499969482422,233.1999969482422,222.6999969482422,232.35000610351562,212.87269592285156,17755207
2023-12-22,233.0,234.1999969482422,230.5,231.75,212.32296752929688,9735375
2023-12-26,232.0,235.8000030517578,231.0500030517578,233.35000610351562,213.78884887695312,6772092
2023-12-27,235.0,235.85000610351562,232.5,234.0500030517578,214.43016052246094,10231881
2023-12-28,235.10000610351562,239.9499969482422,234.10000610351562,239.10000610351562,219.05682373046875,39164340
2023-12-29,237.8000030517578,238.25,234.75,237.1999969482422,217.3161163330078,12665999
2024-01-01,237.89999389648438,239.5,236.39999389648438,238.25,218.278076171875,5952776
2024-01-02,240.0,240.10000610351562,236.14999389648438,237.85000610351562,217.91162109375,9128513
2024-01-03,236.0,238.6999969482422,234.60000610351562,237.0500030517578,217.17869567871094,8284439
2024-01-04,238.0,243.10000610351562,237.0500030517578,241.4499969482422,221.2098388671875,19663959
2024-01-05,242.0,245.0,239.3000030517578,241.25,221.026611328125,16345257
2024-01-08,242.39999389648438,245.25,240.39999389648438,242.35000610351562,222.03436279296875,13585746
2024-01-09,242.60000610351562,244.64999389648438,241.5,242.3000030517578,221.9886016845703,8688409
2024-01-10,241.0,242.10000610351562,238.0,239.14999389648438,219.10263061523438,16872195
2024-01-11,240.25,243.10000610351562,239.1999969482422,241.9499969482422,221.66790771484375,18812468
2024-01-12,242.5,242.64999389648438,238.8000030517578,239.5,219.42332458496094,11296498
2024-01-15,240.39999389648438,241.5,237.0,241.14999389648438,220.93499755859375,12597366
2024-01-16,241.64999389648438,242.39999389648438,237.6999969482422,239.0500030517578,219.01101684570312,7478450
2024-01-17,238.5,241.1999969482422,237.6999969482422,239.1999969482422,219.14845275878906,13620300
2024-01-18,227.25,235.6999969482422,226.0500030517578,233.4499969482422,213.88046264648438,25522629
2024-01-19,235.0,236.9499969482422,232.39999389648438,235.39999389648438,215.6669921875,20931080
2024-01-23,241.0,246.8000030517578,236.25,237.9499969482422,218.0032501220703,27492163
2024-01-24,236.14999389648438,247.0,235.0,246.1999969482422,225.56166076660156,28309825
2024-01-25,244.75,248.6999969482422,243.10000610351562,245.5,224.9203338623047,20651484
2024-01-29,245.4499969482422,255.0,245.14999389648438,253.9499969482422,232.66200256347656,26181011
2024-01-30,254.0,256.95001220703125,251.5,254.10000610351562,232.79942321777344,16031367
2024-01-31,254.0,260.0,252.39999389648438,259.29998779296875,237.56353759765625,34369455
2024-02-01,259.0,270.95001220703125,258.29998779296875,265.79998779296875,243.51864624023438,29929092
2024-02-02,264.5,281.3999938964844,263.95001220703125,277.1000061035156,253.87139892578125,33900724
2024-02-05,277.5,289.3999938964844,274.8999938964844,282.8999938964844,259.1852111816406,27440927
2024-02-06,282.8999938964844,282.8999938964844,272.29998779296875,274.25,251.26031494140625,29668277
2024-02-07,272.1000061035156,274.3999938964844,266.79998779296875,267.95001220703125,245.48843383789062,27335466
2024-02-08,270.79998779296875,288.04998779296875,270.79998779296875,276.20001220703125,253.04681396484375,69776717
2024-02-09,278.6000061035156,279.45001220703125,269.1000061035156,273.0,250.1150360107422,24496638
2024-02-12,273.20001220703125,276.0,266.25,270.29998779296875,247.6414337158203,19140023
2024-02-13,270.29998779296875,270.8500061035156,264.25,270.25,247.59559631347656,22031847
2024-02-14,269.5,275.0,267.0,273.6499938964844,250.71060180664062,13546941
2024-02-15,272.0,283.3500061035156,271.3500061035156,281.6499938964844,262.354248046875,25475670
2024-02-16,282.0,282.8999938964844,273.29998779296875,274.54998779296875,255.74066162109375,25129188
2024-02-19,275.1000061035156,278.29998779296875,273.29998779296875,276.3500061035156,257.4173583984375,11429901
2024-02-20,278.3500061035156,288.75,277.70001220703125,287.8999938964844,268.1759948730469,43053543
2024-02-21,287.54998779296875,289.45001220703125,279.25,280.1000061035156,260.9104309082031,24651085
2024-02-22,280.1000061035156,283.5,273.25,282.6000061035156,263.2391357421875,26793590
2024-02-23,282.54998779296875,285.20001220703125,279.0,281.95001220703125,262.63372802734375,14313526
2024-02-26,282.95001220703125,291.5,282.04998779296875,287.79998779296875,268.0828857421875,31012494
2024-02-27,284.1000061035156,293.3999938964844,284.1000061035156,292.5,272.4609069824219,36510093
2024-02-28,291.5,293.6499938964844,278.3999938964844,279.54998779296875,260.3980712890625,18824161
2024-02-29,279.6000061035156,285.0,274.3999938964844,282.8500061035156,263.4720458984375,35043015
2024-03-01,285.0,289.3999938964844,284.6000061035156,287.70001220703125,267.98974609375,15149735
2024-03-04,288.0,297.0,288.0,294.6499938964844,274.4635925292969,23131460
2024-03-05,292.04998779296875,295.45001220703125,289.75,295.0,274.78961181640625,13220556
2024-03-06,290.29998779296875,294.8999938964844,286.5,293.70001220703125,273.5787048339844,15969436
2024-03-07,294.0,298.8999938964844,291.0,292.6499938964844,272.6006164550781,14908694
2024-03-11,288.3999938964844,291.95001220703125,284.3999938964844,285.54998779296875,265.98699951171875,19020659
2024-03-12,284.8999938964844,288.6499938964844,282.75,285.1499938964844,265.61444091796875,17906155
2024-03-13,283.29998779296875,283.8999938964844,261.79998779296875,264.29998779296875,246.19287109375,39389523
2024-03-14,264.04998779296875,268.3999938964844,260.70001220703125,266.3500061035156,248.10243225097656,26005940
2024-03-15,268.1000061035156,272.0,257.6499938964844,265.95001220703125,247.72984313964844,43817794
2024-03-18,265.95001220703125,266.6499938964844,259.5,264.8999938964844,246.7517547607422,12423655
2024-03-19,262.1499938964844,266.5,258.29998779296875,259.0,241.25596618652344,20031514
2024-03-20,259.95001220703125,265.1499938964844,258.95001220703125,264.6499938964844,246.5188751220703,11308487
2024-03-21,267.79998779296875,274.5,267.1000061035156,273.75,254.99549865722656,23559105
2024-03-22,273.75,278.25,271.3500061035156,275.75,256.8584289550781,22097588
2024-03-26,270.1000061035156,274.1000061035156,266.1000061035156,270.04998779296875,251.5489044189453,28477120
2024-03-27,271.0,272.79998779296875,269.20001220703125,270.25,251.73524475097656,18094214
2024-03-28,272.0,279.5,271.6499938964844,276.8999938964844,257.92962646484375,26646830
2024-04-01,280.75,281.6000061035156,277.6499938964844,280.1499938964844,260.95697021484375,8945400
2024-04-02,279.25,281.70001220703125,278.5,279.54998779296875,260.3980712890625,13229425
2024-04-03,280.1499938964844,283.1000061035156,278.54998779296875,280.1000061035156,260.9104309082031,14499308
2024-04-04,282.79998779296875,286.70001220703125,275.04998779296875,277.6499938964844,258.6282653808594,23722104
2024-04-05,279.95001220703125,279.95001220703125,275.1499938964844,278.3999938964844,259.326904296875,9308711
2024-04-08,280.54998779296875,284.20001220703125,279.04998779296875,281.75,262.4474182128906,14473340
2024-04-09,282.8500061035156,284.3500061035156,281.0,281.20001220703125,261.9350891113281,5780865
2024-04-10,280.0,285.3500061035156,280.0,282.54998779296875,263.1925964355469,8809693
2024-04-12,281.5,284.45001220703125,274.6499938964844,275.25,256.3926696777344,17731780
2024-04-15,270.25,276.20001220703125,268.3999938964844,274.04998779296875,255.27491760253906,13378690
2024-04-16,273.0,275.54998779296875,271.25,274.25,255.46121215820312,9662195
2024-04-18,287.8999938964844,289.8999938964844,277.70001220703125,280.1000061035156,260.9104309082031,51039603
2024-04-19,278.1000061035156,282.25,274.70001220703125,281.6499938964844,262.354248046875,18755469
2024-04-22,284.0,284.70001220703125,281.70001220703125,283.6499938964844,264.2171936035156,14965203
2024-04-23,283.6499938964844,287.1499938964844,280.70001220703125,285.3500061035156,265.8007507324219,11464036
2024-04-24,285.0,291.8500061035156,284.3999938964844,290.3999938964844,270.50482177734375,19324163
2024-04-25,292.0,294.5,289.25,293.29998779296875,273.2060852050781,22022414
2024-04-26,294.25,296.1499938964844,291.45001220703125,292.25,272.2280578613281,15581578
2024-04-29,292.29998779296875,294.6000061035156,289.6000061035156,293.70001220703125,273.5787048339844,9804396
2024-04-30,293.70001220703125,304.3500061035156,293.04998779296875,301.8500061035156,281.17034912109375,33288857
2024-05-02,301.95001220703125,317.25,301.8500061035156,313.6000061035156,292.1153564453125,44059506
2024-05-03,312.0,316.1000061035156,308.25,310.8500061035156,289.5537414550781,27074447
2024-05-06,310.20001220703125,310.79998779296875,303.1000061035156,306.8500061035156,285.8277893066406,16855909
2024-05-07,307.0,308.29998779296875,294.5,295.25,275.0224914550781,13857464
2024-05-08,292.0,302.8500061035156,292.0,302.0,281.3100280761719,18754452
2024-05-09,302.75,304.3500061035156,295.25,296.1499938964844,275.8608093261719,11196567
2024-05-10,296.25,304.45001220703125,296.25,303.75,282.940185546875,11786977
2024-05-13,304.20001220703125,307.6499938964844,297.6000061035156,306.54998779296875,285.54833984375,11710605
2024-05-14,308.0,313.0,307.75,309.25,288.0633850097656,9957875
2024-05-15,310.0,316.29998779296875,308.8500061035156,314.8500061035156,293.2796936035156,11397656
2024-05-16,314.5,315.6000061035156,305.29998779296875,312.5,291.0906982421875,19843532
2024-05-17,314.8999938964844,316.0,310.75,313.1499938964844,291.6961975097656,9069551
2024-05-21,311.0,327.45001220703125,311.0,325.6499938964844,303.33978271484375,21976662
2024-05-22,327.75,327.75,320.20001220703125,325.75,303.4329528808594,10287081
2024-05-23,319.45001220703125,320.70001220703125,309.0,319.8999938964844,297.9837646484375,35705284
2024-05-24,318.0,322.95001220703125,317.3999938964844,318.79998779296875,296.9591064453125,15058182
2024-05-27,321.5,321.5,314.5,317.95001220703125,296.1673583984375,12857918
2024-05-28,319.0,319.5,312.0,312.79998779296875,291.37017822265625,10935739
2024-05-29,309.1000061035156,318.70001220703125,309.1000061035156,317.70001220703125,295.9344787597656,16812268
2024-05-30,314.6000061035156,317.6499938964844,303.79998779296875,306.70001220703125,285.68804931640625,22768893
2024-05-31,308.54998779296875,311.5,305.70001220703125,310.0,288.7619934082031,36929443
2024-06-03,335.0,348.70001220703125,325.6000061035156,337.6499938964844,314.5176696777344,55218939
2024-06-04,334.95001220703125,334.95001220703125,279.75,295.95001220703125,275.674560546875,73262478
2024-06-05,296.29998779296875,301.04998779296875,279.20001220703125,298.79998779296875,278.32928466796875,45312613
2024-06-06,303.3999938964844,311.45001220703125,298.1000061035156,300.45001220703125,279.86627197265625,36508044
2024-06-07,298.04998779296875,310.6499938964844,296.79998779296875,309.3500061035156,288.1565246582031,38016104
2024-06-10,313.0,323.3500061035156,311.6000061035156,315.79998779296875,294.1645812988281,25478964
2024-06-11,316.20001220703125,319.70001220703125,315.1499938964844,316.54998779296875,294.86322021484375,12238518
2024-06-12,319.8999938964844,327.1000061035156,316.8999938964844,324.6499938964844,302.4083251953125,20346144
2024-06-13,327.0,327.95001220703125,320.6499938964844,321.45001220703125,299.42755126953125,11756503
2024-06-14,326.0,326.0,319.3500061035156,321.5,299.47412109375,14159988
2024-06-18,322.0,332.5,322.0,331.79998779296875,309.0684509277344,21653702
2024-06-19,334.0,334.8500061035156,325.3999938964844,327.29998779296875,304.876708984375,14235150
2024-06-20,327.5,328.29998779296875,322.29998779296875,324.54998779296875,302.3151550292969,11749507
2024-06-21,326.70001220703125,329.6000061035156,323.0,325.95001220703125,303.6192626953125,17209541
2024-06-24,323.1000061035156,334.0,322.54998779296875,332.95001220703125,310.1396789550781,18044357
2024-06-25,335.0,335.0,325.79998779296875,327.3999938964844,304.9698791503906,13979671
2024-06-26,325.70001220703125,330.20001220703125,324.95001220703125,326.70001220703125,304.3178405761719,12946277
2024-06-27,328.54998779296875,332.5,324.3500061035156,331.54998779296875,308.8356018066406,27061015
2024-06-28,333.0,337.3500061035156,329.6000061035156,330.95001220703125,308.2767333984375,21676594
2024-07-01,331.0,331.75,325.25,329.6000061035156,307.01922607421875,11959181
2024-07-02,330.04998779296875,334.3999938964844,328.04998779296875,330.79998779296875,308.1369934082031,12684459
2024-07-03,331.1000061035156,336.8999938964844,329.1000061035156,335.1499938964844,312.18896484375,9369793
2024-07-04,337.0,338.70001220703125,333.8999938964844,335.0,312.04925537109375,12878827
2024-07-05,335.0,339.8999938964844,332.8500061035156,339.3999938964844,316.1478271484375,10894118
2024-07-08,341.0,341.0,336.8500061035156,339.3999938964844,316.1478271484375,7828162
2024-07-09,340.0,342.3500061035156,338.1000061035156,341.1499938964844,317.77789306640625,9214579
2024-07-10,343.0,347.79998779296875,335.5,346.04998779296875,322.3421936035156,10662609
2024-07-11,348.5,348.75,342.0,342.79998779296875,319.3148498535156,12642065
2024-07-12,342.79998779296875,345.8999938964844,340.1000061035156,343.1000061035156,319.59429931640625,11380570
2024-07-15,345.3999938964844,345.3999938964844,340.20001220703125,343.8500061035156,320.2928771972656,5277531
2024-07-16,342.75,347.0,341.5,342.45001220703125,318.9888610839844,11363095
2024-07-18,342.0,344.70001220703125,336.95001220703125,341.25,317.87103271484375,13908161
2024-07-19,339.54998779296875,341.8500061035156,331.0,332.20001220703125,309.4410705566406,12937990
2024-07-22,330.0,339.3999938964844,329.5,338.6000061035156,315.4026184082031,10678640
2024-07-23,339.1000061035156,340.5,321.1000061035156,334.25,311.3506164550781,15954324
2024-07-24,330.8999938964844,338.79998779296875,330.29998779296875,337.1499938964844,314.05194091796875,12573882
2024-07-25,330.45001220703125,342.6000061035156,330.45001220703125,339.45001220703125,316.1943664550781,16271884
2024-07-26,340.3500061035156,345.54998779296875,338.5,344.20001220703125,320.6189270019531,11468068
2024-07-29,339.79998779296875,345.8999938964844,337.75,342.3500061035156,318.89569091796875,31849674
2024-07-30,345.0,356.95001220703125,343.29998779296875,349.79998779296875,325.83526611328125,25813219
2024-07-31,348.25,350.6499938964844,342.6000061035156,348.20001220703125,324.34490966796875,17976593
2024-08-01,351.1499938964844,362.5,350.1499938964844,361.1000061035156,336.36114501953125,26792459
2024-08-02,358.0,361.04998779296875,354.0,358.25,333.70635986328125,13771470
2024-08-05,352.75,354.79998779296875,341.5,342.79998779296875,319.3148498535156,13566586
2024-08-06,342.79998779296875,350.79998779296875,339.25,340.75,317.4053039550781,12273667
2024-08-07,345.8500061035156,352.54998779296875,343.3999938964844,352.04998779296875,327.9311218261719,12441847
2024-08-08,355.0,355.0,341.25,342.6499938964844,319.1751403808594,15489731
2024-08-09,347.8999938964844,348.95001220703125,344.29998779296875,346.0,322.295654296875,8720610
2024-08-12,343.0,343.79998779296875,339.5,341.1499938964844,317.77789306640625,12521136
2024-08-13,337.0,342.45001220703125,335.1499938964844,336.95001220703125,313.86566162109375,10435954
2024-08-14,337.0,338.3500061035156,332.5,333.5,310.6520080566406,12385993
2024-08-16,333.0,339.54998779296875,330.6000061035156,338.6000061035156,318.0249938964844,13013828
2024-08-19,342.6499938964844,343.29998779296875,339.29998779296875,340.29998779296875,319.6216735839844,5891370
2024-08-20,340.45001220703125,342.6499938964844,338.79998779296875,340.5,319.8095397949219,6393840
2024-08-21,340.0,340.95001220703125,336.1499938964844,336.6499938964844,316.1934814453125,10118601
2024-08-22,336.0,337.70001220703125,330.5,334.0,313.7044982910156,18370039
2024-08-23,334.6499938964844,336.95001220703125,333.3500061035156,336.25,315.81781005859375,7494822
2024-08-26,336.45001220703125,341.5,335.8500061035156,338.25,317.6962585449219,7993675
2024-08-27,339.0,341.45001220703125,335.0,335.3500061035156,314.9725036621094,9589690
2024-08-28,335.3500061035156,338.8999938964844,333.75,334.45001220703125,314.127197265625,8790600
2024-08-29,332.5,335.8999938964844,328.79998779296875,333.29998779296875,313.04705810546875,17653536
2024-08-30,335.0,340.8500061035156,334.04998779296875,337.3999938964844,316.8979187011719,22713812
2024-09-02,338.3999938964844,339.8999938964844,334.20001220703125,335.54998779296875,315.16033935546875,9789776
2024-09-03,336.0,337.95001220703125,334.0,334.6499938964844,314.3150329589844,8434423
2024-09-04,331.20001220703125,334.70001220703125,331.0,332.8999938964844,312.6713562011719,9025610
2024-09-05,332.3500061035156,334.29998779296875,329.6000061035156,331.25,311.1216125488281,13912371
2024-09-06,333.04998779296875,333.1000061035156,325.0,329.79998779296875,309.7597351074219,23755639
2024-09-09,327.70001220703125,329.20001220703125,323.54998779296875,328.54998779296875,308.5856628417969,18597200
2024-09-10,327.0,335.29998779296875,327.0,334.1499938964844,313.84539794921875,15472387
2024-09-11,336.8999938964844,337.25,332.0,333.20001220703125,312.9531555175781,10134008
2024-09-12,334.8500061035156,339.0,333.25,338.20001220703125,317.6492919921875,18410837
2024-09-13,339.79998779296875,341.25,336.1000061035156,337.25,316.75701904296875,10417461
2024-09-16,337.25,341.5,337.04998779296875,338.25,317.6962585449219,7748570
2024-09-17,336.70001220703125,340.0,334.5,336.8999938964844,316.42828369140625,11451846
2024-09-18,338.5,338.8999938964844,333.1000061035156,334.29998779296875,313.9862976074219,6583254
2024-09-19,336.20001220703125,338.3500061035156,333.1000061035156,334.8999938964844,314.5498046875,10589610
2024-09-20,338.1499938964844,342.95001220703125,334.75,340.8500061035156,320.1382751464844,31236123
2024-09-23,342.0,342.5,340.25,341.1499938964844,320.4200744628906,6542941
2024-09-24,344.54998779296875,351.0,342.3500061035156,350.04998779296875,328.77923583984375,26145769
2024-09-25,353.8500061035156,366.25,352.3500061035156,363.75,341.646728515625,40770462
2024-09-26,364.04998779296875,366.1000061035156,357.20001220703125,365.45001220703125,343.24346923828125,18733959
2024-09-27,362.20001220703125,363.29998779296875,353.3500061035156,354.25,332.7240295410156,33148043
2024-09-30,354.25,357.45001220703125,349.70001220703125,352.8500061035156,331.4090881347656,16356171
2024-10-01,351.1000061035156,356.0,349.95001220703125,350.79998779296875,329.483642578125,9856291
2024-10-03,343.0,349.8999938964844,342.6000061035156,344.1499938964844,323.2377624511719,19350466
2024-10-04,343.0,347.45001220703125,337.75,338.8500061035156,318.2597961425781,20121706
2024-10-07,340.0,340.0,325.0,328.95001220703125,308.9613952636719,13851446
2024-10-08,327.29998779296875,331.0,322.3500061035156,327.1499938964844,307.2707824707031,21148292
2024-10-09,327.0,331.79998779296875,325.5,329.75,309.7127990722656,9228363
2024-10-10,330.20001220703125,338.1000061035156,330.1000061035156,334.3500061035156,314.0332336425781,20773976
2024-10-11,334.45001220703125,335.3500061035156,329.5,330.04998779296875,309.9945373535156,6098468
2024-10-14,330.04998779296875,331.5,327.79998779296875,330.70001220703125,310.60504150390625,5944216
2024-10-15,333.45001220703125,333.45001220703125,327.5,329.8500061035156,309.80670166015625,12415489
2024-10-16,331.70001220703125,332.6499938964844,324.95001220703125,327.20001220703125,307.3177185058594,22085298
2024-10-17,328.5,331.8999938964844,324.6000061035156,331.1499938964844,311.0276794433594,17039729
2024-10-18,331.5,333.8500061035156,328.25,332.04998779296875,311.8729553222656,10569021
2024-10-21,333.0,333.75,329.45001220703125,331.1499938964844,311.0276794433594,8745904
2024-10-22,332.8999938964844,335.6499938964844,321.04998779296875,322.75,303.13812255859375,11219831
2024-10-23,319.20001220703125,321.8999938964844,313.8500061035156,316.8999938964844,297.6435852050781,12541589
2024-10-24,315.25,320.79998779296875,315.25,319.1499938964844,299.75689697265625,8327779
2024-10-25,321.5,321.5,313.25,315.79998779296875,296.61041259765625,12979410
2024-10-28,314.5,320.45001220703125,310.75,318.29998779296875,298.9585266113281,9610615
2024-10-29,316.1000061035156,321.20001220703125,314.1499938964844,320.54998779296875,301.07177734375,15856332
2024-10-30,318.54998779296875,325.3999938964844,316.75,318.45001220703125,299.0994567871094,14498110
2024-10-31,320.3999938964844,322.70001220703125,317.8500061035156,320.79998779296875,301.3066101074219,9900390
2024-11-01,322.45001220703125,322.70001220703125,320.0,322.04998779296875,302.4806213378906,847672
2024-11-04,324.54998779296875,324.70001220703125,311.6000061035156,315.45001220703125,296.28173828125,9249409
2024-11-05,312.3500061035156,317.70001220703125,312.0,316.6000061035156,297.3617858886719,7518195
2024-11-06,317.3999938964844,320.3500061035156,313.8999938964844,318.5,299.1463317871094,11019250
2024-11-07,319.0,319.0,311.70001220703125,312.95001220703125,293.9336242675781,14504208
2024-11-08,311.8500061035156,317.54998779296875,308.70001220703125,316.25,297.0331115722656,15740539
2024-11-11,313.54998779296875,332.3999938964844,312.79998779296875,329.79998779296875,309.7597351074219,22838987
2024-11-12,331.5,332.5,321.79998779296875,322.70001220703125,303.0911560058594,12069181
2024-11-13,322.6499938964844,324.6000061035156,317.1499938964844,318.0,298.6767578125,12918639
2024-11-14,315.1000061035156,318.79998779296875,310.6000061035156,312.1000061035156,297.3429260253906,12500377
2024-11-18,314.0,315.54998779296875,310.1000061035156,312.04998779296875,297.2952880859375,9408101
2024-11-19,313.04998779296875,318.25,312.25,315.04998779296875,300.1534423828125,13157158
2024-11-21,316.0,326.75,313.0,325.8999938964844,310.49041748046875,25406386
2024-11-22,325.79998779296875,337.6000061035156,324.0,336.95001220703125,321.0179443359375,31523269
2024-11-25,341.8500061035156,345.3999938964844,336.1499938964844,342.75,326.543701171875,29419152
2024-11-26,342.0,344.6000061035156,337.8999938964844,338.79998779296875,322.780517578125,13997179
2024-11-27,337.25,341.29998779296875,336.5,339.25,323.209228515625,12177260
2024-11-28,339.25,341.75,332.20001220703125,333.6499938964844,317.8739929199219,16920231
2024-11-29,331.3500061035156,332.5,326.5,329.3999938964844,313.824951171875,13890537
2024-12-02,328.1499938964844,331.95001220703125,326.20001220703125,327.8500061035156,312.3482666015625,16003524
2024-12-03,324.25,331.3500061035156,324.25,329.6499938964844,314.0631408691406,23174488
2024-12-04,329.04998779296875,331.25,321.1000061035156,325.04998779296875,309.68060302734375,17880011
2024-12-05,325.0,330.45001220703125,319.54998779296875,328.3500061035156,312.8246154785156,19785053
2024-12-06,327.1000061035156,332.75,326.70001220703125,328.8999938964844,313.3486022949219,8802058
2024-12-09,327.75,330.6499938964844,326.70001220703125,329.1000061035156,313.53912353515625,9376929
2024-12-10,331.8500061035156,331.8500061035156,325.3500061035156,327.8999938964844,312.3958740234375,14994365
2024-12-11,327.25,329.0,326.8500061035156,327.54998779296875,312.06243896484375,5013051
2024-12-12,328.0,329.8999938964844,325.8500061035156,329.20001220703125,313.6344299316406,10414162
2024-12-13,330.6499938964844,334.29998779296875,325.04998779296875,333.8500061035156,318.0645446777344,14973536
2024-12-16,333.8500061035156,336.25,331.6000061035156,335.0,319.16015625,12695136
2024-12-17,332.5,335.54998779296875,328.0,329.79998779296875,314.2060241699219,17360248
2024-12-18,328.0,329.1000061035156,320.6499938964844,321.54998779296875,306.3460998535156,15037099
2024-12-19,318.0,323.8500061035156,316.8500061035156,321.6499938964844,306.44140625,10234715
2024-12-20,321.29998779296875,325.6000061035156,313.6000061035156,315.79998779296875,300.8679504394531,13973399
2024-12-23,318.0,318.29998779296875,311.54998779296875,315.29998779296875,300.3916320800781,5984169
2024-12-24,314.1000061035156,316.6499938964844,308.75,310.1000061035156,295.4375,4833589
2024-12-26,310.1000061035156,313.1000061035156,308.75,310.29998779296875,295.6280517578125,3775101
2024-12-27,310.75,312.29998779296875,308.79998779296875,309.3999938964844,294.7705993652344,3981693
2024-12-30,309.0,312.0,306.29998779296875,307.54998779296875,293.0080871582031,12489142
2024-12-31,307.3500061035156,309.75,305.1499938964844,308.70001220703125,294.10369873046875,8402716
2025-01-01,308.70001220703125,311.3500061035156,305.8999938964844,310.3999938964844,295.7233581542969,4239498
2025-01-02,309.8500061035156,317.20001220703125,308.75,315.1499938964844,300.24871826171875,10766571
2025-01-03,316.3500061035156,318.0,313.6499938964844,316.04998779296875,301.1061706542969,7636948
2025-01-06,315.79998779296875,316.5,304.79998779296875,306.0,291.5313720703125,6722495
2025-01-07,306.0,310.70001220703125,303.0,305.04998779296875,290.6262512207031,10137739
2025-01-08,306.1499938964844,307.8500061035156,303.0,306.6499938964844,292.150634765625,6907996
2025-01-09,306.6499938964844,306.8999938964844,303.6499938964844,305.25,290.8168640136719,8244909
2025-01-10,304.04998779296875,305.25,298.5,299.70001220703125,285.52923583984375,6540783
2025-01-13,295.0,298.54998779296875,286.75,287.6000061035156,274.0013732910156,19474228
2025-01-14,287.75,293.04998779296875,286.79998779296875,290.25,276.5260925292969,15954608
2025-01-15,295.0,302.5,291.1000061035156,298.6499938964844,284.5289001464844,12198882
2025-01-16,299.0,301.6000061035156,296.6000061035156,297.6499938964844,283.5762023925781,11694289
2025-01-17,297.6499938964844,305.0,295.70001220703125,302.6000061035156,288.2921447753906,7593230
2025-01-20,302.6000061035156,308.79998779296875,301.95001220703125,306.25,291.76959228515625,9435937
2025-01-21,307.0,309.95001220703125,301.5,302.3500061035156,288.053955078125,13911546
2025-01-22,302.0,302.29998779296875,295.79998779296875,297.54998779296875,283.4809265136719,9723333
2025-01-23,297.5,299.6000061035156,293.6000061035156,294.3500061035156,280.4322509765625,12228286
2025-01-24,295.29998779296875,302.5,294.3500061035156,295.8500061035156,281.861328125,11142914
2025-01-27,295.0,295.0,283.75,287.0,273.42974853515625,13477947
2025-01-28,287.1499938964844,288.79998779296875,279.3500061035156,283.95001220703125,270.5240173339844,11298068
2025-01-29,285.3500061035156,289.1499938964844,283.29998779296875,287.8500061035156,274.2395935058594,4800024
2025-01-30,287.8500061035156,297.1000061035156,287.8500061035156,295.3500061035156,281.3849792480469,10969499
2025-01-31,297.0,303.45001220703125,295.8999938964844,301.6499938964844,287.3870544433594,14141459
2025-02-01,301.6499938964844,305.3500061035156,288.6499938964844,289.8500061035156,276.14501953125,6945157
2025-02-03,290.0,292.0,278.0,283.79998779296875,270.3810119628906,14978897
2025-02-04,281.0,286.3999938964844,272.1000061035156,285.6499938964844,272.1435852050781,19836427
2025-02-05,285.6000061035156,290.75,284.54998779296875,285.20001220703125,271.71484375,15337191
2025-02-06,287.5,290.95001220703125,279.75,281.1499938964844,267.8563537597656,21418561
2025-02-07,273.1000061035156,281.8999938964844,270.0,278.1499938964844,268.0973205566406,17193482
2025-02-10,275.0,276.0,268.1000061035156,268.70001220703125,258.9888610839844,16709670
2025-02-11,268.70001220703125,268.79998779296875,260.0,261.45001220703125,252.00088500976562,22083955
2025-02-12,259.5,262.1000061035156,254.0,257.04998779296875,247.75990295410156,17861265
2025-02-13,257.25,261.3500061035156,256.1000061035156,259.1499938964844,249.7840118408203,12257226
2025-02-14,260.3999938964844,261.5,254.75,257.3500061035156,248.049072265625,11339563
2025-02-17,256.8999938964844,264.0,252.1999969482422,263.20001220703125,253.68765258789062,8332653
2025-02-18,263.8500061035156,267.8999938964844,260.20001220703125,266.95001220703125,257.3020935058594,10483635
2025-02-19,262.5,268.5,262.29998779296875,263.04998779296875,253.54302978515625,14602009
2025-02-20,262.75,266.45001220703125,261.29998779296875,265.75,256.1454772949219,15312926
2025-02-21,265.29998779296875,265.75,259.3999938964844,261.8999938964844,252.4346160888672,10757038
2025-02-24,258.0,261.79998779296875,257.25,259.1499938964844,249.7840118408203,14599185
2025-02-25,258.79998779296875,259.95001220703125,254.89999389648438,255.75,246.5068817138672,21287363
2025-02-27,254.0,257.45001220703125,253.4499969482422,256.25,246.9888153076172,13614799
2025-02-28,255.89999389648438,257.0,247.3000030517578,250.85000610351562,241.7839813232422,38512868
2025-03-03,253.0,253.8000030517578,248.5,252.5,243.3743438720703,9873539
2025-03-04,250.0,257.1499938964844,249.4499969482422,254.0,244.8201446533203,11947033
2025-03-05,256.95001220703125,267.20001220703125,255.75,264.3999938964844,254.84426879882812,14536637
2025-03-06,265.1499938964844,267.29998779296875,260.70001220703125,266.6499938964844,257.0129089355469,11926868
2025-03-07,266.0,268.6499938964844,261.6000061035156,263.29998779296875,253.78402709960938,10043068
2025-03-10,261.04998779296875,274.25,261.04998779296875,271.29998779296875,261.494873046875,30233763
2025-03-11,270.0,271.8500061035156,265.8500061035156,267.29998779296875,257.63946533203125,9255499
2025-03-12,270.70001220703125,272.3999938964844,263.6000061035156,267.1000061035156,257.4466857910156,11875548
2025-03-13,269.79998779296875,270.6499938964844,265.5,267.6499938964844,257.976806640625,9270442
2025-03-17,270.0,270.6499938964844,264.95001220703125,267.3500061035156,257.68768310546875,11987667
2025-03-18,267.3500061035156,267.3500061035156,267.3500061035156,267.3500061035156,257.68768310546875,0
2025-03-19,272.0,278.29998779296875,269.79998779296875,277.20001220703125,267.1816711425781,13089950
2025-03-20,283.5,283.54998779296875,277.04998779296875,280.3500061035156,270.2178039550781,13710249
2025-03-21,281.0,285.1499938964844,280.04998779296875,283.1000061035156,272.8684387207031,26003527
2025-03-24,285.0,293.95001220703125,284.45001220703125,291.8500061035156,281.30218505859375,19966817
2025-03-25,291.0,295.25,287.6499938964844,291.0,280.48291015625,16983852
2025-03-26,291.70001220703125,296.75,289.54998779296875,290.8500061035156,280.3383483886719,20367015
2025-03-27,289.0,297.25,289.0,295.5,284.8202819824219,37203166
2025-03-28,293.8999938964844,294.25,288.29998779296875,290.3500061035156,279.8564147949219,10834900
2025-04-01,289.6000061035156,296.95001220703125,287.0,289.29998779296875,278.8443298339844,11603556
2025-04-02,286.8500061035156,289.75,284.5,286.75,276.3865051269531,11679536
2025-04-03,289.3500061035156,299.95001220703125,285.1000061035156,299.1000061035156,288.2901916503906,23478876
2025-04-04,300.0,300.8999938964844,292.1000061035156,293.8999938964844,283.278076171875,21020875
2025-04-07,283.6000061035156,293.8999938964844,282.29998779296875,289.3999938964844,278.94073486328125,22847548
2025-04-08,291.95001220703125,294.0,284.6499938964844,288.95001220703125,278.5069885253906,20831596
2025-04-09,289.95001220703125,299.5,289.29998779296875,293.3999938964844,282.796142578125,21342531
2025-04-11,293.25,305.0,293.25,304.1000061035156,293.10943603515625,19831004
2025-04-15,307.20001220703125,310.45001220703125,303.70001220703125,304.54998779296875,293.5431823730469,16563441
2025-04-16,304.45001220703125,307.0,302.79998779296875,305.75,294.6998596191406,7032401
2025-04-17,305.45001220703125,309.79998779296875,302.0,309.0,297.8323669433594,8528993
2025-04-21,310.0,322.0,308.45001220703125,320.0,308.4347839355469,13369014
2025-04-22,319.75,319.75,312.1000061035156,312.54998779296875,301.2540283203125,10027268
2025-04-23,314.1499938964844,316.1000061035156,309.45001220703125,314.95001220703125,303.56732177734375,8225575
2025-04-24,314.8999938964844,315.8500061035156,312.8500061035156,314.3999938964844,303.0372009277344,8021180
2025-04-25,313.0,315.3999938964844,303.3999938964844,306.5,295.4227294921875,11475773
2025-04-28,304.20001220703125,310.95001220703125,303.54998779296875,308.54998779296875,297.39862060546875,7314824
2025-04-29,308.54998779296875,310.79998779296875,301.20001220703125,302.95001220703125,292.00103759765625,14678005
2025-04-30,304.45001220703125,310.0,301.8999938964844,307.45001220703125,296.3384094238281,17619987
2025-05-02,305.5,309.0,302.29998779296875,303.04998779296875,292.0973815917969,5688285
2025-05-05,304.79998779296875,310.70001220703125,304.6499938964844,308.20001220703125,297.0612487792969,4342960
2025-05-06,307.6000061035156,310.45001220703125,305.54998779296875,307.6000061035156,296.48297119140625,9124804
2025-05-07,308.0,313.1499938964844,307.0,311.1000061035156,299.8564758300781,14679327
2025-05-08,313.3999938964844,317.3999938964844,304.0,308.25,297.10943603515625,19253478
2025-05-09,300.0,303.04998779296875,296.3999938964844,299.29998779296875,288.48291015625,11981497
2025-05-12,304.04998779296875,311.1000061035156,304.04998779296875,309.04998779296875,297.88055419921875,7145884
2025-05-13,305.0,308.75,298.0,298.45001220703125,287.6636657714844,17988336
2025-05-14,299.20001220703125,300.54998779296875,294.04998779296875,295.95001220703125,285.2539978027344,10359258
2025-05-15,295.8999938964844,300.3999938964844,291.04998779296875,299.6499938964844,288.8203125,22640626
2025-05-16,300.0,302.20001220703125,295.5,300.20001220703125,289.35040283203125,16763668
2025-05-19,302.0,304.5,299.0,304.04998779296875,293.0612487792969,12575289
2025-05-20,304.3999938964844,305.29998779296875,297.1000061035156,297.8999938964844,287.1335144042969,21339095
2025-05-21,297.75,302.25,295.6499938964844,296.1499938964844,285.44677734375,11997632
2025-05-22,295.8999938964844,296.3500061035156,286.54998779296875,290.8999938964844,280.38653564453125,26158839
2025-05-23,292.0,298.75,291.75,298.1000061035156,287.3263244628906,9872024
2025-05-26,300.04998779296875,303.79998779296875,295.75,296.70001220703125,285.9769287109375,16469130
2025-05-27,297.0,297.6000061035156,292.20001220703125,294.54998779296875,283.9045715332031,17074710
2025-05-28,294.54998779296875,295.6499938964844,290.5,291.1499938964844,280.62750244140625,10099453
2025-05-29,291.3500061035156,293.8999938964844,291.3500061035156,293.1000061035156,282.5069885253906,9773818
2025-05-30,292.0,294.6499938964844,288.25,289.75,279.2781066894531,21788566
2025-06-02,290.29998779296875,293.6499938964844,288.3999938964844,293.04998779296875,282.45880126953125,7255782
2025-06-03,292.5,295.3999938964844,287.75,288.25,277.8323059082031,10989055
2025-06-04,288.25,289.79998779296875,287.04998779296875,288.54998779296875,278.1214599609375,8580196
2025-06-05,291.0,295.25,290.1000061035156,294.25,283.6154479980469,13110486
2025-06-06,293.54998779296875,297.0,292.95001220703125,295.79998779296875,285.10943603515625,7935393
2025-06-09,298.0,301.1499938964844,296.1499938964844,300.5,289.63958740234375,8666186
2025-06-10,300.54998779296875,301.79998779296875,298.25,301.04998779296875,290.169677734375,7273892
2025-06-11,301.1000061035156,301.3999938964844,294.0,295.45001220703125,284.7720642089844,10941604
2025-06-12,295.1499938964844,295.79998779296875,288.5,289.0,278.55517578125,14071159
2025-06-13,282.54998779296875,286.45001220703125,281.79998779296875,285.5,275.18170166015625,16028417
2025-06-16,287.95001220703125,290.5,286.29998779296875,288.6499938964844,278.21783447265625,11067299
2025-06-17,288.6499938964844,290.45001220703125,287.20001220703125,288.54998779296875,278.1214599609375,7286868
2025-06-18,287.5,288.29998779296875,285.5,287.29998779296875,276.9166259765625,11904855
2025-06-19,286.79998779296875,287.6499938964844,285.29998779296875,286.45001220703125,276.09735107421875,13573824
2025-06-20,285.54998779296875,294.5,285.04998779296875,293.1000061035156,282.5069885253906,33014151
2025-06-23,291.3999938964844,293.45001220703125,288.1000061035156,290.25,279.760009765625,6833477
2025-06-24,293.45001220703125,294.70001220703125,285.3500061035156,285.95001220703125,275.6154479980469,15007849
2025-06-25,286.5,291.1000061035156,286.5,290.45001220703125,279.9527893066406,10838516
2025-06-26,290.79998779296875,294.25,289.75,293.5,282.892578125,10232220
2025-06-27,295.0,300.70001220703125,294.1499938964844,299.25,288.4347229003906,15523628
2025-06-30,300.3999938964844,301.0,296.25,299.8999938964844,289.0612487792969,8415241
2025-07-01,301.0,301.5,297.0,297.54998779296875,286.79620361328125,12349270
2025-07-02,297.54998779296875,298.75,293.3999938964844,294.8500061035156,284.1937561035156,10826029
2025-07-03,298.3999938964844,298.95001220703125,293.1000061035156,293.70001220703125,283.0853271484375,10373094
2025-07-04,293.70001220703125,295.1499938964844,291.6499938964844,294.0,283.3744812011719,14193884
2025-07-07,294.70001220703125,296.6499938964844,293.5,295.8999938964844,285.205810546875,6220756
2025-07-08,294.1499938964844,298.3999938964844,293.04998779296875,297.75,286.98895263671875,6254288
2025-07-09,298.25,300.0,296.3999938964844,299.6499938964844,288.8203125,5650646
2025-07-10,300.0,302.70001220703125,298.0,299.25,288.4347229003906,9307817
2025-07-11,299.25,300.8999938964844,296.95001220703125,298.54998779296875,287.7600402832031,7073217
2025-07-14,299.5,300.45001220703125,297.45001220703125,298.20001220703125,287.4226989746094,5484223
2025-07-15,298.1000061035156,300.0,296.8500061035156,298.04998779296875,287.2781066894531,6173407
2025-07-16,298.95001220703125,298.95001220703125,295.70001220703125,297.04998779296875,286.3142395019531,8144630
2025-07-17,297.54998779296875,298.20001220703125,295.79998779296875,296.6000061035156,285.8805236816406,8318287
2025-07-18,296.5,301.5,293.5,294.1499938964844,283.51904296875,8702106
2025-07-21,294.0,297.25,292.25,297.0,286.2660827636719,5298012
2025-07-22,297.1000061035156,298.8500061035156,294.54998779296875,297.79998779296875,287.03717041015625,7775653
2025-07-23,298.8500061035156,299.6499938964844,297.1000061035156,299.25,288.4347229003906,5310964
2025-07-24,299.8500061035156,301.3500061035156,296.5,299.3500061035156,288.5311584472656,6294709
2025-07-25,297.1499938964844,297.75,290.8999938964844,292.1000061035156,281.54315185546875,8202572
2025-07-28,292.0,295.25,290.75,291.8999938964844,281.3503723144531,7037396
2025-07-29,290.5,293.8999938964844,289.79998779296875,293.1000061035156,282.5069885253906,6586034
2025-07-30,293.0,296.5,286.6000061035156,288.95001220703125,278.5069885253906,10515572
2025-07-31,284.95001220703125,294.29998779296875,284.95001220703125,291.0,280.48291015625,14283621
2025-08-01,291.6499938964844,292.79998779296875,286.29998779296875,291.25,280.7238464355469,6697683
2025-08-04,291.20001220703125,291.54998779296875,285.70001220703125,287.95001220703125,277.54315185546875,10397121
2025-08-05,287.1000061035156,288.6499938964844,285.1000061035156,286.0,275.6636047363281,15561914
2025-08-06,287.6000061035156,288.3999938964844,284.04998779296875,284.79998779296875,274.5069885253906,12985269
2025-08-07,284.5,286.29998779296875,283.3999938964844,285.54998779296875,275.2298583984375,8893659
2025-08-08,284.79998779296875,286.25,283.6000061035156,284.8500061035156,274.55517578125,6172968
2025-08-11,284.8500061035156,286.3999938964844,283.29998779296875,284.8500061035156,274.55517578125,8755499
2025-08-12,284.3999938964844,287.54998779296875,284.0,284.6499938964844,274.36236572265625,13184438
2025-08-13,287.0,289.3999938964844,286.04998779296875,288.20001220703125,277.7840881347656,9928283
2025-08-14,289.04998779296875,290.1499938964844,287.1499938964844,288.70001220703125,278.26605224609375,8464495
2025-08-18,289.5,291.29998779296875,288.5,290.3500061035156,279.8564147949219,9836105
2025-08-19,290.0,290.1000061035156,286.54998779296875,288.0,278.7915344238281,7196772
2025-08-20,288.20001220703125,289.0,286.95001220703125,288.3999938964844,279.17877197265625,3106073
2025-08-21,288.3999938964844,289.54998779296875,283.6000061035156,284.0,274.9194641113281,7389271
2025-08-22,284.0,284.54998779296875,281.79998779296875,283.3500061035156,274.2902526855469,6824793
2025-08-25,283.3500061035156,284.6000061035156,282.20001220703125,284.1499938964844,275.06463623046875,7426789
2025-08-26,283.0,283.79998779296875,278.8999938964844,279.8999938964844,270.9505310058594,22905910
2025-08-28,282.0,282.0,273.6000061035156,274.45001220703125,265.6748352050781,12455072
2025-08-29,273.6000061035156,276.1000061035156,272.25,275.25,266.44921875,12841075
2025-09-01,276.0,280.6000061035156,276.0,279.8500061035156,270.9021911621094,10820878
2025-09-02,280.20001220703125,287.8999938964844,279.8500061035156,286.70001220703125,277.53314208984375,16983677
2025-09-03,289.0,289.20001220703125,285.6000061035156,286.04998779296875,276.9039001464844,30178885
2025-09-04,286.8500061035156,287.95001220703125,280.8999938964844,281.79998779296875,272.7897644042969,5946090
2025-09-05,282.3500061035156,286.6499938964844,282.3500061035156,285.3500061035156,276.226318359375,9695914
2025-09-08,286.3999938964844,287.70001220703125,282.1000061035156,282.79998779296875,273.7578125,5186605
2025-09-09,283.04998779296875,284.3500061035156,281.70001220703125,283.8500061035156,274.7742614746094,7093190
2025-09-10,284.70001220703125,286.45001220703125,282.5,282.95001220703125,273.9030456542969,7767863
2025-09-11,282.54998779296875,288.70001220703125,282.54998779296875,286.79998779296875,277.62994384765625,7406625
2025-09-12,287.25,288.6000061035156,285.1000061035156,287.6499938964844,278.4527587890625,7618852
2025-09-15,288.29998779296875,288.79998779296875,285.75,286.25,277.0975341796875,5420800
2025-09-16,286.54998779296875,289.70001220703125,286.3500061035156,288.3500061035156,279.1304016113281,8626429
2025-09-17,289.0,289.20001220703125,285.95001220703125,287.1499938964844,277.9687194824219,19010126
2025-09-18,287.0,289.8500061035156,286.1000061035156,289.1000061035156,279.8564147949219,16842964
2025-09-19,290.0,290.20001220703125,284.8999938964844,286.20001220703125,277.0491027832031,14993879
2025-09-22,287.0,289.0,285.8999938964844,286.6499938964844,277.4847106933594,9456933
2025-09-23,288.6499938964844,289.0,285.3999938964844,288.6000061035156,279.3724060058594,13619147
2025-09-24,287.8999938964844,294.54998779296875,286.95001220703125,293.29998779296875,283.9220886230469,14032389
2025-09-25,294.0,294.8500061035156,283.6000061035156,284.3999938964844,275.3066711425781,16242837
2025-09-26,283.5,284.1499938964844,280.1000061035156,282.25,273.22540283203125,8959035
2025-09-29,283.8999938964844,286.1000061035156,279.95001220703125,280.6000061035156,271.6282043457031,14600560
2025-09-30,282.0,286.0,279.0,280.25,271.28936767578125,18772881
2025-10-01,281.0,282.8500061035156,279.8999938964844,280.6499938964844,271.67657470703125,11812449
2025-10-03,283.3500061035156,290.0,281.04998779296875,289.70001220703125,280.4372253417969,19597461
2025-10-06,288.3500061035156,288.6499938964844,284.54998779296875,286.8999938964844,277.72674560546875,11702722
2025-10-07,288.95001220703125,292.3500061035156,287.1000061035156,289.0,279.75958251953125,11371062
2025-10-08,290.3500061035156,290.3500061035156,284.6499938964844,285.29998779296875,276.1778869628906,9989251
2025-10-09,285.0,286.95001220703125,282.25,286.1499938964844,277.0007019042969,10714949
2025-10-10,285.25,291.25,285.25,289.1499938964844,279.90478515625,10773268
2025-10-13,287.75,288.20001220703125,284.8999938964844,286.1499938964844,277.0007019042969,8950161
2025-10-14,286.5,287.8999938964844,285.3999938964844,287.5,278.3075256347656,7667654
2025-10-15,287.1499938964844,293.25,287.04998779296875,290.95001220703125,281.6472473144531,8125514
2025-10-16,292.3999938964844,293.25,290.6000061035156,291.8500061035156,282.5184631347656,7824732
2025-10-17,291.0,291.5,288.0,289.75,280.4856262207031,14275188
2025-10-20,290.1499938964844,292.1000061035156,287.1000061035156,288.20001220703125,278.98516845703125,13536721
2025-10-21,288.29998779296875,289.6000061035156,288.20001220703125,288.6000061035156,279.3724060058594,398291
2025-10-23,288.95001220703125,291.1499938964844,288.0,289.6499938964844,280.3888244628906,21031287
2025-10-24,289.6499938964844,290.75,286.54998779296875,288.5,279.27557373046875,16350189
2025-10-27,289.0,292.79998779296875,288.20001220703125,291.04998779296875,281.7440185546875,13396182
2025-10-28,290.54998779296875,292.6000061035156,286.79998779296875,288.25,279.0335693359375,13543174
2025-10-29,289.0,296.6499938964844,288.75,295.3500061035156,285.9065856933594,14608714
2025-10-30,296.29998779296875,296.45001220703125,290.95001220703125,291.5,282.1796569824219,10329750
2025-10-31,292.0,292.0,287.0,288.1499938964844,278.936767578125,10088802
2025-11-03,289.0,290.1499938964844,287.1499938964844,288.0,278.7915344238281,8578207
2025-11-04,284.5,284.95001220703125,278.1000061035156,279.04998779296875,270.1277160644531,26098629
2025-11-06,278.0,278.5,269.8500061035156,270.20001220703125,261.5606994628906,21919591
2025-11-07,270.20001220703125,272.79998779296875,268.75,272.0,263.3031311035156,11379131
2025-11-10,268.6000061035156,270.54998779296875,266.54998779296875,268.20001220703125,263.9921875,10717941
2025-11-11,268.25,269.1499938964844,264.6499938964844,267.6499938964844,263.4508056640625,11154806
2025-11-12,269.0,270.25,266.5,267.1000061035156,262.909423828125,16444701
2025-11-13,267.1000061035156,270.45001220703125,265.6499938964844,269.8500061035156,265.61627197265625,12573141
2025-11-14,270.3500061035156,272.29998779296875,269.5,271.29998779296875,267.04351806640625,10308317
2025-11-17,272.1000061035156,273.95001220703125,270.0,273.54998779296875,269.2582092285156,9884392
2025-11-18,274.0,276.79998779296875,272.29998779296875,274.20001220703125,269.8980407714844,16434280
2025-11-19,275.95001220703125,276.0,272.5,275.1499938964844,270.8330993652344,15765235
2025-11-20,275.25,279.04998779296875,274.5,277.20001220703125,272.8509826660156,15337345
2025-11-21,277.20001220703125,279.0,275.3999938964844,277.6000061035156,273.24468994140625,12941485
2025-11-24,278.0,279.04998779296875,272.5,275.79998779296875,271.4729309082031,49791096
2025-11-25,275.0,276.8999938964844,272.6499938964844,273.45001220703125,269.1598205566406,12114606
2025-11-26,274.0,276.95001220703125,273.5,275.04998779296875,270.73468017578125,8352869
2025-11-27,277.0,277.0,273.29998779296875,273.70001220703125,269.4058837890625,9865039
2025-11-28,273.79998779296875,274.3500061035156,269.45001220703125,269.95001220703125,265.7147216796875,12580231
2025-12-01,272.45001220703125,272.45001220703125,268.75,269.6499938964844,265.4194030761719,10428760
2025-12-02,269.0,270.6499938964844,266.8999938964844,267.45001220703125,263.2539367675781,11029817
2025-12-03,267.45001220703125,269.0,264.5,268.45001220703125,264.2382507324219,9063557
2025-12-04,266.54998779296875,270.20001220703125,265.6000061035156,269.1000061035156,264.8780517578125,5103204
2025-12-05,268.20001220703125,271.5,267.79998779296875,269.79998779296875,265.5670471191406,5535798
2025-12-08,268.79998779296875,269.3999938964844,264.75,265.20001220703125,261.03924560546875,10203843
2025-12-09,264.1000061035156,265.75,262.8999938964844,264.54998779296875,260.3994140625,10686557
2025-12-10,264.8999938964844,267.25,264.29998779296875,265.5,261.3345031738281,7157092
2025-12-11,264.25,266.3500061035156,262.5,264.79998779296875,260.6455078125,8336183
2025-12-12,265.0,266.75,263.29998779296875,263.6000061035156,259.4643249511719,5522827
2025-12-15,263.6000061035156,263.8500061035156,260.5,262.20001220703125,258.0863037109375,6400400
2025-12-16,262.1499938964844,263.3500061035156,259.70001220703125,260.3500061035156,256.26531982421875,9241981
2025-12-17,260.3500061035156,262.75,259.29998779296875,261.1000061035156,257.0035400390625,10944698
2025-12-18,260.75,261.70001220703125,255.8000030517578,257.95001220703125,253.90298461914062,10930748
2025-12-19,258.04998779296875,263.95001220703125,257.95001220703125,263.45001220703125,259.3166809082031,16657897
2025-12-22,259.1000061035156,265.6000061035156,259.04998779296875,265.0,260.84234619140625,10054250
2025-12-23,265.0,269.29998779296875,264.3999938964844,267.0,262.81097412109375,10526826
2025-12-24,267.79998779296875,270.04998779296875,266.29998779296875,268.04998779296875,263.8445129394531,6131188
2025-12-26,268.0,269.29998779296875,264.8500061035156,265.45001220703125,261.2853088378906,6029003
2025-12-29,265.95001220703125,266.45001220703125,260.0,260.6000061035156,256.5113830566406,7270521
2025-12-30,260.0,261.45001220703125,258.95001220703125,260.3500061035156,256.26531982421875,10929200
2025-12-31,261.3999938964844,265.20001220703125,260.54998779296875,264.6000061035156,260.4486389160156,5145868
2026-01-01,264.1000061035156,267.54998779296875,264.1000061035156,266.79998779296875,262.6141052246094,4298196
2026-01-02,267.5,272.1000061035156,266.25,270.95001220703125,266.69903564453125,13348375
2026-01-05,271.25,272.79998779296875,268.70001220703125,271.6499938964844,267.38800048828125,11526602
2026-01-06,266.0,273.29998779296875,266.0,268.54998779296875,264.336669921875,11777253
2026-01-07,268.5,268.95001220703125,263.45001220703125,264.1000061035156,259.95648193359375,14877056
2026-01-08,264.0,265.29998779296875,257.95001220703125,259.29998779296875,255.23178100585938,11762204
2026-01-09,260.29998779296875,263.79998779296875,256.25,258.0,253.95217895507812,14100782
2026-01-12,258.0,259.5,254.3000030517578,258.54998779296875,254.49354553222656,9698555
2026-01-13,259.04998779296875,259.95001220703125,256.1000061035156,258.79998779296875,254.7396240234375,9734559
2026-01-14,257.1000061035156,259.70001220703125,256.75,258.3500061035156,254.29669189453125,15435341
2026-01-15,258.3500061035156,258.3500061035156,258.3500061035156,258.3500061035156,254.29669189453125,0
2026-01-16,258.29998779296875,261.54998779296875,256.20001220703125,257.29998779296875,253.26316833496094,9648251
2026-01-19,256.8999938964844,258.79998779296875,256.6499938964844,257.6499938964844,253.60768127441406,10588722
2026-01-20,257.6499938964844,257.8500061035156,253.39999389648438,254.0500030517578,250.0641632080078,12452441
2026-01-21,252.0500030517578,258.8500061035156,252.0500030517578,255.8000030517578,251.78671264648438,14263346
2026-01-22,256.6000061035156,259.8500061035156,255.4499969482422,259.25,255.18255615234375,15520530
2026-01-23,259.25,259.95001220703125,252.60000610351562,254.14999389648438,250.16258239746094,18022018
2026-01-27,256.5,258.3500061035156,252.0500030517578,254.35000610351562,250.35946655273438,17375059
2026-01-28,254.0,260.75,254.0,259.79998779296875,255.72393798828125,16046343
2026-01-29,262.6000061035156,263.04998779296875,258.75,260.5,256.4129638671875,26914029
2026-01-30,261.29998779296875,262.3999938964844,254.0500030517578,256.5,252.47572326660156,23292764
2026-02-02,251.25,271.20001220703125,250.0,270.3999938964844,266.15765380859375,37109237
2026-02-03,276.04998779296875,284.5,273.25,283.20001220703125,278.7568359375,52651170
2026-02-04,288.79998779296875,292.0,282.8999938964844,289.3999938964844,284.8595275878906,27775044
2026-02-05,291.0,291.0,286.1499938964844,289.3500061035156,284.8103332519531,9870342
2026-02-06,292.20001220703125,293.5,289.3999938964844,292.75,288.156982421875,19951107
2026-02-09,292.5,292.54998779296875,288.0,289.75,288.40582275390625,13114576
2026-02-10,290.0,295.29998779296875,286.5,294.3500061035156,292.9844970703125,21823214
2026-02-11,297.6499938964844,297.6499938964844,292.20001220703125,294.45001220703125,293.08404541015625,10508852
2026-02-12,294.45001220703125,296.0,291.75,293.8999938964844,292.53656005859375,10482579
2026-02-13,292.0,294.29998779296875,286.8500061035156,287.20001220703125,285.86767578125,10914157
2026-02-16,288.0,300.95001220703125,287.25,300.5,299.10595703125,22196951
2026-02-17,299.29998779296875,301.6000061035156,297.0,300.75,299.35479736328125,11190989
2026-02-18,299.45001220703125,302.25,298.45001220703125,300.54998779296875,299.15570068359375,9147320
2026-02-19,300.1000061035156,301.6000061035156,293.1000061035156,294.6499938964844,293.2830810546875,7552362
2026-02-20,295.54998779296875,302.04998779296875,294.25,298.95001220703125,297.56317138671875,11762183
2026-02-23,302.0,304.29998779296875,299.0,303.3500061035156,301.9427490234375,11774742
2026-02-24,304.0,306.20001220703125,300.79998779296875,304.79998779296875,303.385986328125,15863867
2026-02-25,307.0,311.70001220703125,305.1499938964844,307.25,305.82464599609375,14240500
2026-02-26,307.1000061035156,307.70001220703125,301.3999938964844,303.25,301.84320068359375,14249515
2026-02-27,305.79998779296875,305.79998779296875,297.8999938964844,298.6499938964844,297.2645263671875,21400679
2026-03-02,290.0,298.6000061035156,289.5,296.79998779296875,295.423095703125,15690227
2026-03-04,296.0,296.0,288.8999938964844,291.95001220703125,290.59564208984375,28191826
2026-03-05,292.0,300.1000061035156,291.8999938964844,299.45001220703125,298.06085205078125,19467441
2026-03-06,299.95001220703125,302.75,297.0,299.1499938964844,297.76220703125,15887540
2026-03-09,285.5,296.25,285.5,295.20001220703125,293.83056640625,21591866
2026-03-10,298.1499938964844,300.04998779296875,293.75,298.6499938964844,297.2645263671875,14627316
2026-03-11,298.6499938964844,302.8999938964844,298.04998779296875,298.79998779296875,297.413818359375,12618289
2026-03-12,295.79998779296875,304.8999938964844,295.1000061035156,303.6000061035156,302.19158935546875,15284297
2026-03-13,308.6499938964844,309.5,298.70001220703125,300.95001220703125,299.5538635253906,23615092
2026-03-16,300.95001220703125,303.0,291.3999938964844,297.75,296.36871337890625,25911819
2026-03-17,302.0,302.0,292.1499938964844,298.5,297.115234375,12300000
2026-03-18,299.54998779296875,304.20001220703125,297.54998779296875,299.3999938964844,298.01104736328125,8691698
2026-03-19,297.6499938964844,300.5,295.95001220703125,296.70001220703125,295.3236083984375,8594078
2026-03-20,300.1000061035156,305.0,296.6000061035156,297.6000061035156,296.21942138671875,28392470
2026-03-23,298.0,304.3500061035156,293.1000061035156,302.1000061035156,300.69854736328125,23771660
2026-03-24,309.0,309.0,292.3999938964844,299.0,297.6129150390625,24123621
2026-03-25,299.8999938964844,302.25,294.20001220703125,295.0,293.6314697265625,16423641
2026-03-27,294.45001220703125,297.29998779296875,290.29998779296875,295.5,294.129150390625,27444747
2026-03-30,292.04998779296875,297.8999938964844,292.0,296.1000061035156,294.72637939453125,23105779
2026-04-01,305.0,305.8999938964844,290.20001220703125,292.79998779296875,291.441650390625,18635698
2026-04-02,290.20001220703125,292.0,283.5,289.95001220703125,288.60491943359375,17222200
2026-04-06,294.8999938964844,295.6000061035156,287.29998779296875,295.1499938964844,293.78076171875,9291741
2026-04-07,292.5,296.25,291.0,295.3999938964844,294.02960205078125,9318575
2026-04-08,301.0,301.75,293.6000061035156,294.8500061035156,293.482177734375,10887876
2026-04-09,295.45001220703125,300.70001220703125,293.8500061035156,298.1000061035156,296.71710205078125,17644642
2026-04-10,301.1000061035156,303.5,299.75,302.75,301.34552001953125,13245074
2026-04-13,299.95001220703125,302.3500061035156,297.6499938964844,300.3500061035156,298.9566650390625,15681799
2026-04-15,303.3999938964844,313.3999938964844,301.25,312.45001220703125,311.0005187988281,21897202
2026-04-16,315.0,317.0,310.5,312.25,310.80145263671875,21510277
2026-04-17,313.29998779296875,318.95001220703125,311.3999938964844,318.1000061035156,316.6242980957031,13609827
2026-04-20,319.0,323.04998779296875,315.54998779296875,319.70001220703125,318.2168884277344,10955277
2026-04-21,318.95001220703125,322.0,318.0,319.3500061035156,317.8684997558594,8342335
2026-04-22,319.75,322.0,316.0,319.75,318.26666259765625,7112538
2026-04-23,320.0,321.8500061035156,318.04998779296875,319.1499938964844,317.66943359375,7294961
2026-04-24,316.0,317.8999938964844,314.5,316.3999938964844,314.93218994140625,9980241
2026-04-27,318.0,324.95001220703125,316.95001220703125,320.8999938964844,319.41131591796875,9334181
2026-04-28,322.79998779296875,322.79998779296875,317.6499938964844,319.0,317.5201416015625,9083528
2026-04-29,320.1000061035156,323.79998779296875,318.25,320.3500061035156,318.8638610839844,10372929
2026-04-30,319.6000061035156,321.25,315.95001220703125,318.3500061035156,316.8731384277344,9521058
2026-05-01,318.3500061035156,318.3500061035156,318.3500061035156,318.3500061035156,316.8731384277344,0
2026-05-04,314.0,323.8999938964844,314.0,319.04998779296875,317.56988525390625,7370269
2026-05-05,318.8999938964844,321.29998779296875,315.0,319.45001220703125,317.9680480957031,8569582
2026-05-06,320.04998779296875,321.5,314.6000061035156,315.95001220703125,314.4842834472656,4884118
2026-05-07,315.75,316.75,312.5,313.79998779296875,312.34423828125,9126203
2026-05-08,315.20001220703125,315.20001220703125,310.6000061035156,313.95001220703125,312.4935607910156,7929393
2026-05-11,313.95001220703125,314.04998779296875,309.95001220703125,310.8999938964844,309.45770263671875,8204425
2026-05-12,309.45001220703125,310.75,305.5,306.29998779296875,304.8790283203125,7952584
2026-05-13,304.25,305.3999938964844,295.6499938964844,301.5,300.101318359375,23775882
2026-05-14,306.0,307.54998779296875,300.6000061035156,301.75,300.35015869140625,14012601
2026-05-15,307.79998779296875,308.1499938964844,302.8999938964844,305.8500061035156,304.43115234375,10092811
2026-05-18,296.29998779296875,298.45001220703125,290.20001220703125,296.54998779296875,295.17425537109375,16036198
2026-05-19,296.6000061035156,300.0,294.54998779296875,298.6000061035156,297.21478271484375,12580156
2026-05-20,297.5,300.79998779296875,294.54998779296875,299.8999938964844,298.50872802734375,5672695
2026-05-21,302.3999938964844,304.5,298.70001220703125,299.54998779296875,298.16033935546875,10353164
2026-05-22,298.70001220703125,300.54998779296875,293.54998779296875,294.29998779296875,292.9346923828125,15105294
2026-05-25,298.5,298.5,294.1499938964844,295.3500061035156,293.9798583984375,5896815
2026-05-26,295.0,295.95001220703125,292.04998779296875,292.54998779296875,291.19281005859375,5625947
2026-05-27,292.0,301.25,292.0,300.1499938964844,298.757568359375,9883025
2026-05-28,300.1499938964844,300.1499938964844,300.1499938964844,300.1499938964844,298.757568359375,0
2026-05-29,303.0,303.0,285.45001220703125,290.54998779296875,289.20208740234375,77407363
2026-06-01,291.0,292.3500061035156,284.70001220703125,286.1499938964844,284.822509765625,17628347
2026-06-02,281.75,285.25,278.3999938964844,282.1499938964844,280.841064453125,15198142
2026-06-03,282.0,286.0,280.3500061035156,285.04998779296875,283.7276306152344,13002063
2026-06-04,280.0,286.04998779296875,280.0,284.6000061035156,283.27972412109375,16292818
2026-06-05,284.0,286.54998779296875,283.0,285.6499938964844,284.3248291015625,6955072
2026-06-08,283.0,292.1000061035156,282.6000061035156,290.29998779296875,288.9532470703125,8748933
2026-06-09,292.8999938964844,293.04998779296875,284.75,285.70001220703125,284.3746337890625,7973130
2026-06-10,285.0,289.5,284.04998779296875,287.20001220703125,285.86767578125,8330040
2026-06-11,289.25,290.45001220703125,286.0,286.6499938964844,285.3201904296875,12064071
2026-06-12,288.8999938964844,288.8999938964844,282.70001220703125,284.79998779296875,283.4787902832031,5478294
2026-06-15,290.0,290.0,284.04998779296875,285.70001220703125,284.3746337890625,9319070
2026-06-16,286.1000061035156,286.3999938964844,282.8500061035156,285.1499938964844,283.8271484375,8146761
2026-06-17,286.20001220703125,286.6499938964844,283.25,286.3500061035156,285.0216064453125,6008101
2026-06-18,286.3500061035156,289.45001220703125,283.29998779296875,288.70001220703125,287.3607177734375,8381654
2026-06-19,288.95001220703125,292.8999938964844,287.6499938964844,292.25,290.89422607421875,10295261
2026-06-22,289.0,292.8500061035156,288.79998779296875,289.75,288.40582275390625,11678414
2026-06-23,290.45001220703125,293.04998779296875,289.6000061035156,291.95001220703125,290.59564208984375,12328516
2026-06-24,293.0,295.25,288.75,290.8999938964844,289.55047607421875,10221176
2026-06-25,290.70001220703125,291.5,283.04998779296875,283.8999938964844,282.58294677734375,16305770
2026-06-26,283.8999938964844,283.8999938964844,283.8999938964844,283.8999938964844,282.58294677734375,0
2026-06-29,287.0,287.6499938964844,283.5,286.25,284.92205810546875,16957025
2026-06-30,287.20001220703125,288.8999938964844,284.45001220703125,286.29998779296875,284.9718017578125,11985195
2026-07-01,287.79998779296875,288.3500061035156,285.6499938964844,287.54998779296875,286.21600341796875,8147424
2026-07-02,287.54998779296875,289.3999938964844,284.20001220703125,288.20001220703125,286.863037109375,6456861
2026-07-03,288.5,292.0,287.1000061035156,287.8500061035156,286.5146484375,10260404
2026-07-06,287.20001220703125,287.95001220703125,284.70001220703125,285.3999938964844,284.07598876953125,7799856
2026-07-07,285.3500061035156,287.3500061035156,283.3500061035156,284.3500061035156,283.0308837890625,7251465
2026-07-08,282.8999938964844,285.3999938964844,279.20001220703125,279.70001220703125,278.4024658203125,7306244
2026-07-09,280.0,283.95001220703125,280.0,281.3500061035156,280.0447998046875,6800579
2026-07-10,283.1000061035156,283.79998779296875,281.3500061035156,283.1000061035156,281.78668212890625,6812700
2026-07-13,282.79998779296875,286.45001220703125,281.6499938964844,286.0,284.6732177734375,8083023
2026-07-14,282.3500061035156,286.95001220703125,282.29998779296875,286.1499938964844,284.822509765625,7596298
2026-07-15,285.8999938964844,286.79998779296875,278.8999938964844,280.70001220703125,279.3978271484375,9907688
2026-07-16,280.3999938964844,284.3999938964844,280.0,280.75,279.44757080078125,7143529
2026-07-17,280.75,284.3500061035156,279.6499938964844,283.54998779296875,282.2345886230469,10985155
2026-07-20,284.70001220703125,289.54998779296875,283.3500061035156,288.70001220703125,287.3607177734375,11380170
2026-07-21,289.0,290.3999938964844,284.45001220703125,286.70001220703125,285.3699951171875,7517060
2026-07-22,285.6499938964844,289.75,284.3999938964844,289.29998779296875,287.9578857421875,4595987
2026-07-23,287.29998779296875,290.95001220703125,287.0,289.79998779296875,288.45556640625,7407258
2026-07-24,286.5,290.04998779296875,286.3999938964844,288.20001220703125,286.863037109375,8474555
2026-07-27,288.29998779296875,290.54998779296875,286.54998779296875,288.8500061035156,287.510009765625,12143388
2026-07-28,287.29998779296875,288.0,283.1000061035156,285.29998779296875,283.9764709472656,7118852
2026-07-29,284.0,284.75,281.04998779296875,282.8500061035156,281.537841796875,12375693
2026-07-30,283.3999938964844,287.1000061035156,283.0,285.70001220703125,284.3746337890625,7903593
2026-07-31,286.29998779296875,287.3999938964844,283.0,284.25,282.93133544921875,7804310
2026-08-03,285.0,287.0,283.8999938964844,287.0,285.6685791015625,8749092
2026-08-04,294.1000061035156,294.1000061035156,281.70001220703125,283.3999938964844,282.08526611328125,7656558
2026-08-05,284.0,285.20001220703125,281.25,281.75,280.44293212890625,7544704
2026-08-06,279.75,281.0,269.6499938964844,270.75,269.49395751953125,18258733
2026-08-07,268.6499938964844,272.8500061035156,268.3500061035156,271.6000061035156,270.34002685546875,7795199
2026-08-10,271.5,271.6000061035156,268.79998779296875,270.1000061035156,268.84698486328125,8329347
2026-08-11,270.0,270.79998779296875,266.6499938964844,267.95001220703125,266.70697021484375,7553241
2026-08-12,267.95001220703125,270.0,266.29998779296875,269.45001220703125,268.20001220703125,6699919
2026-08-13,269.0,269.0,266.04998779296875,266.6000061035156,266.6000061035156,9715149
2026-08-14,267.0,268.20001220703125,265.75,266.04998779296875,266.04998779296875,6758273
2026-08-17,266.04998779296875,268.0,265.25,266.1499938964844,266.1499938964844,6631423
2026-08-18,266.20001220703125,268.95001220703125,266.04998779296875,268.0,268.0,6792173
2026-08-19,267.04998779296875,267.5,262.04998779296875,263.5,263.5,9674185
2026-08-20,264.0,267.1000061035156,262.79998779296875,264.79998779296875,264.79998779296875,7029993
2026-08-21,264.6000061035156,275.95001220703125,264.20001220703125,272.3999938964844,272.3999938964844,18031357
2026-08-24,274.0,274.3500061035156,268.29998779296875,271.3999938964844,271.3999938964844,7643689
2026-08-25,271.3999938964844,271.70001220703125,268.3500061035156,271.0,271.0,5435918
2026-08-26,270.1000061035156,271.1499938964844,265.20001220703125,265.20001220703125,265.20001220703125,5303523
2026-08-27,264.79998779296875,266.29998779296875,262.29998779296875,264.8999938964844,264.8999938964844,7118715
2026-08-28,266.04998779296875,267.3500061035156,265.04998779296875,266.04998779296875,266.04998779296875,5112511
2026-08-31,266.04998779296875,266.04998779296875,263.1499938964844,263.54998779296875,263.54998779296875,11553385
2026-09-01,263.29998779296875,264.54998779296875,261.70001220703125,264.54998779296875,264.54998779296875,8499123
2026-09-02,264.0,268.3500061035156,262.3999938964844,266.79998779296875,266.79998779296875,9068868
2026-09-03,269.8999938964844,270.75,265.6000061035156,265.6000061035156,265.6000061035156,9826724
2026-09-04,266.8999938964844,267.5,265.04998779296875,266.0,266.0,7967122
2026-09-07,266.0,268.79998779296875,264.25,266.45001220703125,266.45001220703125,7015606
2026-09-08,265.6499938964844,267.25,263.0,265.75,265.75,7385483
2026-09-09,265.0,269.25,264.5,265.8500061035156,265.8500061035156,11738891
2026-09-10,265.8500061035156,271.75,265.29998779296875,271.75,271.75,12187656
2026-09-11,269.95001220703125,274.04998779296875,268.3500061035156,269.1000061035156,269.1000061035156,11423068
2026-09-14,269.1000061035156,269.1000061035156,269.1000061035156,269.1000061035156,269.1000061035156,0
2026-09-15,267.1499938964844,268.5,262.79998779296875,262.79998779296875,262.79998779296875,10519594
2026-09-16,264.1000061035156,266.3500061035156,262.79998779296875,262.79998779296875,262.79998779296875,7132902
2026-09-17,263.5,265.70001220703125,263.25,263.75,263.75,6533662
2026-09-18,264.6000061035156,270.29998779296875,263.3999938964844,270.29998779296875,270.29998779296875,17896733
2026-09-21,267.75,269.04998779296875,266.1000061035156,266.1000061035156,266.1000061035156,6934502
2026-09-22,267.0,268.29998779296875,265.95001220703125,265.95001220703125,265.95001220703125,7314792
2026-09-23,265.95001220703125,270.8500061035156,265.95001220703125,270.20001220703125,270.20001220703125,6114433
2026-09-24,270.3999938964844,270.8999938964844,265.75,266.3999938964844,266.3999938964844,8968993
2026-09-25,268.70001220703125,269.75,266.8999938964844,269.5,269.5,6241140
2026-09-28,269.8999938964844,269.8999938964844,261.8500061035156,261.8500061035156,261.8500061035156,10278456
2026-09-29,262.29998779296875,269.20001220703125,259.54998779296875,261.5,261.5,25174350
2026-09-30,261.5,262.0,258.1000061035156,260.5,260.5,9769840
