date,open,high,low,close,adj_close,volume
2015-01-01,82.55000305175781,83.30000305175781,82.0999984741211,82.75,66.37836456298828,8588010
2015-01-02,82.69999694824219,83.80000305175781,82.5999984741211,82.8499984741211,66.45857238769531,10148290
2015-01-05,82.75,84.25,82.30000305175781,82.69999694824219,66.33824920654297,12748155
2015-01-06,82.4000015258789,82.55000305175781,78.0,78.6500015258789,63.08951187133789,24520775
2015-01-07,78.5999984741211,79.30000305175781,76.55000305175781,77.80000305175781,62.407691955566406,15258430
2015-01-08,78.30000305175781,79.6500015258789,78.19999694824219,79.1500015258789,63.49060821533203,11819935
2015-01-09,79.69999694824219,80.6500015258789,78.0,78.55000305175781,63.00931167602539,14950885
2015-01-12,78.44999694824219,80.69999694824219,77.0999984741211,80.0,64.17242431640625,17369710
2015-01-13,79.69999694824219,80.0,77.69999694824219,78.25,62.76865768432617,19089110
2015-01-14,78.0,78.44999694824219,75.80000305175781,77.05000305175781,61.80607223510742,20078225
2015-01-15,77.19999694824219,79.0,77.0,77.55000305175781,62.2071533203125,19014950
2015-01-16,77.5,77.80000305175781,76.19999694824219,76.94999694824219,61.72585678100586,14954790
2015-01-19,77.30000305175781,78.0999984741211,76.05000305175781,76.80000305175781,61.605533599853516,12368535
2015-01-20,76.80000305175781,78.55000305175781,76.80000305175781,77.94999694824219,62.52800750732422,14945985
2015-01-21,78.19999694824219,78.4000015258789,76.4000015258789,76.9000015258789,61.68574523925781,16576525
2015-01-22,77.0,78.0999984741211,76.94999694824219,77.9000015258789,62.48789978027344,18412560
2015-01-23,78.69999694824219,78.75,77.0,78.1500015258789,62.68844223022461,12210520
2015-01-27,78.0,79.19999694824219,77.4000015258789,78.75,63.16974639892578,22225330
2015-01-28,78.75,79.55000305175781,77.69999694824219,78.25,62.76865768432617,16083120
2015-01-29,78.0,79.5,77.3499984741211,78.69999694824219,63.1296272277832,20903905
2015-01-30,78.69999694824219,79.19999694824219,76.55000305175781,77.1500015258789,61.886287689208984,9699625
2015-02-02,77.0,77.0,75.19999694824219,75.55000305175781,60.60283660888672,13376275
2015-02-03,75.55000305175781,75.94999694824219,73.5,73.6500015258789,59.0787467956543,17264990
2015-02-04,74.44999694824219,74.75,73.6500015258789,74.0999984741211,59.439697265625,16745170
2015-02-05,74.19999694824219,75.5,73.25,74.0,59.359500885009766,11145985
2015-02-06,73.8499984741211,74.25,71.19999694824219,73.6500015258789,59.0787467956543,8105755
2015-02-09,73.0999984741211,73.0999984741211,70.8499984741211,71.1500015258789,57.07334899902344,10224425
2015-02-10,70.5,71.69999694824219,69.05000305175781,69.69999694824219,55.91022491455078,13158955
2015-02-11,69.9000015258789,73.8499984741211,69.9000015258789,73.19999694824219,58.7177619934082,13862850
2015-02-12,73.44999694824219,74.0999984741211,72.4000015258789,73.30000305175781,58.797996520996094,9030225
2015-02-13,73.3499984741211,77.1500015258789,73.19999694824219,75.1500015258789,60.28197479248047,33143935
2015-02-16,75.1500015258789,76.19999694824219,74.25,74.94999694824219,60.12153625488281,17260735
2015-02-18,74.0,74.5999984741211,72.5,72.75,59.75193786621094,10674405
2015-02-19,73.0999984741211,75.3499984741211,72.80000305175781,74.80000305175781,61.4356803894043,17050255
2015-02-20,75.0,75.5999984741211,74.0,74.3499984741211,61.06607437133789,11381300
2015-02-23,75.0,75.0,73.0999984741211,73.5,60.36793899536133,7168810
2015-02-24,73.69999694824219,73.75,70.3499984741211,70.6500015258789,58.02715301513672,13508955
2015-02-25,71.0,71.5999984741211,69.8499984741211,70.05000305175781,57.53434753417969,10449920
2015-02-26,70.25,70.44999694824219,67.44999694824219,67.6500015258789,55.563148498535156,20444835
2015-02-27,68.1500015258789,70.5,68.0999984741211,70.30000305175781,57.73969268798828,12419040
2015-03-02,71.0,71.80000305175781,69.30000305175781,69.80000305175781,57.32901382446289,9407165
2015-03-03,70.25,70.69999694824219,69.0999984741211,69.3499984741211,56.959415435791016,11631440
2015-03-04,70.1500015258789,70.1500015258789,67.5,67.80000305175781,55.68635177612305,12258365
2015-03-05,68.0,68.19999694824219,66.5,66.8499984741211,54.90608596801758,10062455
2015-03-09,66.75,67.19999694824219,65.55000305175781,65.75,54.00261688232422,10978515
2015-03-10,66.0999984741211,67.5999984741211,65.44999694824219,67.0,55.02928924560547,14365425
2015-03-11,67.05000305175781,67.25,65.4000015258789,66.05000305175781,54.2490234375,9914755
2015-03-12,67.25,69.25,66.9000015258789,68.6500015258789,56.38447952270508,22212495
2015-03-13,69.0999984741211,69.19999694824219,67.25,67.75,55.64528274536133,14141940
2015-03-16,68.0,68.0999984741211,66.44999694824219,67.5,55.439945220947266,8338830
2015-03-17,67.5999984741211,68.94999694824219,67.19999694824219,68.80000305175781,56.507686614990234,14875790
2015-03-18,68.80000305175781,68.80000305175781,67.5,68.05000305175781,55.891685485839844,10518465
2015-03-19,68.5,68.6500015258789,67.6500015258789,68.05000305175781,55.891685485839844,12558025
2015-03-20,68.0,69.3499984741211,67.80000305175781,68.8499984741211,56.548744201660156,16926935
2015-03-23,68.9000015258789,70.19999694824219,67.80000305175781,69.75,57.28794860839844,10194515
2015-03-24,69.4000015258789,70.1500015258789,68.5,69.6500015258789,57.20581817626953,13615135
2015-03-25,70.1500015258789,70.3499984741211,68.9000015258789,70.05000305175781,57.53434753417969,15073090
2015-03-26,69.69999694824219,71.4000015258789,69.30000305175781,70.80000305175781,58.150352478027344,22707235
2015-03-27,70.69999694824219,70.69999694824219,67.3499984741211,68.9000015258789,56.589813232421875,17450795
2015-03-30,69.05000305175781,69.1500015258789,68.0,69.0,56.67194747924805,12854340
2015-03-31,68.94999694824219,69.0,66.5999984741211,67.4000015258789,55.35782241821289,18180380
2015-04-01,66.6500015258789,71.0,66.55000305175781,70.19999694824219,57.65754318237305,14824715
2015-04-06,70.5999984741211,71.0,69.05000305175781,69.30000305175781,56.91835403442383,16397240
2015-04-07,69.3499984741211,73.4000015258789,68.9000015258789,72.80000305175781,59.79301452636719,21515710
2015-04-08,72.30000305175781,73.1500015258789,71.5,72.30000305175781,59.382354736328125,12225345
2015-04-09,72.0,74.30000305175781,71.0,73.44999694824219,60.32687759399414,21695105
2015-04-10,72.5999984741211,75.75,72.5999984741211,75.0999984741211,61.68208312988281,16425945
2015-04-13,75.0,76.44999694824219,74.5999984741211,75.9000015258789,62.339141845703125,10029120
2015-04-15,75.30000305175781,76.80000305175781,74.19999694824219,75.0,61.59994125366211,8566965
2015-04-16,74.69999694824219,76.4000015258789,73.80000305175781,75.75,62.2159309387207,10186730
2015-04-17,75.9000015258789,79.0,74.75,77.1500015258789,63.36581802368164,18939265
2015-04-20,77.19999694824219,77.8499984741211,72.6500015258789,73.44999694824219,60.32687759399414,12094255
2015-04-21,73.5,75.1500015258789,73.3499984741211,73.94999694824219,60.737545013427734,9715380
2015-04-22,73.5999984741211,74.94999694824219,71.75,72.6500015258789,59.669803619384766,13090995
2015-04-23,72.5,75.6500015258789,72.30000305175781,74.0,60.77861404418945,22732090
2015-04-24,74.44999694824219,74.75,72.94999694824219,74.0,60.77861404418945,9623780
2015-04-27,74.05000305175781,76.19999694824219,73.05000305175781,74.0,60.77861404418945,23645145
2015-04-28,74.0,74.9000015258789,73.19999694824219,73.9000015258789,60.696475982666016,14400080
2015-04-29,74.05000305175781,74.8499984741211,73.25,73.69999694824219,60.53220748901367,14511990
2015-04-30,73.55000305175781,73.5999984741211,69.0,69.44999694824219,57.04154586791992,52798875
2015-05-04,69.94999694824219,72.30000305175781,69.5,71.55000305175781,58.76634216308594,15878235
2015-05-05,71.9000015258789,73.69999694824219,71.6500015258789,73.44999694824219,60.32687759399414,14766595
2015-05-06,73.30000305175781,73.69999694824219,70.19999694824219,70.6500015258789,58.02715301513672,17171675
2015-05-07,70.6500015258789,70.69999694824219,66.80000305175781,67.1500015258789,55.15249252319336,23131495
2015-05-08,68.44999694824219,68.8499984741211,67.0999984741211,67.5,55.439945220947266,16625855
2015-05-11,69.0,70.30000305175781,68.55000305175781,68.8499984741211,56.548744201660156,16048400
2015-05-12,68.8499984741211,70.0999984741211,66.9000015258789,67.0,55.02928924560547,18398180
2015-05-13,67.9000015258789,68.30000305175781,66.3499984741211,66.8499984741211,54.90608596801758,3142468
2015-05-14,67.0,67.75,66.75,66.94999694824219,54.988216400146484,3158294
2015-05-15,67.0999984741211,67.44999694824219,66.75,67.05000305175781,55.07035446166992,1509983
2015-05-18,67.0999984741211,67.9000015258789,66.9000015258789,67.30000305175781,55.27568435668945,1531770
2015-05-19,67.3499984741211,67.9000015258789,67.0,67.19999694824219,55.19355010986328,1228375
2015-05-20,67.44999694824219,67.6500015258789,66.80000305175781,67.05000305175781,55.07035446166992,1356790
2015-05-21,67.44999694824219,67.44999694824219,65.6500015258789,66.30000305175781,54.454349517822266,1592979
2015-05-22,66.80000305175781,66.80000305175781,65.9000015258789,66.05000305175781,54.2490234375,881722
2015-05-25,66.4000015258789,66.5999984741211,65.4000015258789,65.69999694824219,53.961544036865234,1122411
2015-05-26,65.8499984741211,66.25,65.25,66.0,54.20795822143555,1488146
2015-05-27,65.80000305175781,66.5,65.0999984741211,66.30000305175781,54.454349517822266,1819018
2015-05-28,66.30000305175781,67.19999694824219,65.5,65.80000305175781,54.04368591308594,4969562
2015-05-29,65.94999694824219,66.30000305175781,65.30000305175781,65.9000015258789,54.12582015991211,1809404
2015-06-01,65.6500015258789,66.80000305175781,65.30000305175781,66.30000305175781,54.454349517822266,1390851
2015-06-02,66.5999984741211,67.30000305175781,65.44999694824219,65.75,54.00261688232422,1552643
2015-06-03,65.9000015258789,66.5,64.1500015258789,65.0,53.38661575317383,2129943
2015-06-04,65.55000305175781,65.5999984741211,61.45000076293945,62.25,51.127952575683594,2593843
2015-06-05,61.5,64.69999694824219,60.5,63.900001525878906,52.483154296875,3711053
2015-06-08,65.0,65.0999984741211,62.0,62.650001525878906,51.456485748291016,2519506
2015-06-09,63.5,63.5,62.0,62.650001525878906,51.456485748291016,1747821
2015-06-10,62.54999923706055,63.29999923706055,62.5,62.95000076293945,51.70288848876953,1325230
2015-06-11,63.5,63.5,60.54999923706055,60.849998474121094,49.978084564208984,2196867
2015-06-12,60.849998474121094,60.900001525878906,59.29999923706055,60.25,49.485286712646484,1765061
2015-06-15,60.5,60.849998474121094,59.04999923706055,59.25,48.66395950317383,1418114
2015-06-16,59.79999923706055,60.150001525878906,59.04999923706055,59.900001525878906,49.19782257080078,1293933
2015-06-17,59.650001525878906,62.900001525878906,59.650001525878906,61.20000076293945,50.265560150146484,2669692
2015-06-18,61.29999923706055,61.70000076293945,60.70000076293945,61.099998474121094,50.18341827392578,1403211
2015-06-19,61.650001525878906,62.20000076293945,60.25,60.45000076293945,49.64955520629883,2399039
2015-06-22,60.95000076293945,62.900001525878906,60.650001525878906,62.599998474121094,51.415428161621094,2478505
2015-06-23,62.70000076293945,63.599998474121094,62.29999923706055,63.0,51.743953704833984,1355552
2015-06-24,63.150001525878906,63.349998474121094,61.400001525878906,61.849998474121094,50.79941940307617,1308051
2015-06-25,61.20000076293945,63.400001525878906,60.70000076293945,62.79999923706055,51.57968521118164,3654499
2015-06-26,62.29999923706055,62.849998474121094,61.099998474121094,62.45000076293945,51.29221725463867,1777662
2015-06-29,60.95000076293945,61.400001525878906,59.54999923706055,60.099998474121094,49.362083435058594,1870979
2015-06-30,60.099998474121094,62.79999923706055,60.0,61.45000076293945,50.470890045166016,1741836
2015-07-01,62.0,65.3499984741211,61.25,64.44999694824219,52.93488311767578,3085301
2015-07-02,64.6500015258789,65.25,64.05000305175781,64.80000305175781,53.22235107421875,2166429
2015-07-03,64.5999984741211,65.0,62.599998474121094,63.150001525878906,51.86716079711914,1407423
2015-07-06,63.0,64.5,61.29999923706055,63.849998474121094,52.442081451416016,2079479
2015-07-07,64.19999694824219,64.44999694824219,62.599998474121094,63.20000076293945,51.90821838378906,1881137
2015-07-08,62.45000076293945,62.45000076293945,59.0,59.400001525878906,48.78715896606445,5936600
2015-07-09,60.0,60.20000076293945,59.25,59.79999923706055,49.115692138671875,2087962
2015-07-10,60.04999923706055,60.5,58.75,59.099998474121094,48.54075622558594,2908134
2015-07-13,59.599998474121094,59.79999923706055,57.099998474121094,58.349998474121094,47.92475509643555,3230430
2015-07-14,58.29999923706055,59.29999923706055,57.849998474121094,58.0,47.637290954589844,2144476
2015-07-15,58.5,58.79999923706055,57.349998474121094,57.5,47.226627349853516,2210760
2015-07-16,57.900001525878906,58.25,57.349998474121094,57.70000076293945,47.39088821411133,1896348
2015-07-17,57.95000076293945,58.900001525878906,57.5,58.20000076293945,47.80155563354492,2391774
2015-07-20,58.5,58.650001525878906,57.599998474121094,57.70000076293945,47.39088821411133,1471308
2015-07-21,57.95000076293945,57.95000076293945,56.54999923706055,56.75,46.61062240600586,1943687
2015-07-22,56.70000076293945,58.25,56.04999923706055,58.0,47.637290954589844,1845622
2015-07-23,58.5,59.650001525878906,57.75,58.900001525878906,48.376487731933594,3000456
2015-07-24,58.900001525878906,59.150001525878906,57.900001525878906,58.150001525878906,47.7604866027832,2158902
2015-07-27,57.599998474121094,57.79999923706055,56.29999923706055,56.54999923706055,46.44636154174805,1527021
2015-07-28,56.900001525878906,58.20000076293945,56.0,58.0,47.637290954589844,3358870
2015-07-29,58.150001525878906,58.75,56.54999923706055,58.45000076293945,48.00688552856445,2630069
2015-07-30,58.5,59.5,58.0,58.400001525878906,47.96582794189453,5765532
2015-07-31,58.099998474121094,58.849998474121094,56.0,56.20000076293945,46.15888595581055,3966782
2015-08-03,56.29999923706055,57.150001525878906,56.20000076293945,56.599998474121094,46.48741912841797,1341424
2015-08-04,56.75,60.099998474121094,56.099998474121094,58.95000076293945,48.41755676269531,3670139
2015-08-05,59.70000076293945,62.0,59.70000076293945,60.400001525878906,49.608489990234375,4680651
2015-08-06,60.5,62.099998474121094,60.25,61.29999923706055,50.34768295288086,2638806
2015-08-07,61.45000076293945,61.900001525878906,60.20000076293945,61.150001525878906,50.224491119384766,3090611
2015-08-10,61.150001525878906,61.150001525878906,59.599998474121094,59.900001525878906,49.19782257080078,4210068
2015-08-11,60.099998474121094,60.5,57.400001525878906,58.04999923706055,47.8781852722168,4832032
2015-08-12,58.0,60.650001525878906,56.849998474121094,58.099998474121094,47.9194221496582,7313294
2015-08-13,58.29999923706055,58.45000076293945,54.900001525878906,56.04999923706055,46.22863006591797,5536014
2015-08-14,55.849998474121094,57.25,53.79999923706055,56.54999923706055,46.64101791381836,9945772
2015-08-17,56.04999923706055,58.099998474121094,54.099998474121094,57.400001525878906,47.342079162597656,5583126
2015-08-18,57.5,58.20000076293945,55.650001525878906,57.150001525878906,47.135887145996094,5139154
2015-08-19,56.0,58.349998474121094,56.0,57.54999923706055,47.465797424316406,3721517
2015-08-20,57.150001525878906,57.20000076293945,55.900001525878906,56.25,46.393585205078125,3814969
2015-08-21,55.25,56.599998474121094,54.75,55.650001525878906,45.89872360229492,2444949
2015-08-24,54.45000076293945,54.650001525878906,49.099998474121094,50.349998474121094,41.52741622924805,7790649
2015-08-25,50.650001525878906,51.79999923706055,47.099998474121094,50.95000076293945,42.02228546142578,4660436
2015-08-26,50.5,50.75,48.75,49.04999923706055,40.455204010009766,6051705
2015-08-27,50.400001525878906,50.900001525878906,49.54999923706055,50.650001525878906,41.77485275268555,4013954
2015-08-28,51.599998474121094,53.0,51.04999923706055,52.04999923706055,42.929534912109375,3110731
2015-08-31,51.75,52.599998474121094,49.29999923706055,49.75,41.03255081176758,3241090
2015-09-01,49.400001525878906,49.95000076293945,46.599998474121094,46.95000076293945,38.72317886352539,3243560
2015-09-02,48.0,48.400001525878906,46.25,46.54999923706055,38.39326858520508,3360979
2015-09-03,47.29999923706055,49.650001525878906,47.0,48.79999923706055,40.2490119934082,3036698
2015-09-04,49.45000076293945,49.45000076293945,46.75,47.20000076293945,38.92937469482422,2575595
2015-09-07,47.349998474121094,48.5,46.900001525878906,47.650001525878906,39.3005256652832,1683311
2015-09-08,47.79999923706055,52.5,47.29999923706055,51.599998474121094,42.55838394165039,5799069
2015-09-09,52.29999923706055,55.150001525878906,51.29999923706055,54.099998474121094,44.62031936645508,6300425
2015-09-10,53.04999923706055,53.349998474121094,51.650001525878906,52.150001525878906,43.01201629638672,5706843
2015-09-11,52.900001525878906,53.400001525878906,50.599998474121094,51.04999923706055,42.104759216308594,4194356
2015-09-14,51.25,52.95000076293945,51.04999923706055,52.04999923706055,42.929534912109375,3254795
2015-09-15,52.79999923706055,53.25,50.04999923706055,50.29999923706055,41.48617935180664,4183510
2015-09-16,51.25,52.099998474121094,50.29999923706055,51.95000076293945,42.8470573425293,3962835
2015-09-18,52.25,52.79999923706055,51.099998474121094,51.95000076293945,42.8470573425293,3056522
2015-09-21,52.04999923706055,52.5,51.099998474121094,51.70000076293945,42.640865325927734,1842228
2015-09-22,51.95000076293945,52.400001525878906,50.5,50.70000076293945,41.81609344482422,2132996
2015-09-23,50.20000076293945,51.29999923706055,49.25,50.79999923706055,41.898563385009766,2442750
2015-09-24,50.70000076293945,53.79999923706055,50.099998474121094,53.0,43.713069915771484,6414990
2015-09-28,53.0,53.0,51.29999923706055,51.650001525878906,42.59962463378906,1859175
2015-09-29,51.0,51.29999923706055,49.54999923706055,50.349998474121094,41.52741622924805,2695218
2015-09-30,51.20000076293945,51.79999923706055,50.900001525878906,51.349998474121094,42.35218811035156,2033987
2015-10-01,52.0,52.0,50.5,50.650001525878906,41.77485275268555,2168987
2015-10-05,51.150001525878906,52.29999923706055,50.75,51.95000076293945,42.8470573425293,2258192
2015-10-06,52.400001525878906,53.29999923706055,51.849998474121094,52.900001525878906,43.630592346191406,2673444
2015-10-07,53.0,55.400001525878906,52.29999923706055,55.04999923706055,45.40385437011719,5179433
2015-10-08,55.349998474121094,56.0,54.29999923706055,54.75,45.15641784667969,3622394
2015-10-09,55.04999923706055,56.29999923706055,55.04999923706055,55.900001525878906,46.104915618896484,2675519
2015-10-12,56.45000076293945,58.150001525878906,55.349998474121094,56.25,46.393585205078125,4002252
2015-10-13,56.599998474121094,56.70000076293945,55.5,56.150001525878906,46.31111145019531,2195241
2015-10-14,56.0,58.099998474121094,55.75,57.150001525878906,47.135887145996094,2621681
2015-10-15,57.5,57.95000076293945,56.75,57.150001525878906,47.135887145996094,1655878
2015-10-16,57.400001525878906,57.79999923706055,54.349998474121094,55.849998474121094,46.063682556152344,3230226
2015-10-19,55.900001525878906,56.29999923706055,55.0,55.54999923706055,45.816246032714844,1783516
2015-10-20,55.599998474121094,56.5,55.099998474121094,55.349998474121094,45.65128707885742,1743662
2015-10-21,55.20000076293945,56.5,55.0,55.54999923706055,45.816246032714844,2553470
2015-10-23,56.0,56.70000076293945,55.29999923706055,55.54999923706055,45.816246032714844,2700540
2015-10-26,55.849998474121094,56.900001525878906,55.5,56.400001525878906,46.517303466796875,4838906
2015-10-27,56.0,56.54999923706055,54.599998474121094,54.849998474121094,45.2389030456543,3203887
2015-10-28,54.900001525878906,55.20000076293945,53.900001525878906,54.25,44.74403381347656,3397016
2015-10-29,54.20000076293945,54.29999923706055,52.650001525878906,52.849998474121094,43.58934783935547,5326190
2015-10-30,53.5,54.20000076293945,52.599998474121094,53.349998474121094,44.00174331665039,3489665
2015-11-02,53.20000076293945,53.5,51.150001525878906,51.54999923706055,42.517147064208984,2524043
2015-11-03,52.0,52.5,50.599998474121094,51.04999923706055,42.104759216308594,3536828
2015-11-04,51.25,51.599998474121094,50.20000076293945,50.400001525878906,41.56865310668945,2566388
2015-11-05,50.599998474121094,50.650001525878906,48.849998474121094,49.04999923706055,40.455204010009766,3066463
2015-11-06,48.900001525878906,49.29999923706055,46.599998474121094,47.04999923706055,38.80565643310547,10018303
2015-11-09,46.29999923706055,46.900001525878906,45.099998474121094,46.29999923706055,38.187076568603516,5764853
2015-11-10,46.0,46.400001525878906,45.099998474121094,45.29999923706055,37.3623046875,5057223
2015-11-13,45.400001525878906,45.650001525878906,44.54999923706055,44.79999923706055,36.949913024902344,4224004
2015-11-16,44.599998474121094,45.5,44.5,45.099998474121094,37.19734191894531,4857059
2015-11-17,45.5,46.20000076293945,45.20000076293945,45.45000076293945,37.486019134521484,3182435
2015-11-18,45.5,45.650001525878906,44.0,44.25,36.49628829956055,3152317
2015-11-19,44.75,44.95000076293945,44.29999923706055,44.70000076293945,36.8674430847168,1825253
2015-11-20,44.79999923706055,45.04999923706055,43.849998474121094,44.400001525878906,36.62000274658203,2509648
2015-11-23,44.650001525878906,44.75,43.75,43.95000076293945,36.24885559082031,2120548
2015-11-24,43.900001525878906,44.5,43.70000076293945,43.95000076293945,36.24885559082031,2091783
2015-11-26,44.25,44.70000076293945,43.650001525878906,43.95000076293945,36.24885559082031,8303599
2015-11-27,44.20000076293945,46.20000076293945,44.0,45.54999923706055,37.56850051879883,5763140
2015-11-30,45.75,46.45000076293945,45.349998474121094,45.79999923706055,37.774688720703125,2320351
2015-12-01,46.0,47.099998474121094,45.70000076293945,46.70000076293945,38.516990661621094,3417985
2015-12-02,47.0,48.25,46.400001525878906,47.54999923706055,39.21804428100586,6633389
2015-12-03,47.5,47.5,46.25,46.70000076293945,38.516990661621094,3540922
2015-12-04,46.400001525878906,47.70000076293945,46.0,46.70000076293945,38.516990661621094,2698929
2015-12-07,47.099998474121094,47.70000076293945,46.25,46.5,38.352027893066406,2700629
2015-12-08,46.25,46.650001525878906,44.099998474121094,44.45000076293945,36.66124725341797,4598779
2015-12-09,44.29999923706055,44.599998474121094,43.25,43.650001525878906,36.00142288208008,3675577
2015-12-10,43.79999923706055,44.70000076293945,43.599998474121094,44.29999923706055,36.53752899169922,3444583
2015-12-11,44.79999923706055,46.0,44.099998474121094,44.900001525878906,37.03239440917969,5555915
2015-12-14,45.349998474121094,46.25,44.599998474121094,45.650001525878906,37.650970458984375,4652930
2015-12-15,45.650001525878906,46.04999923706055,44.849998474121094,45.150001525878906,37.23858642578125,2628376
2015-12-16,45.45000076293945,45.900001525878906,45.0,45.150001525878906,37.23858642578125,2383799
2015-12-17,45.70000076293945,48.349998474121094,45.349998474121094,48.04999923706055,39.630428314208984,9534525
2015-12-18,48.099998474121094,48.29999923706055,47.20000076293945,47.45000076293945,39.13557434082031,4637299
2015-12-21,47.70000076293945,48.79999923706055,47.400001525878906,48.45000076293945,39.96034622192383,3244404
2015-12-22,48.75,49.400001525878906,47.150001525878906,47.54999923706055,39.21804428100586,3292201
2015-12-23,47.79999923706055,48.95000076293945,47.79999923706055,48.5,40.001583099365234,2724954
2015-12-24,48.54999923706055,49.099998474121094,48.150001525878906,48.849998474121094,40.29025650024414,2626085
2015-12-28,49.099998474121094,49.25,47.79999923706055,48.25,39.795387268066406,2004701
2015-12-29,48.54999923706055,48.54999923706055,47.70000076293945,47.849998474121094,39.46548080444336,1776898
2015-12-30,48.20000076293945,48.599998474121094,47.45000076293945,47.54999923706055,39.21804428100586,2565366
2015-12-31,47.650001525878906,49.099998474121094,46.849998474121094,48.349998474121094,39.87786102294922,12646392
2016-01-01,48.5,48.75,48.0,48.20000076293945,39.754150390625,1652422
2016-01-04,48.29999923706055,49.5,47.25,47.900001525878906,39.506717681884766,4288176
2016-01-05,48.150001525878906,52.099998474121094,48.04999923706055,51.0,42.06352233886719,10837551
2016-01-06,51.04999923706055,51.599998474121094,49.599998474121094,50.0,41.238746643066406,6055343
2016-01-07,48.900001525878906,48.900001525878906,46.099998474121094,46.54999923706055,38.39326858520508,4736911
2016-01-08,47.150001525878906,47.849998474121094,46.349998474121094,47.400001525878906,39.094329833984375,3208394
2016-01-11,46.75,47.29999923706055,45.95000076293945,46.45000076293945,38.31079864501953,4320686
2016-01-12,46.79999923706055,47.20000076293945,45.5,45.900001525878906,37.85717010498047,2772658
2016-01-13,46.79999923706055,46.79999923706055,44.0,45.150001525878906,37.23858642578125,4152815
2016-01-14,44.400001525878906,45.45000076293945,43.5,44.45000076293945,36.66124725341797,3352161
2016-01-15,44.849998474121094,44.95000076293945,42.0,42.400001525878906,34.970455169677734,3712848
2016-01-18,42.29999923706055,43.349998474121094,40.849998474121094,41.900001525878906,34.55807113647461,4875465
2016-01-19,42.29999923706055,43.0,41.45000076293945,42.5,35.05293655395508,2417589
2016-01-20,41.900001525878906,41.900001525878906,40.5,41.29999923706055,34.06320571899414,2952916
2016-01-21,41.5,42.29999923706055,40.599998474121094,41.29999923706055,34.06320571899414,4340230
2016-01-22,41.900001525878906,43.5,41.900001525878906,43.099998474121094,35.547794342041016,3124004
2016-01-25,43.70000076293945,44.29999923706055,43.29999923706055,43.54999923706055,35.9189453125,2307305
2016-01-27,43.95000076293945,44.29999923706055,43.400001525878906,43.599998474121094,35.96018600463867,2296626
2016-01-28,43.599998474121094,43.79999923706055,42.5,42.75,35.259124755859375,2944371
2016-01-29,43.0,43.5,42.150001525878906,42.79999923706055,35.30036544799805,2361320
2016-02-01,43.150001525878906,43.45000076293945,42.400001525878906,42.70000076293945,35.2178840637207,2570898
2016-02-02,42.79999923706055,42.95000076293945,39.04999923706055,39.349998474121094,32.45489501953125,6346011
2016-02-03,39.0,40.25,38.5,38.79999923706055,32.00126266479492,5035280
2016-02-04,39.5,39.79999923706055,37.900001525878906,38.599998474121094,31.83631134033203,4382281
2016-02-05,38.79999923706055,41.20000076293945,38.5,40.849998474121094,33.69205856323242,8245947
2016-02-08,41.5,42.79999923706055,40.29999923706055,40.599998474121094,33.4858512878418,5702117
2016-02-09,40.0,40.650001525878906,38.5,38.95000076293945,32.12498092651367,7153055
2016-02-10,38.45000076293945,38.900001525878906,37.150001525878906,37.75,31.1352481842041,5841469
2016-02-11,37.5,37.70000076293945,35.75,36.0,29.691896438598633,4354089
2016-02-12,36.0,36.20000076293945,33.5,34.45000076293945,28.413494110107422,5066768
2016-02-15,35.099998474121094,37.04999923706055,35.04999923706055,35.849998474121094,29.568180084228516,8065319
2016-02-16,36.599998474121094,36.75,35.0,35.29999923706055,29.11455535888672,4401282
2016-02-17,35.5,36.29999923706055,34.54999923706055,36.099998474121094,29.774370193481445,4244513
2016-02-18,36.599998474121094,37.54999923706055,34.75,35.79999923706055,29.526941299438477,5388353
2016-02-19,35.900001525878906,36.400001525878906,35.20000076293945,36.150001525878906,29.815616607666016,2181625
2016-02-22,36.20000076293945,36.70000076293945,35.900001525878906,36.25,29.898094177246094,1647780
2016-02-23,36.29999923706055,36.75,35.29999923706055,35.599998474121094,29.361984252929688,3564780
2016-02-24,35.25,36.400001525878906,35.099998474121094,35.349998474121094,29.155794143676758,2277002
2016-02-25,35.599998474121094,35.79999923706055,34.29999923706055,34.54999923706055,28.495969772338867,3100045
2016-02-26,34.95000076293945,35.150001525878906,34.150001525878906,34.75,28.66092872619629,2486753
2016-02-29,35.25,36.04999923706055,34.20000076293945,34.900001525878906,28.784643173217773,4530973
2016-03-01,35.150001525878906,36.04999923706055,35.099998474121094,35.900001525878906,29.609418869018555,2872963
2016-03-02,36.75,38.25,36.54999923706055,37.79999923706055,31.176496505737305,5893637
2016-03-03,38.349998474121094,40.0,38.04999923706055,39.599998474121094,32.66108322143555,5444880
2016-03-04,40.150001525878906,41.0,39.20000076293945,40.04999923706055,33.03223419189453,4631248
2016-03-08,40.79999923706055,44.349998474121094,40.5,43.25,35.67151641845703,11711574
2016-03-09,42.400001525878906,42.650001525878906,41.5,42.349998474121094,34.92921447753906,4215614
2016-03-10,42.54999923706055,43.900001525878906,42.099998474121094,42.75,35.259124755859375,3786380
2016-03-11,42.849998474121094,43.0,41.54999923706055,42.70000076293945,35.2178840637207,3658631
2016-03-14,43.0,43.70000076293945,41.79999923706055,42.150001525878906,34.76426315307617,4283429
2016-03-15,42.04999923706055,44.0,41.599998474121094,43.25,35.67151641845703,5959368
2016-03-16,43.650001525878906,43.650001525878906,41.54999923706055,42.5,35.05293655395508,4064579
2016-03-17,43.45000076293945,43.900001525878906,42.54999923706055,42.79999923706055,35.30036544799805,4488608
2016-03-18,43.45000076293945,43.599998474121094,42.54999923706055,42.849998474121094,35.34160232543945,7685451
2016-03-21,43.150001525878906,43.54999923706055,42.650001525878906,42.849998474121094,35.34160232543945,2608288
2016-03-22,42.900001525878906,43.45000076293945,42.400001525878906,43.20000076293945,35.63027572631836,3374214
2016-03-23,43.400001525878906,45.400001525878906,43.25,45.25,37.32106399536133,9691151
2016-03-28,45.45000076293945,45.45000076293945,42.20000076293945,42.45000076293945,35.011695861816406,9933930
2016-03-29,42.29999923706055,42.79999923706055,41.599998474121094,41.95000076293945,34.59930419921875,3803629
2016-03-30,42.5,43.900001525878906,42.099998474121094,43.45000076293945,35.83647155761719,4025525
2016-03-31,43.5,43.75,42.54999923706055,43.099998474121094,35.547794342041016,3957773
2016-04-01,43.20000076293945,44.29999923706055,43.0,43.599998474121094,35.96018600463867,2983552
2016-04-04,43.599998474121094,44.20000076293945,43.400001525878906,43.70000076293945,36.04266357421875,2785409
2016-04-05,43.349998474121094,43.5,42.20000076293945,42.45000076293945,35.011695861816406,2538115
2016-04-06,42.79999923706055,43.95000076293945,42.20000076293945,43.25,35.67151641845703,5196868
2016-04-07,43.349998474121094,43.5,42.29999923706055,42.45000076293945,35.011695861816406,3141298
2016-04-08,42.45000076293945,42.95000076293945,42.04999923706055,42.650001525878906,35.17665100097656,2515470
2016-04-11,42.95000076293945,43.95000076293945,42.5,43.79999923706055,36.12514114379883,3218226
2016-04-12,43.400001525878906,44.099998474121094,42.900001525878906,43.29999923706055,35.71275329589844,3928868
2016-04-13,43.70000076293945,44.75,43.599998474121094,44.20000076293945,36.455047607421875,5441217
2016-04-18,44.75,44.75,43.70000076293945,44.54999923706055,36.74372100830078,3076430
2016-04-20,44.75,46.900001525878906,44.25,46.349998474121094,38.228309631347656,9834569
2016-04-21,47.45000076293945,47.45000076293945,45.75,46.04999923706055,37.98088073730469,4590427
2016-04-22,47.0,47.25,45.79999923706055,45.95000076293945,37.89840316772461,4549245
2016-04-25,45.95000076293945,46.29999923706055,44.95000076293945,45.25,37.32106399536133,2916164
2016-04-26,45.099998474121094,46.599998474121094,45.0,46.20000076293945,38.1046028137207,5795467
2016-04-27,46.25,46.79999923706055,45.650001525878906,45.95000076293945,37.89840316772461,3324388
2016-04-28,46.04999923706055,47.70000076293945,45.54999923706055,46.95000076293945,38.72317886352539,9768122
2016-04-29,47.150001525878906,48.79999923706055,46.29999923706055,47.400001525878906,39.094329833984375,9837764
2016-05-02,47.29999923706055,47.79999923706055,46.650001525878906,47.25,38.970611572265625,5237593
2016-05-03,47.849998474121094,48.0,45.79999923706055,46.04999923706055,37.98088073730469,5067218
2016-05-04,45.75,46.0,41.75,42.04999923706055,34.681785583496094,8178764
2016-05-05,42.54999923706055,43.0,41.349998474121094,42.099998474121094,34.723018646240234,5645796
2016-05-06,42.20000076293945,42.349998474121094,41.5,42.20000076293945,34.805503845214844,3476779
2016-05-09,42.5,43.25,42.45000076293945,42.849998474121094,35.34160232543945,3074502
2016-05-10,42.70000076293945,43.20000076293945,42.25,42.349998474121094,34.92921447753906,2893327
2016-05-11,42.0,42.54999923706055,41.5,41.79999923706055,34.4755859375,3212088
2016-05-12,42.20000076293945,42.75,41.95000076293945,42.5,35.05293655395508,2327334
2016-05-13,42.20000076293945,42.5,41.400001525878906,41.599998474121094,34.310638427734375,3252962
2016-05-16,41.599998474121094,42.0,40.5,40.79999923706055,33.650814056396484,4152534
2016-05-17,41.099998474121094,41.349998474121094,40.599998474121094,40.95000076293945,33.774532318115234,2618401
2016-05-18,40.599998474121094,42.349998474121094,40.349998474121094,42.25,34.846736907958984,4967856
2016-05-19,42.29999923706055,42.650001525878906,39.599998474121094,40.20000076293945,33.15595245361328,5739617
2016-05-20,40.20000076293945,40.599998474121094,39.45000076293945,39.599998474121094,32.66108322143555,4584605
2016-05-23,39.95000076293945,40.099998474121094,39.0,39.099998474121094,32.248695373535156,2527821
2016-05-24,38.95000076293945,39.5,38.45000076293945,39.150001525878906,32.28993225097656,2600825
2016-05-25,39.75,40.400001525878906,39.5,40.25,33.19719314575195,2510711
2016-05-26,40.45000076293945,40.95000076293945,40.0,40.70000076293945,33.568336486816406,3025219
2016-05-27,40.70000076293945,43.150001525878906,40.70000076293945,42.70000076293945,35.2178840637207,5825553
2016-05-30,43.0,43.650001525878906,42.349998474121094,43.0,35.46531677246094,6496240
2016-05-31,42.0,43.150001525878906,41.54999923706055,42.79999923706055,35.30036544799805,7434177
2016-06-01,42.79999923706055,43.099998474121094,41.5,41.79999923706055,34.4755859375,3804509
2016-06-02,41.70000076293945,42.349998474121094,41.29999923706055,42.150001525878906,34.76426315307617,2496036
2016-06-03,42.099998474121094,42.75,41.099998474121094,41.599998474121094,34.310638427734375,2960331
2016-06-06,41.5,41.849998474121094,41.0,41.349998474121094,34.10443878173828,2506562
2016-06-07,41.5,42.20000076293945,41.25,41.900001525878906,34.55807113647461,2254961
2016-06-08,42.0,42.5,41.70000076293945,42.0,34.64054489135742,3415655
2016-06-09,42.599998474121094,45.79999923706055,42.349998474121094,45.099998474121094,37.19734191894531,21478493
2016-06-10,45.099998474121094,46.0,44.650001525878906,45.099998474121094,37.19734191894531,8822286
2016-06-13,44.0,44.75,43.599998474121094,43.900001525878906,36.20761489868164,3940128
2016-06-14,44.04999923706055,45.599998474121094,43.900001525878906,45.04999923706055,37.15610885620117,6977492
2016-06-15,45.5,45.650001525878906,44.400001525878906,44.70000076293945,36.8674430847168,3755682
2016-06-16,44.900001525878906,45.849998474121094,44.099998474121094,44.900001525878906,37.03239440917969,5589722
2016-06-17,45.599998474121094,45.79999923706055,44.349998474121094,44.599998474121094,36.78496170043945,4691105
2016-06-20,44.25,45.349998474121094,44.04999923706055,45.150001525878906,37.23858642578125,4287090
2016-06-21,45.0,45.599998474121094,44.5,44.650001525878906,36.82619857788086,2723522
2016-06-22,44.54999923706055,44.79999923706055,43.79999923706055,43.95000076293945,36.24885559082031,2944141
2016-06-23,43.849998474121094,44.20000076293945,43.400001525878906,43.900001525878906,36.20761489868164,2006318
2016-06-24,42.400001525878906,42.54999923706055,40.70000076293945,42.349998474121094,34.92921447753906,6464412
2016-06-27,42.29999923706055,43.04999923706055,42.099998474121094,42.75,35.259124755859375,3676006
2016-06-28,42.95000076293945,43.349998474121094,42.599998474121094,42.900001525878906,35.382843017578125,3379373
2016-06-29,43.04999923706055,44.0,43.0,43.79999923706055,36.12514114379883,3359056
2016-06-30,44.099998474121094,46.0,43.95000076293945,45.349998474121094,37.40353775024414,9142481
2016-07-01,45.599998474121094,46.79999923706055,45.599998474121094,46.349998474121094,38.228309631347656,6748213
2016-07-04,46.79999923706055,47.29999923706055,46.54999923706055,46.79999923706055,38.599464416503906,4234895
2016-07-05,47.29999923706055,48.20000076293945,47.0,47.5,39.17680358886719,6201901
2016-07-07,48.0,48.20000076293945,47.0,47.099998474121094,38.846900939941406,4898296
2016-07-08,46.900001525878906,47.099998474121094,46.20000076293945,46.650001525878906,38.475746154785156,2461739
2016-07-11,47.29999923706055,47.5,47.04999923706055,47.400001525878906,39.094329833984375,2773749
2016-07-12,47.5,49.79999923706055,47.400001525878906,49.5,40.82636260986328,7898035
2016-07-13,50.0,51.150001525878906,49.150001525878906,49.849998474121094,41.115028381347656,13694616
2016-07-14,49.900001525878906,50.349998474121094,49.5,49.79999923706055,41.07379150390625,4226916
2016-07-15,50.20000076293945,50.79999923706055,49.75,50.0,41.238746643066406,6675757
2016-07-18,50.20000076293945,50.45000076293945,47.75,48.29999923706055,39.83662796020508,4284524
2016-07-19,48.70000076293945,48.95000076293945,47.75,48.45000076293945,39.96034622192383,5187400
2016-07-20,48.599998474121094,48.849998474121094,47.5,47.849998474121094,39.46548080444336,5277547
2016-07-21,47.849998474121094,48.54999923706055,46.54999923706055,46.650001525878906,38.475746154785156,3547423
2016-07-22,47.0,48.45000076293945,46.150001525878906,47.95000076293945,39.54795837402344,7281827
2016-07-25,48.099998474121094,48.70000076293945,47.70000076293945,48.29999923706055,39.83662796020508,4827315
2016-07-26,48.599998474121094,49.900001525878906,48.20000076293945,48.54999923706055,40.04282760620117,7982401
2016-07-27,48.79999923706055,49.20000076293945,47.79999923706055,48.75,40.20777130126953,9315943
2016-07-28,49.0,49.20000076293945,47.150001525878906,47.349998474121094,39.05309295654297,10033797
2016-07-29,47.5,48.099998474121094,46.599998474121094,46.95000076293945,38.72317886352539,5642337
2016-08-01,47.5,47.95000076293945,46.150001525878906,47.349998474121094,39.05309295654297,8910330
2016-08-02,47.400001525878906,47.599998474121094,45.79999923706055,46.04999923706055,37.98088073730469,5387384
2016-08-03,46.599998474121094,46.70000076293945,45.650001525878906,45.900001525878906,37.85717010498047,5710555
2016-08-04,46.400001525878906,47.25,45.79999923706055,46.75,38.5582275390625,5386938
2016-08-05,47.79999923706055,48.79999923706055,47.5,48.099998474121094,39.67167282104492,13258689
2016-08-08,48.54999923706055,48.849998474121094,47.599998474121094,47.900001525878906,39.506717681884766,5442880
2016-08-09,48.20000076293945,48.20000076293945,46.849998474121094,47.04999923706055,38.80565643310547,4599264
2016-08-10,47.20000076293945,47.400001525878906,45.79999923706055,45.900001525878906,37.85717010498047,5331221
2016-08-11,45.5,46.20000076293945,45.0,45.54999923706055,37.56850051879883,3827030
2016-08-12,46.04999923706055,46.45000076293945,45.5,45.849998474121094,37.8159294128418,4113003
2016-08-16,46.0,46.349998474121094,45.54999923706055,46.150001525878906,38.0633659362793,3564485
2016-08-17,46.04999923706055,48.650001525878906,45.900001525878906,48.150001525878906,39.712913513183594,17430827
2016-08-18,48.650001525878906,48.900001525878906,47.79999923706055,48.0,39.589195251464844,9392497
2016-08-19,48.25,50.0,47.95000076293945,49.54999923706055,40.86759567260742,30285716
2016-08-22,49.79999923706055,51.0,48.150001525878906,50.20000076293945,41.40370178222656,18837563
2016-08-23,50.29999923706055,50.70000076293945,48.900001525878906,49.900001525878906,41.15626907348633,12322070
2016-08-24,50.04999923706055,50.400001525878906,49.400001525878906,49.75,41.03255081176758,4312215
2016-08-25,49.70000076293945,49.900001525878906,48.5,48.70000076293945,40.166534423828125,11314209
2016-08-26,48.79999923706055,49.0,47.79999923706055,48.04999923706055,39.630428314208984,3819994
2016-08-29,48.099998474121094,48.5,47.400001525878906,48.25,39.795387268066406,3677947
2016-08-30,48.70000076293945,49.099998474121094,48.349998474121094,48.79999923706055,40.2490119934082,5344651
2016-08-31,49.45000076293945,49.45000076293945,48.0,48.20000076293945,39.754150390625,5214324
2016-09-01,48.25,48.599998474121094,47.70000076293945,48.0,39.589195251464844,4101319
2016-09-02,47.75,48.20000076293945,47.5,48.04999923706055,39.630428314208984,3346376
2016-09-06,48.20000076293945,48.79999923706055,48.150001525878906,48.650001525878906,40.125301361083984,4230003
2016-09-07,48.599998474121094,52.54999923706055,48.5,51.75,42.68210220336914,25783698
2016-09-08,52.5,54.70000076293945,52.5,53.75,44.33164596557617,34723722
2016-09-09,50.20000076293945,52.25,50.20000076293945,50.650001525878906,41.77485275268555,28866955
2016-09-12,50.0,50.099998474121094,47.54999923706055,47.79999923706055,39.42424011230469,8031455
2016-09-14,48.29999923706055,48.400001525878906,47.29999923706055,47.95000076293945,39.54795837402344,7113469
2016-09-15,48.349998474121094,48.400001525878906,47.54999923706055,47.79999923706055,39.42424011230469,3859038
2016-09-16,48.20000076293945,48.349998474121094,46.349998474121094,46.54999923706055,38.39326858520508,14827506
2016-09-19,46.900001525878906,47.5,46.599998474121094,47.20000076293945,38.92937469482422,4039641
2016-09-20,47.20000076293945,48.54999923706055,46.95000076293945,47.70000076293945,39.34176254272461,6870795
2016-09-21,47.599998474121094,48.45000076293945,47.54999923706055,47.849998474121094,39.46548080444336,4756315
2016-09-22,48.400001525878906,49.150001525878906,48.25,48.95000076293945,40.37273025512695,6905499
2016-09-23,48.79999923706055,49.400001525878906,48.5,48.75,40.20777130126953,6402812
2016-09-26,48.599998474121094,49.099998474121094,47.75,47.900001525878906,39.506717681884766,4195966
2016-09-27,48.099998474121094,48.400001525878906,47.099998474121094,47.20000076293945,38.92937469482422,3262374
2016-09-28,47.20000076293945,49.0,47.099998474121094,48.75,40.20777130126953,5185328
2016-09-29,49.0,49.099998474121094,44.150001525878906,45.20000076293945,37.279823303222656,11385985
2016-09-30,45.20000076293945,46.650001525878906,45.099998474121094,46.29999923706055,38.187076568603516,7635654
2016-10-03,46.900001525878906,48.400001525878906,46.54999923706055,48.04999923706055,39.630428314208984,8055614
2016-10-04,48.400001525878906,49.150001525878906,48.099998474121094,48.79999923706055,40.2490119934082,7776466
2016-10-05,49.5,49.75,48.400001525878906,48.650001525878906,40.125301361083984,5035449
2016-10-06,48.900001525878906,49.04999923706055,47.599998474121094,47.95000076293945,39.54795837402344,4043421
2016-10-07,48.099998474121094,50.20000076293945,47.900001525878906,49.95000076293945,41.197505950927734,10928654
2016-10-10,50.5,51.20000076293945,50.150001525878906,50.45000076293945,41.60988998413086,9595964
2016-10-13,50.150001525878906,50.150001525878906,47.54999923706055,48.349998474121094,39.87786102294922,8627247
2016-10-14,48.400001525878906,48.5,47.599998474121094,47.75,39.382999420166016,4994061
2016-10-17,47.849998474121094,48.45000076293945,47.0,47.25,38.970611572265625,4268947
2016-10-18,47.400001525878906,48.900001525878906,47.400001525878906,48.5,40.001583099365234,5506103
2016-10-19,48.650001525878906,48.900001525878906,48.20000076293945,48.400001525878906,39.919105529785156,4028746
2016-10-20,48.650001525878906,49.75,48.5,49.5,40.82636260986328,7000221
2016-10-21,49.45000076293945,50.5,48.75,50.29999923706055,41.48617935180664,6424830
2016-10-24,50.5,50.599998474121094,49.5,49.650001525878906,40.950077056884766,3147641
2016-10-25,49.099998474121094,51.400001525878906,48.900001525878906,50.599998474121094,41.733612060546875,9615932
2016-10-26,50.650001525878906,51.95000076293945,50.04999923706055,50.75,41.857322692871094,13040727
2016-10-27,50.599998474121094,50.849998474121094,49.54999923706055,49.75,41.03255081176758,6376472
2016-10-28,49.70000076293945,52.29999923706055,49.650001525878906,52.04999923706055,42.929534912109375,7598186
2016-11-01,52.20000076293945,53.25,51.25,52.29999923706055,43.13572692871094,12872674
2016-11-02,51.099998474121094,52.150001525878906,50.599998474121094,51.29999923706055,42.31095504760742,10613748
2016-11-03,51.150001525878906,53.20000076293945,50.900001525878906,51.150001525878906,42.18723678588867,14430807
2016-11-04,51.54999923706055,52.0,49.5,49.95000076293945,41.197505950927734,9553759
2016-11-07,50.95000076293945,51.45000076293945,50.650001525878906,51.0,42.06352233886719,4737765
2016-11-08,51.29999923706055,51.54999923706055,50.70000076293945,51.150001525878906,42.18723678588867,4336946
2016-11-09,46.04999923706055,50.349998474121094,44.099998474121094,49.75,41.03255081176758,18426762
2016-11-10,50.95000076293945,53.70000076293945,50.900001525878906,52.70000076293945,43.46563720703125,10952328
2016-11-11,51.79999923706055,52.70000076293945,50.70000076293945,51.400001525878906,42.393428802490234,10302551
2016-11-15,50.29999923706055,51.400001525878906,49.150001525878906,50.0,41.238746643066406,10504245
2016-11-16,50.599998474121094,50.900001525878906,49.599998474121094,50.25,41.44493103027344,7441538
2016-11-17,50.0,50.95000076293945,49.75,49.900001525878906,41.15626907348633,4579608
2016-11-18,50.0,50.29999923706055,48.849998474121094,49.25,40.62015914916992,4591348
2016-11-21,49.349998474121094,49.349998474121094,47.25,47.599998474121094,39.259281158447266,8066401
2016-11-22,47.849998474121094,48.25,47.099998474121094,47.95000076293945,39.54795837402344,4503430
2016-11-23,48.45000076293945,49.29999923706055,47.75,48.849998474121094,40.29025650024414,5821786
2016-11-24,48.150001525878906,49.099998474121094,47.900001525878906,48.70000076293945,40.166534423828125,5901365
2016-11-25,48.79999923706055,50.400001525878906,48.29999923706055,50.099998474121094,41.32122039794922,4595966
2016-11-28,50.04999923706055,52.0,50.0,51.45000076293945,42.434669494628906,5875318
2016-11-29,51.29999923706055,51.70000076293945,50.70000076293945,50.849998474121094,41.93980026245117,3767763
2016-11-30,51.5,51.900001525878906,50.70000076293945,51.20000076293945,42.22847366333008,6068873
2016-12-01,51.20000076293945,51.400001525878906,50.400001525878906,50.599998474121094,41.733612060546875,3099145
2016-12-02,50.099998474121094,50.900001525878906,49.400001525878906,49.54999923706055,40.86759567260742,2927308
2016-12-05,49.70000076293945,51.349998474121094,49.599998474121094,51.0,42.06352233886719,3383056
2016-12-06,51.29999923706055,51.70000076293945,51.04999923706055,51.20000076293945,42.22847366333008,3239754
2016-12-07,51.29999923706055,52.75,51.099998474121094,52.0,42.8882942199707,6346265
2016-12-08,53.099998474121094,54.29999923706055,52.650001525878906,53.54999923706055,44.166690826416016,13381525
2016-12-09,53.04999923706055,55.70000076293945,52.5,55.25,45.56881332397461,16337968
2016-12-12,55.0,56.099998474121094,54.349998474121094,54.95000076293945,45.321372985839844,11277764
2016-12-13,54.79999923706055,55.25,53.70000076293945,54.04999923706055,44.579078674316406,5173955
2016-12-14,54.0,54.400001525878906,52.20000076293945,52.45000076293945,43.25944900512695,6127007
2016-12-15,51.25,53.70000076293945,51.25,53.0,43.713069915771484,5184297
2016-12-16,53.599998474121094,53.650001525878906,52.099998474121094,52.25,43.094486236572266,4181183
2016-12-19,52.0,52.75,51.900001525878906,52.25,43.094486236572266,2788986
2016-12-20,52.45000076293945,52.599998474121094,50.650001525878906,51.099998474121094,42.145992279052734,3928500
2016-12-21,51.45000076293945,52.0,51.0,51.25,42.26971435546875,2652851
2016-12-22,50.75,51.29999923706055,49.29999923706055,49.75,41.03255081176758,3844415
2016-12-23,49.75,50.20000076293945,49.04999923706055,49.349998474121094,40.70263671875,3664692
2016-12-26,49.20000076293945,49.400001525878906,47.75,47.849998474121094,39.46548080444336,3051590
2016-12-27,48.0,48.599998474121094,47.099998474121094,48.5,40.001583099365234,3235398
2016-12-28,48.20000076293945,49.04999923706055,48.099998474121094,48.25,39.795387268066406,2745330
2016-12-29,48.29999923706055,50.04999923706055,48.099998474121094,49.400001525878906,40.74388122558594,4903593
2016-12-30,49.5,50.099998474121094,49.04999923706055,49.29999923706055,40.661407470703125,3554588
2017-01-02,49.5,50.79999923706055,48.849998474121094,50.5,41.6511344909668,4182027
2017-01-03,51.0,52.0,50.54999923706055,51.650001525878906,42.59962463378906,5086489
2017-01-04,51.849998474121094,51.849998474121094,50.400001525878906,50.54999923706055,41.69236755371094,4867877
2017-01-05,51.29999923706055,52.20000076293945,51.099998474121094,51.95000076293945,42.8470573425293,5663048
2017-01-06,52.099998474121094,52.599998474121094,51.79999923706055,52.0,42.8882942199707,4097516
2017-01-09,52.25,52.900001525878906,52.0,52.349998474121094,43.176963806152344,2638243
2017-01-10,52.400001525878906,53.150001525878906,52.400001525878906,52.849998474121094,43.58934783935547,2774198
2017-01-11,53.150001525878906,56.54999923706055,53.150001525878906,55.95000076293945,46.14615249633789,16932115
2017-01-12,56.29999923706055,58.20000076293945,54.79999923706055,57.25,47.218360900878906,11639527
2017-01-13,57.5,58.29999923706055,56.54999923706055,57.599998474121094,47.50703430175781,7976349
2017-01-16,57.54999923706055,59.75,57.0,59.0,48.661720275878906,9617801
2017-01-17,59.75,60.25,58.45000076293945,59.349998474121094,48.95039367675781,9488915
2017-01-18,59.599998474121094,60.54999923706055,59.25,59.599998474121094,49.156578063964844,6409647
2017-01-19,59.54999923706055,59.900001525878906,59.20000076293945,59.5,49.07410430908203,4074039
2017-01-20,59.54999923706055,59.70000076293945,57.5,58.150001525878906,47.960662841796875,4503618
2017-01-23,58.20000076293945,61.79999923706055,58.04999923706055,61.349998474121094,50.59994125366211,8109530
2017-01-24,61.900001525878906,62.20000076293945,61.04999923706055,61.849998474121094,51.012325286865234,6758686
2017-01-25,62.0,62.900001525878906,61.650001525878906,62.04999923706055,51.177284240722656,7748356
2017-01-27,62.54999923706055,65.30000305175781,61.400001525878906,63.70000076293945,52.53815841674805,10447495
2017-01-30,63.0,65.1500015258789,62.70000076293945,64.0999984741211,52.868064880371094,6488512
2017-01-31,64.0999984741211,65.19999694824219,63.400001525878906,63.54999923706055,52.41444396972656,5667605
2017-02-01,63.599998474121094,66.30000305175781,63.5,65.69999694824219,54.187705993652344,5943036
2017-02-02,66.0,67.1500015258789,65.0,66.0999984741211,54.51762771606445,8536836
2017-02-03,66.19999694824219,66.75,64.9000015258789,65.69999694824219,54.187705993652344,6179815
2017-02-06,66.05000305175781,66.75,65.55000305175781,65.75,54.228946685791016,4039553
2017-02-07,66.0,67.4000015258789,65.44999694824219,66.44999694824219,54.8062858581543,5369534
2017-02-08,66.94999694824219,68.1500015258789,66.25,66.80000305175781,55.09495544433594,6762556
2017-02-09,66.69999694824219,67.5999984741211,65.25,65.9000015258789,54.352664947509766,7210142
2017-02-10,66.0999984741211,66.25,61.400001525878906,61.900001525878906,51.05356979370117,12944409
2017-02-13,62.0,63.04999923706055,60.79999923706055,61.650001525878906,50.847373962402344,9344061
2017-02-14,62.25,62.25,60.150001525878906,60.75,50.10507583618164,6643359
2017-02-15,60.79999923706055,61.45000076293945,58.099998474121094,59.0,48.661720275878906,7358587
2017-02-16,59.150001525878906,60.75,58.150001525878906,60.400001525878906,49.816402435302734,12774408
2017-02-17,60.70000076293945,61.599998474121094,59.599998474121094,59.849998474121094,49.36277770996094,6301218
2017-02-20,60.150001525878906,62.20000076293945,59.70000076293945,61.650001525878906,50.847373962402344,7778276
2017-02-21,62.099998474121094,62.75,61.70000076293945,62.25,51.34223556518555,5282801
2017-02-22,62.45000076293945,62.54999923706055,60.29999923706055,60.5,49.89888381958008,5899247
2017-02-23,60.150001525878906,60.54999923706055,59.54999923706055,60.099998474121094,49.568965911865234,11849267
2017-02-27,60.75,61.29999923706055,60.099998474121094,60.349998474121094,49.77516555786133,4430390
2017-02-28,60.45000076293945,61.79999923706055,60.29999923706055,61.20000076293945,50.47623062133789,5572783
2017-03-01,61.650001525878906,63.54999923706055,61.25,63.349998474121094,52.24948501586914,8575981
2017-03-02,64.19999694824219,64.6500015258789,61.400001525878906,61.900001525878906,51.05356979370117,9286145
2017-03-03,61.45000076293945,62.400001525878906,61.099998474121094,62.150001525878906,51.259761810302734,4983590
2017-03-06,62.20000076293945,62.75,61.70000076293945,62.349998474121094,51.424713134765625,4161256
2017-03-07,62.20000076293945,62.20000076293945,60.20000076293945,60.400001525878906,49.816402435302734,3983018
2017-03-08,60.54999923706055,60.95000076293945,59.0,59.75,49.28030014038086,5860622
2017-03-09,59.29999923706055,60.04999923706055,58.900001525878906,59.25,48.867916107177734,3887612
2017-03-10,59.79999923706055,60.20000076293945,58.75,59.29999923706055,48.90915298461914,4074793
2017-03-14,60.400001525878906,60.849998474121094,59.79999923706055,60.04999923706055,49.527732849121094,4417823
2017-03-15,60.25,60.70000076293945,59.79999923706055,60.04999923706055,49.527732849121094,5416419
2017-03-16,60.5,64.1500015258789,60.5,63.650001525878906,52.496925354003906,15944230
2017-03-17,63.95000076293945,64.5999984741211,62.54999923706055,63.400001525878906,52.29072189331055,7331709
2017-03-20,63.5,64.1500015258789,62.599998474121094,63.79999923706055,52.62063217163086,3662864
2017-03-21,63.75,63.75,62.75,63.20000076293945,52.12577438354492,3515817
2017-03-22,62.5,62.5,61.349998474121094,61.54999923706055,50.764888763427734,3668111
2017-03-23,61.599998474121094,62.25,61.599998474121094,61.900001525878906,51.05356979370117,2788339
2017-03-24,62.0,63.5,61.900001525878906,62.5,51.548431396484375,4884114
2017-03-27,62.25,62.25,60.099998474121094,60.25,49.69268798828125,4372107
2017-03-28,60.400001525878906,60.95000076293945,60.04999923706055,60.25,49.69268798828125,2844256
2017-03-29,60.900001525878906,61.79999923706055,60.5,61.45000076293945,50.68242263793945,4305900
2017-03-30,61.95000076293945,62.45000076293945,60.900001525878906,61.04999923706055,50.352508544921875,4015416
2017-03-31,61.20000076293945,61.900001525878906,61.150001525878906,61.29999923706055,50.55869674682617,2650706
2017-04-03,61.599998474121094,63.650001525878906,61.400001525878906,63.099998474121094,52.04329299926758,5860073
2017-04-05,63.70000076293945,66.0999984741211,63.5,65.4000015258789,53.94028091430664,12542629
2017-04-06,65.30000305175781,67.80000305175781,64.25,67.44999694824219,55.63106918334961,10735079
2017-04-07,67.1500015258789,68.5999984741211,65.94999694824219,66.30000305175781,54.682579040527344,10656412
2017-04-10,66.80000305175781,67.4000015258789,66.19999694824219,66.75,55.0537223815918,5236690
2017-04-11,67.05000305175781,67.19999694824219,64.80000305175781,65.6500015258789,54.14646911621094,6982776
2017-04-12,65.69999694824219,66.5999984741211,63.54999923706055,63.849998474121094,52.66188049316406,5586703
2017-04-13,63.70000076293945,63.900001525878906,62.0,62.20000076293945,51.30099868774414,5805349
2017-04-17,62.099998474121094,62.79999923706055,61.0,61.25,50.5174560546875,8398998
2017-04-18,61.29999923706055,62.70000076293945,60.099998474121094,60.29999923706055,49.73392868041992,6915722
2017-04-19,60.25,60.849998474121094,59.400001525878906,60.650001525878906,50.02259826660156,5676056
2017-04-20,60.95000076293945,61.599998474121094,60.45000076293945,60.79999923706055,50.14630889892578,4983581
2017-04-21,61.099998474121094,61.400001525878906,59.900001525878906,60.29999923706055,49.73392868041992,7914991
2017-04-24,60.599998474121094,60.849998474121094,60.04999923706055,60.20000076293945,49.65144729614258,5682648
2017-04-25,60.75,60.95000076293945,60.25,60.5,49.89888381958008,4214847
2017-04-26,60.900001525878906,61.599998474121094,59.95000076293945,60.25,49.69268798828125,7083751
2017-04-27,60.54999923706055,60.54999923706055,59.54999923706055,59.849998474121094,49.36277770996094,4792777
2017-04-28,60.29999923706055,61.54999923706055,60.0,60.349998474121094,49.77516555786133,7790087
2017-05-02,60.75,61.0,58.54999923706055,59.20000076293945,48.82667922973633,6313252
2017-05-03,59.20000076293945,61.75,58.5,61.349998474121094,50.59994125366211,12349986
2017-05-04,63.0,63.04999923706055,61.099998474121094,61.5,50.72366714477539,20777112
2017-05-05,61.79999923706055,62.0,59.29999923706055,59.900001525878906,49.404014587402344,10157139
2017-05-08,59.900001525878906,60.95000076293945,59.349998474121094,60.45000076293945,49.857643127441406,4125126
2017-05-09,60.650001525878906,61.349998474121094,60.45000076293945,60.650001525878906,50.02259826660156,4214043
2017-05-10,60.849998474121094,61.349998474121094,60.70000076293945,61.099998474121094,50.393741607666016,4503794
2017-05-11,61.5,61.849998474121094,60.79999923706055,61.0,50.3112678527832,5857547
2017-05-12,60.95000076293945,61.45000076293945,59.79999923706055,60.400001525878906,49.816402435302734,7838609
2017-05-15,60.599998474121094,61.95000076293945,60.54999923706055,61.849998474121094,51.012325286865234,7911673
2017-05-16,62.95000076293945,62.95000076293945,61.25,61.5,50.72366714477539,7284542
2017-05-17,61.5,63.25,61.5,62.5,51.548431396484375,11284519
2017-05-18,62.29999923706055,62.5,60.0,60.400001525878906,49.816402435302734,6132613
2017-05-19,60.900001525878906,61.54999923706055,59.75,60.45000076293945,49.857643127441406,5413813
2017-05-22,60.95000076293945,61.20000076293945,60.04999923706055,60.150001525878906,49.6102180480957,4841919
2017-05-23,60.25,60.79999923706055,57.75,59.400001525878906,48.991634368896484,7583048
2017-05-24,59.79999923706055,60.150001525878906,56.650001525878906,56.900001525878906,46.929691314697266,6865859
2017-05-25,57.349998474121094,57.75,56.25,56.900001525878906,46.929691314697266,8187603
2017-05-26,57.04999923706055,59.75,57.04999923706055,59.20000076293945,48.82667922973633,9788368
2017-05-29,59.25,60.650001525878906,58.04999923706055,58.45000076293945,48.20808792114258,7518528
2017-05-30,58.5,58.79999923706055,57.20000076293945,58.349998474121094,48.125614166259766,6333413
2017-05-31,57.900001525878906,59.0,57.04999923706055,57.150001525878906,47.135887145996094,8243661
2017-06-01,57.150001525878906,57.54999923706055,56.29999923706055,56.75,46.805973052978516,7312119
2017-06-02,57.150001525878906,58.099998474121094,56.5,57.29999923706055,47.259605407714844,5264946
2017-06-05,57.79999923706055,57.95000076293945,56.900001525878906,57.04999923706055,47.053401947021484,3222701
2017-06-06,57.150001525878906,57.349998474121094,56.54999923706055,56.849998474121094,46.88845443725586,2716377
2017-06-07,56.849998474121094,57.29999923706055,56.599998474121094,57.0,47.01217269897461,2962810
2017-06-08,57.5,58.70000076293945,57.400001525878906,57.650001525878906,47.548274993896484,6360632
2017-06-09,58.0,58.0,57.0,57.400001525878906,47.342079162597656,5363273
2017-06-12,57.45000076293945,57.95000076293945,56.900001525878906,57.150001525878906,47.135887145996094,3282017
2017-06-13,57.29999923706055,57.599998474121094,56.20000076293945,56.400001525878906,46.517303466796875,3015989
2017-06-14,56.349998474121094,56.5,55.5,55.900001525878906,46.104915618896484,4263882
2017-06-15,55.75,57.04999923706055,55.650001525878906,56.400001525878906,46.517303466796875,3211998
2017-06-16,56.54999923706055,57.54999923706055,56.5,56.900001525878906,46.929691314697266,5609766
2017-06-19,57.25,57.900001525878906,56.900001525878906,57.650001525878906,47.548274993896484,3398821
2017-06-20,57.849998474121094,58.099998474121094,57.04999923706055,57.349998474121094,47.30083465576172,3248932
2017-06-21,57.20000076293945,58.04999923706055,57.04999923706055,57.29999923706055,47.259605407714844,3565857
2017-06-22,57.5,59.29999923706055,57.400001525878906,58.45000076293945,48.20808792114258,7793945
2017-06-23,58.04999923706055,58.849998474121094,56.849998474121094,57.599998474121094,47.50703430175781,6219574
2017-06-27,57.5,57.79999923706055,56.20000076293945,56.45000076293945,46.55854034423828,2837947
2017-06-28,56.5,57.45000076293945,56.150001525878906,57.04999923706055,47.053401947021484,3812635
2017-06-29,57.29999923706055,58.150001525878906,57.20000076293945,57.95000076293945,47.79570388793945,3287696
2017-06-30,58.0,58.849998474121094,57.400001525878906,58.349998474121094,48.125614166259766,3300878
2017-07-03,58.5,59.04999923706055,58.349998474121094,58.849998474121094,48.53799819946289,2246544
2017-07-04,58.75,59.45000076293945,58.150001525878906,58.349998474121094,48.125614166259766,2971290
2017-07-05,58.349998474121094,59.849998474121094,58.099998474121094,59.599998474121094,49.156578063964844,4696131
2017-07-06,59.75,60.349998474121094,59.5,59.650001525878906,49.19782638549805,5761233
2017-07-07,59.5,62.20000076293945,59.45000076293945,61.650001525878906,50.847373962402344,8171242
2017-07-10,61.79999923706055,63.25,61.650001525878906,62.95000076293945,51.91958236694336,1924697
2017-07-11,63.400001525878906,63.650001525878906,61.54999923706055,61.75,50.92985153198242,5141197
2017-07-12,61.849998474121094,62.70000076293945,61.70000076293945,62.20000076293945,51.30099868774414,3347756
2017-07-13,62.349998474121094,62.75,61.099998474121094,61.849998474121094,51.012325286865234,4053240
2017-07-14,62.099998474121094,62.349998474121094,61.20000076293945,61.70000076293945,50.88861083984375,5370180
2017-07-17,61.849998474121094,62.349998474121094,61.29999923706055,61.79999923706055,50.971092224121094,3859703
2017-07-18,62.0,63.45000076293945,61.70000076293945,62.75,51.75461959838867,6182110
2017-07-19,62.900001525878906,64.0,62.75,63.650001525878906,52.496925354003906,6525284
2017-07-20,63.75,63.79999923706055,62.70000076293945,62.900001525878906,51.87834548950195,3111343
2017-07-21,62.900001525878906,63.20000076293945,61.70000076293945,62.45000076293945,51.5071907043457,2522468
2017-07-24,62.5,65.0,62.25,63.29999923706055,52.208251953125,8755773
2017-07-25,63.400001525878906,63.849998474121094,62.70000076293945,63.54999923706055,52.41444396972656,7292351
2017-07-26,63.70000076293945,64.6500015258789,63.45000076293945,63.900001525878906,52.703121185302734,4655335
2017-07-27,64.5999984741211,64.8499984741211,63.04999923706055,63.29999923706055,52.208251953125,7029529
2017-07-28,63.29999923706055,63.400001525878906,62.29999923706055,62.54999923706055,51.58966827392578,3364038
2017-07-31,62.75,64.0,62.70000076293945,63.25,52.16701126098633,5526155
2017-08-01,63.5,63.900001525878906,62.900001525878906,63.099998474121094,52.04329299926758,2346252
2017-08-02,63.29999923706055,63.5,62.5,63.20000076293945,52.12577438354492,3088278
2017-08-03,63.20000076293945,63.20000076293945,60.29999923706055,60.75,50.10507583618164,5498245
2017-08-04,60.5,62.150001525878906,60.04999923706055,61.70000076293945,50.88861083984375,2915456
2017-08-07,61.95000076293945,62.900001525878906,61.900001525878906,62.400001525878906,51.4659538269043,3876935
2017-08-08,62.95000076293945,64.80000305175781,62.75,62.95000076293945,51.91958236694336,12125094
2017-08-09,62.849998474121094,63.29999923706055,60.75,61.45000076293945,50.68242263793945,4534693
2017-08-10,61.0,61.400001525878906,58.45000076293945,58.849998474121094,48.53799819946289,5435430
2017-08-11,58.099998474121094,58.400001525878906,56.20000076293945,56.5,46.59977722167969,5706740
2017-08-14,55.849998474121094,58.400001525878906,55.20000076293945,58.04999923706055,47.8781852722168,6854206
2017-08-16,58.400001525878906,59.70000076293945,57.0,59.25,48.867916107177734,6459649
2017-08-17,59.5,60.45000076293945,58.70000076293945,59.04999923706055,48.70296096801758,5109015
2017-08-18,58.5,60.29999923706055,57.95000076293945,59.70000076293945,49.23906326293945,5890123
2017-08-21,60.54999923706055,61.75,59.20000076293945,59.45000076293945,49.032867431640625,6574776
2017-08-22,59.45000076293945,60.150001525878906,58.29999923706055,58.79999923706055,48.49676513671875,4384775
2017-08-23,59.099998474121094,60.849998474121094,58.849998474121094,60.70000076293945,50.06383514404297,4200968
2017-08-24,60.900001525878906,61.599998474121094,60.0,60.650001525878906,50.02259826660156,6898559
2017-08-28,60.849998474121094,61.70000076293945,60.79999923706055,61.5,50.72366714477539,3574745
2017-08-29,61.45000076293945,61.54999923706055,60.349998474121094,61.04999923706055,50.352508544921875,5909878
2017-08-30,61.25,62.29999923706055,61.25,61.79999923706055,50.971092224121094,3036384
2017-08-31,61.75,61.79999923706055,60.45000076293945,60.79999923706055,50.14630889892578,7096293
2017-09-01,61.29999923706055,63.0,60.900001525878906,62.599998474121094,51.63091278076172,5370376
2017-09-04,62.45000076293945,62.95000076293945,61.099998474121094,62.29999923706055,51.38347244262695,4346647
2017-09-05,62.79999923706055,63.20000076293945,61.79999923706055,62.29999923706055,51.38347244262695,3034910
2017-09-06,61.900001525878906,63.099998474121094,61.29999923706055,62.04999923706055,51.177284240722656,3784294
2017-09-07,62.150001525878906,63.099998474121094,62.099998474121094,62.70000076293945,51.71338653564453,3949893
2017-09-08,62.95000076293945,64.44999694824219,62.70000076293945,63.099998474121094,52.04329299926758,6040103
2017-09-11,63.79999923706055,63.79999923706055,62.79999923706055,63.04999923706055,52.00205612182617,3878612
2017-09-12,63.5,64.0999984741211,63.150001525878906,63.29999923706055,52.208251953125,3562146
2017-09-13,63.29999923706055,63.5,61.70000076293945,61.95000076293945,51.09479904174805,3490421
2017-09-14,62.349998474121094,62.45000076293945,61.29999923706055,62.04999923706055,51.177284240722656,2778804
2017-09-15,62.70000076293945,62.79999923706055,61.20000076293945,62.349998474121094,51.424713134765625,7215193
2017-09-18,62.0,62.400001525878906,61.5,61.650001525878906,50.847373962402344,4519786
2017-09-19,61.79999923706055,62.70000076293945,61.400001525878906,62.45000076293945,51.5071907043457,5054436
2017-09-20,62.54999923706055,63.45000076293945,62.150001525878906,62.29999923706055,51.38347244262695,4678059
2017-09-21,62.29999923706055,62.54999923706055,60.54999923706055,61.04999923706055,50.352508544921875,3388176
2017-09-22,60.349998474121094,60.349998474121094,57.650001525878906,57.900001525878906,47.75447082519531,6250311
2017-09-25,58.099998474121094,58.099998474121094,56.29999923706055,56.650001525878906,46.72350311279297,5091711
2017-09-26,56.95000076293945,57.45000076293945,56.5,56.650001525878906,46.72350311279297,3826375
2017-09-27,56.849998474121094,57.0,54.04999923706055,54.20000076293945,44.70280075073242,7285442
2017-09-28,54.45000076293945,54.75,52.849998474121094,53.20000076293945,43.87802505493164,10744794
2017-09-29,53.5,54.400001525878906,53.5,53.650001525878906,44.24917221069336,4043132
2017-10-03,54.29999923706055,54.75,53.400001525878906,53.70000076293945,44.29041290283203,3003927
2017-10-04,53.79999923706055,54.099998474121094,53.45000076293945,53.849998474121094,44.414127349853516,2071170
2017-10-05,53.5,54.29999923706055,53.5,54.04999923706055,44.579078674316406,1832933
2017-10-06,54.25,56.599998474121094,54.25,56.349998474121094,46.47606658935547,5949742
2017-10-09,56.5,57.900001525878906,56.349998474121094,56.650001525878906,46.72350311279297,3455859
2017-10-10,57.5,58.150001525878906,56.70000076293945,56.95000076293945,46.9709358215332,4372505
2017-10-11,57.099998474121094,57.150001525878906,54.400001525878906,54.75,45.15641784667969,4893114
2017-10-12,55.0,56.29999923706055,54.5,56.04999923706055,46.22863006591797,4738073
2017-10-13,56.29999923706055,58.400001525878906,56.099998474121094,57.95000076293945,47.79570388793945,9198756
2017-10-16,58.150001525878906,59.0,57.79999923706055,58.29999923706055,48.08437728881836,4832902
2017-10-17,58.5,60.099998474121094,57.349998474121094,59.20000076293945,48.82667922973633,6594452
2017-10-18,59.5,60.900001525878906,59.400001525878906,59.5,49.07410430908203,5342486
2017-10-19,59.5,59.54999923706055,58.849998474121094,59.04999923706055,48.70296096801758,818682
2017-10-23,59.349998474121094,60.0,58.54999923706055,59.20000076293945,48.82667922973633,2896710
2017-10-24,59.5,61.75,59.400001525878906,61.599998474121094,50.80613327026367,7176012
2017-10-25,62.04999923706055,68.6500015258789,60.79999923706055,67.0,55.25992202758789,23569491
2017-10-26,67.0,78.1500015258789,65.0999984741211,76.94999694824219,63.466426849365234,56220145
2017-10-27,77.0,83.25,74.94999694824219,79.94999694824219,65.94075012207031,70823661
2017-10-30,80.55000305175781,81.5999984741211,79.1500015258789,79.8499984741211,65.85828399658203,20636166
2017-10-31,79.8499984741211,80.94999694824219,76.0,78.0,64.33245086669922,17455197
2017-11-01,78.4000015258789,83.30000305175781,78.19999694824219,81.3499984741211,67.0954360961914,24383128
2017-11-02,80.8499984741211,81.69999694824219,79.05000305175781,79.80000305175781,65.8170394897461,9323835
2017-11-03,80.1500015258789,87.5,79.5,86.9000015258789,71.67294311523438,40551954
2017-11-06,86.5,87.80000305175781,83.5,84.05000305175781,69.32234191894531,32648963
2017-11-07,85.25,85.69999694824219,77.69999694824219,78.8499984741211,65.03348541259766,22828273
2017-11-08,78.5,80.25,76.0999984741211,76.8499984741211,63.383949279785156,15130700
2017-11-09,78.19999694824219,79.80000305175781,76.5999984741211,78.3499984741211,64.62110900878906,12745631
2017-11-10,80.3499984741211,83.5,78.1500015258789,81.19999694824219,66.9717025756836,27075231
2017-11-13,81.69999694824219,81.94999694824219,78.30000305175781,78.80000305175781,64.99227142333984,11730493
2017-11-14,78.75,81.0999984741211,78.0999984741211,79.80000305175781,65.8170394897461,11020467
2017-11-15,79.69999694824219,79.69999694824219,75.0999984741211,75.80000305175781,62.51793670654297,9983153
2017-11-16,76.30000305175781,77.80000305175781,74.9000015258789,77.3499984741211,63.796348571777344,13503430
2017-11-17,78.0,81.0,78.0,78.69999694824219,64.9097900390625,13877597
2017-11-20,78.44999694824219,82.5,77.5999984741211,81.44999694824219,67.17790985107422,20144777
2017-11-21,81.94999694824219,84.44999694824219,80.30000305175781,82.94999694824219,68.41507720947266,28328519
2017-11-22,83.30000305175781,83.30000305175781,81.30000305175781,81.6500015258789,67.34288024902344,9150647
2017-11-23,81.69999694824219,83.5,81.0,82.25,67.83773803710938,9971389
2017-11-24,82.4000015258789,83.30000305175781,81.55000305175781,82.4000015258789,67.9614486694336,8680679
2017-11-27,82.0999984741211,82.5,81.25,81.80000305175781,67.46658325195312,8833776
2017-11-28,81.75,82.75,80.44999694824219,80.80000305175781,66.6418228149414,15988588
2017-11-29,80.25,81.0,77.75,78.1500015258789,64.45616149902344,12334779
2017-11-30,77.75,78.3499984741211,76.55000305175781,76.80000305175781,63.34272384643555,13066888
2017-12-01,78.5999984741211,81.25,77.9000015258789,78.25,64.53862762451172,22609615
2017-12-04,78.9000015258789,79.55000305175781,77.25,77.69999694824219,64.08499908447266,7947261
2017-12-05,77.30000305175781,78.69999694824219,76.4000015258789,78.25,64.53862762451172,11077464
2017-12-06,77.5,77.6500015258789,75.5,75.94999694824219,62.64164733886719,7420428
2017-12-07,76.25,79.19999694824219,76.19999694824219,78.75,64.95103454589844,7676266
2017-12-08,81.1500015258789,82.5,80.19999694824219,81.69999694824219,67.38411712646484,19738386
2017-12-11,82.94999694824219,82.94999694824219,81.05000305175781,81.30000305175781,67.05419921875,9839421
2017-12-12,81.1500015258789,82.69999694824219,79.94999694824219,80.25,66.18818664550781,9662865
2017-12-13,80.25,81.30000305175781,78.0999984741211,78.44999694824219,64.7035903930664,10628915
2017-12-14,78.80000305175781,79.30000305175781,75.9000015258789,77.55000305175781,63.9612922668457,10712969
2017-12-15,79.0,79.5,77.9000015258789,78.19999694824219,64.49739074707031,8849068
2017-12-18,76.5,80.80000305175781,74.75,79.5999984741211,65.65208435058594,13514024
2017-12-19,80.1500015258789,83.5,79.75,83.19999694824219,68.62127685546875,18088874
2017-12-20,83.5,85.6500015258789,83.0,84.55000305175781,69.7347183227539,20527723
2017-12-21,85.0,86.9000015258789,84.9000015258789,86.80000305175781,71.59046173095703,15037252
2017-12-22,86.69999694824219,87.6500015258789,84.8499984741211,85.44999694824219,70.47700500488281,10536115
2017-12-26,86.19999694824219,90.80000305175781,86.19999694824219,90.5,74.64212799072266,27399707
2017-12-27,90.69999694824219,93.1500015258789,89.6500015258789,91.0999984741211,75.13700103759766,22925546
2017-12-28,92.0999984741211,93.4000015258789,91.5999984741211,92.75,76.49787139892578,18685004
2017-12-29,93.0999984741211,93.75,91.55000305175781,92.1500015258789,76.00301361083984,10816220
2018-01-01,92.5999984741211,94.80000305175781,92.4000015258789,92.69999694824219,76.45661926269531,11912572
2018-01-02,93.4000015258789,93.75,90.0,91.8499984741211,75.75557708740234,10713163
2018-01-03,91.80000305175781,94.69999694824219,91.5999984741211,93.80000305175781,77.36388397216797,15846529
2018-01-04,94.4000015258789,98.5999984741211,93.3499984741211,97.9000015258789,80.7454605102539,23392017
2018-01-05,98.0999984741211,99.0,96.9000015258789,97.4000015258789,80.33306884765625,19505394
2018-01-08,97.9000015258789,101.44999694824219,97.9000015258789,98.80000305175781,81.48776245117188,15714606
2018-01-09,99.55000305175781,99.9000015258789,97.5,97.94999694824219,80.78668975830078,10358156
2018-01-10,98.5,99.3499984741211,96.5999984741211,98.44999694824219,81.1990966796875,9336838
2018-01-11,98.4000015258789,99.25,97.8499984741211,98.5,81.24031829833984,7042701
2018-01-12,98.5999984741211,99.69999694824219,97.6500015258789,98.6500015258789,81.36402893066406,9484352
2018-01-15,99.1500015258789,101.0999984741211,98.6500015258789,100.3499984741211,82.76615142822266,18763230
2018-01-16,100.44999694824219,100.6500015258789,92.5,94.30000305175781,77.77627563476562,18073465
2018-01-17,94.55000305175781,97.05000305175781,91.3499984741211,96.5,79.59077453613281,11888951
2018-01-18,96.8499984741211,97.44999694824219,91.6500015258789,92.30000305175781,76.1267318725586,16245856
2018-01-19,91.9000015258789,94.1500015258789,90.9000015258789,93.30000305175781,76.95149230957031,12912880
2018-01-22,93.3499984741211,93.44999694824219,91.5999984741211,92.44999694824219,76.25043487548828,4967870
2018-01-23,92.6500015258789,98.4000015258789,92.6500015258789,96.8499984741211,79.87944793701172,22670874
2018-01-24,95.80000305175781,96.4000015258789,93.8499984741211,94.1500015258789,77.6525650024414,7800926
2018-01-25,94.0999984741211,96.3499984741211,93.30000305175781,93.94999694824219,77.48759460449219,19732610
2018-01-29,94.30000305175781,95.44999694824219,91.4000015258789,91.8499984741211,75.75557708740234,7819606
2018-01-30,91.75,92.94999694824219,90.75,91.0999984741211,75.13700103759766,8525052
2018-01-31,90.44999694824219,91.3499984741211,87.5999984741211,88.9000015258789,73.32249450683594,13643595
2018-02-01,89.5,90.94999694824219,86.0999984741211,89.3499984741211,73.69363403320312,13593547
2018-02-02,87.80000305175781,87.80000305175781,82.0,83.5999984741211,68.951171875,13852493
2018-02-05,81.0,86.0,78.6500015258789,84.80000305175781,69.94091033935547,11446302
2018-02-06,78.0,84.75,77.05000305175781,83.94999694824219,69.23983764648438,20127433
2018-02-07,85.0,86.19999694824219,82.44999694824219,82.8499984741211,68.33260345458984,9171593
2018-02-08,83.4000015258789,86.75,83.19999694824219,86.0,70.93063354492188,10365411
2018-02-09,84.55000305175781,94.44999694824219,84.0999984741211,93.94999694824219,77.48759460449219,44334778
2018-02-12,95.3499984741211,98.30000305175781,94.9000015258789,95.3499984741211,78.64228820800781,28901756
2018-02-14,96.69999694824219,97.6500015258789,93.30000305175781,93.55000305175781,77.15769958496094,17516122
2018-02-15,94.25,96.0999984741211,91.44999694824219,92.30000305175781,76.1267318725586,15883683
2018-02-16,93.0,93.80000305175781,87.8499984741211,88.4000015258789,72.91009521484375,14791218
2018-02-19,88.5,88.69999694824219,85.55000305175781,87.30000305175781,72.00284576416016,10594319
2018-02-20,87.94999694824219,89.3499984741211,86.25,86.5,71.34303283691406,13426339
2018-02-21,86.9000015258789,87.44999694824219,83.3499984741211,84.1500015258789,69.4048080444336,11068826
2018-02-22,83.5,85.30000305175781,82.94999694824219,83.9000015258789,69.1986083984375,14241257
2018-02-23,84.69999694824219,87.5999984741211,84.0999984741211,87.05000305175781,71.79666137695312,17567924
2018-02-26,87.5999984741211,89.9000015258789,85.8499984741211,86.5,71.34303283691406,19196570
2018-02-27,87.05000305175781,87.30000305175781,83.6500015258789,84.25,69.4872817993164,14511936
2018-02-28,83.4000015258789,83.8499984741211,82.0,83.19999694824219,68.62127685546875,13081341
2018-03-01,83.19999694824219,84.8499984741211,80.6500015258789,80.9000015258789,66.72428894042969,12875529
2018-03-05,79.30000305175781,79.5,76.05000305175781,78.05000305175781,64.37368774414062,30548637
2018-03-06,79.4000015258789,80.75,74.80000305175781,75.75,62.476688385009766,21766297
2018-03-07,75.4000015258789,75.8499984741211,73.05000305175781,73.75,60.827144622802734,15117029
2018-03-08,74.4000015258789,75.5,72.19999694824219,74.30000305175781,61.2807731628418,10458364
2018-03-09,74.5999984741211,75.75,69.0999984741211,69.5,57.32185745239258,30055967
2018-03-12,70.75,72.75,69.19999694824219,72.3499984741211,59.67246627807617,19443718
2018-03-13,72.44999694824219,74.4000015258789,71.1500015258789,72.5999984741211,59.878662109375,13828988
2018-03-14,72.0,73.6500015258789,71.4000015258789,72.6500015258789,59.919891357421875,11617713
2018-03-15,72.0,76.3499984741211,72.0,75.30000305175781,62.10555648803711,15288023
2018-03-16,74.94999694824219,76.1500015258789,72.55000305175781,72.8499984741211,60.08485794067383,11625680
2018-03-19,73.0,73.0,67.55000305175781,68.9000015258789,56.826988220214844,22155007
2018-03-20,68.0,72.5,67.8499984741211,72.25,59.58998107910156,24587743
2018-03-21,72.94999694824219,73.94999694824219,71.3499984741211,72.1500015258789,59.50750732421875,15705185
2018-03-22,72.44999694824219,74.0,71.6500015258789,73.69999694824219,60.78590774536133,13462988
2018-03-23,71.19999694824219,71.19999694824219,67.1500015258789,68.69999694824219,56.66202926635742,29849099
2018-03-26,68.75,71.9000015258789,68.3499984741211,71.44999694824219,58.93016052246094,14151527
2018-03-27,72.44999694824219,74.19999694824219,72.05000305175781,73.19999694824219,60.37351989746094,11204504
2018-03-28,72.0,72.3499984741211,69.69999694824219,70.19999694824219,57.899192810058594,10434916
2018-04-02,71.69999694824219,73.5999984741211,70.55000305175781,73.05000305175781,60.249820709228516,8880959
2018-04-03,72.05000305175781,75.30000305175781,72.05000305175781,74.94999694824219,61.816871643066406,12472759
2018-04-04,75.94999694824219,76.8499984741211,71.9000015258789,72.30000305175781,59.63123321533203,15749781
2018-04-05,74.69999694824219,75.5999984741211,73.80000305175781,75.25,62.06431579589844,12683260
2018-04-06,74.3499984741211,76.0999984741211,73.8499984741211,75.6500015258789,62.394229888916016,12229911
2018-04-09,75.30000305175781,76.44999694824219,74.44999694824219,75.0999984741211,61.94060516357422,8044370
2018-04-10,76.4000015258789,77.5,75.9000015258789,76.55000305175781,63.136512756347656,12787778
2018-04-11,77.0999984741211,77.5999984741211,76.19999694824219,77.05000305175781,63.54890441894531,8231775
2018-04-12,76.75,76.80000305175781,73.6500015258789,74.0,61.03334426879883,8847782
2018-04-13,74.5999984741211,77.4000015258789,74.25,76.69999694824219,63.260223388671875,16417194
2018-04-16,76.3499984741211,77.9000015258789,76.0,77.69999694824219,64.08499908447266,10049142
2018-04-17,78.0,78.5999984741211,76.19999694824219,77.3499984741211,63.796348571777344,9157249
2018-04-18,77.44999694824219,77.94999694824219,76.75,77.30000305175781,63.75510787963867,6562102
2018-04-19,78.0999984741211,81.30000305175781,77.75,80.80000305175781,66.6418228149414,25745591
2018-04-20,80.5,80.5,78.44999694824219,79.69999694824219,65.73455810546875,11881686
2018-04-23,79.75,80.5999984741211,79.19999694824219,79.55000305175781,65.61085510253906,9298555
2018-04-24,78.25,79.4000015258789,77.55000305175781,78.8499984741211,65.03348541259766,7614662
2018-04-25,78.55000305175781,79.30000305175781,76.94999694824219,77.55000305175781,63.9612922668457,5836252
2018-04-26,77.3499984741211,78.1500015258789,75.4000015258789,75.94999694824219,62.64164733886719,12406481
2018-04-27,76.44999694824219,77.94999694824219,76.0999984741211,77.3499984741211,63.796348571777344,8120654
2018-04-30,77.6500015258789,78.6500015258789,76.05000305175781,77.6500015258789,64.04377746582031,6564870
2018-05-02,77.80000305175781,78.30000305175781,72.75,73.0,60.20856475830078,14506894
2018-05-03,72.80000305175781,73.9000015258789,71.1500015258789,73.0999984741211,60.29105758666992,11677967
2018-05-04,73.05000305175781,73.8499984741211,72.0999984741211,72.3499984741211,59.67246627807617,7385174
2018-05-07,72.94999694824219,75.25,72.69999694824219,75.0,61.85811996459961,8883807
2018-05-08,75.5,77.0999984741211,74.0,76.25,62.88908386230469,9535826
2018-05-09,75.69999694824219,77.30000305175781,75.25,75.5999984741211,62.35299301147461,8443016
2018-05-10,76.0,76.5999984741211,72.3499984741211,72.5999984741211,59.878662109375,9756840
2018-05-11,73.0999984741211,74.25,72.5999984741211,73.4000015258789,60.53847122192383,12701873
2018-05-14,73.6500015258789,74.3499984741211,71.69999694824219,72.75,60.00236892700195,6906713
2018-05-15,72.5999984741211,76.19999694824219,72.5,74.05000305175781,61.074581146240234,14077126
2018-05-16,73.69999694824219,74.80000305175781,72.4000015258789,73.80000305175781,60.86838912963867,6715824
2018-05-17,74.9000015258789,77.4000015258789,73.0999984741211,76.55000305175781,63.136512756347656,15136108
2018-05-18,77.0,77.0999984741211,73.25,73.5999984741211,60.70342254638672,13435175
2018-05-21,73.9000015258789,74.4000015258789,71.5999984741211,71.8499984741211,59.260074615478516,8065908
2018-05-22,72.0,73.0999984741211,71.30000305175781,72.55000305175781,59.83742904663086,7368030
2018-05-23,72.19999694824219,72.4000015258789,68.1500015258789,68.44999694824219,56.45584487915039,13267268
2018-05-24,69.25,70.25,68.75,69.9000015258789,57.651771545410156,8935978
2018-05-25,70.0999984741211,73.0,70.0,72.5,59.79618835449219,8797869
2018-05-28,73.19999694824219,75.9000015258789,72.80000305175781,75.69999694824219,62.435462951660156,9176677
2018-05-29,75.19999694824219,77.0999984741211,74.80000305175781,76.69999694824219,63.260223388671875,9455624
2018-05-30,76.4000015258789,78.5,74.80000305175781,77.80000305175781,64.16749572753906,16141703
2018-05-31,79.6500015258789,80.0,75.5999984741211,75.94999694824219,62.64164733886719,26942353
2018-06-01,75.5,76.94999694824219,71.05000305175781,72.25,59.58998107910156,24478761
2018-06-04,73.9000015258789,76.19999694824219,72.5,75.5,62.2704963684082,24106642
2018-06-05,74.8499984741211,76.4000015258789,74.0,75.69999694824219,62.435462951660156,15835111
2018-06-06,75.69999694824219,77.5,75.19999694824219,77.30000305175781,63.75510787963867,14758010
2018-06-07,77.80000305175781,83.25,77.55000305175781,82.80000305175781,68.29136657714844,35460076
2018-06-08,82.5,84.3499984741211,80.8499984741211,83.8499984741211,69.15737915039062,33468439
2018-06-11,84.19999694824219,87.0,83.55000305175781,86.5999984741211,71.42550659179688,23476694
2018-06-12,87.0,90.80000305175781,85.0999984741211,89.30000305175781,73.65239715576172,39145746
2018-06-13,89.0,91.0999984741211,87.55000305175781,87.9000015258789,72.49771118164062,26560260
2018-06-14,87.3499984741211,88.69999694824219,85.55000305175781,86.3499984741211,71.21931457519531,25258386
2018-06-15,86.30000305175781,87.6500015258789,84.05000305175781,85.55000305175781,70.55950164794922,18465060
2018-06-18,85.6500015258789,87.30000305175781,83.5,86.94999694824219,71.71417236328125,15777407
2018-06-19,86.75,88.1500015258789,82.6500015258789,83.19999694824219,68.62127685546875,24312033
2018-06-20,83.1500015258789,84.75,82.75,84.44999694824219,69.65225219726562,17349352
2018-06-21,84.94999694824219,85.25,82.25,82.44999694824219,68.00269317626953,12169547
2018-06-22,82.5,84.19999694824219,82.05000305175781,83.9000015258789,69.1986083984375,12473728
2018-06-25,83.55000305175781,84.30000305175781,81.55000305175781,82.05000305175781,67.67279052734375,9125610
2018-06-26,81.8499984741211,82.55000305175781,80.25,81.75,67.42534637451172,13124032
2018-06-27,81.94999694824219,82.1500015258789,78.4000015258789,80.4000015258789,66.31190490722656,11322802
2018-06-28,80.19999694824219,81.80000305175781,79.5,81.05000305175781,66.8480224609375,13524050
2018-06-29,81.44999694824219,84.1500015258789,81.44999694824219,83.0,68.45631408691406,14327798
2018-07-02,83.0999984741211,83.19999694824219,78.5999984741211,80.19999694824219,66.1469497680664,12184278
2018-07-03,79.9000015258789,81.5999984741211,79.05000305175781,80.5,66.3943862915039,9587521
2018-07-04,80.5,81.30000305175781,78.80000305175781,80.30000305175781,66.22943115234375,11497091
2018-07-05,80.30000305175781,80.30000305175781,78.0999984741211,78.5999984741211,64.82730865478516,9006670
2018-07-06,78.5999984741211,81.5,78.0,80.44999694824219,66.35314178466797,12298564
2018-07-09,82.0,82.4000015258789,81.19999694824219,81.55000305175781,67.2603988647461,10140958
2018-07-10,82.0,83.55000305175781,80.9000015258789,81.1500015258789,66.93047332763672,15730993
2018-07-11,80.94999694824219,80.94999694824219,77.0999984741211,77.4000015258789,63.837581634521484,16423717
2018-07-12,78.4000015258789,79.1500015258789,74.1500015258789,74.6500015258789,61.56944274902344,21446886
2018-07-13,75.5999984741211,75.9000015258789,74.0,74.80000305175781,61.69316864013672,14276882
2018-07-16,74.55000305175781,74.9000015258789,70.69999694824219,70.94999694824219,58.51776885986328,9378133
2018-07-17,71.25,73.8499984741211,70.44999694824219,72.9000015258789,60.1260986328125,11383896
2018-07-18,73.4000015258789,73.6500015258789,69.8499984741211,71.0999984741211,58.6414909362793,12893598
2018-07-19,71.44999694824219,73.30000305175781,70.3499984741211,71.44999694824219,58.93016052246094,11767775
2018-07-20,71.4000015258789,71.94999694824219,69.8499984741211,71.30000305175781,58.806453704833984,10171320
2018-07-23,71.30000305175781,73.1500015258789,70.3499984741211,72.5999984741211,59.878662109375,8990664
2018-07-24,72.5,75.0,72.5,74.5,61.445735931396484,9755198
2018-07-25,74.5999984741211,76.30000305175781,73.69999694824219,74.69999694824219,61.61068344116211,9472097
2018-07-26,75.0,75.30000305175781,73.4000015258789,73.69999694824219,60.78590774536133,9163772
2018-07-27,74.25,76.05000305175781,73.9000015258789,75.4000015258789,62.18804168701172,10503151
2018-07-30,75.55000305175781,77.44999694824219,75.05000305175781,77.19999694824219,63.67262268066406,11291859
2018-07-31,77.19999694824219,77.80000305175781,76.0999984741211,77.5,63.920066833496094,10691545
2018-08-01,77.8499984741211,78.44999694824219,75.75,76.8499984741211,63.383949279785156,12845984
2018-08-02,76.5,80.80000305175781,75.3499984741211,79.94999694824219,65.94075012207031,19762943
2018-08-03,81.05000305175781,81.25,78.19999694824219,79.05000305175781,65.19845581054688,21495260
2018-08-06,79.94999694824219,82.0,77.3499984741211,78.0999984741211,64.4149169921875,27937451
2018-08-07,78.44999694824219,80.25,76.0999984741211,79.69999694824219,65.73455810546875,25934551
2018-08-08,79.9000015258789,80.8499984741211,78.69999694824219,79.30000305175781,65.4046630859375,11484974
2018-08-09,79.3499984741211,81.25,79.19999694824219,80.5999984741211,66.47684478759766,12651519
2018-08-10,80.75,81.55000305175781,78.05000305175781,78.25,64.53862762451172,9936139
2018-08-13,77.69999694824219,79.3499984741211,76.4000015258789,77.0,63.50766372680664,9154120
2018-08-14,77.0,78.4000015258789,76.6500015258789,77.4000015258789,63.837581634521484,7803305
2018-08-16,76.5,76.5,73.6500015258789,74.44999694824219,61.40448760986328,11227765
2018-08-17,75.19999694824219,76.5999984741211,74.80000305175781,75.8499984741211,62.559165954589844,7358973
2018-08-20,76.19999694824219,77.94999694824219,75.6500015258789,77.75,64.1262435913086,9973622
2018-08-21,77.94999694824219,78.75,76.94999694824219,77.4000015258789,63.837581634521484,8109774
2018-08-23,77.55000305175781,77.6500015258789,75.1500015258789,75.6500015258789,62.394229888916016,7041369
2018-08-24,75.69999694824219,76.25,74.5,75.4000015258789,62.18804168701172,15634801
2018-08-27,76.4000015258789,78.0,76.4000015258789,77.44999694824219,63.87882614135742,11945580
2018-08-28,77.80000305175781,78.4000015258789,77.0,77.9000015258789,64.24996185302734,10285820
2018-08-29,77.9000015258789,81.19999694824219,77.6500015258789,80.0999984741211,66.06446838378906,19359991
2018-08-30,80.0,81.9000015258789,79.80000305175781,81.0999984741211,66.88923645019531,16385082
2018-08-31,80.5999984741211,81.30000305175781,79.1500015258789,79.8499984741211,65.85828399658203,9919717
2018-09-03,79.5,81.25,79.19999694824219,79.94999694824219,65.94075012207031,9341685
2018-09-04,80.19999694824219,80.55000305175781,75.5999984741211,76.19999694824219,62.84785079956055,10776691
2018-09-05,76.0,76.80000305175781,73.5999984741211,76.3499984741211,62.971561431884766,14563332
2018-09-06,77.19999694824219,77.5999984741211,75.6500015258789,76.5999984741211,63.177757263183594,6541395
2018-09-07,76.8499984741211,78.94999694824219,76.0999984741211,78.1500015258789,64.45616149902344,7892140
2018-09-10,78.69999694824219,79.0,76.5,76.75,63.301483154296875,9701458
2018-09-11,76.9000015258789,77.25,74.19999694824219,74.5,61.445735931396484,8272862
2018-09-12,75.0,75.5,72.6500015258789,74.94999694824219,61.816871643066406,10997233
2018-09-14,75.9000015258789,78.25,75.6500015258789,77.69999694824219,64.08499908447266,12672902
2018-09-17,77.05000305175781,78.8499984741211,76.0999984741211,78.0999984741211,64.4149169921875,8056833
2018-09-18,78.25,79.0,75.5,76.0,62.68289566040039,6930620
2018-09-19,76.5999984741211,79.4000015258789,76.19999694824219,77.25,63.713863372802734,12159197
2018-09-21,78.0,80.69999694824219,70.5,76.0,62.68289566040039,23483890
2018-09-24,76.0,76.75,72.9000015258789,73.30000305175781,60.45600891113281,8866200
2018-09-25,73.5,75.4000015258789,72.30000305175781,75.0,61.85811996459961,13521954
2018-09-26,75.9000015258789,77.05000305175781,74.8499984741211,76.19999694824219,62.84785079956055,9448536
2018-09-27,76.5,76.75,73.9000015258789,74.19999694824219,61.19829559326172,10716532
2018-09-28,74.8499984741211,74.8499984741211,67.80000305175781,68.25,56.2908935546875,18975150
2018-10-01,68.1500015258789,69.25,64.19999694824219,69.0,56.90946960449219,14518906
2018-10-03,68.8499984741211,71.3499984741211,68.0,68.94999694824219,56.868221282958984,12102431
2018-10-04,68.80000305175781,71.0999984741211,67.69999694824219,69.25,57.11566162109375,17547538
2018-10-05,68.1500015258789,69.8499984741211,65.0999984741211,65.9000015258789,54.352664947509766,11808545
2018-10-08,65.05000305175781,66.6500015258789,62.54999923706055,64.5,53.19797897338867,13774219
2018-10-09,65.0999984741211,66.3499984741211,61.79999923706055,63.54999923706055,52.41444396972656,22423331
2018-10-10,62.70000076293945,67.4000015258789,62.70000076293945,66.80000305175781,55.09495544433594,11204682
2018-10-11,65.0,66.5999984741211,63.79999923706055,64.9000015258789,53.527896881103516,10606784
2018-10-12,65.5,67.19999694824219,65.05000305175781,66.55000305175781,54.888771057128906,14456332
2018-10-15,66.55000305175781,67.5,65.4000015258789,67.05000305175781,55.30116271972656,7867758
2018-10-16,67.3499984741211,68.25,67.1500015258789,67.55000305175781,55.71354293823242,4844056
2018-10-17,68.44999694824219,68.69999694824219,65.0,65.3499984741211,53.89904022216797,7246190
2018-10-19,65.30000305175781,66.5,64.55000305175781,65.4000015258789,53.94028091430664,7536449
2018-10-22,65.80000305175781,66.19999694824219,63.849998474121094,64.3499984741211,53.07426834106445,6162558
2018-10-23,63.5,64.75,62.45000076293945,64.1500015258789,52.90931701660156,5594547
2018-10-24,64.94999694824219,65.30000305175781,63.79999923706055,64.8499984741211,53.486656188964844,5049788
2018-10-25,63.95000076293945,64.8499984741211,62.349998474121094,62.900001525878906,51.87834548950195,6817127
2018-10-26,63.0,64.0,61.79999923706055,63.20000076293945,52.12577438354492,6647607
2018-10-29,63.25,65.5999984741211,63.04999923706055,64.94999694824219,53.56911849975586,5444882
2018-10-30,64.9000015258789,66.0,64.3499984741211,65.3499984741211,53.89904022216797,4726655
2018-10-31,65.75,66.0,63.29999923706055,64.44999694824219,53.15673828125,9724401
2018-11-01,64.9000015258789,67.5,64.6500015258789,67.1500015258789,55.383644104003906,9616801
2018-11-02,67.94999694824219,71.0999984741211,67.30000305175781,69.55000305175781,57.363101959228516,14945941
2018-11-05,69.4000015258789,69.5,65.55000305175781,66.5,54.847530364990234,17712848
2018-11-06,66.9000015258789,67.19999694824219,65.5999984741211,66.19999694824219,54.600093841552734,7149775
2018-11-07,66.80000305175781,66.80000305175781,66.0,66.5999984741211,54.93000411987305,867966
2018-11-09,66.5999984741211,66.75,65.19999694824219,65.9000015258789,54.352664947509766,7049834
2018-11-12,66.0999984741211,67.05000305175781,65.4000015258789,65.69999694824219,54.187705993652344,7902084
2018-11-13,65.4000015258789,65.8499984741211,64.3499984741211,64.75,53.4041748046875,6584900
2018-11-14,65.44999694824219,65.75,64.0,64.1500015258789,52.90931701660156,6510576
2018-11-15,64.1500015258789,65.0999984741211,63.54999923706055,64.6500015258789,53.32169723510742,5209022
2018-11-16,64.6500015258789,65.0999984741211,63.54999923706055,64.0999984741211,52.868064880371094,5844982
2018-11-19,64.0,64.8499984741211,63.79999923706055,64.30000305175781,53.03302764892578,4582080
2018-11-20,64.25,64.25,62.150001525878906,62.400001525878906,51.4659538269043,8516248
2018-11-21,62.5,62.5,61.29999923706055,61.900001525878906,51.05356979370117,9851988
2018-11-22,62.0,62.5,60.29999923706055,60.5,49.89888381958008,7715525
2018-11-26,60.5,60.70000076293945,57.25,58.04999923706055,47.8781852722168,13066297
2018-11-27,57.900001525878906,57.900001525878906,55.900001525878906,56.79999923706055,46.84721374511719,18527237
2018-11-28,57.150001525878906,57.150001525878906,55.099998474121094,55.400001525878906,45.692527770996094,9116552
2018-11-29,56.0,56.54999923706055,54.45000076293945,54.75,45.15641784667969,14548304
2018-11-30,55.0,55.849998474121094,54.45000076293945,55.29999923706055,45.610050201416016,11029301
2018-12-03,56.54999923706055,57.29999923706055,56.099998474121094,56.70000076293945,46.76473617553711,10011251
2018-12-04,56.650001525878906,56.95000076293945,55.5,55.599998474121094,45.85748291015625,8123745
2018-12-05,55.0,55.25,52.79999923706055,53.04999923706055,43.754310607910156,12252439
2018-12-06,52.0,53.849998474121094,51.599998474121094,53.04999923706055,43.754310607910156,11248152
2018-12-07,52.900001525878906,53.54999923706055,50.5,51.0,42.06352233886719,19899203
2018-12-10,50.29999923706055,50.650001525878906,49.349998474121094,50.04999923706055,41.27998352050781,10983541
2018-12-11,49.099998474121094,51.150001525878906,49.0,50.70000076293945,41.81609344482422,9644336
2018-12-12,51.0,52.900001525878906,50.900001525878906,52.349998474121094,43.176963806152344,9387268
2018-12-13,52.54999923706055,53.150001525878906,51.0,51.349998474121094,42.35218811035156,11997268
2018-12-14,51.349998474121094,52.099998474121094,50.650001525878906,51.25,42.26971435546875,7413105
2018-12-17,51.95000076293945,53.20000076293945,51.5,52.400001525878906,43.218204498291016,12549963
2018-12-18,52.29999923706055,53.400001525878906,51.900001525878906,53.150001525878906,43.8367919921875,9117715
2018-12-19,53.45000076293945,54.900001525878906,52.900001525878906,54.5,44.950233459472656,12921473
2018-12-20,54.150001525878906,54.650001525878906,53.25,53.400001525878906,44.0429801940918,10448378
2018-12-21,53.25,54.599998474121094,52.5,52.900001525878906,43.630592346191406,9680021
2018-12-24,53.20000076293945,53.29999923706055,51.5,51.95000076293945,42.8470573425293,10175352
2018-12-26,51.849998474121094,52.75,50.54999923706055,52.54999923706055,43.341915130615234,20334912
2018-12-27,53.0,53.25,51.150001525878906,51.5,42.47590637207031,38066993
2018-12-28,51.95000076293945,54.900001525878906,51.79999923706055,54.650001525878906,45.07394790649414,22567783
2018-12-31,55.04999923706055,56.650001525878906,55.0,56.349998474121094,46.47606658935547,21021929
2019-01-01,56.70000076293945,56.79999923706055,55.45000076293945,55.75,45.981204986572266,9872769
2019-01-02,54.5,55.20000076293945,53.75,54.0,44.53784942626953,12322286
2019-01-03,53.900001525878906,54.04999923706055,52.29999923706055,52.45000076293945,43.25944900512695,8541801
2019-01-04,52.45000076293945,53.45000076293945,51.900001525878906,53.150001525878906,43.8367919921875,12729595
2019-01-07,53.95000076293945,54.29999923706055,53.0,53.400001525878906,44.0429801940918,7375254
2019-01-08,53.75,54.5,53.25,54.349998474121094,44.82651138305664,8420840
2019-01-09,54.5,54.95000076293945,52.04999923706055,52.25,43.094486236572266,14003107
2019-01-10,52.599998474121094,52.79999923706055,51.95000076293945,52.45000076293945,43.25944900512695,7453857
2019-01-11,52.5,52.900001525878906,51.900001525878906,52.20000076293945,43.05324935913086,7675807
2019-01-14,52.29999923706055,52.29999923706055,50.400001525878906,50.54999923706055,41.69236755371094,11502355
2019-01-15,50.75,51.5,50.54999923706055,51.04999923706055,42.104759216308594,10317578
2019-01-16,51.25,51.349998474121094,50.349998474121094,50.400001525878906,41.56865310668945,10092890
2019-01-17,50.599998474121094,50.79999923706055,49.70000076293945,49.900001525878906,41.15626907348633,13023795
2019-01-18,50.0,50.45000076293945,49.5,49.70000076293945,40.99131393432617,9014258
2019-01-21,49.900001525878906,50.25,49.20000076293945,49.349998474121094,40.70263671875,7737176
2019-01-22,49.25,49.29999923706055,47.349998474121094,48.25,39.795387268066406,13038400
2019-01-23,48.29999923706055,49.150001525878906,48.099998474121094,48.54999923706055,40.04282760620117,8867064
2019-01-24,48.650001525878906,48.95000076293945,48.04999923706055,48.25,39.795387268066406,6284815
2019-01-25,48.5,49.0,47.0,47.25,38.970611572265625,9383714
2019-01-28,47.150001525878906,47.29999923706055,45.599998474121094,46.150001525878906,38.0633659362793,8158462
2019-01-29,45.900001525878906,46.79999923706055,45.54999923706055,46.20000076293945,38.1046028137207,7592718
2019-01-30,46.54999923706055,47.849998474121094,46.5,47.29999923706055,39.01185607910156,9742271
2019-01-31,47.54999923706055,48.150001525878906,46.75,47.0,38.76442337036133,11039580
2019-02-01,47.5,47.900001525878906,45.79999923706055,46.25,38.14583969116211,11071914
2019-02-04,46.20000076293945,46.29999923706055,44.599998474121094,45.75,37.73345184326172,9813307
2019-02-05,45.650001525878906,46.349998474121094,44.70000076293945,45.349998474121094,37.40353775024414,8388731
2019-02-06,45.75,47.79999923706055,44.54999923706055,47.29999923706055,39.01185607910156,11978877
2019-02-07,48.0,49.099998474121094,47.04999923706055,48.650001525878906,40.125301361083984,13951698
2019-02-08,49.650001525878906,49.70000076293945,44.0,44.849998474121094,36.991153717041016,33638859
2019-02-11,44.79999923706055,45.349998474121094,44.04999923706055,44.79999923706055,36.949913024902344,17945762
2019-02-12,44.95000076293945,47.95000076293945,44.5,47.29999923706055,39.01185607910156,31711149
2019-02-14,45.900001525878906,46.54999923706055,45.099998474121094,46.25,38.14583969116211,16576884
2019-02-15,46.0,46.400001525878906,44.29999923706055,44.900001525878906,37.03239440917969,12497651
2019-02-18,45.5,46.29999923706055,44.25,44.45000076293945,36.66124725341797,13908398
2019-02-19,44.650001525878906,46.79999923706055,44.54999923706055,46.20000076293945,38.1046028137207,20738522
2019-02-20,46.400001525878906,48.5,46.20000076293945,47.900001525878906,39.506717681884766,26058078
2019-02-21,47.5,49.20000076293945,47.29999923706055,49.0,40.41396713256836,23364372
2019-02-22,49.0,49.400001525878906,48.5,49.25,40.62015914916992,15246464
2019-02-25,49.70000076293945,50.400001525878906,48.20000076293945,48.599998474121094,40.08406066894531,20367117
2019-02-26,48.0,49.04999923706055,46.70000076293945,48.54999923706055,40.04282760620117,21504680
2019-02-27,48.849998474121094,49.849998474121094,48.20000076293945,48.5,40.001583099365234,17735057
2019-02-28,48.5,49.04999923706055,47.79999923706055,48.25,39.795387268066406,16924212
2019-03-01,49.0,52.849998474121094,48.900001525878906,52.349998474121094,43.176963806152344,54034849
2019-03-05,52.5,55.349998474121094,52.25,55.04999923706055,45.40385437011719,31584607
2019-03-06,55.5,56.599998474121094,54.900001525878906,55.45000076293945,45.73377227783203,26836423
2019-03-07,55.45000076293945,56.0,54.20000076293945,54.400001525878906,44.86775207519531,19411858
2019-03-08,54.400001525878906,54.400001525878906,53.20000076293945,53.5,44.125457763671875,13899445
2019-03-11,53.95000076293945,55.400001525878906,53.70000076293945,55.04999923706055,45.40385437011719,16416362
2019-03-12,55.650001525878906,56.0,54.650001525878906,55.0,45.36262130737305,15523904
2019-03-13,55.0,55.0,52.099998474121094,52.650001525878906,43.42439651489258,24907096
2019-03-14,52.79999923706055,53.75,51.599998474121094,52.70000076293945,43.46563720703125,19319757
2019-03-15,53.29999923706055,53.349998474121094,51.04999923706055,51.54999923706055,42.517147064208984,31665508
2019-03-18,52.150001525878906,54.29999923706055,51.04999923706055,53.5,44.125457763671875,28497967
2019-03-19,54.150001525878906,55.099998474121094,53.25,53.599998474121094,44.20793151855469,22914664
2019-03-20,53.599998474121094,53.900001525878906,52.0,53.04999923706055,43.754310607910156,20218086
2019-03-22,53.099998474121094,53.79999923706055,51.599998474121094,51.79999923706055,42.72333908081055,18455694
2019-03-25,51.54999923706055,51.54999923706055,49.75,49.95000076293945,41.197505950927734,22061795
2019-03-26,50.45000076293945,50.849998474121094,50.099998474121094,50.650001525878906,41.77485275268555,13337489
2019-03-27,51.0,51.849998474121094,50.04999923706055,50.25,41.44493103027344,20009857
2019-03-28,50.29999923706055,51.099998474121094,50.099998474121094,50.70000076293945,41.81609344482422,22880350
2019-04-01,54.70000076293945,56.650001525878906,54.599998474121094,55.04999923706055,45.40385437011719,28749874
2019-04-02,55.400001525878906,56.650001525878906,54.45000076293945,56.150001525878906,46.31111145019531,22648149
2019-04-03,57.0,58.75,56.75,57.54999923706055,47.465797424316406,45414284
2019-04-04,57.650001525878906,58.650001525878906,56.04999923706055,58.150001525878906,47.960662841796875,42400816
2019-04-05,58.900001525878906,59.54999923706055,58.0,59.25,48.867916107177734,34061676
2019-04-08,59.79999923706055,60.20000076293945,57.849998474121094,59.0,48.661720275878906,28542275
2019-04-09,59.0,59.099998474121094,57.25,58.849998474121094,48.53799819946289,21779368
2019-04-10,58.04999923706055,59.70000076293945,57.650001525878906,57.95000076293945,47.79570388793945,21357805
2019-04-11,58.0,58.349998474121094,56.400001525878906,56.75,46.805973052978516,17667620
2019-04-12,56.900001525878906,57.349998474121094,56.25,57.0,47.01217269897461,16971322
2019-04-15,57.25,59.400001525878906,57.099998474121094,58.900001525878906,48.57923889160156,27820612
2019-04-16,59.20000076293945,59.25,58.29999923706055,58.70000076293945,48.41428756713867,17623937
2019-04-18,59.0,59.099998474121094,56.150001525878906,57.349998474121094,47.30083465576172,29811796
2019-04-22,57.20000076293945,57.349998474121094,56.29999923706055,56.599998474121094,46.682254791259766,16966325
2019-04-23,56.5,57.0,54.349998474121094,54.650001525878906,45.07394790649414,20596128
2019-04-24,54.849998474121094,57.04999923706055,54.04999923706055,56.45000076293945,46.55854034423828,23743401
2019-04-25,56.25,56.900001525878906,55.900001525878906,56.45000076293945,46.55854034423828,22828340
2019-04-26,56.70000076293945,58.5,56.400001525878906,56.70000076293945,46.76473617553711,32374526
2019-04-30,56.70000076293945,56.849998474121094,54.150001525878906,55.79999923706055,46.02244186401367,34709270
2019-05-02,56.0,56.70000076293945,55.349998474121094,56.25,46.393585205078125,16403847
2019-05-03,56.45000076293945,57.20000076293945,55.75,56.95000076293945,46.9709358215332,18244875
2019-05-06,55.0,55.599998474121094,54.099998474121094,55.04999923706055,45.40385437011719,18665664
2019-05-07,55.75,55.900001525878906,52.650001525878906,53.0,43.713069915771484,19603477
2019-05-08,52.599998474121094,53.95000076293945,52.29999923706055,52.849998474121094,43.58934783935547,18834149
2019-05-09,52.75,53.349998474121094,51.900001525878906,52.150001525878906,43.01201629638672,15583718
2019-05-10,52.599998474121094,53.5,51.599998474121094,52.5,43.30067825317383,24838439
2019-05-13,52.599998474121094,52.95000076293945,50.20000076293945,50.75,41.857322692871094,14206295
2019-05-14,50.5,50.5,47.54999923706055,47.75,39.382999420166016,40357846
2019-05-15,48.150001525878906,48.849998474121094,45.900001525878906,46.20000076293945,38.1046028137207,28957009
2019-05-16,46.45000076293945,48.400001525878906,46.099998474121094,48.0,39.589195251464844,23386328
2019-05-17,48.0,48.25,47.04999923706055,47.650001525878906,39.3005256652832,12535298
2019-05-20,49.900001525878906,51.75,48.70000076293945,51.45000076293945,42.434669494628906,22687435
2019-05-21,51.75,52.0,50.0,50.400001525878906,41.56865310668945,11358235
2019-05-22,50.849998474121094,51.150001525878906,49.20000076293945,50.849998474121094,41.93980026245117,15936873
2019-05-23,51.95000076293945,52.79999923706055,48.70000076293945,49.04999923706055,40.455204010009766,25561520
2019-05-24,49.900001525878906,51.95000076293945,48.75,51.650001525878906,42.59962463378906,22739588
2019-05-27,52.099998474121094,53.900001525878906,51.599998474121094,53.599998474121094,44.20793151855469,23072280
2019-05-28,54.04999923706055,54.29999923706055,52.79999923706055,53.25,43.91925811767578,16382136
2019-05-29,53.0,53.099998474121094,50.79999923706055,51.349998474121094,42.35218811035156,16358558
2019-05-30,51.849998474121094,51.849998474121094,49.79999923706055,50.54999923706055,41.69236755371094,21450656
2019-05-31,50.0,51.099998474121094,48.400001525878906,50.150001525878906,41.36246109008789,38814328
2019-06-03,50.150001525878906,51.599998474121094,49.099998474121094,51.25,42.26971435546875,21129480
2019-06-04,51.25,52.25,49.900001525878906,50.5,41.6511344909668,23146171
2019-06-06,50.54999923706055,50.79999923706055,48.349998474121094,48.70000076293945,40.166534423828125,18743224
2019-06-07,48.70000076293945,49.70000076293945,47.75,48.29999923706055,39.83662796020508,22133454
2019-06-10,48.650001525878906,49.400001525878906,47.54999923706055,48.20000076293945,39.754150390625,15443180
2019-06-11,48.5,49.849998474121094,48.04999923706055,49.599998474121094,40.90884017944336,16527786
2019-06-12,49.650001525878906,51.5,49.400001525878906,50.349998474121094,41.52741622924805,23301240
2019-06-13,51.349998474121094,51.95000076293945,49.75,51.45000076293945,42.434669494628906,34964464
2019-06-14,51.45000076293945,51.900001525878906,50.0,50.400001525878906,41.56865310668945,17910067
2019-06-17,50.0,50.099998474121094,47.54999923706055,47.70000076293945,39.34176254272461,24960705
2019-06-18,48.0,48.400001525878906,47.0,47.650001525878906,39.3005256652832,21692154
2019-06-19,48.849998474121094,49.45000076293945,46.79999923706055,47.75,39.382999420166016,32615248
2019-06-20,47.849998474121094,49.849998474121094,47.20000076293945,49.599998474121094,40.90884017944336,28076357
2019-06-21,49.54999923706055,50.400001525878906,49.099998474121094,50.04999923706055,41.27998352050781,24418643
2019-06-24,49.900001525878906,50.849998474121094,48.599998474121094,49.150001525878906,40.537689208984375,21205616
2019-06-25,49.150001525878906,50.599998474121094,48.5,50.349998474121094,41.52741622924805,20007773
2019-06-26,50.0,52.849998474121094,49.79999923706055,52.54999923706055,43.341915130615234,27494517
2019-06-27,52.5,52.79999923706055,51.5,52.20000076293945,43.05324935913086,20428392
2019-06-28,52.29999923706055,52.75,50.20000076293945,50.75,41.857322692871094,22263515
2019-07-01,51.04999923706055,51.79999923706055,50.099998474121094,51.099998474121094,42.145992279052734,18877756
2019-07-02,51.150001525878906,51.70000076293945,50.5,51.25,42.26971435546875,16730019
2019-07-03,51.29999923706055,52.599998474121094,50.400001525878906,51.70000076293945,42.640865325927734,22331515
2019-07-04,51.900001525878906,52.20000076293945,51.20000076293945,51.900001525878906,42.805816650390625,16530485
2019-07-05,52.099998474121094,52.20000076293945,47.599998474121094,48.349998474121094,39.87786102294922,30127549
2019-07-08,48.45000076293945,48.95000076293945,46.099998474121094,46.29999923706055,38.187076568603516,33131693
2019-07-09,46.45000076293945,47.099998474121094,46.20000076293945,46.900001525878906,38.681941986083984,18240378
2019-07-10,47.150001525878906,47.29999923706055,45.150001525878906,45.79999923706055,37.774688720703125,24276492
2019-07-11,46.5,47.04999923706055,45.5,46.75,38.5582275390625,27348795
2019-07-12,46.70000076293945,48.20000076293945,46.29999923706055,47.20000076293945,38.92937469482422,23373965
2019-07-15,47.45000076293945,47.5,46.150001525878906,46.599998474121094,38.43450927734375,16954119
2019-07-16,46.75,47.400001525878906,46.5,47.25,38.970611572265625,15557621
2019-07-17,47.150001525878906,47.70000076293945,46.70000076293945,47.150001525878906,38.88813781738281,14976189
2019-07-18,47.0,47.150001525878906,45.45000076293945,45.54999923706055,37.56850051879883,17822698
2019-07-19,45.75,46.099998474121094,44.29999923706055,44.599998474121094,36.78496170043945,17876731
2019-07-22,44.599998474121094,46.45000076293945,44.29999923706055,46.25,38.14583969116211,18679123
2019-07-23,46.150001525878906,46.45000076293945,45.5,46.04999923706055,37.98088073730469,12981996
2019-07-24,45.849998474121094,46.20000076293945,43.29999923706055,43.599998474121094,35.96018600463867,26221451
2019-07-25,43.70000076293945,44.29999923706055,42.849998474121094,43.150001525878906,35.58903884887695,18992940
2019-07-26,43.349998474121094,45.54999923706055,42.849998474121094,45.20000076293945,37.279823303222656,27241668
2019-07-29,45.20000076293945,45.400001525878906,43.5,44.20000076293945,36.455047607421875,13852174
2019-07-30,44.04999923706055,44.54999923706055,41.20000076293945,41.599998474121094,34.310638427734375,26772431
2019-07-31,41.0,42.95000076293945,40.79999923706055,42.75,35.259124755859375,25134403
2019-08-01,42.29999923706055,42.54999923706055,41.400001525878906,42.099998474121094,34.723018646240234,15751851
2019-08-02,41.650001525878906,41.650001525878906,39.849998474121094,40.900001525878906,33.73329162597656,29679024
2019-08-05,40.20000076293945,40.849998474121094,39.099998474121094,39.900001525878906,32.90851974487305,22888223
2019-08-06,39.400001525878906,41.0,39.349998474121094,40.54999923706055,33.444618225097656,17852899
2019-08-07,40.349998474121094,40.650001525878906,38.849998474121094,39.04999923706055,32.20745849609375,20972506
2019-08-08,39.099998474121094,39.5,37.70000076293945,38.849998474121094,32.04249954223633,30942511
2019-08-09,39.0,39.95000076293945,38.5,38.79999923706055,32.00126266479492,21897438
2019-08-13,38.0,39.099998474121094,35.79999923706055,36.45000076293945,30.06304931640625,53609259
2019-08-14,37.0,37.75,36.400001525878906,37.0,30.516672134399414,35081345
2019-08-16,36.79999923706055,36.79999923706055,35.95000076293945,36.20000076293945,29.856849670410156,22915351
2019-08-19,36.5,36.650001525878906,35.70000076293945,36.04999923706055,29.73313331604004,18054018
2019-08-20,36.20000076293945,36.20000076293945,34.349998474121094,34.650001525878906,28.57845115661621,20619953
2019-08-21,34.20000076293945,34.54999923706055,31.299999237060547,31.850000381469727,26.269079208374023,37656535
2019-08-22,31.299999237060547,31.75,29.700000762939453,30.049999237060547,25.179771423339844,40625817
2019-08-23,29.600000381469727,31.700000762939453,29.549999237060547,31.350000381469727,26.269081115722656,33584861
2019-08-26,31.950000762939453,32.29999923706055,29.799999237060547,31.899999618530273,26.72994041442871,35890299
2019-08-27,31.799999237060547,33.20000076293945,31.600000381469727,32.849998474121094,27.525972366333008,36147248
2019-08-28,32.75,32.75,30.850000381469727,31.100000381469727,26.059598922729492,24741665
2019-08-29,30.950000762939453,31.75,30.0,31.299999237060547,26.22718620300293,38023372
2019-08-30,31.75,32.29999923706055,30.399999618530273,31.200000762939453,26.14339256286621,40034465
2019-09-03,30.799999237060547,31.25,30.149999618530273,30.450000762939453,25.51494598388672,20766847
2019-09-04,30.399999618530273,32.5,30.100000381469727,32.25,27.023216247558594,38867349
2019-09-05,32.650001525878906,33.25,32.099998474121094,32.45000076293945,27.190805435180664,31681301
2019-09-06,32.5,33.20000076293945,32.04999923706055,33.0,27.65166664123535,23728556
2019-09-09,32.900001525878906,33.54999923706055,32.150001525878906,32.900001525878906,27.56787109375,25259844
2019-09-11,32.95000076293945,34.45000076293945,32.95000076293945,34.099998474121094,28.573387145996094,27352192
2019-09-12,34.20000076293945,35.04999923706055,33.599998474121094,33.75,28.280109405517578,29597623
2019-09-13,33.849998474121094,34.0,32.400001525878906,33.79999923706055,28.322004318237305,30325063
2019-09-16,33.54999923706055,33.79999923706055,33.150001525878906,33.349998474121094,27.94493865966797,21319863
2019-09-17,34.29999923706055,36.20000076293945,33.150001525878906,33.400001525878906,27.986833572387695,92616282
2019-09-18,33.79999923706055,34.150001525878906,32.79999923706055,33.400001525878906,27.986833572387695,44265503
2019-09-19,33.5,33.5,31.5,31.850000381469727,26.688045501708984,34921338
2019-09-20,32.04999923706055,34.900001525878906,31.399999618530273,34.400001525878906,28.824764251708984,77261177
2019-09-23,35.54999923706055,36.04999923706055,34.20000076293945,34.900001525878906,29.243730545043945,37078473
2019-09-24,34.75,34.95000076293945,34.20000076293945,34.349998474121094,28.78286361694336,20533187
2019-09-25,34.0,34.099998474121094,32.599998474121094,32.849998474121094,27.525972366333008,27187565
2019-09-26,33.0,34.45000076293945,32.900001525878906,34.25,28.69907569885254,41592871
2019-09-27,34.20000076293945,34.29999923706055,32.70000076293945,33.04999923706055,27.693565368652344,29290686
2019-09-30,32.599998474121094,33.650001525878906,31.649999618530273,33.45000076293945,28.028730392456055,39370928
2019-10-01,33.400001525878906,33.79999923706055,31.299999237060547,32.099998474121094,26.89752769470215,33374777
2019-10-03,31.600000381469727,32.29999923706055,31.100000381469727,31.450000762939453,26.352876663208008,28415533
2019-10-04,31.799999237060547,31.950000762939453,31.0,31.149999618530273,26.10149383544922,28961703
2019-10-07,31.350000381469727,32.79999923706055,30.149999618530273,32.150001525878906,26.93942642211914,41093854
2019-10-09,31.799999237060547,32.900001525878906,31.5,32.650001525878906,27.3583927154541,28747660
2019-10-10,32.20000076293945,32.45000076293945,31.600000381469727,31.799999237060547,26.646150588989258,21413466
2019-10-11,32.0,32.79999923706055,31.600000381469727,32.20000076293945,26.981319427490234,28847549
2019-10-14,32.650001525878906,33.04999923706055,32.29999923706055,32.650001525878906,27.3583927154541,21445957
2019-10-15,32.5,34.45000076293945,31.600000381469727,33.400001525878906,27.986833572387695,55294896
2019-10-16,33.400001525878906,33.75,32.54999923706055,32.79999923706055,27.484073638916016,25355672
2019-10-17,32.599998474121094,33.79999923706055,32.0,33.54999923706055,28.112524032592773,25315121
2019-10-18,33.45000076293945,36.54999923706055,33.150001525878906,36.20000076293945,30.333036422729492,58695573
2019-10-22,36.20000076293945,37.29999923706055,35.400001525878906,35.599998474121094,29.830278396606445,36094539
2019-10-23,35.5,35.95000076293945,34.75,35.150001525878906,29.453216552734375,20708720
2019-10-24,35.29999923706055,35.75,34.20000076293945,34.349998474121094,28.78286361694336,28570124
2019-10-25,34.5,35.150001525878906,34.04999923706055,34.900001525878906,29.243730545043945,23878498
2019-10-27,35.20000076293945,35.349998474121094,35.04999923706055,35.150001525878906,29.453216552734375,1720839
2019-10-29,35.150001525878906,37.20000076293945,35.0,37.0,31.003381729125977,36205662
2019-10-30,37.150001525878906,37.650001525878906,36.70000076293945,37.349998474121094,31.296655654907227,26512896
2019-10-31,37.400001525878906,38.349998474121094,36.0,36.599998474121094,30.6682071685791,27770274
2019-11-01,36.70000076293945,39.400001525878906,36.54999923706055,38.95000076293945,32.63734436035156,46394896
2019-11-04,39.5,41.20000076293945,39.5,40.29999923706055,33.76853942871094,45820695
2019-11-05,40.20000076293945,40.75,38.79999923706055,39.099998474121094,32.763031005859375,29697013
2019-11-06,38.849998474121094,39.70000076293945,38.599998474121094,39.29999923706055,32.93061828613281,25722198
2019-11-07,39.400001525878906,40.70000076293945,38.5,39.95000076293945,33.47528076171875,38197820
2019-11-08,39.849998474121094,39.95000076293945,38.54999923706055,38.70000076293945,32.42786407470703,27026861
2019-11-11,38.599998474121094,39.849998474121094,38.099998474121094,39.54999923706055,33.140098571777344,35349501
2019-11-13,39.349998474121094,39.900001525878906,37.54999923706055,37.849998474121094,31.715621948242188,29978471
2019-11-14,37.900001525878906,38.25,36.849998474121094,37.29999923706055,31.2547550201416,31308358
2019-11-15,36.79999923706055,37.45000076293945,36.04999923706055,36.400001525878906,30.500625610351562,37075054
2019-11-18,36.54999923706055,37.5,36.29999923706055,37.29999923706055,31.2547550201416,28715500
2019-11-19,37.400001525878906,37.5,36.75,37.04999923706055,31.045272827148438,20166801
2019-11-20,37.150001525878906,38.400001525878906,37.150001525878906,37.900001525878906,31.757516860961914,26963527
2019-11-21,37.79999923706055,37.900001525878906,36.099998474121094,36.25,30.37493896484375,28884217
2019-11-22,36.400001525878906,39.25,36.20000076293945,38.54999923706055,32.30216979980469,44929987
2019-11-25,39.20000076293945,40.349998474121094,39.04999923706055,39.70000076293945,33.26578903198242,37627922
2019-11-26,40.0,40.099998474121094,38.25,38.599998474121094,32.34406661987305,34676343
2019-11-27,38.95000076293945,39.349998474121094,38.349998474121094,38.900001525878906,32.59545135498047,23303605
2019-11-28,39.0,40.400001525878906,38.900001525878906,39.900001525878906,33.43337631225586,28968362
2019-11-29,39.900001525878906,40.29999923706055,39.0,39.349998474121094,32.97251892089844,25426332
2019-12-02,39.5,39.79999923706055,38.849998474121094,39.5,33.098201751708984,21262889
2019-12-03,39.349998474121094,39.400001525878906,37.54999923706055,38.04999923706055,31.883203506469727,31464253
2019-12-04,37.349998474121094,39.5,36.79999923706055,39.349998474121094,32.97251892089844,34074178
2019-12-05,39.70000076293945,40.25,38.45000076293945,38.70000076293945,32.42786407470703,29321512
2019-12-06,39.0,39.54999923706055,37.79999923706055,38.29999923706055,32.092689514160156,27535575
2019-12-09,38.5,39.95000076293945,38.29999923706055,39.400001525878906,33.01441192626953,29370202
2019-12-10,39.150001525878906,39.45000076293945,38.04999923706055,38.25,32.0507926940918,18974222
2019-12-11,38.20000076293945,38.849998474121094,37.5,38.20000076293945,32.00889587402344,20095683
2019-12-12,38.45000076293945,40.0,38.29999923706055,39.79999923706055,33.349586486816406,25729420
2019-12-13,40.900001525878906,41.75,40.150001525878906,40.599998474121094,34.01991653442383,46128763
2019-12-16,41.0,41.0,39.29999923706055,39.45000076293945,33.05630874633789,22413922
2019-12-17,39.599998474121094,41.5,39.349998474121094,40.849998474121094,34.22941207885742,42359512
2019-12-18,40.70000076293945,41.5,40.29999923706055,41.04999923706055,34.396995544433594,35192583
2019-12-19,40.900001525878906,41.400001525878906,40.599998474121094,41.099998474121094,34.43888854980469,25338726
2019-12-20,40.95000076293945,42.0,40.650001525878906,41.54999923706055,34.815956115722656,32394792
2019-12-23,41.45000076293945,42.099998474121094,40.79999923706055,41.0,34.35509490966797,26796488
2019-12-24,41.0,41.45000076293945,40.849998474121094,41.0,34.35509490966797,21261677
2019-12-26,41.25,42.79999923706055,41.150001525878906,42.400001525878906,35.5281982421875,40946850
2019-12-27,42.45000076293945,42.70000076293945,41.650001525878906,42.150001525878906,35.31871795654297,18880983
2019-12-30,42.20000076293945,43.349998474121094,41.79999923706055,43.099998474121094,36.11474609375,26033812
2019-12-31,43.0,43.29999923706055,42.70000076293945,42.900001525878906,35.947166442871094,20565737
2020-01-01,43.150001525878906,43.5,42.54999923706055,42.900001525878906,35.947166442871094,24324562
2020-01-02,44.0,47.599998474121094,43.70000076293945,47.25,39.59215545654297,90919639
2020-01-03,46.70000076293945,47.54999923706055,46.20000076293945,46.650001525878906,39.08939743041992,35905086
2020-01-06,46.29999923706055,46.400001525878906,44.599998474121094,44.79999923706055,37.53922653198242,26273422
2020-01-07,45.5,46.29999923706055,44.849998474121094,45.5,38.12577819824219,26593985
2020-01-08,45.349998474121094,47.04999923706055,44.75,46.79999923706055,39.215087890625,36360158
2020-01-09,47.400001525878906,48.849998474121094,47.349998474121094,48.54999923706055,40.68146896362305,30851490
2020-01-10,48.599998474121094,50.400001525878906,48.29999923706055,49.900001525878906,41.81267166137695,41439011
2020-01-13,50.0,50.400001525878906,49.04999923706055,50.0,41.896461486816406,25345459
2020-01-14,50.45000076293945,51.650001525878906,50.099998474121094,50.75,42.524906158447266,33639648
2020-01-15,50.400001525878906,51.650001525878906,49.650001525878906,51.45000076293945,43.11145782470703,27277045
2020-01-16,51.5,51.75,50.650001525878906,50.849998474121094,42.60869598388672,23182881
2020-01-17,50.5,51.900001525878906,50.5,50.95000076293945,42.69249725341797,18835022
2020-01-20,51.150001525878906,51.45000076293945,49.95000076293945,50.75,42.524906158447266,18760402
2020-01-21,50.400001525878906,51.20000076293945,49.650001525878906,49.79999923706055,41.728878021240234,24173709
2020-01-22,50.0,50.29999923706055,49.20000076293945,49.79999923706055,41.728878021240234,18551852
2020-01-23,49.54999923706055,50.79999923706055,49.400001525878906,50.400001525878906,42.231632232666016,13721598
2020-01-24,50.45000076293945,51.5,50.099998474121094,51.04999923706055,42.77628707885742,16176998
2020-01-27,50.70000076293945,50.70000076293945,48.349998474121094,48.75,40.84904479980469,23848030
2020-01-28,48.70000076293945,49.099998474121094,46.650001525878906,47.04999923706055,39.42456817626953,31387261
2020-01-29,47.599998474121094,48.45000076293945,47.45000076293945,47.650001525878906,39.927330017089844,17955370
2020-01-30,47.70000076293945,47.75,46.599998474121094,47.349998474121094,39.67595291137695,20209701
2020-01-31,47.599998474121094,47.95000076293945,46.20000076293945,46.5,38.96370315551758,17954383
2020-02-03,43.70000076293945,45.25,43.25,44.75,37.49732971191406,29698362
2020-02-04,45.29999923706055,46.75,44.900001525878906,46.5,38.96370315551758,22700326
2020-02-05,46.75,49.20000076293945,46.29999923706055,48.75,40.84904479980469,30106870
2020-02-06,49.099998474121094,49.75,48.29999923706055,48.900001525878906,40.97473907470703,23115534
2020-02-07,48.54999923706055,49.29999923706055,48.20000076293945,48.650001525878906,40.7652587890625,18226191
2020-02-10,48.400001525878906,48.400001525878906,45.70000076293945,46.0,38.54475021362305,27010689
2020-02-11,46.599998474121094,47.349998474121094,45.349998474121094,45.70000076293945,38.29336929321289,21550256
2020-02-12,46.099998474121094,46.70000076293945,45.099998474121094,45.849998474121094,38.4190559387207,15980861
2020-02-13,45.79999923706055,46.29999923706055,45.099998474121094,45.29999923706055,37.958194732666016,15054008
2020-02-14,45.20000076293945,45.79999923706055,43.650001525878906,43.900001525878906,36.785091400146484,17516625
2020-02-17,42.0,44.0,41.849998474121094,42.79999923706055,35.863372802734375,32718648
2020-02-18,42.5,42.599998474121094,40.70000076293945,41.95000076293945,35.15113067626953,23914632
2020-02-19,42.5,43.0,41.150001525878906,41.650001525878906,34.899749755859375,28855122
2020-02-20,41.25,42.650001525878906,40.95000076293945,42.150001525878906,35.31871795654297,23850054
2020-02-24,41.45000076293945,41.45000076293945,39.04999923706055,39.25,32.88871765136719,22757603
2020-02-25,39.400001525878906,40.150001525878906,38.900001525878906,39.25,32.88871765136719,22137095
2020-02-26,38.400001525878906,39.20000076293945,38.25,38.54999923706055,32.30216979980469,18975185
2020-02-27,38.599998474121094,38.599998474121094,37.0,37.900001525878906,31.757516860961914,22730562
2020-02-28,35.20000076293945,36.70000076293945,34.900001525878906,35.54999923706055,29.788381576538086,33171784
2020-03-02,36.650001525878906,37.20000076293945,34.150001525878906,34.900001525878906,29.243730545043945,30887100
2020-03-03,35.45000076293945,36.5,35.099998474121094,36.0,30.16545295715332,25225572
2020-03-04,36.150001525878906,36.400001525878906,34.04999923706055,34.849998474121094,29.201831817626953,37654957
2020-03-05,35.29999923706055,35.650001525878906,34.04999923706055,34.20000076293945,28.657180786132812,36583370
2020-03-06,32.79999923706055,33.5,31.899999618530273,33.0,27.65166664123535,22839018
2020-03-09,32.0,32.099998474121094,29.049999237060547,29.799999237060547,24.970287322998047,33096333
2020-03-11,29.200000762939453,30.399999618530273,28.5,28.75,24.090465545654297,36530449
2020-03-12,27.0,27.350000381469727,24.5,24.700000762939453,20.696853637695312,46930309
2020-03-13,22.799999237060547,30.450000762939453,21.399999618530273,29.549999237060547,24.76081085205078,65612481
2020-03-16,27.049999237060547,28.600000381469727,25.149999618530273,27.25,22.833572387695312,34355890
2020-03-17,27.600000381469727,30.700000762939453,27.049999237060547,28.299999237060547,23.713396072387695,45328423
2020-03-18,28.649999618530273,29.100000381469727,25.350000381469727,26.799999237060547,22.45650291442871,46500808
2020-03-19,25.049999237060547,26.549999237060547,24.799999237060547,25.200000762939453,21.115816116333008,41256977
2020-03-20,25.5,27.0,25.299999237060547,26.700000762939453,22.372711181640625,37279836
2020-03-23,24.700000762939453,25.299999237060547,22.75,22.950000762939453,19.230478286743164,12934460
2020-03-24,24.700000762939453,24.700000762939453,21.649999618530273,21.799999237060547,18.266857147216797,36469248
2020-03-25,21.200000762939453,22.350000381469727,21.149999618530273,21.899999618530273,18.350650787353516,28770327
2020-03-26,22.5,23.049999237060547,21.549999237060547,21.799999237060547,18.266857147216797,33054658
2020-03-27,22.350000381469727,22.799999237060547,21.0,21.100000381469727,17.680309295654297,30567766
2020-03-30,21.0,21.0,20.149999618530273,20.399999618530273,17.0937557220459,17780972
2020-03-31,21.100000381469727,24.299999237060547,20.799999237060547,23.049999237060547,19.31427001953125,51866740
2020-04-01,23.049999237060547,23.049999237060547,21.799999237060547,22.200000762939453,18.602027893066406,18438923
2020-04-03,22.25,22.600000381469727,21.5,21.649999618530273,18.14116668701172,15162782
2020-04-07,23.350000381469727,24.850000381469727,22.399999618530273,24.450000762939453,20.487369537353516,33933006
2020-04-08,24.0,27.549999237060547,23.700000762939453,25.350000381469727,21.24150848388672,53476113
2020-04-09,26.25,26.950000762939453,25.700000762939453,26.350000381469727,22.07943344116211,26855643
2020-04-13,26.149999618530273,26.75,25.100000381469727,26.299999237060547,22.03753662109375,24780279
2020-04-15,26.850000381469727,27.149999618530273,25.799999237060547,26.149999618530273,21.911848068237305,25214416
2020-04-16,25.899999618530273,27.049999237060547,25.549999237060547,26.850000381469727,22.49839973449707,19014532
2020-04-17,27.799999237060547,28.649999618530273,26.350000381469727,28.299999237060547,23.713396072387695,33555416
2020-04-20,29.0,29.0,27.799999237060547,27.950000762939453,23.420122146606445,18760741
2020-04-21,27.25,27.25,25.950000762939453,26.450000762939453,22.16322898864746,19025690
2020-04-22,26.350000381469727,26.5,25.399999618530273,26.350000381469727,22.07943344116211,19429714
2020-04-23,26.450000762939453,27.25,26.299999237060547,26.600000381469727,22.288917541503906,14851109
2020-04-24,26.0,27.350000381469727,25.799999237060547,26.899999618530273,22.54029655456543,15593701
2020-04-27,27.350000381469727,27.350000381469727,26.299999237060547,26.549999237060547,22.247020721435547,12309351
2020-04-28,26.799999237060547,27.600000381469727,26.299999237060547,27.399999618530273,22.959259033203125,11729064
2020-04-29,27.399999618530273,30.799999237060547,27.100000381469727,30.200000762939453,25.305461883544922,47374906
2020-04-30,30.600000381469727,32.25,30.600000381469727,31.850000381469727,26.688045501708984,35723443
2020-05-04,29.549999237060547,29.700000762939453,28.399999618530273,28.850000381469727,24.174259185791016,19496308
2020-05-05,29.600000381469727,29.700000762939453,28.200000762939453,28.399999618530273,23.797189712524414,19206540
2020-05-06,28.399999618530273,28.600000381469727,27.350000381469727,28.350000381469727,23.755292892456055,13068084
2020-05-07,28.0,28.950000762939453,27.899999618530273,28.399999618530273,23.797189712524414,10084832
2020-05-08,29.049999237060547,29.25,28.25,28.399999618530273,23.797189712524414,9909903
2020-05-11,28.549999237060547,28.950000762939453,28.25,28.399999618530273,23.797189712524414,9173149
2020-05-12,28.0,28.0,27.25,27.649999618530273,23.16874122619629,12003321
2020-05-13,29.450000762939453,29.450000762939453,28.299999237060547,28.75,24.090465545654297,18992041
2020-05-14,28.100000381469727,28.600000381469727,27.799999237060547,28.149999618530273,23.58770751953125,9714715
2020-05-15,28.25,30.200000762939453,27.350000381469727,29.350000381469727,24.59322166442871,46610665
2020-05-18,29.5,29.600000381469727,27.149999618530273,27.450000762939453,23.001157760620117,23059501
2020-05-19,27.799999237060547,28.25,26.75,27.0,22.62409019470215,30154216
2020-05-20,26.899999618530273,27.899999618530273,26.549999237060547,27.600000381469727,23.126848220825195,18263255
2020-05-21,27.600000381469727,28.549999237060547,27.450000762939453,28.100000381469727,23.54581069946289,27487142
2020-05-22,27.75,28.200000762939453,27.049999237060547,27.299999237060547,22.87546730041504,17373652
2020-05-26,27.5,28.600000381469727,27.5,28.299999237060547,23.713396072387695,27070895
2020-05-27,28.899999618530273,29.950000762939453,28.75,29.649999618530273,24.844600677490234,44969019
2020-05-28,29.950000762939453,30.799999237060547,29.700000762939453,30.200000762939453,25.305461883544922,28673126
2020-05-29,28.899999618530273,30.450000762939453,28.899999618530273,30.149999618530273,25.263566970825195,29732816
2020-06-01,30.700000762939453,31.649999618530273,30.299999237060547,30.5,25.556838989257812,29781118
2020-06-02,30.799999237060547,31.399999618530273,30.049999237060547,31.100000381469727,26.059598922729492,27935407
2020-06-03,31.5,32.0,30.75,30.950000762939453,25.933910369873047,21651428
2020-06-04,31.0,31.549999237060547,30.100000381469727,31.100000381469727,26.059598922729492,27576912
2020-06-05,31.5,33.79999923706055,31.299999237060547,33.400001525878906,27.986833572387695,59692433
2020-06-08,34.349998474121094,35.099998474121094,32.29999923706055,32.70000076293945,27.400287628173828,48035123
2020-06-09,33.099998474121094,34.0,31.850000381469727,32.150001525878906,26.93942642211914,32609739
2020-06-10,32.0,32.150001525878906,31.200000762939453,31.600000381469727,26.47856330871582,22449990
2020-06-11,31.600000381469727,32.04999923706055,29.799999237060547,30.0,25.137876510620117,25533048
2020-06-12,28.350000381469727,30.5,28.350000381469727,30.350000381469727,25.431150436401367,22376269
2020-06-15,29.950000762939453,30.25,28.950000762939453,29.299999237060547,24.55132484436035,19196051
2020-06-16,30.5,31.149999618530273,28.799999237060547,29.5,24.71891212463379,48601252
2020-06-17,29.299999237060547,29.799999237060547,28.649999618530273,28.75,24.090465545654297,21696805
2020-06-18,28.850000381469727,29.850000381469727,28.700000762939453,29.649999618530273,24.844600677490234,25097181
2020-06-19,30.0,30.549999237060547,30.0,30.149999618530273,25.263566970825195,22925273
2020-06-22,30.149999618530273,31.450000762939453,30.100000381469727,31.200000762939453,26.14339256286621,27149296
2020-06-23,31.450000762939453,33.04999923706055,31.350000381469727,32.5,27.232698440551758,43338189
2020-06-24,33.25,33.45000076293945,30.399999618530273,30.850000381469727,25.850116729736328,49841902
2020-06-25,30.799999237060547,31.649999618530273,30.5,30.850000381469727,25.850116729736328,32776348
2020-06-26,31.549999237060547,31.600000381469727,30.299999237060547,30.5,25.556838989257812,24735195
2020-06-29,30.649999618530273,30.700000762939453,29.200000762939453,29.549999237060547,24.76081085205078,21563538
2020-06-30,30.0,31.450000762939453,29.899999618530273,30.399999618530273,25.473047256469727,48609424
2020-07-01,30.600000381469727,30.700000762939453,30.0,30.350000381469727,25.431150436401367,22009671
2020-07-02,30.700000762939453,31.600000381469727,30.25,31.200000762939453,26.14339256286621,33997655
2020-07-03,32.400001525878906,32.400001525878906,30.600000381469727,30.850000381469727,25.850116729736328,38153488
2020-07-06,31.350000381469727,32.29999923706055,30.899999618530273,31.850000381469727,26.688045501708984,46787217
2020-07-07,32.20000076293945,33.099998474121094,32.04999923706055,32.45000076293945,27.190805435180664,57552011
2020-07-08,32.95000076293945,37.650001525878906,32.95000076293945,35.349998474121094,29.620800018310547,212530122
2020-07-09,36.0,37.45000076293945,36.0,36.70000076293945,30.751998901367188,70831364
2020-07-10,36.5,37.25,35.0,36.900001525878906,30.91958999633789,59743092
2020-07-13,38.70000076293945,38.70000076293945,35.5,35.75,29.955968856811523,92260691
2020-07-14,35.599998474121094,35.599998474121094,34.04999923706055,34.20000076293945,28.657180786132812,30596065
2020-07-15,34.599998474121094,35.0,33.099998474121094,33.29999923706055,27.90304183959961,24086498
2020-07-16,33.54999923706055,34.900001525878906,32.099998474121094,34.5,28.908557891845703,32958286
2020-07-17,35.29999923706055,36.54999923706055,35.099998474121094,35.400001525878906,29.662694931030273,68818173
2020-07-20,35.400001525878906,35.79999923706055,34.849998474121094,35.54999923706055,29.788381576538086,27638440
2020-07-21,35.599998474121094,36.099998474121094,35.099998474121094,35.849998474121094,30.039762496948242,31595112
2020-07-22,35.79999923706055,36.650001525878906,34.650001525878906,35.150001525878906,29.453216552734375,42531617
2020-07-23,35.150001525878906,35.54999923706055,35.099998474121094,35.150001525878906,29.453216552734375,11579750
2020-07-24,34.79999923706055,34.79999923706055,33.650001525878906,34.349998474121094,28.78286361694336,15870701
2020-07-27,34.349998474121094,34.45000076293945,33.54999923706055,34.0,28.489591598510742,13712354
2020-07-28,34.29999923706055,35.70000076293945,34.099998474121094,35.54999923706055,29.788381576538086,29751288
2020-07-29,35.25,36.45000076293945,35.099998474121094,35.45000076293945,29.704591751098633,38860031
2020-07-30,35.599998474121094,35.849998474121094,34.0,34.25,28.69907569885254,25902582
2020-07-31,34.5,34.79999923706055,33.54999923706055,34.0,28.489591598510742,26453718
2020-08-03,33.79999923706055,34.75,33.599998474121094,34.349998474121094,28.78286361694336,29156107
2020-08-04,34.54999923706055,35.0,34.29999923706055,34.599998474121094,28.992351531982422,19087784
2020-08-05,35.099998474121094,37.400001525878906,35.04999923706055,36.75,30.793895721435547,81716003
2020-08-06,37.0,37.900001525878906,36.70000076293945,37.54999923706055,31.464248657226562,44354859
2020-08-07,37.54999923706055,38.25,37.099998474121094,37.70000076293945,31.58993911743164,30210437
2020-08-10,38.0,38.29999923706055,37.150001525878906,38.099998474121094,31.92510414123535,24215712
2020-08-11,38.400001525878906,40.79999923706055,38.25,38.900001525878906,32.59545135498047,75064417
2020-08-12,38.20000076293945,38.900001525878906,37.79999923706055,38.75,32.46976089477539,18065708
2020-08-13,39.099998474121094,39.650001525878906,38.349998474121094,38.75,32.46976089477539,15903731
2020-08-14,38.95000076293945,39.54999923706055,38.349998474121094,38.849998474121094,32.55354690551758,20231298
2020-08-17,39.099998474121094,39.5,38.849998474121094,39.04999923706055,32.72113800048828,11048607
2020-08-18,39.04999923706055,41.099998474121094,38.849998474121094,40.75,34.14561462402344,25628065
2020-08-19,41.29999923706055,41.599998474121094,40.79999923706055,41.099998474121094,34.43888854980469,22445005
2020-08-20,40.599998474121094,42.20000076293945,39.650001525878906,41.79999923706055,35.02543640136719,29129174
2020-08-21,42.400001525878906,44.75,42.20000076293945,42.45000076293945,35.57009506225586,51668043
2020-08-24,43.0,43.70000076293945,41.400001525878906,41.79999923706055,35.02543640136719,29942088
2020-08-25,42.25,42.25,40.20000076293945,41.099998474121094,34.43888854980469,48360282
2020-08-26,41.45000076293945,41.900001525878906,41.04999923706055,41.45000076293945,34.73217010498047,35558982
2020-08-27,41.70000076293945,41.75,40.20000076293945,40.70000076293945,34.10371780395508,76106020
2020-08-28,41.25,43.150001525878906,40.54999923706055,40.95000076293945,34.313201904296875,94254826
2020-08-31,41.400001525878906,41.70000076293945,38.099998474121094,38.5,32.26027297973633,57666292
2020-09-01,38.900001525878906,40.5,38.400001525878906,40.099998474121094,33.6009635925293,30350983
2020-09-02,40.400001525878906,42.04999923706055,39.5,41.599998474121094,34.85785675048828,37788910
2020-09-03,42.04999923706055,42.25,40.849998474121094,41.900001525878906,35.10923767089844,26752019
2020-09-04,40.79999923706055,42.150001525878906,40.099998474121094,40.5,33.93613815307617,33046839
2020-09-07,40.650001525878906,41.349998474121094,39.75,40.400001525878906,33.85234069824219,21726444
2020-09-08,40.70000076293945,40.70000076293945,38.20000076293945,38.70000076293945,32.42786407470703,65744243
2020-09-09,38.0,39.70000076293945,37.25,39.349998474121094,32.97251892089844,33871868
2020-09-10,39.650001525878906,39.900001525878906,37.75,38.5,32.26027297973633,34271287
2020-09-11,38.5,39.20000076293945,38.0,38.900001525878906,32.59545135498047,27698575
2020-09-14,39.349998474121094,40.20000076293945,39.099998474121094,39.54999923706055,33.140098571777344,19240968
2020-09-15,39.5,39.95000076293945,38.25,39.45000076293945,33.05630874633789,40622954
2020-09-16,39.099998474121094,39.70000076293945,37.900001525878906,38.0,31.8413143157959,25760010
2020-09-17,38.45000076293945,39.5,37.599998474121094,38.150001525878906,31.96700096130371,35814255
2020-09-18,38.400001525878906,38.650001525878906,37.70000076293945,37.849998474121094,31.715621948242188,12510061
2020-09-21,38.0,38.150001525878906,35.0,35.349998474121094,29.620800018310547,19226309
2020-09-22,35.400001525878906,35.75,33.79999923706055,35.5,29.74648666381836,24497183
2020-09-23,36.0,36.20000076293945,33.5,34.79999923706055,29.159936904907227,32810668
2020-09-24,34.0,34.400001525878906,32.650001525878906,32.849998474121094,27.525972366333008,36129941
2020-09-25,33.400001525878906,34.54999923706055,32.900001525878906,34.349998474121094,28.78286361694336,17492984
2020-09-28,34.650001525878906,36.099998474121094,34.599998474121094,35.70000076293945,29.91407585144043,15164031
2020-09-29,35.95000076293945,36.400001525878906,34.79999923706055,35.599998474121094,29.830278396606445,36276344
2020-09-30,35.599998474121094,35.70000076293945,33.599998474121094,33.75,28.280109405517578,26512197
2020-10-01,34.25,34.849998474121094,34.0,34.150001525878906,28.615285873413086,21021810
2020-10-05,34.25,35.849998474121094,34.25,35.150001525878906,29.453216552734375,32322342
2020-10-06,35.5,35.650001525878906,34.04999923706055,34.29999923706055,28.740970611572266,19373127
2020-10-07,34.5,34.599998474121094,33.29999923706055,33.5,28.070629119873047,21668837
2020-10-08,33.70000076293945,34.70000076293945,33.54999923706055,33.75,28.280109405517578,21527332
2020-10-09,34.20000076293945,35.20000076293945,33.849998474121094,33.95000076293945,28.447696685791016,31357732
2020-10-12,34.400001525878906,34.5,33.20000076293945,33.54999923706055,28.112524032592773,22895449
2020-10-13,33.5,33.75,33.0,33.04999923706055,27.693565368652344,11039140
2020-10-14,33.0,33.400001525878906,32.70000076293945,32.95000076293945,27.60976791381836,13586333
2020-10-15,33.20000076293945,33.79999923706055,32.650001525878906,32.79999923706055,27.484073638916016,13454670
2020-10-16,33.0,34.099998474121094,32.75,33.849998474121094,28.363903045654297,14610588
2020-10-19,34.20000076293945,34.95000076293945,34.099998474121094,34.75,29.118040084838867,15157981
2020-10-20,34.650001525878906,34.849998474121094,34.349998474121094,34.599998474121094,28.992351531982422,9770876
2020-10-21,34.599998474121094,35.900001525878906,34.54999923706055,35.5,29.74648666381836,18830923
2020-10-22,35.900001525878906,36.5,35.099998474121094,36.04999923706055,30.207347869873047,38367335
2020-10-23,36.45000076293945,37.0,35.54999923706055,36.54999923706055,30.626319885253906,26294137
2020-10-26,36.54999923706055,36.54999923706055,34.849998474121094,35.20000076293945,29.49510955810547,17021644
2020-10-27,35.29999923706055,35.400001525878906,34.0,34.099998474121094,28.573387145996094,19003973
2020-10-28,34.20000076293945,35.0,33.79999923706055,34.400001525878906,28.824764251708984,19587914
2020-10-29,34.0,34.25,33.150001525878906,33.599998474121094,28.154420852661133,19325359
2020-10-30,33.849998474121094,34.599998474121094,33.400001525878906,34.349998474121094,28.78286361694336,18625629
2020-11-02,34.5,34.70000076293945,34.0,34.150001525878906,28.615285873413086,12294902
2020-11-03,34.5,34.95000076293945,34.400001525878906,34.70000076293945,29.07614517211914,12299345
2020-11-04,34.70000076293945,35.099998474121094,34.25,34.75,29.118040084838867,12441955
2020-11-05,35.04999923706055,38.79999923706055,35.04999923706055,38.25,32.0507926940918,85133089
2020-11-06,38.5,39.400001525878906,37.599998474121094,37.95000076293945,31.799413681030273,41712940
2020-11-09,38.45000076293945,39.099998474121094,37.20000076293945,37.79999923706055,31.673728942871094,28838164
2020-11-10,37.900001525878906,38.45000076293945,37.400001525878906,37.95000076293945,31.799413681030273,18913828
2020-11-11,38.150001525878906,39.900001525878906,38.0,39.599998474121094,33.18199157714844,47615635
2020-11-12,40.0,40.20000076293945,39.29999923706055,39.54999923706055,33.140098571777344,30338907
2020-11-13,39.349998474121094,39.349998474121094,38.70000076293945,39.150001525878906,32.80492401123047,13598972
2020-11-14,39.5,39.900001525878906,39.29999923706055,39.650001525878906,33.223899841308594,3592162
2020-11-17,39.900001525878906,40.900001525878906,39.900001525878906,40.29999923706055,33.76853942871094,20430699
2020-11-18,40.29999923706055,40.75,39.79999923706055,40.04999923706055,33.55906677246094,15968025
2020-11-19,39.95000076293945,40.650001525878906,39.54999923706055,39.900001525878906,33.43337631225586,17608908
2020-11-20,40.099998474121094,41.400001525878906,39.599998474121094,41.099998474121094,34.43888854980469,27450386
2020-11-23,41.400001525878906,44.20000076293945,40.79999923706055,43.25,36.240440368652344,70283696
2020-11-24,43.349998474121094,43.900001525878906,42.349998474121094,43.400001525878906,36.366127014160156,19487876
2020-11-25,43.45000076293945,44.849998474121094,42.54999923706055,43.04999923706055,36.07284927368164,28682450
2020-11-26,43.099998474121094,46.79999923706055,42.79999923706055,46.54999923706055,39.0056037902832,60920144
2020-11-27,46.79999923706055,49.70000076293945,46.79999923706055,48.45000076293945,40.59767150878906,76580878
2020-12-01,48.599998474121094,50.70000076293945,47.900001525878906,49.95000076293945,41.85456466674805,46440917
2020-12-02,50.25,53.150001525878906,50.0,51.70000076293945,43.32094192504883,71746317
2020-12-03,51.95000076293945,54.5,51.95000076293945,54.25,45.45766067504883,44663015
2020-12-04,54.70000076293945,56.150001525878906,53.45000076293945,54.900001525878906,46.002315521240234,65064684
2020-12-07,55.25,57.099998474121094,54.45000076293945,55.0,46.08610534667969,62272111
2020-12-08,55.400001525878906,56.70000076293945,53.099998474121094,55.75,46.71455764770508,51337239
2020-12-09,56.04999923706055,56.349998474121094,54.45000076293945,54.70000076293945,45.83473205566406,36858447
2020-12-10,54.5,56.20000076293945,53.0,55.75,46.71455764770508,42650848
2020-12-11,55.70000076293945,59.70000076293945,55.70000076293945,57.75,48.390411376953125,83591037
2020-12-14,58.04999923706055,60.20000076293945,58.04999923706055,58.54999923706055,49.06074905395508,50554044
2020-12-15,58.5,58.75,56.650001525878906,58.29999923706055,48.85127258300781,44061093
2020-12-16,59.099998474121094,60.900001525878906,59.0,60.150001525878906,50.40144729614258,54374458
2020-12-17,60.099998474121094,60.349998474121094,57.099998474121094,57.54999923706055,48.22283172607422,70927030
2020-12-18,57.75,58.349998474121094,56.349998474121094,57.79999923706055,48.432308197021484,51151401
2020-12-21,57.099998474121094,59.20000076293945,54.599998474121094,55.349998474121094,46.37937927246094,49904093
2020-12-22,55.5,57.54999923706055,53.650001525878906,57.150001525878906,47.88765335083008,36746291
2020-12-23,57.0,59.79999923706055,56.5,59.04999923706055,49.4797248840332,31776121
2020-12-24,60.0,62.599998474121094,59.900001525878906,60.25,50.48523712158203,89470214
2020-12-28,61.0,64.80000305175781,60.599998474121094,63.95000076293945,53.5855712890625,50904677
2020-12-29,64.75,65.5999984741211,63.45000076293945,64.5,54.04643249511719,35887218
2020-12-30,64.5999984741211,70.9000015258789,63.650001525878906,69.75,58.44556427001953,74151917
2020-12-31,69.19999694824219,74.69999694824219,68.19999694824219,74.0999984741211,62.090545654296875,137237137
2021-01-01,73.94999694824219,75.75,72.80000305175781,74.5,62.42573547363281,69892092
2021-01-04,75.5,80.05000305175781,75.5,79.30000305175781,66.44779968261719,96199002
2021-01-05,79.0,80.30000305175781,77.5,78.0,65.35848999023438,75713352
2021-01-06,78.30000305175781,79.1500015258789,75.19999694824219,76.19999694824219,63.8502082824707,56609755
2021-01-07,76.94999694824219,79.25,76.80000305175781,78.0,65.35848999023438,38600425
2021-01-08,79.0,79.80000305175781,76.44999694824219,77.05000305175781,64.56244659423828,26952958
2021-01-11,77.0999984741211,77.44999694824219,73.5,74.8499984741211,62.71900177001953,30600008
2021-01-12,74.9000015258789,77.75,74.0,75.9000015258789,63.59882736206055,25240977
2021-01-13,76.5999984741211,77.80000305175781,73.69999694824219,74.69999694824219,62.59331130981445,33050639
2021-01-14,69.0,69.6500015258789,66.6500015258789,67.19999694824219,56.308841705322266,320354600
2021-01-15,68.05000305175781,72.19999694824219,68.05000305175781,70.1500015258789,58.78073501586914,322964592
2021-01-18,69.9000015258789,69.9000015258789,64.69999694824219,65.94999694824219,55.26143264770508,114708531
2021-01-19,66.69999694824219,67.4000015258789,65.9000015258789,66.19999694824219,55.470909118652344,43049022
2021-01-20,66.3499984741211,67.44999694824219,66.0,66.75,55.9317741394043,30615185
2021-01-21,67.19999694824219,67.44999694824219,64.30000305175781,64.8499984741211,54.3397102355957,41004290
2021-01-22,64.8499984741211,65.3499984741211,56.0,58.20000076293945,48.767486572265625,120962157
2021-01-25,59.5,60.20000076293945,56.5,58.25,48.80937576293945,52592712
2021-01-27,58.0,60.0,56.75,57.29999923706055,48.013343811035156,64428825
2021-01-28,56.75,57.900001525878906,55.29999923706055,56.95000076293945,47.72007751464844,112315162
2021-01-29,58.20000076293945,59.79999923706055,57.0,57.650001525878906,48.30662155151367,171607461
2021-02-01,58.54999923706055,65.25,57.599998474121094,63.599998474121094,53.292301177978516,177670118
2021-02-02,64.0,64.3499984741211,60.099998474121094,61.0,51.113677978515625,71391560
2021-02-03,61.650001525878906,64.55000305175781,61.400001525878906,63.599998474121094,53.292301177978516,54055375
2021-02-04,63.400001525878906,64.8499984741211,63.0,64.44999694824219,54.86722946166992,35946423
2021-02-05,65.0,65.9000015258789,62.25,65.05000305175781,55.378021240234375,53271875
2021-02-08,65.80000305175781,68.19999694824219,64.75,67.69999694824219,57.63399887084961,49944573
2021-02-09,68.0,68.8499984741211,65.55000305175781,66.75,56.82525634765625,64688675
2021-02-10,68.25,69.75,66.05000305175781,66.69999694824219,56.78268814086914,125531414
2021-02-11,66.4000015258789,67.55000305175781,66.0999984741211,66.9000015258789,56.95294952392578,21648433
2021-02-12,67.0,67.25,64.4000015258789,64.75,55.12262725830078,26210719
2021-02-15,65.5,65.69999694824219,62.400001525878906,62.70000076293945,53.37742614746094,24798836
2021-02-16,62.75,66.4000015258789,62.75,64.75,55.12262725830078,53647015
2021-02-17,64.5,65.9000015258789,63.650001525878906,64.5999984741211,54.99492645263672,27764443
2021-02-18,65.0,67.9000015258789,64.4000015258789,66.9000015258789,56.95294952392578,56021909
2021-02-19,67.0,68.5,63.25,65.30000305175781,55.590858459472656,44987639
2021-02-22,65.25,68.69999694824219,65.05000305175781,66.80000305175781,56.867828369140625,53109880
2021-02-23,67.5,71.19999694824219,66.9000015258789,70.55000305175781,60.06025695800781,100267923
2021-02-24,71.4000015258789,73.6500015258789,71.0999984741211,71.4000015258789,60.78386688232422,97883442
2021-02-25,72.25,73.9000015258789,72.05000305175781,73.19999694824219,62.316226959228516,61933209
2021-02-26,71.94999694824219,77.5,71.05000305175781,76.55000305175781,65.16813659667969,169801364
2021-03-01,77.5,79.5,74.75,78.4000015258789,66.74307250976562,80974117
2021-03-02,78.94999694824219,81.5,77.5,78.80000305175781,67.08360290527344,94777460
2021-03-03,79.0,81.1500015258789,78.25,78.44999694824219,66.78563690185547,47037509
2021-03-04,76.9000015258789,77.75,75.0,76.4000015258789,65.04045867919922,46203742
2021-03-05,75.94999694824219,76.0999984741211,69.4000015258789,72.0999984741211,61.37978744506836,65129335
2021-03-08,73.0999984741211,75.3499984741211,72.3499984741211,74.3499984741211,63.29523468017578,41468123
2021-03-09,75.1500015258789,75.5,69.69999694824219,71.30000305175781,60.69873809814453,42201529
2021-03-10,71.80000305175781,73.75,70.80000305175781,73.0,62.14597702026367,36382925
2021-03-12,73.75,75.75,72.1500015258789,72.8499984741211,62.01826858520508,52509386
2021-03-15,72.94999694824219,77.3499984741211,71.5999984741211,76.69999694824219,65.29582977294922,61636155
2021-03-16,77.5999984741211,78.30000305175781,74.6500015258789,75.05000305175781,63.89116668701172,55029693
2021-03-17,75.0,75.4000015258789,71.69999694824219,72.1500015258789,61.422359466552734,31206605
2021-03-18,73.19999694824219,75.80000305175781,69.55000305175781,70.75,60.23052215576172,46498848
2021-03-19,70.6500015258789,74.6500015258789,67.0999984741211,73.5,62.571632385253906,51635354
2021-03-22,73.0,74.0999984741211,72.19999694824219,73.3499984741211,62.44391632080078,21560723
2021-03-23,73.69999694824219,74.3499984741211,72.0,72.30000305175781,61.550045013427734,19090900
2021-03-24,71.80000305175781,71.94999694824219,69.80000305175781,70.5,60.01768493652344,30044912
2021-03-25,71.05000305175781,72.9000015258789,67.5999984741211,72.25,61.50748825073242,80461442
2021-03-26,73.80000305175781,77.5,73.05000305175781,76.75,65.3384017944336,105958723
2021-03-30,78.44999694824219,81.0,78.0,79.1500015258789,67.38156127929688,90695992
2021-03-31,79.1500015258789,80.1500015258789,78.0,78.80000305175781,67.08360290527344,30537855
2021-04-01,79.6500015258789,84.4000015258789,79.55000305175781,83.8499984741211,71.38273620605469,87556680
2021-04-05,86.5,90.0,83.55000305175781,89.6500015258789,76.32036590576172,149912383
2021-04-06,91.9000015258789,93.4000015258789,89.1500015258789,91.05000305175781,77.51220703125,134289233
2021-04-07,91.5,92.30000305175781,89.25,89.80000305175781,76.44806671142578,48066027
2021-04-08,91.3499984741211,98.5,91.3499984741211,95.5999984741211,81.38568115234375,124224953
2021-04-09,96.75,98.0,92.30000305175781,94.3499984741211,80.32154846191406,70229432
2021-04-12,91.9000015258789,91.94999694824219,83.44999694824219,84.69999694824219,72.10635375976562,97082396
2021-04-13,85.3499984741211,91.69999694824219,85.3499984741211,90.69999694824219,77.21424102783203,64322836
2021-04-15,92.0,95.3499984741211,89.9000015258789,92.80000305175781,79.00199127197266,120105992
2021-04-16,93.80000305175781,94.5,91.05000305175781,91.5999984741211,77.98043060302734,39292380
2021-04-19,87.25,89.5,85.3499984741211,89.1500015258789,75.89469909667969,60730939
2021-04-20,90.5,92.1500015258789,87.69999694824219,89.0,75.76701354980469,36041449
2021-04-22,89.5,94.5,89.0,94.05000305175781,80.06614685058594,56291774
2021-04-23,95.0,96.69999694824219,90.75,93.0999984741211,79.25739288330078,72844016
2021-04-26,95.05000305175781,101.19999694824219,94.8499984741211,100.5,85.55712890625,167027119
2021-04-27,100.5,101.55000305175781,99.30000305175781,100.1500015258789,85.25917053222656,59990913
2021-04-28,100.80000305175781,104.19999694824219,99.5999984741211,103.5,88.1110610961914,71403090
2021-04-29,105.0,113.5,104.75,112.5,95.77289581298828,144435081
2021-04-30,111.0,121.3499984741211,109.25,119.5,101.73210906982422,211743607
2021-05-03,119.19999694824219,130.60000610351562,116.44999694824219,127.75,108.75546264648438,170916244
2021-05-04,129.6999969482422,135.6999969482422,126.1500015258789,128.0,108.96827697753906,195246744
2021-05-05,132.5,134.3000030517578,126.55000305175781,130.3000030517578,110.92630767822266,104823675
2021-05-06,130.39999389648438,135.0,129.35000610351562,133.64999389648438,113.7781982421875,97680986
2021-05-07,136.10000610351562,145.85000610351562,136.10000610351562,144.25,122.80213165283203,164883787
2021-05-10,150.4499969482422,151.3000030517578,145.0,146.3000030517578,124.54731750488281,114303952
2021-05-11,141.5,143.9499969482422,138.3000030517578,140.39999389648438,119.5245590209961,117184978
2021-05-12,140.39999389648438,143.25,129.14999389648438,132.1999969482422,112.54380798339844,95677126
2021-05-14,133.39999389648438,134.3000030517578,123.19999694824219,127.1500015258789,108.24466705322266,147648853
2021-05-17,128.0,131.5,123.0999984741211,130.5500030517578,111.13912200927734,81100256
2021-05-18,134.5,136.1999969482422,130.39999389648438,131.9499969482422,112.33097839355469,66676999
2021-05-19,130.60000610351562,132.5,127.5999984741211,128.60000610351562,109.47908020019531,38298939
2021-05-20,125.0,125.4000015258789,121.0,121.44999694824219,103.39216613769531,59942600
2021-05-21,122.0,124.80000305175781,121.4000015258789,122.0,103.86039733886719,36201475
2021-05-24,122.30000305175781,125.75,117.0999984741211,124.75,106.20150756835938,96749599
2021-05-25,126.4000015258789,128.3000030517578,123.25,123.94999694824219,105.52046966552734,91822284
2021-05-26,123.0,123.0,118.0999984741211,118.75,101.09362030029297,67141657
2021-05-27,118.55000305175781,124.3499984741211,118.5,122.25,104.0732192993164,76208352
2021-05-28,126.5,126.80000305175781,120.25,120.9000015258789,102.92393493652344,66359161
2021-05-31,121.25,127.6500015258789,119.6500015258789,126.5999984741211,107.77643585205078,88316813
2021-06-01,127.5,127.69999694824219,120.05000305175781,121.19999694824219,103.17933654785156,110269080
2021-06-02,121.44999694824219,122.9000015258789,121.0,121.9000015258789,103.77526092529297,37163462
2021-06-03,123.0,124.6500015258789,122.05000305175781,122.3499984741211,104.15835571289062,35499419
2021-06-04,122.3499984741211,124.1500015258789,121.30000305175781,122.9000015258789,104.62657928466797,30162901
2021-06-07,125.19999694824219,125.94999694824219,122.5,123.0,104.71170806884766,38731208
2021-06-08,123.0,123.6500015258789,120.0999984741211,121.44999694824219,103.39216613769531,32933698
2021-06-09,122.0,125.5,121.19999694824219,124.44999694824219,105.94610595703125,65119067
2021-06-10,126.5,129.14999389648438,126.0999984741211,128.5500030517578,109.43651580810547,69545924
2021-06-11,130.0500030517578,135.6999969482422,129.39999389648438,135.0500030517578,114.97004699707031,182708699
2021-06-14,136.0,139.25,130.0,137.3000030517578,116.88551330566406,107555205
2021-06-15,137.9499969482422,139.75,136.60000610351562,137.3000030517578,116.88551330566406,54148549
2021-06-16,136.0,138.0,130.8000030517578,131.1999969482422,111.6924819946289,70891536
2021-06-17,128.0,133.39999389648438,127.3499984741211,128.3000030517578,109.22367858886719,62423773
2021-06-18,128.0,129.0,119.55000305175781,124.0,105.56302642822266,87506711
2021-06-21,120.9000015258789,127.3499984741211,120.1500015258789,126.9000015258789,108.03184509277344,57519229
2021-06-22,128.0,131.1999969482422,126.5999984741211,127.25,108.32978820800781,54722911
2021-06-23,128.25,129.3000030517578,123.6500015258789,124.0999984741211,105.64815521240234,41682651
2021-06-24,125.25,126.94999694824219,123.69999694824219,125.0,106.41433715820312,42063029
2021-06-25,126.94999694824219,132.0,126.75,131.35000610351562,111.8201904296875,84119646
2021-06-28,133.25,133.8000030517578,130.0,133.1999969482422,113.3951187133789,43837860
2021-06-29,133.1999969482422,133.85000610351562,129.25,130.3000030517578,110.92630767822266,31437450
2021-06-30,131.60000610351562,134.25,130.14999389648438,130.60000610351562,111.18171691894531,39503843
2021-07-01,131.6999969482422,131.85000610351562,126.5,126.94999694824219,108.07440948486328,42713468
2021-07-02,127.69999694824219,127.94999694824219,124.0,124.3499984741211,105.86097717285156,36404209
2021-07-05,125.0,126.80000305175781,123.80000305175781,125.5999984741211,106.92511749267578,41371708
2021-07-06,126.19999694824219,127.0999984741211,122.55000305175781,123.0999984741211,104.79683685302734,37735052
2021-07-07,123.0999984741211,129.6999969482422,121.75,128.10000610351562,109.05342102050781,70266324
2021-07-08,129.0,129.1999969482422,122.5,122.9000015258789,104.62657928466797,44541931
2021-07-09,123.4000015258789,125.69999694824219,122.55000305175781,125.05000305175781,106.4569091796875,36030640
2021-07-12,126.3499984741211,127.4000015258789,124.3499984741211,124.8499984741211,106.28662872314453,28310351
2021-07-13,125.5999984741211,127.25,124.30000305175781,125.3499984741211,106.71229553222656,22303327
2021-07-14,125.80000305175781,126.44999694824219,124.0999984741211,124.5,105.98868560791016,15709364
2021-07-15,124.6500015258789,127.44999694824219,124.5,126.1500015258789,107.39335632324219,38444821
2021-07-16,127.4000015258789,128.4499969482422,126.30000305175781,127.19999694824219,108.2872314453125,31731431
2021-07-19,125.9000015258789,129.3000030517578,124.6500015258789,126.6500015258789,107.81900787353516,55149617
2021-07-20,126.5,126.69999694824219,120.80000305175781,122.8499984741211,104.58401489257812,46291709
2021-07-22,124.4000015258789,127.69999694824219,124.3499984741211,126.1500015258789,107.39335632324219,68047287
2021-07-23,127.0999984741211,131.0,126.0,126.55000305175781,107.73387145996094,75791978
2021-07-26,127.25,130.89999389648438,126.55000305175781,129.60000610351562,110.33040618896484,62471280
2021-07-27,131.0,132.0500030517578,128.25,129.75,110.45807647705078,45361755
2021-07-28,130.35000610351562,134.85000610351562,127.30000305175781,133.85000610351562,113.94847106933594,75594059
2021-07-29,135.25,143.35000610351562,134.3000030517578,141.9499969482422,120.84410095214844,146823987
2021-07-30,140.5,145.89999389648438,140.5,142.0500030517578,120.92922973632812,83758559
2021-08-02,143.5,143.5,138.89999389648438,139.5,118.7583999633789,44235482
2021-08-03,139.64999389648438,140.9499969482422,137.10000610351562,139.10000610351562,118.41789245605469,40356148
2021-08-04,139.60000610351562,142.4499969482422,134.14999389648438,137.5500030517578,117.09832763671875,60973704
2021-08-05,138.75,143.85000610351562,133.6999969482422,143.0500030517578,121.78056335449219,85824933
2021-08-06,143.35000610351562,144.3000030517578,140.25,141.0,120.03536987304688,46997414
2021-08-09,142.0,143.89999389648438,132.35000610351562,134.10000610351562,114.16130065917969,71272074
2021-08-10,135.14999389648438,136.0,123.55000305175781,127.25,108.32978820800781,62228631
2021-08-11,130.1999969482422,135.25,127.5999984741211,134.75,114.71466064453125,83411121
2021-08-12,136.0,137.6999969482422,133.6999969482422,135.0,114.92747497558594,44524216
2021-08-13,134.85000610351562,136.89999389648438,128.8000030517578,133.9499969482422,114.0335922241211,73126922
2021-08-16,135.0,136.35000610351562,132.14999389648438,134.5,114.50182342529297,44335128
2021-08-17,134.35000610351562,135.0,129.5,130.0,110.6708984375,34911091
2021-08-18,130.25,131.0,127.69999694824219,128.39999389648438,109.30879974365234,24225712
2021-08-20,125.19999694824219,125.19999694824219,116.0999984741211,119.0,101.30643463134766,66573892
2021-08-23,122.0,122.9000015258789,112.55000305175781,115.1500015258789,98.02889251708984,87566320
2021-08-24,116.5999984741211,120.8499984741211,116.44999694824219,119.19999694824219,101.4767074584961,57673943
2021-08-25,120.05000305175781,121.5,118.5,119.3499984741211,101.60441589355469,33183246
2021-08-26,119.0,119.30000305175781,114.0,115.25,98.114013671875,58381363
2021-08-27,116.5,119.25,116.5,118.25,100.66797637939453,51051068
2021-08-30,118.8499984741211,122.80000305175781,118.80000305175781,121.5,103.43473052978516,43152497
2021-08-31,122.25,122.9000015258789,120.05000305175781,121.5999984741211,103.5198745727539,31984469
2021-09-01,121.4000015258789,121.5999984741211,118.30000305175781,120.05000305175781,102.20033264160156,29172329
2021-09-02,119.9000015258789,121.5,119.25,120.8499984741211,102.88137817382812,23650346
2021-09-03,121.25,125.0,119.69999694824219,122.44999694824219,104.24347686767578,45453134
2021-09-06,123.0,123.0999984741211,119.44999694824219,121.44999694824219,103.39216613769531,41016120
2021-09-07,121.80000305175781,123.4000015258789,119.9000015258789,120.25,102.37059020996094,29365152
2021-09-08,120.9000015258789,121.8499984741211,119.1500015258789,120.0,102.15776824951172,20022364
2021-09-09,120.0,123.30000305175781,119.5,122.19999694824219,104.03064727783203,27731248
2021-09-13,123.25,123.4000015258789,119.0999984741211,120.25,102.37059020996094,35275437
2021-09-14,120.94999694824219,121.69999694824219,119.69999694824219,120.6500015258789,102.71112823486328,22858807
2021-09-15,120.55000305175781,121.9000015258789,119.55000305175781,120.75,102.79625701904297,31240322
2021-09-16,121.1500015258789,122.6500015258789,119.30000305175781,119.5999984741211,101.8172378540039,27324977
2021-09-17,120.5,120.5,114.3499984741211,115.1500015258789,98.02889251708984,49076581
2021-09-20,111.0,113.25,105.0,105.80000305175781,91.49940490722656,64945986
2021-09-21,106.0,111.69999694824219,105.30000305175781,111.19999694824219,96.16949462890625,65576034
2021-09-22,111.80000305175781,113.5999984741211,109.0999984741211,111.30000305175781,96.2559814453125,55010096
2021-09-23,112.94999694824219,113.4000015258789,109.5,110.44999694824219,95.52086639404297,37099971
2021-09-24,110.69999694824219,111.5,106.6500015258789,108.1500015258789,93.53175354003906,41761741
2021-09-27,108.44999694824219,109.80000305175781,107.5,109.25,94.48307037353516,23012292
2021-09-28,109.30000305175781,111.5,109.05000305175781,110.3499984741211,95.43438720703125,26139871
2021-09-29,112.4000015258789,115.4000015258789,110.5999984741211,114.4000015258789,98.93696594238281,79833166
2021-09-30,115.0,117.94999694824219,113.19999694824219,113.6500015258789,98.28833770751953,59107985
2021-10-01,112.94999694824219,115.8499984741211,110.80000305175781,114.80000305175781,99.28289794921875,50198724
2021-10-04,115.80000305175781,120.94999694824219,114.0,120.30000305175781,104.03948211669922,86400828
2021-10-05,119.80000305175781,121.25,118.30000305175781,119.3499984741211,103.21790313720703,43299836
2021-10-06,119.80000305175781,122.0,115.0,115.75,100.1044921875,52648409
2021-10-07,116.9000015258789,117.80000305175781,115.0,115.5,99.8882827758789,22381530
2021-10-08,116.4000015258789,118.75,115.80000305175781,116.9000015258789,101.09904479980469,22319979
2021-10-11,117.5,117.8499984741211,116.30000305175781,116.5999984741211,100.83960723876953,20380201
2021-10-12,116.80000305175781,117.69999694824219,115.3499984741211,115.9000015258789,100.23420715332031,19223747
2021-10-13,116.0999984741211,123.44999694824219,116.0999984741211,121.75,105.29349517822266,81744156
2021-10-14,123.0,125.80000305175781,122.5,124.19999694824219,107.4123306274414,60211742
2021-10-18,125.9000015258789,131.8000030517578,124.80000305175781,129.0,111.56352996826172,115093350
2021-10-19,130.0,131.39999389648438,121.5999984741211,122.9000015258789,106.28805541992188,54408504
2021-10-20,122.69999694824219,123.25,118.5,119.44999694824219,103.30438232421875,34047612
2021-10-21,120.44999694824219,122.19999694824219,116.05000305175781,118.44999694824219,102.43953704833984,32622992
2021-10-22,119.30000305175781,119.8499984741211,115.1500015258789,116.5,100.75312042236328,24743699
2021-10-25,117.30000305175781,119.05000305175781,114.05000305175781,115.44999694824219,99.84503936767578,31735805
2021-10-26,116.30000305175781,120.69999694824219,116.0999984741211,119.9000015258789,103.69355010986328,30794702
2021-10-27,120.5,121.5999984741211,116.4000015258789,117.0,101.18553161621094,34383061
2021-10-28,116.30000305175781,117.5999984741211,113.55000305175781,115.0,99.45586395263672,56679255
2021-10-29,115.0,116.94999694824219,112.80000305175781,115.0999984741211,99.54235076904297,48266319
2021-11-01,123.0,130.3000030517578,122.25,125.25,108.3204116821289,200912849
2021-11-02,125.80000305175781,126.3499984741211,122.0999984741211,122.3499984741211,105.81239318847656,49404142
2021-11-03,123.0,123.80000305175781,121.0999984741211,122.0,105.50969696044922,40867394
2021-11-04,123.4000015258789,123.69999694824219,122.69999694824219,123.25,106.59073638916016,7327909
2021-11-08,125.0,125.0,122.0,124.6500015258789,107.80150604248047,40785175
2021-11-09,122.80000305175781,124.55000305175781,120.19999694824219,123.3499984741211,110.21395874023438,62396450
2021-11-10,123.5,123.94999694824219,117.5,117.94999694824219,105.3890380859375,67831948
2021-11-11,118.0999984741211,119.19999694824219,116.4000015258789,117.0,104.54020690917969,25749010
2021-11-12,118.0,118.9000015258789,115.55000305175781,117.5,104.9869613647461,24442697
2021-11-15,118.0,118.44999694824219,115.0,115.44999694824219,103.1552734375,17462859
2021-11-16,115.9000015258789,116.80000305175781,114.05000305175781,114.55000305175781,102.35111236572266,22417892
2021-11-17,114.0,115.44999694824219,113.0999984741211,113.6500015258789,101.54696655273438,17789072
2021-11-18,113.80000305175781,114.55000305175781,110.0,110.5,98.732421875,25723110
2021-11-22,111.0999984741211,111.69999694824219,105.80000305175781,107.3499984741211,95.91787719726562,32273044
2021-11-23,107.30000305175781,113.5,107.0,111.05000305175781,99.22384643554688,51894157
2021-11-24,111.8499984741211,112.5999984741211,110.0,110.5999984741211,98.82176971435547,28289989
2021-11-25,110.8499984741211,111.69999694824219,108.44999694824219,109.94999694824219,98.2409896850586,33353266
2021-11-26,108.55000305175781,109.19999694824219,103.0999984741211,103.6500015258789,92.61190795898438,56238864
2021-11-29,103.69999694824219,105.94999694824219,100.4000015258789,102.6500015258789,91.7184066772461,44874279
2021-11-30,103.0,105.30000305175781,99.25,100.05000305175781,89.39527893066406,50348334
2021-12-01,101.80000305175781,103.0,100.25,102.55000305175781,91.62905883789062,37013303
2021-12-02,102.69999694824219,104.9000015258789,101.69999694824219,104.55000305175781,93.41606140136719,35863264
2021-12-03,104.80000305175781,106.19999694824219,103.6500015258789,104.0,92.92462921142578,39431734
2021-12-06,104.30000305175781,106.5999984741211,102.25,102.9000015258789,91.9417724609375,40798956
2021-12-07,104.5,108.69999694824219,103.80000305175781,107.75,96.27527618408203,54180253
2021-12-08,109.94999694824219,110.44999694824219,107.19999694824219,110.19999694824219,98.46435546875,42143106
2021-12-09,110.25,112.5,108.6500015258789,111.80000305175781,99.89398193359375,41245513
2021-12-10,111.0999984741211,112.75,110.05000305175781,112.25,100.29605865478516,31774104
2021-12-13,123.44999694824219,123.44999694824219,112.5,113.0,100.9661865234375,69531375
2021-12-14,112.4000015258789,116.0,111.5999984741211,114.5999984741211,102.39579772949219,41178093
2021-12-15,114.75,117.19999694824219,113.5999984741211,113.94999694824219,101.81500244140625,38428524
2021-12-16,114.80000305175781,115.55000305175781,112.0999984741211,113.5,101.4129409790039,26860434
2021-12-17,113.0999984741211,113.5,110.4000015258789,112.3499984741211,100.38540649414062,34182526
2021-12-20,109.80000305175781,110.30000305175781,104.5,106.5,95.15840148925781,47029517
2021-12-21,107.5,111.9000015258789,107.3499984741211,110.6500015258789,98.86644744873047,37037500
2021-12-22,111.9000015258789,113.19999694824219,111.4000015258789,112.69999694824219,100.69812774658203,23794822
2021-12-23,113.5,114.6500015258789,111.0,111.4000015258789,99.53657531738281,26865830
2021-12-24,111.9000015258789,111.94999694824219,107.80000305175781,108.80000305175781,97.21346282958984,27899055
2021-12-27,107.80000305175781,109.25,107.0999984741211,108.44999694824219,96.90072631835938,18001260
2021-12-28,108.69999694824219,109.4000015258789,108.4000015258789,108.80000305175781,97.21346282958984,12134126
2021-12-29,108.5,108.5999984741211,105.69999694824219,106.4000015258789,95.06904602050781,25865808
2021-12-30,106.0,107.3499984741211,104.9000015258789,105.1500015258789,93.95215606689453,21013686
2021-12-31,105.55000305175781,108.44999694824219,105.5,107.19999694824219,95.7838363647461,21997020
2022-01-03,107.69999694824219,110.5999984741211,107.05000305175781,110.0999984741211,98.37500762939453,24678644
2022-01-04,110.94999694824219,111.25,108.6500015258789,109.8499984741211,98.15164184570312,24952161
2022-01-05,109.6500015258789,113.6500015258789,108.9000015258789,113.0,100.9661865234375,40582366
2022-01-06,111.69999694824219,113.5,111.25,112.3499984741211,100.38540649414062,25776004
2022-01-07,112.8499984741211,113.44999694824219,110.55000305175781,112.0,100.07267761230469,26351285
2022-01-10,112.55000305175781,112.5999984741211,109.3499984741211,109.75,98.06228637695312,40065591
2022-01-11,108.80000305175781,108.80000305175781,104.25,104.4000015258789,93.28203582763672,83997765
2022-01-12,105.05000305175781,106.0999984741211,104.55000305175781,104.94999694824219,93.77345275878906,36449235
2022-01-13,106.0,108.5,105.3499984741211,108.05000305175781,96.5433349609375,47128730
2022-01-14,107.69999694824219,108.8499984741211,107.25,108.19999694824219,96.67736053466797,22683240
2022-01-17,107.0,108.5,106.25,107.4000015258789,95.96255493164062,38356354
2022-01-18,108.0,108.0999984741211,105.05000305175781,105.30000305175781,94.08619689941406,26528093
2022-01-19,105.5,105.75,103.5999984741211,104.6500015258789,93.50540924072266,38987705
2022-01-20,105.0,106.9000015258789,103.80000305175781,105.5,94.26488494873047,41218605
2022-01-21,104.5,106.0,101.5999984741211,102.55000305175781,91.62905883789062,50322983
2022-01-24,101.5,102.25,96.25,97.3499984741211,86.98280334472656,51823192
2022-01-25,97.19999694824219,99.80000305175781,96.25,97.5,87.11683654785156,39580595
2022-01-27,97.0,97.0999984741211,94.1500015258789,96.4000015258789,86.13398742675781,41800442
2022-01-28,97.6500015258789,100.4000015258789,97.1500015258789,97.44999694824219,87.07215881347656,36999823
2022-01-31,99.19999694824219,99.6500015258789,97.55000305175781,98.44999694824219,87.96566772460938,29176967
2022-02-01,99.44999694824219,104.19999694824219,98.1500015258789,103.30000305175781,92.29917907714844,71410207
2022-02-02,105.19999694824219,106.0,103.6500015258789,104.1500015258789,93.05865478515625,50935597
2022-02-03,104.69999694824219,105.69999694824219,103.30000305175781,104.44999694824219,93.32671356201172,32947766
2022-02-04,104.69999694824219,106.69999694824219,103.8499984741211,105.0999984741211,93.90747833251953,39818820
2022-02-07,104.44999694824219,106.25,102.0,102.44999694824219,91.53968811035156,41791347
2022-02-08,103.0,104.0999984741211,99.5,101.9000015258789,91.04825592041016,43278258
2022-02-09,102.30000305175781,104.0,100.55000305175781,103.5999984741211,92.56723022460938,38882386
2022-02-10,101.0,106.75,101.0,103.4000015258789,92.38853454589844,84638735
2022-02-11,102.5,103.0999984741211,101.0999984741211,101.75,90.91423797607422,24260135
2022-02-14,100.0,100.30000305175781,95.5,96.1500015258789,85.91060638427734,32544033
2022-02-15,97.0,98.69999694824219,94.30000305175781,98.19999694824219,87.7422866821289,30069759
2022-02-16,98.80000305175781,100.3499984741211,98.0999984741211,98.6500015258789,88.14436340332031,23615723
2022-02-17,98.94999694824219,99.4000015258789,97.0,97.3499984741211,86.98280334472656,17584772
2022-02-18,97.30000305175781,98.3499984741211,96.30000305175781,96.8499984741211,86.53605651855469,24800828
2022-02-21,96.5,97.9000015258789,95.30000305175781,95.5999984741211,85.41917419433594,24726790
2022-02-22,93.94999694824219,94.3499984741211,91.0999984741211,93.25,83.31944274902344,31544269
2022-02-23,94.0,96.05000305175781,93.1500015258789,94.9000015258789,84.79371643066406,25758246
2022-02-24,90.0,91.94999694824219,84.3499984741211,85.0,75.94801330566406,71704145
2022-02-25,89.5,92.25,88.4000015258789,91.5999984741211,81.84516143798828,42402553
2022-02-28,91.0,96.75,90.19999694824219,96.3499984741211,86.08930206298828,51489421
2022-03-02,96.0,100.5,95.55000305175781,99.3499984741211,88.76981353759766,57349266
2022-03-03,101.5,102.5,100.05000305175781,101.1500015258789,90.37812805175781,42379071
2022-03-04,101.0,102.0999984741211,97.05000305175781,97.55000305175781,87.16151428222656,46399925
2022-03-07,97.5999984741211,99.1500015258789,94.8499984741211,98.0,87.56359100341797,38617536
2022-03-08,98.0,98.5,93.5,96.0999984741211,85.86592102050781,38596051
2022-03-09,96.0999984741211,97.8499984741211,95.19999694824219,96.0999984741211,85.86592102050781,31188865
2022-03-10,97.94999694824219,99.5999984741211,96.5999984741211,99.0999984741211,88.54645538330078,41584245
2022-03-11,99.5,101.8499984741211,99.05000305175781,99.6500015258789,89.03788757324219,44512874
2022-03-14,100.80000305175781,101.3499984741211,98.0,99.30000305175781,88.72514343261719,46969583
2022-03-15,99.0,99.0,93.8499984741211,94.9000015258789,84.79371643066406,44771720
2022-03-16,96.3499984741211,97.44999694824219,96.0,97.19999694824219,86.84878540039062,30212949
2022-03-17,98.80000305175781,100.0,97.19999694824219,98.0999984741211,87.65294647216797,50576391
2022-03-21,98.9000015258789,100.8499984741211,98.5,99.4000015258789,88.81449890136719,44140020
2022-03-22,99.9000015258789,101.44999694824219,98.25,99.5,88.90385437011719,43769916
2022-03-23,100.80000305175781,104.69999694824219,99.80000305175781,103.0999984741211,92.12046813964844,100447377
2022-03-24,102.75,104.94999694824219,102.5,104.0,92.92462921142578,41016068
2022-03-25,104.5,105.1500015258789,102.9000015258789,103.0999984741211,92.12046813964844,29916817
2022-03-28,101.80000305175781,101.80000305175781,99.5999984741211,99.8499984741211,91.43368530273438,28885917
2022-03-29,100.9000015258789,101.05000305175781,98.5,98.80000305175781,90.47219848632812,37061803
2022-03-30,99.0,99.0,97.05000305175781,97.75,89.51070404052734,32496697
2022-03-31,98.19999694824219,99.55000305175781,98.0,98.55000305175781,90.24327087402344,30867023
2022-04-01,99.0,102.5,98.80000305175781,102.1500015258789,93.53983306884766,31320098
2022-04-04,103.0,106.80000305175781,102.8499984741211,106.4000015258789,97.43159484863281,53395420
2022-04-05,106.94999694824219,108.0,105.19999694824219,105.75,96.83638000488281,45728043
2022-04-06,105.25,111.94999694824219,104.80000305175781,110.5,101.1860122680664,78734092
2022-04-07,111.3499984741211,112.19999694824219,107.5,109.0999984741211,99.90399932861328,52483623
2022-04-08,109.9000015258789,112.19999694824219,109.3499984741211,110.9000015258789,101.55229187011719,38006661
2022-04-11,110.94999694824219,112.3499984741211,109.69999694824219,109.94999694824219,100.68236541748047,23157885
2022-04-12,109.0,109.5,105.80000305175781,108.05000305175781,98.94252014160156,33624428
2022-04-13,108.9000015258789,109.44999694824219,106.30000305175781,106.5,97.5231704711914,18850426
2022-04-18,106.0,107.25,104.44999694824219,105.25,96.37852478027344,26261827
2022-04-19,106.0,108.0,102.5,104.0999984741211,95.32545471191406,26307915
2022-04-20,104.5,104.80000305175781,101.6500015258789,101.9000015258789,93.3108901977539,26825161
2022-04-21,102.3499984741211,103.80000305175781,100.69999694824219,103.0999984741211,94.40974426269531,31169375
2022-04-22,101.80000305175781,103.75,101.1500015258789,101.4000015258789,92.85304260253906,18079494
2022-04-25,99.5,100.0999984741211,96.5,96.75,88.59498596191406,48541864
2022-04-26,97.9000015258789,98.75,97.3499984741211,98.1500015258789,89.87696838378906,20974709
2022-04-27,97.4000015258789,97.8499984741211,95.5,97.19999694824219,89.0070571899414,29642139
2022-04-28,97.8499984741211,98.19999694824219,96.44999694824219,97.80000305175781,89.5564956665039,21460845
2022-04-29,98.0999984741211,98.94999694824219,96.5,96.75,88.59498596191406,22228488
2022-05-02,95.94999694824219,97.1500015258789,94.44999694824219,96.8499984741211,88.68655395507812,22931138
2022-05-04,98.05000305175781,98.4000015258789,93.8499984741211,94.8499984741211,86.85513305664062,31271235
2022-05-05,95.9000015258789,96.5999984741211,93.80000305175781,94.0999984741211,86.16836547851562,23329442
2022-05-06,93.0,93.0,89.05000305175781,89.9000015258789,82.32237243652344,48845546
2022-05-09,89.9000015258789,89.9000015258789,86.80000305175781,87.9000015258789,80.49095153808594,29833441
2022-05-10,87.30000305175781,88.44999694824219,83.55000305175781,84.0999984741211,77.0112533569336,32190085
2022-05-11,84.19999694824219,85.75,81.3499984741211,83.8499984741211,76.7823257446289,39120953
2022-05-12,83.44999694824219,83.5,79.80000305175781,80.69999694824219,73.89784240722656,35341235
2022-05-13,82.69999694824219,83.80000305175781,79.19999694824219,79.6500015258789,72.93634796142578,32364015
2022-05-16,80.0,82.25,78.8499984741211,81.55000305175781,74.67619323730469,26772936
2022-05-17,82.1500015258789,85.94999694824219,82.0999984741211,85.69999694824219,78.47637939453125,38380173
2022-05-18,86.30000305175781,86.44999694824219,84.0999984741211,84.5999984741211,77.46910095214844,32754918
2022-05-19,82.30000305175781,82.30000305175781,79.25,80.19999694824219,73.43997955322266,39987370
2022-05-20,82.94999694824219,83.44999694824219,81.5999984741211,83.0,76.00396728515625,30011006
2022-05-23,76.69999694824219,76.69999694824219,71.69999694824219,73.94999694824219,67.71678924560547,113585736
2022-05-24,74.3499984741211,75.69999694824219,73.3499984741211,74.25,67.99150848388672,60064633
2022-05-25,75.0,75.05000305175781,71.0,71.1500015258789,65.15280151367188,55416336
2022-05-26,72.0,74.3499984741211,69.5,73.6500015258789,67.44207000732422,66187950
2022-05-27,74.44999694824219,74.5999984741211,73.0,74.19999694824219,67.94572448730469,35122761
2022-05-30,75.0,75.55000305175781,73.80000305175781,74.75,68.44935607910156,29257589
2022-05-31,74.4000015258789,76.69999694824219,74.0999984741211,75.94999694824219,69.54821014404297,33084493
2022-06-01,75.94999694824219,77.0,74.94999694824219,76.44999694824219,70.00606536865234,32105532
2022-06-02,76.9000015258789,76.94999694824219,74.80000305175781,76.4000015258789,69.96028900146484,35686075
2022-06-03,77.4000015258789,77.4000015258789,75.5,75.6500015258789,69.27349853515625,21785047
2022-06-06,75.44999694824219,76.0,73.6500015258789,75.69999694824219,69.31927490234375,27661489
2022-06-07,75.0,75.94999694824219,74.5,75.0,68.67828369140625,18218210
2022-06-08,75.25,76.4000015258789,75.0999984741211,75.80000305175781,69.41085815429688,21951937
2022-06-09,75.25,75.9000015258789,74.1500015258789,75.05000305175781,68.72407531738281,21014709
2022-06-10,74.05000305175781,74.19999694824219,72.5999984741211,73.30000305175781,67.12157440185547,29410059
2022-06-13,72.0,72.0,70.19999694824219,71.5,65.47329711914062,30530740
2022-06-14,71.0,73.4000015258789,70.69999694824219,71.25,65.24436950683594,29432739
2022-06-15,71.94999694824219,72.25,70.5,70.75,64.78651428222656,23770095
2022-06-16,72.0,72.0,66.5,67.25,61.5815315246582,39971288
2022-06-17,67.25,70.05000305175781,66.25,68.44999694824219,62.680389404296875,68542282
2022-06-20,68.5999984741211,68.5999984741211,63.599998474121094,64.9000015258789,59.42961502075195,44821242
2022-06-21,65.5999984741211,69.4000015258789,64.5999984741211,68.80000305175781,63.00086975097656,51488728
2022-06-22,68.0,68.0,65.1500015258789,66.5,60.894744873046875,38976592
2022-06-23,66.5,68.0,65.94999694824219,67.25,61.5815315246582,33483121
2022-06-24,68.0,69.05000305175781,67.1500015258789,68.0,62.26831817626953,29172632
2022-06-27,69.30000305175781,70.5,68.80000305175781,69.94999694824219,64.05393981933594,31633555
2022-06-28,69.80000305175781,71.4000015258789,69.19999694824219,71.0999984741211,65.10701751708984,35159121
2022-06-29,70.1500015258789,70.69999694824219,69.69999694824219,70.05000305175781,64.14552307128906,24035362
2022-06-30,69.9000015258789,70.80000305175781,68.19999694824219,68.55000305175781,62.7719612121582,25854133
2022-07-01,68.19999694824219,70.19999694824219,67.8499984741211,69.9000015258789,64.00816345214844,20563587
2022-07-04,69.19999694824219,69.9000015258789,67.5,69.0,63.184017181396484,22848966
2022-07-05,69.0,71.30000305175781,68.80000305175781,69.5999984741211,63.73344039916992,27353438
2022-07-06,69.25,69.9000015258789,67.55000305175781,69.5999984741211,63.73344039916992,24025696
2022-07-07,70.19999694824219,73.5,69.75,72.8499984741211,66.70950317382812,36413399
2022-07-08,73.5,73.80000305175781,71.1500015258789,71.5999984741211,65.56487274169922,37768322
2022-07-11,70.5,73.9000015258789,70.5,72.5,66.38900756835938,40747355
2022-07-12,72.1500015258789,72.1500015258789,70.5999984741211,71.0999984741211,65.10701751708984,34393160
2022-07-13,71.0,71.6500015258789,70.5999984741211,71.05000305175781,65.06123352050781,23680129
2022-07-14,70.80000305175781,71.0999984741211,69.55000305175781,70.0999984741211,64.19129180908203,21598574
2022-07-15,70.0999984741211,70.30000305175781,68.55000305175781,69.3499984741211,63.504520416259766,57717709
2022-07-18,69.8499984741211,72.0,69.6500015258789,71.80000305175781,65.74801635742188,33245541
2022-07-19,71.1500015258789,73.44999694824219,71.1500015258789,73.19999694824219,67.02999877929688,39257553
2022-07-20,74.30000305175781,76.1500015258789,74.1500015258789,74.94999694824219,68.63249206542969,61219545
2022-07-21,75.0,76.0,74.4000015258789,75.5999984741211,69.22770690917969,31038381
2022-07-22,76.05000305175781,76.30000305175781,74.69999694824219,75.30000305175781,68.95301055908203,21258642
2022-07-25,75.25,76.1500015258789,74.80000305175781,76.0,69.59400177001953,19924422
2022-07-26,76.25,76.5999984741211,74.5,74.94999694824219,68.63249206542969,24458733
2022-07-27,75.0,76.0,74.30000305175781,75.80000305175781,69.41085815429688,17084580
2022-07-28,75.0,75.0999984741211,73.55000305175781,73.80000305175781,69.64678955078125,33296293
2022-07-29,74.9000015258789,77.44999694824219,74.5,77.1500015258789,72.80825805664062,41224551
2022-08-01,77.8499984741211,78.1500015258789,76.69999694824219,77.69999694824219,73.3272933959961,18151290
2022-08-02,77.5,77.9000015258789,75.9000015258789,77.5,73.13855743408203,18742186
2022-08-03,77.9000015258789,78.5999984741211,75.44999694824219,76.3499984741211,72.05328369140625,23493253
2022-08-04,76.55000305175781,78.1500015258789,75.94999694824219,76.94999694824219,72.61951446533203,24826809
2022-08-05,77.3499984741211,78.44999694824219,77.0999984741211,77.5999984741211,73.2329330444336,19897620
2022-08-08,77.75,78.5999984741211,76.8499984741211,78.1500015258789,73.7519760131836,19680701
2022-08-10,78.55000305175781,80.30000305175781,77.6500015258789,79.9000015258789,75.40349578857422,35559063
2022-08-11,79.80000305175781,79.80000305175781,78.05000305175781,78.8499984741211,74.41259002685547,31717052
2022-08-12,78.8499984741211,82.19999694824219,78.80000305175781,81.5999984741211,77.00782012939453,40640281
2022-08-16,81.9000015258789,82.94999694824219,80.19999694824219,82.6500015258789,77.99873352050781,26851934
2022-08-17,82.8499984741211,84.05000305175781,82.3499984741211,82.8499984741211,78.1874771118164,28056755
2022-08-18,82.8499984741211,83.30000305175781,82.05000305175781,83.1500015258789,78.4706039428711,20383265
2022-08-19,83.0999984741211,83.19999694824219,81.5,81.75,77.14937591552734,16756741
2022-08-22,81.19999694824219,81.19999694824219,78.0,78.1500015258789,73.7519760131836,18504246
2022-08-23,77.75,80.3499984741211,77.0,80.0,75.49786376953125,18941205
2022-08-24,79.5,80.25,78.9000015258789,79.44999694824219,74.97882080078125,15002345
2022-08-25,79.8499984741211,80.94999694824219,79.5,79.75,75.2619400024414,14283751
2022-08-26,81.0,82.9000015258789,80.5999984741211,81.69999694824219,77.1021957397461,29944031
2022-08-29,79.0,80.44999694824219,78.44999694824219,79.94999694824219,75.45068359375,20571152
2022-08-30,80.5,81.8499984741211,80.25,81.30000305175781,76.72471618652344,22790003
2022-09-01,80.5,81.44999694824219,80.0,80.94999694824219,76.39440155029297,19557859
2022-09-02,80.94999694824219,81.75,79.05000305175781,79.19999694824219,74.74288177490234,23484601
2022-09-05,79.69999694824219,81.05000305175781,79.5,80.5,75.9697265625,21881137
2022-09-06,81.19999694824219,82.44999694824219,80.0,82.05000305175781,77.43251037597656,21769068
2022-09-07,81.75,82.5999984741211,81.5,82.25,77.6212387084961,18135087
2022-09-08,82.9000015258789,83.0999984741211,81.25,81.5999984741211,77.00782012939453,13192202
2022-09-09,82.05000305175781,82.80000305175781,81.55000305175781,82.1500015258789,77.52687072753906,14149065
2022-09-12,82.69999694824219,83.5,82.5,83.25,78.56497192382812,13787059
2022-09-13,83.5,84.25,83.5,83.5999984741211,78.895263671875,14722171
2022-09-14,82.0,85.0,81.94999694824219,84.05000305175781,79.3199462890625,22582789
2022-09-15,83.5999984741211,83.80000305175781,82.0,82.25,77.6212387084961,16676036
2022-09-16,82.0,82.4000015258789,79.5999984741211,80.6500015258789,76.11128997802734,22689826
2022-09-19,80.6500015258789,80.75,78.5999984741211,78.8499984741211,74.41259002685547,17209181
2022-09-20,79.55000305175781,81.3499984741211,79.5,80.75,76.2056655883789,14219212
2022-09-21,80.69999694824219,81.55000305175781,79.9000015258789,80.0999984741211,75.59223937988281,10364275
2022-09-22,79.80000305175781,81.0,79.0,80.4000015258789,75.87535858154297,11718492
2022-09-23,80.0,81.0999984741211,77.80000305175781,78.1500015258789,73.7519760131836,11815823
2022-09-26,77.0,77.30000305175781,73.80000305175781,74.69999694824219,70.49613189697266,15856055
2022-09-27,75.75,75.8499984741211,73.5,74.9000015258789,70.68487548828125,14244016
2022-09-28,74.0,75.0999984741211,73.19999694824219,73.6500015258789,69.50521850585938,11622517
2022-09-29,74.5,75.6500015258789,73.55000305175781,74.05000305175781,69.88272094726562,31048983
2022-09-30,74.4000015258789,77.0999984741211,73.5999984741211,76.75,72.4307632446289,23164910
2022-10-03,76.5,76.55000305175781,75.55000305175781,76.0,71.72297668457031,12532404
2022-10-04,77.75,80.0,76.9000015258789,79.5999984741211,75.12037658691406,17021286
2022-10-06,80.0,82.69999694824219,79.8499984741211,82.44999694824219,77.80998229980469,22003469
2022-10-07,82.0,82.0999984741211,80.3499984741211,81.05000305175781,76.48877716064453,12122823
2022-10-10,79.9000015258789,82.5,79.6500015258789,81.9000015258789,77.29094696044922,17325325
2022-10-11,81.8499984741211,82.19999694824219,78.69999694824219,79.3499984741211,74.88444519042969,15270763
2022-10-12,79.5,80.0,78.1500015258789,79.5,75.02600860595703,12403161
2022-10-13,79.44999694824219,79.8499984741211,77.5,78.1500015258789,73.7519760131836,12769213
2022-10-14,80.0,80.0,77.69999694824219,77.9000015258789,73.51604461669922,8472934
2022-10-17,77.69999694824219,78.44999694824219,76.25,78.25,73.84635925292969,11143044
2022-10-18,78.6500015258789,79.19999694824219,78.25,78.9000015258789,74.45977020263672,9906432
2022-10-19,78.9000015258789,79.80000305175781,78.0999984741211,78.4000015258789,73.98790740966797,8775176
2022-10-20,78.30000305175781,79.9000015258789,77.6500015258789,79.5999984741211,75.12037658691406,13611208
2022-10-21,79.0999984741211,79.55000305175781,77.30000305175781,77.8499984741211,73.46885681152344,13898452
2022-10-24,79.0,79.0,78.0,78.5,74.08228302001953,1726938
2022-10-25,78.05000305175781,80.0,77.5,79.3499984741211,74.88444519042969,14835434
2022-10-27,80.19999694824219,82.9000015258789,80.0999984741211,82.55000305175781,77.90436553955078,31614891
2022-10-28,82.80000305175781,82.80000305175781,78.3499984741211,78.94999694824219,74.50695037841797,29330156
2022-10-31,79.3499984741211,79.55000305175781,77.9000015258789,78.69999694824219,74.2710189819336,11696554
2022-11-01,78.69999694824219,80.25,78.4000015258789,80.0,75.49786376953125,15997988
2022-11-02,80.0,81.44999694824219,79.69999694824219,80.44999694824219,75.92254638671875,14278917
2022-11-03,79.80000305175781,81.44999694824219,79.30000305175781,81.30000305175781,76.72471618652344,15209490
2022-11-04,81.5,84.4000015258789,81.44999694824219,84.0999984741211,79.36713409423828,33445593
2022-11-07,84.8499984741211,87.3499984741211,83.55000305175781,87.0999984741211,82.19830322265625,38020780
2022-11-09,87.44999694824219,87.5999984741211,85.5,86.05000305175781,81.2073974609375,22539789
2022-11-10,85.0,86.6500015258789,83.75,84.19999694824219,79.46150207519531,16683921
2022-11-11,84.4000015258789,87.5,84.19999694824219,85.5,80.68834686279297,33191044
2022-11-14,85.5999984741211,88.0,85.55000305175781,86.44999694824219,81.58488464355469,26520636
2022-11-15,86.8499984741211,87.19999694824219,85.0999984741211,86.19999694824219,81.34894561767578,13610421
2022-11-16,86.0999984741211,86.5,82.30000305175781,82.5999984741211,77.95155334472656,25739336
2022-11-17,83.0,83.0,80.75,81.75,77.14937591552734,22502719
2022-11-18,81.9000015258789,82.44999694824219,79.8499984741211,80.6500015258789,76.11128997802734,17752344
2022-11-21,82.25,83.0,81.0,81.69999694824219,77.1021957397461,26933770
2022-11-22,81.69999694824219,82.44999694824219,80.8499984741211,82.25,77.6212387084961,14583252
2022-11-23,82.69999694824219,83.8499984741211,82.0999984741211,83.1500015258789,78.4706039428711,12436505
2022-11-24,83.30000305175781,84.3499984741211,82.3499984741211,82.5999984741211,77.95155334472656,12007082
2022-11-25,82.8499984741211,83.75,82.05000305175781,83.3499984741211,78.65934753417969,10734377
2022-11-28,82.5,83.19999694824219,81.80000305175781,82.0999984741211,77.47969818115234,12858389
2022-11-29,82.55000305175781,84.5999984741211,82.25,82.75,78.09310150146484,19526525
2022-11-30,82.75,85.0,82.69999694824219,84.8499984741211,80.07492065429688,23604166
2022-12-01,85.69999694824219,86.25,84.75,85.8499984741211,81.01864624023438,24779245
2022-12-02,85.94999694824219,87.44999694824219,85.5,86.75,81.86800384521484,20303404
2022-12-05,87.19999694824219,88.6500015258789,87.0,88.0999984741211,83.14202117919922,21457721
2022-12-06,88.05000305175781,88.0999984741211,85.44999694824219,85.94999694824219,81.1130142211914,16724879
2022-12-07,86.44999694824219,86.44999694824219,84.44999694824219,85.30000305175781,80.49960327148438,12166267
2022-12-08,85.5,86.1500015258789,84.0999984741211,85.69999694824219,80.87708282470703,14100639
2022-12-09,86.30000305175781,87.0,83.69999694824219,84.55000305175781,79.79180908203125,12784750
2022-12-12,84.5,85.25,83.05000305175781,84.94999694824219,80.16929626464844,10442886
2022-12-13,85.44999694824219,85.75,84.0,84.1500015258789,79.41432189941406,11388040
2022-12-14,84.5999984741211,85.5999984741211,84.5,85.1500015258789,80.35804748535156,10055122
2022-12-15,84.94999694824219,85.69999694824219,83.3499984741211,83.55000305175781,78.84808349609375,10984645
2022-12-16,83.4000015258789,83.55000305175781,82.0,82.5999984741211,77.95155334472656,11710485
2022-12-19,83.0,83.19999694824219,82.0999984741211,82.94999694824219,78.28184509277344,8474568
2022-12-20,82.5,82.75,80.69999694824219,81.8499984741211,77.2437515258789,14817945
2022-12-21,82.30000305175781,83.6500015258789,80.80000305175781,81.4000015258789,76.81908416748047,14289387
2022-12-22,81.8499984741211,82.0999984741211,78.19999694824219,78.69999694824219,74.2710189819336,18920980
2022-12-23,78.25,78.30000305175781,74.3499984741211,74.69999694824219,70.49613189697266,15647334
2022-12-26,75.0,77.1500015258789,73.75,76.6500015258789,72.33639526367188,14027435
2022-12-27,77.4000015258789,81.1500015258789,77.19999694824219,80.80000305175781,76.25285339355469,29894904
2022-12-28,80.75,81.44999694824219,79.94999694824219,80.69999694824219,76.15847778320312,13888353
2022-12-29,80.19999694824219,81.30000305175781,79.75,81.05000305175781,76.48877716064453,13574850
2022-12-30,82.55000305175781,84.44999694824219,82.0999984741211,82.6500015258789,77.99873352050781,29757458
2023-01-02,83.30000305175781,89.5,83.05000305175781,88.94999694824219,83.9441909790039,86864774
2023-01-03,89.0,89.69999694824219,87.69999694824219,88.3499984741211,83.37796020507812,37876426
2023-01-04,87.6500015258789,88.3499984741211,84.8499984741211,85.25,80.45242309570312,20223708
2023-01-05,85.69999694824219,87.8499984741211,84.6500015258789,87.4000015258789,82.4814224243164,24321965
2023-01-06,87.8499984741211,88.05000305175781,85.44999694824219,85.9000015258789,81.06583404541016,19627104
2023-01-09,87.0,88.1500015258789,86.80000305175781,87.75,82.81172943115234,16860710
2023-01-10,87.75,88.75,86.19999694824219,87.5999984741211,82.670166015625,21375875
2023-01-11,88.05000305175781,89.55000305175781,87.80000305175781,88.94999694824219,83.9441909790039,24955585
2023-01-12,88.75,88.75,87.19999694824219,88.0,83.04764556884766,11442821
2023-01-13,88.30000305175781,89.5999984741211,87.94999694824219,88.8499984741211,83.84981536865234,18350692
2023-01-16,89.25,89.69999694824219,87.5999984741211,87.9000015258789,82.95328521728516,12333401
2023-01-17,87.8499984741211,87.8499984741211,86.05000305175781,87.1500015258789,82.24549865722656,12532647
2023-01-18,87.5,91.19999694824219,87.3499984741211,90.69999694824219,85.595703125,39056707
2023-01-19,90.44999694824219,93.9000015258789,90.0,92.0999984741211,86.91692352294922,63481359
2023-01-20,92.3499984741211,92.94999694824219,91.19999694824219,91.5,86.3506851196289,27855347
2023-01-23,91.94999694824219,93.4000015258789,90.30000305175781,93.0999984741211,87.86063385009766,37644720
2023-01-24,92.94999694824219,93.1500015258789,90.69999694824219,91.0,85.87882995605469,15154378
2023-01-25,90.9000015258789,91.4000015258789,89.1500015258789,89.9000015258789,84.84072875976562,17092770
2023-01-27,90.0,91.19999694824219,86.30000305175781,88.1500015258789,83.18921661376953,21874770
2023-01-30,88.1500015258789,89.5999984741211,86.0,86.8499984741211,81.96237182617188,13314265
2023-01-31,87.4000015258789,91.1500015258789,87.0,90.5999984741211,85.50133514404297,26331826
2023-02-01,91.30000305175781,92.4000015258789,86.80000305175781,89.0,83.99138641357422,25911790
2023-02-02,88.8499984741211,90.25,87.6500015258789,89.0,83.99138641357422,22866118
2023-02-03,89.44999694824219,89.69999694824219,85.4000015258789,85.94999694824219,81.1130142211914,21487839
2023-02-06,86.4000015258789,86.69999694824219,84.0999984741211,84.44999694824219,79.69744110107422,15025899
2023-02-07,84.44999694824219,84.44999694824219,81.44999694824219,82.44999694824219,77.80998229980469,19123174
2023-02-08,82.44999694824219,84.80000305175781,82.30000305175781,84.55000305175781,79.79180908203125,17280945
2023-02-09,84.69999694824219,86.55000305175781,83.80000305175781,85.3499984741211,80.54678344726562,13368881
2023-02-10,84.94999694824219,85.0999984741211,83.75,84.55000305175781,79.79180908203125,8282686
2023-02-13,84.5,85.25,83.0,83.3499984741211,78.65934753417969,11254227
2023-02-14,83.6500015258789,84.5,82.05000305175781,84.19999694824219,79.46150207519531,19252645
2023-02-15,84.0,85.3499984741211,83.5999984741211,84.1500015258789,79.41432189941406,12266197
2023-02-16,85.0,85.94999694824219,84.3499984741211,85.80000305175781,80.97146606445312,10475328
2023-02-17,85.44999694824219,87.6500015258789,85.30000305175781,86.1500015258789,81.30176544189453,21525591
2023-02-20,86.0,86.5999984741211,84.9000015258789,86.05000305175781,81.2073974609375,12315939
2023-02-21,86.5,87.5999984741211,86.1500015258789,87.1500015258789,82.24549865722656,14079807
2023-02-22,87.0,87.0999984741211,84.0,84.55000305175781,79.79180908203125,19537168
2023-02-23,85.0,86.30000305175781,84.19999694824219,84.9000015258789,80.12210845947266,24771081
2023-02-24,85.3499984741211,85.69999694824219,82.75,82.94999694824219,78.28184509277344,19305545
2023-02-27,82.69999694824219,83.4000015258789,81.0999984741211,83.0,78.32903289794922,16861726
2023-02-28,83.0999984741211,83.5999984741211,81.80000305175781,82.75,78.09310150146484,14683471
2023-03-01,83.0,85.5,83.0,85.25,80.45242309570312,13629694
2023-03-02,85.0999984741211,86.44999694824219,84.94999694824219,86.30000305175781,81.44332885742188,13107291
2023-03-03,86.8499984741211,88.0999984741211,86.05000305175781,87.80000305175781,82.85891723632812,14681544
2023-03-06,87.69999694824219,88.19999694824219,86.75,87.44999694824219,82.52860260009766,15255919
2023-03-08,86.25,87.80000305175781,85.75,87.4000015258789,82.4814224243164,10100796
2023-03-09,87.55000305175781,89.0,87.5,87.75,82.81172943115234,12585135
2023-03-10,86.80000305175781,88.19999694824219,86.4000015258789,88.0999984741211,83.14202117919922,10662815
2023-03-13,88.3499984741211,89.3499984741211,86.69999694824219,86.94999694824219,82.0567398071289,14288810
2023-03-14,87.0999984741211,87.9000015258789,85.75,86.80000305175781,81.9151840209961,10616254
2023-03-15,87.55000305175781,88.5999984741211,87.19999694824219,87.6500015258789,82.71736145019531,13398597
2023-03-16,86.8499984741211,87.30000305175781,84.05000305175781,85.30000305175781,80.49960327148438,20684933
2023-03-17,86.0,89.05000305175781,85.80000305175781,88.6500015258789,83.66107177734375,26577314
2023-03-20,88.6500015258789,88.6500015258789,85.44999694824219,86.5999984741211,81.7264404296875,14909136
2023-03-21,87.05000305175781,87.55000305175781,86.25,87.05000305175781,82.151123046875,9170696
2023-03-22,87.1500015258789,87.25,84.4000015258789,85.05000305175781,80.263671875,19851740
2023-03-23,84.8499984741211,86.69999694824219,84.19999694824219,85.8499984741211,81.01864624023438,17338653
2023-03-24,85.05000305175781,85.05000305175781,82.0,82.3499984741211,78.63152313232422,20599895
2023-03-27,82.0999984741211,82.9000015258789,80.9000015258789,81.19999694824219,77.53345489501953,11701170
2023-03-28,81.25,81.8499984741211,80.6500015258789,80.80000305175781,77.15153503417969,11090113
2023-03-29,80.80000305175781,82.94999694824219,80.5999984741211,82.55000305175781,78.822509765625,13616947
2023-03-31,83.44999694824219,84.30000305175781,77.5999984741211,82.69999694824219,78.96572875976562,20583852
2023-04-03,83.8499984741211,84.3499984741211,83.30000305175781,83.80000305175781,80.01606750488281,7075382
2023-04-05,83.19999694824219,83.44999694824219,82.0999984741211,82.5,78.7747573852539,8559285
2023-04-06,82.30000305175781,82.6500015258789,81.30000305175781,82.0999984741211,78.39282989501953,9141521
2023-04-10,82.5,83.19999694824219,82.25,82.44999694824219,78.72701263427734,7342069
2023-04-11,83.0,83.05000305175781,81.69999694824219,82.44999694824219,78.72701263427734,18451727
2023-04-12,83.0,83.4000015258789,82.4000015258789,82.69999694824219,78.96572875976562,13125615
2023-04-13,82.6500015258789,83.0,81.1500015258789,81.55000305175781,77.86766052246094,12468154
2023-04-17,81.8499984741211,82.5,81.6500015258789,82.30000305175781,78.58380126953125,6426817
2023-04-18,82.6500015258789,83.0,82.0,82.30000305175781,78.58380126953125,6301411
2023-04-19,82.3499984741211,84.1500015258789,82.30000305175781,82.6500015258789,78.9179916381836,12688176
2023-04-20,82.5,83.6500015258789,82.4000015258789,83.19999694824219,79.44316101074219,6865529
2023-04-21,83.1500015258789,83.4000015258789,80.75,81.5999984741211,77.91539764404297,16876304
2023-04-24,81.19999694824219,82.30000305175781,80.8499984741211,82.0,78.29734802246094,7946999
2023-04-25,81.80000305175781,82.5999984741211,81.69999694824219,81.94999694824219,78.24959564208984,7788276
2023-04-26,81.80000305175781,81.80000305175781,80.8499984741211,81.19999694824219,77.53345489501953,9901624
2023-04-27,81.25,81.9000015258789,80.94999694824219,81.69999694824219,78.0108871459961,8977490
2023-04-28,82.0,82.9000015258789,81.9000015258789,82.80000305175781,79.06121826171875,11438678
2023-05-02,83.0,85.19999694824219,83.0,84.5999984741211,80.7799301147461,20210134
2023-05-03,85.1500015258789,85.44999694824219,84.0,85.1500015258789,81.30510711669922,14993568
2023-05-04,85.1500015258789,86.5999984741211,85.0,85.69999694824219,81.83026123046875,13452219
2023-05-05,85.69999694824219,85.75,82.5,82.69999694824219,78.96572875976562,16749470
2023-05-08,83.3499984741211,84.44999694824219,82.94999694824219,84.30000305175781,80.49349212646484,14678832
2023-05-09,84.19999694824219,85.1500015258789,83.6500015258789,84.19999694824219,80.39800262451172,13523848
2023-05-10,84.25,84.44999694824219,82.5999984741211,83.94999694824219,80.15928649902344,13487783
2023-05-11,83.9000015258789,84.30000305175781,83.4000015258789,84.0999984741211,80.30252075195312,8109668
2023-05-12,83.5,83.75,82.44999694824219,83.05000305175781,79.2999267578125,12358464
2023-05-15,83.05000305175781,84.44999694824219,82.19999694824219,84.25,80.44573974609375,7462528
2023-05-16,84.5,84.94999694824219,83.6500015258789,84.05000305175781,80.2547836303711,7376841
2023-05-17,83.80000305175781,83.80000305175781,82.30000305175781,82.80000305175781,79.06121826171875,13496921
2023-05-18,83.19999694824219,83.69999694824219,82.25,82.5,78.7747573852539,8234890
2023-05-19,82.5,82.94999694824219,80.94999694824219,82.1500015258789,78.44056701660156,13720610
2023-05-22,82.1500015258789,82.3499984741211,81.5999984741211,82.05000305175781,78.34508514404297,6918411
2023-05-23,82.25,83.1500015258789,81.80000305175781,82.5999984741211,78.87024688720703,9357512
2023-05-24,82.0999984741211,83.05000305175781,81.80000305175781,82.5,78.7747573852539,7904196
2023-05-25,82.5999984741211,82.75,81.6500015258789,82.25,78.53604888916016,9575601
2023-05-26,80.8499984741211,82.69999694824219,80.44999694824219,82.0999984741211,78.39282989501953,26673130
2023-05-29,82.4000015258789,84.8499984741211,82.05000305175781,84.30000305175781,80.49349212646484,20634118
2023-05-30,84.4000015258789,84.55000305175781,83.0,83.19999694824219,79.44316101074219,11048903
2023-05-31,82.69999694824219,83.0999984741211,82.0999984741211,82.5,78.7747573852539,12966397
2023-06-01,82.5,82.94999694824219,81.80000305175781,82.19999694824219,78.48831176757812,22911903
2023-06-02,82.6500015258789,83.9000015258789,82.55000305175781,83.5999984741211,79.82508850097656,12665361
2023-06-05,83.9000015258789,84.19999694824219,83.0999984741211,83.69999694824219,79.92057037353516,11749146
2023-06-06,83.9000015258789,83.94999694824219,82.8499984741211,83.19999694824219,79.44316101074219,9032643
2023-06-07,83.4000015258789,85.0,83.1500015258789,84.75,80.92317199707031,18300344
2023-06-08,84.94999694824219,85.80000305175781,83.9000015258789,84.05000305175781,80.2547836303711,17361553
2023-06-09,84.19999694824219,84.19999694824219,82.4000015258789,82.9000015258789,79.15670776367188,15482610
2023-06-12,83.44999694824219,84.30000305175781,83.0,83.55000305175781,79.77735137939453,10006837
2023-06-13,83.75,84.94999694824219,83.75,84.0999984741211,80.30252075195312,14147667
2023-06-14,84.69999694824219,85.75,84.25,84.75,80.92317199707031,20418160
2023-06-15,84.8499984741211,85.19999694824219,83.9000015258789,84.80000305175781,80.97090911865234,12731420
2023-06-16,85.25,85.5999984741211,84.69999694824219,85.1500015258789,81.30510711669922,11501358
2023-06-19,85.5999984741211,86.44999694824219,85.19999694824219,85.9000015258789,82.021240234375,16961035
2023-06-20,85.75,87.05000305175781,85.3499984741211,86.0,82.1167221069336,18507799
2023-06-21,86.05000305175781,86.44999694824219,85.0,85.8499984741211,81.9734878540039,12679704
2023-06-22,85.6500015258789,86.0999984741211,84.5,85.1500015258789,81.30510711669922,10984829
2023-06-23,84.55000305175781,85.3499984741211,83.80000305175781,84.4000015258789,80.58898162841797,10873933
2023-06-26,84.0999984741211,84.75,83.4000015258789,84.44999694824219,80.63671112060547,9941493
2023-06-27,84.55000305175781,85.5999984741211,84.25,85.0,81.16187286376953,10320705
2023-06-28,85.6500015258789,86.05000305175781,85.0999984741211,85.19999694824219,81.35283660888672,11545483
2023-06-30,85.4000015258789,85.75,84.9000015258789,85.5,81.63929748535156,10543357
2023-07-03,85.9000015258789,88.25,85.5999984741211,87.5,83.54898834228516,21458900
2023-07-04,87.8499984741211,88.5,86.9000015258789,87.25,83.31028747558594,14758818
2023-07-05,87.69999694824219,88.69999694824219,87.5999984741211,88.05000305175781,84.07415771484375,12358194
2023-07-06,87.9000015258789,88.25,87.0,87.80000305175781,83.83545684814453,9906211
2023-07-07,87.4000015258789,88.0999984741211,86.19999694824219,86.80000305175781,82.88059997558594,10250502
2023-07-10,87.0,90.5999984741211,86.9000015258789,90.05000305175781,85.98384857177734,35951620
2023-07-11,90.5999984741211,90.5999984741211,89.5,90.0,85.93611145019531,17114253
2023-07-12,90.0,90.75,89.25,89.5999984741211,85.55416870117188,10421729
2023-07-13,91.0,91.4000015258789,89.3499984741211,89.8499984741211,85.79287719726562,17704740
2023-07-14,90.5999984741211,91.75,90.0,91.25,87.1296615600586,13245628
2023-07-17,91.5999984741211,92.44999694824219,91.1500015258789,91.5999984741211,87.46385955810547,16244703
2023-07-18,91.6500015258789,91.94999694824219,89.75,90.30000305175781,86.22256469726562,8317264
2023-07-19,90.80000305175781,91.1500015258789,90.25,90.80000305175781,86.69998931884766,6640273
2023-07-20,90.94999694824219,91.25,89.75,89.9000015258789,85.84062194824219,9799742
2023-07-21,89.69999694824219,91.25,89.0999984741211,90.1500015258789,86.07933807373047,14106972
2023-07-24,90.25,90.4000015258789,89.19999694824219,89.9000015258789,85.84062194824219,8631435
2023-07-25,90.0,92.75,89.75,92.25,88.08451080322266,25710455
2023-07-26,92.8499984741211,93.19999694824219,92.0,92.19999694824219,88.0367660522461,9021181
2023-07-27,92.80000305175781,93.4000015258789,92.0999984741211,92.5,88.3232192993164,8458483
2023-07-28,92.4000015258789,93.19999694824219,91.75,92.69999694824219,88.5141830444336,9734958
2023-07-31,93.19999694824219,95.0999984741211,93.05000305175781,94.5999984741211,90.3283920288086,21053644
2023-08-01,95.30000305175781,96.1500015258789,94.80000305175781,95.5999984741211,91.28323364257812,13110258
2023-08-02,95.3499984741211,95.3499984741211,92.19999694824219,92.94999694824219,88.75289916992188,18295129
2023-08-03,92.6500015258789,93.19999694824219,92.0,92.9000015258789,88.70515441894531,9432214
2023-08-04,93.80000305175781,94.25,93.0999984741211,94.0,89.75548553466797,7594563
2023-08-07,94.5,94.5,93.19999694824219,94.05000305175781,89.80323791503906,7753436
2023-08-08,94.05000305175781,94.19999694824219,92.1500015258789,92.5999984741211,88.41870880126953,10695875
2023-08-09,92.80000305175781,93.3499984741211,90.94999694824219,92.94999694824219,88.75289916992188,13978237
2023-08-10,92.5,93.94999694824219,92.30000305175781,92.9000015258789,88.70515441894531,10588532
2023-08-11,91.30000305175781,92.4000015258789,90.3499984741211,91.0999984741211,86.98643493652344,19474269
2023-08-14,91.0,91.05000305175781,86.6500015258789,87.0999984741211,83.16705322265625,23189557
2023-08-16,87.0999984741211,87.44999694824219,84.75,84.9000015258789,81.0663833618164,28322838
2023-08-17,85.05000305175781,86.0,84.5999984741211,84.9000015258789,81.0663833618164,12271217
2023-08-18,85.05000305175781,85.5,83.9000015258789,84.3499984741211,80.54122924804688,9315437
2023-08-21,84.4000015258789,86.25,84.0,86.05000305175781,82.16447448730469,11090878
2023-08-22,86.69999694824219,86.69999694824219,85.44999694824219,85.69999694824219,81.83026123046875,8750174
2023-08-23,86.3499984741211,87.1500015258789,85.80000305175781,86.05000305175781,82.16447448730469,11386589
2023-08-24,86.9000015258789,88.44999694824219,86.30000305175781,86.55000305175781,82.64189910888672,21699641
2023-08-25,86.1500015258789,86.5,85.30000305175781,85.6500015258789,81.78252410888672,7514441
2023-08-28,86.0,87.1500015258789,85.80000305175781,86.94999694824219,83.02381896972656,7685360
2023-08-29,87.69999694824219,88.5999984741211,87.25,88.44999694824219,84.45610046386719,11995479
2023-08-30,89.0,91.5999984741211,88.80000305175781,91.4000015258789,87.27289581298828,24500533
2023-08-31,91.8499984741211,92.0999984741211,90.44999694824219,90.69999694824219,86.6044921875,11300175
2023-09-01,91.25,97.5,90.8499984741211,96.94999694824219,92.57228088378906,52388079
2023-09-04,97.75,103.6500015258789,97.69999694824219,102.75,98.11038970947266,65068908
2023-09-05,103.1500015258789,103.25,99.8499984741211,101.75,97.1555404663086,30394405
2023-09-06,101.75,102.3499984741211,98.4000015258789,99.30000305175781,94.81617736816406,25576766
2023-09-07,99.0999984741211,100.55000305175781,97.44999694824219,99.55000305175781,95.05487823486328,20324016
2023-09-08,100.0,100.4000015258789,98.0,98.9000015258789,94.43423461914062,21381211
2023-09-11,99.5,100.5999984741211,98.80000305175781,99.94999694824219,95.43682098388672,16085094
2023-09-12,101.0,102.05000305175781,93.0999984741211,93.75,89.51676940917969,28381920
2023-09-13,94.44999694824219,96.9000015258789,93.69999694824219,96.0,91.6651840209961,20853496
2023-09-14,96.69999694824219,99.44999694824219,96.30000305175781,98.6500015258789,94.19551086425781,24393971
2023-09-15,99.19999694824219,100.30000305175781,95.55000305175781,96.3499984741211,91.99938201904297,31058038
2023-09-18,96.3499984741211,97.94999694824219,96.30000305175781,96.9000015258789,92.52454376220703,20929184
2023-09-20,96.44999694824219,97.44999694824219,94.55000305175781,95.3499984741211,91.51676177978516,15206482
2023-09-21,95.5,96.0999984741211,94.0999984741211,94.3499984741211,90.55695343017578,12585171
2023-09-22,94.5,95.0999984741211,92.9000015258789,93.19999694824219,89.45318603515625,11754217
2023-09-25,93.5,93.94999694824219,92.3499984741211,93.0999984741211,89.3572006225586,11187855
2023-09-26,93.5,94.80000305175781,92.8499984741211,93.5,89.74112701416016,10817622
2023-09-27,93.5,93.5999984741211,92.3499984741211,92.9000015258789,89.16524505615234,8375033
2023-09-28,93.0,93.94999694824219,91.25,91.80000305175781,88.1094741821289,12288222
2023-09-29,93.05000305175781,94.5,93.0,93.8499984741211,90.07705688476562,11588721
2023-10-03,94.0,94.0,91.4000015258789,91.69999694824219,88.01348876953125,15548573
2023-10-04,90.3499984741211,90.9000015258789,88.9000015258789,89.25,85.66197967529297,17453762
2023-10-05,89.6500015258789,90.0999984741211,88.5,88.6500015258789,85.08610534667969,9372979
2023-10-06,89.5999984741211,90.30000305175781,88.69999694824219,88.8499984741211,85.27806091308594,12869247
2023-10-09,88.0,88.25,86.0,86.3499984741211,82.87857055664062,12795052
2023-10-10,86.9000015258789,89.0999984741211,86.5,88.80000305175781,85.2300796508789,12762654
2023-10-11,89.19999694824219,89.6500015258789,88.4000015258789,88.5999984741211,85.0381088256836,15503178
2023-10-12,89.25,90.44999694824219,88.9000015258789,89.3499984741211,85.7579574584961,12154040
2023-10-13,88.75,89.8499984741211,88.19999694824219,88.9000015258789,85.32605743408203,11546230
2023-10-16,89.0,89.5,88.4000015258789,89.19999694824219,85.61398315429688,10487993
2023-10-17,89.69999694824219,90.5999984741211,89.25,89.5,85.90193176269531,10121691
2023-10-18,89.5999984741211,90.4000015258789,87.44999694824219,87.75,84.22229766845703,15854654
2023-10-19,87.3499984741211,88.69999694824219,86.80000305175781,88.5,84.942138671875,8686749
2023-10-20,87.94999694824219,88.8499984741211,86.55000305175781,86.9000015258789,83.40645599365234,11025391
2023-10-23,86.69999694824219,86.8499984741211,83.0,83.3499984741211,79.99917602539062,16394075
2023-10-25,84.0,85.3499984741211,83.0999984741211,84.1500015258789,80.76702117919922,14344290
2023-10-26,83.5,83.69999694824219,81.80000305175781,83.25,79.9031982421875,11702863
2023-10-27,84.0,84.5,83.4000015258789,83.94999694824219,80.5750503540039,7823423
2023-10-30,84.44999694824219,84.6500015258789,83.4000015258789,83.8499984741211,80.47907257080078,10725366
2023-10-31,84.44999694824219,84.94999694824219,83.69999694824219,83.8499984741211,80.47907257080078,9635615
2023-11-01,84.0,84.1500015258789,82.5999984741211,82.9000015258789,79.56727600097656,6612710
2023-11-02,83.9000015258789,85.4000015258789,83.3499984741211,85.05000305175781,81.6308364868164,11759902
2023-11-03,85.80000305175781,85.8499984741211,84.5999984741211,84.9000015258789,81.48685455322266,7685817
2023-11-06,86.0,87.5,85.25,86.8499984741211,83.35846710205078,11705948
2023-11-07,85.94999694824219,86.0,84.4000015258789,85.30000305175781,81.87078857421875,17638494
2023-11-08,85.69999694824219,86.55000305175781,84.94999694824219,85.94999694824219,82.4946517944336,18334392
2023-11-09,86.0999984741211,87.5,86.0,87.1500015258789,83.64641571044922,14898986
2023-11-10,87.1500015258789,88.6500015258789,86.5999984741211,88.0999984741211,84.55821228027344,14776717
2023-11-13,89.30000305175781,89.6500015258789,87.55000305175781,88.19999694824219,84.65419006347656,20080996
2023-11-15,89.44999694824219,89.75,88.25,88.4000015258789,84.84616088867188,16145878
2023-11-16,88.6500015258789,88.75,87.80000305175781,88.0,84.46222686767578,9828235
2023-11-17,88.4000015258789,89.55000305175781,88.0999984741211,89.30000305175781,85.70997619628906,15173874
2023-11-20,89.69999694824219,91.5,89.55000305175781,90.3499984741211,86.71775817871094,30213668
2023-11-21,90.8499984741211,91.5,90.5,90.6500015258789,87.00569915771484,13384773
2023-11-22,91.0,91.0,88.75,89.25,85.66197967529297,11701214
2023-11-23,89.5,90.30000305175781,88.1500015258789,89.8499984741211,86.23786163330078,13092010
2023-11-24,89.5999984741211,90.6500015258789,89.0,89.19999694824219,85.61398315429688,9598262
2023-11-28,89.55000305175781,91.4000015258789,89.4000015258789,90.94999694824219,87.29364013671875,19252753
2023-11-29,91.5,92.19999694824219,90.9000015258789,91.19999694824219,87.5335922241211,22993584
2023-11-30,91.5,92.5,90.6500015258789,92.30000305175781,88.5893783569336,26327767
2023-12-01,93.0,94.19999694824219,92.19999694824219,93.1500015258789,89.40519714355469,28208739
2023-12-04,94.94999694824219,95.5,93.80000305175781,94.0,90.22102355957031,30750546
2023-12-05,94.0999984741211,96.8499984741211,93.4000015258789,95.75,91.90068054199219,34837108
2023-12-06,96.5999984741211,101.0999984741211,95.5,99.3499984741211,95.35594177246094,74817529
2023-12-07,99.80000305175781,100.3499984741211,98.1500015258789,98.94999694824219,94.9720230102539,22413672
2023-12-08,99.1500015258789,100.3499984741211,96.30000305175781,98.0999984741211,94.15620422363281,25014086
2023-12-11,98.0999984741211,100.94999694824219,97.75,100.80000305175781,96.74765014648438,29721883
2023-12-12,101.19999694824219,102.5,99.0,100.0,95.97982025146484,40788275
2023-12-13,100.69999694824219,103.6500015258789,100.55000305175781,103.25,99.09915924072266,42797594
2023-12-14,105.0999984741211,112.25,105.0999984741211,110.94999694824219,106.4896011352539,177834487
2023-12-15,111.25,113.3499984741211,109.4000015258789,111.44999694824219,106.9695053100586,69403738
2023-12-18,112.0,117.1500015258789,110.75,115.44999694824219,110.80868530273438,78649010
2023-12-19,115.44999694824219,116.55000305175781,110.19999694824219,111.05000305175781,106.58558654785156,35413677
2023-12-20,112.3499984741211,112.94999694824219,102.6500015258789,103.69999694824219,99.53106689453125,41617472
2023-12-21,103.8499984741211,109.9000015258789,102.1500015258789,109.0,104.61799621582031,52112170
2023-12-22,110.5,113.5,109.5,112.75,108.21724700927734,56223938
2023-12-26,113.6500015258789,114.9000015258789,111.30000305175781,113.55000305175781,108.98507690429688,37093574
2023-12-27,115.1500015258789,118.19999694824219,115.0,115.44999694824219,110.80868530273438,87756029
2023-12-28,116.4000015258789,123.8499984741211,116.0999984741211,122.8499984741211,117.91120147705078,112886813
2023-12-29,123.30000305175781,125.75,120.8499984741211,123.6500015258789,118.67903900146484,65438649
2024-01-01,123.6500015258789,126.9000015258789,122.6500015258789,124.69999694824219,119.68682861328125,37525817
2024-01-02,124.6500015258789,124.6500015258789,120.25,123.0,118.05517578125,38718627
2024-01-03,122.4000015258789,122.69999694824219,118.69999694824219,119.0999984741211,114.31195068359375,30459539
2024-01-04,119.25,120.69999694824219,118.25,118.6500015258789,113.88005065917969,21439561
2024-01-05,119.5,120.75,115.69999694824219,116.94999694824219,112.2483901977539,22784093
2024-01-08,117.0999984741211,117.5999984741211,114.0,114.30000305175781,109.7049331665039,21830246
2024-01-09,115.19999694824219,116.5999984741211,113.75,114.19999694824219,109.60894012451172,16993314
2024-01-10,114.0,115.6500015258789,112.19999694824219,115.05000305175781,110.4247817993164,20963866
2024-01-11,115.94999694824219,116.55000305175781,113.0,113.5,108.93708801269531,16565652
2024-01-12,114.0,116.3499984741211,113.6500015258789,114.9000015258789,110.28081512451172,19498240
2024-01-15,116.0,116.30000305175781,113.80000305175781,114.6500015258789,110.04085540771484,16054366
2024-01-16,115.05000305175781,119.94999694824219,114.0,119.55000305175781,114.74388122558594,63560474
2024-01-17,117.8499984741211,117.8499984741211,112.5,113.0999984741211,108.55316925048828,59898451
2024-01-18,113.0999984741211,114.05000305175781,107.5,113.05000305175781,108.50518035888672,39166751
2024-01-19,114.30000305175781,114.8499984741211,113.5,114.0999984741211,109.5129623413086,14431734
2024-01-23,114.9000015258789,114.9000015258789,108.0,108.80000305175781,104.42604064941406,29014770
2024-01-24,109.8499984741211,115.5,109.0,115.05000305175781,110.4247817993164,37267385
2024-01-25,115.9000015258789,119.94999694824219,114.0,119.0999984741211,114.31195068359375,62850007
2024-01-29,120.5,121.6500015258789,118.0,120.44999694824219,115.6076889038086,45734036
2024-01-30,121.69999694824219,124.8499984741211,120.6500015258789,121.19999694824219,116.32752990722656,54176726
2024-01-31,121.5,124.30000305175781,120.69999694824219,122.5,117.57527923583984,28514173
2024-02-01,123.5,123.5,118.69999694824219,119.30000305175781,114.50392150878906,23393545
2024-02-02,120.5,129.64999389648438,119.80000305175781,128.3000030517578,123.1421127319336,115557246
2024-02-05,130.0,138.39999389648438,130.0,135.3000030517578,129.86068725585938,130644925
2024-02-06,137.25,146.6999969482422,133.8000030517578,145.5,139.65061950683594,121450085
2024-02-07,148.39999389648438,150.0,142.64999389648438,143.4499969482422,137.68304443359375,100793018
2024-02-08,144.25,145.89999389648438,138.0,139.0500030517578,133.45994567871094,34821242
2024-02-09,139.25,139.60000610351562,129.4499969482422,133.64999389648438,128.2770233154297,53110476
2024-02-12,134.25,136.0,121.0,122.75,117.81521606445312,54452795
2024-02-13,120.05000305175781,121.6500015258789,116.30000305175781,117.8499984741211,113.1122055053711,65167883
2024-02-14,117.0999984741211,123.69999694824219,116.0,122.94999694824219,118.0071792602539,44986596
2024-02-15,124.0,126.9000015258789,123.25,125.75,120.69461822509766,41215523
2024-02-16,127.0999984741211,131.39999389648438,127.0,127.44999694824219,122.32627868652344,52165364
2024-02-19,128.60000610351562,130.39999389648438,125.80000305175781,128.3000030517578,123.1421127319336,29556961
2024-02-20,129.0,131.39999389648438,126.30000305175781,130.35000610351562,126.09249114990234,35081976
2024-02-21,130.64999389648438,134.1999969482422,129.0,130.1999969482422,125.94738006591797,78653013
2024-02-22,131.5,132.1999969482422,125.6500015258789,129.3000030517578,125.0767822265625,59343469
2024-02-23,130.39999389648438,131.3000030517578,127.0999984741211,128.0,123.81924438476562,23535334
2024-02-26,128.0,128.0,123.75,124.19999694824219,120.14336395263672,23550719
2024-02-27,124.5,126.30000305175781,124.19999694824219,125.3499984741211,121.25579071044922,17548565
2024-02-28,125.5,126.69999694824219,121.1500015258789,121.75,117.77337646484375,22958071
2024-02-29,121.3499984741211,123.80000305175781,120.44999694824219,121.19999694824219,117.24134063720703,48476583
2024-03-01,123.0,135.75,123.0,133.0,128.6559295654297,140528760
2024-03-04,138.1999969482422,145.0,133.0,141.64999389648438,137.0233917236328,122158785
2024-03-05,141.3000030517578,142.64999389648438,138.75,140.25,135.66912841796875,46101452
2024-03-06,139.8000030517578,142.0,133.1999969482422,139.0500030517578,134.50833129882812,60977883
2024-03-07,139.5,143.25,138.35000610351562,138.9499969482422,134.41159057617188,69331029
2024-03-11,139.75,140.60000610351562,133.5,134.3000030517578,129.91346740722656,36011903
2024-03-12,134.5500030517578,135.3000030517578,128.5,129.75,125.51207733154297,33809481
2024-03-13,130.0,130.4499969482422,117.3499984741211,118.69999694824219,114.822998046875,54001247
2024-03-14,119.0999984741211,123.5,118.5999984741211,121.5,117.53154754638672,34792279
2024-03-15,121.0999984741211,124.4000015258789,118.55000305175781,121.69999694824219,117.72501373291016,38312218
2024-03-18,122.0,126.5999984741211,121.44999694824219,125.94999694824219,121.83619689941406,31290052
2024-03-19,126.75,127.5,122.05000305175781,122.55000305175781,118.54725646972656,26647871
2024-03-20,123.5999984741211,125.5999984741211,120.05000305175781,123.6500015258789,119.61132049560547,23242684
2024-03-21,127.3499984741211,132.10000610351562,127.0,129.0,124.78658294677734,82318813
2024-03-22,127.9000015258789,132.10000610351562,126.19999694824219,130.0,125.75391387939453,35650313
2024-03-26,129.0,132.5,128.35000610351562,130.60000610351562,126.3343276977539,27547560
2024-03-27,131.0,134.89999389648438,131.0,133.64999389648438,129.28469848632812,34505131
2024-03-28,134.8000030517578,136.6999969482422,133.14999389648438,134.25,129.86509704589844,32144564
2024-04-01,135.60000610351562,141.1999969482422,135.60000610351562,140.75,136.15281677246094,44340181
2024-04-02,140.75,150.64999389648438,139.5500030517578,147.85000610351562,143.02090454101562,109998430
2024-04-03,147.0,153.3000030517578,146.25,148.1999969482422,143.3594512939453,84535270
2024-04-04,149.6999969482422,150.0,143.75,145.9499969482422,141.18295288085938,39242074
2024-04-05,144.89999389648438,147.5,143.0,146.1999969482422,141.42477416992188,27927587
2024-04-08,147.3000030517578,148.39999389648438,145.3000030517578,146.3000030517578,141.5215301513672,17159687
2024-04-09,146.9499969482422,153.4499969482422,144.8000030517578,151.35000610351562,146.40658569335938,73641695
2024-04-10,153.0,155.5,152.5500030517578,153.0500030517578,148.0510711669922,60992105
2024-04-12,153.14999389648438,156.60000610351562,151.5,155.35000610351562,150.27593994140625,73596074
2024-04-15,152.89999389648438,157.39999389648438,146.5,151.0500030517578,146.1163787841797,89754583
2024-04-16,149.5,152.4499969482422,148.39999389648438,149.3000030517578,144.4235382080078,30401301
2024-04-18,150.0,151.60000610351562,144.0,144.8000030517578,140.07052612304688,31187482
2024-04-19,142.89999389648438,147.5,140.8000030517578,146.0500030517578,141.27967834472656,34742999
2024-04-22,148.25,151.10000610351562,147.10000610351562,148.39999389648438,143.5529327392578,27095176
2024-04-23,149.6999969482422,152.9499969482422,148.39999389648438,152.25,147.27719116210938,39973475
2024-04-24,153.10000610351562,165.9499969482422,151.5500030517578,164.64999389648438,159.2721710205078,176471110
2024-04-25,164.8000030517578,167.25,162.3000030517578,164.9499969482422,159.56236267089844,59808767
2024-04-26,165.39999389648438,170.5,163.64999389648438,168.5500030517578,163.0447998046875,91168616
2024-04-29,169.89999389648438,170.1999969482422,164.35000610351562,164.8000030517578,159.4172821044922,30478737
2024-04-30,165.8000030517578,168.6999969482422,163.0500030517578,164.1999969482422,158.8368682861328,40651688
2024-05-02,165.39999389648438,168.25,163.60000610351562,165.4499969482422,160.04605102539062,44264557
2024-05-03,167.10000610351562,170.9499969482422,164.60000610351562,167.9499969482422,162.46438598632812,71734933
2024-05-06,168.5,168.85000610351562,158.3000030517578,162.89999389648438,157.57933044433594,44387249
2024-05-07,163.0,163.0,155.25,156.14999389648438,151.04978942871094,33767901
2024-05-08,156.0,161.89999389648438,155.10000610351562,160.35000610351562,155.1126251220703,26121298
2024-05-09,161.0,161.25,152.10000610351562,153.0500030517578,148.0510711669922,20993230
2024-05-10,154.9499969482422,157.9499969482422,151.6999969482422,156.89999389648438,151.77529907226562,18485806
2024-05-13,157.35000610351562,157.85000610351562,151.0,157.0500030517578,151.92041015625,20953744
2024-05-14,158.0,166.64999389648438,158.0,164.64999389648438,159.2721710205078,39072871
2024-05-15,165.0,168.6999969482422,165.0,166.39999389648438,160.9650115966797,24990811
2024-05-16,168.4499969482422,168.75,161.60000610351562,163.60000610351562,158.25648498535156,20715081
2024-05-17,164.0,169.0,164.0,166.89999389648438,161.4486846923828,24968544
2024-05-21,170.14999389648438,175.10000610351562,166.4499969482422,174.35000610351562,168.65536499023438,66484390
2024-05-22,175.0,175.35000610351562,167.10000610351562,169.0500030517578,163.52845764160156,53954827
2024-05-23,168.75,169.9499969482422,166.5,169.3000030517578,163.7703094482422,24560357
2024-05-24,167.39999389648438,172.5,167.39999389648438,169.5,163.96376037597656,29513626
2024-05-27,170.5,171.3000030517578,166.0,166.64999389648438,161.20684814453125,22933660
2024-05-28,167.5,169.1999969482422,161.5500030517578,162.39999389648438,157.09564208984375,26336009
2024-05-29,162.1999969482422,165.6999969482422,160.60000610351562,162.39999389648438,157.09564208984375,22527881
2024-05-30,161.5,162.25,156.6999969482422,157.75,152.5975341796875,19706386
2024-05-31,160.0,161.25,156.75,158.5,153.3230438232422,23260857
2024-06-03,168.0,168.0,163.14999389648438,166.35000610351562,160.91664123535156,33154820
2024-06-04,164.89999389648438,164.89999389648438,124.80000305175781,133.0500030517578,128.70431518554688,114541715
2024-06-05,138.6999969482422,147.4499969482422,128.0500030517578,145.5500030517578,140.79603576660156,61202268
2024-06-06,145.0,151.8000030517578,144.3000030517578,146.89999389648438,142.10191345214844,57006811
2024-06-07,146.9499969482422,153.85000610351562,145.60000610351562,152.75,147.76084899902344,41207266
2024-06-10,152.60000610351562,153.0,150.0500030517578,150.60000610351562,145.6810760498047,23373558
2024-06-11,151.1199951171875,153.0,149.5,151.00999450683594,146.07766723632812,20500708
2024-06-12,151.3000030517578,152.64999389648438,150.5500030517578,151.00999450683594,146.07766723632812,19275571
2024-06-13,151.8000030517578,152.52000427246094,149.0,149.6300048828125,144.74276733398438,17125245
2024-06-14,149.6999969482422,153.89999389648438,147.75999450683594,153.6300048828125,148.61212158203125,30233323
2024-06-18,154.38999938964844,155.13999938964844,152.5,153.41000366210938,148.3992919921875,18708072
2024-06-19,154.0500030517578,154.0500030517578,149.5,149.9499969482422,145.05230712890625,18855153
2024-06-20,150.5,154.3000030517578,150.5,154.02999877929688,148.99905395507812,28456396
2024-06-21,154.60000610351562,159.3000030517578,153.91000366210938,155.44000244140625,150.36300659179688,69503068
2024-06-24,152.91000366210938,152.91000366210938,148.5,149.85000610351562,144.95558166503906,40874886
2024-06-25,150.8000030517578,151.4199981689453,146.10000610351562,147.00999450683594,142.2083282470703,25039730
2024-06-26,147.4499969482422,147.58999633789062,143.60000610351562,143.97000122070312,139.2676239013672,31444537
2024-06-27,144.6999969482422,146.9499969482422,137.1999969482422,142.8800048828125,138.21322631835938,57711655
2024-06-28,144.0,151.25,143.80999755859375,148.64999389648438,143.79476928710938,72583869
2024-07-01,149.89999389648438,150.4499969482422,147.72000122070312,149.05999755859375,144.19137573242188,25711956
2024-07-02,149.60000610351562,149.8800048828125,145.39999389648438,146.67999267578125,141.8891143798828,24720763
2024-07-03,147.64999389648438,152.0,146.36000061035156,151.6199951171875,146.66775512695312,34424841
2024-07-04,153.0,153.61000061035156,150.66000366210938,151.0500030517578,146.1163787841797,29926272
2024-07-05,151.39999389648438,158.75,149.85000610351562,155.61000061035156,150.52743530273438,62621310
2024-07-08,156.5,158.0,154.2100067138672,156.47999572753906,151.3690185546875,33290711
2024-07-09,157.3000030517578,158.22000122070312,155.19000244140625,155.99000549316406,150.89505004882812,21076732
2024-07-10,156.1999969482422,156.3000030517578,146.35000610351562,150.8699951171875,145.9422607421875,39898433
2024-07-11,151.85000610351562,153.14999389648438,150.58999633789062,151.85000610351562,146.8902587890625,30388365
2024-07-12,152.5500030517578,153.3300018310547,149.1699981689453,150.4199981689453,145.5069580078125,16353263
2024-07-15,151.0,153.1999969482422,148.8000030517578,152.02999877929688,147.06436157226562,43598260
2024-07-16,152.5,153.9499969482422,150.60000610351562,150.99000549316406,146.05833435058594,17044483
2024-07-18,150.8000030517578,150.8000030517578,146.6999969482422,147.88999938964844,143.05958557128906,24504144
2024-07-19,147.4499969482422,147.4499969482422,140.8300018310547,141.82000732421875,137.18785095214844,34312977
2024-07-22,141.39999389648438,143.60000610351562,138.22000122070312,143.27999877929688,138.60015869140625,23158599
2024-07-23,143.89999389648438,144.58999633789062,135.3000030517578,141.38999938964844,136.7718963623047,25864567
2024-07-24,141.5,147.60000610351562,141.38999938964844,146.99000549316406,142.18899536132812,31951790
2024-07-25,144.89999389648438,144.89999389648438,141.41000366210938,142.58999633789062,137.93270874023438,31653400
2024-07-26,145.0,147.97999572753906,143.83999633789062,147.38999938964844,142.575927734375,25911057
2024-07-29,149.13999938964844,150.0,146.8000030517578,147.74000549316406,142.9145050048828,15136406
2024-07-30,147.47000122070312,149.61000061035156,146.3000030517578,148.10000610351562,143.2627410888672,12316097
2024-07-31,149.5,154.00999450683594,147.66000366210938,153.0399932861328,148.0413818359375,35735761
2024-08-01,154.0500030517578,156.35000610351562,149.02999877929688,150.02999877929688,145.1296844482422,37281190
2024-08-02,147.72999572753906,148.17999267578125,145.10000610351562,146.22999572753906,141.45379638671875,29660329
2024-08-05,141.0,142.0,135.0,136.6199951171875,132.15768432617188,49706240
2024-08-06,139.2899932861328,141.5,134.67999267578125,135.4600067138672,131.0355987548828,23211408
2024-08-07,139.8000030517578,142.85000610351562,137.2100067138672,141.6300048828125,137.00405883789062,22300426
2024-08-08,141.3000030517578,141.3000030517578,136.5,137.4499969482422,132.96058654785156,25849915
2024-08-09,136.0,137.16000366210938,128.88999938964844,129.35000610351562,125.12515258789062,76287884
2024-08-12,129.25,132.9499969482422,127.0999984741211,131.6999969482422,127.39838409423828,33401039
2024-08-13,132.1999969482422,132.5,127.72000122070312,128.13999938964844,123.95467376708984,16376718
2024-08-14,129.0500030517578,129.5,125.0,125.2300033569336,121.13972473144531,22221242
2024-08-16,127.7699966430664,128.67999267578125,126.5999984741211,128.27999877929688,124.09009552001953,15743875
2024-08-19,130.0,131.64999389648438,129.25,131.32000732421875,127.03080749511719,14677989
2024-08-20,132.49000549316406,133.4499969482422,130.80999755859375,133.14999389648438,128.801025390625,16842938
2024-08-21,133.3000030517578,135.33999633789062,132.4499969482422,135.0399932861328,130.62928771972656,14879021
2024-08-22,135.1699981689453,135.38999938964844,133.27000427246094,133.8800048828125,129.50718688964844,17039181
2024-08-23,133.89999389648438,135.02999877929688,131.5,131.7899932861328,127.48543548583984,14050547
2024-08-26,133.38999938964844,138.77999877929688,132.39999389648438,137.75,133.2507781982422,32800586
2024-08-27,137.75,138.25,135.60000610351562,135.89999389648438,131.46121215820312,12380923
2024-08-28,135.89999389648438,136.39999389648438,133.35000610351562,134.0399932861328,129.66195678710938,11414976
2024-08-29,133.89999389648438,135.0,131.85000610351562,134.25,129.86509704589844,12348963
2024-08-30,134.58999633789062,136.0500030517578,133.35000610351562,133.69000244140625,129.32339477539062,13016284
2024-09-02,133.86000061035156,134.13999938964844,131.7100067138672,133.1699981689453,128.82037353515625,12601742
2024-09-03,132.50999450683594,133.60000610351562,131.25999450683594,131.77999877929688,127.47577667236328,10986546
2024-09-04,129.0,131.83999633789062,128.6999969482422,130.4600067138672,126.19890594482422,18956457
2024-09-05,130.5500030517578,132.3000030517578,130.4600067138672,131.22000122070312,126.93407440185547,8679395
2024-09-06,131.39999389648438,131.9499969482422,128.3000030517578,129.3800048828125,125.15416717529297,17177552
2024-09-09,128.89999389648438,129.35000610351562,126.11000061035156,127.91000366210938,123.732177734375,19613019
2024-09-10,128.0,131.0500030517578,127.91000366210938,129.13999938964844,124.92201232910156,12603493
2024-09-11,129.0800018310547,129.99000549316406,126.29000091552734,126.97000122070312,122.82288360595703,13139629
2024-09-12,129.5,131.07000732421875,126.9000015258789,130.69000244140625,126.42137908935547,19264974
2024-09-13,131.5,134.38999938964844,131.4199981689453,132.1999969482422,127.88206481933594,20166379
2024-09-16,133.0,134.0800018310547,131.75,133.0399932861328,128.6946258544922,13553090
2024-09-17,132.75999450683594,133.0,130.5,131.92999267578125,127.6208724975586,10754987
2024-09-18,131.64999389648438,131.88999938964844,128.64999389648438,129.64999389648438,125.41534423828125,10725965
2024-09-19,130.5,130.99000549316406,123.80000305175781,126.54000091552734,123.3583984375,25229973
2024-09-20,127.25,128.2899932861328,125.41000366210938,126.27999877929688,123.10494232177734,13885160
2024-09-23,126.5,130.0,126.5,129.67999267578125,126.41944122314453,13387033
2024-09-24,131.5,135.07000732421875,131.2899932861328,133.8800048828125,130.51385498046875,41641928
2024-09-25,135.0,137.14999389648438,134.0,134.22999572753906,130.85504150390625,35498522
2024-09-26,135.0,139.58999633789062,132.3000030517578,139.1999969482422,135.70008850097656,49823297
2024-09-27,140.0,144.1999969482422,139.66000366210938,140.5399932861328,137.0063934326172,37975068
2024-09-30,141.39999389648438,143.94000244140625,140.35000610351562,141.36000061035156,137.8057861328125,38187620
2024-10-01,141.38999938964844,142.1199951171875,137.88999938964844,141.02999877929688,137.4840850830078,24528692
2024-10-03,138.5500030517578,141.64999389648438,136.14999389648438,137.02999877929688,133.58465576171875,35238490
2024-10-04,136.5500030517578,140.60000610351562,134.13999938964844,139.00999450683594,135.51487731933594,31936926
2024-10-07,139.97000122070312,140.52000427246094,130.72000122070312,132.19000244140625,128.86634826660156,28331416
2024-10-08,130.60000610351562,133.6199951171875,127.83999633789062,131.3699951171875,128.06695556640625,40037615
2024-10-09,131.39999389648438,133.32000732421875,129.86000061035156,130.3300018310547,127.05311584472656,14125865
2024-10-10,131.0,132.9499969482422,129.6199951171875,129.97000122070312,126.70216369628906,12920873
2024-10-11,130.1999969482422,135.1199951171875,129.97000122070312,134.02999877929688,130.6600799560547,22981754
2024-10-14,135.8000030517578,137.3300018310547,133.66000366210938,134.3300018310547,130.95254516601562,16794560
2024-10-15,134.3300018310547,134.89999389648438,130.5,130.94000244140625,127.64777374267578,11128839
2024-10-16,130.1999969482422,131.64999389648438,129.0800018310547,129.9199981689453,126.65341186523438,13606967
2024-10-17,130.89999389648438,130.99000549316406,127.55000305175781,127.83000183105469,124.615966796875,15490412
2024-10-18,126.5,130.58999633789062,125.41999816894531,129.02999877929688,125.78579711914062,26363209
2024-10-21,130.2100067138672,131.19000244140625,126.02999877929688,126.45999908447266,123.28041076660156,15437195
2024-10-22,126.5999984741211,127.37999725341797,120.6500015258789,121.80000305175781,118.73757934570312,22167864
2024-10-23,120.5,122.63999938964844,116.30000305175781,118.12999725341797,115.15985870361328,37778891
2024-10-24,118.69999694824219,118.88999938964844,116.69999694824219,117.12999725341797,114.18499755859375,16209896
2024-10-25,117.12999725341797,118.01000213623047,110.4000015258789,111.4800033569336,108.67705535888672,30812614
2024-10-28,112.36000061035156,115.87000274658203,111.19999694824219,114.66999816894531,111.78684997558594,19503346
2024-10-29,114.87999725341797,116.19999694824219,112.7300033569336,115.70999908447266,112.80069732666016,14707069
2024-10-30,115.05000305175781,117.58999633789062,113.5999984741211,116.02999877929688,113.11265563964844,16236280
2024-10-31,116.19999694824219,117.69999694824219,114.36000061035156,115.75,112.8396987915039,15887511
2024-11-01,116.5199966430664,118.80000305175781,116.36000061035156,117.75,114.7894058227539,4260519
2024-11-04,118.0,118.2300033569336,112.5999984741211,113.9000015258789,111.03621673583984,21792990
2024-11-05,113.75,118.79000091552734,113.75,118.52999877929688,115.54979705810547,25938942
2024-11-06,120.0,124.25,117.45999908447266,123.88999938964844,120.77503204345703,30950696
2024-11-07,124.0,126.8499984741211,122.58000183105469,123.36000061035156,120.25836181640625,28078071
2024-11-08,120.5,121.01000213623047,114.87999725341797,118.20999908447266,115.23783874511719,47743659
2024-11-11,117.80000305175781,119.19999694824219,115.5,115.88999938964844,112.9761734008789,18118474
2024-11-12,116.0,117.4000015258789,113.66000366210938,114.16999816894531,111.2994155883789,14476729
2024-11-13,113.0999984741211,114.48999786376953,111.0,111.69000244140625,108.88178253173828,24360081
2024-11-14,111.69000244140625,114.37999725341797,111.43000030517578,111.83999633789062,109.02799987792969,15061567
2024-11-18,112.19999694824219,115.11000061035156,111.26000213623047,112.7699966430664,109.93461608886719,17936991
2024-11-19,113.1500015258789,114.44999694824219,111.08000183105469,111.44999694824219,108.6478042602539,11670566
2024-11-21,111.5,112.19999694824219,108.6500015258789,110.58999633789062,107.80943298339844,19630086
2024-11-22,110.69999694824219,113.63999938964844,110.4000015258789,112.83000183105469,109.99311065673828,12858702
2024-11-25,115.0,115.8499984741211,113.8499984741211,114.08999633789062,111.22142791748047,13170183
2024-11-26,114.19999694824219,116.44000244140625,113.87999725341797,115.83000183105469,112.91768646240234,12229850
2024-11-27,115.55999755859375,117.06999969482422,114.51000213623047,116.26000213623047,113.33687591552734,13214253
2024-11-28,116.26000213623047,117.31999969482422,115.20999908447266,116.27999877929688,113.35636901855469,13714391
2024-11-29,116.5,118.0999984741211,115.80000305175781,117.11000061035156,114.1655044555664,11464692
2024-12-02,116.5,119.41999816894531,115.86000061035156,119.08000183105469,116.08596801757812,13161154
2024-12-03,119.19999694824219,123.18000030517578,119.19999694824219,122.79000091552734,119.70269012451172,24051522
2024-12-04,123.0,123.54000091552734,121.08999633789062,122.16999816894531,119.09828186035156,19645095
2024-12-05,122.51000213623047,123.6500015258789,121.12000274658203,122.47000122070312,119.39073181152344,20205297
2024-12-06,122.47000122070312,125.12000274658203,122.06999969482422,123.88999938964844,120.77503204345703,17105118
2024-12-09,124.0,126.5199966430664,122.61000061035156,126.12999725341797,122.95870971679688,22928606
2024-12-10,127.0,128.5,126.25,126.80999755859375,123.62161254882812,19581439
2024-12-11,126.6500015258789,128.7100067138672,126.04000091552734,126.94999694824219,123.75809478759766,10668920
2024-12-12,126.91999816894531,130.08999633789062,125.52999877929688,129.25999450683594,126.01000213623047,31966205
2024-12-13,128.61000061035156,128.75,121.83999633789062,124.76000213623047,121.62316131591797,39292810
2024-12-16,124.55999755859375,124.8499984741211,123.05000305175781,123.61000061035156,120.5020751953125,8419719
2024-12-17,122.80000305175781,124.44999694824219,120.25,121.11000061035156,118.06492614746094,9982096
2024-12-18,122.0,122.4000015258789,117.9000015258789,119.80999755859375,116.79761505126953,15624814
2024-12-19,117.12999725341797,119.80999755859375,116.5,118.91000366210938,115.92024230957031,12028931
2024-12-20,118.1500015258789,120.86000061035156,115.19999694824219,116.0999984741211,113.18089294433594,17911163
2024-12-23,117.0,121.61000061035156,116.98999786376953,121.19000244140625,118.1429214477539,24706531
2024-12-24,120.44999694824219,121.19000244140625,118.1500015258789,119.05999755859375,116.06646728515625,17000879
2024-12-26,118.51000213623047,119.4000015258789,116.26000213623047,117.58999633789062,114.6334228515625,15502315
2024-12-27,117.47000122070312,118.48999786376953,115.2699966430664,115.52999877929688,112.6252212524414,7502006
2024-12-30,115.5,115.51000213623047,111.0,111.7300033569336,108.9207763671875,14270907
2024-12-31,111.7300033569336,113.6500015258789,111.30999755859375,113.12999725341797,110.28556823730469,8967876
2025-01-01,112.5199966430664,113.33000183105469,112.1500015258789,112.93000030517578,110.0905990600586,7512039
2025-01-02,112.93000030517578,114.3499984741211,112.02999877929688,114.06999969482422,111.20193481445312,7663473
2025-01-03,113.9000015258789,115.9000015258789,113.5,114.16999816894531,111.2994155883789,9466354
2025-01-06,114.0999984741211,114.55000305175781,110.0,110.41999816894531,107.64370727539062,17656887
2025-01-07,110.41999816894531,112.25,110.41999816894531,111.47000122070312,108.66730499267578,7161545
2025-01-08,111.19999694824219,111.44999694824219,109.05000305175781,109.76000213623047,107.00030517578125,15060506
2025-01-09,110.0999984741211,110.62999725341797,108.05000305175781,108.26000213623047,105.53801727294922,11144353
2025-01-10,108.26000213623047,109.0999984741211,104.80000305175781,106.02999877929688,103.36408233642578,18718493
2025-01-13,104.9000015258789,105.5,99.66000366210938,100.08999633789062,97.57343292236328,21293325
2025-01-14,101.69000244140625,106.33999633789062,101.31999969482422,105.87999725341797,103.21784973144531,19913009
2025-01-15,106.30000305175781,107.73999786376953,104.4000015258789,105.20999908447266,102.564697265625,10322196
2025-01-16,106.5,108.38999938964844,105.93000030517578,107.5199966430664,104.81661987304688,10971452
2025-01-17,107.0999984741211,109.44999694824219,106.93000030517578,108.81999969482422,106.08393859863281,9191948
2025-01-20,109.0,110.25,107.7300033569336,109.87000274658203,107.1075439453125,11548609
2025-01-21,110.0,111.56999969482422,108.19999694824219,109.87999725341797,107.1172866821289,17016648
2025-01-22,109.51000213623047,110.4000015258789,104.7699966430664,107.0999984741211,104.40718078613281,12682214
2025-01-23,106.58000183105469,109.8499984741211,106.5,109.13999938964844,106.39588928222656,7849758
2025-01-24,109.0,110.80000305175781,107.58000183105469,108.16999816894531,105.45027923583984,11993883
2025-01-27,106.75,106.94999694824219,102.86000061035156,103.43000030517578,100.82946014404297,14423517
2025-01-28,105.0,105.0,101.19999694824219,102.83999633789062,100.25428771972656,12819834
2025-01-29,103.0,105.16999816894531,103.0,104.36000061035156,101.73607635498047,10829311
2025-01-30,104.5,106.5999984741211,104.0999984741211,105.44999694824219,102.79866790771484,11418706
2025-01-31,105.58000183105469,108.19000244140625,103.95999908447266,107.43000030517578,104.7288818359375,15726923
2025-02-01,107.69000244140625,108.30000305175781,104.4000015258789,106.52999877929688,103.85150909423828,12068981
2025-02-03,104.0,104.30999755859375,100.30000305175781,102.2699966430664,99.69862365722656,16535047
2025-02-04,104.0,107.2699966430664,103.69999694824219,106.68000030517578,103.99774169921875,14409187
2025-02-05,106.68000030517578,109.6500015258789,106.68000030517578,108.83999633789062,106.10343170166016,12920395
2025-02-06,109.0,109.66000366210938,107.19000244140625,107.9800033569336,105.26506042480469,8883930
2025-02-07,108.05000305175781,111.30000305175781,107.45999908447266,110.31999969482422,107.54621887207031,22943084
2025-02-10,109.05000305175781,109.5,104.80999755859375,105.18000030517578,102.53545379638672,14604374
2025-02-11,105.19000244140625,105.3499984741211,99.5,100.0199966430664,97.50519561767578,19394967
2025-02-12,100.0999984741211,106.06999969482422,99.1500015258789,105.75,103.09112548828125,49570655
2025-02-13,105.37999725341797,111.30000305175781,104.94999694824219,109.33000183105469,106.58111572265625,36029038
2025-02-14,110.0999984741211,113.19999694824219,104.43000030517578,105.70999908447266,103.05213165283203,32127888
2025-02-17,104.4000015258789,105.80000305175781,102.56999969482422,105.33000183105469,102.68168640136719,14572452
2025-02-18,104.79000091552734,105.75,102.0,104.38999938964844,101.76531982421875,13096291
2025-02-19,103.41000366210938,107.19000244140625,103.3499984741211,106.52999877929688,103.85150909423828,10954930
2025-02-20,106.0,110.44999694824219,105.55000305175781,109.83999633789062,107.07829284667969,13193348
2025-02-21,109.30000305175781,115.16000366210938,108.75,112.76000213623047,109.92487335205078,44746596
2025-02-24,111.0999984741211,112.16999816894531,107.6500015258789,108.20999908447266,105.48927307128906,24208995
2025-02-25,108.11000061035156,109.48999786376953,105.80000305175781,106.16999816894531,103.50056457519531,18825311
2025-02-27,106.19999694824219,107.9800033569336,104.66999816894531,105.9800033569336,103.31534576416016,18631329
2025-02-28,104.75,105.5,101.5999984741211,105.0199966430664,102.37947845458984,27074952
2025-03-03,105.30000305175781,107.30000305175781,102.7300033569336,106.36000061035156,103.685791015625,23398877
2025-03-04,104.58000183105469,108.80000305175781,104.05999755859375,107.66000366210938,104.95310974121094,25741726
2025-03-05,107.5,112.9000015258789,107.5,112.52999877929688,109.7006607055664,39444472
2025-03-06,113.5,114.9000015258789,110.9000015258789,111.97000122070312,109.15473937988281,34685528
2025-03-07,111.5,112.91000366210938,110.19999694824219,110.91000366210938,108.12139129638672,21834195
2025-03-10,110.9000015258789,112.66000366210938,106.80000305175781,107.2699966430664,104.5728988647461,24250223
2025-03-11,105.5,108.81999969482422,104.5999984741211,108.12999725341797,105.4112777709961,32428743
2025-03-12,108.44999694824219,108.88999938964844,104.8499984741211,106.66000366210938,103.9782485961914,23131611
2025-03-13,107.19000244140625,109.68000030517578,105.52999877929688,105.88999938964844,103.22760009765625,24988240
2025-03-17,106.6500015258789,107.33000183105469,105.05000305175781,106.13999938964844,103.47132110595703,15750246
2025-03-18,106.13999938964844,106.13999938964844,106.13999938964844,106.13999938964844,103.47132110595703,0
2025-03-19,113.5,114.4000015258789,110.61000061035156,113.2300033569336,110.38306427001953,47657793
2025-03-20,114.05000305175781,114.94999694824219,111.62999725341797,113.95999908447266,111.0947036743164,23249893
2025-03-21,114.0,115.88999938964844,113.44999694824219,115.30000305175781,112.40101623535156,25675545
2025-03-24,116.0999984741211,118.62999725341797,116.05000305175781,117.23999786376953,114.29222869873047,27623276
2025-03-25,117.8499984741211,117.8499984741211,114.0999984741211,114.69999694824219,111.81609344482422,19985177
2025-03-26,114.69999694824219,116.0,113.0,113.29000091552734,110.4415512084961,15470453
2025-03-27,112.80000305175781,115.0999984741211,112.69999694824219,113.87999725341797,111.01670837402344,14168313
2025-03-28,113.9000015258789,116.1500015258789,113.5999984741211,115.18000030517578,112.28402709960938,23556805
2025-04-01,114.3499984741211,117.44999694824219,113.41999816894531,116.87999725341797,113.94127655029297,15958627
2025-04-02,116.87999725341797,119.19999694824219,114.25,118.69999694824219,115.71552276611328,21075705
2025-04-03,117.30000305175781,119.62999725341797,116.83999633789062,118.54000091552734,115.5595474243164,14441562
2025-04-04,117.58000183105469,117.93000030517578,112.01000213623047,112.5999984741211,109.7688980102539,33987192
2025-04-07,101.33999633789062,106.13999938964844,101.33999633789062,104.62999725341797,101.99928283691406,28546459
2025-04-08,107.44999694824219,108.13999938964844,102.75,104.83000183105469,102.19425964355469,21280686
2025-04-09,104.0,105.4000015258789,101.12999725341797,104.97000122070312,102.33074188232422,20223188
2025-04-11,107.83999633789062,110.19999694824219,107.0,108.33999633789062,105.61600494384766,20467580
2025-04-15,110.20999908447266,113.72000122070312,109.66000366210938,113.25,110.40255737304688,18332836
2025-04-16,113.0,116.27999877929688,111.9000015258789,115.30000305175781,112.40101623535156,20145548
2025-04-17,114.5,115.83999633789062,113.05000305175781,113.95999908447266,111.0947036743164,18855830
2025-04-21,113.95999908447266,117.1500015258789,112.80000305175781,115.98999786376953,113.07366180419922,17894053
2025-04-22,118.33999633789062,118.98999786376953,115.44999694824219,115.9800033569336,113.06391906738281,24367181
2025-04-23,116.86000061035156,117.3499984741211,114.38999938964844,116.76000213623047,113.82431030273438,15425789
2025-04-24,116.51000213623047,118.54000091552734,116.19999694824219,118.02999877929688,115.06237030029297,17054911
2025-04-25,118.5999984741211,120.3499984741211,113.38999938964844,114.80999755859375,111.92332458496094,24605025
2025-04-28,115.0,117.79000091552734,114.43000030517578,116.7699966430664,113.83405303955078,10864579
2025-04-29,116.75,118.30000305175781,115.0,115.27999877929688,112.38151550292969,12258150
2025-04-30,114.98999786376953,115.75,112.86000061035156,113.70999908447266,110.85098266601562,10657286
2025-05-02,113.69999694824219,116.88999938964844,112.30999755859375,113.08000183105469,110.23683166503906,12362081
2025-05-05,114.0,115.43000030517578,113.12000274658203,114.79000091552734,111.9038314819336,9968201
2025-05-06,114.5999984741211,115.80000305175781,111.12000274658203,111.56999969482422,108.7647933959961,13544063
2025-05-07,109.97000122070312,114.13999938964844,109.7300033569336,113.68000030517578,110.82173919677734,14213232
2025-05-08,114.0,114.80000305175781,108.44000244140625,109.23999786376953,106.49337768554688,13057983
2025-05-09,107.0,109.31999969482422,106.25,109.01000213623047,106.2691650390625,13531998
2025-05-12,112.7699966430664,118.44999694824219,112.4000015258789,118.23999786376953,115.26708221435547,25419079
2025-05-13,118.23999786376953,119.0999984741211,115.73999786376953,116.0,113.08341217041016,12595012
2025-05-14,117.0,122.98999786376953,116.58000183105469,122.68000030517578,119.595458984375,37164569
2025-05-15,122.98999786376953,123.6500015258789,121.66000366210938,122.69999694824219,119.61495208740234,15860870
2025-05-16,122.5999984741211,123.54000091552734,121.55999755859375,122.4800033569336,119.40048217773438,12476432
2025-05-19,122.4800033569336,123.44999694824219,120.73999786376953,122.11000061035156,119.03978729248047,9899831
2025-05-20,122.9000015258789,125.38999938964844,122.18000030517578,122.5199966430664,119.4394760131836,29030789
2025-05-21,122.8499984741211,125.19999694824219,122.33000183105469,124.87999725341797,121.74014282226562,19286268
2025-05-22,124.0,126.75,123.5,125.73999786376953,122.5785140991211,18239762
2025-05-23,125.75,126.79000091552734,125.3499984741211,125.91999816894531,122.75399017333984,11048639
2025-05-26,126.19999694824219,128.60000610351562,125.80999755859375,127.79000091552734,124.57697296142578,31013556
2025-05-27,127.69999694824219,129.39999389648438,126.91999816894531,128.5800018310547,125.34710693359375,15363838
2025-05-28,128.41000366210938,130.10000610351562,127.25,128.9600067138672,125.71756744384766,22610477
2025-05-29,131.75,131.8000030517578,128.8000030517578,129.9600067138672,126.69241333007812,38518032
2025-05-30,130.0500030517578,130.6999969482422,128.8000030517578,129.17999267578125,125.93201446533203,11118329
2025-06-02,127.0,131.50999450683594,126.43000030517578,130.69000244140625,127.40406036376953,20767930
2025-06-03,130.7899932861328,133.0800018310547,129.7100067138672,130.2100067138672,126.93614196777344,19565087
2025-06-04,130.63999938964844,132.14999389648438,129.64999389648438,131.8300018310547,128.51539611816406,12424794
2025-06-05,132.0,134.0,131.74000549316406,133.11000061035156,129.76321411132812,19181280
2025-06-06,133.4600067138672,135.3000030517578,132.41000366210938,135.0399932861328,131.64466857910156,15594995
2025-06-09,135.1999969482422,135.97999572753906,133.5500030517578,133.8300018310547,130.46510314941406,7300478
2025-06-10,134.10000610351562,135.14999389648438,132.66000366210938,132.92999267578125,129.58773803710938,8767278
2025-06-11,133.6199951171875,134.25,132.61000061035156,133.14999389648438,129.8022003173828,9131936
2025-06-12,133.0,133.6699981689453,129.7100067138672,129.97000122070312,126.70216369628906,11774457
2025-06-13,126.55000305175781,129.9499969482422,126.55000305175781,129.35000610351562,126.0977554321289,7902097
2025-06-16,129.0,129.8300018310547,126.80999755859375,128.9199981689453,125.67855834960938,5962115
2025-06-17,128.9199981689453,129.89999389648438,126.30000305175781,126.91000366210938,123.71910858154297,7876518
2025-06-18,126.73999786376953,127.33999633789062,125.41000366210938,127.02999877929688,123.8360824584961,11736141
2025-06-19,127.0,127.31999969482422,123.8499984741211,125.1500015258789,122.00334930419922,10943647
2025-06-20,124.75,127.88999938964844,124.75,127.4800033569336,124.27477264404297,11077270
2025-06-23,126.19000244140625,128.3800048828125,125.87000274658203,126.5999984741211,123.4168930053711,7077385
2025-06-24,128.0500030517578,132.85000610351562,128.0500030517578,130.74000549316406,127.45281219482422,20598542
2025-06-25,131.38999938964844,131.63999938964844,128.10000610351562,128.25999450683594,125.03515625,10836397
2025-06-26,128.89999389648438,134.0,128.52000427246094,133.6199951171875,130.2603759765625,24148009
2025-06-27,134.5,136.33999633789062,131.41000366210938,131.6999969482422,128.38865661621094,17864360
2025-06-30,132.33999633789062,132.75,131.22000122070312,131.99000549316406,128.67138671875,7106194
2025-07-01,132.00999450683594,133.77999877929688,130.0500030517578,133.33999633789062,129.9874267578125,13302468
2025-07-02,133.35000610351562,138.0,133.1699981689453,137.47999572753906,134.02334594726562,28463371
2025-07-03,137.89999389648438,139.97999572753906,136.00999450683594,136.5,133.06797790527344,24871213
2025-07-04,135.82000732421875,136.75,133.7100067138672,134.72000122070312,131.33273315429688,7161066
2025-07-07,133.75999450683594,134.35000610351562,132.33999633789062,133.47000122070312,130.11416625976562,5328237
2025-07-08,133.0,135.3300018310547,132.8699951171875,135.0500030517578,131.65443420410156,10080296
2025-07-09,135.0,135.10000610351562,131.0,133.8800048828125,130.51385498046875,12982603
2025-07-10,133.5,135.3000030517578,133.5,134.77999877929688,131.3912353515625,6746836
2025-07-11,134.1999969482422,136.8000030517578,133.47999572753906,134.3300018310547,130.95254516601562,9655575
2025-07-14,133.60000610351562,135.57000732421875,133.0,134.19000244140625,130.81605529785156,5395689
2025-07-15,133.80999755859375,135.1300048828125,132.5800018310547,134.8800048828125,131.4887237548828,5597256
2025-07-16,133.86000061035156,134.69000244140625,132.5,133.5800018310547,130.2213897705078,7525790
2025-07-17,134.0,134.69000244140625,132.72000122070312,133.60000610351562,130.2408905029297,6104260
2025-07-18,133.4600067138672,136.75,133.41000366210938,136.4499969482422,133.01922607421875,10612550
2025-07-21,137.0,138.75,135.88999938964844,136.94000244140625,133.49691772460938,10205739
2025-07-22,136.99000549316406,138.7100067138672,135.5,135.99000549316406,132.57081604003906,13371025
2025-07-23,136.60000610351562,136.60000610351562,133.89999389648438,134.7899932861328,131.40097045898438,8607725
2025-07-24,134.8000030517578,137.1999969482422,134.77999877929688,136.1699981689453,132.74627685546875,9764563
2025-07-25,135.8800048828125,135.92999267578125,130.0800018310547,130.6699981689453,127.38455963134766,15803965
2025-07-28,128.60000610351562,128.61000061035156,124.12999725341797,125.58999633789062,122.43228912353516,34768336
2025-07-29,124.98999786376953,126.75,123.30000305175781,126.01000213623047,122.84172821044922,14642340
2025-07-30,126.0,126.58000183105469,123.87000274658203,124.16000366210938,121.03824615478516,8402184
2025-07-31,123.0,124.6500015258789,122.5199966430664,124.19999694824219,121.07723999023438,13387143
2025-08-01,123.81999969482422,124.4800033569336,119.75,120.12000274658203,117.09982299804688,13111620
2025-08-04,120.66000366210938,125.80000305175781,120.36000061035156,125.4800033569336,122.32505798339844,13578202
2025-08-05,125.0,125.87999725341797,123.2300033569336,125.16000366210938,122.01309967041016,9405308
2025-08-06,124.88999938964844,125.20999908447266,122.5,123.44999694824219,120.3460922241211,9465399
2025-08-07,122.51000213623047,123.87000274658203,120.5,123.36000061035156,120.25836181640625,10677634
2025-08-08,123.0,123.77999877929688,120.69999694824219,121.06999969482422,118.02593231201172,6142679
2025-08-11,121.06999969482422,121.93000030517578,119.9000015258789,121.66999816894531,118.61084747314453,9091136
2025-08-12,121.4000015258789,123.48999786376953,121.30999755859375,122.19000244140625,119.11778259277344,6594879
2025-08-13,122.5,124.63999938964844,122.1500015258789,124.05000305175781,120.93101501464844,12017599
2025-08-14,124.19999694824219,124.3499984741211,120.19999694824219,120.37000274658203,117.34353637695312,7879264
2025-08-18,122.80000305175781,124.0,121.51000213623047,122.44000244140625,119.36148834228516,8711845
2025-08-19,122.55999755859375,123.7300033569336,122.1500015258789,122.9800033569336,119.88790893554688,4611886
2025-08-20,122.69999694824219,125.83000183105469,122.0,124.08999633789062,120.97000122070312,12009594
2025-08-21,124.0999984741211,125.2699966430664,123.05000305175781,123.25,120.151123046875,4254584
2025-08-22,123.2300033569336,123.25,121.41999816894531,121.93000030517578,118.86431121826172,5155189
2025-08-25,122.66000366210938,123.5999984741211,122.2300033569336,122.83999633789062,119.75142669677734,2959928
2025-08-26,122.20999908447266,122.4000015258789,119.0,119.94000244140625,116.92434692382812,7276847
2025-08-28,119.87000274658203,120.0,118.0999984741211,119.25,116.25169372558594,7776953
2025-08-29,119.5199966430664,120.25,118.19999694824219,118.66000366210938,115.6765365600586,5165884
2025-09-01,119.16000366210938,121.4000015258789,118.5,121.08999633789062,118.04542541503906,4676092
2025-09-02,121.5,124.69000244140625,120.80999755859375,123.08999633789062,119.9951400756836,8200047
2025-09-03,123.8499984741211,130.0,123.55999755859375,129.67999267578125,126.41944122314453,26783470
2025-09-04,130.0,130.2100067138672,127.22000122070312,127.56999969482422,124.36250305175781,7801378
2025-09-05,127.80000305175781,129.60000610351562,126.70999908447266,129.25999450683594,126.01000213623047,5711851
2025-09-08,130.52999877929688,134.7899932861328,130.16000366210938,131.4499969482422,129.7510223388672,26650648
2025-09-09,131.4499969482422,131.60000610351562,129.11000061035156,129.4499969482422,127.7768783569336,6939950
2025-09-10,130.0,131.5500030517578,129.22999572753906,129.72000122070312,128.04339599609375,4651804
2025-09-11,130.0,132.6300048828125,129.27000427246094,131.82000732421875,130.1162567138672,8098228
2025-09-12,132.0,133.0,131.30999755859375,132.25999450683594,130.55055236816406,4655442
2025-09-15,132.00999450683594,133.4499969482422,131.52000427246094,132.7899932861328,131.07369995117188,6555662
2025-09-16,132.7899932861328,133.8000030517578,132.14999389648438,132.94000244140625,131.22177124023438,4986436
2025-09-17,133.0500030517578,134.3000030517578,131.5,132.75,131.0342254638672,5930567
2025-09-18,132.99000549316406,133.7899932861328,131.44000244140625,133.17999267578125,131.4586639404297,6394911
2025-09-19,133.17999267578125,136.6300048828125,133.0,136.1999969482422,134.43963623046875,34447974
2025-09-22,135.11000061035156,138.24000549316406,134.8300018310547,135.49000549316406,133.7388153076172,11023917
2025-09-23,135.49000549316406,137.75,134.89999389648438,137.3000030517578,135.52542114257812,10743591
2025-09-24,136.60000610351562,138.75,135.9499969482422,136.33999633789062,134.57781982421875,14644870
2025-09-25,136.39999389648438,138.6199951171875,135.6699981689453,136.52000427246094,134.75550842285156,8887697
2025-09-26,136.52000427246094,136.89999389648438,130.39999389648438,131.02000427246094,129.3265838623047,9029952
2025-09-29,131.39999389648438,133.9499969482422,131.25999450683594,131.7100067138672,130.00767517089844,6598940
2025-09-30,132.2899932861328,135.27999877929688,131.92999267578125,134.47999572753906,132.7418670654297,10087746
2025-10-01,134.47999572753906,136.75,132.75,134.9199981689453,133.17617797851562,19829958
2025-10-03,135.02999877929688,137.89999389648438,134.74000549316406,134.9600067138672,133.21566772460938,16097900
2025-10-06,135.64999389648438,136.5,131.55999755859375,132.6199951171875,130.90589904785156,31643657
2025-10-07,133.0,134.3300018310547,131.30999755859375,132.8800048828125,131.1625518798828,18395982
2025-10-08,132.77999877929688,133.0,130.10000610351562,131.72000122070312,130.0175323486328,20062802
2025-10-09,132.0,137.0,131.61000061035156,136.4600067138672,134.6962890625,41930005
2025-10-10,136.5,136.5,131.47000122070312,132.1699981689453,130.4617156982422,21483357
2025-10-13,131.5,133.32000732421875,128.80999755859375,132.50999450683594,130.7973175048828,18513844
2025-10-14,132.94000244140625,134.1999969482422,128.0,128.77000427246094,127.10567474365234,13838918
2025-10-15,129.0,131.6699981689453,128.38999938964844,130.2899932861328,128.60601806640625,11279798
2025-10-16,130.89999389648438,132.92999267578125,129.0800018310547,131.3800048828125,129.6819305419922,15763529
2025-10-17,131.3800048828125,132.16000366210938,128.02000427246094,128.67999267578125,127.0168228149414,13063892
2025-10-20,129.60000610351562,130.5,127.73999786376953,129.83999633789062,128.16183471679688,8776091
2025-10-21,130.5500030517578,130.69000244140625,129.5,129.9499969482422,128.27041625976562,1955418
2025-10-23,130.8000030517578,131.25,128.89999389648438,129.33999633789062,127.66829681396484,8311038
2025-10-24,129.7100067138672,131.8800048828125,129.11000061035156,129.4600067138672,127.78675842285156,14135916
2025-10-27,130.5,130.9499969482422,129.00999450683594,129.89999389648438,128.22105407714844,12660595
2025-10-28,129.91000366210938,133.14999389648438,129.5,132.16000366210938,130.4518585205078,54886107
2025-10-29,133.3699951171875,143.27000427246094,133.1999969482422,140.5500030517578,138.73341369628906,143438521
2025-10-30,138.6999969482422,139.6999969482422,135.5,137.0500030517578,135.27865600585938,31586710
2025-10-31,137.1999969482422,138.1999969482422,135.0,136.85000610351562,135.08123779296875,27662647
2025-11-03,136.7899932861328,140.94000244140625,135.8000030517578,137.97000122070312,136.18675231933594,22226547
2025-11-04,138.25,140.77000427246094,136.38999938964844,138.17999267578125,136.39404296875,29013280
2025-11-06,138.0,139.69000244140625,136.0,137.91000366210938,136.12753295898438,18170970
2025-11-07,136.49000549316406,141.97999572753906,134.66000366210938,141.0,139.17759704589844,32646925
2025-11-10,141.0,145.82000732421875,141.0,144.33999633789062,142.47442626953125,41386043
2025-11-11,144.27000427246094,145.25,141.64999389648438,144.39999389648438,142.5336456298828,19224266
2025-11-12,145.0399932861328,145.27999877929688,142.8000030517578,143.49000549316406,141.6354217529297,14977228
2025-11-13,144.25,145.89999389648438,143.0,144.72000122070312,142.84951782226562,24530062
2025-11-14,144.14999389648438,145.0,141.3300018310547,141.99000549316406,140.15480041503906,13373663
2025-11-17,142.0,143.10000610351562,140.1999969482422,141.3300018310547,139.50332641601562,8529282
2025-11-18,140.61000061035156,140.8699951171875,137.17999267578125,138.89999389648438,137.104736328125,16189299
2025-11-19,138.6999969482422,140.99000549316406,138.27999877929688,139.99000549316406,138.18064880371094,10782966
2025-11-20,139.8000030517578,140.61000061035156,137.8000030517578,138.19000244140625,136.40391540527344,9904118
2025-11-21,137.88999938964844,138.77999877929688,132.8000030517578,134.0800018310547,132.34703063964844,11154148
2025-11-24,134.0,134.50999450683594,131.6999969482422,132.0800018310547,130.37289428710938,12377263
2025-11-25,132.25,133.67999267578125,131.10000610351562,132.25,130.5406951904297,37889153
2025-11-26,133.85000610351562,138.3000030517578,133.7100067138672,136.9199981689453,135.15032958984375,37106654
2025-11-27,137.8000030517578,139.64999389648438,135.82000732421875,136.2100067138672,134.4495086669922,15805364
2025-11-28,136.7899932861328,137.2899932861328,134.49000549316406,134.91000366210938,133.1663055419922,12338284
2025-12-01,135.91000366210938,136.8000030517578,134.52999877929688,135.0500030517578,133.30450439453125,10957771
2025-12-02,135.0500030517578,135.1199951171875,131.24000549316406,132.4600067138672,130.74798583984375,11909464
2025-12-03,132.4600067138672,133.60000610351562,130.2899932861328,131.9199981689453,130.21495056152344,15579248
2025-12-04,132.0,134.3000030517578,131.66000366210938,132.13999938964844,130.43211364746094,13313343
2025-12-05,132.1999969482422,133.1999969482422,130.66000366210938,132.5399932861328,130.82693481445312,6506989
2025-12-08,132.5399932861328,132.8000030517578,128.6300048828125,129.75,128.072998046875,11987614
2025-12-09,129.0,129.9199981689453,126.80000305175781,129.14999389648438,127.48075103759766,11367505
2025-12-10,128.5,130.32000732421875,127.72000122070312,128.52000427246094,126.85890197753906,8907207
2025-12-11,128.99000549316406,130.0,128.41000366210938,129.5399932861328,127.86570739746094,6218056
2025-12-12,130.5,132.60000610351562,130.39999389648438,131.89999389648438,130.19520568847656,11049524
2025-12-15,131.64999389648438,132.5,130.5,132.30999755859375,130.59991455078125,8285011
2025-12-16,131.6999969482422,131.89999389648438,128.3000030517578,129.67999267578125,128.00389099121094,12843983
2025-12-17,129.35000610351562,130.47999572753906,129.02999877929688,130.1999969482422,128.51718139648438,8436068
2025-12-18,129.8000030517578,130.49000549316406,126.77999877929688,127.2699966430664,125.62505340576172,11582737
2025-12-19,127.38999938964844,127.73999786376953,124.0,125.91000366210938,124.28263854980469,21222260
2025-12-22,126.69999694824219,131.38999938964844,126.44999694824219,130.05999755859375,128.37899780273438,18396794
2025-12-23,130.64999389648438,133.9199981689453,129.91000366210938,132.7100067138672,130.9947509765625,14054101
2025-12-24,133.5,134.3000030517578,131.0,131.85000610351562,130.14585876464844,10990662
2025-12-26,131.0,132.77999877929688,130.60000610351562,132.32000732421875,130.6097869873047,7733641
2025-12-29,132.89999389648438,138.8000030517578,132.89999389648438,134.08999633789062,132.35690307617188,44684863
2025-12-30,134.08999633789062,141.8000030517578,133.5399932861328,141.02000427246094,139.1973419189453,41245044
2025-12-31,145.10000610351562,149.19000244140625,143.8000030517578,146.99000549316406,145.09017944335938,68661714
2026-01-01,147.10000610351562,149.47000122070312,145.4600067138672,148.4499969482422,146.5312957763672,22828687
2026-01-02,148.60000610351562,148.89999389648438,146.89999389648438,147.47000122070312,145.56398010253906,12703746
2026-01-05,147.39999389648438,151.25,146.36000061035156,150.85000610351562,148.90029907226562,25349187
2026-01-06,152.10000610351562,152.8000030517578,146.0,146.44000244140625,144.5472869873047,27791120
2026-01-07,146.38999938964844,150.85000610351562,146.30999755859375,150.3699951171875,148.42648315429688,16707388
2026-01-08,151.0,151.42999267578125,143.25,146.4600067138672,144.56703186035156,21794398
2026-01-09,146.0,147.39999389648438,143.7100067138672,145.6699981689453,143.7872314453125,14766805
2026-01-12,145.6699981689453,149.6999969482422,143.63999938964844,149.22000122070312,147.29135131835938,21341282
2026-01-13,149.25,150.36000061035156,146.50999450683594,147.75999450683594,145.8502197265625,11414470
2026-01-14,147.75999450683594,152.64999389648438,147.2100067138672,152.44000244140625,150.46974182128906,26571101
2026-01-15,152.44000244140625,152.44000244140625,152.44000244140625,152.44000244140625,150.46974182128906,0
2026-01-16,152.4499969482422,153.1199951171875,148.5500030517578,149.3699951171875,147.4394073486328,16896403
2026-01-19,149.0,150.2100067138672,147.67999267578125,149.6999969482422,147.76515197753906,9393373
2026-01-20,150.19000244140625,152.22000122070312,144.72000122070312,145.39999389648438,143.52072143554688,22619361
2026-01-21,145.0,147.89999389648438,143.89999389648438,146.4499969482422,144.55715942382812,20875315
2026-01-22,148.0500030517578,153.89999389648438,148.0500030517578,151.64999389648438,149.68994140625,45852758
2026-01-23,152.4499969482422,156.5,148.5,149.02999877929688,147.1038055419922,35863744
2026-01-27,150.5,157.0,149.0,155.55999755859375,153.54940795898438,40035179
2026-01-28,157.0,157.4499969482422,152.89999389648438,155.74000549316406,153.7270965576172,31471571
2026-01-29,156.0,160.0,155.8000030517578,157.17999267578125,155.14846801757812,31557755
2026-01-30,154.5,154.5,147.75,151.1300048828125,149.17666625976562,33012904
2026-02-02,148.10000610351562,149.89999389648438,141.3000030517578,148.6699981689453,146.7484588623047,38552721
2026-02-03,154.5,156.0500030517578,149.0399932861328,154.36000061035156,152.3649139404297,32031454
2026-02-04,154.9499969482422,158.1999969482422,154.11000061035156,157.2899932861328,155.25704956054688,20559103
2026-02-05,155.89999389648438,160.0,152.2899932861328,158.5,156.451416015625,22567786
2026-02-06,158.0,161.3000030517578,156.49000549316406,160.52000427246094,158.4453125,29587522
2026-02-09,161.0500030517578,161.89999389648438,157.1699981689453,158.3800048828125,156.3329620361328,22102148
2026-02-10,158.49000549316406,161.47999572753906,156.22000122070312,160.99000549316406,158.90924072265625,28657528
2026-02-11,161.0,162.89999389648438,160.3699951171875,162.1199951171875,160.0246124267578,15729412
2026-02-12,162.1199951171875,163.0,159.3300018310547,160.35000610351562,158.2775115966797,11007640
2026-02-13,157.8000030517578,161.3000030517578,155.0,159.27999877929688,157.22132873535156,19899685
2026-02-16,158.0,160.13999938964844,157.25,159.5800018310547,157.5174560546875,8429730
2026-02-17,158.8000030517578,158.83999633789062,153.83999633789062,157.27000427246094,155.23731994628906,15671137
2026-02-18,157.50999450683594,160.88999938964844,157.30999755859375,159.2100067138672,157.15223693847656,14036849
2026-02-19,160.5,161.74000549316406,154.8699951171875,155.8000030517578,153.78631591796875,13791140
2026-02-20,155.89999389648438,160.10000610351562,155.32000732421875,158.75,156.69818115234375,14376451
2026-02-23,159.39999389648438,159.6999969482422,155.25,156.67999267578125,154.65492248535156,15614066
2026-02-24,156.6999969482422,160.67999267578125,152.0500030517578,160.17999267578125,158.1096954345703,47145393
2026-02-25,161.5500030517578,167.1999969482422,160.85000610351562,164.92999267578125,162.7982940673828,64790496
2026-02-26,165.0,165.89999389648438,162.86000061035156,165.50999450683594,163.3708038330078,20505687
2026-02-27,164.75,167.99000549316406,164.0,165.7100067138672,163.5682373046875,28020533
2026-03-02,158.99000549316406,168.2100067138672,158.8000030517578,165.58999633789062,163.44976806640625,21848406
2026-03-04,161.4199981689453,161.4199981689453,152.39999389648438,155.6199951171875,153.60862731933594,36418465
2026-03-05,156.10000610351562,160.1999969482422,154.30999755859375,156.14999389648438,154.13177490234375,20616217
2026-03-06,155.39999389648438,157.60000610351562,153.50999450683594,154.94000244140625,152.9374237060547,12234478
2026-03-09,150.99000549316406,151.19000244140625,144.8000030517578,149.52000427246094,147.5874786376953,17043925
2026-03-10,152.0500030517578,153.4499969482422,148.3699951171875,149.83999633789062,147.90333557128906,11722822
2026-03-11,150.82000732421875,155.33999633789062,150.82000732421875,153.8800048828125,151.89112854003906,13160960
2026-03-12,153.00999450683594,154.1999969482422,149.60000610351562,153.64999389648438,151.66409301757812,9824998
2026-03-13,152.25999450683594,154.25,144.25,149.88999938964844,147.95269775390625,24157379
2026-03-16,148.97000122070312,150.1300048828125,143.27000427246094,144.69000244140625,142.8199005126953,16060150
2026-03-17,145.19000244140625,153.99000549316406,144.5,153.52999877929688,151.54563903808594,27048278
2026-03-18,152.8000030517578,156.08999633789062,151.64999389648438,154.4199981689453,152.4241485595703,20171195
2026-03-19,152.0,155.41000366210938,151.0,152.5500030517578,150.5783233642578,14841772
2026-03-20,153.11000061035156,158.5399932861328,153.11000061035156,155.52000427246094,153.5099334716797,25811397
2026-03-23,153.0399932861328,154.0,142.25999450683594,143.0399932861328,141.19122314453125,21470572
2026-03-24,146.4600067138672,147.5,143.3000030517578,145.72999572753906,143.84645080566406,17464379
2026-03-25,147.99000549316406,152.33999633789062,145.9499969482422,151.7100067138672,149.74917602539062,22905688
2026-03-27,150.10000610351562,152.07000732421875,145.89999389648438,146.47000122070312,144.576904296875,27097799
2026-03-30,146.1999969482422,156.60000610351562,145.00999450683594,151.4199981689453,149.46292114257812,70851364
2026-04-01,155.60000610351562,158.0,153.10000610351562,155.82000732421875,153.80606079101562,38264128
2026-04-02,154.0,156.19000244140625,150.27999877929688,155.16000366210938,153.1545867919922,28426617
2026-04-06,153.89999389648438,161.27999877929688,151.32000732421875,160.44000244140625,158.3663330078125,27838073
2026-04-07,159.4199981689453,161.69000244140625,158.22000122070312,160.6199951171875,158.54400634765625,21021523
2026-04-08,164.9499969482422,169.0,162.41000366210938,164.41000366210938,162.2850341796875,34940851
2026-04-09,164.41000366210938,168.7100067138672,162.2100067138672,163.35000610351562,161.23873901367188,21954699
2026-04-10,165.0,166.8000030517578,162.66000366210938,166.02000427246094,163.8742218017578,15081386
2026-04-13,162.77999877929688,171.5,160.75,167.8800048828125,165.71017456054688,29116175
2026-04-15,170.0,171.10000610351562,165.8800048828125,166.9499969482422,164.7921905517578,25814344
2026-04-16,167.6699981689453,172.07000732421875,166.61000061035156,171.32000732421875,169.10572814941406,30877678
2026-04-17,172.0,174.99000549316406,170.41000366210938,173.3300018310547,171.08973693847656,24677974
2026-04-20,173.39999389648438,174.0500030517578,170.3000030517578,172.7100067138672,170.47775268554688,17825908
2026-04-21,174.39999389648438,177.67999267578125,174.0,175.05999755859375,172.79737854003906,27069051
2026-04-22,175.3000030517578,178.4600067138672,174.75999450683594,176.22999572753906,173.95225524902344,20405858
2026-04-23,174.7100067138672,178.08999633789062,173.8000030517578,176.4499969482422,174.16940307617188,18802890
2026-04-24,176.5,179.07000732421875,176.0,178.4600067138672,176.1534423828125,18292305
2026-04-27,179.9600067138672,185.32000732421875,179.5,184.1999969482422,181.81924438476562,46111040
2026-04-28,184.1999969482422,189.10000610351562,183.91000366210938,185.6300048828125,183.2307586669922,26454300
2026-04-29,187.0,187.3000030517578,181.5399932861328,186.16000366210938,183.75390625,25568031
2026-04-30,184.97999572753906,185.39999389648438,179.6999969482422,184.6199951171875,182.2338104248047,30459594
2026-05-01,184.6199951171875,184.6199951171875,184.6199951171875,184.6199951171875,182.2338104248047,0
2026-05-04,185.25,187.82000732421875,184.27999877929688,186.14999389648438,183.74403381347656,19546889
2026-05-05,185.8000030517578,188.8300018310547,185.02000427246094,187.30999755859375,184.8890380859375,15578841
2026-05-06,189.0,190.5,184.7100067138672,186.0399932861328,183.6354522705078,13017351
2026-05-07,186.25,190.25,185.89999389648438,187.27999877929688,184.85943603515625,16281234
2026-05-08,187.0,187.6999969482422,184.14999389648438,184.8800048828125,182.49046325683594,9202608
2026-05-11,182.88999938964844,184.8699951171875,179.91000366210938,180.72000122070312,178.38421630859375,33196633
2026-05-12,179.89999389648438,180.89999389648438,175.16000366210938,176.08999633789062,173.81405639648438,17088771
2026-05-13,176.30999755859375,202.35000610351562,176.30999755859375,201.30999755859375,198.70809936523438,173466903
2026-05-14,203.0,209.6999969482422,198.5500030517578,199.0800018310547,196.50692749023438,50058182
2026-05-15,199.99000549316406,200.24000549316406,191.5500030517578,192.39999389648438,189.9132537841797,24155534
2026-05-18,192.0,195.0,188.2100067138672,192.72999572753906,190.23898315429688,44414796
2026-05-19,192.0,200.2899932861328,191.25,199.0500030517578,196.47731018066406,43235882
2026-05-20,197.0,199.8000030517578,194.3000030517578,199.0399932861328,196.46743774414062,21709606
2026-05-21,200.05999755859375,202.0,195.5500030517578,196.52999877929688,193.98988342285156,22316399
2026-05-22,197.0,202.16000366210938,195.60000610351562,201.2100067138672,198.60939025878906,26032718
2026-05-25,202.39999389648438,203.32000732421875,196.11000061035156,198.32000732421875,195.75674438476562,22355175
2026-05-26,198.35000610351562,205.0,198.35000610351562,203.83999633789062,201.2053985595703,35728025
2026-05-27,205.99000549316406,208.4499969482422,203.82000732421875,206.05999755859375,203.39669799804688,35333674
2026-05-28,206.05999755859375,206.05999755859375,206.05999755859375,206.05999755859375,203.39669799804688,0
2026-05-29,206.3000030517578,207.5,203.1699981689453,204.3699951171875,201.72854614257812,19770515
2026-06-01,205.1999969482422,206.25,202.25,203.69000244140625,201.05734252929688,18107952
2026-06-02,203.41000366210938,206.60000610351562,202.6199951171875,205.85000610351562,203.18942260742188,16404349
2026-06-03,206.69000244140625,206.89999389648438,200.7100067138672,203.8699951171875,201.23500061035156,10280547
2026-06-04,203.39999389648438,205.5,195.77000427246094,197.30999755859375,194.75979614257812,38406537
2026-06-05,197.5,198.1999969482422,188.25,190.55999755859375,188.09703063964844,20088924
2026-06-08,187.3699951171875,187.9600067138672,182.50999450683594,183.77999877929688,181.4046630859375,25903021
2026-06-09,186.0,187.4499969482422,184.30999755859375,185.99000549316406,183.5861053466797,18783847
2026-06-10,186.0,186.77000427246094,180.88999938964844,181.72000122070312,179.3712921142578,10702500
2026-06-11,179.97000122070312,183.0399932861328,178.7100067138672,181.36000061035156,179.0159454345703,14061909
2026-06-12,184.89999389648438,185.82000732421875,180.35000610351562,184.08999633789062,181.71066284179688,10126753
2026-06-15,185.9499969482422,187.8699951171875,181.9600067138672,182.50999450683594,180.1510772705078,15561828
2026-06-16,182.5,183.41000366210938,179.1199951171875,180.99000549316406,178.65074157714844,20743356
2026-06-17,181.7899932861328,182.6999969482422,177.6699981689453,179.5800018310547,177.2589569091797,15721175
2026-06-18,179.89999389648438,184.0,179.47000122070312,182.16000366210938,179.8056182861328,11869764
2026-06-19,181.39999389648438,183.86000061035156,178.3300018310547,180.0500030517578,177.72288513183594,20204155
2026-06-22,180.10000610351562,180.7899932861328,172.35000610351562,174.85000610351562,172.59010314941406,26161924
2026-06-23,174.39999389648438,174.39999389648438,167.83999633789062,169.17999267578125,166.9933624267578,19652451
2026-06-24,168.50999450683594,174.32000732421875,165.36000061035156,171.4199981689453,169.2044219970703,15287405
2026-06-25,170.72000122070312,172.17999267578125,169.42999267578125,170.7899932861328,168.5825653076172,11464399
2026-06-26,170.7899932861328,170.7899932861328,170.7899932861328,170.7899932861328,168.5825653076172,0
2026-06-29,170.7899932861328,176.88999938964844,170.39999389648438,175.22999572753906,172.96517944335938,53065147
2026-06-30,174.5,175.39999389648438,171.33999633789062,173.49000549316406,171.2476806640625,14838040
2026-07-01,173.36000061035156,173.36000061035156,166.30999755859375,168.27000427246094,166.0951385498047,18693148
2026-07-02,168.0,169.99000549316406,166.0,168.1199951171875,165.9470672607422,23051079
2026-07-03,171.0,172.86000061035156,168.14999389648438,169.8800048828125,167.684326171875,17112122
2026-07-06,169.63999938964844,170.9199981689453,167.80999755859375,169.22999572753906,167.042724609375,12787594
2026-07-07,168.47999572753906,168.49000549316406,164.5,165.66000366210938,163.5188751220703,8475984
2026-07-08,163.9499969482422,165.8699951171875,161.3300018310547,162.02000427246094,159.92591857910156,10917922
2026-07-09,162.5,167.5,161.72000122070312,165.89999389648438,163.75576782226562,11731829
2026-07-10,168.0800018310547,172.27000427246094,167.14999389648438,167.9499969482422,165.77926635742188,12023050
2026-07-13,166.1999969482422,167.63999938964844,163.7100067138672,167.00999450683594,164.85140991210938,10301179
2026-07-14,166.0800018310547,168.75,165.5500030517578,166.4499969482422,164.2986602783203,11647636
2026-07-15,167.00999450683594,168.2899932861328,163.8000030517578,164.63999938964844,162.51205444335938,9947032
2026-07-16,165.25,166.39999389648438,162.97999572753906,163.6300048828125,161.51510620117188,9419051
2026-07-17,163.6999969482422,164.35000610351562,160.5,163.0399932861328,160.93272399902344,14464071
2026-07-20,162.89999389648438,165.3300018310547,162.13999938964844,162.63999938964844,160.53790283203125,8871859
2026-07-21,163.0,164.9600067138672,162.64999389648438,164.07000732421875,161.94943237304688,9270449
2026-07-22,164.35000610351562,166.19000244140625,160.9199981689453,161.97999572753906,159.8864288330078,11621931
2026-07-23,162.10000610351562,162.49000549316406,159.25999450683594,160.91000366210938,158.83026123046875,10376861
2026-07-24,160.25,162.8000030517578,158.00999450683594,161.4499969482422,159.36328125,8938065
2026-07-27,162.89999389648438,166.5,162.10000610351562,162.6199951171875,160.51815795898438,13672214
2026-07-28,162.6199951171875,167.3000030517578,160.02000427246094,165.85000610351562,163.7064208984375,22209978
2026-07-29,165.86000061035156,175.89999389648438,165.86000061035156,170.9600067138672,168.75038146972656,45760047
2026-07-30,170.6999969482422,171.36000061035156,167.60000610351562,169.0500030517578,166.86505126953125,11779692
2026-07-31,169.66000366210938,171.85000610351562,167.97000122070312,169.02999877929688,166.84530639648438,15525081
2026-08-03,170.60000610351562,172.6999969482422,165.0,165.0,162.86740112304688,12154369
2026-08-04,168.25,174.14999389648438,168.02000427246094,173.5500030517578,171.30690002441406,25348224
2026-08-05,174.9499969482422,175.8000030517578,171.52000427246094,175.5,173.231689453125,20251266
2026-08-06,176.2100067138672,179.75,174.8699951171875,176.74000549316406,174.45567321777344,17549959
2026-08-07,176.60000610351562,176.8800048828125,174.61000061035156,176.5800018310547,174.2977294921875,9569899
2026-08-10,177.0,180.11000061035156,168.4600067138672,172.4499969482422,170.22109985351562,28747160
2026-08-11,171.5,173.4499969482422,169.32000732421875,173.0,170.76400756835938,13260979
2026-08-12,172.69000244140625,175.89999389648438,171.16000366210938,174.0,171.75108337402344,18936094
2026-08-13,173.6999969482422,173.99000549316406,167.25,168.67999267578125,166.4998321533203,9635610
2026-08-14,167.99000549316406,171.60000610351562,158.72999572753906,169.50999450683594,167.31910705566406,28039740
2026-08-17,168.61000061035156,174.3000030517578,168.11000061035156,173.60000610351562,171.3562469482422,10850564
2026-08-18,173.5,174.6699981689453,169.86000061035156,170.1999969482422,168.00018310546875,11053548
2026-08-19,169.89999389648438,173.9499969482422,169.32000732421875,172.75,170.51722717285156,10694324
2026-08-20,174.10000610351562,176.42999267578125,173.41000366210938,174.89999389648438,172.63943481445312,14055438
2026-08-21,174.89999389648438,177.0,173.02000427246094,173.4600067138672,171.2180633544922,14687511
2026-08-24,174.8000030517578,180.9600067138672,174.7100067138672,179.64999389648438,177.3280487060547,48226622
2026-08-25,180.6999969482422,186.88999938964844,180.3000030517578,184.58999633789062,182.20419311523438,68905208
2026-08-26,185.9499969482422,196.5,182.39999389648438,194.89999389648438,192.3809356689453,44553300
2026-08-27,193.89999389648438,195.89999389648438,187.5,193.0,190.50550842285156,41844533
2026-08-28,193.0500030517578,200.9600067138672,192.5500030517578,200.0,197.41502380371094,48585004
2026-08-31,198.10000610351562,200.38999938964844,195.0,195.0,192.4796600341797,22055932
2026-09-01,196.0,200.8000030517578,190.25,193.0,190.50550842285156,29120262
2026-09-02,192.2100067138672,198.38999938964844,190.27000427246094,196.5,193.96026611328125,19458118
2026-09-03,196.5,200.0399932861328,194.25999450683594,197.0,194.4538116455078,17723024
2026-09-04,197.86000061035156,200.10000610351562,194.3000030517578,196.8000030517578,194.2563934326172,19094202
2026-09-07,196.99000549316406,196.99000549316406,187.3000030517578,187.89999389648438,185.47142028808594,32633382
2026-09-08,188.5,190.8000030517578,186.0500030517578,186.10000610351562,183.69468688964844,19246316
2026-09-09,185.97999572753906,189.39999389648438,185.36000061035156,186.39999389648438,183.9907989501953,13768193
2026-09-10,186.50999450683594,187.02999877929688,183.10000610351562,183.75,181.37506103515625,8060794
2026-09-11,182.42999267578125,182.42999267578125,178.64999389648438,179.0,176.6864471435547,8764231
2026-09-14,179.0,179.0,179.0,179.0,176.6864471435547,0
2026-09-15,179.52999877929688,180.0,172.9199981689453,173.0,170.76400756835938,10217048
2026-09-16,173.7899932861328,174.89999389648438,170.5,173.5500030517578,171.30690002441406,9871840
2026-09-17,173.0,176.25,173.0,175.00999450683594,172.74801635742188,11246822
2026-09-18,176.5,179.8000030517578,176.02999877929688,177.3300018310547,175.0380401611328,11881802
2026-09-21,178.0,179.8000030517578,175.10000610351562,177.3000030517578,175.0084228515625,7044243
2026-09-22,177.10000610351562,178.2899932861328,174.0,174.00999450683594,171.7609405517578,7065250
2026-09-23,174.5,185.6999969482422,174.5,185.44000244140625,183.043212890625,41615771
2026-09-24,182.6999969482422,191.36000061035156,182.14999389648438,184.0,181.621826171875,24815644
2026-09-25,184.63999938964844,186.0500030517578,182.77000427246094,185.0,182.60890197753906,9681139
2026-09-28,185.7100067138672,188.22000122070312,182.75999450683594,184.1999969482422,181.81924438476562,14311000
2026-09-29,182.52999877929688,186.86000061035156,181.2100067138672,181.82000732421875,179.4700164794922,21241634
2026-09-30,181.85000610351562,186.0,180.25999450683594,181.49000549316406,181.49000549316406,15646382
