date,open,high,low,close,adj_close,volume
2015-01-01,1283.5,1283.5,1270.5,1272.7750244140625,970.3304443359375,366830
2015-01-02,1275.5,1295.4749755859375,1275.300048828125,1289.7249755859375,983.2525634765625,925740
2015-01-05,1290.5,1299.949951171875,1262.324951171875,1270.125,968.3103637695312,1754242
2015-01-06,1264.550048828125,1264.550048828125,1220.0,1223.300048828125,932.6117553710938,2423784
2015-01-07,1235.0,1239.574951171875,1203.7249755859375,1208.8499755859375,921.5956420898438,2636332
2015-01-08,1221.199951171875,1224.5,1210.2750244140625,1221.9000244140625,931.54443359375,1565408
2015-01-09,1227.5,1259.949951171875,1225.0,1256.1500244140625,957.6559448242188,3197642
2015-01-12,1258.5,1264.0,1240.125,1254.8499755859375,956.6649780273438,1596006
2015-01-13,1260.0,1265.199951171875,1240.050048828125,1248.949951171875,952.1671142578125,1468432
2015-01-14,1258.0,1265.9000244140625,1250.25,1260.9749755859375,961.3345947265625,1787096
2015-01-15,1266.5,1290.875,1261.625,1269.550048828125,967.8718872070312,5009920
2015-01-16,1271.8499755859375,1272.5,1242.1500244140625,1266.074951171875,965.2225952148438,5293830
2015-01-19,1268.0,1275.5,1251.5,1255.5,957.1607055664062,1135074
2015-01-20,1260.0,1265.0,1241.625,1250.2249755859375,953.1390380859375,2058566
2015-01-21,1261.0,1261.0,1244.125,1256.9000244140625,958.2276611328125,2310480
2015-01-22,1258.25,1260.625,1247.75,1256.7750244140625,958.132568359375,2113214
2015-01-23,1257.0,1266.0250244140625,1248.050048828125,1251.800048828125,954.3397216796875,3150380
2015-01-27,1256.175048828125,1257.5,1244.7750244140625,1251.0250244140625,955.6571044921875,2738736
2015-01-28,1251.5,1272.449951171875,1251.449951171875,1269.800048828125,969.9996948242188,3121980
2015-01-29,1269.0,1284.3499755859375,1256.449951171875,1272.324951171875,971.9282836914062,3734392
2015-01-30,1280.3499755859375,1287.5,1235.0,1241.0250244140625,948.0185546875,5817402
2015-02-02,1241.0,1260.7249755859375,1231.0250244140625,1257.0999755859375,960.2978515625,3181802
2015-02-03,1255.824951171875,1282.5,1253.550048828125,1279.125,977.1228637695312,2345054
2015-02-04,1284.0,1285.8499755859375,1251.050048828125,1257.1500244140625,960.3365478515625,2245418
2015-02-05,1260.0,1295.8499755859375,1259.5,1276.199951171875,974.8882446289062,4530168
2015-02-06,1276.5,1297.4000244140625,1275.425048828125,1287.875,983.8069458007812,2136416
2015-02-09,1280.75,1284.550048828125,1250.0,1256.449951171875,959.8014526367188,2076432
2015-02-10,1255.0,1263.125,1216.5,1220.574951171875,932.3965454101562,3799054
2015-02-11,1227.5250244140625,1243.625,1223.625,1229.949951171875,939.5584106445312,2937522
2015-02-12,1239.9000244140625,1239.9000244140625,1223.5,1231.074951171875,940.417724609375,3107980
2015-02-13,1235.0,1273.875,1230.125,1269.375,969.6746826171875,4158326
2015-02-16,1280.0,1297.5,1277.5,1292.4000244140625,987.2638549804688,2364392
2015-02-18,1292.5250244140625,1321.5,1282.625,1317.824951171875,1006.6858520507812,2660014
2015-02-19,1318.0,1343.6500244140625,1317.5,1340.5250244140625,1024.0263671875,2618002
2015-02-20,1349.4000244140625,1349.4000244140625,1321.125,1337.7750244140625,1021.9254760742188,1801588
2015-02-23,1335.5,1361.0,1335.5,1348.324951171875,1029.9847412109375,1614892
2015-02-24,1347.0,1365.0,1339.5,1352.375,1033.07861328125,2199922
2015-02-25,1355.0,1361.0,1333.925048828125,1336.0999755859375,1020.6461791992188,1767994
2015-02-26,1339.5,1346.375,1312.675048828125,1328.2249755859375,1014.6304321289062,1991994
2015-02-27,1329.7249755859375,1337.875,1308.1500244140625,1331.175048828125,1016.8840942382812,2877376
2015-03-02,1339.8499755859375,1354.4749755859375,1326.2750244140625,1334.699951171875,1019.57666015625,2176038
2015-03-03,1341.0,1395.0,1338.074951171875,1388.0,1060.29248046875,3424308
2015-03-04,1394.0,1406.050048828125,1357.824951171875,1373.0,1048.83447265625,3862994
2015-03-05,1375.0,1385.3499755859375,1340.5250244140625,1348.2249755859375,1029.9085693359375,2173514
2015-03-09,1320.0,1339.9000244140625,1305.0,1323.4000244140625,1010.9439697265625,2883174
2015-03-10,1324.449951171875,1339.125,1297.625,1321.3499755859375,1009.3784790039062,3037052
2015-03-11,1321.0,1329.9749755859375,1298.9000244140625,1303.2750244140625,995.5709838867188,2240200
2015-03-12,1311.949951171875,1312.449951171875,1295.050048828125,1309.5250244140625,1000.3453979492188,1827636
2015-03-13,1319.0,1319.9749755859375,1287.5,1291.175048828125,986.3281860351562,1586838
2015-03-16,1292.5999755859375,1305.0,1276.0,1281.1500244140625,978.670166015625,1556296
2015-03-17,1291.25,1303.3499755859375,1278.875,1291.8499755859375,986.8438110351562,1267318
2015-03-18,1295.4749755859375,1299.7249755859375,1275.8499755859375,1279.675048828125,977.543212890625,1255170
2015-03-19,1288.0,1302.925048828125,1284.050048828125,1298.125,991.6373901367188,2448964
2015-03-20,1298.0,1309.0,1289.425048828125,1305.4749755859375,997.251708984375,1963908
2015-03-23,1308.0,1315.5,1303.0,1308.574951171875,999.6195678710938,1566608
2015-03-24,1315.0,1318.5,1291.050048828125,1295.6500244140625,989.74658203125,2394878
2015-03-25,1295.699951171875,1307.0,1272.5999755859375,1286.875,983.0433349609375,2224858
2015-03-26,1276.6500244140625,1293.3499755859375,1250.5,1256.550048828125,959.8778686523438,3091642
2015-03-27,1265.5,1285.949951171875,1252.050048828125,1257.4000244140625,960.5272216796875,2751776
2015-03-30,1262.5,1284.949951171875,1260.0,1282.074951171875,979.37646484375,1339006
2015-03-31,1284.7249755859375,1284.7249755859375,1260.5,1276.9749755859375,975.4805908203125,2427028
2015-04-01,1279.0,1281.800048828125,1261.125,1271.324951171875,971.1648559570312,2075758
2015-04-06,1279.0,1281.449951171875,1250.050048828125,1273.6500244140625,972.9406127929688,1568542
2015-04-07,1281.2249755859375,1299.5,1272.0,1292.5,987.3402709960938,1886922
2015-04-08,1297.0,1328.25,1295.425048828125,1320.699951171875,1008.8818969726562,1652134
2015-04-09,1329.5,1343.7249755859375,1317.574951171875,1332.2750244140625,1017.7243041992188,2544450
2015-04-10,1324.25,1335.4000244140625,1314.0,1326.875,1013.5992431640625,1815544
2015-04-13,1332.0,1332.5,1314.0,1327.75,1014.267822265625,1308642
2015-04-15,1327.3499755859375,1356.949951171875,1304.699951171875,1313.875,1003.6686401367188,2913934
2015-04-16,1313.4749755859375,1313.5,1285.675048828125,1291.4000244140625,986.4998779296875,3217570
2015-04-17,1278.550048828125,1280.0,1235.0,1237.425048828125,945.2686767578125,9668742
2015-04-20,1240.0250244140625,1241.949951171875,1212.425048828125,1214.4000244140625,927.679931640625,2890722
2015-04-21,1214.4000244140625,1226.0,1200.5,1213.5250244140625,927.011474609375,2546032
2015-04-22,1215.75,1236.5,1203.7750244140625,1222.550048828125,933.9053955078125,4186812
2015-04-23,1236.0,1239.9000244140625,1215.8499755859375,1228.625,938.5462646484375,4342990
2015-04-24,1227.6500244140625,1257.0,1223.7750244140625,1246.5250244140625,952.2201538085938,3625158
2015-04-27,1249.75,1260.0,1243.0,1250.0999755859375,954.9505615234375,2733052
2015-04-28,1255.0,1255.0,1227.550048828125,1247.5,952.9647827148438,3088298
2015-04-29,1242.0,1247.5,1225.5250244140625,1243.6500244140625,950.0238647460938,2019620
2015-04-30,1240.0,1245.0,1213.550048828125,1231.8499755859375,941.0096435546875,3738054
2015-05-04,1245.5,1252.4000244140625,1228.5999755859375,1240.7750244140625,947.8277587890625,1890630
2015-05-05,1250.5,1268.2249755859375,1250.0,1258.925048828125,961.6923217773438,3255070
2015-05-06,1257.5,1257.5,1227.9000244140625,1231.5250244140625,940.7614135742188,3394406
2015-05-07,1232.449951171875,1276.875,1226.8499755859375,1272.625,972.1575317382812,3205028
2015-05-08,1280.0,1294.0,1258.1500244140625,1263.625,965.2825317382812,3003664
2015-05-11,1267.5,1281.5250244140625,1262.5,1278.0,976.2636108398438,2573082
2015-05-12,1280.0,1282.5,1256.5,1261.449951171875,963.62109375,2467386
2015-05-13,1273.5,1273.5,1240.2249755859375,1257.699951171875,960.7564086914062,1863774
2015-05-14,1260.0,1260.0,1242.5,1249.625,954.5877685546875,1309050
2015-05-15,1257.5,1266.199951171875,1250.5,1255.574951171875,959.1331787109375,1461454
2015-05-18,1257.050048828125,1262.625,1248.550048828125,1260.199951171875,962.6660766601562,4507752
2015-05-19,1259.699951171875,1265.0,1248.375,1256.3499755859375,959.725341796875,1957722
2015-05-20,1260.0,1284.949951171875,1258.449951171875,1278.5250244140625,976.6647338867188,1897814
2015-05-21,1278.5,1290.0,1274.074951171875,1277.75,976.0724487304688,1579578
2015-05-22,1275.0,1314.375,1269.625,1308.949951171875,999.9065551757812,2691632
2015-05-25,1310.0,1318.449951171875,1292.8499755859375,1300.5,993.451171875,982978
2015-05-26,1302.5,1311.625,1294.449951171875,1304.425048828125,996.44970703125,1961740
2015-05-27,1304.0,1316.574951171875,1296.0,1307.625,998.894287109375,1620690
2015-05-28,1301.949951171875,1311.5,1291.125,1304.75,996.6981201171875,2763608
2015-05-29,1308.5,1324.300048828125,1298.625,1305.1500244140625,997.0037841796875,4423532
2015-06-01,1304.7249755859375,1323.550048828125,1304.175048828125,1308.875,999.84912109375,882264
2015-06-02,1308.0,1315.0,1295.25,1299.949951171875,993.0313110351562,3935820
2015-06-03,1302.0,1312.800048828125,1295.25,1305.449951171875,997.232666015625,1804684
2015-06-04,1308.550048828125,1311.4000244140625,1294.25,1302.824951171875,995.2269897460938,4131468
2015-06-05,1296.0,1304.5,1285.0,1287.925048828125,992.99169921875,2308534
2015-06-08,1295.0,1295.0,1280.824951171875,1288.7249755859375,993.6083374023438,1570320
2015-06-09,1292.5,1295.0,1275.5,1280.824951171875,987.5174560546875,2578914
2015-06-10,1283.0,1305.0,1281.9000244140625,1300.375,1002.5908203125,2763350
2015-06-11,1302.75,1306.5,1278.375,1285.6500244140625,991.2379150390625,1847336
2015-06-12,1285.949951171875,1294.4749755859375,1238.4000244140625,1252.9000244140625,965.9876098632812,2571456
2015-06-15,1252.6500244140625,1260.2249755859375,1240.5,1252.4000244140625,965.6016235351562,2525176
2015-06-16,1250.0,1259.6500244140625,1247.2249755859375,1256.0,968.3775024414062,1267396
2015-06-17,1260.5,1264.574951171875,1250.9000244140625,1256.9000244140625,969.0714721679688,1975720
2015-06-18,1257.5,1273.1500244140625,1254.0,1265.0250244140625,975.3356323242188,2165046
2015-06-19,1267.5,1277.5,1263.550048828125,1274.7750244140625,982.8526000976562,1999610
2015-06-22,1273.5,1300.0,1273.5,1295.75,999.0244750976562,1102002
2015-06-23,1300.0,1304.0,1283.5999755859375,1287.300048828125,992.5097045898438,898318
2015-06-24,1290.0,1293.949951171875,1279.425048828125,1285.1500244140625,990.85205078125,1170246
2015-06-25,1281.0,1286.5,1272.074951171875,1275.0,983.0264282226562,1930992
2015-06-26,1275.0999755859375,1298.175048828125,1275.0999755859375,1296.4000244140625,999.52587890625,1290102
2015-06-29,1286.0,1302.0,1271.699951171875,1296.449951171875,999.5643920898438,1372756
2015-06-30,1292.5,1294.375,1270.0,1275.4749755859375,983.3922729492188,1549952
2015-07-01,1281.949951171875,1304.0,1278.375,1296.550048828125,999.6415405273438,1279708
2015-07-02,1300.0,1301.4749755859375,1285.5250244140625,1288.875,993.7236938476562,1445880
2015-07-03,1286.5250244140625,1305.0,1285.0,1301.949951171875,1003.8048706054688,963470
2015-07-06,1290.1500244140625,1322.5,1290.1500244140625,1316.6500244140625,1015.1382446289062,1182338
2015-07-07,1316.375,1323.449951171875,1301.5,1308.125,1008.566162109375,1642836
2015-07-08,1298.9749755859375,1310.8499755859375,1290.25,1297.550048828125,1000.4124145507812,2667850
2015-07-09,1297.5,1299.125,1253.324951171875,1261.25,972.425048828125,3934122
2015-07-10,1279.5,1279.5,1227.5,1237.175048828125,953.86328125,8263654
2015-07-13,1237.699951171875,1259.300048828125,1237.699951171875,1254.7750244140625,967.4329223632812,2280308
2015-07-14,1255.5,1257.5,1245.0,1249.75,963.5587158203125,1703274
2015-07-15,1250.5,1274.9749755859375,1250.0,1272.875,981.3881225585938,2003660
2015-07-16,1271.8499755859375,1279.425048828125,1263.300048828125,1270.0999755859375,979.2484741210938,1456608
2015-07-17,1273.4000244140625,1285.050048828125,1271.6500244140625,1282.199951171875,988.57763671875,1070526
2015-07-20,1282.0,1291.949951171875,1275.949951171875,1289.574951171875,996.4005126953125,853786
2015-07-21,1288.0,1300.175048828125,1277.550048828125,1280.699951171875,989.54345703125,1274500
2015-07-22,1280.5,1284.5,1260.5250244140625,1264.0250244140625,976.6592407226562,1320628
2015-07-23,1258.75,1268.925048828125,1241.5,1244.300048828125,961.4186401367188,1496780
2015-07-24,1248.75,1258.25,1246.050048828125,1252.574951171875,967.8118896484375,1574972
2015-07-27,1244.0,1252.5,1240.574951171875,1248.5250244140625,964.683349609375,2003738
2015-07-28,1249.75,1259.5,1246.074951171875,1251.0250244140625,966.6146850585938,1891188
2015-07-29,1255.5,1257.5250244140625,1241.75,1253.375,968.430419921875,2413318
2015-07-30,1258.0250244140625,1258.4000244140625,1236.4000244140625,1240.324951171875,958.3472900390625,2770574
2015-07-31,1244.949951171875,1259.5,1243.5,1255.375,969.9758911132812,1963776
2015-08-03,1251.699951171875,1262.5,1250.449951171875,1254.800048828125,969.5316162109375,1179324
2015-08-04,1255.199951171875,1261.5,1243.0,1254.449951171875,969.2608642578125,2342692
2015-08-05,1260.0,1275.0,1255.5,1273.574951171875,984.0382080078125,988994
2015-08-06,1282.5,1291.5,1275.050048828125,1286.6500244140625,994.140869140625,2211366
2015-08-07,1286.5,1286.5,1273.5,1276.0250244140625,985.9312744140625,1188506
2015-08-10,1286.0,1294.5,1278.300048828125,1286.050048828125,993.6771240234375,1431182
2015-08-11,1289.0,1305.0,1271.050048828125,1302.0999755859375,1006.0784301757812,2200306
2015-08-12,1301.550048828125,1345.699951171875,1301.0,1335.8499755859375,1032.1556396484375,3479784
2015-08-13,1335.0,1342.0,1278.0,1317.800048828125,1018.2093505859375,1406426
2015-08-14,1319.0,1359.675048828125,1318.550048828125,1351.5999755859375,1044.3245849609375,2293964
2015-08-17,1345.050048828125,1348.4000244140625,1327.5,1342.375,1037.1968994140625,773644
2015-08-18,1353.449951171875,1374.949951171875,1345.0,1370.449951171875,1058.8896484375,1916926
2015-08-19,1375.0,1376.425048828125,1360.949951171875,1366.800048828125,1056.069580078125,1690070
2015-08-20,1372.5,1372.5,1336.0,1343.425048828125,1038.008544921875,2349298
2015-08-21,1356.0,1364.949951171875,1327.550048828125,1338.074951171875,1033.875,3536080
2015-08-24,1319.5,1322.5,1284.550048828125,1289.324951171875,996.2074584960938,4692344
2015-08-25,1293.949951171875,1311.0,1267.75,1283.574951171875,991.7648315429688,3925800
2015-08-26,1279.0250244140625,1319.5,1255.9749755859375,1288.375,995.4733276367188,3216158
2015-08-27,1307.449951171875,1307.449951171875,1272.9000244140625,1287.324951171875,994.6622924804688,5264798
2015-08-28,1304.5,1304.5,1278.8499755859375,1285.425048828125,993.1940307617188,2744152
2015-08-31,1295.0,1295.0,1265.5250244140625,1282.0250244140625,990.5672607421875,3692044
2015-09-01,1278.0,1305.5999755859375,1265.0,1268.699951171875,980.2714233398438,2987602
2015-09-02,1279.8499755859375,1310.2249755859375,1274.0,1295.9000244140625,1001.2877197265625,3765950
2015-09-03,1298.050048828125,1307.5,1288.125,1302.800048828125,1006.6192016601562,2265074
2015-09-04,1305.699951171875,1307.449951171875,1269.574951171875,1273.7249755859375,984.153564453125,2426396
2015-09-07,1276.5,1279.9749755859375,1266.3499755859375,1269.875,981.1796875,1759184
2015-09-08,1272.5,1282.050048828125,1261.75,1270.1500244140625,981.3917846679688,1787746
2015-09-09,1281.4749755859375,1287.0,1272.0,1274.875,985.042724609375,2045076
2015-09-10,1271.0,1289.25,1263.5,1272.699951171875,983.362060546875,2665818
2015-09-11,1273.25,1284.199951171875,1270.300048828125,1276.0,985.911865234375,1592672
2015-09-14,1282.5,1282.5,1271.5,1275.824951171875,985.7764282226562,1589318
2015-09-15,1275.824951171875,1279.449951171875,1268.0,1268.625,980.2135009765625,1379900
2015-09-16,1277.5,1282.5,1270.5250244140625,1275.175048828125,985.2747192382812,1756816
2015-09-18,1282.5,1293.0,1269.5,1275.625,985.6219482421875,2455294
2015-09-21,1275.0,1278.550048828125,1266.5999755859375,1275.5250244140625,985.5450439453125,1108840
2015-09-22,1278.75,1286.199951171875,1245.0,1263.4000244140625,976.1762084960938,2081246
2015-09-23,1267.1500244140625,1278.875,1256.300048828125,1266.324951171875,978.4363403320312,1228352
2015-09-24,1267.75,1295.0,1264.949951171875,1290.199951171875,996.8834838867188,2354254
2015-09-28,1297.0,1309.5,1289.75,1296.8499755859375,1002.022216796875,2366812
2015-09-29,1291.675048828125,1317.0,1284.925048828125,1294.125,999.9161987304688,3325952
2015-09-30,1321.8499755859375,1321.8499755859375,1285.4749755859375,1294.0250244140625,999.8392944335938,3368336
2015-10-01,1299.5,1324.9749755859375,1296.0999755859375,1322.300048828125,1021.6860961914062,2834408
2015-10-05,1326.3499755859375,1385.0,1326.3499755859375,1355.824951171875,1047.589111328125,4807306
2015-10-06,1362.5,1363.0,1342.0,1350.0,1043.08837890625,3979590
2015-10-07,1346.9749755859375,1358.5,1323.4749755859375,1326.9749755859375,1025.297607421875,2065530
2015-10-08,1335.0,1339.175048828125,1310.0,1316.9000244140625,1017.5137939453125,2357550
2015-10-09,1325.25,1325.300048828125,1304.0,1314.824951171875,1015.9100341796875,2249724
2015-10-12,1327.5,1330.175048828125,1293.5,1296.300048828125,1001.5967407226562,2455912
2015-10-13,1301.4000244140625,1306.0,1283.800048828125,1299.2750244140625,1003.8955078125,6179712
2015-10-14,1274.0,1274.0,1240.0,1241.8499755859375,959.5255126953125,8337128
2015-10-15,1245.0,1251.75,1232.5,1233.875,953.363525390625,3215710
2015-10-16,1240.449951171875,1246.0,1235.0,1236.0,955.0054321289062,2333828
2015-10-19,1245.0,1247.4749755859375,1227.925048828125,1244.375,961.4766845703125,3130642
2015-10-20,1248.125,1265.0,1247.800048828125,1263.375,976.1571044921875,2695084
2015-10-21,1267.5,1271.0,1261.125,1265.0,977.4129028320312,1929688
2015-10-23,1274.0,1274.0,1263.6500244140625,1268.574951171875,982.3104248046875,2335398
2015-10-26,1274.5,1274.5,1257.550048828125,1268.2750244140625,982.0778198242188,1414630
2015-10-27,1265.0250244140625,1272.449951171875,1260.175048828125,1265.550048828125,979.9679565429688,1530420
2015-10-28,1255.0250244140625,1266.7750244140625,1255.0250244140625,1264.550048828125,979.1936645507812,1255342
2015-10-29,1266.7750244140625,1267.699951171875,1245.0250244140625,1247.675048828125,966.12646484375,3130316
2015-10-30,1250.0,1255.949951171875,1242.5,1247.5999755859375,966.068603515625,1516696
2015-11-02,1250.0,1261.4000244140625,1243.7750244140625,1258.675048828125,974.6442260742188,1319294
2015-11-03,1264.0,1273.9000244140625,1259.25,1271.7249755859375,984.74951171875,1364906
2015-11-04,1272.5,1273.5999755859375,1260.0,1266.9000244140625,981.0137329101562,991434
2015-11-05,1265.4000244140625,1267.4749755859375,1240.0,1241.324951171875,961.2096557617188,1596098
2015-11-06,1246.0,1259.125,1241.7249755859375,1252.875,970.1530151367188,908024
2015-11-09,1247.5,1251.375,1234.300048828125,1235.675048828125,956.834716796875,2021556
2015-11-10,1236.4749755859375,1238.5,1225.0,1229.074951171875,951.7238159179688,1361920
2015-11-13,1219.0250244140625,1219.0250244140625,1193.2750244140625,1198.699951171875,928.2032470703125,2743232
2015-11-16,1195.0,1195.0,1178.0,1187.300048828125,919.375732421875,2043528
2015-11-17,1190.25,1199.2249755859375,1187.5,1195.2750244140625,925.5509643554688,1985028
2015-11-18,1194.449951171875,1194.449951171875,1173.0,1175.7249755859375,910.4127807617188,1520352
2015-11-19,1182.675048828125,1190.800048828125,1176.0,1181.2750244140625,914.71044921875,1866906
2015-11-20,1183.25,1211.7750244140625,1180.9749755859375,1199.175048828125,928.5712280273438,2012126
2015-11-23,1202.6500244140625,1206.699951171875,1191.125,1195.5250244140625,925.7449340820312,1088082
2015-11-24,1190.0250244140625,1196.2249755859375,1182.75,1183.9749755859375,916.8008422851562,998640
2015-11-26,1188.949951171875,1191.199951171875,1168.925048828125,1172.7750244140625,908.1282958984375,2915292
2015-11-27,1174.0,1179.7249755859375,1166.25,1176.675048828125,911.1482543945312,1737206
2015-11-30,1182.5,1195.625,1175.074951171875,1186.7750244140625,918.968994140625,4100048
2015-12-01,1181.449951171875,1189.0250244140625,1178.5250244140625,1180.949951171875,914.4586791992188,1721994
2015-12-02,1189.0,1189.050048828125,1173.25,1182.5999755859375,915.736328125,1640296
2015-12-03,1180.0,1186.5,1173.5,1175.375,910.1419677734375,2283358
2015-12-04,1170.0,1173.6500244140625,1160.550048828125,1164.199951171875,901.4884033203125,1246092
2015-12-07,1166.0999755859375,1171.949951171875,1157.625,1159.9000244140625,898.1586303710938,1382604
2015-12-08,1159.699951171875,1174.5,1158.6500244140625,1164.5,901.720703125,1139964
2015-12-09,1168.949951171875,1186.4000244140625,1160.0,1183.824951171875,916.6847534179688,5282806
2015-12-10,1184.5,1195.5999755859375,1176.0,1192.2750244140625,923.2283325195312,1723988
2015-12-11,1191.5,1195.9749755859375,1181.625,1193.0,923.7894897460938,1652378
2015-12-14,1167.5999755859375,1193.5,1165.300048828125,1189.2249755859375,920.8665771484375,2718532
2015-12-15,1189.2249755859375,1192.5,1181.5250244140625,1187.925048828125,919.8599243164062,1135868
2015-12-16,1192.0,1207.25,1192.0,1204.199951171875,932.4620361328125,1435934
2015-12-17,1207.5,1222.5,1196.675048828125,1219.875,944.6001586914062,1618844
2015-12-18,1210.0,1217.0999755859375,1200.324951171875,1208.4000244140625,935.7144165039062,3024970
2015-12-21,1209.9749755859375,1225.0,1203.425048828125,1223.199951171875,947.1746826171875,1610104
2015-12-22,1220.0,1220.0,1200.0,1202.5250244140625,931.1654052734375,1560858
2015-12-23,1207.5,1217.5,1205.2750244140625,1212.9000244140625,939.1986083984375,849834
2015-12-24,1210.5,1219.0999755859375,1202.0,1217.125,942.4705810546875,843160
2015-12-28,1214.0,1233.199951171875,1210.0999755859375,1231.3499755859375,953.4852294921875,3704198
2015-12-29,1229.175048828125,1232.6500244140625,1222.875,1227.9000244140625,950.8140258789062,1708524
2015-12-30,1226.5250244140625,1229.5,1206.1500244140625,1209.1500244140625,936.2952880859375,1605762
2015-12-31,1207.875,1224.25,1203.75,1218.425048828125,943.4771118164062,1240318
2016-01-01,1219.5,1219.5,1206.125,1208.199951171875,935.5596923828125,712262
2016-01-04,1205.074951171875,1207.0,1183.0250244140625,1184.800048828125,917.43994140625,1870184
2016-01-05,1192.5,1193.300048828125,1170.5,1174.4749755859375,909.4449462890625,2678020
2016-01-06,1175.0999755859375,1193.074951171875,1175.0999755859375,1190.800048828125,922.086181640625,2653228
2016-01-07,1185.0,1191.449951171875,1180.0,1185.625,918.0785522460938,3199580
2016-01-08,1192.5,1203.675048828125,1186.25,1198.800048828125,928.2808837890625,1907544
2016-01-11,1191.25,1192.0,1174.425048828125,1181.175048828125,914.633056640625,2930228
2016-01-12,1181.3499755859375,1182.5,1150.800048828125,1163.5250244140625,900.9660034179688,3482594
2016-01-13,1158.5,1163.5,1127.550048828125,1139.5999755859375,882.4396362304688,4746092
2016-01-14,1136.5,1149.449951171875,1125.0,1139.4000244140625,882.2849731445312,2742052
2016-01-15,1144.425048828125,1145.8499755859375,1127.5,1130.550048828125,875.4317626953125,3269408
2016-01-18,1131.0,1145.949951171875,1130.0,1138.824951171875,881.8395385742188,2213922
2016-01-19,1138.5,1150.0,1134.1500244140625,1139.6500244140625,882.4784545898438,967910
2016-01-20,1136.9000244140625,1142.5,1121.5,1140.050048828125,882.7880249023438,1615954
2016-01-21,1142.5,1144.949951171875,1122.875,1127.25,874.9873046875,2675536
2016-01-22,1136.5,1151.0250244140625,1130.0,1147.875,890.9963989257812,1343178
2016-01-25,1150.949951171875,1169.5,1145.75,1152.324951171875,894.450439453125,1397560
2016-01-27,1151.0,1164.9749755859375,1140.949951171875,1159.875,900.3112182617188,1626986
2016-01-28,1157.75,1174.449951171875,1154.0250244140625,1165.5999755859375,904.7551879882812,3106660
2016-01-29,1179.3499755859375,1200.0,1167.5250244140625,1195.6500244140625,928.080078125,2235744
2016-02-01,1195.550048828125,1206.4749755859375,1179.5,1201.3499755859375,932.5045776367188,1495274
2016-02-02,1204.5,1216.5,1189.8499755859375,1199.050048828125,930.7193603515625,1475588
2016-02-03,1193.75,1214.949951171875,1180.1500244140625,1208.1500244140625,937.7828979492188,1308692
2016-02-04,1210.949951171875,1220.0,1201.0,1210.0250244140625,939.23828125,1250046
2016-02-05,1204.050048828125,1219.9749755859375,1204.050048828125,1210.9749755859375,939.9761352539062,1402996
2016-02-08,1200.0,1206.0250244140625,1173.5,1181.4749755859375,917.0772705078125,1063658
2016-02-09,1166.800048828125,1166.800048828125,1127.800048828125,1140.699951171875,885.4273681640625,2489610
2016-02-10,1137.5,1144.949951171875,1129.050048828125,1134.4000244140625,880.5371704101562,1890732
2016-02-11,1140.0,1144.5,1085.824951171875,1098.9749755859375,853.039794921875,1962408
2016-02-12,1100.0,1121.699951171875,1082.0,1113.300048828125,864.158935546875,2172568
2016-02-15,1125.0,1153.425048828125,1120.0,1134.574951171875,880.6728515625,2479712
2016-02-16,1133.0,1141.0,1121.5,1132.7750244140625,879.2759399414062,1588702
2016-02-17,1132.5,1139.824951171875,1123.199951171875,1137.7750244140625,883.1565551757812,1585178
2016-02-18,1142.5,1159.875,1139.0,1157.925048828125,898.797607421875,1529140
2016-02-19,1153.675048828125,1163.5,1152.7249755859375,1159.824951171875,900.272216796875,879012
2016-02-22,1160.125,1171.5,1152.5,1157.949951171875,898.8165893554688,1324884
2016-02-23,1155.125,1159.949951171875,1128.375,1132.0,878.6740112304688,1306852
2016-02-24,1131.2249755859375,1131.2249755859375,1100.5999755859375,1105.4749755859375,858.0851440429688,1659328
2016-02-25,1109.9000244140625,1114.0,1092.824951171875,1106.425048828125,858.8225708007812,1830556
2016-02-26,1114.8499755859375,1128.449951171875,1099.800048828125,1105.25,857.9105224609375,1537536
2016-02-29,1118.5,1118.5,1057.5,1088.4000244140625,844.83154296875,2191718
2016-03-01,1096.5,1142.550048828125,1081.0,1138.324951171875,883.5835571289062,1999760
2016-03-02,1152.5,1165.0,1128.125,1159.425048828125,899.9617309570312,1527486
2016-03-03,1168.0,1195.5,1150.5,1186.574951171875,921.0361328125,2648284
2016-03-04,1190.0,1190.0,1174.7750244140625,1178.7750244140625,914.9818115234375,1512966
2016-03-08,1171.050048828125,1183.5,1152.0999755859375,1177.1500244140625,913.7203979492188,1268152
2016-03-09,1170.5,1184.699951171875,1147.574951171875,1178.625,914.8650512695312,2017784
2016-03-10,1178.0250244140625,1179.925048828125,1157.4749755859375,1174.1500244140625,911.3917236328125,1661666
2016-03-11,1170.0,1195.425048828125,1167.5,1182.625,917.969970703125,1530528
2016-03-14,1181.0,1199.0,1170.0,1177.5,913.9917602539062,1636742
2016-03-15,1174.5250244140625,1181.75,1160.050048828125,1164.949951171875,904.2505493164062,1623356
2016-03-16,1157.5,1166.0,1153.449951171875,1163.5250244140625,903.14453125,1918246
2016-03-17,1167.0,1180.9000244140625,1166.0,1176.0250244140625,912.8467407226562,2221088
2016-03-18,1180.0,1215.0,1180.0,1212.925048828125,941.4892578125,3204070
2016-03-21,1213.0,1227.4749755859375,1210.0,1223.125,949.40673828125,2336982
2016-03-22,1221.0,1242.5,1218.25,1236.550048828125,959.8272094726562,1951984
2016-03-23,1243.949951171875,1243.949951171875,1228.6500244140625,1236.9000244140625,960.09912109375,2278434
2016-03-28,1245.5,1258.574951171875,1230.7750244140625,1236.699951171875,959.9437255859375,3320882
2016-03-29,1239.0,1243.4749755859375,1227.5,1234.699951171875,958.3912963867188,1838796
2016-03-30,1235.449951171875,1252.5,1230.0,1244.75,966.1920166015625,2136504
2016-03-31,1239.1500244140625,1275.0,1236.074951171875,1260.1500244140625,978.1461791992188,4363964
2016-04-01,1252.5,1260.425048828125,1217.050048828125,1226.949951171875,952.3757934570312,3041400
2016-04-04,1228.0,1244.0,1223.5,1235.625,959.1090087890625,1752352
2016-04-05,1235.4000244140625,1242.449951171875,1221.0250244140625,1231.375,955.8106079101562,1491794
2016-04-06,1235.0,1244.5,1229.675048828125,1240.949951171875,963.2427368164062,1763150
2016-04-07,1240.0,1242.3499755859375,1228.5,1235.4000244140625,958.934814453125,2390942
2016-04-08,1233.0,1236.8499755859375,1213.5,1216.0250244140625,943.8955688476562,1399500
2016-04-11,1216.5,1258.5,1206.5,1253.324951171875,972.8486328125,2400648
2016-04-12,1249.0,1262.5,1244.050048828125,1259.074951171875,977.3115844726562,1303628
2016-04-13,1265.0,1272.5,1256.25,1263.0999755859375,980.4357299804688,1601468
2016-04-18,1226.5,1276.75,1220.0,1259.875,977.9326782226562,7121504
2016-04-20,1267.449951171875,1267.449951171875,1220.0,1225.175048828125,950.997802734375,6405024
2016-04-21,1225.5,1233.699951171875,1206.0999755859375,1212.199951171875,940.9263916015625,2525724
2016-04-22,1209.5,1217.699951171875,1202.0999755859375,1208.5250244140625,938.07421875,1964126
2016-04-25,1201.1500244140625,1228.5250244140625,1201.1500244140625,1225.625,951.3474731445312,2267654
2016-04-26,1224.5,1246.75,1221.0,1244.9000244140625,966.30908203125,2554368
2016-04-27,1240.0,1257.300048828125,1237.949951171875,1255.550048828125,974.5753784179688,1848670
2016-04-28,1250.6500244140625,1270.0,1249.050048828125,1263.875,981.0372924804688,4992744
2016-04-29,1258.5,1271.0,1255.0,1267.75,984.0453491210938,2372178
2016-05-02,1264.5,1265.0,1250.0,1263.3499755859375,980.6296997070312,1116692
2016-05-03,1262.5,1265.0,1236.0,1239.050048828125,961.7677612304688,2153118
2016-05-04,1236.949951171875,1247.0250244140625,1228.5,1239.0,961.7293090820312,1364892
2016-05-05,1239.0,1244.9749755859375,1231.7750244140625,1235.1500244140625,958.7409057617188,1246566
2016-05-06,1232.5,1242.1500244140625,1215.5,1236.699951171875,959.9437255859375,885598
2016-05-09,1236.699951171875,1259.0,1228.199951171875,1256.2750244140625,975.1380004882812,1821276
2016-05-10,1257.5,1266.9749755859375,1248.0,1261.449951171875,979.1548461914062,1158534
2016-05-11,1250.0,1262.800048828125,1245.0,1259.1500244140625,977.369873046875,1598716
2016-05-12,1260.2750244140625,1284.949951171875,1260.2750244140625,1283.0999755859375,995.9598999023438,1513082
2016-05-13,1282.5,1283.0,1255.074951171875,1261.699951171875,979.3491821289062,1621730
2016-05-16,1269.0,1282.4000244140625,1261.25,1275.574951171875,990.1190795898438,1111526
2016-05-17,1282.0999755859375,1295.625,1276.0,1285.0999755859375,997.5125732421875,1756698
2016-05-18,1282.925048828125,1282.925048828125,1263.0250244140625,1275.550048828125,990.0997924804688,1500740
2016-05-19,1277.5,1280.0,1263.050048828125,1278.4749755859375,992.369873046875,1038792
2016-05-20,1271.1500244140625,1282.9000244140625,1261.4000244140625,1264.6500244140625,981.6388549804688,1230918
2016-05-23,1272.0,1272.949951171875,1240.0999755859375,1245.7249755859375,966.9490356445312,1533016
2016-05-24,1242.0,1244.125,1229.800048828125,1233.8499755859375,957.731689453125,1339158
2016-05-25,1240.5,1266.4749755859375,1240.5,1263.2249755859375,980.5330200195312,1548678
2016-05-26,1265.0,1282.449951171875,1252.550048828125,1274.3499755859375,989.1681518554688,1943248
2016-05-27,1276.574951171875,1289.925048828125,1275.300048828125,1286.324951171875,998.4630737304688,1104676
2016-05-30,1291.5,1320.9749755859375,1291.0,1318.199951171875,1023.2054443359375,1349464
2016-05-31,1320.0,1323.5,1281.0,1284.699951171875,997.201904296875,3722608
2016-06-01,1285.5999755859375,1322.5,1285.5,1316.7750244140625,1022.0991821289062,1911942
2016-06-02,1300.0,1327.1500244140625,1300.0,1325.074951171875,1028.5416259765625,1408756
2016-06-03,1325.699951171875,1329.0,1310.25,1314.7750244140625,1020.5468139648438,1554922
2016-06-06,1310.25,1319.5,1301.5999755859375,1306.25,1024.4483642578125,1322026
2016-06-07,1307.0,1319.5,1306.5,1315.574951171875,1031.7615966796875,1202194
2016-06-08,1308.625,1314.2750244140625,1302.75,1306.550048828125,1024.6834716796875,938266
2016-06-09,1311.199951171875,1311.199951171875,1277.5999755859375,1288.625,1010.6257934570312,1562138
2016-06-10,1283.0,1301.625,1276.5999755859375,1277.875,1002.194580078125,1396832
2016-06-13,1270.0,1276.675048828125,1259.0,1273.5,998.7637329101562,1029978
2016-06-14,1279.4749755859375,1279.4749755859375,1259.125,1267.425048828125,993.9991455078125,977570
2016-06-15,1265.0,1282.449951171875,1261.0,1278.425048828125,1002.626220703125,1270844
2016-06-16,1272.7750244140625,1282.3499755859375,1258.2249755859375,1279.1500244140625,1003.1945190429688,1145070
2016-06-17,1279.5,1305.0,1279.5,1301.300048828125,1020.5659790039062,1878988
2016-06-20,1301.300048828125,1334.0,1295.9000244140625,1329.6500244140625,1042.800537109375,1872838
2016-06-21,1331.75,1332.5,1320.699951171875,1325.5999755859375,1039.6239013671875,1027690
2016-06-22,1325.0,1338.8499755859375,1315.875,1333.824951171875,1046.0743408203125,1761712
2016-06-23,1327.5,1329.75,1312.6500244140625,1322.675048828125,1037.330078125,1397014
2016-06-24,1282.574951171875,1296.5999755859375,1257.074951171875,1286.9749755859375,1009.3317260742188,3766586
2016-06-27,1273.5,1273.5,1241.324951171875,1247.925048828125,978.7060546875,4272566
2016-06-28,1247.925048828125,1251.449951171875,1229.199951171875,1231.9749755859375,966.1971435546875,4499524
2016-06-29,1237.5,1256.25,1232.6500244140625,1251.449951171875,981.470703125,2531264
2016-06-30,1261.0,1281.449951171875,1250.175048828125,1276.550048828125,1001.1557006835938,5121812
2016-07-01,1281.0,1282.300048828125,1247.175048828125,1250.425048828125,980.6665649414062,2197296
2016-07-04,1258.0,1262.925048828125,1241.0,1247.0999755859375,978.0587158203125,1883484
2016-07-05,1247.0999755859375,1248.5250244140625,1238.574951171875,1242.6500244140625,974.5690307617188,1559748
2016-07-07,1243.8499755859375,1245.925048828125,1212.5,1214.9000244140625,952.8056030273438,3316800
2016-07-08,1217.5,1221.0250244140625,1201.75,1213.300048828125,951.55078125,2456356
2016-07-11,1215.0,1235.9000244140625,1213.5,1232.074951171875,966.2752685546875,1543632
2016-07-12,1235.8499755859375,1237.5,1217.925048828125,1232.4749755859375,966.5891723632812,1465536
2016-07-13,1239.0,1249.625,1225.625,1246.550048828125,977.6278076171875,2102300
2016-07-14,1243.0,1264.5,1235.5,1260.949951171875,988.9212036132812,2699988
2016-07-15,1258.5,1263.9000244140625,1213.2750244140625,1222.675048828125,958.9032592773438,8336366
2016-07-18,1223.5,1234.5,1215.300048828125,1216.7249755859375,954.2368774414062,2598850
2016-07-19,1213.75,1236.4000244140625,1213.75,1233.0999755859375,967.0792846679688,2362896
2016-07-20,1225.0,1251.25,1224.074951171875,1247.4749755859375,978.35302734375,2815252
2016-07-21,1244.75,1259.75,1232.2249755859375,1253.0250244140625,982.705810546875,2527148
2016-07-22,1249.449951171875,1262.0,1246.0,1257.550048828125,986.2545776367188,1517216
2016-07-25,1256.0,1281.5999755859375,1252.9000244140625,1279.4749755859375,1006.049560546875,1688796
2016-07-26,1279.4749755859375,1284.0,1266.5,1276.300048828125,1003.553466796875,2311290
2016-07-27,1277.5,1290.199951171875,1272.5,1288.7750244140625,1013.362548828125,1750510
2016-07-28,1290.25,1314.7750244140625,1288.5250244140625,1309.625,1029.756591796875,4632080
2016-07-29,1307.0,1317.449951171875,1299.5,1309.6500244140625,1029.776611328125,2488084
2016-08-01,1316.0,1362.5,1316.0,1354.125,1064.746826171875,3961704
2016-08-02,1351.449951171875,1357.8499755859375,1344.9000244140625,1349.5999755859375,1061.1888427734375,2578162
2016-08-03,1343.0,1349.5,1324.5250244140625,1328.1500244140625,1044.32275390625,2294702
2016-08-04,1335.0,1341.4749755859375,1318.125,1326.0,1042.63232421875,1415416
2016-08-05,1336.949951171875,1342.1500244140625,1316.0,1324.550048828125,1041.491943359375,1868484
2016-08-08,1320.0,1334.0,1314.5250244140625,1324.75,1041.6494140625,2058244
2016-08-09,1329.0,1329.9000244140625,1289.425048828125,1325.0999755859375,1041.9248046875,2261914
2016-08-10,1325.5,1341.0,1324.0,1337.699951171875,1051.8316650390625,2062078
2016-08-11,1332.7750244140625,1357.5,1332.7750244140625,1354.949951171875,1065.3955078125,2233138
2016-08-12,1352.5,1372.4000244140625,1351.0250244140625,1369.2249755859375,1076.6201171875,2327358
2016-08-16,1369.0,1370.0,1336.925048828125,1345.8499755859375,1058.2401123046875,3183754
2016-08-17,1349.5,1349.5,1309.0,1312.2750244140625,1031.84033203125,1848566
2016-08-18,1317.5,1328.7750244140625,1315.050048828125,1319.2750244140625,1037.3447265625,1292064
2016-08-19,1320.0,1323.2249755859375,1300.0,1301.75,1023.5646362304688,2416244
2016-08-22,1294.0,1297.2249755859375,1268.1500244140625,1274.3499755859375,1002.0198974609375,2265274
2016-08-23,1272.4749755859375,1302.4749755859375,1270.0999755859375,1300.5250244140625,1022.6012573242188,1503374
2016-08-24,1294.9000244140625,1301.0,1284.5250244140625,1286.0250244140625,1011.2003173828125,1116878
2016-08-25,1290.0,1294.8499755859375,1263.0,1275.5250244140625,1002.9434814453125,1939690
2016-08-26,1279.9000244140625,1286.2750244140625,1258.5999755859375,1262.4749755859375,992.6820678710938,1250314
2016-08-29,1267.4749755859375,1267.4749755859375,1233.375,1250.2750244140625,983.08984375,1488728
2016-08-30,1255.0,1274.9000244140625,1250.625,1272.074951171875,1000.23095703125,1444026
2016-08-31,1275.0,1275.0,1250.425048828125,1255.6500244140625,987.3158569335938,3231668
2016-09-01,1262.449951171875,1267.4749755859375,1243.5250244140625,1253.75,985.8222045898438,1345736
2016-09-02,1256.0,1259.699951171875,1248.0250244140625,1257.4000244140625,988.6919555664062,1742330
2016-09-06,1259.949951171875,1260.074951171875,1240.0,1242.0250244140625,976.6025390625,2239066
2016-09-07,1249.8499755859375,1249.8499755859375,1211.5,1220.2750244140625,959.5009765625,3854040
2016-09-08,1180.0,1180.0,1142.375,1161.050048828125,912.93212890625,7021516
2016-09-09,1164.8499755859375,1183.324951171875,1160.0250244140625,1176.2249755859375,924.8643188476562,2742438
2016-09-12,1168.5,1181.9749755859375,1162.0,1179.5250244140625,927.4593505859375,2024454
2016-09-14,1181.0,1188.800048828125,1155.0,1164.2249755859375,915.4288940429688,2069858
2016-09-15,1169.9749755859375,1171.050048828125,1158.375,1163.4749755859375,914.8389892578125,2818964
2016-09-16,1168.3499755859375,1188.0,1160.0,1180.8499755859375,928.5009155273438,4358004
2016-09-19,1182.5,1213.5,1175.0,1205.7249755859375,948.060546875,2802546
2016-09-20,1205.5,1208.449951171875,1192.699951171875,1203.25,946.1141357421875,1184552
2016-09-21,1203.8499755859375,1212.0,1200.3499755859375,1206.699951171875,948.8267211914062,1678020
2016-09-22,1212.625,1214.0,1185.550048828125,1189.0,934.9091796875,2857574
2016-09-23,1191.0,1201.925048828125,1185.574951171875,1199.050048828125,942.8118286132812,1800726
2016-09-26,1200.550048828125,1209.550048828125,1197.5,1200.550048828125,943.9913330078125,1753476
2016-09-27,1200.550048828125,1224.0,1200.550048828125,1218.050048828125,957.75146484375,2038792
2016-09-28,1215.5,1218.75,1207.5999755859375,1211.5250244140625,952.6206665039062,1731328
2016-09-29,1217.5,1228.25,1209.800048828125,1218.9000244140625,958.41943359375,3603958
2016-09-30,1218.5250244140625,1224.9000244140625,1211.550048828125,1215.4000244140625,955.6676635742188,2175364
2016-10-03,1225.0,1228.824951171875,1200.550048828125,1205.8499755859375,948.1583862304688,1818880
2016-10-04,1210.0,1212.5250244140625,1199.0,1202.574951171875,945.5831909179688,1780718
2016-10-05,1204.0,1207.699951171875,1188.050048828125,1193.175048828125,938.1920776367188,1176354
2016-10-06,1197.5,1201.199951171875,1186.375,1194.375,939.135986328125,2267572
2016-10-07,1194.0,1194.0,1179.0999755859375,1183.9000244140625,930.899169921875,1816512
2016-10-10,1184.949951171875,1193.449951171875,1177.5250244140625,1190.1500244140625,935.8135986328125,1202142
2016-10-13,1181.6500244140625,1184.949951171875,1160.449951171875,1164.449951171875,915.6057739257812,5173334
2016-10-14,1157.5,1193.5,1145.5,1183.0999755859375,930.2701416015625,7741214
2016-10-17,1184.449951171875,1187.9000244140625,1172.199951171875,1181.2249755859375,928.7955932617188,2728346
2016-10-18,1188.0,1207.8499755859375,1177.4000244140625,1200.0999755859375,943.6370239257812,2128632
2016-10-19,1200.5,1205.0,1185.1500244140625,1197.550048828125,941.6321411132812,1985058
2016-10-20,1198.449951171875,1204.675048828125,1193.0,1200.574951171875,944.0103759765625,1265854
2016-10-21,1200.0,1215.949951171875,1199.125,1214.324951171875,954.8222045898438,1259660
2016-10-24,1214.0999755859375,1217.449951171875,1201.2750244140625,1213.8499755859375,957.010009765625,1253190
2016-10-25,1202.5,1207.300048828125,1190.5,1199.2249755859375,945.4793090820312,1772466
2016-10-26,1199.300048828125,1201.375,1186.25,1198.125,944.6123046875,1437130
2016-10-27,1189.8499755859375,1214.75,1182.75,1209.050048828125,953.225830078125,2941602
2016-10-28,1205.0,1207.550048828125,1194.0,1199.3499755859375,945.578125,1752102
2016-11-01,1199.8499755859375,1199.8499755859375,1167.074951171875,1175.0,926.38037109375,2934776
2016-11-02,1170.5,1172.0,1147.5,1152.0250244140625,908.2669067382812,2325076
2016-11-03,1147.0,1167.5,1142.25,1159.7249755859375,914.33740234375,1463310
2016-11-04,1160.0,1168.074951171875,1147.0,1165.2750244140625,918.7133178710938,1183752
2016-11-07,1168.949951171875,1172.449951171875,1130.0250244140625,1138.5250244140625,897.623291015625,2048052
2016-11-08,1140.2249755859375,1153.5,1130.0,1141.5999755859375,900.04736328125,1933634
2016-11-09,1090.0,1137.5,1071.425048828125,1084.925048828125,855.3645629882812,4500226
2016-11-10,1102.4000244140625,1108.75,1070.4000244140625,1077.7249755859375,849.6881713867188,2172426
2016-11-11,1073.5250244140625,1073.5250244140625,1043.0999755859375,1050.574951171875,828.2827758789062,2398424
2016-11-15,1058.449951171875,1078.7750244140625,1025.949951171875,1060.6500244140625,836.22607421875,6290324
2016-11-16,1072.550048828125,1104.449951171875,1069.0,1094.800048828125,863.1499633789062,4019958
2016-11-17,1092.5,1104.300048828125,1065.074951171875,1068.5999755859375,842.4938354492188,2504688
2016-11-18,1071.0,1075.0,1052.0999755859375,1062.550048828125,837.7236938476562,2140534
2016-11-21,1063.0999755859375,1070.0,1052.5,1066.449951171875,840.798828125,1793366
2016-11-22,1066.0,1088.7249755859375,1061.0250244140625,1067.5,841.6265869140625,1318860
2016-11-23,1074.5,1081.4749755859375,1063.5999755859375,1078.175048828125,850.0427856445312,1275808
2016-11-24,1077.449951171875,1103.800048828125,1068.5,1094.2249755859375,862.6965942382812,3026234
2016-11-25,1106.0,1153.625,1096.0999755859375,1150.175048828125,906.8081665039062,4276148
2016-11-28,1147.0,1159.7249755859375,1125.949951171875,1141.300048828125,899.81103515625,1924296
2016-11-29,1137.5,1146.0,1126.2750244140625,1129.925048828125,890.8428955078125,1442296
2016-11-30,1132.5,1147.375,1121.1500244140625,1138.0250244140625,897.2293090820312,3445832
2016-12-01,1138.5,1145.0,1127.0250244140625,1131.7249755859375,892.261962890625,1123052
2016-12-02,1129.0,1135.4000244140625,1102.5999755859375,1110.925048828125,875.863037109375,1998032
2016-12-05,1114.5,1118.925048828125,1085.0,1093.0,861.7310180664062,2249526
2016-12-06,1095.0,1101.9749755859375,1084.949951171875,1091.175048828125,860.2920532226562,1593444
2016-12-07,1091.0999755859375,1092.2249755859375,1072.824951171875,1077.2750244140625,849.3334350585938,2065706
2016-12-08,1080.25,1099.5,1080.0,1097.875,865.574462890625,3239546
2016-12-09,1102.5,1109.949951171875,1086.6500244140625,1097.625,865.37744140625,1588718
2016-12-12,1097.4000244140625,1108.800048828125,1081.5,1104.0999755859375,870.482421875,1311758
2016-12-13,1109.0,1109.0,1091.5,1100.1500244140625,867.3682250976562,2147534
2016-12-14,1107.0,1112.3499755859375,1094.5,1103.800048828125,870.24560546875,1870366
2016-12-15,1101.0,1136.050048828125,1101.0,1129.6500244140625,890.6260986328125,4295410
2016-12-16,1138.5,1145.0,1126.0,1141.324951171875,899.8306884765625,1987230
2016-12-19,1140.0,1148.8499755859375,1130.6500244140625,1144.449951171875,902.2946166992188,1334210
2016-12-20,1146.0,1172.5,1143.5250244140625,1169.6500244140625,922.16259765625,2922760
2016-12-21,1171.9000244140625,1171.9000244140625,1152.800048828125,1156.800048828125,912.0314331054688,2034902
2016-12-22,1153.0,1162.5,1143.0999755859375,1153.8499755859375,909.70556640625,1868300
2016-12-23,1150.0,1158.875,1139.4000244140625,1144.050048828125,901.9790649414062,1118954
2016-12-26,1133.0,1150.800048828125,1133.0,1146.550048828125,903.9503784179688,897408
2016-12-27,1140.75,1165.0,1140.75,1161.699951171875,915.8945922851562,1294692
2016-12-28,1163.3499755859375,1174.949951171875,1151.574951171875,1156.699951171875,911.9527587890625,1350418
2016-12-29,1151.5,1179.949951171875,1151.5,1175.8499755859375,927.0506591796875,1963516
2016-12-30,1177.449951171875,1189.300048828125,1172.824951171875,1182.7750244140625,932.5106811523438,1405748
2017-01-02,1183.300048828125,1187.550048828125,1176.199951171875,1180.675048828125,930.8545532226562,823132
2017-01-03,1180.625,1185.8499755859375,1171.6500244140625,1184.125,933.5747680664062,1475324
2017-01-04,1184.8499755859375,1194.425048828125,1179.1500244140625,1189.75,938.00927734375,1420066
2017-01-05,1192.0,1194.9749755859375,1160.199951171875,1167.199951171875,920.2306518554688,2216404
2017-01-06,1160.5,1164.675048828125,1128.550048828125,1140.699951171875,899.3379516601562,3009896
2017-01-09,1137.5,1155.6500244140625,1128.5,1151.8499755859375,908.1285400390625,1854578
2017-01-10,1152.0,1164.9000244140625,1145.75,1157.675048828125,912.7212524414062,1533914
2017-01-11,1157.5,1164.800048828125,1140.0999755859375,1162.199951171875,916.2889404296875,1931296
2017-01-12,1162.199951171875,1180.0,1152.0,1172.175048828125,924.1534423828125,2570374
2017-01-13,1174.0,1178.9749755859375,1118.925048828125,1124.6500244140625,886.6844482421875,10235580
2017-01-16,1125.0,1136.949951171875,1114.0,1129.2750244140625,890.3304443359375,3364808
2017-01-17,1127.449951171875,1143.9000244140625,1126.4000244140625,1139.375,898.2933349609375,3009956
2017-01-18,1139.0,1149.0,1132.7249755859375,1147.550048828125,904.7390747070312,3136574
2017-01-19,1147.5,1147.574951171875,1141.4749755859375,1145.5,903.1226196289062,2251676
2017-01-20,1143.5,1150.0,1132.5,1142.675048828125,900.8949584960938,2037246
2017-01-23,1132.5,1156.75,1129.9000244140625,1153.3499755859375,911.9052124023438,2318546
2017-01-24,1152.0,1161.5,1145.0,1159.175048828125,916.5105590820312,2282638
2017-01-25,1161.300048828125,1180.0,1159.0250244140625,1176.5,930.2088012695312,4111648
2017-01-27,1172.5250244140625,1189.375,1172.5250244140625,1178.9000244140625,932.1062622070312,2871658
2017-01-30,1170.5,1175.9749755859375,1159.074951171875,1166.449951171875,922.2628784179688,2577956
2017-01-31,1160.0,1166.0250244140625,1100.0250244140625,1114.9000244140625,881.50439453125,4666804
2017-02-01,1110.0,1119.9749755859375,1077.7750244140625,1083.949951171875,857.0333862304688,4864152
2017-02-02,1085.0250244140625,1109.5,1076.5,1103.824951171875,872.7479858398438,6009482
2017-02-03,1104.8499755859375,1121.5,1095.5,1116.2750244140625,882.5913696289062,2153372
2017-02-06,1129.0,1129.25,1107.4749755859375,1120.375,885.8330688476562,2408910
2017-02-07,1122.0,1126.300048828125,1113.0,1122.300048828125,887.3551635742188,1814638
2017-02-08,1122.449951171875,1141.300048828125,1122.0250244140625,1135.4749755859375,897.7720336914062,2212584
2017-02-09,1137.5,1164.0,1135.0999755859375,1158.6500244140625,916.0958251953125,4033202
2017-02-10,1155.5,1212.2249755859375,1155.5,1198.9749755859375,947.9791870117188,5782160
2017-02-13,1198.0,1214.5,1191.175048828125,1207.125,954.4229125976562,3819812
2017-02-14,1209.824951171875,1209.824951171875,1199.0,1203.125,951.2599487304688,2033328
2017-02-15,1198.5,1214.0,1187.550048828125,1206.8499755859375,954.2055053710938,1924972
2017-02-16,1230.0,1239.0,1217.800048828125,1223.875,967.6661376953125,4175680
2017-02-17,1236.0,1237.800048828125,1201.0,1203.949951171875,951.9121704101562,2723324
2017-02-20,1212.5,1277.5,1204.050048828125,1251.0999755859375,989.1920166015625,3973948
2017-02-21,1257.0,1262.949951171875,1227.574951171875,1232.675048828125,974.6239624023438,5501112
2017-02-22,1232.949951171875,1235.0,1200.074951171875,1205.75,953.335693359375,4505496
2017-02-23,1207.5,1246.625,1207.5,1240.9000244140625,981.1273193359375,4853352
2017-02-27,1239.550048828125,1251.0,1235.0250244140625,1244.925048828125,984.3096923828125,2139892
2017-02-28,1244.75,1245.0,1225.0,1233.125,974.97998046875,2354828
2017-03-01,1239.949951171875,1250.949951171875,1235.0,1239.7750244140625,980.2377319335938,1130374
2017-03-02,1243.3499755859375,1255.0,1235.0250244140625,1250.7249755859375,988.895263671875,1544942
2017-03-03,1246.0,1249.8499755859375,1237.699951171875,1247.0250244140625,985.9697875976562,1013970
2017-03-06,1240.0,1242.0,1227.2750244140625,1236.25,977.4506225585938,1400694
2017-03-07,1241.449951171875,1252.5,1237.5250244140625,1249.9000244140625,988.2431030273438,1511672
2017-03-08,1251.0,1260.0,1246.0999755859375,1256.0999755859375,993.1453247070312,1791510
2017-03-09,1257.074951171875,1262.0,1252.0250244140625,1259.875,996.1297607421875,858468
2017-03-10,1259.800048828125,1274.7750244140625,1256.9749755859375,1271.125,1005.0248413085938,1171420
2017-03-14,1278.4000244140625,1293.574951171875,1275.5250244140625,1283.75,1015.0067138671875,3402294
2017-03-15,1286.0,1286.074951171875,1246.925048828125,1249.1500244140625,987.650146484375,3022496
2017-03-16,1253.0,1263.5,1253.0,1260.449951171875,996.5844116210938,1571818
2017-03-17,1273.0,1273.0,1254.875,1262.875,998.5022583007812,2593152
2017-03-20,1262.9749755859375,1262.9749755859375,1233.0,1240.0,980.415771484375,3487540
2017-03-21,1241.0,1246.0,1232.5,1243.3499755859375,983.0640869140625,3373700
2017-03-22,1240.074951171875,1248.0,1234.9749755859375,1239.4749755859375,980.0003662109375,1888716
2017-03-23,1241.0,1242.5250244140625,1223.5999755859375,1230.175048828125,972.6470947265625,2620638
2017-03-24,1234.9000244140625,1234.9000244140625,1211.6500244140625,1213.5999755859375,959.5421752929688,5099814
2017-03-27,1213.4749755859375,1220.0,1203.0,1206.0250244140625,953.5528564453125,2181270
2017-03-28,1205.0,1221.699951171875,1205.0,1214.9749755859375,960.6294555664062,1153158
2017-03-29,1218.0,1225.4000244140625,1212.800048828125,1222.300048828125,966.4210815429688,1717764
2017-03-30,1222.449951171875,1232.5,1217.5,1220.5,964.9977416992188,2986086
2017-03-31,1219.199951171875,1220.425048828125,1207.5,1215.9000244140625,961.3609008789062,1867044
2017-04-03,1217.5,1217.5,1204.0999755859375,1205.8499755859375,953.4147338867188,1196888
2017-04-05,1209.949951171875,1209.949951171875,1197.5,1200.625,949.283447265625,2905568
2017-04-06,1200.0,1205.0,1196.2750244140625,1200.0250244140625,948.808837890625,1720704
2017-04-07,1197.449951171875,1216.625,1196.074951171875,1214.5250244140625,960.2735595703125,2277012
2017-04-10,1216.0,1224.5,1202.5,1211.125,957.585205078125,2543264
2017-04-11,1208.6500244140625,1221.550048828125,1203.0,1209.6500244140625,956.4189453125,1557784
2017-04-12,1211.25,1214.0,1191.5,1196.625,946.120849609375,1050538
2017-04-13,1200.0,1204.5,1160.5250244140625,1164.324951171875,920.5826416015625,2500472
2017-04-17,1165.199951171875,1166.449951171875,1147.574951171875,1157.425048828125,915.1270141601562,2270882
2017-04-18,1165.0,1167.0999755859375,1151.0250244140625,1154.4000244140625,912.7352905273438,1730620
2017-04-19,1131.75,1174.3499755859375,1126.4000244140625,1149.574951171875,908.9204711914062,5626812
2017-04-20,1152.6500244140625,1166.0,1145.4749755859375,1162.75,919.33740234375,1268842
2017-04-21,1164.550048828125,1167.824951171875,1150.5,1155.4000244140625,913.5260620117188,1161154
2017-04-24,1150.0,1169.824951171875,1141.25,1164.050048828125,920.365234375,2000020
2017-04-25,1164.0,1172.2249755859375,1151.3499755859375,1155.75,913.802734375,3148710
2017-04-26,1170.0,1171.9749755859375,1151.5250244140625,1155.175048828125,913.3480224609375,2187438
2017-04-27,1153.0250244140625,1163.9000244140625,1138.824951171875,1151.324951171875,910.3038330078125,5773186
2017-04-28,1147.0,1149.375,1134.0,1136.574951171875,898.641845703125,2540510
2017-05-02,1147.0,1151.0,1140.0,1144.949951171875,905.2634887695312,2382696
2017-05-03,1147.5,1172.5,1134.25,1168.6500244140625,924.002197265625,3514406
2017-05-04,1174.9749755859375,1175.0,1154.4000244140625,1165.050048828125,921.1554565429688,2708208
2017-05-05,1154.0,1166.25,1151.25,1160.25,917.3604736328125,1682474
2017-05-08,1160.5,1173.699951171875,1158.8499755859375,1171.2249755859375,926.0380249023438,1071782
2017-05-09,1171.9749755859375,1180.5,1166.2750244140625,1176.2750244140625,930.0310668945312,1790270
2017-05-10,1177.5,1178.074951171875,1158.0,1166.2249755859375,922.0848999023438,1206388
2017-05-11,1173.6500244140625,1180.0,1161.375,1174.7249755859375,928.8053588867188,2071302
2017-05-12,1171.6500244140625,1184.949951171875,1160.0250244140625,1180.324951171875,933.2332763671875,2314446
2017-05-15,1187.550048828125,1188.9749755859375,1170.800048828125,1182.550048828125,934.9923706054688,1817604
2017-05-16,1190.0,1217.5,1186.7249755859375,1214.574951171875,960.3130493164062,3601026
2017-05-17,1216.75,1230.375,1211.5,1227.675048828125,970.6705322265625,2876198
2017-05-18,1225.0,1286.0,1221.125,1268.0999755859375,1002.63330078125,5138594
2017-05-19,1268.0999755859375,1270.2750244140625,1243.0,1253.574951171875,991.1485595703125,1786044
2017-05-22,1255.0,1276.875,1255.0,1265.675048828125,1000.7158813476562,1663940
2017-05-23,1266.5999755859375,1282.074951171875,1257.0,1260.8499755859375,996.9009399414062,2748596
2017-05-24,1267.4000244140625,1285.0,1264.824951171875,1279.574951171875,1011.705810546875,2534548
2017-05-25,1288.5,1318.7750244140625,1284.0,1312.300048828125,1037.580078125,4094094
2017-05-26,1312.5,1313.425048828125,1282.324951171875,1289.125,1019.2564086914062,1362550
2017-05-29,1289.5,1298.25,1282.0,1286.425048828125,1017.1219482421875,1749290
2017-05-30,1280.0,1287.9749755859375,1262.5,1275.550048828125,1008.5239868164062,927634
2017-05-31,1266.5,1286.25,1264.0,1273.300048828125,1006.744384765625,2502730
2017-06-01,1265.0,1282.0,1265.0,1276.800048828125,1009.5119018554688,1080064
2017-06-02,1278.125,1295.925048828125,1276.25,1282.449951171875,1013.9788208007812,1355648
2017-06-05,1282.5,1309.949951171875,1280.074951171875,1301.9749755859375,1029.41650390625,1500188
2017-06-06,1315.5,1354.4749755859375,1315.0,1348.0,1065.8065185546875,5946720
2017-06-07,1348.5,1350.0,1288.2750244140625,1307.625,1033.8836669921875,4927776
2017-06-08,1299.0,1302.4749755859375,1257.75,1260.800048828125,996.8614501953125,3330714
2017-06-09,1260.0,1273.699951171875,1243.0,1253.5,991.0892944335938,3148034
2017-06-12,1248.5,1256.449951171875,1235.199951171875,1243.5999755859375,983.2620239257812,1626506
2017-06-13,1232.5,1240.550048828125,1223.5,1225.7750244140625,980.00439453125,1175414
2017-06-14,1227.5,1238.0,1227.5,1235.0999755859375,987.45947265625,1489142
2017-06-15,1234.5,1234.8499755859375,1202.5,1205.5999755859375,963.8739013671875,2997198
2017-06-16,1207.4749755859375,1217.5,1193.25,1199.8499755859375,959.2769775390625,2450426
2017-06-19,1208.449951171875,1223.175048828125,1202.574951171875,1215.8499755859375,972.0689697265625,1644742
2017-06-20,1215.5,1224.5,1190.1500244140625,1222.5,977.3857421875,1670958
2017-06-21,1220.0,1221.074951171875,1198.5999755859375,1203.1500244140625,961.9153442382812,1657818
2017-06-22,1204.5,1215.5,1192.5,1197.425048828125,957.3385620117188,5775882
2017-06-23,1199.699951171875,1206.9749755859375,1177.0,1180.8499755859375,944.0865478515625,1424756
2017-06-27,1175.300048828125,1192.3499755859375,1165.800048828125,1171.425048828125,936.5511474609375,1974330
2017-06-28,1174.949951171875,1179.0,1167.5,1175.0250244140625,939.4295654296875,1789726
2017-06-29,1179.5,1186.0250244140625,1161.550048828125,1166.625,932.7135009765625,2471826
2017-06-30,1162.199951171875,1188.5,1161.550048828125,1181.175048828125,944.3467407226562,1753848
2017-07-03,1178.699951171875,1191.5250244140625,1171.550048828125,1186.800048828125,948.8435668945312,1475956
2017-07-04,1186.6500244140625,1190.2249755859375,1175.0250244140625,1183.425048828125,946.1448974609375,1215134
2017-07-05,1180.4000244140625,1182.5,1172.5,1178.0,941.8079223632812,815856
2017-07-06,1179.5,1180.949951171875,1170.050048828125,1173.7750244140625,938.4300537109375,1026788
2017-07-07,1175.0,1178.2249755859375,1162.75,1165.9749755859375,932.1940307617188,1232090
2017-07-10,1203.0,1222.449951171875,1189.4749755859375,1217.4749755859375,973.3681640625,783608
2017-07-11,1213.0,1257.4000244140625,1213.0,1237.9000244140625,989.6981201171875,3537504
2017-07-12,1241.25,1241.6500244140625,1215.050048828125,1219.7249755859375,975.1670532226562,2646450
2017-07-13,1222.5,1236.0,1213.300048828125,1223.199951171875,977.9453735351562,3131960
2017-07-14,1191.5,1212.5,1187.5,1198.7249755859375,958.377685546875,4508432
2017-07-17,1198.8499755859375,1211.050048828125,1191.0999755859375,1197.7249755859375,957.5781860351562,2211822
2017-07-18,1198.074951171875,1221.5,1198.074951171875,1204.175048828125,962.7349853515625,1908002
2017-07-19,1207.75,1230.0,1207.550048828125,1224.800048828125,979.2245483398438,3915576
2017-07-20,1224.625,1228.449951171875,1215.25,1222.3499755859375,977.2657470703125,1182504
2017-07-21,1217.449951171875,1250.0,1217.2750244140625,1245.5999755859375,995.853759765625,2148416
2017-07-24,1241.0,1270.0,1241.0,1265.3499755859375,1014.4944458007812,2271402
2017-07-25,1262.875,1290.0,1259.199951171875,1285.75,1030.850341796875,2678832
2017-07-26,1280.0,1287.5,1273.5,1278.0,1024.636962890625,1459826
2017-07-27,1271.0999755859375,1292.4000244140625,1233.25,1240.8499755859375,994.85205078125,4255304
2017-07-28,1240.5,1246.5250244140625,1221.0,1242.1500244140625,995.8938598632812,1382752
2017-07-31,1235.5,1259.5,1231.5,1245.9000244140625,998.9005737304688,2019662
2017-08-01,1250.0,1260.375,1245.5,1250.824951171875,1002.8491821289062,1747460
2017-08-02,1250.0,1254.0,1231.0,1236.9000244140625,991.6848754882812,1251024
2017-08-03,1240.0,1251.0,1233.2249755859375,1244.7249755859375,997.958984375,1882548
2017-08-04,1245.4000244140625,1264.1500244140625,1244.0,1261.4000244140625,1011.3281860351562,1387890
2017-08-07,1258.25,1260.0,1240.5999755859375,1251.7249755859375,1003.5708618164062,1885520
2017-08-08,1256.0,1264.300048828125,1248.1500244140625,1251.5250244140625,1003.4104614257812,1073958
2017-08-09,1250.0,1261.425048828125,1246.6500244140625,1256.0,1006.99853515625,992946
2017-08-10,1254.5,1260.300048828125,1243.175048828125,1255.7249755859375,1006.7778930664062,1526172
2017-08-11,1249.949951171875,1267.5,1241.5,1248.0250244140625,1000.6047973632812,1394736
2017-08-14,1251.5,1254.949951171875,1231.5,1234.699951171875,989.9208374023438,786504
2017-08-16,1242.0,1271.9000244140625,1232.5999755859375,1246.175048828125,999.12109375,1373340
2017-08-17,1250.3499755859375,1252.5,1231.050048828125,1242.824951171875,996.4351196289062,1752374
2017-08-18,1237.0,1274.949951171875,1235.699951171875,1256.9000244140625,1007.719970703125,2837356
2017-08-21,1252.75,1274.5,1247.1500244140625,1264.4000244140625,1013.7330322265625,2304834
2017-08-22,1261.5,1269.75,1246.0,1248.7750244140625,1001.2056884765625,1131326
2017-08-23,1252.5,1258.4000244140625,1236.574951171875,1244.7249755859375,997.958984375,1562272
2017-08-24,1248.8499755859375,1258.9749755859375,1243.074951171875,1248.300048828125,1000.824951171875,1623908
2017-08-28,1252.300048828125,1252.699951171875,1230.5,1243.6500244140625,997.0970458984375,2036796
2017-08-29,1241.0,1248.0,1231.9749755859375,1235.425048828125,990.502197265625,1312602
2017-08-30,1240.5,1245.0,1230.050048828125,1242.2750244140625,995.9940795898438,970782
2017-08-31,1242.5,1252.199951171875,1233.324951171875,1248.175048828125,1000.7245483398438,1784664
2017-09-01,1240.0,1249.0250244140625,1218.2750244140625,1228.2249755859375,984.7294921875,1702330
2017-09-04,1226.550048828125,1230.5,1219.0,1228.0999755859375,984.6295166015625,1062544
2017-09-05,1230.0,1245.0,1218.5250244140625,1242.175048828125,995.9141845703125,1165994
2017-09-06,1234.074951171875,1237.425048828125,1225.0,1226.5999755859375,983.4267578125,1228764
2017-09-07,1229.0,1234.199951171875,1225.5250244140625,1230.050048828125,986.1927490234375,870636
2017-09-08,1226.875,1237.0,1226.2750244140625,1235.300048828125,990.4022216796875,1021134
2017-09-11,1235.5999755859375,1241.4749755859375,1225.0,1227.2249755859375,983.9276733398438,732764
2017-09-12,1236.949951171875,1248.5,1228.5,1244.2249755859375,997.5577392578125,1396460
2017-09-13,1250.0,1265.824951171875,1237.5999755859375,1244.5999755859375,997.8582153320312,1278980
2017-09-14,1241.0,1248.800048828125,1235.949951171875,1243.4749755859375,996.9564819335938,1081510
2017-09-15,1249.5,1258.5,1242.5,1253.0250244140625,1004.6132202148438,2944072
2017-09-18,1252.4749755859375,1259.4749755859375,1244.625,1249.5250244140625,1001.806884765625,726600
2017-09-19,1252.5,1252.5,1245.75,1249.125,1001.4862060546875,782754
2017-09-20,1257.0,1257.0,1237.1500244140625,1246.7750244140625,999.60205078125,1334642
2017-09-21,1245.5250244140625,1270.5,1240.0,1262.449951171875,1012.169921875,2438740
2017-09-22,1259.949951171875,1263.449951171875,1246.0,1251.800048828125,1003.6312866210938,2435396
2017-09-25,1248.2750244140625,1267.0,1246.375,1255.375,1006.4974975585938,1599558
2017-09-26,1255.0,1263.199951171875,1233.0,1237.324951171875,992.0258178710938,1449230
2017-09-27,1245.0,1256.0999755859375,1236.875,1247.5,1000.1832885742188,2010356
2017-09-28,1247.3499755859375,1257.0,1226.0,1238.2249755859375,992.7470092773438,4332866
2017-09-29,1239.5,1242.0,1210.75,1217.9749755859375,976.5115356445312,1985014
2017-10-03,1220.0,1227.1500244140625,1213.5250244140625,1224.2249755859375,981.5226440429688,1923006
2017-10-04,1224.800048828125,1227.0,1212.5,1221.1500244140625,979.0574340820312,1300778
2017-10-05,1220.5,1221.7249755859375,1212.199951171875,1214.800048828125,973.9662475585938,1684686
2017-10-06,1215.0,1227.5,1214.0250244140625,1223.324951171875,980.8010864257812,1389188
2017-10-09,1220.5250244140625,1233.9749755859375,1220.5250244140625,1227.050048828125,983.7876586914062,1773616
2017-10-10,1227.5,1234.9749755859375,1225.625,1229.625,985.8522338867188,1222010
2017-10-11,1230.0,1257.2249755859375,1228.375,1250.175048828125,1002.3282470703125,1527746
2017-10-12,1256.5,1277.5,1253.5,1274.0999755859375,1021.5101928710938,5006356
2017-10-13,1274.0999755859375,1304.4749755859375,1261.5,1279.300048828125,1025.679443359375,4066320
2017-10-16,1277.5250244140625,1295.0,1277.5250244140625,1292.199951171875,1036.021484375,1218590
2017-10-17,1292.5,1307.4749755859375,1288.7750244140625,1297.2750244140625,1040.0906982421875,1443016
2017-10-18,1297.5,1306.824951171875,1290.0,1293.300048828125,1036.9036865234375,1514144
2017-10-19,1296.0,1297.9000244140625,1285.5,1291.949951171875,1035.8212890625,86822
2017-10-23,1292.0,1314.5,1273.7249755859375,1293.949951171875,1037.4248046875,1886088
2017-10-24,1310.0,1310.449951171875,1284.5250244140625,1289.199951171875,1033.616455078125,1339020
2017-10-25,1289.25,1307.0,1277.5,1279.949951171875,1028.9937744140625,1105106
2017-10-26,1267.550048828125,1284.574951171875,1258.949951171875,1269.425048828125,1020.5327758789062,3007552
2017-10-27,1269.0,1296.574951171875,1265.1500244140625,1292.1500244140625,1038.8016357421875,1409270
2017-10-30,1293.0,1310.0,1290.8499755859375,1308.0999755859375,1051.62451171875,1137252
2017-10-31,1300.6500244140625,1320.0,1300.6500244140625,1312.0,1054.759521484375,1592634
2017-11-01,1312.0,1313.425048828125,1289.425048828125,1301.425048828125,1046.258056640625,741882
2017-11-02,1304.25,1337.0,1303.375,1313.074951171875,1055.6241455078125,1468422
2017-11-03,1316.199951171875,1318.3499755859375,1301.4000244140625,1310.050048828125,1053.1925048828125,666886
2017-11-06,1310.0,1335.9000244140625,1305.875,1332.7750244140625,1071.4615478515625,1377000
2017-11-07,1335.0,1384.0,1333.0250244140625,1355.0250244140625,1089.3492431640625,2696892
2017-11-08,1361.5,1379.5,1359.125,1367.5,1099.3779296875,1402252
2017-11-09,1375.0,1375.0,1359.6500244140625,1368.199951171875,1099.9407958984375,1152432
2017-11-10,1361.0999755859375,1363.0,1346.675048828125,1354.375,1088.82666015625,1356566
2017-11-13,1351.0250244140625,1388.699951171875,1351.0250244140625,1379.4749755859375,1109.005126953125,1496996
2017-11-14,1378.2750244140625,1378.2750244140625,1353.75,1357.300048828125,1091.1778564453125,1657252
2017-11-15,1353.0,1377.5,1350.675048828125,1352.6500244140625,1087.43994140625,6670834
2017-11-16,1355.0,1381.5,1343.4749755859375,1373.324951171875,1104.0606689453125,1653482
2017-11-17,1374.050048828125,1374.050048828125,1351.800048828125,1353.6500244140625,1088.243408203125,1325464
2017-11-20,1357.5,1363.449951171875,1347.6500244140625,1351.7249755859375,1086.6961669921875,1014498
2017-11-21,1350.5,1350.5,1333.0,1336.4749755859375,1074.4359130859375,1527740
2017-11-22,1336.5,1354.8499755859375,1336.199951171875,1340.324951171875,1077.53125,1822624
2017-11-23,1340.5,1346.5,1334.5,1340.625,1077.7724609375,793470
2017-11-24,1341.0,1351.449951171875,1336.550048828125,1344.0250244140625,1080.506103515625,2287512
2017-11-27,1344.0,1347.949951171875,1331.0999755859375,1342.925048828125,1079.62158203125,1856786
2017-11-28,1343.0,1351.199951171875,1335.0,1342.6500244140625,1079.400390625,911716
2017-11-29,1338.75,1346.5,1325.0,1329.074951171875,1068.487060546875,1447532
2017-11-30,1326.824951171875,1333.4749755859375,1311.5,1318.5,1059.9852294921875,4299962
2017-12-01,1317.5,1334.0,1310.75,1314.9749755859375,1057.151611328125,1031144
2017-12-04,1311.0,1329.25,1301.4749755859375,1316.175048828125,1058.11669921875,1259104
2017-12-05,1315.5,1325.8499755859375,1314.074951171875,1317.7750244140625,1059.4024658203125,1167914
2017-12-06,1318.0,1322.5,1306.425048828125,1316.6500244140625,1058.4979248046875,1407518
2017-12-07,1316.1500244140625,1322.9749755859375,1307.5,1308.625,1052.0467529296875,1326300
2017-12-08,1309.0,1322.5,1298.5,1300.75,1045.715576171875,1385548
2017-12-11,1304.175048828125,1336.324951171875,1304.175048828125,1330.550048828125,1069.6728515625,1008002
2017-12-12,1330.5,1331.0,1303.699951171875,1306.074951171875,1049.9964599609375,1882246
2017-12-13,1305.699951171875,1325.7249755859375,1300.5,1314.199951171875,1056.528564453125,2961458
2017-12-14,1316.0,1316.0,1265.550048828125,1278.9000244140625,1028.14990234375,5504150
2017-12-15,1281.875,1292.2249755859375,1268.425048828125,1272.800048828125,1023.2457275390625,2718138
2017-12-18,1268.5,1294.4749755859375,1247.175048828125,1290.25,1037.2745361328125,2180664
2017-12-19,1288.0,1298.9000244140625,1282.3499755859375,1287.6500244140625,1035.1844482421875,1801952
2017-12-20,1291.0,1296.375,1275.324951171875,1294.4749755859375,1040.670654296875,1577570
2017-12-21,1293.5,1304.0,1290.0250244140625,1297.8499755859375,1043.384521484375,1293648
2017-12-22,1302.0,1331.949951171875,1295.0999755859375,1323.375,1063.90478515625,3665664
2017-12-26,1343.0,1344.875,1315.800048828125,1324.7249755859375,1064.9896240234375,2175786
2017-12-27,1324.7249755859375,1329.25,1305.25,1309.949951171875,1053.1116943359375,739284
2017-12-28,1304.4000244140625,1326.75,1302.824951171875,1313.4749755859375,1055.9456787109375,2605088
2017-12-29,1311.550048828125,1354.449951171875,1309.2750244140625,1350.5999755859375,1085.791748046875,2609542
2018-01-01,1341.1500244140625,1347.4000244140625,1317.5,1322.800048828125,1063.4425048828125,1351760
2018-01-02,1330.0,1334.800048828125,1310.0999755859375,1315.5999755859375,1057.6541748046875,1920290
2018-01-03,1316.0,1334.5,1315.5999755859375,1319.324951171875,1060.648681640625,1257120
2018-01-04,1325.0,1331.0,1320.0,1328.550048828125,1068.0648193359375,913082
2018-01-05,1325.0,1349.75,1325.0,1344.5999755859375,1080.968017578125,1153706
2018-01-08,1350.0,1363.425048828125,1340.925048828125,1357.199951171875,1091.0975341796875,1242220
2018-01-09,1357.5,1360.5,1338.2750244140625,1354.5,1088.92724609375,2149396
2018-01-10,1355.5,1408.0,1347.324951171875,1403.300048828125,1128.1593017578125,3365850
2018-01-11,1405.0,1410.949951171875,1391.0999755859375,1395.25,1121.6868896484375,2520744
2018-01-12,1402.5,1402.5,1370.2750244140625,1388.175048828125,1115.9996337890625,3360314
2018-01-15,1388.574951171875,1404.0,1367.5250244140625,1373.050048828125,1103.84033203125,1457214
2018-01-16,1378.0,1430.824951171875,1375.2750244140625,1425.425048828125,1145.9461669921875,4267752
2018-01-17,1435.0,1462.5,1431.074951171875,1444.4749755859375,1161.2611083984375,4280806
2018-01-18,1448.5,1466.5,1434.0250244140625,1459.0999755859375,1173.0184326171875,2209478
2018-01-19,1465.2750244140625,1491.0,1451.824951171875,1479.6500244140625,1189.5390625,1820000
2018-01-22,1480.5,1567.3499755859375,1461.0,1558.199951171875,1255.658203125,4367110
2018-01-23,1557.4749755859375,1571.175048828125,1545.0250244140625,1551.0,1249.8563232421875,3239610
2018-01-24,1545.0,1629.5250244140625,1541.324951171875,1587.300048828125,1279.108154296875,5621538
2018-01-25,1587.5,1589.9000244140625,1540.5,1560.5250244140625,1257.5318603515625,3833844
2018-01-29,1565.699951171875,1612.5,1561.0,1599.425048828125,1288.8787841796875,3141060
2018-01-30,1590.0,1601.9000244140625,1571.8499755859375,1576.425048828125,1270.3448486328125,1574758
2018-01-31,1568.5,1575.0,1549.300048828125,1556.175048828125,1254.026611328125,3043214
2018-02-01,1562.0,1595.0,1544.4000244140625,1569.300048828125,1264.60302734375,2400630
2018-02-02,1560.0,1595.0,1551.7249755859375,1576.824951171875,1270.6666259765625,2456490
2018-02-05,1555.0,1594.0,1538.425048828125,1551.5999755859375,1250.339599609375,2757742
2018-02-06,1505.0,1538.574951171875,1492.5,1498.625,1207.6505126953125,2657306
2018-02-07,1513.5,1515.5,1473.7249755859375,1477.5250244140625,1190.646728515625,2180324
2018-02-08,1489.875,1513.800048828125,1479.5,1487.0999755859375,1198.36328125,2755004
2018-02-09,1475.0,1497.0,1448.324951171875,1485.8499755859375,1197.355712890625,2102458
2018-02-12,1489.1500244140625,1511.675048828125,1477.7750244140625,1483.6500244140625,1195.5830078125,1974562
2018-02-14,1485.0,1487.2249755859375,1446.25,1455.9000244140625,1173.2213134765625,2847532
2018-02-15,1465.9749755859375,1471.5,1452.550048828125,1462.925048828125,1178.8817138671875,2465236
2018-02-16,1461.5,1499.800048828125,1461.5,1466.5250244140625,1181.782958984375,2515756
2018-02-19,1472.5,1476.6500244140625,1447.5999755859375,1461.800048828125,1177.9755859375,1568224
2018-02-20,1464.0,1492.5250244140625,1463.949951171875,1472.375,1186.4970703125,1889068
2018-02-21,1487.0,1531.300048828125,1480.0250244140625,1521.1500244140625,1225.80224609375,3089228
2018-02-22,1526.0,1539.5,1511.25,1525.0999755859375,1228.9847412109375,3463010
2018-02-23,1525.0,1544.5,1496.050048828125,1537.9000244140625,1239.2998046875,3362500
2018-02-26,1537.5,1544.9749755859375,1510.5999755859375,1515.8499755859375,1221.531005859375,1363882
2018-02-27,1520.5,1539.2750244140625,1516.0,1521.175048828125,1225.822265625,1717800
2018-02-28,1517.5,1531.9749755859375,1510.7249755859375,1517.5250244140625,1222.8809814453125,2706864
2018-03-01,1524.5,1530.5999755859375,1510.0,1518.8499755859375,1223.9482421875,1718124
2018-03-05,1524.5,1556.824951171875,1516.4749755859375,1552.925048828125,1251.407470703125,2858168
2018-03-06,1561.0,1563.5,1515.074951171875,1521.4000244140625,1226.0035400390625,1906764
2018-03-07,1535.0,1544.5,1509.25,1513.7249755859375,1219.818603515625,1917772
2018-03-08,1527.449951171875,1527.449951171875,1493.75,1501.9749755859375,1210.349853515625,1951826
2018-03-09,1502.5,1531.5999755859375,1488.5999755859375,1517.050048828125,1222.498291015625,1872436
2018-03-12,1521.5,1541.949951171875,1517.75,1526.074951171875,1229.7708740234375,2091340
2018-03-13,1462.449951171875,1469.8499755859375,1436.0,1443.4000244140625,1163.1478271484375,88067154
2018-03-14,1446.4749755859375,1461.5250244140625,1437.5250244140625,1443.449951171875,1163.18798828125,3668668
2018-03-15,1447.5,1451.2750244140625,1427.800048828125,1434.8499755859375,1156.2579345703125,2348906
2018-03-16,1434.4000244140625,1436.0,1402.5,1412.8499755859375,1138.5296630859375,7197482
2018-03-19,1414.5,1424.0,1410.0,1415.5,1140.6649169921875,3489940
2018-03-20,1410.0,1436.5999755859375,1409.5,1432.425048828125,1154.30419921875,4024984
2018-03-21,1436.25,1442.1500244140625,1425.0,1428.375,1151.0404052734375,3907678
2018-03-22,1429.9749755859375,1437.9749755859375,1411.2750244140625,1415.675048828125,1140.80615234375,2326094
2018-03-23,1401.0,1417.050048828125,1399.0250244140625,1409.074951171875,1135.4876708984375,3654122
2018-03-26,1409.5,1413.699951171875,1390.7750244140625,1408.5,1135.0242919921875,2964210
2018-03-27,1412.5,1431.5,1411.5250244140625,1423.8499755859375,1147.3936767578125,2494574
2018-03-28,1417.949951171875,1437.5,1412.5,1424.574951171875,1147.9776611328125,6865654
2018-04-02,1420.0,1457.0,1420.0,1454.824951171875,1172.3548583984375,1662988
2018-04-03,1446.050048828125,1464.949951171875,1446.050048828125,1455.625,1172.9990234375,1937290
2018-04-04,1464.7249755859375,1467.0,1446.0,1455.449951171875,1172.85791015625,2841820
2018-04-05,1463.2750244140625,1481.875,1460.175048828125,1478.9749755859375,1191.81591796875,1809424
2018-04-06,1477.0,1480.0,1463.2750244140625,1475.1500244140625,1188.7335205078125,1129018
2018-04-09,1469.8499755859375,1481.75,1457.5,1461.949951171875,1178.0960693359375,1235866
2018-04-10,1462.8499755859375,1478.625,1462.8499755859375,1468.800048828125,1183.616455078125,1184532
2018-04-11,1475.300048828125,1512.5,1472.800048828125,1507.074951171875,1214.4599609375,3124416
2018-04-12,1505.0,1575.0,1503.9749755859375,1569.625,1264.864990234375,6114360
2018-04-13,1575.0,1620.4000244140625,1566.050048828125,1576.6500244140625,1270.5260009765625,8179118
2018-04-16,1558.0,1599.9749755859375,1555.375,1593.824951171875,1284.3660888671875,6270274
2018-04-17,1593.824951171875,1597.4749755859375,1573.5999755859375,1583.300048828125,1275.885009765625,3301724
2018-04-18,1583.0,1596.7249755859375,1572.925048828125,1579.550048828125,1272.8629150390625,2433066
2018-04-19,1589.949951171875,1608.5999755859375,1582.875,1595.574951171875,1285.7764892578125,4820952
2018-04-20,1625.0,1711.175048828125,1620.0,1701.2249755859375,1370.91357421875,18465662
2018-04-23,1712.0,1778.949951171875,1694.7750244140625,1704.324951171875,1373.4114990234375,15185910
2018-04-24,1705.0,1721.574951171875,1671.25,1692.824951171875,1364.1444091796875,8314336
2018-04-25,1692.5,1741.5,1682.5250244140625,1735.125,1398.231201171875,8196574
2018-04-26,1733.5,1780.0,1733.5,1769.625,1426.0328369140625,12135034
2018-04-27,1762.5,1772.0,1710.0,1725.9749755859375,1390.8577880859375,4501330
2018-04-30,1725.9749755859375,1774.5,1718.800048828125,1766.050048828125,1423.15185546875,3458558
2018-05-02,1765.25,1766.0999755859375,1735.6500244140625,1749.875,1410.117919921875,3158046
2018-05-03,1754.9000244140625,1763.0,1735.199951171875,1740.925048828125,1402.905029296875,3761550
2018-05-04,1746.0,1748.5,1735.0,1740.375,1402.4622802734375,2347244
2018-05-07,1745.0,1745.0,1705.449951171875,1710.4749755859375,1378.367431640625,3484426
2018-05-08,1717.3499755859375,1743.25,1698.3499755859375,1720.5999755859375,1386.526123046875,2992820
2018-05-09,1720.0999755859375,1747.375,1720.0999755859375,1744.6500244140625,1405.9071044921875,2615050
2018-05-10,1751.4749755859375,1755.574951171875,1720.0999755859375,1725.625,1390.5758056640625,3858678
2018-05-11,1727.0999755859375,1742.5,1721.25,1728.4749755859375,1392.8729248046875,2627876
2018-05-14,1728.5,1735.5,1705.4000244140625,1716.7750244140625,1383.444580078125,2433894
2018-05-15,1725.0,1747.9000244140625,1716.8499755859375,1741.199951171875,1403.12646484375,1952890
2018-05-16,1739.9749755859375,1754.5,1737.625,1746.949951171875,1407.760498046875,1648450
2018-05-17,1756.4749755859375,1766.574951171875,1738.0,1745.9000244140625,1406.914306640625,2968048
2018-05-18,1740.4000244140625,1758.8499755859375,1729.0,1751.0250244140625,1411.0443115234375,1874996
2018-05-21,1764.3499755859375,1796.0,1759.0250244140625,1778.375,1433.0841064453125,3446178
2018-05-22,1779.0,1787.4749755859375,1746.8499755859375,1754.449951171875,1413.80419921875,1857416
2018-05-23,1762.5,1772.5,1740.5,1747.550048828125,1408.2442626953125,1507298
2018-05-24,1755.0,1807.5,1751.175048828125,1801.8499755859375,1452.0008544921875,2962316
2018-05-25,1812.5,1837.4000244140625,1786.2750244140625,1792.9000244140625,1444.788818359375,3769772
2018-05-28,1808.25,1808.25,1743.0,1751.0250244140625,1411.0443115234375,3716798
2018-05-29,1764.949951171875,1772.0,1744.0,1761.75,1419.6864013671875,3525312
2018-05-30,1754.5250244140625,1766.5,1741.25,1757.050048828125,1415.9000244140625,3779106
2018-05-31,1734.0,1759.050048828125,1726.0999755859375,1741.050048828125,1414.680419921875,5049371
2018-06-01,1754.0,1757.5,1716.300048828125,1732.449951171875,1407.6927490234375,1603856
2018-06-04,1745.0,1749.0,1712.5999755859375,1744.25,1417.28076171875,1681483
2018-06-05,1744.0,1751.9000244140625,1711.1500244140625,1721.5999755859375,1398.8768310546875,2449568
2018-06-06,1723.0,1734.9000244140625,1715.199951171875,1725.75,1402.2486572265625,2236512
2018-06-07,1725.0,1749.0,1723.800048828125,1735.550048828125,1410.2119140625,2414762
2018-06-08,1735.0,1757.300048828125,1735.0,1747.0999755859375,1419.5963134765625,2582138
2018-06-11,1747.0999755859375,1763.0,1743.0,1749.699951171875,1421.708984375,2179378
2018-06-12,1757.0,1785.0,1753.0,1781.0,1447.1414794921875,4608875
2018-06-13,1816.0,1831.6500244140625,1798.0,1824.0999755859375,1482.1622314453125,5370983
2018-06-14,1830.0,1832.300048828125,1784.0,1787.550048828125,1452.463623046875,3819998
2018-06-15,1800.0,1847.0999755859375,1788.5999755859375,1840.050048828125,1495.1224365234375,9183574
2018-06-18,1867.949951171875,1867.949951171875,1822.1500244140625,1829.0,1486.1439208984375,4674987
2018-06-19,1822.1500244140625,1839.0,1821.0,1824.5,1482.4871826171875,3245034
2018-06-20,1832.0,1836.300048828125,1818.5999755859375,1822.449951171875,1480.8216552734375,3107695
2018-06-21,1832.0,1832.0,1817.5999755859375,1819.3499755859375,1478.302734375,2910659
2018-06-22,1827.0,1827.0,1799.550048828125,1809.800048828125,1470.5430908203125,2949458
2018-06-25,1811.9000244140625,1822.3499755859375,1806.0,1819.25,1478.2215576171875,2083217
2018-06-26,1823.0,1861.0,1821.0,1852.0,1504.83251953125,4679712
2018-06-27,1860.0,1885.1500244140625,1851.25,1858.0,1509.707763671875,4081208
2018-06-28,1865.0,1871.0,1826.300048828125,1842.699951171875,1497.275634765625,4888125
2018-06-29,1844.9000244140625,1867.4000244140625,1842.300048828125,1847.75,1501.3790283203125,3506276
2018-07-02,1852.0,1857.800048828125,1841.0999755859375,1851.3499755859375,1504.30419921875,2650290
2018-07-03,1859.949951171875,1879.9000244140625,1857.050048828125,1874.050048828125,1522.7491455078125,3242233
2018-07-04,1879.9000244140625,1879.9000244140625,1857.1500244140625,1866.1500244140625,1516.329833984375,2700614
2018-07-05,1873.0,1887.5,1862.0999755859375,1880.300048828125,1527.827392578125,2472571
2018-07-06,1882.8499755859375,1921.0,1881.6500244140625,1912.949951171875,1554.3570556640625,3713781
2018-07-09,1924.0,1924.4000244140625,1876.5,1883.0,1530.02099609375,6151747
2018-07-10,1898.0,1898.9000244140625,1870.75,1875.0999755859375,1523.60205078125,5303302
2018-07-11,1900.0,1998.0,1894.1500244140625,1979.9000244140625,1608.7569580078125,22903802
2018-07-12,1984.0,1990.9000244140625,1960.5,1971.3499755859375,1601.809326171875,6921701
2018-07-13,1975.0,1997.9000244140625,1974.0,1981.0999755859375,1609.7318115234375,4148185
2018-07-16,1990.0,1996.0,1977.449951171875,1989.199951171875,1616.3135986328125,2582159
2018-07-17,1989.0,2009.0,1981.0,2002.1500244140625,1630.114013671875,3315492
2018-07-18,2005.0,2011.699951171875,1993.050048828125,2000.25,1628.56689453125,2013869
2018-07-19,2002.0999755859375,2010.449951171875,1970.0,1981.4000244140625,1613.219970703125,1746318
2018-07-20,1984.9000244140625,2000.0,1984.0,1996.5999755859375,1625.594970703125,1934995
2018-07-23,2001.0,2009.949951171875,1986.0,2005.6500244140625,1632.963623046875,2086201
2018-07-24,2015.0,2015.0,1984.1500244140625,1999.0,1627.5494384765625,2038423
2018-07-25,2001.9000244140625,2002.0,1968.4000244140625,1981.5,1613.301025390625,1535492
2018-07-26,1974.949951171875,1985.0,1955.0999755859375,1964.699951171875,1599.62255859375,3503036
2018-07-27,1960.8499755859375,1964.6500244140625,1940.300048828125,1943.75,1582.5657958984375,2033977
2018-07-30,1943.0,1954.699951171875,1931.550048828125,1944.5999755859375,1583.257568359375,1579251
2018-07-31,1942.0,1947.0,1928.0,1940.199951171875,1579.675048828125,2204803
2018-08-01,1949.949951171875,1981.550048828125,1949.800048828125,1976.5,1609.230224609375,2425180
2018-08-02,1980.0,1985.0,1945.0,1948.4000244140625,1586.3515625,1509287
2018-08-03,1956.5,1982.050048828125,1956.5,1979.449951171875,1611.6319580078125,1505131
2018-08-06,1997.0,1998.949951171875,1972.25,1975.550048828125,1608.45654296875,1532249
2018-08-07,1978.199951171875,1979.1500244140625,1960.5,1967.3499755859375,1601.780029296875,1353521
2018-08-08,1972.0,1978.300048828125,1962.0,1974.0,1607.19482421875,1315062
2018-08-09,1980.0,1980.800048828125,1966.0,1974.3499755859375,1607.4793701171875,2060297
2018-08-10,1980.949951171875,1996.5,1972.050048828125,1993.0999755859375,1622.7454833984375,2784105
2018-08-13,1997.800048828125,2004.25,1990.0,2000.1500244140625,1628.4854736328125,3559575
2018-08-14,1992.0,2024.5999755859375,1982.4000244140625,2003.550048828125,1631.2540283203125,3311765
2018-08-16,2000.300048828125,2020.050048828125,1995.0,2008.5,1635.283935546875,2152065
2018-08-17,2013.8499755859375,2021.9000244140625,2004.0,2012.75,1638.7442626953125,1213731
2018-08-20,2024.0,2024.0,2003.699951171875,2009.949951171875,1636.4647216796875,1587032
2018-08-21,2010.1500244140625,2024.0,2004.0,2017.6500244140625,1642.73388671875,1376866
2018-08-23,2022.800048828125,2038.0,2020.300048828125,2035.0999755859375,1656.9412841796875,3046791
2018-08-24,2035.0999755859375,2046.0,2031.0,2043.0,1663.3731689453125,1570533
2018-08-27,2043.0,2059.0,2035.0,2050.89990234375,1669.80517578125,1532702
2018-08-28,2055.0,2072.0,2052.0,2069.199951171875,1684.7047119140625,1987983
2018-08-29,2072.5,2076.60009765625,2045.5999755859375,2072.0,1686.984375,1525867
2018-08-30,2068.0,2085.0,2065.5,2082.39990234375,1695.4517822265625,2408020
2018-08-31,2082.300048828125,2092.0,2074.0,2078.39990234375,1692.195068359375,2504554
2018-09-03,2084.800048828125,2090.0,2048.39990234375,2052.89990234375,1671.433349609375,1439711
2018-09-04,2059.800048828125,2104.75,2056.949951171875,2098.89990234375,1708.8861083984375,4420803
2018-09-05,2100.0,2107.25,2075.050048828125,2079.25,1692.8868408203125,1681106
2018-09-06,2075.0,2081.5,2060.300048828125,2075.300048828125,1689.6710205078125,2238097
2018-09-07,2079.300048828125,2084.0,2065.39990234375,2079.85009765625,1693.375732421875,1312182
2018-09-10,2084.39990234375,2093.39990234375,2074.25,2080.75,1694.1087646484375,1530539
2018-09-11,2089.0,2089.0,2042.199951171875,2046.25,1666.0194091796875,3679745
2018-09-12,2052.35009765625,2068.89990234375,2040.0,2043.949951171875,1664.1463623046875,2307661
2018-09-14,2044.0,2071.550048828125,2018.1500244140625,2065.39990234375,1681.6109619140625,3642038
2018-09-17,2070.0,2077.800048828125,2054.550048828125,2074.14990234375,1688.735107421875,1033857
2018-09-18,2073.0,2078.800048828125,2057.60009765625,2070.75,1685.966552734375,1456507
2018-09-19,2071.89990234375,2089.0,2066.85009765625,2077.89990234375,1691.7882080078125,1301268
2018-09-21,2077.0,2121.0,2050.14990234375,2103.14990234375,1712.3460693359375,4508530
2018-09-24,2115.0,2210.5,2098.14990234375,2198.449951171875,1789.937744140625,3032226
2018-09-25,2204.89990234375,2211.89990234375,2153.800048828125,2183.199951171875,1777.5213623046875,2868778
2018-09-26,2187.0,2199.0,2135.10009765625,2142.14990234375,1744.098876953125,1970951
2018-09-27,2141.89990234375,2209.699951171875,2135.800048828125,2188.85009765625,1782.12158203125,3311802
2018-09-28,2178.0,2190.0,2158.85009765625,2183.699951171875,1777.9285888671875,2904371
2018-10-01,2190.89990234375,2275.949951171875,2190.35009765625,2255.550048828125,1836.427734375,3772208
2018-10-03,2250.300048828125,2255.0,2155.60009765625,2162.85009765625,1760.9527587890625,3902322
2018-10-04,2156.60009765625,2156.64990234375,2056.35009765625,2064.800048828125,1681.122314453125,4762419
2018-10-05,2050.0,2120.0,2020.9000244140625,2102.64990234375,1711.939208984375,3417624
2018-10-08,2102.64990234375,2122.199951171875,2048.14990234375,2077.550048828125,1691.5032958984375,2010154
2018-10-09,2080.35009765625,2107.64990234375,2053.199951171875,2091.800048828125,1703.1053466796875,1867130
2018-10-10,2100.0,2105.949951171875,2029.0,2043.5999755859375,1663.8614501953125,2749573
2018-10-11,1985.0,2013.0,1941.0,1979.949951171875,1612.0389404296875,4700256
2018-10-12,1978.0,1978.0,1903.0,1918.300048828125,1561.8448486328125,9373289
2018-10-15,1940.0,1955.550048828125,1920.0,1949.5,1587.2474365234375,2638151
2018-10-16,1958.0,1971.9000244140625,1935.0,1962.300048828125,1597.6688232421875,2815425
2018-10-17,1970.0,1989.0,1920.0,1929.4000244140625,1570.882080078125,2779207
2018-10-19,1929.0,1929.0,1870.050048828125,1913.199951171875,1557.6925048828125,3428776
2018-10-22,1914.0,1916.0,1886.949951171875,1903.0,1549.3876953125,1778496
2018-10-23,1888.0,1898.0,1837.0,1843.6500244140625,1504.227783203125,2752811
2018-10-24,1852.050048828125,1874.0,1811.0999755859375,1848.5,1508.18505859375,2735913
2018-10-25,1844.0,1876.9000244140625,1825.050048828125,1853.0,1511.8563232421875,2507233
2018-10-26,1853.9000244140625,1853.9000244140625,1791.0999755859375,1799.0999755859375,1467.879638671875,2285970
2018-10-29,1808.699951171875,1877.949951171875,1784.3499755859375,1871.0,1526.5426025390625,2609483
2018-10-30,1867.0,1909.4000244140625,1845.0,1894.800048828125,1545.9608154296875,2404883
2018-10-31,1900.0,1943.9000244140625,1875.449951171875,1938.1500244140625,1581.330078125,2769190
2018-11-01,1943.6500244140625,1944.3499755859375,1901.300048828125,1935.75,1579.3719482421875,2769759
2018-11-02,1934.199951171875,1954.5999755859375,1905.0,1913.449951171875,1561.1773681640625,1818635
2018-11-05,1910.0,1927.3499755859375,1884.75,1890.8499755859375,1542.7381591796875,1713366
2018-11-06,1894.0,1937.5,1891.0,1932.699951171875,1576.8836669921875,1398710
2018-11-07,1940.0,1949.0,1937.0,1942.1500244140625,1584.593505859375,144530
2018-11-09,1961.0,1961.949951171875,1905.0,1909.199951171875,1557.7099609375,2570479
2018-11-12,1908.5,1946.0999755859375,1908.5,1914.8499755859375,1562.3194580078125,2552008
2018-11-13,1915.0,1939.0,1903.0,1934.949951171875,1578.71923828125,1418432
2018-11-14,1925.0,1929.9000244140625,1870.0,1880.6500244140625,1534.416015625,2422318
2018-11-15,1864.0,1899.0,1857.5999755859375,1872.8499755859375,1528.0518798828125,1829123
2018-11-16,1889.0,1899.800048828125,1870.25,1886.5999755859375,1539.27099609375,1829729
2018-11-19,1899.0,1907.3499755859375,1864.300048828125,1902.449951171875,1552.2025146484375,1740628
2018-11-20,1902.0,1902.0,1874.199951171875,1878.25,1532.4576416015625,1190182
2018-11-21,1871.0,1871.050048828125,1798.550048828125,1812.0,1478.40478515625,3840461
2018-11-22,1820.0,1847.5999755859375,1809.949951171875,1812.550048828125,1478.853515625,3194219
2018-11-26,1819.0,1860.0,1784.5,1846.0999755859375,1506.226806640625,4333177
2018-11-27,1854.0,1897.9000244140625,1835.3499755859375,1890.25,1542.248779296875,3344839
2018-11-28,1889.0,1989.0,1882.5,1983.9000244140625,1618.6571044921875,5313249
2018-11-29,1997.0,1997.0,1942.550048828125,1960.550048828125,1599.6058349609375,4035441
2018-11-30,1966.0,1991.0,1959.8499755859375,1968.25,1605.888671875,5268901
2018-12-03,1984.0,1990.0,1968.300048828125,1982.4000244140625,1617.4334716796875,1610576
2018-12-04,1983.0,2019.4000244140625,1971.0,2010.8499755859375,1640.6456298828125,3270615
2018-12-05,2006.0,2018.0,1985.0,2006.75,1637.3006591796875,2501539
2018-12-06,1998.0,2017.0,1979.5999755859375,1992.699951171875,1625.8375244140625,2321216
2018-12-07,1985.050048828125,2003.9000244140625,1973.0,1995.199951171875,1627.8770751953125,1680420
2018-12-10,1975.0,2011.0,1960.0,1975.800048828125,1612.048583984375,2010786
2018-12-11,1970.0,2010.0,1961.0,2000.0,1631.793212890625,2942014
2018-12-12,2001.0999755859375,2022.0,1984.949951171875,2016.800048828125,1645.5006103515625,2219993
2018-12-13,2024.0,2029.699951171875,1974.5,1982.5999755859375,1617.596435546875,3748429
2018-12-14,1983.0,1998.949951171875,1975.25,1989.75,1623.4302978515625,2473761
2018-12-17,1999.0,2004.9000244140625,1985.0,1994.300048828125,1627.143310546875,1227921
2018-12-18,1991.9000244140625,2002.0,1976.4000244140625,1987.8499755859375,1621.8800048828125,1768742
2018-12-19,1984.800048828125,1984.800048828125,1960.050048828125,1968.449951171875,1606.051513671875,2498833
2018-12-20,1953.800048828125,1974.9000244140625,1946.0,1954.050048828125,1594.302978515625,1940277
2018-12-21,1948.0,1950.0,1886.550048828125,1895.800048828125,1546.77685546875,3729956
2018-12-24,1905.800048828125,1938.9000244140625,1905.0,1918.5,1565.297607421875,1864116
2018-12-26,1921.800048828125,1921.800048828125,1870.25,1889.199951171875,1541.391845703125,2446614
2018-12-27,1909.0,1941.699951171875,1872.0999755859375,1908.949951171875,1557.5059814453125,4968201
2018-12-28,1915.0,1920.0,1893.0,1896.050048828125,1546.980712890625,2239130
2018-12-31,1908.0,1909.0,1886.1500244140625,1893.050048828125,1544.5330810546875,1879740
2019-01-01,1896.0,1910.0,1885.0,1902.800048828125,1552.4881591796875,1094883
2019-01-02,1905.0,1934.449951171875,1900.0,1923.300048828125,1569.2142333984375,2100463
2019-01-03,1919.0,1944.949951171875,1893.0999755859375,1899.949951171875,1550.162841796875,2611668
2019-01-04,1900.0,1901.199951171875,1841.0,1876.8499755859375,1531.3155517578125,4280862
2019-01-07,1891.800048828125,1908.800048828125,1881.0,1897.9000244140625,1548.4906005859375,1856423
2019-01-08,1905.4000244140625,1906.4000244140625,1883.300048828125,1893.550048828125,1544.9415283203125,1691756
2019-01-09,1907.4000244140625,1919.0,1866.699951171875,1886.949951171875,1539.5560302734375,2414376
2019-01-10,1890.0,1905.0,1872.0999755859375,1888.550048828125,1540.8616943359375,3053461
2019-01-11,1870.0,1875.0,1835.0,1842.550048828125,1503.3306884765625,9209862
2019-01-14,1850.0,1851.0,1810.0,1813.25,1479.4248046875,3615370
2019-01-15,1810.0,1869.3499755859375,1808.0,1867.800048828125,1523.931640625,7711653
2019-01-16,1870.0,1875.0,1847.0,1870.1500244140625,1525.8492431640625,2359280
2019-01-17,1878.0,1898.0,1871.300048828125,1894.300048828125,1548.86572265625,2625816
2019-01-18,1881.0,1904.199951171875,1876.0,1900.6500244140625,1554.0579833984375,1683728
2019-01-21,1902.0,1932.0,1895.449951171875,1908.699951171875,1560.639892578125,2409803
2019-01-22,1907.0999755859375,1918.25,1890.0,1901.9000244140625,1555.0797119140625,2457093
2019-01-23,1901.0,1906.0999755859375,1870.0,1875.5999755859375,1533.575927734375,2578169
2019-01-24,1884.800048828125,1905.25,1875.0,1901.550048828125,1554.794189453125,1962927
2019-01-25,1902.0,1935.0,1901.0,1920.800048828125,1570.53369140625,2327080
2019-01-28,1933.0,1962.0,1925.5,1955.0,1598.4967041015625,2769033
2019-01-29,1962.0,1989.050048828125,1936.6500244140625,1982.75,1621.186767578125,2557626
2019-01-30,1979.5999755859375,1989.5,1954.6500244140625,1981.4000244140625,1620.082763671875,2429575
2019-01-31,1987.0,2019.75,1985.0,2014.0999755859375,1646.8197021484375,4094319
2019-02-01,2009.5,2034.75,1998.0999755859375,2029.949951171875,1659.7794189453125,3064163
2019-02-04,2029.949951171875,2055.449951171875,2023.0,2050.25,1676.3779296875,1590764
2019-02-05,2050.0,2055.0,2028.0,2044.550048828125,1671.7171630859375,1111404
2019-02-06,2049.89990234375,2086.85009765625,2041.050048828125,2074.800048828125,1696.4508056640625,1789812
2019-02-07,2074.75,2097.949951171875,2067.0,2082.89990234375,1703.0736083984375,1339945
2019-02-08,2075.0,2089.5,2051.0,2061.39990234375,1685.494384765625,1684474
2019-02-11,2060.0,2096.0,2048.89990234375,2065.89990234375,1689.173828125,1778730
2019-02-12,2070.0,2070.0,2018.0,2051.60009765625,1677.48193359375,2422903
2019-02-14,2060.050048828125,2075.0,2033.050048828125,2044.5999755859375,1671.7581787109375,1724085
2019-02-15,2049.0,2052.0,2010.949951171875,2029.699951171875,1659.574951171875,1930065
2019-02-18,2037.5999755859375,2041.949951171875,1962.6500244140625,1970.300048828125,1611.0069580078125,2942184
2019-02-19,1970.0,1971.0,1892.0,1904.800048828125,1557.451171875,4408554
2019-02-20,1915.0,1933.800048828125,1881.300048828125,1914.75,1565.586669921875,4645778
2019-02-21,1914.75,1940.0,1897.050048828125,1914.199951171875,1565.136962890625,4683919
2019-02-22,1917.199951171875,1930.0,1905.0999755859375,1925.6500244140625,1574.499267578125,2271955
2019-02-25,1932.5,1990.0,1930.5,1985.1500244140625,1623.1488037109375,2934880
2019-02-26,1984.0,2045.1500244140625,1972.25,2038.699951171875,1666.9337158203125,6453309
2019-02-27,2040.0,2074.949951171875,2022.0,2058.10009765625,1682.796142578125,4732082
2019-02-28,2060.0,2071.35009765625,1977.5999755859375,1983.449951171875,1621.7586669921875,8454295
2019-03-01,1995.050048828125,2005.0,1980.3499755859375,1995.4000244140625,1631.5299072265625,4148548
2019-03-05,2005.0,2007.0,1976.5999755859375,1988.0999755859375,1625.560546875,2449622
2019-03-06,1989.300048828125,2015.0,1985.050048828125,1999.5999755859375,1634.964111328125,2635047
2019-03-07,2005.0,2024.050048828125,2000.199951171875,2013.300048828125,1646.1654052734375,2539884
2019-03-08,2025.0,2033.0,2010.050048828125,2022.699951171875,1653.8516845703125,2031071
2019-03-11,2028.9000244140625,2033.0,2003.6500244140625,2014.800048828125,1647.3919677734375,3111689
2019-03-12,2014.050048828125,2024.800048828125,2003.0,2012.449951171875,1645.4705810546875,2658550
2019-03-13,2013.0,2015.9000244140625,1978.5999755859375,2000.5,1635.69970703125,1833163
2019-03-14,2004.949951171875,2007.800048828125,1981.0,1987.4000244140625,1624.98876953125,1905495
2019-03-15,1998.9000244140625,2068.949951171875,1991.0,2039.949951171875,1667.9561767578125,5184318
2019-03-18,2043.0,2064.60009765625,2011.0,2022.800048828125,1653.93310546875,2349915
2019-03-19,2030.0,2030.0,1995.0999755859375,2022.800048828125,1653.93310546875,2373993
2019-03-20,2028.0,2044.800048828125,2000.0,2015.050048828125,1647.5966796875,3091165
2019-03-22,2015.0,2016.0,1983.300048828125,2005.6500244140625,1639.9105224609375,3148149
2019-03-25,2007.800048828125,2007.800048828125,1977.199951171875,1984.25,1622.4130859375,2429205
2019-03-26,1984.0,1994.949951171875,1958.050048828125,1982.6500244140625,1621.1048583984375,2316539
2019-03-27,1994.0,1998.0,1961.0,1967.9000244140625,1609.044677734375,2266166
2019-03-28,1980.0,2014.5999755859375,1972.800048828125,2000.300048828125,1635.5364990234375,4054489
2019-04-01,2010.0,2039.949951171875,2008.25,2031.6500244140625,1661.1695556640625,2095740
2019-04-02,2037.0999755859375,2086.0,2037.0,2079.300048828125,1700.1302490234375,3719663
2019-04-03,2085.0,2089.60009765625,2058.10009765625,2079.300048828125,1700.1302490234375,2939886
2019-04-04,2078.14990234375,2079.699951171875,2007.4000244140625,2014.5,1647.146728515625,4397518
2019-04-05,2028.6500244140625,2054.39990234375,2018.800048828125,2048.300048828125,1674.7833251953125,3152103
2019-04-08,2059.0,2075.0,2032.699951171875,2070.75,1693.1395263671875,2194294
2019-04-09,2070.0,2098.0,2057.64990234375,2091.5,1710.105224609375,2690970
2019-04-10,2083.0,2085.5,2036.0,2040.25,1668.201416015625,3313062
2019-04-11,2045.0,2055.0,2013.6500244140625,2019.5,1651.2349853515625,3422442
2019-04-12,2038.0,2039.0,2007.0,2014.5,1647.146728515625,3198471
2019-04-15,2070.0,2119.800048828125,2041.0,2113.300048828125,1727.9306640625,9189201
2019-04-16,2120.0,2155.949951171875,2115.550048828125,2131.800048828125,1743.056640625,5771952
2019-04-18,2149.89990234375,2155.0,2114.199951171875,2150.050048828125,1757.978759765625,3413728
2019-04-22,2148.0,2176.0,2145.60009765625,2161.449951171875,1767.2994384765625,2007135
2019-04-23,2163.0,2165.5,2134.050048828125,2155.050048828125,1762.067138671875,2163524
2019-04-24,2158.0,2195.0,2156.10009765625,2183.449951171875,1785.287841796875,3003071
2019-04-25,2175.0,2205.0,2168.050048828125,2195.0,1794.7320556640625,4211526
2019-04-26,2203.0,2243.949951171875,2193.14990234375,2238.550048828125,1830.3402099609375,2716958
2019-04-30,2238.550048828125,2266.949951171875,2230.10009765625,2260.35009765625,1848.1649169921875,3488395
2019-05-02,2255.0,2259.39990234375,2211.10009765625,2215.39990234375,1811.4114990234375,2457699
2019-05-03,2185.0,2186.050048828125,2125.0,2132.0,1743.219970703125,3780886
2019-05-06,2110.0,2165.0,2108.5,2157.85009765625,1764.3564453125,2891422
2019-05-07,2160.050048828125,2184.35009765625,2138.800048828125,2151.949951171875,1759.5321044921875,2201698
2019-05-08,2151.0,2168.0,2130.39990234375,2152.85009765625,1760.26806640625,1824895
2019-05-09,2145.0,2184.10009765625,2136.10009765625,2172.550048828125,1776.3759765625,2264162
2019-05-10,2175.0,2192.0,2125.85009765625,2135.800048828125,1746.32763671875,2039633
2019-05-13,2133.0,2167.0,2121.64990234375,2128.75,1740.562744140625,1701744
2019-05-14,2135.0,2159.800048828125,2072.35009765625,2092.35009765625,1710.8009033203125,2456110
2019-05-15,2097.0,2124.0,2084.5,2095.39990234375,1713.294189453125,2346876
2019-05-16,2096.0,2124.0,2077.050048828125,2108.75,1724.2098388671875,1946529
2019-05-17,2112.60009765625,2135.0,2090.0,2095.449951171875,1713.335205078125,1947908
2019-05-20,2125.0,2151.39990234375,2050.0,2143.949951171875,1752.990966796875,2625116
2019-05-21,2148.050048828125,2148.699951171875,2102.550048828125,2109.75,1725.02734375,1863157
2019-05-22,2110.0,2121.949951171875,2075.0,2081.75,1702.133544921875,2595795
2019-05-23,2098.0,2115.35009765625,2050.0,2054.050048828125,1679.4847412109375,2541294
2019-05-24,2070.0,2070.0,2032.25,2048.0,1674.5377197265625,2274208
2019-05-27,2054.800048828125,2068.949951171875,2040.0999755859375,2055.14990234375,1680.3841552734375,2329820
2019-05-28,2060.0,2097.5,2045.0,2073.75,1695.59228515625,5872979
2019-05-29,2080.0,2123.699951171875,2077.10009765625,2107.550048828125,1723.228759765625,3281320
2019-05-30,2123.0,2156.550048828125,2114.39990234375,2146.300048828125,1754.91259765625,4971725
2019-05-31,2160.0,2204.949951171875,2152.25,2196.550048828125,1795.9990234375,4265370
2019-06-03,2201.0,2247.64990234375,2185.64990234375,2242.300048828125,1833.40673828125,3682419
2019-06-04,2224.0,2224.0,2175.0,2183.10009765625,1799.4471435546875,2408658
2019-06-06,2199.0,2199.0,2152.0,2166.10009765625,1785.4345703125,3735467
2019-06-07,2174.0,2189.800048828125,2142.10009765625,2181.75,1798.3341064453125,2659446
2019-06-10,2196.699951171875,2235.85009765625,2185.5,2231.5,1839.341064453125,2080593
2019-06-11,2237.0,2263.949951171875,2231.0,2252.800048828125,1856.8975830078125,3048937
2019-06-12,2245.0,2266.89990234375,2219.0,2260.89990234375,1863.574462890625,2404448
2019-06-13,2264.0,2285.0,2243.050048828125,2254.10009765625,1857.9698486328125,3320916
2019-06-14,2257.25,2263.10009765625,2234.0,2254.5,1858.2996826171875,2131408
2019-06-17,2256.0,2262.0,2241.449951171875,2249.199951171875,1853.9306640625,1489497
2019-06-18,2244.0,2260.0,2231.199951171875,2250.85009765625,1855.290771484375,1877447
2019-06-19,2255.0,2276.0,2243.14990234375,2259.89990234375,1862.75,1652817
2019-06-20,2230.0,2284.0,2212.0,2277.949951171875,1877.628173828125,2199377
2019-06-21,2285.0,2292.5,2242.0,2249.85009765625,1854.4666748046875,3871804
2019-06-24,2254.14990234375,2280.0,2250.800048828125,2275.5,1875.6090087890625,1382424
2019-06-25,2270.0,2274.449951171875,2250.5,2267.800048828125,1869.26220703125,1386077
2019-06-26,2265.0,2266.800048828125,2250.0,2254.199951171875,1858.0518798828125,1762224
2019-06-27,2255.0,2264.0,2241.300048828125,2252.550048828125,1856.6920166015625,2813464
2019-06-28,2260.0,2261.949951171875,2222.5,2227.199951171875,1835.797119140625,2372928
2019-07-01,2235.0,2255.0,2206.60009765625,2239.550048828125,1845.9761962890625,2769940
2019-07-02,2244.89990234375,2257.0,2216.449951171875,2252.10009765625,1856.3211669921875,1771746
2019-07-03,2252.199951171875,2258.800048828125,2232.0,2237.64990234375,1844.41015625,1656881
2019-07-04,2234.0,2252.0,2230.10009765625,2242.64990234375,1848.53173828125,984140
2019-07-05,2247.0,2250.0,2140.0,2163.10009765625,1782.961669921875,4088470
2019-07-08,2149.0,2188.800048828125,2132.10009765625,2175.39990234375,1793.099853515625,2788062
2019-07-09,2174.0,2174.39990234375,2104.550048828125,2133.35009765625,1758.4398193359375,3977224
2019-07-10,2080.0,2127.85009765625,2071.300048828125,2108.199951171875,1737.709716796875,6343581
2019-07-11,2128.0,2129.0,2086.050048828125,2102.550048828125,1733.0528564453125,2400346
2019-07-12,2102.10009765625,2119.75,2093.10009765625,2107.60009765625,1737.2152099609375,1560725
2019-07-15,2125.0,2153.60009765625,2098.0,2145.699951171875,1768.619873046875,2900415
2019-07-16,2126.0,2132.5,2100.0,2106.0,1739.9508056640625,2735399
2019-07-17,2108.0,2125.0,2092.10009765625,2117.25,1749.2454833984375,1802969
2019-07-18,2116.199951171875,2116.199951171875,2060.0,2065.949951171875,1706.8621826171875,3072096
2019-07-19,2077.0,2097.0,2062.5,2076.949951171875,1715.9501953125,1953177
2019-07-22,2077.0,2117.449951171875,2068.800048828125,2109.89990234375,1743.1728515625,1920167
2019-07-23,2127.89990234375,2130.0,2102.39990234375,2112.449951171875,1745.2794189453125,3538588
2019-07-24,2110.0,2120.800048828125,2076.5,2096.800048828125,1732.35009765625,2413196
2019-07-25,2108.89990234375,2135.0,2092.550048828125,2127.89990234375,1758.044189453125,2544464
2019-07-26,2129.800048828125,2129.800048828125,2095.0,2109.050048828125,1742.470947265625,1720592
2019-07-29,2110.800048828125,2142.0,2103.300048828125,2130.0,1759.7791748046875,1647090
2019-07-30,2130.0,2185.0,2120.449951171875,2179.14990234375,1800.3863525390625,2851672
2019-07-31,2171.75,2211.699951171875,2147.14990234375,2205.699951171875,1822.3214111328125,3000677
2019-08-01,2200.0,2217.5,2166.25,2180.050048828125,1801.1304931640625,2375236
2019-08-02,2173.0,2210.0,2165.5,2205.300048828125,1821.990966796875,2500816
2019-08-05,2199.89990234375,2252.25,2195.60009765625,2248.60009765625,1857.7655029296875,3039682
2019-08-06,2232.800048828125,2251.949951171875,2211.449951171875,2214.89990234375,1829.922119140625,2885467
2019-08-07,2230.0,2238.5,2207.25,2213.449951171875,1828.724853515625,2165362
2019-08-08,2228.89990234375,2281.0,2218.89990234375,2258.10009765625,1865.6136474609375,2073298
2019-08-09,2260.0,2267.89990234375,2241.35009765625,2246.25,1855.8232421875,1744550
2019-08-13,2245.0,2246.25,2194.300048828125,2199.449951171875,1817.15771484375,1647281
2019-08-14,2181.10009765625,2217.85009765625,2167.39990234375,2204.39990234375,1821.247314453125,1945002
2019-08-16,2241.39990234375,2241.39990234375,2143.25,2165.10009765625,1788.778564453125,3755507
2019-08-19,2180.0,2186.0,2157.699951171875,2163.0,1787.0430908203125,974884
2019-08-20,2172.0,2205.0,2166.5,2186.75,1806.66552734375,1843611
2019-08-21,2184.949951171875,2202.0,2182.25,2186.199951171875,1806.2108154296875,1214408
2019-08-22,2187.0,2235.64990234375,2170.0,2216.0,1830.83154296875,2131601
2019-08-23,2214.949951171875,2259.89990234375,2213.89990234375,2247.699951171875,1857.021728515625,2826425
2019-08-26,2247.0,2282.0,2225.0,2276.300048828125,1880.650634765625,2345475
2019-08-27,2270.0,2274.85009765625,2229.0,2236.5,1847.7685546875,3432106
2019-08-28,2240.0,2252.14990234375,2216.0,2239.25,1850.0404052734375,1294621
2019-08-29,2222.199951171875,2248.199951171875,2222.199951171875,2233.449951171875,1845.248291015625,1670652
2019-08-30,2241.0,2266.0,2218.0,2259.60009765625,1866.85302734375,2583625
2019-09-03,2270.0,2296.199951171875,2236.949951171875,2251.60009765625,1860.2435302734375,2545060
2019-09-04,2265.0,2270.0,2233.0,2245.39990234375,1855.1212158203125,2228092
2019-09-05,2242.199951171875,2253.64990234375,2207.300048828125,2215.300048828125,1830.2532958984375,2055943
2019-09-06,2216.0,2233.5,2192.60009765625,2197.5,1815.5469970703125,1890550
2019-09-09,2200.0,2202.85009765625,2179.800048828125,2182.85009765625,1803.4429931640625,1703945
2019-09-11,2186.0,2195.0,2146.550048828125,2154.0,1779.60791015625,2627440
2019-09-12,2155.0,2165.0,2120.35009765625,2133.60009765625,1762.7532958984375,2118859
2019-09-13,2135.0,2157.949951171875,2115.550048828125,2141.949951171875,1769.652099609375,2291174
2019-09-16,2159.949951171875,2173.39990234375,2126.39990234375,2150.0,1776.302978515625,2597948
2019-09-17,2154.949951171875,2156.550048828125,2105.60009765625,2122.64990234375,1753.706787109375,2796530
2019-09-18,2126.39990234375,2142.949951171875,2113.14990234375,2138.550048828125,1766.8433837890625,1454663
2019-09-19,2135.0,2135.800048828125,2091.0,2101.949951171875,1736.6048583984375,1652691
2019-09-20,2104.89990234375,2129.39990234375,2057.0,2065.449951171875,1706.4490966796875,6941979
2019-09-23,2099.0,2099.0,1975.0,2015.800048828125,1665.4288330078125,6323401
2019-09-24,2015.0,2061.0,2013.0,2044.699951171875,1689.3052978515625,4620978
2019-09-25,2065.0,2092.0,2060.050048828125,2088.449951171875,1725.451416015625,4002232
2019-09-26,2097.89990234375,2107.0,2063.0,2087.60009765625,1724.7490234375,4234281
2019-09-27,2085.0,2085.199951171875,2051.39990234375,2056.14990234375,1698.7647705078125,2046795
2019-09-30,2061.85009765625,2104.0,2060.0,2099.300048828125,1734.415283203125,2620039
2019-10-01,2095.949951171875,2095.949951171875,2039.699951171875,2059.949951171875,1701.904541015625,3342877
2019-10-03,2070.0,2081.14990234375,2046.1500244140625,2060.25,1702.1527099609375,2317618
2019-10-04,2060.60009765625,2087.949951171875,2054.949951171875,2079.35009765625,1717.93310546875,2163251
2019-10-07,2080.0,2094.5,2041.0,2047.699951171875,1691.7841796875,2177916
2019-10-09,2060.0,2060.0,2015.5,2020.0999755859375,1668.9810791015625,2066920
2019-10-10,2028.0,2039.050048828125,1997.0999755859375,2004.449951171875,1656.0513916015625,2881452
2019-10-11,1931.0,1995.0,1925.0,1986.8499755859375,1641.51025390625,12593069
2019-10-14,1995.0,2032.75,1968.0,2021.0,1669.72509765625,3510704
2019-10-15,2032.0,2047.0,2022.699951171875,2037.300048828125,1683.19189453125,2261310
2019-10-16,2038.0,2056.0,2016.0,2046.4000244140625,1690.710205078125,3034082
2019-10-17,2014.0,2038.0,1999.300048828125,2030.949951171875,1715.6728515625,3818774
2019-10-18,2037.5,2063.89990234375,2025.0,2057.35009765625,1737.9747314453125,3087901
2019-10-22,2080.0,2111.5,2040.050048828125,2051.39990234375,1732.947998046875,5552505
2019-10-23,2060.0,2083.85009765625,2052.5,2070.10009765625,1748.7452392578125,2348134
2019-10-24,2084.0,2099.0,2061.300048828125,2082.0,1758.7977294921875,2798671
2019-10-25,2094.0,2130.0,2075.050048828125,2124.949951171875,1795.0806884765625,3954245
2019-10-27,2129.0,2129.0,2108.800048828125,2115.699951171875,1787.2666015625,224405
2019-10-29,2121.5,2201.699951171875,2121.5,2194.85009765625,1854.1295166015625,5064173
2019-10-30,2225.0,2260.0,2176.85009765625,2252.800048828125,1903.083984375,5195136
2019-10-31,2250.0,2284.949951171875,2237.0,2269.64990234375,1917.3177490234375,4879261
2019-11-01,2264.0,2275.0,2195.0,2200.89990234375,1859.2403564453125,4172620
2019-11-04,2207.0,2229.199951171875,2180.89990234375,2193.949951171875,1853.3695068359375,2646411
2019-11-05,2197.0,2211.0,2169.0,2201.85009765625,1860.04296875,2693475
2019-11-06,2200.0,2210.800048828125,2179.0,2188.5,1848.7659912109375,2540719
2019-11-07,2204.5,2204.5,2175.199951171875,2185.35009765625,1846.1043701171875,1915598
2019-11-08,2189.60009765625,2189.60009765625,2124.0,2129.949951171875,1799.3043212890625,2788759
2019-11-11,2135.0,2139.0,2091.0,2100.949951171875,1774.8060302734375,2983768
2019-11-13,2118.0,2183.800048828125,2118.0,2178.60009765625,1840.4022216796875,3823365
2019-11-14,2187.5,2200.0,2146.699951171875,2196.800048828125,1855.7764892578125,2995915
2019-11-15,2196.0,2211.5,2168.75,2174.449951171875,1836.896484375,2724180
2019-11-18,2178.39990234375,2187.75,2148.75,2152.60009765625,1818.4383544921875,1611089
2019-11-19,2153.0,2154.64990234375,2105.0,2108.800048828125,1781.4376220703125,2975313
2019-11-20,2121.949951171875,2135.0,2094.5,2108.550048828125,1781.2264404296875,2894129
2019-11-21,2112.0,2126.60009765625,2107.39990234375,2118.10009765625,1789.294189453125,2052574
2019-11-22,2097.0,2107.0,2060.5,2071.699951171875,1750.0970458984375,3742049
2019-11-25,2074.550048828125,2084.949951171875,2052.199951171875,2081.5,1758.37548828125,2737010
2019-11-26,2089.85009765625,2097.89990234375,2035.050048828125,2046.6500244140625,1728.935546875,6561580
2019-11-27,2052.0,2071.699951171875,2046.550048828125,2054.300048828125,1735.398193359375,2907521
2019-11-28,2067.050048828125,2094.39990234375,2060.0,2077.35009765625,1754.8701171875,2924429
2019-11-29,2085.0,2085.0,2045.800048828125,2053.25,1734.5108642578125,2064271
2019-12-02,2060.0,2067.699951171875,2016.0,2021.050048828125,1707.3096923828125,3809860
2019-12-03,2027.699951171875,2062.0,2010.0,2051.0,1732.6104736328125,4664774
2019-12-04,2053.0,2082.0,2045.5,2078.5,1755.8411865234375,3334301
2019-12-05,2083.0,2126.800048828125,2068.35009765625,2121.300048828125,1791.9970703125,3902721
2019-12-06,2124.0,2128.0,2101.0,2123.60009765625,1793.9400634765625,1829461
2019-12-09,2127.949951171875,2127.949951171875,2053.5,2060.449951171875,1740.5933837890625,2244747
2019-12-10,2060.0,2060.85009765625,2003.25,2012.8499755859375,1700.382568359375,4520045
2019-12-11,2025.4000244140625,2048.0,2006.75,2041.9000244140625,1724.9228515625,4943024
2019-12-12,2051.10009765625,2083.64990234375,1984.0,2020.9000244140625,1707.1827392578125,7137306
2019-12-13,2023.0,2077.39990234375,2007.0,2071.25,1749.7169189453125,5711133
2019-12-16,2096.0,2136.0,2080.300048828125,2126.75,1796.6014404296875,5574177
2019-12-17,2126.5,2169.0,2119.0,2164.949951171875,1828.8709716796875,6059673
2019-12-18,2174.0,2203.449951171875,2153.0,2167.75,1831.236328125,8251081
2019-12-19,2179.800048828125,2236.5,2167.550048828125,2229.050048828125,1883.0205078125,6251505
2019-12-20,2220.0,2246.699951171875,2208.25,2222.89990234375,1877.8255615234375,5548338
2019-12-23,2210.0,2241.949951171875,2210.0,2231.699951171875,1885.25927734375,2247329
2019-12-24,2239.0,2243.550048828125,2211.14990234375,2215.60009765625,1871.6588134765625,1805896
2019-12-26,2216.39990234375,2229.0,2195.199951171875,2201.949951171875,1860.1273193359375,1880367
2019-12-27,2208.0,2226.39990234375,2176.0,2198.5,1857.213134765625,2720261
2019-12-30,2207.0,2225.0,2177.10009765625,2183.199951171875,1844.2880859375,2288830
2019-12-31,2189.0,2197.0,2157.449951171875,2161.699951171875,1826.125244140625,1909289
2020-01-01,2168.0,2183.89990234375,2154.0,2167.60009765625,1831.1097412109375,1354908
2020-01-02,2179.949951171875,2179.949951171875,2149.199951171875,2157.64990234375,1822.7041015625,2380752
2020-01-03,2164.0,2223.0,2164.0,2200.64990234375,1859.0291748046875,4655761
2020-01-06,2205.0,2225.949951171875,2187.89990234375,2200.449951171875,1858.8599853515625,3023209
2020-01-07,2200.5,2214.64990234375,2183.800048828125,2205.85009765625,1863.4224853515625,2429317
2020-01-08,2205.0,2260.0,2202.050048828125,2255.25,1905.1531982421875,5197454
2020-01-09,2248.75,2251.949951171875,2210.0,2214.35009765625,1870.6024169921875,3734173
2020-01-10,2228.0,2234.0,2208.0,2213.550048828125,1869.9266357421875,1915807
2020-01-13,2217.85009765625,2218.949951171875,2184.699951171875,2190.35009765625,1850.327880859375,2843893
2020-01-14,2195.0,2229.800048828125,2195.0,2206.89990234375,1864.309326171875,2948452
2020-01-15,2213.0,2231.0,2194.199951171875,2226.89990234375,1881.20458984375,2620681
2020-01-16,2226.949951171875,2249.0,2215.0,2238.800048828125,1891.2569580078125,3117214
2020-01-17,2240.75,2253.550048828125,2213.0,2219.10009765625,1874.615234375,3281059
2020-01-20,2194.89990234375,2242.199951171875,2156.199951171875,2170.35009765625,1833.4332275390625,5817599
2020-01-21,2169.949951171875,2186.550048828125,2158.050048828125,2171.050048828125,1834.0245361328125,1902980
2020-01-22,2181.0,2210.0,2173.699951171875,2206.89990234375,1864.309326171875,1773686
2020-01-23,2209.800048828125,2217.75,2183.699951171875,2190.949951171875,1855.037353515625,2069866
2020-01-24,2190.949951171875,2190.949951171875,2170.0,2183.39990234375,1848.64501953125,1319430
2020-01-27,2189.699951171875,2193.449951171875,2165.0,2169.25,1836.664794921875,1549101
2020-01-28,2174.0,2187.800048828125,2152.0,2183.75,1848.941650390625,1743024
2020-01-29,2185.0,2186.949951171875,2150.0,2154.60009765625,1824.2608642578125,2306761
2020-01-30,2160.0,2165.0,2125.0,2137.85009765625,1810.0791015625,2098567
2020-01-31,2139.39990234375,2144.35009765625,2071.60009765625,2079.050048828125,1760.2940673828125,3287223
2020-02-03,2152.0,2194.699951171875,2093.199951171875,2102.5,1780.1488037109375,4728073
2020-02-04,2129.0,2136.699951171875,2086.60009765625,2107.75,1784.59375,3509339
2020-02-05,2115.0,2156.699951171875,2104.300048828125,2146.550048828125,1817.445068359375,2439322
2020-02-06,2145.0,2174.199951171875,2115.5,2128.35009765625,1802.0352783203125,2640065
2020-02-07,2139.0,2151.0,2119.0,2136.550048828125,1808.978271484375,2083442
2020-02-10,2140.89990234375,2167.0,2119.0,2161.949951171875,1830.48388671875,2383032
2020-02-11,2163.0,2174.800048828125,2147.60009765625,2153.39990234375,1823.2447509765625,1335820
2020-02-12,2151.10009765625,2185.0,2150.0,2170.75,1837.9351806640625,1620407
2020-02-13,2172.949951171875,2197.0,2171.0,2191.949951171875,1855.88427734375,1645948
2020-02-14,2188.0,2212.0,2171.0,2184.199951171875,1849.3231201171875,1500115
2020-02-17,2196.949951171875,2217.0,2190.199951171875,2203.25,1865.4525146484375,1774724
2020-02-18,2199.949951171875,2221.0,2186.050048828125,2215.75,1876.03564453125,2486223
2020-02-19,2215.75,2230.0,2190.5,2196.35009765625,1859.6102294921875,1760463
2020-02-20,2204.5,2214.39990234375,2151.25,2156.800048828125,1826.123291015625,2317278
2020-02-24,2156.0,2178.949951171875,2106.699951171875,2115.35009765625,1791.028564453125,3092877
2020-02-25,2115.5,2176.64990234375,2111.0,2156.14990234375,1825.5732421875,2674567
2020-02-26,2154.0,2163.89990234375,2112.949951171875,2123.60009765625,1798.01416015625,2686842
2020-02-27,2119.949951171875,2119.949951171875,2086.199951171875,2105.5,1782.6893310546875,2349001
2020-02-28,2068.0,2069.5,1990.0,2000.1500244140625,1693.4910888671875,4298076
2020-03-02,2035.0,2053.949951171875,1985.699951171875,2001.300048828125,1694.4644775390625,2667076
2020-03-03,2020.0,2060.0,2012.0,2036.199951171875,1724.0140380859375,2757585
2020-03-04,2056.0,2094.449951171875,2025.0,2083.199951171875,1763.8079833984375,3237002
2020-03-05,2085.699951171875,2147.75,2084.050048828125,2125.050048828125,1799.2413330078125,3937056
2020-03-06,2098.0,2123.64990234375,2071.60009765625,2116.449951171875,1791.9598388671875,2595027
2020-03-09,2075.0,2079.89990234375,1935.0,1972.3499755859375,1669.9532470703125,4940975
2020-03-11,1933.0,1987.300048828125,1920.0,1953.699951171875,1654.1627197265625,6796449
2020-03-12,1904.0,1908.4000244140625,1758.3499755859375,1769.8499755859375,1498.5,8728786
2020-03-13,1687.9000244140625,1820.0,1506.050048828125,1806.300048828125,1529.36181640625,8029720
2020-03-16,1755.0,1842.25,1675.8499755859375,1696.4000244140625,1436.3111572265625,7844271
2020-03-17,1730.0,1731.0,1623.1500244140625,1658.0,1403.7989501953125,5713248
2020-03-18,1676.800048828125,1713.550048828125,1627.75,1654.4000244140625,1400.7508544921875,7258778
2020-03-19,1559.699951171875,1685.449951171875,1546.75,1636.3499755859375,1395.5909423828125,5135111
2020-03-20,1630.0,1869.0,1627.0,1797.449951171875,1532.9876708984375,8547498
2020-03-23,1620.0,1750.0,1617.75,1669.699951171875,1424.033935546875,7003490
2020-03-24,1653.050048828125,1770.0,1632.8499755859375,1703.1500244140625,1452.5623779296875,6350865
2020-03-25,1700.0,1810.0,1680.0,1750.300048828125,1492.775146484375,2765520
2020-03-26,1831.5999755859375,1832.050048828125,1722.550048828125,1790.949951171875,1527.4442138671875,4556067
2020-03-27,1820.0,1850.0,1750.4000244140625,1824.5,1556.05810546875,4331250
2020-03-30,1766.0,1905.0,1763.550048828125,1778.5,1516.825927734375,8513547
2020-03-31,1837.4000244140625,1855.0,1780.0,1826.0999755859375,1557.4224853515625,3927593
2020-04-01,1825.9000244140625,1834.75,1702.0,1708.75,1457.338134765625,4941878
2020-04-03,1740.0,1740.0,1650.0,1654.199951171875,1410.8148193359375,5735369
2020-04-07,1710.0,1785.8499755859375,1705.0,1775.199951171875,1514.0113525390625,5427577
2020-04-08,1760.0,1806.0,1701.0,1705.449951171875,1454.524169921875,6285615
2020-04-09,1750.449951171875,1778.800048828125,1731.199951171875,1766.1500244140625,1506.292724609375,5307397
2020-04-13,1761.0,1787.0,1746.0,1759.25,1500.4080810546875,2990438
2020-04-15,1785.0,1812.0,1727.800048828125,1735.1500244140625,1479.854248046875,4761399
2020-04-16,1709.949951171875,1764.9000244140625,1675.050048828125,1716.050048828125,1463.5645751953125,6245533
2020-04-17,1800.0,1851.949951171875,1753.0,1806.199951171875,1540.4503173828125,9895823
2020-04-20,1830.0,1830.0,1802.5,1818.6500244140625,1551.068603515625,3244282
2020-04-21,1765.0,1794.5999755859375,1727.699951171875,1737.6500244140625,1481.9864501953125,5122541
2020-04-22,1737.6500244140625,1790.0,1719.1500244140625,1769.5,1509.1502685546875,3829836
2020-04-23,1780.0,1900.0,1760.8499755859375,1878.25,1601.899658203125,5934366
2020-04-24,1840.699951171875,1851.949951171875,1807.800048828125,1818.550048828125,1550.983642578125,2987102
2020-04-27,1832.300048828125,1875.0,1825.0,1836.5999755859375,1566.377685546875,3374741
2020-04-28,1865.0,1868.0,1832.5999755859375,1859.050048828125,1585.5247802734375,2678505
2020-04-29,1874.0,1912.550048828125,1850.050048828125,1905.6500244140625,1625.2684326171875,4241510
2020-04-30,1980.0,2032.0,1942.199951171875,2014.449951171875,1718.060302734375,5915544
2020-05-04,1966.0,1966.0,1913.6500244140625,1930.449951171875,1646.41943359375,3729348
2020-05-05,1955.0999755859375,1977.0,1927.0,1932.75,1648.380615234375,2905528
2020-05-06,1939.800048828125,1953.699951171875,1893.5999755859375,1903.5999755859375,1623.52001953125,3517431
2020-05-07,1910.0,1934.449951171875,1883.3499755859375,1891.6500244140625,1613.32763671875,3166754
2020-05-08,1939.0999755859375,1939.5,1886.25,1893.4000244140625,1614.8206787109375,2686530
2020-05-11,1909.0,1951.4000244140625,1909.0,1935.300048828125,1650.5555419921875,2449841
2020-05-12,1933.4000244140625,1956.5,1910.25,1949.5,1662.66650390625,3256595
2020-05-13,1994.0,1994.0,1925.6500244140625,1949.6500244140625,1662.7943115234375,2656665
2020-05-14,1910.0,1923.0999755859375,1891.0999755859375,1902.3499755859375,1622.45361328125,2263146
2020-05-15,1916.0,1917.4000244140625,1865.199951171875,1892.9000244140625,1614.394287109375,3173682
2020-05-18,1907.0,1952.949951171875,1872.0999755859375,1945.5999755859375,1659.3402099609375,3727694
2020-05-19,1903.0,1966.449951171875,1903.0,1948.6500244140625,1661.9412841796875,3198693
2020-05-20,1950.0,1962.9000244140625,1931.699951171875,1953.5999755859375,1666.1634521484375,2778505
2020-05-21,1946.0,1998.0,1941.1500244140625,1991.199951171875,1698.2308349609375,3400908
2020-05-22,1977.0999755859375,2032.0,1961.25,2020.3499755859375,1723.0921630859375,3663418
2020-05-26,2015.0,2024.0,1925.0,1943.0,1657.12255859375,4575317
2020-05-27,1959.0,2010.0,1941.25,2005.300048828125,1710.256591796875,3482160
2020-05-28,1988.5,2014.0,1971.300048828125,2004.300048828125,1709.403564453125,3475681
2020-05-29,1982.0,2002.6500244140625,1962.4000244140625,1972.3499755859375,1682.1544189453125,7237735
2020-06-01,1990.0,2060.0,1981.0999755859375,2045.25,1744.3284912109375,3747773
2020-06-02,2060.199951171875,2081.0,2040.050048828125,2047.1500244140625,1745.94921875,2443886
2020-06-03,2051.85009765625,2063.75,2020.0,2046.1500244140625,1750.2257080078125,3699799
2020-06-04,2046.75,2100.0,2046.75,2091.550048828125,1789.060302734375,4048593
2020-06-05,2091.60009765625,2098.0,2040.300048828125,2048.25,1752.02197265625,3573289
2020-06-08,2078.25,2095.0,2062.10009765625,2071.75,1772.12353515625,2957841
2020-06-09,2063.10009765625,2095.5,2060.25,2072.050048828125,1772.3798828125,2909439
2020-06-10,2077.050048828125,2132.0,2073.5,2108.75,1803.7720947265625,5168397
2020-06-11,2100.0,2105.0,2061.800048828125,2067.64990234375,1768.6163330078125,2269513
2020-06-12,2011.199951171875,2049.199951171875,2011.0,2039.5,1744.5374755859375,2842642
2020-06-15,2039.0999755859375,2059.0,2000.949951171875,2029.9000244140625,1736.3260498046875,2399022
2020-06-16,2065.0,2073.949951171875,2031.0,2045.800048828125,1749.9263916015625,2146528
2020-06-17,2046.0,2058.85009765625,2026.550048828125,2047.800048828125,1751.6373291015625,2703527
2020-06-18,2045.0,2059.199951171875,2025.199951171875,2038.0999755859375,1743.3404541015625,1944389
2020-06-19,2042.0,2090.0,2032.0,2044.5999755859375,1748.9002685546875,5681758
2020-06-22,2050.0,2052.25,2019.1500244140625,2027.949951171875,1734.6583251953125,3196138
2020-06-23,2027.0,2044.0,2010.0,2035.300048828125,1740.9449462890625,4205944
2020-06-24,2034.0,2064.25,2031.5999755859375,2042.199951171875,1746.84716796875,2560937
2020-06-25,2035.0,2060.0,2009.25,2016.0999755859375,1724.521728515625,3043931
2020-06-26,2025.0,2132.0,2019.949951171875,2118.85009765625,1812.4114990234375,6300722
2020-06-29,2108.0,2127.60009765625,2091.300048828125,2101.64990234375,1797.698974609375,3076341
2020-06-30,2100.0,2111.89990234375,2075.050048828125,2082.14990234375,1781.019287109375,3071725
2020-07-01,2079.699951171875,2113.949951171875,2079.5,2092.050048828125,1789.4874267578125,2503466
2020-07-02,2102.0,2165.0,2098.0,2157.14990234375,1845.1724853515625,3758699
2020-07-03,2163.64990234375,2205.0,2160.25,2199.64990234375,1881.52587890625,4185208
2020-07-06,2205.0,2269.89990234375,2205.0,2263.199951171875,1935.88525390625,5190366
2020-07-07,2275.0,2302.699951171875,2232.14990234375,2269.89990234375,1941.6153564453125,5630055
2020-07-08,2270.0,2274.39990234375,2207.60009765625,2218.89990234375,1897.9918212890625,2793358
2020-07-09,2229.0,2244.5,2191.050048828125,2204.35009765625,1885.5465087890625,3443998
2020-07-10,2205.25,2249.85009765625,2176.0,2222.35009765625,1900.9427490234375,9610320
2020-07-13,2220.0,2244.949951171875,2210.0,2220.0,1898.9329833984375,2963503
2020-07-14,2210.0,2239.0,2165.0,2171.949951171875,1857.83203125,2976738
2020-07-15,2185.0,2260.0,2181.10009765625,2233.89990234375,1910.822265625,5569321
2020-07-16,2244.0,2333.0,2220.10009765625,2234.75,1915.8375244140625,8582118
2020-07-17,2237.0,2243.89990234375,2190.050048828125,2200.75,1886.690185546875,4509135
2020-07-20,2201.0,2226.89990234375,2190.800048828125,2207.89990234375,1892.819091796875,2952646
2020-07-21,2230.0,2238.64990234375,2201.14990234375,2225.050048828125,1907.52197265625,2665286
2020-07-22,2231.0,2231.0,2184.199951171875,2190.949951171875,1878.287841796875,2861534
2020-07-23,2190.949951171875,2190.949951171875,2163.0,2171.199951171875,1861.3564453125,2265766
2020-07-24,2154.5,2163.0,2125.10009765625,2157.39990234375,1849.5257568359375,3665100
2020-07-27,2165.0,2215.0,2163.5,2206.800048828125,1891.876220703125,4248480
2020-07-28,2215.0,2320.0,2215.0,2309.75,1980.1348876953125,8092319
2020-07-29,2292.0,2342.0,2246.050048828125,2276.050048828125,1951.2442626953125,6090431
2020-07-30,2285.89990234375,2358.0,2272.25,2279.5,1954.2020263671875,7098496
2020-07-31,2303.14990234375,2334.800048828125,2257.449951171875,2281.39990234375,1955.8297119140625,4723290
2020-08-03,2290.449951171875,2303.85009765625,2230.699951171875,2254.14990234375,1932.4686279296875,4012337
2020-08-04,2259.949951171875,2269.64990234375,2225.050048828125,2249.699951171875,1928.6544189453125,2927928
2020-08-05,2260.0,2300.0,2253.0,2259.5,1937.0555419921875,3800641
2020-08-06,2275.0,2319.5,2265.35009765625,2308.10009765625,1978.72021484375,4748047
2020-08-07,2308.0,2328.0,2287.0,2295.35009765625,1967.78955078125,3165491
2020-08-10,2318.0,2325.0,2276.050048828125,2282.800048828125,1957.0306396484375,2929353
2020-08-11,2283.0,2312.0,2275.60009765625,2279.89990234375,1954.5445556640625,2774423
2020-08-12,2288.35009765625,2296.39990234375,2246.550048828125,2257.35009765625,1935.2127685546875,3415751
2020-08-13,2273.0,2300.0,2250.5,2254.449951171875,1932.7264404296875,2695682
2020-08-14,2277.0,2281.300048828125,2233.10009765625,2242.14990234375,1922.1817626953125,2270405
2020-08-17,2263.0,2270.0,2238.25,2253.39990234375,1931.8260498046875,2625630
2020-08-18,2262.800048828125,2289.0,2248.300048828125,2269.75,1945.843505859375,3493374
2020-08-19,2276.35009765625,2284.60009765625,2252.5,2256.60009765625,1934.5693359375,2843005
2020-08-20,2257.0,2276.550048828125,2240.050048828125,2252.85009765625,1931.3548583984375,2895164
2020-08-21,2260.0,2271.0,2241.050048828125,2248.60009765625,1927.711181640625,1975294
2020-08-24,2250.60009765625,2259.949951171875,2230.0,2248.10009765625,1927.28271484375,2167966
2020-08-25,2245.0,2250.0,2233.550048828125,2242.64990234375,1922.6103515625,1663419
2020-08-26,2242.0,2259.89990234375,2216.449951171875,2253.5,1931.9117431640625,2618149
2020-08-27,2266.0,2287.35009765625,2241.75,2248.39990234375,1927.53955078125,3579393
2020-08-28,2268.39990234375,2279.949951171875,2235.10009765625,2238.550048828125,1919.0953369140625,2941136
2020-08-31,2240.0,2276.199951171875,2228.0,2257.25,1935.1265869140625,6018154
2020-09-01,2269.0,2278.0,2241.300048828125,2246.35009765625,1925.7822265625,3610908
2020-09-02,2247.0,2268.75,2241.64990234375,2265.14990234375,1941.8992919921875,2084137
2020-09-03,2268.0,2324.0,2268.0,2299.5,1971.3477783203125,4654146
2020-09-04,2275.0,2324.25,2262.949951171875,2288.800048828125,1962.1741943359375,5231303
2020-09-07,2289.0,2343.5,2283.35009765625,2327.050048828125,1994.9661865234375,4620401
2020-09-08,2335.949951171875,2390.449951171875,2327.050048828125,2348.199951171875,2013.0977783203125,7453998
2020-09-09,2325.0,2359.0,2320.0,2327.64990234375,1995.48095703125,3866535
2020-09-10,2335.0,2348.5,2324.300048828125,2331.14990234375,1998.4808349609375,2308813
2020-09-11,2330.949951171875,2383.0,2330.14990234375,2374.10009765625,2035.3016357421875,4145424
2020-09-14,2384.10009765625,2505.75,2381.85009765625,2491.39990234375,2135.862060546875,7512131
2020-09-15,2491.39990234375,2538.0,2464.60009765625,2491.39990234375,2135.862060546875,7318770
2020-09-16,2488.949951171875,2507.60009765625,2477.300048828125,2503.0,2145.806396484375,3074003
2020-09-17,2480.0,2495.75,2450.60009765625,2460.949951171875,2109.7578125,4828176
2020-09-18,2485.0,2500.39990234375,2436.39990234375,2449.89990234375,2100.284423828125,4183256
2020-09-21,2465.0,2504.89990234375,2452.14990234375,2465.300048828125,2113.486572265625,4598809
2020-09-22,2485.0,2555.0,2458.0,2522.949951171875,2162.909912109375,7499613
2020-09-23,2510.0,2519.85009765625,2409.0,2467.449951171875,2115.330078125,7502280
2020-09-24,2450.0,2450.0,2302.60009765625,2332.25,1999.423583984375,8424708
2020-09-25,2368.0,2440.0,2352.10009765625,2422.300048828125,2076.622802734375,8228267
2020-09-28,2440.0,2444.0,2366.0,2426.300048828125,2080.052490234375,4347166
2020-09-29,2434.85009765625,2511.050048828125,2426.300048828125,2488.39990234375,2133.291015625,6995811
2020-09-30,2489.0,2505.0,2460.0,2492.300048828125,2136.6337890625,3917166
2020-10-01,2510.0,2540.0,2492.300048828125,2523.449951171875,2163.338623046875,2610337
2020-10-05,2620.0,2728.10009765625,2603.050048828125,2705.800048828125,2319.66650390625,17412105
2020-10-06,2736.0,2736.0,2650.10009765625,2714.300048828125,2326.953125,9846367
2020-10-07,2742.0,2770.0,2703.0,2735.949951171875,2345.512939453125,9656101
2020-10-08,2800.0,2885.0,2800.0,2825.699951171875,2422.45556640625,19839329
2020-10-09,2810.0,2829.85009765625,2780.0,2812.949951171875,2411.525146484375,7739245
2020-10-12,2815.5,2854.0,2800.75,2830.0,2426.14208984375,4623203
2020-10-13,2845.0,2854.89990234375,2812.199951171875,2826.550048828125,2423.183837890625,4209878
2020-10-14,2842.0,2842.0,2787.550048828125,2809.60009765625,2418.922607421875,4395936
2020-10-15,2811.0,2827.75,2727.0,2740.60009765625,2359.516845703125,6629355
2020-10-16,2750.10009765625,2771.64990234375,2731.300048828125,2763.300048828125,2379.060302734375,5273773
2020-10-19,2774.0,2774.0,2706.60009765625,2711.550048828125,2334.5068359375,3331194
2020-10-20,2725.0,2759.89990234375,2717.949951171875,2739.0,2358.139404296875,3406273
2020-10-21,2739.0,2749.0,2663.050048828125,2675.39990234375,2303.382568359375,4570143
2020-10-22,2661.0,2686.64990234375,2638.10009765625,2671.14990234375,2299.724365234375,5262294
2020-10-23,2687.800048828125,2702.0,2670.10009765625,2686.800048828125,2313.1982421875,3499091
2020-10-26,2689.949951171875,2709.949951171875,2670.5,2688.199951171875,2314.4033203125,2672752
2020-10-27,2699.75,2718.14990234375,2624.10009765625,2630.14990234375,2264.425537109375,3537502
2020-10-28,2650.0,2655.949951171875,2606.0,2622.199951171875,2257.58056640625,3569445
2020-10-29,2608.0,2655.0,2600.25,2632.64990234375,2266.576904296875,3105968
2020-10-30,2636.10009765625,2674.35009765625,2621.60009765625,2664.85009765625,2294.30078125,3427003
2020-11-02,2660.0,2664.85009765625,2600.050048828125,2604.60009765625,2242.428466796875,2571196
2020-11-03,2604.0,2665.0,2601.050048828125,2633.60009765625,2267.3955078125,2879269
2020-11-04,2610.0,2721.85009765625,2610.0,2653.14990234375,2284.226806640625,4893928
2020-11-05,2685.0,2710.0,2667.0,2685.699951171875,2312.250732421875,2816502
2020-11-06,2699.0,2713.25,2681.300048828125,2707.449951171875,2330.9765625,3884421
2020-11-09,2731.10009765625,2744.0,2695.10009765625,2726.60009765625,2347.464111328125,3646592
2020-11-10,2697.199951171875,2713.14990234375,2638.35009765625,2649.60009765625,2281.171142578125,4760020
2020-11-11,2667.949951171875,2692.800048828125,2643.39990234375,2687.800048828125,2314.05859375,3242441
2020-11-12,2686.0,2713.0,2661.75,2671.050048828125,2299.6376953125,2437505
2020-11-13,2655.75,2664.89990234375,2636.0,2656.85009765625,2287.412841796875,2548093
2020-11-14,2677.949951171875,2689.0,2660.050048828125,2670.35009765625,2299.03515625,298819
2020-11-17,2695.0,2695.0,2650.050048828125,2666.050048828125,2295.333740234375,2827273
2020-11-18,2661.0,2664.199951171875,2607.050048828125,2626.64990234375,2261.412353515625,2893762
2020-11-19,2637.0,2676.14990234375,2630.85009765625,2636.89990234375,2270.236083984375,4167501
2020-11-20,2655.0,2676.0,2627.550048828125,2660.25,2290.340087890625,2711471
2020-11-23,2690.0,2730.0,2665.0,2724.25,2345.4404296875,3706418
2020-11-24,2734.39990234375,2743.0,2705.0,2722.050048828125,2343.546630859375,3120516
2020-11-25,2729.0,2732.949951171875,2688.199951171875,2701.300048828125,2325.681884765625,3302249
2020-11-26,2686.0,2730.949951171875,2680.0,2720.60009765625,2342.29833984375,2341099
2020-11-27,2705.0,2717.699951171875,2669.050048828125,2679.64990234375,2307.0419921875,6086808
2020-12-01,2679.0,2735.89990234375,2624.449951171875,2726.800048828125,2347.635986328125,3605017
2020-12-02,2719.0,2754.699951171875,2702.449951171875,2749.550048828125,2367.22265625,2509032
2020-12-03,2773.89990234375,2773.89990234375,2700.800048828125,2709.449951171875,2332.6982421875,2852548
2020-12-04,2710.800048828125,2738.85009765625,2699.0,2727.550048828125,2348.28173828125,2686527
2020-12-07,2715.0,2744.0,2706.14990234375,2737.699951171875,2357.0205078125,1996400
2020-12-08,2740.0,2805.550048828125,2732.449951171875,2797.300048828125,2408.332763671875,4277818
2020-12-09,2815.0,2840.0,2793.14990234375,2810.800048828125,2419.95556640625,3659996
2020-12-10,2818.0,2827.300048828125,2780.25,2784.300048828125,2397.14111328125,2127801
2020-12-11,2792.699951171875,2807.699951171875,2764.550048828125,2783.60009765625,2396.53759765625,1795408
2020-12-14,2802.0,2804.0,2756.25,2797.699951171875,2408.677490234375,2483658
2020-12-15,2786.0,2794.699951171875,2755.0,2761.550048828125,2377.55419921875,2365509
2020-12-16,2779.0,2819.800048828125,2760.449951171875,2814.199951171875,2422.88330078125,2565149
2020-12-17,2811.0,2853.699951171875,2805.0,2838.199951171875,2443.545654296875,2863460
2020-12-18,2868.0,2898.0,2846.199951171875,2861.0,2463.17578125,6076692
2020-12-21,2861.0,2886.5,2785.0,2820.14990234375,2428.00537109375,2705195
2020-12-22,2834.0,2883.64990234375,2818.64990234375,2872.5,2473.076171875,2881737
2020-12-23,2876.050048828125,2919.0,2865.449951171875,2908.75,2504.28564453125,2790988
2020-12-24,2909.0,2921.35009765625,2883.199951171875,2909.35009765625,2504.801513671875,1807144
2020-12-28,2910.0,2949.699951171875,2902.0,2929.39990234375,2522.064208984375,2108994
2020-12-29,2920.0,2952.0,2920.0,2930.5,2523.011474609375,1994151
2020-12-30,2934.39990234375,2947.699951171875,2902.0,2909.300048828125,2504.759033203125,2637968
2020-12-31,2900.0,2905.0,2845.0,2862.75,2464.681640625,4040956
2021-01-01,2880.0,2940.0,2879.0,2928.25,2521.074462890625,2681440
2021-01-04,2950.0,3050.75,2940.949951171875,3039.449951171875,2616.8115234375,5113293
2021-01-05,3039.60009765625,3114.25,3039.60009765625,3093.0,2662.915283203125,5801309
2021-01-06,3100.0,3113.5,3037.199951171875,3051.5,2627.18603515625,3726716
2021-01-07,3075.0,3080.85009765625,3000.25,3032.800048828125,2611.0859375,3717827
2021-01-08,3090.0,3128.0,3060.0,3120.89990234375,2686.935546875,5879039
2021-01-11,3230.0,3230.0,3146.550048828125,3176.449951171875,2734.761474609375,9508039
2021-01-12,3176.449951171875,3210.0,3150.0,3174.85009765625,2733.38427734375,3611458
2021-01-13,3175.0,3177.0,3126.25,3158.949951171875,2719.69482421875,3572801
2021-01-14,3155.0,3266.5,3120.39990234375,3250.699951171875,2804.013427734375,6931542
2021-01-15,3235.0,3274.0,3210.0,3233.35009765625,2789.047119140625,4131692
2021-01-18,3250.0,3256.75,3187.39990234375,3221.75,2779.040771484375,4160906
2021-01-19,3233.0,3279.0,3232.0,3260.699951171875,2812.638427734375,2975735
2021-01-20,3270.0,3327.949951171875,3267.10009765625,3308.800048828125,2854.129638671875,3453446
2021-01-21,3305.0,3309.14990234375,3262.10009765625,3273.85009765625,2823.982177734375,2778546
2021-01-22,3241.89990234375,3325.0,3241.89990234375,3303.10009765625,2849.212646484375,3052459
2021-01-25,3308.949951171875,3339.800048828125,3278.64990234375,3291.300048828125,2839.033935546875,2272887
2021-01-27,3300.0,3306.449951171875,3227.0,3261.050048828125,2812.940673828125,2786662
2021-01-28,3230.0,3275.0,3183.800048828125,3196.550048828125,2757.30419921875,3083938
2021-01-29,3210.050048828125,3216.85009765625,3100.0,3111.35009765625,2683.81103515625,5445659
2021-02-01,3100.0,3165.0,3044.10009765625,3139.35009765625,2707.9638671875,3985846
2021-02-02,3174.0,3224.0,3150.0,3203.449951171875,2763.255615234375,2881837
2021-02-03,3213.0,3236.0,3162.64990234375,3200.050048828125,2760.322998046875,2505866
2021-02-04,3216.050048828125,3237.85009765625,3176.0,3188.449951171875,2750.3173828125,2057261
2021-02-05,3198.949951171875,3205.85009765625,3129.0,3157.949951171875,2724.00830078125,2366135
2021-02-08,3189.5,3226.0,3155.14990234375,3214.10009765625,2772.442138671875,2526592
2021-02-09,3195.0,3245.800048828125,3164.0,3176.89990234375,2740.35400390625,2658751
2021-02-10,3185.0,3219.39990234375,3157.300048828125,3213.300048828125,2771.751708984375,2127983
2021-02-11,3215.0,3219.300048828125,3185.050048828125,3206.0,2765.455322265625,1165882
2021-02-12,3184.199951171875,3245.5,3182.0,3190.800048828125,2752.34423828125,2777404
2021-02-15,3209.0,3209.0,3131.550048828125,3139.85009765625,2708.395263671875,2630853
2021-02-16,3150.0,3167.64990234375,3100.0,3108.800048828125,2681.611572265625,3435770
2021-02-17,3105.10009765625,3132.85009765625,3045.550048828125,3073.10009765625,2650.81787109375,3678426
2021-02-18,3065.0,3097.89990234375,3031.0,3057.35009765625,2637.232177734375,4189909
2021-02-19,3058.0,3087.14990234375,3016.14990234375,3071.85009765625,2649.7392578125,3725028
2021-02-22,3096.0,3096.0,2943.14990234375,2958.449951171875,2551.921630859375,5366696
2021-02-23,2970.0,3028.0,2968.0,2980.199951171875,2570.682861328125,3832829
2021-02-24,2972.0,3003.35009765625,2921.14990234375,2948.10009765625,2542.99462890625,3774549
2021-02-25,2974.0,3029.89990234375,2968.449951171875,2995.300048828125,2583.708740234375,4224073
2021-02-26,2960.0,2972.35009765625,2880.0,2894.300048828125,2496.586669921875,5553153
2021-03-01,2926.0,2965.0,2901.800048828125,2924.199951171875,2522.377685546875,3265871
2021-03-02,2960.0,3025.0,2948.0,3006.35009765625,2593.239501953125,3306469
2021-03-03,3035.0,3064.0,2996.89990234375,3059.10009765625,2638.7412109375,3509857
2021-03-04,3023.0,3081.449951171875,3016.050048828125,3049.699951171875,2630.633056640625,3916760
2021-03-05,3016.10009765625,3063.199951171875,2996.60009765625,3008.050048828125,2594.706298828125,3203686
2021-03-08,3016.0,3033.0,2996.0,3006.949951171875,2593.7568359375,2003125
2021-03-09,3006.949951171875,3066.89990234375,2992.10009765625,3050.949951171875,2631.7109375,1942397
2021-03-10,3075.0,3093.199951171875,3060.0,3070.949951171875,2648.96337890625,3053778
2021-03-12,3075.0,3117.0,3041.35009765625,3057.949951171875,2637.748779296875,2938317
2021-03-15,3041.0,3099.0,3041.0,3066.14990234375,2644.822509765625,3097083
2021-03-16,3060.0,3141.0,3060.0,3110.050048828125,2682.690673828125,4894756
2021-03-17,3105.0,3155.0,3085.300048828125,3112.949951171875,2685.191162109375,3838390
2021-03-18,3125.949951171875,3146.449951171875,2987.050048828125,3036.5,2619.246826171875,3656306
2021-03-19,3030.0,3099.0,3005.0,3050.199951171875,2631.064453125,5776626
2021-03-22,3048.699951171875,3139.449951171875,3018.64990234375,3129.64990234375,2699.5966796875,2821646
2021-03-23,3140.0,3169.0,3122.85009765625,3142.60009765625,2710.767822265625,3305973
2021-03-24,3111.199951171875,3152.300048828125,3111.14990234375,3121.10009765625,2692.221435546875,2207104
2021-03-25,3112.199951171875,3130.85009765625,3050.0,3064.85009765625,2643.701904296875,3179786
2021-03-26,3090.64990234375,3118.0,3043.050048828125,3066.800048828125,2645.383544921875,3697370
2021-03-30,3083.0,3188.449951171875,3060.89990234375,3158.550048828125,2724.52587890625,4694008
2021-03-31,3155.0,3205.0,3132.0,3177.85009765625,2741.173095703125,3530069
2021-04-01,3191.10009765625,3215.0,3145.0,3165.0,2730.08935546875,4285076
2021-04-05,3171.0,3263.0,3151.0,3238.89990234375,2793.83447265625,5317862
2021-04-06,3275.0,3275.0,3230.0,3264.699951171875,2816.088623046875,2291562
2021-04-07,3259.0,3277.550048828125,3234.800048828125,3271.39990234375,2821.8681640625,2491268
2021-04-08,3270.0,3335.0,3266.050048828125,3317.35009765625,2861.504638671875,2578118
2021-04-09,3354.0,3354.35009765625,3308.0,3322.25,2865.7314453125,2911129
2021-04-12,3322.25,3338.10009765625,3213.199951171875,3246.550048828125,2800.43310546875,3791828
2021-04-13,3214.0,3214.0,3073.050048828125,3104.050048828125,2677.514892578125,8654596
2021-04-15,3160.300048828125,3237.25,3087.449951171875,3218.949951171875,2776.62548828125,6062760
2021-04-16,3229.0,3247.0,3182.60009765625,3195.14990234375,2756.09619140625,3224657
2021-04-19,3169.0,3189.0,3135.10009765625,3161.800048828125,2727.329833984375,2679106
2021-04-20,3225.0,3225.35009765625,3126.35009765625,3144.550048828125,2712.44921875,3141893
2021-04-22,3148.0,3148.0,3105.25,3118.800048828125,2690.237548828125,1988980
2021-04-23,3105.0,3119.0,3091.050048828125,3109.5,2682.215576171875,1615309
2021-04-26,3102.050048828125,3153.0,3088.050048828125,3100.800048828125,2674.7109375,2490260
2021-04-27,3106.0,3136.10009765625,3103.0,3132.0,2701.623291015625,1471417
2021-04-28,3149.949951171875,3151.0,3112.0,3124.10009765625,2694.8095703125,1639037
2021-04-29,3145.60009765625,3157.35009765625,3105.5,3115.25,2687.17578125,1621395
2021-04-30,3099.0,3132.050048828125,3020.0,3035.64990234375,2618.513671875,3072305
2021-05-03,3024.89990234375,3055.0,3004.0,3037.0,2619.677978515625,1545831
2021-05-04,3062.800048828125,3090.0,3035.0,3049.75,2630.676025390625,1990777
2021-05-05,3070.0,3099.39990234375,3052.39990234375,3095.699951171875,2670.311767578125,1939289
2021-05-06,3105.5,3134.0,3074.0,3111.449951171875,2683.8974609375,1791671
2021-05-07,3133.0,3159.85009765625,3111.800048828125,3132.89990234375,2702.39990234375,1912540
2021-05-10,3145.949951171875,3164.199951171875,3125.0,3145.5,2713.268798828125,2137153
2021-05-11,3125.0,3128.10009765625,3091.14990234375,3122.60009765625,2693.515380859375,2415625
2021-05-12,3120.0,3120.0,3070.60009765625,3087.60009765625,2663.324951171875,1978558
2021-05-14,3098.5,3098.5,3040.0,3051.5,2632.185791015625,2043935
2021-05-17,3055.0,3075.199951171875,3036.0,3069.75,2647.927978515625,2890462
2021-05-18,3100.0,3124.0,3078.0,3088.800048828125,2664.3603515625,2098538
2021-05-19,3084.0,3118.0,3067.10009765625,3082.0,2658.494140625,1986041
2021-05-20,3067.10009765625,3088.800048828125,3052.10009765625,3060.0,2639.51806640625,2329027
2021-05-21,3061.0,3088.199951171875,3055.10009765625,3080.5,2657.20068359375,1685566
2021-05-24,3081.5,3105.0,3072.0,3081.5,2658.0634765625,1652260
2021-05-25,3092.0,3128.25,3082.10009765625,3114.0,2699.236083984375,1841613
2021-05-26,3120.0,3165.0,3103.800048828125,3158.5,2737.808837890625,1923753
2021-05-27,3161.949951171875,3217.75,3161.800048828125,3180.0,2756.445556640625,5959785
2021-05-28,3189.5,3198.0,3135.64990234375,3143.60009765625,2724.89404296875,1763701
2021-05-31,3150.0,3170.35009765625,3128.60009765625,3159.14990234375,2738.37255859375,1652799
2021-06-01,3168.60009765625,3169.949951171875,3132.0,3153.0,2733.042236328125,1377441
2021-06-02,3150.85009765625,3159.449951171875,3115.0,3129.449951171875,2712.628662109375,2240078
2021-06-03,3154.550048828125,3154.550048828125,3122.64990234375,3141.25,2722.8564453125,1281706
2021-06-04,3128.0,3156.85009765625,3125.0,3143.75,2725.0244140625,1836060
2021-06-07,3145.0,3190.449951171875,3133.60009765625,3183.199951171875,2759.219482421875,2559821
2021-06-08,3198.0,3231.0,3187.199951171875,3200.14990234375,2773.911376953125,2574057
2021-06-09,3202.0,3220.0,3186.199951171875,3200.25,2773.99853515625,1710925
2021-06-10,3210.0,3224.0,3193.0,3216.800048828125,2788.3447265625,1874324
2021-06-11,3211.550048828125,3309.0,3211.0,3273.800048828125,2837.75244140625,3452954
2021-06-14,3279.0,3308.699951171875,3270.35009765625,3276.35009765625,2839.962890625,1847360
2021-06-15,3298.0,3298.0,3251.550048828125,3262.75,2828.174072265625,1304985
2021-06-16,3262.10009765625,3294.699951171875,3253.0,3274.35009765625,2838.22900390625,1635552
2021-06-17,3265.5,3336.050048828125,3260.0,3317.75,2875.8486328125,2273413
2021-06-18,3350.89990234375,3358.0,3275.0,3297.300048828125,2858.12255859375,3380431
2021-06-21,3265.0,3286.0,3251.699951171875,3273.10009765625,2837.145751953125,1130569
2021-06-22,3304.0,3327.050048828125,3285.0,3301.199951171875,2861.5029296875,1708688
2021-06-23,3329.0,3329.0,3256.39990234375,3261.39990234375,2827.003662109375,1467104
2021-06-24,3284.0,3383.0,3278.5,3373.60009765625,2924.259521484375,4155204
2021-06-25,3375.25,3399.64990234375,3350.0,3380.800048828125,2930.50048828125,2722861
2021-06-28,3391.5,3391.5,3333.0,3336.75,2892.3173828125,1355238
2021-06-29,3342.0,3366.300048828125,3326.5,3340.85009765625,2895.871826171875,1497322
2021-06-30,3346.0,3382.0,3338.5,3345.75,2900.118896484375,1693146
2021-07-01,3358.0,3362.0,3332.35009765625,3341.5,2896.4345703125,990310
2021-07-02,3331.0,3339.699951171875,3295.199951171875,3325.449951171875,2882.52294921875,1682274
2021-07-05,3342.0,3374.0,3302.0,3321.0,2878.665283203125,1972858
2021-07-06,3313.0,3328.0,3256.10009765625,3262.300048828125,2827.7841796875,2159420
2021-07-07,3275.0,3282.699951171875,3241.60009765625,3274.949951171875,2838.7490234375,2640710
2021-07-08,3298.0,3298.0,3231.89990234375,3258.5,2824.48974609375,2485811
2021-07-09,3250.0,3282.0,3201.0,3208.14990234375,2780.846435546875,6365067
2021-07-12,3235.0,3236.0,3188.35009765625,3193.10009765625,2767.800537109375,1892226
2021-07-13,3214.0,3214.0,3175.0,3187.550048828125,2762.99072265625,1809339
2021-07-14,3187.0,3222.0,3185.0,3214.550048828125,2786.394287109375,2044279
2021-07-15,3227.60009765625,3231.85009765625,3194.0,3202.949951171875,2782.397705078125,2232968
2021-07-16,3213.0,3219.85009765625,3192.0,3194.800048828125,2775.318115234375,1256526
2021-07-19,3180.0,3199.800048828125,3176.0,3184.60009765625,2766.456787109375,1597058
2021-07-20,3184.60009765625,3215.0,3156.14990234375,3205.800048828125,2784.8740234375,1811945
2021-07-22,3190.0,3224.949951171875,3190.0,3216.35009765625,2794.03857421875,2859334
2021-07-23,3230.0,3241.550048828125,3206.64990234375,3212.85009765625,2790.998291015625,1776193
2021-07-26,3200.0,3224.25,3190.85009765625,3197.550048828125,2777.70751953125,1259611
2021-07-27,3200.0,3210.0,3161.14990234375,3182.949951171875,2765.02392578125,1121367
2021-07-28,3188.0,3204.449951171875,3132.39990234375,3197.800048828125,2777.924072265625,1660654
2021-07-29,3200.25,3225.449951171875,3190.300048828125,3195.800048828125,2776.186279296875,1731997
2021-07-30,3219.0,3223.5,3162.35009765625,3167.449951171875,2751.55908203125,2999943
2021-08-02,3180.0,3224.89990234375,3167.0,3219.39990234375,2796.687744140625,2608669
2021-08-03,3229.0,3290.0,3218.949951171875,3284.89990234375,2853.587158203125,3804735
2021-08-04,3300.0,3305.199951171875,3261.199951171875,3273.949951171875,2844.076171875,2929598
2021-08-05,3275.0,3315.0,3262.5,3283.949951171875,2852.7626953125,2534521
2021-08-06,3272.550048828125,3324.0,3265.0,3309.800048828125,2875.2177734375,2292362
2021-08-09,3323.89990234375,3337.0,3310.0,3322.699951171875,2886.42431640625,1510489
2021-08-10,3315.60009765625,3349.89990234375,3315.60009765625,3333.89990234375,2896.15380859375,2040777
2021-08-11,3350.0,3360.0,3327.10009765625,3344.199951171875,2905.10107421875,1929707
2021-08-12,3326.0,3368.0,3326.0,3351.75,2911.659912109375,1310205
2021-08-13,3360.75,3480.0,3357.5,3463.39990234375,3008.650390625,4363584
2021-08-16,3460.0,3494.35009765625,3436.5,3472.949951171875,3016.94677734375,2083489
2021-08-17,3482.10009765625,3560.800048828125,3463.0,3553.050048828125,3086.529296875,4336019
2021-08-18,3573.85009765625,3595.0,3536.60009765625,3560.550048828125,3093.044921875,2631309
2021-08-20,3506.0,3575.0,3500.0,3559.5,3092.13232421875,2836148
2021-08-23,3580.0,3673.0,3561.89990234375,3637.39990234375,3159.80322265625,3744176
2021-08-24,3657.0,3667.35009765625,3594.39990234375,3613.199951171875,3138.781494140625,2511141
2021-08-25,3610.0,3697.75,3607.050048828125,3659.0,3178.567626953125,2123263
2021-08-26,3660.0,3687.60009765625,3647.89990234375,3671.85009765625,3189.73046875,1902533
2021-08-27,3666.0,3729.5,3651.10009765625,3720.14990234375,3231.68896484375,3944728
2021-08-30,3715.0,3740.35009765625,3687.60009765625,3701.300048828125,3215.31396484375,2033114
2021-08-31,3709.39990234375,3804.10009765625,3703.449951171875,3786.449951171875,3289.283203125,3207480
2021-09-01,3796.0,3816.699951171875,3707.0,3714.949951171875,3227.171142578125,2643336
2021-09-02,3734.0,3859.14990234375,3722.0,3836.75,3332.978759765625,3403717
2021-09-03,3825.0,3856.89990234375,3804.550048828125,3842.050048828125,3337.583251953125,1746812
2021-09-06,3849.699951171875,3877.60009765625,3814.0,3852.0,3346.2265625,1723693
2021-09-07,3864.0,3869.949951171875,3808.25,3815.89990234375,3314.866943359375,1585039
2021-09-08,3810.0,3815.0,3756.0,3774.14990234375,3278.598388671875,4147175
2021-09-09,3789.699951171875,3808.699951171875,3765.0,3791.39990234375,3293.58349609375,1441148
2021-09-13,3767.0,3852.39990234375,3767.0,3845.35009765625,3340.449951171875,1691473
2021-09-14,3849.949951171875,3896.5,3825.0,3885.89990234375,3375.675048828125,1991188
2021-09-15,3882.10009765625,3980.0,3866.0,3954.550048828125,3435.3115234375,2461369
2021-09-16,3930.0,3981.75,3892.10009765625,3903.300048828125,3390.79052734375,2946666
2021-09-17,3920.0,3945.0,3805.0,3827.85009765625,3325.24755859375,6477148
2021-09-20,3809.0,3871.0,3807.85009765625,3823.5,3321.46826171875,2002008
2021-09-21,3858.0,3871.550048828125,3821.64990234375,3862.949951171875,3355.73828125,1568129
2021-09-22,3862.5,3896.85009765625,3852.449951171875,3862.14990234375,3355.04345703125,1744067
2021-09-23,3870.0,3879.0,3835.0,3869.25,3361.211181640625,2003869
2021-09-24,3890.0,3944.39990234375,3855.0,3871.300048828125,3362.992919921875,2320754
2021-09-27,3900.0,3904.0,3802.89990234375,3836.949951171875,3333.153076171875,1673362
2021-09-28,3850.0,3850.0,3751.25,3779.14990234375,3282.941650390625,2253075
2021-09-29,3759.800048828125,3806.0,3722.14990234375,3791.89990234375,3294.017822265625,2489161
2021-09-30,3805.0,3805.0,3750.10009765625,3775.550048828125,3279.814208984375,2252412
2021-10-01,3781.75,3810.0,3725.0,3730.199951171875,3240.41845703125,1578374
2021-10-04,3724.800048828125,3783.64990234375,3707.449951171875,3773.300048828125,3277.860107421875,1356860
2021-10-05,3754.0,3840.0,3741.60009765625,3833.300048828125,3329.982177734375,1877966
2021-10-06,3836.0,3857.449951171875,3795.0,3810.89990234375,3310.5234375,1678154
2021-10-07,3830.0,3899.0,3820.050048828125,3892.89990234375,3381.75634765625,1647233
2021-10-08,3925.0,3989.89990234375,3900.0,3935.64990234375,3418.892822265625,2934339
2021-10-11,3755.0,3757.5,3660.0,3685.60009765625,3201.676025390625,11845402
2021-10-12,3706.0,3707.0,3630.60009765625,3652.85009765625,3173.2255859375,5752877
2021-10-13,3650.0,3675.449951171875,3645.0,3655.199951171875,3175.26708984375,3545655
2021-10-14,3625.0,3670.0,3608.199951171875,3611.449951171875,3143.281005859375,6442299
2021-10-18,3603.449951171875,3652.699951171875,3601.449951171875,3647.14990234375,3174.352783203125,3590107
2021-10-19,3669.0,3690.10009765625,3625.199951171875,3634.14990234375,3163.037841796875,3135441
2021-10-20,3612.0,3630.0,3578.300048828125,3608.85009765625,3141.017822265625,2933693
2021-10-21,3604.10009765625,3607.449951171875,3511.25,3532.5,3074.5654296875,4871211
2021-10-22,3560.0,3561.60009765625,3485.0,3498.85009765625,3045.278076171875,2691670
2021-10-25,3503.0,3514.550048828125,3450.0,3492.949951171875,3040.142578125,2595594
2021-10-26,3494.5,3529.0,3475.0,3482.60009765625,3031.134521484375,3878763
2021-10-27,3483.0,3511.25,3483.0,3489.75,3037.357177734375,2510813
2021-10-28,3518.0,3518.0,3415.0,3421.64990234375,2978.08544921875,2424942
2021-10-29,3400.050048828125,3461.0,3385.949951171875,3397.75,2957.2841796875,3960501
2021-11-01,3437.949951171875,3487.0,3412.949951171875,3476.39990234375,3025.73779296875,2020718
2021-11-02,3494.0,3513.60009765625,3469.75,3484.199951171875,3032.52685546875,3087414
2021-11-03,3504.199951171875,3519.89990234375,3466.050048828125,3492.25,3039.533203125,1537639
2021-11-04,3512.949951171875,3513.25,3505.0,3508.64990234375,3053.806884765625,328991
2021-11-08,3548.0,3548.0,3481.199951171875,3502.75,3048.672607421875,2526082
2021-11-09,3508.0,3535.0,3496.0,3505.699951171875,3051.239990234375,1782692
2021-11-10,3498.0,3519.699951171875,3480.199951171875,3484.300048828125,3032.61376953125,1516489
2021-11-11,3480.0,3510.050048828125,3436.0,3488.199951171875,3036.00830078125,1284514
2021-11-12,3506.0,3534.14990234375,3485.699951171875,3526.050048828125,3068.9521484375,1747259
2021-11-15,3528.0,3569.60009765625,3528.0,3553.300048828125,3092.6689453125,1809157
2021-11-16,3569.0,3575.550048828125,3542.0,3556.39990234375,3095.3671875,2013204
2021-11-17,3550.60009765625,3562.85009765625,3506.39990234375,3521.89990234375,3065.339599609375,1632914
2021-11-18,3515.14990234375,3520.85009765625,3451.60009765625,3475.699951171875,3025.12841796875,2136598
2021-11-22,3478.39990234375,3515.949951171875,3440.300048828125,3458.39990234375,3010.071533203125,3167936
2021-11-23,3445.0,3480.949951171875,3407.800048828125,3464.25,3015.163330078125,2153461
2021-11-24,3472.199951171875,3493.050048828125,3424.0,3443.300048828125,2996.92919921875,2161746
2021-11-25,3443.89990234375,3463.0,3434.050048828125,3445.89990234375,2999.191650390625,1849619
2021-11-26,3425.0,3490.0,3411.89990234375,3446.85009765625,3000.018798828125,1941251
2021-11-29,3447.14990234375,3529.35009765625,3406.449951171875,3502.0,3048.019287109375,2981745
2021-11-30,3491.0,3563.75,3491.0,3529.14990234375,3071.6494140625,5588446
2021-12-01,3535.0,3590.0,3535.0,3577.800048828125,3113.9931640625,2102118
2021-12-02,3589.199951171875,3648.0,3574.10009765625,3642.89990234375,3170.65380859375,3152938
2021-12-03,3646.449951171875,3665.949951171875,3630.85009765625,3640.449951171875,3168.521484375,2486263
2021-12-06,3640.449951171875,3658.0,3522.0,3536.39990234375,3077.9599609375,1849642
2021-12-07,3562.5,3598.0,3524.300048828125,3584.5,3119.823974609375,1484458
2021-12-08,3601.0,3646.449951171875,3601.0,3626.89990234375,3156.728271484375,1428660
2021-12-09,3610.0,3634.75,3566.0,3601.75,3134.83837890625,1567957
2021-12-10,3585.0,3642.0,3575.10009765625,3636.800048828125,3165.344482421875,1510718
2021-12-13,3650.0,3662.0,3601.699951171875,3609.64990234375,3141.714111328125,1883864
2021-12-14,3605.0,3635.0,3576.699951171875,3623.800048828125,3154.02978515625,1747007
2021-12-15,3620.0,3623.0,3558.14990234375,3570.35009765625,3107.509033203125,1603233
2021-12-16,3582.0,3608.449951171875,3570.0,3581.60009765625,3117.300048828125,2072320
2021-12-17,3602.5,3651.35009765625,3573.699951171875,3584.35009765625,3119.693603515625,4333992
2021-12-20,3589.0,3606.0,3510.14990234375,3556.89990234375,3095.802001953125,2312310
2021-12-21,3582.64990234375,3641.199951171875,3566.39990234375,3608.300048828125,3140.539306640625,2340989
2021-12-22,3624.0,3636.800048828125,3606.25,3630.75,3160.078857421875,1224328
2021-12-23,3648.0,3670.5,3630.0,3662.699951171875,3187.887451171875,1792861
2021-12-24,3685.0,3705.0,3644.800048828125,3670.89990234375,3195.023681640625,2209923
2021-12-27,3671.0,3700.0,3653.10009765625,3696.10009765625,3216.95703125,1534135
2021-12-28,3710.0,3725.0,3693.85009765625,3706.550048828125,3226.052734375,1456218
2021-12-29,3692.25,3719.949951171875,3685.0,3694.699951171875,3215.73876953125,1456923
2021-12-30,3681.35009765625,3740.0,3680.0,3733.75,3249.72607421875,1966475
2021-12-31,3742.800048828125,3760.0,3731.300048828125,3738.35009765625,3253.72998046875,1207141
2022-01-03,3750.0,3830.0,3745.0,3817.75,3322.837158203125,2346158
2022-01-04,3831.10009765625,3889.14990234375,3811.699951171875,3884.75,3381.151611328125,2488606
2022-01-05,3865.0,3870.0,3812.39990234375,3860.949951171875,3360.43701171875,1733031
2022-01-06,3812.0,3835.0,3772.0,3807.449951171875,3313.872802734375,1810293
2022-01-07,3820.0,3864.89990234375,3796.39990234375,3853.5,3353.95263671875,2460591
2022-01-10,3978.0,3978.0,3861.0,3879.85009765625,3376.88720703125,3937092
2022-01-11,3856.0,3925.0,3856.0,3915.89990234375,3408.263916015625,1906106
2022-01-12,3925.0,3929.0,3836.550048828125,3859.89990234375,3359.523193359375,3203744
2022-01-13,3918.0,3923.0,3857.0,3897.89990234375,3392.59765625,6684507
2022-01-14,3877.85009765625,3977.0,3860.050048828125,3968.14990234375,3453.740478515625,3348123
2022-01-17,3992.699951171875,4043.0,3962.300048828125,4019.14990234375,3498.129150390625,3442604
2022-01-18,4033.949951171875,4041.699951171875,3980.0,3990.60009765625,3473.27978515625,2389041
2022-01-19,4012.0,4012.0,3910.5,3914.64990234375,3413.16259765625,3102539
2022-01-20,3910.0,3920.0,3811.0,3826.550048828125,3336.348876953125,6176776
2022-01-21,3807.0,3851.550048828125,3771.10009765625,3833.5,3342.40869140625,3112358
2022-01-24,3840.0,3849.64990234375,3740.10009765625,3771.35009765625,3288.22021484375,3258414
2022-01-25,3769.5,3809.39990234375,3722.199951171875,3769.89990234375,3286.95556640625,3330501
2022-01-27,3731.0,3733.39990234375,3625.10009765625,3649.25,3181.761474609375,5718297
2022-01-28,3646.0,3729.800048828125,3646.0,3690.050048828125,3217.33544921875,3143862
2022-01-31,3749.0,3758.0,3721.39990234375,3736.25,3257.61669921875,2739393
2022-02-01,3770.0,3808.0,3736.39990234375,3800.64990234375,3313.7666015625,2105169
2022-02-02,3827.89990234375,3864.0,3800.64990234375,3856.199951171875,3362.2001953125,1984212
2022-02-03,3851.0,3882.5,3816.050048828125,3824.60009765625,3334.648681640625,1960538
2022-02-04,3815.300048828125,3824.699951171875,3769.0,3814.89990234375,3326.190673828125,2307366
2022-02-07,3791.0,3831.800048828125,3756.14990234375,3779.0,3294.8896484375,1919149
2022-02-08,3791.550048828125,3799.699951171875,3721.0,3743.449951171875,3263.894287109375,2946443
2022-02-09,3750.0,3777.949951171875,3746.10009765625,3760.550048828125,3278.8037109375,1638721
2022-02-10,3789.800048828125,3789.800048828125,3758.0,3770.35009765625,3287.348388671875,2112459
2022-02-11,3752.5,3752.5,3690.0,3694.949951171875,3221.607666015625,3851488
2022-02-14,3724.0,3793.25,3710.0,3733.75,3255.43701171875,5951745
2022-02-15,3786.0,3835.0,3748.0,3817.800048828125,3328.719482421875,3931683
2022-02-16,3844.0,3854.10009765625,3806.0,3813.10009765625,3324.621826171875,3256906
2022-02-17,3825.0,3835.0,3779.0,3784.199951171875,3299.424072265625,3134372
2022-02-18,3769.0,3815.949951171875,3757.60009765625,3793.89990234375,3307.881591796875,3688883
2022-02-21,3810.0,3827.800048828125,3705.550048828125,3719.39990234375,3242.9248046875,7465922
2022-02-22,3650.0,3667.89990234375,3570.0,3586.39990234375,3126.962890625,5408531
2022-02-23,3611.0,3622.89990234375,3555.64990234375,3563.800048828125,3107.258544921875,2426203
2022-02-24,3474.0,3483.85009765625,3391.10009765625,3401.64990234375,2965.88037109375,5039136
2022-02-25,3468.0,3530.0,3462.0,3520.75,3069.7236328125,2549723
2022-02-28,3490.0,3563.75,3455.89990234375,3554.199951171875,3098.88818359375,3288942
2022-03-02,3552.5,3571.949951171875,3506.0,3546.14990234375,3091.868896484375,2761341
2022-03-03,3562.85009765625,3578.60009765625,3530.10009765625,3544.39990234375,3090.343505859375,1928039
2022-03-04,3501.5,3561.199951171875,3487.050048828125,3524.35009765625,3072.862060546875,2370257
2022-03-07,3450.0,3548.0,3431.550048828125,3484.89990234375,3038.465576171875,3054130
2022-03-08,3460.0,3609.0,3460.0,3599.949951171875,3138.778076171875,3300992
2022-03-09,3605.0,3654.0,3597.050048828125,3632.60009765625,3167.24462890625,2719654
2022-03-10,3684.0,3684.0,3615.0,3620.949951171875,3157.08740234375,2005441
2022-03-11,3603.25,3639.85009765625,3592.85009765625,3599.14990234375,3138.079833984375,1623423
2022-03-14,3580.0,3648.35009765625,3580.0,3643.0,3176.3125,1765688
2022-03-15,3659.0,3659.0,3585.39990234375,3593.89990234375,3133.5029296875,3651133
2022-03-16,3640.5,3668.0,3616.25,3655.89990234375,3187.56005859375,3090475
2022-03-17,3696.60009765625,3710.0,3660.300048828125,3672.75,3202.251953125,3600452
2022-03-21,3696.0,3713.949951171875,3615.0,3626.699951171875,3162.100341796875,2413831
2022-03-22,3640.0,3711.0,3625.0,3700.949951171875,3226.8388671875,2907611
2022-03-23,3708.0,3729.800048828125,3690.0,3712.39990234375,3236.821533203125,1596195
2022-03-24,3700.0,3758.199951171875,3695.0,3749.85009765625,3269.47412109375,1879046
2022-03-25,3759.89990234375,3779.5,3672.0,3707.449951171875,3232.506103515625,1690133
2022-03-28,3695.0,3713.0,3661.199951171875,3707.699951171875,3232.7236328125,1760990
2022-03-29,3694.75,3722.0,3691.0,3705.35009765625,3230.675048828125,2689063
2022-03-30,3738.0,3738.0,3706.199951171875,3731.550048828125,3253.5185546875,1583455
2022-03-31,3740.0,3754.64990234375,3720.199951171875,3739.949951171875,3260.843017578125,2168110
2022-04-01,3748.0,3763.0,3728.050048828125,3758.75,3277.234375,1387014
2022-04-04,3762.0,3780.0,3737.10009765625,3770.35009765625,3287.348388671875,1472994
2022-04-05,3772.0,3835.60009765625,3772.0,3814.800048828125,3326.104248046875,2314947
2022-04-06,3809.300048828125,3809.300048828125,3731.14990234375,3755.35009765625,3274.27001953125,2051729
2022-04-07,3745.5,3745.5,3679.0,3684.14990234375,3212.191162109375,2494829
2022-04-08,3690.0,3705.0,3642.5,3685.64990234375,3213.49853515625,2296773
2022-04-11,3690.0,3712.35009765625,3656.10009765625,3696.39990234375,3222.87158203125,2291660
2022-04-12,3683.0,3739.0,3648.35009765625,3691.10009765625,3218.2509765625,4483476
2022-04-13,3707.0,3709.85009765625,3655.550048828125,3661.949951171875,3192.8349609375,1621672
2022-04-18,3610.0,3610.0,3522.5,3528.050048828125,3076.088134765625,3820792
2022-04-19,3550.0,3563.550048828125,3439.14990234375,3471.89990234375,3027.13134765625,3170014
2022-04-20,3500.0,3569.14990234375,3480.0,3556.800048828125,3101.1552734375,2640370
2022-04-21,3580.0,3644.0,3567.39990234375,3628.64990234375,3163.80078125,2280996
2022-04-22,3581.10009765625,3617.0,3571.5,3612.550048828125,3149.763427734375,1581465
2022-04-25,3558.0,3584.0,3533.10009765625,3548.199951171875,3093.65673828125,1960694
2022-04-26,3575.14990234375,3587.89990234375,3518.14990234375,3546.300048828125,3092.000244140625,1943469
2022-04-27,3546.0,3568.449951171875,3506.300048828125,3561.199951171875,3104.991455078125,1727648
2022-04-28,3588.0,3604.39990234375,3538.050048828125,3584.300048828125,3125.132568359375,1703660
2022-04-29,3597.0,3623.25,3536.85009765625,3546.699951171875,3092.34912109375,2051115
2022-05-02,3519.89990234375,3547.949951171875,3492.75,3542.39990234375,3088.599609375,1324161
2022-05-04,3538.5,3545.449951171875,3465.300048828125,3479.75,3033.975341796875,2305825
2022-05-05,3512.10009765625,3533.0,3485.35009765625,3513.39990234375,3063.314697265625,1612262
2022-05-06,3459.0,3474.5,3424.5,3432.60009765625,2992.8662109375,2010812
2022-05-09,3398.0,3456.0,3346.85009765625,3445.10009765625,3003.764892578125,2481830
2022-05-10,3434.0,3464.800048828125,3422.0,3438.75,2998.228271484375,1622685
2022-05-11,3435.0,3448.449951171875,3382.14990234375,3412.0,2974.9052734375,1841769
2022-05-12,3378.0,3449.699951171875,3350.10009765625,3408.64990234375,2971.984130859375,2807195
2022-05-13,3435.0,3439.89990234375,3382.14990234375,3414.89990234375,2977.433349609375,2187823
2022-05-16,3415.0,3430.0,3366.60009765625,3376.800048828125,2944.21435546875,1195813
2022-05-17,3370.0,3467.0,3350.39990234375,3451.60009765625,3009.431640625,1754076
2022-05-18,3465.0,3495.0,3443.050048828125,3448.800048828125,3006.990966796875,1866781
2022-05-19,3397.0,3405.0,3230.0,3261.949951171875,2844.076904296875,4642963
2022-05-20,3310.0,3313.89990234375,3270.050048828125,3293.0,2871.1494140625,3065125
2022-05-23,3304.800048828125,3338.89990234375,3267.0,3321.75,2896.21630859375,2293690
2022-05-24,3315.14990234375,3324.85009765625,3275.60009765625,3288.0,2866.789794921875,1711510
2022-05-25,3292.85009765625,3292.85009765625,3154.050048828125,3167.64990234375,2780.46142578125,3548046
2022-05-26,3191.0,3241.5,3180.550048828125,3226.949951171875,2832.51318359375,2813186
2022-05-27,3253.199951171875,3278.89990234375,3229.199951171875,3261.300048828125,2862.664306640625,3103153
2022-05-30,3297.0,3386.60009765625,3286.35009765625,3375.25,2962.685791015625,2094624
2022-05-31,3354.14990234375,3383.39990234375,3325.0,3364.35009765625,2953.11865234375,4840965
2022-06-01,3388.0,3388.0,3340.050048828125,3355.199951171875,2945.08642578125,1493835
2022-06-02,3355.0,3432.0,3346.300048828125,3423.0,3004.59912109375,2657939
2022-06-03,3459.39990234375,3477.300048828125,3431.199951171875,3440.14990234375,3019.652587890625,1913622
2022-06-06,3418.0,3453.0,3377.14990234375,3430.949951171875,3011.5771484375,1084210
2022-06-07,3401.050048828125,3418.85009765625,3356.0,3362.699951171875,2951.67041015625,2308256
2022-06-08,3380.14990234375,3413.949951171875,3346.5,3404.14990234375,2988.0537109375,2185707
2022-06-09,3385.0,3437.0,3353.10009765625,3427.10009765625,3008.198486328125,1279197
2022-06-10,3382.0,3393.0,3352.0,3359.89990234375,2949.212158203125,1527582
2022-06-13,3290.0,3293.0,3192.449951171875,3219.60009765625,2826.0615234375,3030921
2022-06-14,3190.0,3238.89990234375,3174.699951171875,3210.550048828125,2818.117919921875,2611493
2022-06-15,3218.5,3234.0,3201.0,3206.300048828125,2814.386962890625,1404536
2022-06-16,3240.0,3244.85009765625,3133.050048828125,3142.0,2757.9462890625,2032028
2022-06-17,3092.0,3118.75,3023.85009765625,3088.89990234375,2711.3369140625,5240434
2022-06-20,3094.0,3138.75,3069.0,3112.39990234375,2731.96484375,1502769
2022-06-21,3130.0,3237.75,3125.39990234375,3211.949951171875,2819.346435546875,2964461
2022-06-22,3199.89990234375,3250.550048828125,3183.0,3222.949951171875,2829.00146484375,3336315
2022-06-23,3222.949951171875,3318.0,3222.949951171875,3308.800048828125,2904.358154296875,3692578
2022-06-24,3339.0,3345.0,3277.5,3293.10009765625,2890.577392578125,2132118
2022-06-27,3350.0,3362.89990234375,3306.5,3314.699951171875,2909.537109375,2037686
2022-06-28,3307.0,3330.0,3272.60009765625,3318.14990234375,2912.565673828125,1400046
2022-06-29,3271.0,3333.0,3271.0,3290.5,2888.295166015625,2133994
2022-06-30,3272.0,3310.89990234375,3255.0,3267.10009765625,2867.75537109375,2719603
2022-07-01,3260.0,3333.0,3252.050048828125,3315.10009765625,2909.888427734375,1502879
2022-07-04,3312.0,3317.949951171875,3225.050048828125,3235.050048828125,2839.623046875,2622535
2022-07-05,3255.0,3272.0,3206.949951171875,3216.300048828125,2823.164794921875,2170627
2022-07-06,3218.5,3268.5,3202.25,3260.75,2862.181396484375,2182144
2022-07-07,3271.0,3319.39990234375,3265.050048828125,3287.85009765625,2885.96923828125,1989921
2022-07-08,3300.0,3305.0,3250.0,3265.449951171875,2866.30712890625,2136916
2022-07-11,3206.14990234375,3225.0,3106.0,3113.800048828125,2733.193359375,6974600
2022-07-12,3114.89990234375,3136.199951171875,3080.25,3084.699951171875,2707.650634765625,3734815
2022-07-13,3104.0,3110.0,3035.0,3038.75,2667.317138671875,3863530
2022-07-14,3056.0,3057.0,2967.0,2998.75,2639.154296875,4764908
2022-07-15,3018.550048828125,3028.89990234375,2953.0,2994.60009765625,2635.502197265625,4574806
2022-07-18,3023.0,3076.949951171875,3014.300048828125,3063.5,2696.1396484375,3202795
2022-07-19,3030.050048828125,3078.949951171875,3030.050048828125,3074.25,2705.6005859375,1865074
2022-07-20,3107.800048828125,3171.949951171875,3098.050048828125,3164.800048828125,2785.292724609375,3402251
2022-07-21,3167.0,3184.0,3144.050048828125,3177.300048828125,2796.29345703125,2420640
2022-07-22,3185.0,3197.0,3143.5,3171.0,2790.748779296875,2075886
2022-07-25,3165.0,3186.449951171875,3149.10009765625,3166.75,2787.008544921875,1797504
2022-07-26,3164.699951171875,3168.89990234375,3096.5,3115.89990234375,2742.256103515625,2639367
2022-07-27,3115.0,3194.10009765625,3110.0,3188.85009765625,2806.458740234375,1389808
2022-07-28,3216.0,3264.0,3201.64990234375,3260.5,2869.5166015625,2106333
2022-07-29,3290.0,3317.300048828125,3275.0,3301.89990234375,2905.951904296875,2430257
2022-08-01,3327.0,3327.0,3271.0,3298.800048828125,2903.223876953125,1306913
2022-08-02,3290.0,3312.89990234375,3271.64990234375,3291.800048828125,2897.0634765625,1269114
2022-08-03,3280.0,3349.0,3277.050048828125,3339.5,2939.04296875,2895824
2022-08-04,3350.0,3387.89990234375,3307.35009765625,3354.949951171875,2952.640625,2150567
2022-08-05,3361.199951171875,3377.0,3355.0,3365.050048828125,2961.529541015625,1106933
2022-08-08,3365.0,3378.89990234375,3336.0,3374.449951171875,2969.802001953125,1068836
2022-08-10,3385.0,3385.0,3335.0,3354.25,2952.024658203125,1878359
2022-08-11,3400.0,3428.699951171875,3375.050048828125,3422.5,3012.09033203125,1449248
2022-08-12,3419.0,3419.0,3381.25,3401.550048828125,2993.65283203125,1472354
2022-08-16,3411.0,3414.85009765625,3387.5,3392.699951171875,2985.86376953125,839942
2022-08-17,3385.10009765625,3417.949951171875,3371.10009765625,3401.10009765625,2993.2568359375,1622326
2022-08-18,3390.0,3392.0,3362.0,3381.25,2975.7861328125,1430659
2022-08-19,3387.0,3421.5,3371.25,3385.75,2979.747314453125,1398410
2022-08-22,3365.0,3384.10009765625,3347.39990234375,3354.550048828125,2952.288330078125,1536532
2022-08-23,3319.949951171875,3341.89990234375,3270.0,3284.60009765625,2890.72705078125,1849256
2022-08-24,3292.0,3308.0,3250.199951171875,3255.35009765625,2864.984619140625,1691923
2022-08-25,3276.0,3278.14990234375,3214.75,3218.199951171875,2832.288818359375,1946930
2022-08-26,3234.300048828125,3257.0,3216.800048828125,3222.199951171875,2835.809326171875,1457962
2022-08-29,3125.0,3142.699951171875,3081.0,3132.550048828125,2756.909912109375,2539173
2022-08-30,3155.0,3226.5,3142.10009765625,3211.14990234375,2826.08447265625,3431525
2022-09-01,3190.0,3190.0,3121.0,3131.699951171875,2756.16162109375,3546935
2022-09-02,3163.0,3163.0,3120.300048828125,3130.39990234375,2755.017578125,2052900
2022-09-05,3123.64990234375,3147.949951171875,3112.25,3133.39990234375,2757.657470703125,2147912
2022-09-06,3135.5,3140.85009765625,3106.35009765625,3127.050048828125,2752.0693359375,1936453
2022-09-07,3102.0,3161.89990234375,3102.0,3149.60009765625,2771.91552734375,1291534
2022-09-08,3170.0,3183.5,3160.10009765625,3169.64990234375,2789.560791015625,1346113
2022-09-09,3195.0,3233.5,3168.5,3217.64990234375,2831.80517578125,1561185
2022-09-12,3239.89990234375,3269.800048828125,3225.0,3242.949951171875,2854.0712890625,1785928
2022-09-13,3263.449951171875,3263.449951171875,3225.0,3229.35009765625,2842.101806640625,1972678
2022-09-14,3135.0,3141.39990234375,3113.800048828125,3120.39990234375,2746.216552734375,5090269
2022-09-15,3130.0,3137.75,3100.0,3104.35009765625,2732.091064453125,2138023
2022-09-16,3076.0,3094.35009765625,3000.0,3008.699951171875,2647.911376953125,5322221
2022-09-19,3036.0,3042.0,2987.800048828125,3028.800048828125,2665.60107421875,2072220
2022-09-20,3050.0,3079.949951171875,3030.0,3040.300048828125,2675.721923828125,1544295
2022-09-21,3028.0,3041.39990234375,2998.14990234375,3001.199951171875,2641.310791015625,2253818
2022-09-22,2990.0,3029.949951171875,2979.300048828125,3007.39990234375,2646.76708984375,2017983
2022-09-23,3004.0,3022.5,2979.0,2982.050048828125,2624.45703125,2652374
2022-09-26,2959.85009765625,3025.85009765625,2926.10009765625,2994.39990234375,2635.325927734375,2925489
2022-09-27,3009.39990234375,3025.0,2976.0,3017.449951171875,2655.611572265625,2227447
2022-09-28,2980.0,3049.949951171875,2980.0,3035.64990234375,2671.6298828125,2739767
2022-09-29,3054.0,3055.85009765625,2990.0,2997.300048828125,2637.878173828125,2493902
2022-09-30,2990.85009765625,3019.699951171875,2950.10009765625,3004.550048828125,2644.25927734375,2817353
2022-10-03,2995.0,3020.699951171875,2974.0,2984.949951171875,2627.009033203125,1763331
2022-10-04,3029.949951171875,3098.0,3023.0,3091.14990234375,2720.474365234375,2145875
2022-10-06,3111.0,3124.0,3092.449951171875,3101.949951171875,2729.978759765625,1790816
2022-10-07,3097.39990234375,3105.0,3058.10009765625,3064.89990234375,2697.372314453125,1939879
2022-10-10,3010.0,3127.0,3005.0,3118.550048828125,2744.588623046875,3064063
2022-10-11,3100.0,3145.0,3053.35009765625,3069.550048828125,2701.464599609375,4730645
2022-10-12,3084.89990234375,3109.89990234375,3062.050048828125,3100.75,2728.923095703125,1665247
2022-10-13,3100.75,3110.0,3052.35009765625,3103.300048828125,2731.16748046875,2054781
2022-10-14,3145.0,3150.0,3071.0,3099.14990234375,2727.514404296875,2245977
2022-10-17,3072.64990234375,3128.39990234375,3071.449951171875,3111.75,2745.691650390625,1517005
2022-10-18,3150.0,3155.35009765625,3128.550048828125,3144.699951171875,2774.765380859375,1793722
2022-10-19,3159.0,3159.0,3112.0,3121.85009765625,2754.603271484375,1194289
2022-10-20,3105.0,3160.0,3105.0,3157.300048828125,2785.88330078125,1587601
2022-10-21,3157.800048828125,3160.39990234375,3127.0,3137.39990234375,2768.32421875,1021913
2022-10-24,3170.10009765625,3178.0,3155.0,3161.699951171875,2789.765625,260949
2022-10-25,3180.5,3184.25,3151.14990234375,3162.10009765625,2790.11865234375,2069643
2022-10-27,3160.699951171875,3174.0,3134.35009765625,3157.39990234375,2785.97119140625,2438421
2022-10-28,3150.0,3178.5,3145.0,3163.25,2791.133544921875,1355739
2022-10-31,3199.0,3199.0,3177.800048828125,3193.14990234375,2817.516357421875,1919414
2022-11-01,3214.5,3262.60009765625,3203.449951171875,3259.699951171875,2876.2373046875,2991060
2022-11-02,3270.0,3270.0,3222.050048828125,3241.699951171875,2860.3544921875,1405955
2022-11-03,3228.050048828125,3228.050048828125,3195.0,3206.75,2829.516357421875,1422652
2022-11-04,3217.0,3220.050048828125,3166.14990234375,3217.39990234375,2838.9130859375,1464013
2022-11-07,3229.0,3242.800048828125,3195.10009765625,3233.699951171875,2853.29541015625,1474498
2022-11-09,3249.800048828125,3249.800048828125,3201.64990234375,3216.050048828125,2837.721923828125,1162267
2022-11-10,3170.0,3225.0,3170.0,3205.64990234375,2828.545166015625,1573092
2022-11-11,3269.60009765625,3341.60009765625,3255.050048828125,3315.949951171875,2925.869873046875,3265394
2022-11-14,3324.0,3349.0,3309.0,3335.5,2943.119873046875,1342074
2022-11-15,3321.0,3339.949951171875,3292.0,3332.60009765625,2940.5615234375,1400708
2022-11-16,3338.89990234375,3367.89990234375,3321.449951171875,3355.35009765625,2960.63525390625,1748235
2022-11-17,3340.0,3360.0,3317.75,3349.0,2955.031982421875,1417986
2022-11-18,3350.0,3362.75,3321.0,3343.449951171875,2950.134521484375,1164540
2022-11-21,3322.5,3333.699951171875,3273.0,3283.5,2897.2373046875,1304194
2022-11-22,3280.0,3318.949951171875,3255.25,3314.949951171875,2924.987548828125,1149739
2022-11-23,3330.0,3330.0,3291.0,3308.300048828125,2919.120361328125,1150011
2022-11-24,3316.25,3392.949951171875,3308.300048828125,3380.14990234375,2982.517578125,1296591
2022-11-25,3383.0,3403.35009765625,3348.0,3389.64990234375,2990.89990234375,1588981
2022-11-28,3366.0,3417.0,3365.550048828125,3395.25,2995.84130859375,2195437
2022-11-29,3383.0,3429.0,3383.0,3397.35009765625,2997.694580078125,1576028
2022-11-30,3383.0,3414.89990234375,3375.0,3390.800048828125,2991.9150390625,3410702
2022-12-01,3425.0,3480.0,3420.0,3475.64990234375,3066.783203125,2180856
2022-12-02,3458.10009765625,3468.89990234375,3413.0,3439.14990234375,3034.5771484375,2411749
2022-12-05,3433.0,3439.14990234375,3407.0,3425.89990234375,3022.885498046875,1475065
2022-12-06,3400.050048828125,3407.949951171875,3368.0,3385.35009765625,2987.106201171875,1166999
2022-12-07,3368.300048828125,3393.699951171875,3354.0,3380.60009765625,2982.91455078125,1167505
2022-12-08,3360.0,3380.60009765625,3339.449951171875,3350.550048828125,2956.39990234375,1285619
2022-12-09,3374.10009765625,3374.10009765625,3276.35009765625,3292.75,2905.39892578125,1797896
2022-12-12,3255.5,3296.0,3236.10009765625,3286.449951171875,2899.84033203125,1527610
2022-12-13,3277.199951171875,3336.449951171875,3267.800048828125,3332.10009765625,2940.1201171875,1378016
2022-12-14,3348.800048828125,3377.0,3340.89990234375,3365.35009765625,2969.458740234375,1213311
2022-12-15,3358.800048828125,3364.75,3298.949951171875,3305.10009765625,2916.29638671875,1415694
2022-12-16,3275.0,3292.0,3225.199951171875,3240.25,2859.0751953125,2703680
2022-12-19,3227.0,3245.5,3194.5,3202.050048828125,2825.369140625,2120965
2022-12-20,3198.89990234375,3249.0,3163.64990234375,3243.949951171875,2862.339599609375,1529971
2022-12-21,3249.0,3283.050048828125,3240.0,3268.550048828125,2884.0458984375,1432566
2022-12-22,3294.0,3294.0,3245.10009765625,3259.699951171875,2876.2373046875,1384101
2022-12-23,3217.0,3266.85009765625,3217.0,3228.35009765625,2848.574951171875,1360281
2022-12-26,3228.35009765625,3272.0,3225.050048828125,3252.89990234375,2870.237060546875,870157
2022-12-27,3269.199951171875,3273.800048828125,3231.5,3259.5,2876.060546875,835883
2022-12-28,3249.800048828125,3266.10009765625,3226.0,3257.10009765625,2873.943115234375,910795
2022-12-29,3231.10009765625,3271.5,3228.0,3268.75,2884.222412109375,1037927
2022-12-30,3286.050048828125,3299.0,3246.199951171875,3256.699951171875,2873.58984375,1163131
2023-01-02,3261.0,3266.85009765625,3235.199951171875,3261.449951171875,2877.781494140625,709547
2023-01-03,3252.0,3320.0,3245.300048828125,3311.35009765625,2921.8115234375,1245178
2023-01-04,3306.699951171875,3327.35009765625,3286.199951171875,3314.64990234375,2924.72314453125,1231668
2023-01-05,3330.199951171875,3337.300048828125,3281.949951171875,3311.10009765625,2921.590576171875,1826057
2023-01-06,3300.0,3301.550048828125,3200.0,3211.550048828125,2833.75146484375,2488376
2023-01-09,3229.0,3327.0,3221.14990234375,3319.949951171875,2929.3994140625,2885060
2023-01-10,3285.0,3298.0,3230.10009765625,3286.39990234375,2899.79638671875,3864655
2023-01-11,3290.10009765625,3349.5,3271.14990234375,3328.699951171875,2937.119873046875,2720512
2023-01-12,3329.0,3350.0,3315.550048828125,3334.35009765625,2942.10546875,2250391
2023-01-13,3342.89990234375,3379.0,3305.0,3374.550048828125,2977.576171875,1742837
2023-01-16,3317.0,3353.0,3298.050048828125,3334.050048828125,3008.71044921875,1843607
2023-01-17,3330.0,3381.800048828125,3321.0,3378.39990234375,3048.73193359375,1688475
2023-01-18,3380.0,3408.949951171875,3372.25,3390.0,3059.200439453125,2421189
2023-01-19,3380.0,3387.0,3361.0,3373.10009765625,3043.949462890625,1585044
2023-01-20,3365.0,3394.64990234375,3355.60009765625,3363.10009765625,3034.92529296875,1529349
2023-01-23,3388.0,3419.0,3355.60009765625,3414.89990234375,3081.670654296875,1067916
2023-01-24,3425.0,3451.949951171875,3417.300048828125,3436.300048828125,3100.982666015625,1387863
2023-01-25,3425.300048828125,3435.0,3405.0,3429.75,3095.0712890625,874110
2023-01-27,3426.0,3446.0,3382.300048828125,3411.050048828125,3078.1962890625,1785879
2023-01-30,3420.0,3458.449951171875,3385.550048828125,3433.64990234375,3098.591064453125,1953798
2023-01-31,3449.0,3449.0,3351.0,3358.699951171875,3030.954345703125,2820375
2023-02-01,3363.0,3419.0,3355.0,3408.35009765625,3075.759765625,2205161
2023-02-02,3427.0,3469.0,3420.10009765625,3460.39990234375,3122.730712890625,1813847
2023-02-03,3504.0,3504.0,3452.89990234375,3482.300048828125,3142.493408203125,1804469
2023-02-06,3473.14990234375,3473.14990234375,3436.85009765625,3459.949951171875,3122.32470703125,1138714
2023-02-07,3468.89990234375,3493.0,3461.39990234375,3472.550048828125,3133.695068359375,1455647
2023-02-08,3478.050048828125,3539.89990234375,3478.050048828125,3520.10009765625,3176.604736328125,1986946
2023-02-09,3515.0,3547.60009765625,3505.300048828125,3540.85009765625,3195.33056640625,1655427
2023-02-10,3520.0,3542.35009765625,3508.14990234375,3537.550048828125,3192.3525390625,1187821
2023-02-13,3549.0,3549.0,3473.39990234375,3482.39990234375,3142.583740234375,1087939
2023-02-14,3505.0,3524.85009765625,3495.0,3500.10009765625,3158.556640625,1579818
2023-02-15,3487.0,3526.0,3460.14990234375,3520.64990234375,3177.10107421875,1429449
2023-02-16,3527.199951171875,3575.0,3527.0,3558.050048828125,3210.8515625,1618931
2023-02-17,3526.14990234375,3538.89990234375,3490.0,3501.14990234375,3159.504150390625,1061369
2023-02-20,3502.0,3522.0,3475.050048828125,3487.300048828125,3147.005859375,1296082
2023-02-21,3494.0,3508.89990234375,3444.75,3451.0,3114.248046875,1139541
2023-02-22,3414.949951171875,3447.0,3395.0,3401.550048828125,3069.623291015625,1218430
2023-02-23,3421.0,3452.39990234375,3408.0,3413.800048828125,3080.677978515625,1441570
2023-02-24,3422.5,3433.949951171875,3382.300048828125,3400.449951171875,3068.630859375,977592
2023-02-27,3390.0,3390.0,3316.0,3331.85009765625,3006.724609375,1128022
2023-02-28,3328.5,3392.0,3299.89990234375,3312.85009765625,2989.57861328125,4116217
2023-03-01,3323.0,3389.0,3315.0,3385.699951171875,3055.31982421875,1669307
2023-03-02,3361.0,3369.89990234375,3318.0,3321.449951171875,2997.33935546875,1556538
2023-03-03,3354.0,3358.0,3331.10009765625,3342.14990234375,3016.01953125,1043190
2023-03-06,3361.89990234375,3404.949951171875,3359.0,3371.85009765625,3042.821533203125,1334132
2023-03-08,3364.0,3396.0,3330.85009765625,3390.39990234375,3059.561279296875,1844590
2023-03-09,3385.0,3385.0,3330.85009765625,3336.85009765625,3011.236572265625,1648500
2023-03-10,3312.89990234375,3337.25,3290.0,3331.0,3005.957275390625,1024404
2023-03-13,3333.0,3369.800048828125,3272.0,3281.949951171875,2961.694091796875,1901233
2023-03-14,3280.0,3304.39990234375,3209.39990234375,3214.949951171875,2901.23193359375,2670334
2023-03-15,3250.0,3260.35009765625,3192.0,3198.89990234375,2886.748046875,1780522
2023-03-16,3208.0,3219.800048828125,3172.0,3185.0,2874.2041015625,1901060
2023-03-17,3150.5,3221.39990234375,3144.0,3179.300048828125,2869.060302734375,6739966
2023-03-20,3169.64990234375,3169.64990234375,3095.050048828125,3143.300048828125,2836.573974609375,2289468
2023-03-21,3143.300048828125,3156.75,3097.449951171875,3106.10009765625,2803.00341796875,1815297
2023-03-22,3130.050048828125,3143.5,3106.10009765625,3130.800048828125,2825.293701171875,1123939
2023-03-23,3114.89990234375,3146.35009765625,3101.0,3124.64990234375,2819.74365234375,1372218
2023-03-24,3148.89990234375,3170.0,3106.0,3120.5,2815.998291015625,1329577
2023-03-27,3135.0,3152.75,3106.0,3122.300048828125,2817.622802734375,1524217
2023-03-28,3127.0,3149.550048828125,3110.14990234375,3115.89990234375,2811.846923828125,1303530
2023-03-29,3129.0,3150.0,3104.10009765625,3138.89990234375,2832.602783203125,1740616
2023-03-31,3189.949951171875,3213.0,3152.0,3205.89990234375,2893.06494140625,2382581
2023-04-03,3224.949951171875,3224.949951171875,3173.75,3200.0,2887.740234375,1521830
2023-04-05,3185.5,3264.35009765625,3185.5,3239.800048828125,2923.65673828125,2655065
2023-04-06,3225.0,3257.35009765625,3215.0,3220.699951171875,2906.4208984375,1703464
2023-04-10,3220.0,3272.0,3215.0,3263.39990234375,2944.953857421875,2203187
2023-04-11,3264.0,3272.949951171875,3192.14990234375,3213.800048828125,2900.1943359375,2348779
2023-04-12,3227.949951171875,3260.949951171875,3199.0,3241.64990234375,2925.326416015625,2417727
2023-04-13,3210.0,3230.0,3180.0,3188.85009765625,2877.678955078125,4174070
2023-04-17,3134.10009765625,3163.39990234375,3070.25,3139.5,2833.144287109375,5505048
2023-04-18,3154.949951171875,3156.85009765625,3110.60009765625,3130.75,2825.248291015625,2617302
2023-04-19,3130.75,3140.0,3071.5,3089.60009765625,2788.113525390625,3298034
2023-04-20,3090.0,3113.0,3078.0,3104.800048828125,2801.83056640625,2419999
2023-04-21,3110.0,3164.449951171875,3100.800048828125,3160.85009765625,2852.410888671875,1929184
2023-04-24,3151.10009765625,3180.949951171875,3126.14990234375,3174.800048828125,2865.0,1640676
2023-04-25,3183.0,3191.199951171875,3147.5,3176.0,2866.08251953125,2024090
2023-04-26,3181.0,3208.39990234375,3181.0,3198.14990234375,2886.0712890625,2000029
2023-04-27,3185.0,3199.199951171875,3170.64990234375,3187.949951171875,2876.866943359375,2434446
2023-04-28,3200.39990234375,3227.25,3196.25,3219.25,2905.1123046875,2931312
2023-05-02,3235.0,3235.0,3210.0,3219.39990234375,2905.24755859375,2321159
2023-05-03,3216.0,3216.0,3173.14990234375,3179.89990234375,2869.601806640625,2468285
2023-05-04,3180.14990234375,3224.449951171875,3178.0,3220.699951171875,2906.4208984375,1953253
2023-05-05,3220.0,3244.0,3210.050048828125,3230.699951171875,2915.4453125,1710027
2023-05-08,3245.0,3254.85009765625,3231.300048828125,3250.60009765625,2933.4033203125,928235
2023-05-09,3252.60009765625,3298.0,3246.0,3283.25,2962.86669921875,1107375
2023-05-10,3290.0,3306.5,3266.050048828125,3286.800048828125,2966.070556640625,1559987
2023-05-11,3309.0,3309.699951171875,3272.0,3282.14990234375,2961.87451171875,1719623
2023-05-12,3279.14990234375,3290.0,3260.0,3274.300048828125,2954.79052734375,1027479
2023-05-15,3284.0,3292.0,3248.35009765625,3255.050048828125,2937.41845703125,1150390
2023-05-16,3256.199951171875,3285.0,3250.449951171875,3258.14990234375,2940.216064453125,986306
2023-05-17,3255.949951171875,3280.0,3198.25,3208.699951171875,2895.591064453125,1588815
2023-05-18,3225.949951171875,3228.949951171875,3195.0,3199.85009765625,2887.60546875,1369364
2023-05-19,3210.0,3234.5,3203.050048828125,3222.85009765625,2908.361328125,1152449
2023-05-22,3230.0,3308.449951171875,3217.050048828125,3298.699951171875,2976.8095703125,1333243
2023-05-23,3306.0,3327.949951171875,3290.10009765625,3297.050048828125,2975.3203125,1687418
2023-05-24,3276.0,3317.199951171875,3276.0,3303.35009765625,2981.00537109375,1016555
2023-05-25,3294.0,3306.0,3267.10009765625,3293.5,2972.11669921875,1374917
2023-05-26,3293.5,3338.64990234375,3291.0,3328.89990234375,3004.062255859375,1791115
2023-05-29,3360.800048828125,3372.0,3312.0,3320.35009765625,2996.34716796875,1210372
2023-05-30,3315.0,3326.949951171875,3301.35009765625,3316.199951171875,2992.60107421875,1344224
2023-05-31,3309.0,3327.699951171875,3265.14990234375,3289.5,2968.50732421875,5815424
2023-06-01,3314.0,3340.0,3297.5,3324.0,2999.64111328125,1177314
2023-06-02,3326.25,3335.89990234375,3297.449951171875,3305.60009765625,2983.036376953125,2030661
2023-06-05,3315.0,3327.0,3285.050048828125,3288.89990234375,2967.9658203125,1861468
2023-06-06,3280.0,3288.85009765625,3220.60009765625,3232.300048828125,2916.888671875,2022849
2023-06-07,3253.0,3278.85009765625,3241.0,3274.89990234375,2955.33203125,1567196
2023-06-08,3261.0,3270.0,3233.0,3236.449951171875,2920.6337890625,1759366
2023-06-09,3245.0,3250.0,3205.35009765625,3209.300048828125,2896.133056640625,1775689
2023-06-12,3215.0,3254.39990234375,3211.0,3246.89990234375,2930.063720703125,2324605
2023-06-13,3260.0,3265.0,3239.0,3243.699951171875,2927.17626953125,1371928
2023-06-14,3243.699951171875,3255.85009765625,3225.85009765625,3251.050048828125,2933.8095703125,1658544
2023-06-15,3245.300048828125,3247.449951171875,3210.0,3216.300048828125,2924.0361328125,2273810
2023-06-16,3197.0,3199.39990234375,3156.0,3174.89990234375,2886.397705078125,4156189
2023-06-19,3190.0,3214.89990234375,3175.0,3210.39990234375,2918.672119140625,1468186
2023-06-20,3214.0,3232.5,3201.050048828125,3227.699951171875,2934.39990234375,1528452
2023-06-21,3250.0,3261.39990234375,3223.949951171875,3258.199951171875,2962.12890625,1645987
2023-06-22,3260.0,3267.64990234375,3230.10009765625,3238.5,2944.218994140625,1529603
2023-06-23,3237.300048828125,3249.39990234375,3209.14990234375,3216.35009765625,2924.08154296875,1119505
2023-06-26,3205.0,3213.89990234375,3173.0,3189.64990234375,2899.80712890625,1978803
2023-06-27,3202.0,3209.64990234375,3182.300048828125,3197.35009765625,2906.80810546875,863542
2023-06-28,3208.0,3230.949951171875,3193.39990234375,3215.449951171875,2923.263427734375,1575872
2023-06-30,3220.0,3310.0,3214.10009765625,3302.25,3002.17578125,2672406
2023-07-03,3314.300048828125,3318.800048828125,3268.75,3272.300048828125,2974.947509765625,1687264
2023-07-04,3290.0,3315.0,3277.300048828125,3308.85009765625,3008.17626953125,1656681
2023-07-05,3320.0,3329.0,3305.0,3319.949951171875,3018.267578125,1453008
2023-07-06,3306.550048828125,3328.449951171875,3302.0,3322.89990234375,3020.948974609375,1848238
2023-07-07,3302.0,3356.89990234375,3302.0,3329.25,3026.72216796875,1789326
2023-07-10,3324.75,3324.75,3265.199951171875,3271.949951171875,2974.62939453125,1407431
2023-07-11,3295.0,3295.0,3260.800048828125,3272.39990234375,2975.0380859375,1110172
2023-07-12,3280.949951171875,3289.14990234375,3250.10009765625,3259.89990234375,2963.673583984375,1515240
2023-07-13,3284.0,3367.449951171875,3272.75,3340.550048828125,3036.99560546875,4585146
2023-07-14,3365.0,3524.85009765625,3352.0,3514.64990234375,3195.27490234375,6306101
2023-07-17,3510.0,3549.89990234375,3477.050048828125,3491.699951171875,3174.409912109375,2743228
2023-07-18,3476.0,3524.0,3465.0,3496.85009765625,3179.092529296875,2600090
2023-07-19,3500.0,3516.85009765625,3445.64990234375,3470.050048828125,3154.727783203125,2405370
2023-07-20,3453.10009765625,3478.89990234375,3436.050048828125,3463.300048828125,3156.779052734375,1715404
2023-07-21,3404.050048828125,3434.89990234375,3359.050048828125,3368.300048828125,3070.18701171875,3770223
2023-07-24,3381.0,3413.449951171875,3372.10009765625,3394.75,3094.295654296875,1680132
2023-07-25,3397.5,3406.800048828125,3380.199951171875,3399.14990234375,3098.306396484375,1272980
2023-07-26,3400.35009765625,3420.85009765625,3385.0,3388.300048828125,3088.416748046875,1066803
2023-07-27,3394.949951171875,3411.64990234375,3385.050048828125,3396.89990234375,3096.255615234375,1701769
2023-07-28,3385.0,3393.699951171875,3331.0,3355.39990234375,3058.4287109375,2599831
2023-07-31,3364.39990234375,3426.64990234375,3360.89990234375,3421.449951171875,3118.6328125,2743678
2023-08-01,3415.0,3460.0,3415.0,3452.050048828125,3146.524169921875,1956167
2023-08-02,3434.949951171875,3446.39990234375,3413.60009765625,3440.64990234375,3136.13330078125,1914899
2023-08-03,3420.0,3433.25,3368.0,3399.949951171875,3099.035400390625,2026351
2023-08-04,3401.25,3471.0,3401.25,3443.550048828125,3138.777099609375,2248493
2023-08-07,3453.949951171875,3488.0,3441.25,3484.050048828125,3175.692138671875,1853889
2023-08-08,3484.050048828125,3489.949951171875,3456.60009765625,3470.60009765625,3163.432861328125,1634225
2023-08-09,3464.89990234375,3467.0,3425.050048828125,3462.5,3156.050048828125,1794589
2023-08-10,3450.0,3464.89990234375,3430.050048828125,3442.10009765625,3137.455322265625,1096701
2023-08-11,3438.10009765625,3466.64990234375,3414.0,3448.800048828125,3143.56201171875,1679974
2023-08-14,3440.699951171875,3455.0,3411.0,3449.85009765625,3144.519287109375,1190425
2023-08-16,3450.0,3466.0,3435.199951171875,3458.39990234375,3152.31201171875,1328445
2023-08-17,3455.0,3460.800048828125,3413.199951171875,3435.75,3131.6669921875,1843241
2023-08-18,3410.0,3410.0,3356.5,3367.10009765625,3069.093017578125,2526749
2023-08-21,3375.0,3409.75,3372.0,3401.64990234375,3100.585205078125,1375579
2023-08-22,3400.0,3411.0,3365.050048828125,3382.14990234375,3082.81103515625,1222012
2023-08-23,3388.0,3402.0,3376.0,3398.25,3097.486328125,1330046
2023-08-24,3408.0,3413.050048828125,3378.10009765625,3387.75,3087.915283203125,1152881
2023-08-25,3375.0,3385.800048828125,3350.25,3381.300048828125,3082.0361328125,1158046
2023-08-28,3394.0,3394.0,3360.10009765625,3375.550048828125,3076.795166015625,1037485
2023-08-29,3381.050048828125,3389.550048828125,3365.0,3376.14990234375,3077.341796875,944517
2023-08-30,3398.0,3408.10009765625,3383.050048828125,3390.949951171875,3090.83251953125,1188200
2023-08-31,3401.0,3417.39990234375,3343.64990234375,3356.800048828125,3059.70458984375,3417652
2023-09-01,3366.0,3389.0,3356.800048828125,3379.199951171875,3080.12158203125,1277950
2023-09-04,3378.0,3432.85009765625,3370.050048828125,3418.5,3115.943603515625,1828332
2023-09-05,3420.0,3447.0,3405.14990234375,3429.35009765625,3125.833984375,1501842
2023-09-06,3434.0,3443.89990234375,3398.10009765625,3429.89990234375,3126.334716796875,1314818
2023-09-07,3430.800048828125,3460.0,3422.300048828125,3455.25,3149.441650390625,1885092
2023-09-08,3455.25,3465.0,3435.050048828125,3441.89990234375,3137.272705078125,1518917
2023-09-11,3462.0,3485.699951171875,3445.0,3480.64990234375,3172.593017578125,1783604
2023-09-12,3492.0,3589.89990234375,3483.0,3580.800048828125,3263.879638671875,4476016
2023-09-13,3571.10009765625,3588.85009765625,3545.0,3567.85009765625,3252.075439453125,1754929
2023-09-14,3570.050048828125,3597.699951171875,3545.60009765625,3560.050048828125,3244.966064453125,2604721
2023-09-15,3567.85009765625,3607.35009765625,3562.449951171875,3598.300048828125,3279.830078125,2952897
2023-09-18,3580.050048828125,3619.300048828125,3575.25,3606.14990234375,3286.9853515625,1395753
2023-09-20,3580.0,3625.0,3580.0,3606.050048828125,3286.894287109375,1649396
2023-09-21,3588.550048828125,3605.0,3528.0,3585.300048828125,3267.9814453125,2004073
2023-09-22,3584.0,3633.75,3565.050048828125,3603.64990234375,3284.706787109375,1989083
2023-09-25,3602.5,3620.0,3558.64990234375,3577.14990234375,3260.552001953125,1238778
2023-09-26,3567.60009765625,3594.949951171875,3536.0,3585.699951171875,3268.345458984375,1726062
2023-09-27,3590.0,3614.0,3555.699951171875,3589.300048828125,3271.627197265625,1541134
2023-09-28,3600.0,3602.800048828125,3527.35009765625,3536.75,3223.727783203125,1755753
2023-09-29,3537.199951171875,3568.449951171875,3505.550048828125,3528.60009765625,3216.29931640625,2243791
2023-10-03,3534.199951171875,3534.199951171875,3480.10009765625,3513.85009765625,3202.854736328125,1948148
2023-10-04,3486.300048828125,3548.0,3477.300048828125,3537.75,3224.639404296875,1788138
2023-10-05,3554.0,3624.0,3551.199951171875,3589.35009765625,3271.672607421875,2990768
2023-10-06,3591.0,3634.949951171875,3575.050048828125,3621.39990234375,3300.885986328125,2075691
2023-10-09,3645.050048828125,3679.0,3631.0,3638.35009765625,3316.336181640625,4233074
2023-10-10,3640.050048828125,3648.0,3601.35009765625,3628.89990234375,3307.72216796875,1848148
2023-10-11,3650.0,3650.0,3605.0,3609.89990234375,3290.403564453125,2426417
2023-10-12,3575.0,3588.64990234375,3538.10009765625,3542.550048828125,3229.014892578125,4241281
2023-10-13,3530.0,3577.0,3525.0,3570.85009765625,3254.809814453125,2890357
2023-10-16,3566.0,3574.64990234375,3519.10009765625,3524.050048828125,3212.152099609375,1671104
2023-10-17,3530.0,3534.14990234375,3503.35009765625,3507.050048828125,3196.656982421875,1672065
2023-10-18,3511.0,3522.699951171875,3484.0,3487.25,3178.609130859375,1408245
2023-10-19,3469.5,3476.85009765625,3451.89990234375,3455.64990234375,3157.95556640625,1514545
2023-10-20,3450.39990234375,3499.5,3444.050048828125,3494.550048828125,3193.504638671875,1481211
2023-10-23,3473.0,3478.949951171875,3401.300048828125,3410.14990234375,3116.37548828125,1106272
2023-10-25,3390.5,3425.0,3377.199951171875,3390.10009765625,3098.052978515625,1518537
2023-10-26,3368.050048828125,3373.699951171875,3330.0,3336.75,3049.29833984375,1984471
2023-10-27,3350.0,3362.0,3337.0,3350.949951171875,3062.275634765625,1108851
2023-10-30,3350.0,3382.85009765625,3333.75,3378.550048828125,3087.49755859375,910972
2023-10-31,3399.0,3399.0,3350.050048828125,3368.75,3078.5419921875,999811
2023-11-01,3355.0,3371.60009765625,3311.0,3330.64990234375,3043.724609375,1563475
2023-11-02,3343.199951171875,3375.949951171875,3343.199951171875,3360.10009765625,3070.637451171875,1245384
2023-11-03,3382.0,3387.89990234375,3344.300048828125,3350.89990234375,3062.229736328125,1402598
2023-11-06,3375.0,3392.300048828125,3359.0,3380.25,3089.051513671875,1099852
2023-11-07,3378.0,3404.14990234375,3366.0,3370.449951171875,3080.095947265625,1191144
2023-11-08,3371.449951171875,3401.949951171875,3369.550048828125,3381.550048828125,3090.23974609375,992899
2023-11-09,3390.10009765625,3391.5,3342.050048828125,3347.449951171875,3059.076904296875,2112352
2023-11-10,3338.0,3347.449951171875,3322.35009765625,3333.449951171875,3046.283203125,1338557
2023-11-13,3356.0,3356.0,3327.0,3331.550048828125,3044.546875,1030990
2023-11-15,3383.10009765625,3413.0,3356.050048828125,3404.300048828125,3111.02978515625,2059802
2023-11-16,3430.050048828125,3529.35009765625,3414.199951171875,3497.85009765625,3196.520263671875,3951984
2023-11-17,3497.85009765625,3524.5,3492.550048828125,3502.449951171875,3200.723876953125,2021292
2023-11-20,3491.25,3533.89990234375,3491.25,3519.60009765625,3216.39697265625,1475621
2023-11-21,3519.60009765625,3539.050048828125,3501.0,3510.199951171875,3207.806884765625,1807236
2023-11-22,3500.0,3532.64990234375,3481.10009765625,3530.14990234375,3226.0380859375,1798051
2023-11-23,3530.0,3544.0,3500.0,3508.25,3206.024658203125,2729804
2023-11-24,3494.25,3504.550048828125,3453.0,3457.10009765625,3159.281005859375,1989733
2023-11-28,3457.10009765625,3481.25,3433.0,3470.14990234375,3171.20654296875,1689195
2023-11-29,3481.0,3518.0,3475.800048828125,3513.75,3211.05078125,1441634
2023-11-30,3499.449951171875,3516.64990234375,3481.0,3487.60009765625,3187.1533203125,3266235
2023-12-01,3500.0,3516.949951171875,3490.050048828125,3511.64990234375,3209.132080078125,1172141
2023-12-04,3544.64990234375,3547.800048828125,3498.0,3512.449951171875,3209.86328125,1625213
2023-12-05,3538.0,3538.0,3502.800048828125,3531.60009765625,3227.36279296875,1377656
2023-12-06,3532.60009765625,3612.85009765625,3525.14990234375,3604.10009765625,3293.617431640625,1896572
2023-12-07,3605.0,3630.550048828125,3591.699951171875,3614.89990234375,3303.48681640625,1967653
2023-12-08,3633.0,3645.0,3602.050048828125,3626.699951171875,3314.270263671875,1641155
2023-12-11,3622.89990234375,3653.0,3615.0,3642.89990234375,3329.07470703125,1102503
2023-12-12,3638.949951171875,3698.39990234375,3631.0,3672.10009765625,3355.759521484375,2236866
2023-12-13,3643.550048828125,3650.0,3563.0,3593.550048828125,3283.976318359375,3850968
2023-12-14,3630.0,3678.0,3627.60009765625,3667.25,3351.3271484375,3290396
2023-12-15,3666.699951171875,3895.949951171875,3666.699951171875,3861.0,3528.38623046875,8531230
2023-12-18,3858.10009765625,3929.0,3830.14990234375,3859.199951171875,3526.740966796875,2521612
2023-12-19,3845.0,3855.10009765625,3790.0,3816.199951171875,3487.446044921875,2004435
2023-12-20,3827.25,3898.800048828125,3766.550048828125,3780.050048828125,3454.40966796875,2586083
2023-12-21,3756.25,3806.699951171875,3743.35009765625,3787.5,3461.21826171875,1517562
2023-12-22,3800.0,3845.949951171875,3762.0,3824.0,3494.5732421875,2413058
2023-12-26,3819.85009765625,3834.0,3790.14990234375,3795.550048828125,3468.57470703125,1285231
2023-12-27,3799.0,3818.199951171875,3768.0,3811.199951171875,3482.8759765625,1293976
2023-12-28,3824.0,3838.0,3792.10009765625,3799.89990234375,3472.5498046875,1682889
2023-12-29,3792.0,3822.60009765625,3765.39990234375,3793.39990234375,3466.609375,1574996
2024-01-01,3790.0,3832.0,3773.0,3811.10009765625,3482.78466796875,825907
2024-01-02,3811.10009765625,3811.10009765625,3767.25,3783.199951171875,3457.28857421875,1344068
2024-01-03,3767.0,3771.85009765625,3687.050048828125,3691.75,3373.716552734375,1803075
2024-01-04,3701.75,3719.0,3651.0,3666.800048828125,3350.915771484375,3598144
2024-01-05,3675.0,3747.75,3674.85009765625,3737.89990234375,3415.890625,1963127
2024-01-08,3737.89990234375,3739.75,3672.39990234375,3678.300048828125,3361.42529296875,1067805
2024-01-09,3709.949951171875,3752.35009765625,3682.75,3689.89990234375,3372.026123046875,1370944
2024-01-10,3690.0,3729.25,3688.0,3713.050048828125,3393.181640625,1292227
2024-01-11,3724.0,3773.0,3707.0,3735.550048828125,3413.74365234375,1777909
2024-01-12,3848.0,3905.25,3821.60009765625,3882.800048828125,3548.30810546875,6813450
2024-01-15,3960.0,3965.0,3885.0,3903.800048828125,3567.499267578125,2801505
2024-01-16,3899.0,3899.0,3855.550048828125,3861.300048828125,3528.660400390625,1432672
2024-01-17,3819.0,3909.949951171875,3812.550048828125,3884.60009765625,3549.953125,3458696
2024-01-18,3898.0,3908.800048828125,3862.0,3902.60009765625,3566.40283203125,2239110
2024-01-19,3945.0,3963.550048828125,3915.050048828125,3943.050048828125,3628.471435546875,2941975
2024-01-23,3900.0,3933.89990234375,3842.75,3858.25,3550.436767578125,2618854
2024-01-24,3880.0,3883.64990234375,3805.60009765625,3841.800048828125,3535.299072265625,2657709
2024-01-25,3839.89990234375,3861.0,3778.699951171875,3810.300048828125,3506.312255859375,2205154
2024-01-29,3800.800048828125,3820.0,3780.85009765625,3801.0,3497.754638671875,1646747
2024-01-30,3807.449951171875,3847.800048828125,3787.0,3800.550048828125,3497.340087890625,1411621
2024-01-31,3811.199951171875,3834.0,3796.449951171875,3815.949951171875,3511.51171875,2459358
2024-02-01,3820.0,3904.89990234375,3805.050048828125,3854.14990234375,3546.664306640625,2363107
2024-02-02,3875.050048828125,3984.39990234375,3872.0,3966.300048828125,3649.866455078125,2826510
2024-02-05,3983.0,4022.0,3962.10009765625,3973.300048828125,3656.308349609375,1691523
2024-02-06,3997.0,4149.89990234375,3990.0,4136.0,3806.027587890625,4474396
2024-02-07,4153.0,4155.0,4073.949951171875,4083.39990234375,3757.623779296875,2124267
2024-02-08,4090.0,4158.0,4086.050048828125,4134.10009765625,3804.279296875,2345173
2024-02-09,4136.5498046875,4184.75,4100.0,4133.7001953125,3803.910888671875,2100596
2024-02-12,4130.0,4159.60009765625,4105.5498046875,4120.7001953125,3791.948974609375,1013716
2024-02-13,4125.4501953125,4170.0,4081.5,4149.5,3818.45068359375,1257415
2024-02-14,4107.0,4114.89990234375,4049.5,4100.10009765625,3772.991943359375,1391283
2024-02-15,4128.0,4146.2998046875,4083.0,4103.2001953125,3775.84423828125,1091582
2024-02-16,4113.25,4147.9501953125,4100.10009765625,4128.2998046875,3798.94189453125,1307556
2024-02-19,4123.0498046875,4128.2998046875,4055.0,4103.7998046875,3776.396728515625,772291
2024-02-20,4082.10009765625,4098.0,4010.0,4030.64990234375,3709.082763671875,1193648
2024-02-21,4013.0,4063.35009765625,3980.60009765625,3991.5,3673.0556640625,1885939
2024-02-22,3971.0,4094.949951171875,3971.0,4087.10009765625,3761.02880859375,2982052
2024-02-23,4130.0,4130.0,4046.39990234375,4052.10009765625,3728.821533203125,2538072
2024-02-26,4036.0,4050.0,3982.75,4001.050048828125,3681.84423828125,1379284
2024-02-27,3999.0,4124.0,3999.0,4104.39990234375,3776.948974609375,2960475
2024-02-28,4095.60009765625,4154.89990234375,4089.0,4118.9501953125,3790.337890625,1939225
2024-02-29,4099.0,4138.10009765625,4064.550048828125,4095.10009765625,3768.390625,3772719
2024-03-01,4107.2001953125,4140.0,4086.800048828125,4094.35009765625,3767.700927734375,2043265
2024-03-04,4105.0,4117.89990234375,4075.89990234375,4080.699951171875,3755.1396484375,1749271
2024-03-05,4062.0,4064.0,3980.0,4012.10009765625,3692.012939453125,2070859
2024-03-06,3994.050048828125,4072.0,3958.449951171875,4064.300048828125,3740.0478515625,1744204
2024-03-07,4065.0,4124.0,4037.699951171875,4108.60009765625,3780.814208984375,2688905
2024-03-11,4089.0,4153.0,4089.0,4122.35009765625,3793.466552734375,2304068
2024-03-12,4122.35009765625,4229.9501953125,4121.0498046875,4192.25,3857.790771484375,4039801
2024-03-13,4205.0,4241.0,4131.89990234375,4149.0,3817.9912109375,2837260
2024-03-14,4153.4501953125,4225.0,4086.0,4207.60009765625,3871.91552734375,2919608
2024-03-15,4192.60009765625,4239.0,4177.0,4219.25,3882.63623046875,3373143
2024-03-18,4215.25,4254.75,4117.85009765625,4152.5,3821.21142578125,1526904
2024-03-19,4051.25,4058.0,3966.60009765625,3977.300048828125,3659.98876953125,8931209
2024-03-20,3986.0,4018.0,3960.199951171875,3970.89990234375,3654.099365234375,1817913
2024-03-21,3990.050048828125,4008.39990234375,3948.0,3972.949951171875,3655.98583984375,3829582
2024-03-22,3897.0,3938.0,3855.0,3910.89990234375,3598.885986328125,5852485
2024-03-26,3875.0,3946.699951171875,3871.449951171875,3877.5,3568.150634765625,3440925
2024-03-27,3888.5,3895.0,3829.39990234375,3840.89990234375,3534.470703125,1968575
2024-03-28,3850.10009765625,3915.0,3840.5,3876.300048828125,3567.046630859375,4311783
2024-04-01,3897.699951171875,3933.300048828125,3888.050048828125,3916.75,3604.26953125,1569676
2024-04-02,3890.0,3909.85009765625,3873.0,3883.800048828125,3573.948486328125,2142666
2024-04-03,3851.0,3981.0,3851.0,3947.300048828125,3632.38232421875,3973090
2024-04-04,3975.89990234375,4028.64990234375,3935.25,4003.300048828125,3683.915283203125,3394637
2024-04-05,3978.0,4002.0,3960.5,3979.25,3661.783447265625,1636819
2024-04-08,3983.0,4032.64990234375,3960.0,3972.550048828125,3655.617919921875,2302538
2024-04-09,3984.0,4015.85009765625,3925.050048828125,3946.550048828125,3631.6923828125,1876992
2024-04-10,3956.39990234375,3990.199951171875,3918.0,3984.64990234375,3666.752197265625,2101965
2024-04-12,3971.0,4013.35009765625,3945.5,4001.39990234375,3682.166259765625,4354821
2024-04-15,4001.39990234375,4064.199951171875,3919.050048828125,3941.199951171875,3626.768798828125,4200329
2024-04-16,3902.0,3928.699951171875,3862.85009765625,3872.800048828125,3563.826171875,3051420
2024-04-18,3876.800048828125,3936.0,3850.0,3862.0,3553.887939453125,3476284
2024-04-19,3838.0,3852.550048828125,3800.89990234375,3826.199951171875,3520.943359375,2957749
2024-04-22,3837.0,3878.0,3812.0,3864.60009765625,3556.280029296875,1728883
2024-04-23,3877.050048828125,3895.0,3860.60009765625,3874.699951171875,3565.573974609375,1807586
2024-04-24,3890.0,3898.0,3824.449951171875,3831.050048828125,3525.406982421875,1317312
2024-04-25,3811.199951171875,3873.64990234375,3811.0,3852.199951171875,3544.869140625,2856271
2024-04-26,3855.14990234375,3876.800048828125,3802.550048828125,3821.35009765625,3516.48095703125,2039178
2024-04-29,3838.0,3877.800048828125,3819.199951171875,3870.199951171875,3561.43310546875,1110693
2024-04-30,3872.0,3881.75,3810.0,3820.64990234375,3515.83642578125,2203078
2024-05-02,3778.050048828125,3871.10009765625,3778.050048828125,3863.300048828125,3555.083984375,2491044
2024-05-03,3890.14990234375,3893.60009765625,3797.60009765625,3843.39990234375,3536.771484375,2962234
2024-05-06,3853.0,3939.949951171875,3853.0,3921.050048828125,3608.2265625,2053831
2024-05-07,3930.800048828125,3988.0,3913.5,3978.949951171875,3661.50732421875,2062112
2024-05-08,3961.0,3984.300048828125,3938.60009765625,3976.949951171875,3659.6669921875,1247685
2024-05-09,3962.0,3971.0,3910.050048828125,3960.199951171875,3644.253173828125,1726486
2024-05-10,3962.60009765625,3973.60009765625,3885.050048828125,3893.89990234375,3583.24267578125,1672489
2024-05-13,3884.5,3955.0,3870.0,3947.800048828125,3632.842529296875,931326
2024-05-14,3936.0,3945.800048828125,3892.89990234375,3901.199951171875,3589.959716796875,1058317
2024-05-15,3904.5,3926.949951171875,3875.5,3880.39990234375,3570.819580078125,1115021
2024-05-16,3891.10009765625,3909.5,3843.5,3900.949951171875,3615.8212890625,2599399
2024-05-17,3919.0,3920.0,3830.0,3834.10009765625,3553.857421875,2765804
2024-05-21,3830.60009765625,3844.75,3810.050048828125,3820.199951171875,3540.97314453125,1908117
2024-05-22,3835.0,3841.25,3817.550048828125,3832.0,3551.910888671875,1311168
2024-05-23,3840.949951171875,3905.0,3825.5,3893.449951171875,3608.869140625,2095742
2024-05-24,3878.25,3883.800048828125,3844.300048828125,3849.5,3568.1318359375,1309452
2024-05-27,3855.0,3908.35009765625,3841.35009765625,3847.050048828125,3565.860595703125,1841538
2024-05-28,3858.0,3870.0,3830.0,3839.89990234375,3559.233154296875,1801993
2024-05-29,3848.89990234375,3848.89990234375,3800.0,3803.64990234375,3525.632080078125,1568095
2024-05-30,3777.0,3794.39990234375,3715.449951171875,3736.10009765625,3463.0205078125,2919230
2024-05-31,3740.0,3749.800048828125,3653.75,3670.949951171875,3402.632080078125,10956800
2024-06-03,3732.800048828125,3751.550048828125,3696.0,3702.85009765625,3432.200439453125,2156773
2024-06-04,3700.0,3745.0,3591.5,3715.0,3443.46240234375,3395997
2024-06-05,3716.0,3783.800048828125,3700.0,3746.449951171875,3472.61376953125,2799670
2024-06-06,3781.0,3839.89990234375,3741.5,3830.39990234375,3550.42724609375,4328036
2024-06-07,3837.300048828125,3915.0,3837.300048828125,3893.949951171875,3609.33251953125,4552445
2024-06-10,3895.0,3905.89990234375,3841.89990234375,3858.699951171875,3576.658935546875,1734661
2024-06-11,3845.0,3879.949951171875,3841.0,3852.10009765625,3570.541259765625,1419898
2024-06-12,3874.39990234375,3893.5,3827.449951171875,3831.64990234375,3551.58642578125,2177001
2024-06-13,3856.800048828125,3890.0,3852.0,3878.14990234375,3594.68701171875,1932323
2024-06-14,3889.0,3889.0,3828.0,3832.050048828125,3551.95703125,1860730
2024-06-18,3826.050048828125,3842.0,3795.050048828125,3815.10009765625,3536.246337890625,1774045
2024-06-19,3827.64990234375,3833.85009765625,3792.949951171875,3801.699951171875,3523.8251953125,1509050
2024-06-20,3796.0,3809.949951171875,3780.050048828125,3787.25,3510.431396484375,2846526
2024-06-21,3827.0,3877.800048828125,3798.050048828125,3810.75,3532.214111328125,4642195
2024-06-24,3808.75,3857.0,3791.300048828125,3816.800048828125,3537.821533203125,1702154
2024-06-25,3817.0,3847.64990234375,3792.89990234375,3838.449951171875,3557.889404296875,1338808
2024-06-26,3844.5,3866.949951171875,3841.0,3855.85009765625,3574.017822265625,1639845
2024-06-27,3831.0,3942.0,3818.10009765625,3934.14990234375,3646.59423828125,4526556
2024-06-28,3917.800048828125,3960.0,3897.85009765625,3904.14990234375,3618.787109375,2731571
2024-07-01,3884.0,4001.699951171875,3884.0,3978.199951171875,3687.42431640625,2658723
2024-07-02,3993.60009765625,4023.39990234375,3982.550048828125,4017.39990234375,3723.759033203125,2307449
2024-07-03,4020.0,4026.10009765625,3955.0,3965.25,3675.421142578125,1821198
2024-07-04,3999.85009765625,4047.35009765625,3982.10009765625,4020.949951171875,3727.049560546875,2518001
2024-07-05,4010.0,4026.75,3988.0,4011.800048828125,3718.56884765625,1668616
2024-07-08,4022.0,4031.25,3978.050048828125,3993.199951171875,3701.32861328125,1758882
2024-07-09,3985.0,4006.949951171875,3975.10009765625,3985.5,3694.191162109375,1305801
2024-07-10,3983.699951171875,4003.300048828125,3902.0,3909.14990234375,3623.42138671875,2669716
2024-07-11,3931.0,3980.0,3895.60009765625,3923.699951171875,3636.907958984375,4872189
2024-07-12,3980.0,4199.9501953125,3971.300048828125,4183.9501953125,3878.1357421875,13509164
2024-07-15,4235.7001953125,4240.0,4157.0498046875,4169.2001953125,3864.4638671875,4848030
2024-07-16,4172.0,4194.5498046875,4144.89990234375,4178.4501953125,3873.038330078125,2029521
2024-07-18,4160.0,4325.0,4160.0,4315.5498046875,4000.116943359375,5613364
2024-07-19,4317.39990234375,4358.75,4285.25,4302.39990234375,3997.190185546875,3903354
2024-07-22,4299.9501953125,4319.9501953125,4265.0,4287.35009765625,3983.20849609375,1896386
2024-07-23,4283.0,4361.7001953125,4266.2998046875,4302.35009765625,3997.143798828125,2365208
2024-07-24,4287.5,4339.10009765625,4268.10009765625,4306.25,4000.76708984375,1809793
2024-07-25,4295.0,4343.0,4274.2001953125,4322.5,4015.864013671875,2810342
2024-07-26,4350.0,4422.4501953125,4337.0498046875,4387.85009765625,4076.578369140625,3552210
2024-07-29,4415.0,4431.0,4371.0,4381.10009765625,4070.3076171875,1746803
2024-07-30,4391.10009765625,4398.0,4327.2998046875,4365.35009765625,4055.6748046875,1797906
2024-07-31,4350.0,4414.0,4345.0,4385.35009765625,4074.255859375,2330091
2024-08-01,4399.39990234375,4419.2998046875,4365.0498046875,4397.10009765625,4085.17236328125,2202244
2024-08-02,4365.0,4398.0,4270.0,4283.0498046875,3979.21337890625,2811282
2024-08-05,4239.0,4239.0,4110.5,4155.0498046875,3860.293212890625,2787771
2024-08-06,4170.9501953125,4258.25,4160.7998046875,4171.2001953125,3875.2978515625,2203067
2024-08-07,4228.0,4244.9501953125,4180.2998046875,4200.4501953125,3902.47265625,1237666
2024-08-08,4181.0,4232.0,4160.0,4172.5498046875,3876.551513671875,2441283
2024-08-09,4217.0,4253.64990234375,4205.5498046875,4228.75,3928.76513671875,1302536
2024-08-12,4230.0,4239.0,4186.35009765625,4195.64990234375,3898.012939453125,936912
2024-08-13,4213.0,4234.0,4183.0,4196.9501953125,3899.220947265625,1495593
2024-08-14,4209.0,4306.2001953125,4188.14990234375,4295.25,3990.547119140625,3226545
2024-08-16,4350.0,4427.0,4325.10009765625,4416.0498046875,4102.77783203125,3457058
2024-08-19,4421.0,4494.25,4390.35009765625,4490.0,4171.48193359375,2055210
2024-08-20,4505.0,4565.0,4500.0,4523.2998046875,4202.419921875,2212298
2024-08-21,4518.0,4560.0,4492.5498046875,4551.5,4228.6201171875,1896990
2024-08-22,4560.0,4560.9501953125,4497.2001953125,4502.0,4182.630859375,1829872
2024-08-23,4500.0,4506.0,4455.0,4463.89990234375,4147.2333984375,1809253
2024-08-26,4489.0,4552.14990234375,4485.0,4502.4501953125,4183.048828125,1844164
2024-08-27,4505.0,4510.0,4486.7998046875,4497.14990234375,4178.125,930697
2024-08-28,4498.75,4562.5,4457.2998046875,4506.0498046875,4186.3935546875,1848058
2024-08-29,4460.0,4556.0,4460.0,4511.7998046875,4191.73583984375,2133641
2024-08-30,4500.0,4592.25,4487.7998046875,4553.75,4230.70947265625,3637222
2024-09-02,4576.0,4588.0,4512.0,4521.0498046875,4200.32958984375,1216500
2024-09-03,4521.0498046875,4555.89990234375,4495.89990234375,4512.35009765625,4192.24658203125,1717263
2024-09-04,4476.9501953125,4487.0,4436.7001953125,4479.25,4161.49462890625,1265505
2024-09-05,4481.0,4499.0,4454.14990234375,4475.9501953125,4158.4287109375,1688793
2024-09-06,4473.9501953125,4518.9501953125,4440.0,4456.75,4140.5908203125,1649179
2024-09-09,4455.0,4490.25,4430.5,4449.5498046875,4133.90185546875,1184938
2024-09-10,4442.4501953125,4539.9501953125,4440.4501953125,4507.85009765625,4188.06591796875,1385591
2024-09-11,4521.4501953125,4549.35009765625,4471.25,4479.35009765625,4161.587890625,1325919
2024-09-12,4510.25,4532.60009765625,4431.2998046875,4517.7001953125,4197.21728515625,2742216
2024-09-13,4530.0,4547.0,4505.0,4522.60009765625,4201.76953125,1458786
2024-09-16,4527.0,4546.0498046875,4494.4501953125,4513.25,4193.0830078125,1155120
2024-09-17,4513.25,4535.7998046875,4466.0,4505.64990234375,4186.02197265625,1699364
2024-09-18,4497.0498046875,4497.0498046875,4321.0,4346.14990234375,4037.8369140625,2961779
2024-09-19,4390.0498046875,4422.2001953125,4281.7998046875,4296.14990234375,3991.383056640625,2927551
2024-09-20,4316.89990234375,4330.7001953125,4227.5,4284.89990234375,3980.931396484375,5447908
2024-09-23,4300.0,4309.39990234375,4253.0,4268.5,3965.6953125,1702319
2024-09-24,4251.64990234375,4291.0,4240.0,4271.2998046875,3968.29638671875,3012026
2024-09-25,4252.35009765625,4289.60009765625,4240.0,4274.75,3971.501708984375,2713073
2024-09-26,4260.0,4316.7998046875,4260.0,4292.5,3987.99267578125,3964251
2024-09-27,4335.0,4378.0,4300.0498046875,4308.7001953125,4003.04345703125,3012477
2024-09-30,4286.89990234375,4298.75,4260.0498046875,4268.5,3965.6953125,2503416
2024-10-01,4255.5498046875,4295.75,4242.9501953125,4287.89990234375,3983.71875,1823365
2024-10-03,4262.60009765625,4279.0,4210.0,4232.75,3932.48095703125,3350119
2024-10-04,4225.0,4298.0,4224.0498046875,4252.25,3950.59814453125,2965463
2024-10-07,4273.89990234375,4297.25,4229.39990234375,4272.85009765625,3969.736572265625,1472619
2024-10-08,4272.60009765625,4279.39990234375,4203.9501953125,4253.25,3951.526611328125,1541867
2024-10-09,4260.0,4295.0,4246.7001953125,4252.9501953125,3951.24853515625,1082504
2024-10-10,4253.25,4293.85009765625,4198.60009765625,4227.39990234375,3927.5107421875,2378875
2024-10-11,4143.0,4241.9501953125,4112.4501953125,4149.2001953125,3854.858154296875,5759183
2024-10-14,4140.0,4165.39990234375,4122.2001953125,4136.64990234375,3843.19873046875,2137590
2024-10-15,4131.0498046875,4169.9501953125,4095.0,4116.7998046875,3824.756103515625,2759474
2024-10-16,4085.0,4115.0,4067.199951171875,4094.949951171875,3804.45654296875,2359151
2024-10-17,4112.7998046875,4129.9501953125,4092.949951171875,4109.0,3817.510009765625,2522659
2024-10-18,4090.0,4146.14990234375,4080.0,4123.0498046875,3839.907958984375,2361000
2024-10-21,4132.60009765625,4139.9501953125,4070.0,4079.85009765625,3799.675048828125,1595450
2024-10-22,4066.0,4089.800048828125,4006.35009765625,4015.5,3739.744140625,1928049
2024-10-23,3999.60009765625,4113.5498046875,3995.14990234375,4066.25,3787.00927734375,1966476
2024-10-24,4004.0,4079.0,4004.0,4047.89990234375,3769.919189453125,2676744
2024-10-25,4057.050048828125,4092.0,4032.699951171875,4057.550048828125,3778.90673828125,1759676
2024-10-28,4068.949951171875,4134.0,4051.0,4090.85009765625,3809.919189453125,1532534
2024-10-29,4095.85009765625,4103.5,4060.10009765625,4075.25,3795.390625,1445885
2024-10-30,4075.0,4107.0,4060.050048828125,4084.64990234375,3804.1455078125,1935002
2024-10-31,4070.0,4078.300048828125,3960.0,3968.449951171875,3695.92529296875,3740372
2024-11-01,3989.85009765625,3998.949951171875,3976.050048828125,3984.199951171875,3710.593505859375,154895
2024-11-04,3966.300048828125,3991.89990234375,3913.25,3964.14990234375,3691.920166015625,2269192
2024-11-05,3941.10009765625,3986.0,3941.10009765625,3971.35009765625,3698.6259765625,967590
2024-11-06,4003.60009765625,4149.7998046875,3975.25,4139.64990234375,3855.368408203125,3792017
2024-11-07,4169.7001953125,4205.7998046875,4085.050048828125,4150.89990234375,3865.845703125,3724349
2024-11-08,4155.0,4169.75,4117.64990234375,4147.0,3862.21337890625,1648039
2024-11-11,4128.2001953125,4234.2998046875,4117.64990234375,4198.7001953125,3910.363525390625,1406487
2024-11-12,4216.0,4218.0,4164.35009765625,4197.39990234375,3909.15234375,1587640
2024-11-13,4178.10009765625,4196.75,4131.0498046875,4150.35009765625,3865.333740234375,1098813
2024-11-14,4135.0,4160.0,4116.4501953125,4145.89990234375,3861.18896484375,1825432
2024-11-18,4213.0,4213.0,3990.199951171875,4019.5,3743.46923828125,3313944
2024-11-19,4019.89990234375,4132.14990234375,4014.10009765625,4039.550048828125,3762.142578125,1776233
2024-11-21,4044.89990234375,4092.449951171875,4024.0,4072.85009765625,3793.15576171875,2384347
2024-11-22,4071.0,4254.9501953125,4054.0,4244.60009765625,3953.111083984375,3096553
2024-11-25,4280.0,4328.10009765625,4252.2001953125,4315.10009765625,4018.77001953125,4052167
2024-11-26,4321.0498046875,4366.60009765625,4310.0,4352.7001953125,4053.7880859375,2060669
2024-11-27,4358.9501953125,4377.39990234375,4324.0498046875,4332.5498046875,4035.02099609375,1558993
2024-11-28,4319.0,4339.9501953125,4233.0,4244.89990234375,3953.390625,2558544
2024-11-29,4220.0,4298.7001953125,4195.64990234375,4270.85009765625,3977.558349609375,2017425
2024-12-02,4270.0,4288.2001953125,4230.0498046875,4276.64990234375,3982.9599609375,1670944
2024-12-03,4314.35009765625,4325.0,4265.4501953125,4302.75,4007.267822265625,2010905
2024-12-04,4313.5498046875,4386.9501953125,4289.0498046875,4354.39990234375,4055.37109375,3302642
2024-12-05,4400.7998046875,4489.0,4360.0,4464.0498046875,4157.49072265625,3746747
2024-12-06,4453.0,4465.0,4412.75,4445.5,4140.21484375,1842087
2024-12-09,4430.4501953125,4469.39990234375,4415.5498046875,4452.14990234375,4146.40771484375,2066639
2024-12-10,4426.14990234375,4493.7998046875,4412.10009765625,4432.5498046875,4128.15380859375,2087828
2024-12-11,4431.85009765625,4448.64990234375,4407.0,4427.4501953125,4123.404296875,1635256
2024-12-12,4430.0498046875,4485.0,4426.0,4454.9501953125,4149.01611328125,1914642
2024-12-13,4434.9501953125,4494.89990234375,4394.39990234375,4473.89990234375,4166.6640625,1967048
2024-12-16,4459.0,4475.0,4397.0,4415.2001953125,4111.99609375,1646224
2024-12-17,4410.0,4432.9501953125,4318.0,4328.5,4031.249755859375,3225027
2024-12-18,4311.7001953125,4362.0,4289.60009765625,4347.85009765625,4049.270751953125,1575404
2024-12-19,4282.0,4364.0,4262.0,4271.89990234375,3978.5361328125,3015763
2024-12-20,4329.0,4382.0,4152.5,4170.2998046875,3883.91357421875,4116989
2024-12-23,4200.0498046875,4217.0,4114.89990234375,4158.2998046875,3872.73779296875,2195338
2024-12-24,4158.2998046875,4218.0,4158.2998046875,4179.5,3892.481689453125,1181886
2024-12-26,4179.5,4199.9501953125,4143.14990234375,4169.10009765625,3882.795654296875,1208464
2024-12-27,4163.0,4180.9501953125,4147.25,4164.85009765625,3878.837646484375,858100
2024-12-30,4151.0,4199.2998046875,4112.0,4158.7998046875,3873.203125,1527169
2024-12-31,4135.0,4139.9501953125,4032.050048828125,4094.800048828125,3813.5986328125,1555429
2025-01-01,4094.39990234375,4134.0,4085.449951171875,4112.4501953125,3830.03662109375,763161
2025-01-02,4120.0,4183.0,4096.9501953125,4175.75,3888.9892578125,1720835
2025-01-03,4179.9501953125,4179.9501953125,4092.300048828125,4099.89990234375,3818.348388671875,1791953
2025-01-06,4105.5,4149.64990234375,4066.39990234375,4095.0,3813.78466796875,2085593
2025-01-07,4114.9501953125,4140.35009765625,4011.550048828125,4028.300048828125,3751.664794921875,2669054
2025-01-08,4034.89990234375,4126.0,4017.75,4108.39990234375,3826.26416015625,2181277
2025-01-09,4101.0,4137.75,4025.300048828125,4038.85009765625,3761.49072265625,2392472
2025-01-10,4200.0,4297.0,4170.0,4265.64990234375,3972.716064453125,7894300
2025-01-13,4245.0,4322.9501953125,4227.39990234375,4291.10009765625,3996.418212890625,4003771
2025-01-14,4302.0,4313.89990234375,4219.0498046875,4233.0498046875,3942.35400390625,3441709
2025-01-15,4218.0,4256.4501953125,4207.4501953125,4249.60009765625,3957.76806640625,1653474
2025-01-16,4260.0,4294.0,4191.85009765625,4206.2998046875,3917.44140625,2637705
2025-01-17,4159.89990234375,4160.60009765625,4100.0498046875,4124.2998046875,3911.750244140625,1761466
2025-01-20,4145.7998046875,4145.7998046875,4068.10009765625,4077.800048828125,3867.647216796875,1287799
2025-01-21,4095.300048828125,4111.0,4030.0,4035.85009765625,3827.858642578125,1971591
2025-01-22,4050.0,4163.14990234375,4044.199951171875,4156.60009765625,3942.385986328125,2409223
2025-01-23,4168.0,4191.35009765625,4140.0498046875,4145.4501953125,3931.810791015625,1822998
2025-01-24,4104.0,4178.0,4104.0,4152.35009765625,3938.355224609375,1910099
2025-01-27,4102.0,4156.35009765625,4041.050048828125,4065.14990234375,3855.648681640625,1551782
2025-01-28,4070.800048828125,4102.0,4028.300048828125,4040.300048828125,3832.079833984375,2468272
2025-01-29,4054.0,4107.85009765625,4054.0,4099.7998046875,3888.512939453125,1217089
2025-01-30,4099.89990234375,4129.89990234375,4058.5,4100.0498046875,3888.75048828125,1531251
2025-01-31,4110.0,4128.4501953125,4085.25,4112.39990234375,3900.463623046875,1492943
2025-02-01,4113.0,4135.89990234375,4056.0,4073.14990234375,3863.236328125,437172
2025-02-03,4030.89990234375,4077.0,3998.699951171875,4068.64990234375,3858.96875,1265713
2025-02-04,4083.699951171875,4118.85009765625,4066.050048828125,4107.0498046875,3895.38916015625,2547132
2025-02-05,4150.0,4150.0,4076.0,4091.10009765625,3880.261474609375,1693912
2025-02-06,4105.39990234375,4139.5,4051.550048828125,4082.75,3872.341796875,2284536
2025-02-07,4090.0,4090.0,4008.0,4029.39990234375,3821.7412109375,1548940
2025-02-10,4040.0,4052.0,4014.35009765625,4036.949951171875,3828.902099609375,1339511
2025-02-11,4018.39990234375,4040.0,3955.0,3963.550048828125,3759.284912109375,1810908
2025-02-12,3971.10009765625,4021.75,3940.14990234375,3950.14990234375,3746.57568359375,1678002
2025-02-13,3968.0,3984.449951171875,3902.25,3910.14990234375,3708.636962890625,2277310
2025-02-14,3925.0,3948.0,3900.0,3934.85009765625,3732.06396484375,1681975
2025-02-17,3856.5,3934.0,3856.199951171875,3904.5,3703.278076171875,1799806
2025-02-18,3898.39990234375,3924.39990234375,3864.5,3873.199951171875,3673.591064453125,2149879
2025-02-19,3872.199951171875,3874.949951171875,3768.14990234375,3784.10009765625,3589.083251953125,4366672
2025-02-20,3761.5,3788.0,3751.300048828125,3779.39990234375,3584.625244140625,2888572
2025-02-21,3776.10009765625,3817.0,3775.0,3786.0,3590.88525390625,1833931
2025-02-24,3743.14990234375,3763.199951171875,3670.0,3675.60009765625,3486.1748046875,2508516
2025-02-25,3625.0,3658.0,3621.25,3629.550048828125,3442.49755859375,4101954
2025-02-27,3611.699951171875,3638.0,3600.699951171875,3612.550048828125,3426.3740234375,3823856
2025-02-28,3584.949951171875,3600.0,3457.0,3483.25,3303.737548828125,7085018
2025-03-03,3485.0,3523.25,3476.14990234375,3493.050048828125,3313.032470703125,4990439
2025-03-04,3474.0,3551.0,3464.300048828125,3532.050048828125,3350.02294921875,2797737
2025-03-05,3520.85009765625,3600.35009765625,3520.85009765625,3547.050048828125,3364.249755859375,2501894
2025-03-06,3557.0,3609.449951171875,3536.10009765625,3601.60009765625,3415.98828125,2786513
2025-03-07,3600.0,3625.0,3574.39990234375,3611.199951171875,3425.09375,2051315
2025-03-10,3606.5,3622.10009765625,3582.60009765625,3589.64990234375,3404.654541015625,1004626
2025-03-11,3558.0,3588.75,3537.64990234375,3575.300048828125,3391.043701171875,1995450
2025-03-12,3565.0,3569.25,3486.85009765625,3506.199951171875,3325.505126953125,3174167
2025-03-13,3502.300048828125,3524.300048828125,3484.10009765625,3511.050048828125,3330.10498046875,1693004
2025-03-17,3489.0,3530.449951171875,3477.35009765625,3497.699951171875,3317.44287109375,2690906
2025-03-18,3497.699951171875,3497.699951171875,3497.699951171875,3497.699951171875,3317.44287109375,0
2025-03-19,3547.0,3547.0,3462.75,3497.10009765625,3316.8740234375,3051244
2025-03-20,3512.0,3578.949951171875,3512.0,3563.14990234375,3379.52001953125,2845192
2025-03-21,3475.0,3616.25,3465.0,3578.10009765625,3393.699951171875,4161925
2025-03-24,3600.0,3649.75,3566.60009765625,3628.949951171875,3441.9287109375,1834751
2025-03-25,3645.0,3710.0,3638.0,3657.75,3469.24462890625,3135390
2025-03-26,3647.75,3680.5,3625.85009765625,3635.800048828125,3448.42578125,1734499
2025-03-27,3614.85009765625,3663.0,3610.5,3651.199951171875,3463.031982421875,2528474
2025-03-28,3651.0,3660.949951171875,3591.89990234375,3606.14990234375,3420.3037109375,2051919
2025-04-01,3572.699951171875,3584.0,3525.0,3550.800048828125,3367.806396484375,2618493
2025-04-02,3544.0,3564.10009765625,3530.050048828125,3543.949951171875,3361.309326171875,1764313
2025-04-03,3491.0,3502.0,3396.14990234375,3403.14990234375,3227.765380859375,4537821
2025-04-04,3362.60009765625,3399.64990234375,3295.5,3299.39990234375,3129.362548828125,5317367
2025-04-07,3100.0,3291.39990234375,3056.050048828125,3274.050048828125,3105.31884765625,6623955
2025-04-08,3302.050048828125,3349.0,3255.300048828125,3292.949951171875,3123.244873046875,5557558
2025-04-09,3260.550048828125,3270.0,3212.050048828125,3246.60009765625,3079.28369140625,2990265
2025-04-11,3289.550048828125,3298.949951171875,3206.0,3231.5,3064.961669921875,7108961
2025-04-15,3314.39990234375,3314.39990234375,3238.60009765625,3248.199951171875,3080.80078125,3512160
2025-04-16,3248.199951171875,3278.10009765625,3229.0,3273.800048828125,3105.081787109375,2384391
2025-04-17,3245.5,3303.60009765625,3218.0,3298.89990234375,3128.888427734375,2932346
2025-04-21,3290.10009765625,3354.0,3284.10009765625,3321.60009765625,3150.418701171875,2432946
2025-04-22,3322.60009765625,3333.89990234375,3295.0,3314.39990234375,3143.58935546875,2710498
2025-04-23,3365.0,3420.89990234375,3337.300048828125,3413.0,3237.10791015625,3543923
2025-04-24,3401.10009765625,3412.5,3387.699951171875,3401.60009765625,3226.295654296875,2252175
2025-04-25,3420.0,3477.800048828125,3405.0,3448.0,3270.30419921875,2742991
2025-04-28,3435.0,3457.800048828125,3405.0,3443.5,3266.0361328125,1593296
2025-04-29,3455.0,3495.0,3430.39990234375,3472.5,3293.54150390625,1578332
2025-04-30,3472.0,3509.89990234375,3366.0,3453.699951171875,3275.710205078125,2809332
2025-05-02,3472.0,3491.5,3420.0,3431.0,3254.180419921875,1721761
2025-05-05,3450.0,3504.5,3446.39990234375,3454.300048828125,3276.27978515625,1284443
2025-05-06,3460.0,3473.0,3437.0,3460.0,3281.685791015625,1324763
2025-05-07,3420.60009765625,3459.5,3420.60009765625,3445.10009765625,3267.553955078125,1477128
2025-05-08,3448.0,3477.0,3428.699951171875,3448.89990234375,3271.157470703125,2543591
2025-05-09,3399.0,3446.199951171875,3398.10009765625,3440.300048828125,3263.001220703125,2531757
2025-05-12,3505.0,3630.5,3502.199951171875,3620.39990234375,3433.8193359375,2228678
2025-05-13,3620.39990234375,3623.0,3510.5,3515.0,3333.8515625,3062887
2025-05-14,3521.0,3561.0,3508.60009765625,3548.699951171875,3365.814453125,2119499
2025-05-15,3564.0,3600.0,3514.10009765625,3579.89990234375,3395.406494140625,3548330
2025-05-16,3593.89990234375,3593.89990234375,3546.10009765625,3561.300048828125,3377.765625,1666727
2025-05-19,3550.0,3550.0,3503.699951171875,3518.800048828125,3337.455322265625,2537377
2025-05-20,3531.800048828125,3558.0,3494.0,3498.300048828125,3318.011962890625,2038374
2025-05-21,3508.0,3537.0,3498.300048828125,3525.800048828125,3344.094970703125,1440153
2025-05-22,3495.0,3497.800048828125,3451.300048828125,3477.0,3297.809814453125,2034383
2025-05-23,3477.0,3535.0,3465.60009765625,3514.60009765625,3333.47216796875,1274331
2025-05-26,3521.0,3545.0,3510.10009765625,3537.300048828125,3355.002197265625,967470
2025-05-27,3532.0,3540.0,3483.10009765625,3498.699951171875,3318.39111328125,2467680
2025-05-28,3520.0,3529.0,3493.0,3497.699951171875,3317.44287109375,1222933
2025-05-29,3504.699951171875,3532.5,3486.5,3498.10009765625,3317.822509765625,3188072
2025-05-30,3490.0,3506.699951171875,3453.10009765625,3463.39990234375,3284.910400390625,3404365
2025-06-02,3450.0,3460.0,3418.60009765625,3449.800048828125,3272.011474609375,1877585
2025-06-03,3446.0,3473.5,3400.5,3405.199951171875,3229.709716796875,2848125
2025-06-04,3389.0,3394.800048828125,3370.0,3380.89990234375,3235.1640625,2544807
2025-06-05,3409.0,3409.0,3363.699951171875,3371.10009765625,3225.786865234375,3584683
2025-06-06,3371.10009765625,3390.89990234375,3358.699951171875,3384.199951171875,3238.322265625,2070390
2025-06-09,3400.0,3434.0,3390.89990234375,3421.89990234375,3274.396728515625,1718678
2025-06-10,3440.0,3485.800048828125,3423.199951171875,3462.89990234375,3313.629638671875,2419874
2025-06-11,3470.0,3489.0,3449.10009765625,3471.89990234375,3322.24169921875,2847013
2025-06-12,3471.89990234375,3474.699951171875,3423.199951171875,3434.199951171875,3286.1669921875,4060134
2025-06-13,3393.199951171875,3450.5,3393.199951171875,3445.699951171875,3297.1708984375,2178493
2025-06-16,3440.0,3509.0,3426.199951171875,3496.300048828125,3345.58984375,1934088
2025-06-17,3510.0,3520.0,3488.10009765625,3515.300048828125,3363.77099609375,2111940
2025-06-18,3519.10009765625,3538.0,3443.10009765625,3451.39990234375,3302.62548828125,2696327
2025-06-19,3450.0,3451.0,3413.0,3424.0,3276.406494140625,2672768
2025-06-20,3425.0,3446.300048828125,3410.89990234375,3435.699951171875,3287.60205078125,2351248
2025-06-23,3415.0,3425.0,3370.0,3393.60009765625,3247.317138671875,3123421
2025-06-24,3434.60009765625,3442.10009765625,3382.0,3390.39990234375,3244.254638671875,3403048
2025-06-25,3407.300048828125,3450.0,3400.0,3444.800048828125,3296.309814453125,1757699
2025-06-26,3444.800048828125,3451.39990234375,3415.300048828125,3441.800048828125,3293.439208984375,2879106
2025-06-27,3455.0,3466.39990234375,3431.0,3441.10009765625,3292.769287109375,1778433
2025-06-30,3439.89990234375,3464.89990234375,3430.0,3462.0,3312.768798828125,1468351
2025-07-01,3455.0,3485.0,3413.5,3429.699951171875,3281.86083984375,2375183
2025-07-02,3487.199951171875,3489.89990234375,3420.0,3423.300048828125,3275.736572265625,3090585
2025-07-03,3430.0,3435.300048828125,3397.60009765625,3400.800048828125,3254.20654296875,2531870
2025-07-04,3408.0,3427.0,3390.10009765625,3419.800048828125,3272.387451171875,1109320
2025-07-07,3418.300048828125,3426.10009765625,3408.39990234375,3411.699951171875,3264.63671875,1639174
2025-07-08,3405.0,3425.0,3393.39990234375,3406.199951171875,3259.373291015625,2325242
2025-07-09,3410.0,3414.0,3367.0,3383.800048828125,3237.939208984375,2034938
2025-07-10,3380.0,3399.0,3356.0,3382.0,3236.216796875,3035012
2025-07-11,3299.89990234375,3335.0,3261.10009765625,3266.0,3125.21728515625,7635550
2025-07-14,3266.0,3272.0,3200.0,3222.699951171875,3083.78369140625,3924009
2025-07-15,3206.0,3259.39990234375,3206.0,3252.300048828125,3112.107666015625,2590889
2025-07-16,3227.0,3244.89990234375,3220.60009765625,3233.10009765625,3104.234130859375,2540733
2025-07-17,3224.10009765625,3242.0,3204.10009765625,3209.199951171875,3081.287109375,2947640
2025-07-18,3225.0,3228.800048828125,3187.0,3189.89990234375,3062.756103515625,3432645
2025-07-21,3190.0,3197.60009765625,3152.0,3158.199951171875,3032.319580078125,3844346
2025-07-22,3159.60009765625,3180.10009765625,3154.60009765625,3159.60009765625,3033.6640625,3198036
2025-07-23,3159.60009765625,3182.0,3157.60009765625,3179.10009765625,3052.386962890625,1922875
2025-07-24,3165.10009765625,3173.699951171875,3140.0,3148.0,3022.5263671875,2934778
2025-07-25,3140.0,3156.89990234375,3125.60009765625,3135.800048828125,3010.812744140625,2568917
2025-07-28,3110.0,3118.0,3069.89990234375,3079.300048828125,2956.564697265625,3374473
2025-07-29,3060.0,3074.0,3041.199951171875,3056.0,2934.193115234375,4785312
2025-07-30,3060.0,3069.0,3047.199951171875,3053.60009765625,2931.88916015625,2880121
2025-07-31,3041.699951171875,3059.800048828125,3015.0,3036.800048828125,2915.7587890625,2968371
2025-08-01,3029.89990234375,3036.800048828125,3000.0,3003.0,2883.3056640625,2053847
2025-08-04,3009.10009765625,3079.39990234375,2991.60009765625,3074.39990234375,2951.859619140625,2519252
2025-08-05,3074.39990234375,3077.5,3042.0,3063.89990234375,2941.7783203125,1927996
2025-08-06,3063.0,3066.800048828125,3026.0,3032.300048828125,2911.43798828125,1487081
2025-08-07,3016.0,3051.60009765625,3010.89990234375,3047.0,2925.552001953125,2543076
2025-08-08,3048.10009765625,3059.800048828125,3025.0,3036.39990234375,2915.37451171875,2762140
2025-08-11,3036.39990234375,3049.89990234375,3021.300048828125,3040.800048828125,2919.599365234375,1884215
2025-08-12,3041.0,3096.39990234375,3026.89990234375,3035.39990234375,2914.414306640625,3358232
2025-08-13,3036.10009765625,3044.39990234375,3028.60009765625,3036.199951171875,2915.182373046875,2148166
2025-08-14,3034.0,3055.89990234375,3019.10009765625,3022.300048828125,2901.83642578125,3342174
2025-08-18,3046.5,3049.0,3003.39990234375,3011.199951171875,2891.178955078125,2945609
2025-08-19,3011.199951171875,3025.0,3011.10009765625,3016.199951171875,2895.979736328125,2650784
2025-08-20,3010.89990234375,3103.39990234375,3010.89990234375,3098.60009765625,2975.095458984375,4952358
2025-08-21,3130.0,3130.0,3083.10009765625,3102.60009765625,2978.93603515625,3230726
2025-08-22,3086.0,3095.699951171875,3050.0,3054.0,2932.27294921875,1593791
2025-08-25,3087.300048828125,3152.0,3077.10009765625,3140.60009765625,3015.42138671875,3448370
2025-08-26,3129.0,3162.0,3120.0,3157.199951171875,3031.35986328125,5522097
2025-08-28,3145.0,3146.5,3086.5,3093.699951171875,2970.390380859375,3116051
2025-08-29,3093.0,3115.0,3077.199951171875,3084.699951171875,2961.749267578125,2271789
2025-09-01,3090.0,3131.10009765625,3090.0,3112.60009765625,2988.53759765625,1246862
2025-09-02,3121.10009765625,3155.0,3103.10009765625,3111.5,2987.481201171875,2185229
2025-09-03,3129.89990234375,3141.89990234375,3088.0,3097.5,2974.0390625,1799774
2025-09-04,3116.0,3118.0,3090.800048828125,3095.699951171875,2972.310791015625,1481391
2025-09-05,3097.10009765625,3103.39990234375,3028.60009765625,3048.300048828125,2926.800048828125,2802055
2025-09-08,3050.0,3064.89990234375,3016.0,3019.0,2898.668212890625,2626187
2025-09-09,3032.10009765625,3060.0,3030.800048828125,3049.39990234375,2927.8564453125,2489301
2025-09-10,3056.39990234375,3122.699951171875,3053.39990234375,3110.0,2986.041015625,2079428
2025-09-11,3139.0,3139.0,3110.10009765625,3124.199951171875,2999.675048828125,2263446
2025-09-12,3144.0,3148.699951171875,3121.0,3133.39990234375,3008.50830078125,1447167
2025-09-15,3134.0,3134.0,3096.0,3111.89990234375,2987.865234375,1732539
2025-09-16,3128.0,3150.0,3109.10009765625,3145.699951171875,3020.31787109375,2573429
2025-09-17,3152.0,3182.39990234375,3142.39990234375,3172.800048828125,3046.337890625,2418271
2025-09-18,3185.0,3203.0,3161.39990234375,3176.699951171875,3050.082275390625,2633138
2025-09-19,3170.0,3180.5,3144.0,3169.199951171875,3042.88134765625,4901694
2025-09-22,3095.0,3106.89990234375,3065.0,3073.800048828125,2951.2841796875,3634901
2025-09-23,3070.0,3080.699951171875,3052.0,3062.39990234375,2940.338134765625,3177741
2025-09-24,3050.0,3057.0,3033.0,3035.39990234375,2914.414306640625,1625714
2025-09-25,3022.0,3029.60009765625,2951.0,2957.39990234375,2839.523193359375,4974361
2025-09-26,2941.0,2954.800048828125,2891.300048828125,2899.10009765625,2783.547119140625,3934636
2025-09-29,2916.0,2929.300048828125,2894.0,2896.10009765625,2780.666748046875,3110035
2025-09-30,2911.0,2915.300048828125,2885.10009765625,2888.39990234375,2773.2734375,2253458
2025-10-01,2891.0,2924.800048828125,2866.60009765625,2914.199951171875,2798.045166015625,1952902
2025-10-03,2924.0,2924.0,2891.10009765625,2901.89990234375,2786.235107421875,2899519
2025-10-06,2902.0,2993.60009765625,2895.60009765625,2988.39990234375,2869.28759765625,2112774
2025-10-07,2995.0,3004.5,2955.5,2973.699951171875,2855.17333984375,3062943
2025-10-08,2975.0,3043.0,2968.0,3027.199951171875,2906.541259765625,4121889
2025-10-09,3034.0,3066.0,3020.0,3061.699951171875,2939.666015625,3211304
2025-10-10,3050.0,3070.0,3006.89990234375,3028.300048828125,2907.597412109375,8817365
2025-10-13,3027.0,3035.5,2998.199951171875,3007.199951171875,2887.33837890625,2866865
2025-10-14,3021.0,3027.199951171875,2955.5,2960.300048828125,2842.307861328125,3611416
2025-10-15,2971.0,2979.699951171875,2951.0,2969.800048828125,2862.06396484375,4282226
2025-10-16,2969.89990234375,2975.0,2943.10009765625,2970.699951171875,2862.93115234375,3251495
2025-10-17,2970.0,2988.800048828125,2955.39990234375,2962.199951171875,2854.73974609375,4374683
2025-10-20,2985.5,3023.0,2978.5,3015.199951171875,2905.81689453125,3133039
2025-10-21,3031.10009765625,3031.800048828125,2996.0,3006.699951171875,2897.625244140625,310644
2025-10-23,3055.0,3098.0,3036.10009765625,3073.199951171875,2961.712890625,5564758
2025-10-24,3080.0,3090.0,3058.300048828125,3063.199951171875,2952.07568359375,2684318
2025-10-27,3066.5,3094.199951171875,3060.199951171875,3084.89990234375,2972.98828125,1946312
2025-10-28,3076.0,3090.199951171875,3040.199951171875,3057.89990234375,2946.968017578125,3470737
2025-10-29,3057.89990234375,3076.0,3046.10009765625,3057.60009765625,2946.678955078125,2895420
2025-10-30,3049.10009765625,3063.800048828125,3032.800048828125,3035.300048828125,2925.187744140625,2241536
2025-10-31,3035.0,3067.39990234375,3025.10009765625,3058.0,2947.064208984375,1868085
2025-11-03,3046.89990234375,3058.0,3010.0,3016.800048828125,2907.35888671875,2194877
2025-11-04,3019.60009765625,3029.300048828125,2976.0,2990.199951171875,2881.723876953125,2670720
2025-11-06,2990.10009765625,3024.0,2990.0,3010.89990234375,2901.6728515625,2542721
2025-11-07,3001.0,3004.0,2960.5,2991.800048828125,2883.265869140625,1830520
2025-11-10,2993.0,3047.89990234375,2992.0,3025.199951171875,2915.4541015625,1556656
2025-11-11,3045.0,3055.699951171875,3018.0,3047.0,2936.46337890625,2806868
2025-11-12,3060.0,3136.39990234375,3057.10009765625,3131.800048828125,3018.18701171875,4460315
2025-11-13,3131.800048828125,3131.89990234375,3102.0,3105.699951171875,2993.03369140625,1740435
2025-11-14,3090.0,3113.10009765625,3077.300048828125,3106.0,2993.322998046875,2210794
2025-11-17,3106.0,3123.5,3086.60009765625,3102.199951171875,2989.660888671875,2232853
2025-11-18,3102.0,3105.0,3078.0,3087.10009765625,2975.108642578125,2548350
2025-11-19,3097.0,3155.0,3083.5,3147.699951171875,3033.51025390625,3151053
2025-11-20,3148.0,3164.5,3138.10009765625,3144.800048828125,3030.715576171875,2700767
2025-11-21,3144.800048828125,3170.0,3135.199951171875,3150.60009765625,3036.30517578125,4177037
2025-11-24,3158.0,3178.89990234375,3131.0,3141.199951171875,3027.245849609375,6703764
2025-11-25,3145.300048828125,3149.800048828125,3115.0,3119.199951171875,3006.04443359375,2737920
2025-11-26,3118.800048828125,3178.0,3117.0,3162.89990234375,3048.15869140625,2508527
2025-11-27,3180.0,3180.0,3125.0,3136.60009765625,3022.81298828125,2836233
2025-11-28,3140.0,3147.300048828125,3125.0,3137.5,3023.680419921875,1616690
2025-12-01,3137.89990234375,3154.0,3122.199951171875,3133.39990234375,3019.72900390625,1747647
2025-12-02,3131.0,3144.0,3120.39990234375,3135.699951171875,3021.94580078125,2512003
2025-12-03,3140.0,3211.89990234375,3139.0,3180.0,3064.63818359375,3952112
2025-12-04,3194.0,3250.0,3187.39990234375,3229.199951171875,3112.0537109375,5025905
2025-12-05,3230.0,3271.60009765625,3222.39990234375,3238.199951171875,3120.72705078125,5244013
2025-12-08,3243.0,3259.89990234375,3208.60009765625,3236.5,3119.0888671875,2544725
2025-12-09,3230.0,3233.699951171875,3181.199951171875,3208.300048828125,3091.911865234375,2734893
2025-12-10,3225.0,3225.0,3178.10009765625,3189.199951171875,3073.504638671875,1386849
2025-12-11,3205.0,3208.39990234375,3153.10009765625,3191.89990234375,3076.10693359375,1914362
2025-12-12,3197.699951171875,3223.0,3185.699951171875,3220.5,3103.66943359375,1146554
2025-12-15,3211.10009765625,3238.199951171875,3197.300048828125,3230.199951171875,3113.017333984375,1562190
2025-12-16,3220.0,3220.0,3191.10009765625,3205.10009765625,3088.828125,1734623
2025-12-17,3200.5,3236.89990234375,3200.5,3217.800048828125,3101.067138671875,1376350
2025-12-18,3228.0,3287.800048828125,3221.0,3280.800048828125,3161.78173828125,2307422
2025-12-19,3299.0,3317.89990234375,3278.800048828125,3282.0,3162.938232421875,3902511
2025-12-22,3310.0,3328.60009765625,3291.0,3324.89990234375,3204.281982421875,2632816
2025-12-23,3319.89990234375,3319.89990234375,3293.5,3310.0,3189.92236328125,2365420
2025-12-24,3304.10009765625,3327.10009765625,3296.10009765625,3319.0,3198.59619140625,1367708
2025-12-26,3313.10009765625,3320.0,3271.800048828125,3280.0,3161.0107421875,1176664
2025-12-29,3280.0,3288.0,3242.89990234375,3251.5,3133.544677734375,2079473
2025-12-30,3250.0,3267.5,3239.5,3246.800048828125,3129.01513671875,2807593
2025-12-31,3240.0,3246.0,3198.5,3206.199951171875,3089.887939453125,3362634
2026-01-01,3215.0,3234.10009765625,3198.199951171875,3227.39990234375,3110.31884765625,1255735
2026-01-02,3234.0,3254.300048828125,3219.5,3250.699951171875,3132.7734375,1184324
2026-01-05,3240.5,3247.0,3191.0,3216.10009765625,3099.428955078125,2341703
2026-01-06,3210.0,3263.199951171875,3205.0,3255.800048828125,3137.6884765625,2912325
2026-01-07,3242.89990234375,3300.60009765625,3223.199951171875,3295.60009765625,3176.044921875,1989442
2026-01-08,3286.89990234375,3286.89990234375,3182.0,3203.89990234375,3087.67138671875,4159336
2026-01-09,3191.0,3229.699951171875,3191.0,3207.800048828125,3091.43017578125,1938673
2026-01-12,3203.0,3252.0,3174.300048828125,3239.60009765625,3122.076416015625,2228342
2026-01-13,3245.0,3280.0,3210.5,3268.0,3149.446044921875,5645341
2026-01-14,3260.0,3260.0,3183.0,3192.5,3076.684814453125,3539511
2026-01-15,3192.5,3192.5,3192.5,3192.5,3076.684814453125,0
2026-01-16,3219.39990234375,3221.89990234375,3171.0,3206.699951171875,3146.54931640625,4293470
2026-01-19,3188.0,3220.0,3152.10009765625,3163.60009765625,3104.258056640625,3387562
2026-01-20,3151.60009765625,3160.0,3091.10009765625,3102.300048828125,3044.10791015625,4499273
2026-01-21,3100.0,3138.5,3082.0,3122.60009765625,3064.027099609375,2015150
2026-01-22,3150.0,3160.0,3122.300048828125,3150.39990234375,3091.305419921875,2269827
2026-01-23,3190.300048828125,3194.5,3152.0,3162.5,3103.178466796875,2068857
2026-01-27,3175.0,3175.0,3130.0,3158.0,3098.762939453125,4279874
2026-01-28,3176.0,3205.199951171875,3170.60009765625,3200.10009765625,3140.073486328125,2751234
2026-01-29,3200.10009765625,3200.10009765625,3125.60009765625,3144.39990234375,3085.41796875,2457641
2026-01-30,3141.0,3141.0,3092.0,3123.89990234375,3065.302734375,3022068
2026-02-02,3198.0,3198.0,3134.0,3169.60009765625,3110.1455078125,2636272
2026-02-03,3350.0,3350.0,3186.300048828125,3225.300048828125,3164.80078125,4366060
2026-02-04,3120.0,3120.0,2986.0,2999.10009765625,2942.84375,10852595
2026-02-05,2990.0,3029.699951171875,2972.300048828125,2991.5,2935.38623046875,3521545
2026-02-06,2976.60009765625,2985.0,2916.0,2941.60009765625,2886.422119140625,4687389
2026-02-09,2959.10009765625,2977.0,2937.5,2948.199951171875,2892.8984375,2380318
2026-02-10,2949.800048828125,3011.60009765625,2943.5,2984.60009765625,2928.61572265625,3547763
2026-02-11,2980.0,2998.0,2904.199951171875,2909.800048828125,2855.21875,3363513
2026-02-12,2869.800048828125,2880.0,2740.0,2750.10009765625,2698.514404296875,10612156
2026-02-13,2585.0,2713.0,2585.0,2692.199951171875,2641.700439453125,11168735
2026-02-16,2700.0,2719.800048828125,2671.0,2706.60009765625,2655.830322265625,2918730
2026-02-17,2716.0,2760.0,2695.199951171875,2717.39990234375,2666.427490234375,4209118
2026-02-18,2730.0,2730.0,2657.300048828125,2694.89990234375,2644.349609375,2950820
2026-02-19,2708.0,2748.699951171875,2666.60009765625,2677.89990234375,2627.66845703125,3238849
2026-02-20,2667.0,2702.60009765625,2647.5,2686.199951171875,2635.81298828125,2293482
2026-02-23,2686.0,2704.0,2660.199951171875,2676.300048828125,2626.0986328125,4699596
2026-02-24,2641.0,2647.5,2561.300048828125,2573.699951171875,2525.423095703125,7798833
2026-02-25,2596.0,2654.199951171875,2595.0,2629.300048828125,2579.980224609375,3621285
2026-02-26,2650.0,2671.0,2635.0,2647.699951171875,2598.03515625,3464267
2026-02-27,2681.60009765625,2688.60009765625,2626.10009765625,2637.39990234375,2587.92822265625,5083717
2026-03-02,2592.0,2623.800048828125,2580.300048828125,2613.5,2564.4765625,3374385
2026-03-04,2625.0,2635.0,2580.39990234375,2587.800048828125,2539.2587890625,3446434
2026-03-05,2600.0,2609.5,2546.39990234375,2578.800048828125,2530.427490234375,2960636
2026-03-06,2572.0,2619.199951171875,2553.60009765625,2557.60009765625,2509.625244140625,3998643
2026-03-09,2530.0,2560.0,2505.0,2527.39990234375,2479.99169921875,3653428
2026-03-10,2541.0,2545.199951171875,2490.10009765625,2513.10009765625,2465.9599609375,4323710
2026-03-11,2508.10009765625,2521.0,2460.10009765625,2464.89990234375,2418.6640625,2720664
2026-03-12,2459.800048828125,2472.89990234375,2436.0,2442.39990234375,2396.5859375,2752075
2026-03-13,2437.0,2445.89990234375,2397.0,2410.5,2365.284423828125,2466488
2026-03-16,2410.0,2425.0,2366.10009765625,2409.199951171875,2364.0087890625,3807907
2026-03-17,2420.0,2420.0,2360.0,2391.699951171875,2346.837158203125,2993367
2026-03-18,2410.0,2482.89990234375,2410.0,2440.800048828125,2395.01611328125,3082388
2026-03-19,2417.0,2424.0,2350.199951171875,2356.0,2311.806640625,2757060
2026-03-20,2386.0,2407.800048828125,2364.199951171875,2390.60009765625,2345.7578125,4206320
2026-03-23,2365.0,2406.800048828125,2348.0,2383.800048828125,2339.085205078125,3860515
2026-03-24,2404.10009765625,2435.39990234375,2379.10009765625,2398.800048828125,2353.803955078125,3420182
2026-03-25,2400.89990234375,2421.60009765625,2369.800048828125,2377.39990234375,2332.80517578125,5843778
2026-03-27,2403.89990234375,2422.10009765625,2385.0,2389.800048828125,2344.97265625,4979411
2026-03-30,2375.10009765625,2398.0,2346.199951171875,2358.89990234375,2314.652099609375,6804756
2026-04-01,2429.0,2472.0,2397.89990234375,2408.199951171875,2363.02734375,4132661
2026-04-02,2386.0,2469.89990234375,2375.699951171875,2450.699951171875,2404.730224609375,5378361
2026-04-06,2474.0,2482.0,2448.199951171875,2473.89990234375,2427.4951171875,2572417
2026-04-07,2461.0,2543.89990234375,2448.0,2539.800048828125,2492.1591796875,4516550
2026-04-08,2572.0,2580.300048828125,2540.10009765625,2559.199951171875,2511.195068359375,4769337
2026-04-09,2554.0,2605.0,2531.10009765625,2589.0,2540.436279296875,5628261
2026-04-10,2565.800048828125,2565.800048828125,2501.10009765625,2524.300048828125,2476.94970703125,10480239
2026-04-13,2489.89990234375,2504.89990234375,2470.0,2472.60009765625,2426.2197265625,3739587
2026-04-15,2501.89990234375,2559.0,2493.39990234375,2554.89990234375,2506.975830078125,5261384
2026-04-16,2572.0,2594.0,2558.0,2576.89990234375,2528.56298828125,3905403
2026-04-17,2570.0,2589.0,2555.89990234375,2581.5,2533.07666015625,2718206
2026-04-20,2587.10009765625,2594.0,2561.199951171875,2579.60009765625,2531.212646484375,2288558
2026-04-21,2560.0,2614.0,2560.0,2610.5,2561.532958984375,2719959
2026-04-22,2580.0,2580.0,2503.60009765625,2538.5,2490.883544921875,5232045
2026-04-23,2529.0,2559.5,2516.300048828125,2521.800048828125,2474.496826171875,2509050
2026-04-24,2488.0,2505.0,2388.800048828125,2396.89990234375,2351.939453125,5107719
2026-04-27,2396.89990234375,2459.0,2396.89990234375,2447.60009765625,2401.6884765625,5853425
2026-04-28,2444.0,2487.0,2427.39990234375,2444.699951171875,2398.8427734375,4508363
2026-04-29,2451.0,2487.89990234375,2447.60009765625,2474.699951171875,2428.280029296875,2835961
2026-04-30,2479.0,2491.0,2438.0,2473.89990234375,2427.4951171875,3970446
2026-05-01,2473.89990234375,2473.89990234375,2473.89990234375,2473.89990234375,2427.4951171875,0
2026-05-04,2494.0,2498.300048828125,2425.0,2431.300048828125,2385.6943359375,2632358
2026-05-05,2430.0,2460.39990234375,2412.199951171875,2427.300048828125,2381.76953125,3385720
2026-05-06,2441.89990234375,2471.0,2406.5,2435.39990234375,2389.71728515625,3147628
2026-05-07,2438.199951171875,2439.699951171875,2398.0,2401.39990234375,2356.35498046875,5829594
2026-05-08,2398.0,2407.0,2375.10009765625,2394.39990234375,2349.486083984375,3792199
2026-05-11,2371.0,2415.0,2371.0,2392.89990234375,2348.014404296875,1975188
2026-05-12,2375.0,2375.0,2283.0,2300.300048828125,2257.151611328125,6347884
2026-05-13,2306.0,2309.199951171875,2269.0,2272.800048828125,2230.167236328125,3171843
2026-05-14,2265.0,2265.0,2206.39990234375,2246.0,2203.8701171875,5633313
2026-05-15,2252.0,2304.89990234375,2252.0,2264.0,2221.532470703125,3410637
2026-05-18,2264.0,2292.89990234375,2252.199951171875,2283.199951171875,2240.3720703125,3773336
2026-05-19,2300.0,2377.60009765625,2297.10009765625,2327.10009765625,2283.448974609375,10394707
2026-05-20,2323.89990234375,2342.0,2317.800048828125,2327.39990234375,2283.7431640625,2537422
2026-05-21,2331.0,2335.89990234375,2314.0,2327.199951171875,2283.546875,3299087
2026-05-22,2331.10009765625,2340.0,2308.10009765625,2317.300048828125,2273.83251953125,2617262
2026-05-25,2325.0,2326.10009765625,2293.0,2308.199951171875,2295.61328125,3298364
2026-05-26,2308.199951171875,2327.89990234375,2272.39990234375,2276.199951171875,2263.78759765625,3587597
2026-05-27,2275.0,2295.60009765625,2260.89990234375,2284.199951171875,2271.744140625,2653950
2026-05-28,2284.199951171875,2284.199951171875,2284.199951171875,2284.199951171875,2271.744140625,0
2026-05-29,2291.0,2334.0,2235.0,2258.89990234375,2246.58203125,16331582
2026-06-01,2284.0,2335.0,2280.0,2297.39990234375,2284.8720703125,7505095
2026-06-02,2320.0,2457.39990234375,2316.199951171875,2446.89990234375,2433.556884765625,11306127
2026-06-03,2393.0,2393.0,2224.800048828125,2241.699951171875,2229.475830078125,15660062
2026-06-04,2241.699951171875,2253.10009765625,2216.60009765625,2241.0,2228.77978515625,4867263
2026-06-05,2262.89990234375,2271.800048828125,2192.0,2198.89990234375,2186.9091796875,5019717
2026-06-08,2170.0,2177.0,2143.300048828125,2151.39990234375,2139.668212890625,6536734
2026-06-09,2174.0,2174.0,2132.800048828125,2151.0,2139.2705078125,4148655
2026-06-10,2151.300048828125,2180.800048828125,2144.800048828125,2153.89990234375,2142.154541015625,2848650
2026-06-11,2127.0,2154.60009765625,2110.0,2135.60009765625,2123.95458984375,3079815
2026-06-12,2150.0,2168.0,2138.0,2161.39990234375,2149.61376953125,2124656
2026-06-15,2192.0,2192.0,2159.300048828125,2162.0,2150.21044921875,3337083
2026-06-16,2167.0,2209.0,2160.60009765625,2199.0,2187.0087890625,3079898
2026-06-17,2209.0,2231.0,2200.699951171875,2223.0,2210.8779296875,2865010
2026-06-18,2209.0,2214.0,2182.0,2203.300048828125,2191.285400390625,3735188
2026-06-19,2105.0,2138.0,2059.89990234375,2125.0,2113.412353515625,13286502
2026-06-22,2132.199951171875,2157.0,2121.0,2127.800048828125,2116.197021484375,4566101
2026-06-23,2111.0,2114.0,2055.0,2059.60009765625,2048.368896484375,6392736
2026-06-24,2061.0,2120.699951171875,2061.0,2109.0,2097.49951171875,4747277
2026-06-25,2133.60009765625,2148.5,2088.0,2094.699951171875,2083.27734375,4738903
2026-06-26,2094.699951171875,2094.699951171875,2094.699951171875,2094.699951171875,2083.27734375,0
2026-06-29,2090.0,2105.0,2071.0,2097.89990234375,2086.4599609375,3412470
2026-06-30,2090.0,2104.300048828125,2018.800048828125,2031.5,2020.422119140625,6848411
2026-07-01,2039.9000244140625,2052.0,1976.800048828125,1982.5999755859375,1971.788818359375,4658295
2026-07-02,2008.0,2076.89990234375,2002.5,2068.10009765625,2056.82275390625,6040621
2026-07-03,2100.0,2116.60009765625,2085.0,2093.5,2082.083984375,4028819
2026-07-06,2090.0,2093.0,2050.60009765625,2057.60009765625,2046.3798828125,2567386
2026-07-07,2050.0,2122.699951171875,2049.0,2096.10009765625,2084.669921875,4769048
2026-07-08,2094.0,2109.699951171875,2048.800048828125,2057.5,2046.2803955078125,3666985
2026-07-09,2057.5,2065.0,2016.0,2049.5,2038.323974609375,3791498
2026-07-10,2105.199951171875,2133.300048828125,2064.60009765625,2069.0,2057.717529296875,6714551
2026-07-13,2075.0,2204.89990234375,2065.10009765625,2181.5,2169.604248046875,12382622
2026-07-14,2182.89990234375,2228.0,2179.0,2200.60009765625,2188.60009765625,9546290
2026-07-15,2174.10009765625,2202.89990234375,2145.39990234375,2189.199951171875,2189.199951171875,5426489
2026-07-16,2206.0,2231.39990234375,2187.800048828125,2201.0,2201.0,5197595
2026-07-17,2224.800048828125,2275.0,2215.10009765625,2269.0,2269.0,5615138
2026-07-20,2280.10009765625,2283.39990234375,2245.10009765625,2251.10009765625,2251.10009765625,2202693
2026-07-21,2245.10009765625,2259.89990234375,2218.5,2221.10009765625,2221.10009765625,2382160
2026-07-22,2216.0,2226.800048828125,2201.0,2208.300048828125,2208.300048828125,1599665
2026-07-23,2204.0,2250.0,2193.60009765625,2242.89990234375,2242.89990234375,2503539
2026-07-24,2205.10009765625,2264.300048828125,2205.10009765625,2254.300048828125,2254.300048828125,3211699
2026-07-27,2286.0,2315.0,2272.39990234375,2295.60009765625,2295.60009765625,4007292
2026-07-28,2325.0,2417.39990234375,2323.0,2398.0,2398.0,8248513
2026-07-29,2440.0,2475.5,2415.10009765625,2446.60009765625,2446.60009765625,7169419
2026-07-30,2440.0,2495.0,2423.0,2431.800048828125,2431.800048828125,4901582
2026-07-31,2385.0,2391.0,2326.10009765625,2365.60009765625,2365.60009765625,4343683
2026-08-03,2383.89990234375,2473.699951171875,2383.0,2473.699951171875,2473.699951171875,3036839
2026-08-04,2463.10009765625,2467.39990234375,2435.10009765625,2460.0,2460.0,2792792
2026-08-05,2460.0,2460.89990234375,2408.0,2413.0,2413.0,3014409
2026-08-06,2417.0,2434.5,2368.5,2373.0,2373.0,2729141
2026-08-07,2375.0,2457.699951171875,2375.0,2452.699951171875,2452.699951171875,4547979
2026-08-10,2452.699951171875,2472.89990234375,2423.5,2425.699951171875,2425.699951171875,2322023
2026-08-11,2438.0,2456.60009765625,2428.0,2445.699951171875,2445.699951171875,1514105
2026-08-12,2445.699951171875,2445.800048828125,2300.10009765625,2349.699951171875,2349.699951171875,7022647
2026-08-13,2349.699951171875,2375.0,2332.300048828125,2375.0,2375.0,2123494
2026-08-14,2375.10009765625,2390.0,2333.39990234375,2361.0,2361.0,2232160
2026-08-17,2351.0,2361.10009765625,2310.60009765625,2313.199951171875,2313.199951171875,2237636
2026-08-18,2300.0,2307.0,2280.0,2280.0,2280.0,1797822
2026-08-19,2293.60009765625,2308.199951171875,2258.300048828125,2289.0,2289.0,3368922
2026-08-20,2319.39990234375,2329.0,2288.10009765625,2298.0,2298.0,2047848
2026-08-21,2290.10009765625,2307.199951171875,2263.300048828125,2302.0,2302.0,2066749
2026-08-24,2302.39990234375,2321.60009765625,2279.5,2284.10009765625,2284.10009765625,1542723
2026-08-25,2305.0,2313.5,2262.0,2296.199951171875,2296.199951171875,3041609
2026-08-26,2305.10009765625,2306.300048828125,2266.39990234375,2270.0,2270.0,1660737
2026-08-27,2270.0,2283.60009765625,2243.89990234375,2248.39990234375,2248.39990234375,1709113
2026-08-28,2272.0,2348.5,2263.300048828125,2342.0,2342.0,4054069
2026-08-31,2342.0,2399.300048828125,2306.199951171875,2399.300048828125,2399.300048828125,2905846
2026-09-01,2355.0,2372.0,2325.0,2369.0,2369.0,2678034
2026-09-02,2347.89990234375,2363.0,2303.5,2348.0,2348.0,2533005
2026-09-03,2353.60009765625,2353.60009765625,2316.10009765625,2320.10009765625,2320.10009765625,1892786
2026-09-04,2330.0,2363.89990234375,2302.39990234375,2304.0,2304.0,2564322
2026-09-07,2290.10009765625,2299.89990234375,2260.10009765625,2270.0,2270.0,2297551
2026-09-08,2270.0,2274.5,2244.0,2255.5,2255.5,2148114
2026-09-09,2237.0,2237.0,2193.199951171875,2208.0,2208.0,3370071
2026-09-10,2199.0,2232.0,2190.60009765625,2204.10009765625,2204.10009765625,2490912
2026-09-11,2185.5,2232.60009765625,2185.5,2200.800048828125,2200.800048828125,2634124
2026-09-14,2200.800048828125,2200.800048828125,2200.800048828125,2200.800048828125,2200.800048828125,0
2026-09-15,2275.5,2323.0,2251.0,2251.0,2251.0,5406210
2026-09-16,2270.0,2273.89990234375,2172.0,2188.800048828125,2188.800048828125,2763709
2026-09-17,2171.0,2263.60009765625,2162.5,2190.0,2190.0,3295917
2026-09-18,2177.199951171875,2177.300048828125,2101.199951171875,2105.0,2105.0,6875428
2026-09-21,2090.0,2145.0,2075.300048828125,2128.699951171875,2128.699951171875,2330811
2026-09-22,2135.10009765625,2135.199951171875,2098.199951171875,2105.0,2105.0,3641623
2026-09-23,2099.0,2104.199951171875,2077.60009765625,2089.60009765625,2089.60009765625,2228402
2026-09-24,2076.0,2096.89990234375,2067.10009765625,2087.0,2087.0,1760662
2026-09-25,2054.0,2090.199951171875,2038.0999755859375,2082.0,2082.0,3342195
2026-09-28,2100.0,2100.0,2051.0,2070.699951171875,2070.699951171875,2457049
2026-09-29,2065.0,2085.10009765625,2032.4000244140625,2032.4000244140625,2032.4000244140625,4437783
2026-09-30,2069.0,2101.0,2050.60009765625,2050.60009765625,2050.60009765625,3656425
