date,open,high,low,close,adj_close,volume
2015-01-01,230.8000030517578,230.8000030517578,225.63333129882812,227.73333740234375,202.55738830566406,787731
2015-01-02,227.8333282470703,236.8333282470703,227.8333282470703,234.8333282470703,208.8724822998047,3485478
2015-01-05,233.3333282470703,236.0,230.06666564941406,230.46665954589844,204.988525390625,1455238
2015-01-06,228.63333129882812,228.63333129882812,217.39999389648438,219.3000030517578,195.05636596679688,2071117
2015-01-07,218.60000610351562,223.06666564941406,210.1999969482422,215.36666870117188,191.55787658691406,3720183
2015-01-08,217.36666870117188,223.10000610351562,215.93333435058594,221.86666870117188,197.33929443359375,2241168
2015-01-09,223.26666259765625,225.63333129882812,218.1999969482422,221.56666564941406,197.07244873046875,3090469
2015-01-12,221.86666870117188,223.3000030517578,218.6999969482422,220.39999389648438,196.03475952148438,1351051
2015-01-13,221.3333282470703,238.26666259765625,221.3333282470703,229.8333282470703,204.42523193359375,6944788
2015-01-14,230.53334045410156,239.93333435058594,228.6666717529297,238.8000030517578,212.400634765625,4317558
2015-01-15,242.0,243.3333282470703,235.73333740234375,241.6666717529297,214.95040893554688,2974933
2015-01-16,241.0,249.3000030517578,239.3000030517578,246.76666259765625,219.48658752441406,2779971
2015-01-19,247.13333129882812,249.6666717529297,244.8333282470703,247.36666870117188,220.02024841308594,2236056
2015-01-20,248.0,250.13333129882812,246.06666564941406,247.56666564941406,220.19813537597656,1878513
2015-01-21,248.53334045410156,248.53334045410156,238.06666564941406,242.86666870117188,216.0177459716797,2458926
2015-01-22,242.03334045410156,245.06666564941406,238.0,240.23333740234375,213.67550659179688,1723426
2015-01-23,242.5,243.6999969482422,237.53334045410156,238.6999969482422,212.31170654296875,1537792
2015-01-27,239.3333282470703,242.0,232.6666717529297,233.76666259765625,207.92373657226562,1991038
2015-01-28,235.3333282470703,240.1999969482422,232.8333282470703,236.1666717529297,210.0584259033203,1640554
2015-01-29,236.0,244.93333435058594,233.46665954589844,243.46665954589844,216.5513916015625,2583888
2015-01-30,246.53334045410156,249.5,242.6666717529297,245.56666564941406,218.41925048828125,1898403
2015-02-02,246.60000610351562,263.79998779296875,239.36666870117188,262.5333251953125,233.51025390625,6059877
2015-02-03,264.70001220703125,279.3333435058594,259.8333435058594,277.5333251953125,246.85202026367188,10507746
2015-02-04,279.20001220703125,290.6666564941406,276.76666259765625,286.3999938964844,254.73841857910156,9013189
2015-02-05,285.3333435058594,285.3333435058594,277.1000061035156,278.6333312988281,247.83035278320312,2762121
2015-02-06,276.0,291.1666564941406,272.70001220703125,285.5666809082031,253.9972381591797,5598588
2015-02-09,284.0,284.0,272.6666564941406,275.73333740234375,245.2509765625,2108044
2015-02-10,274.8666687011719,286.3333435058594,274.23333740234375,283.1000061035156,251.8032684326172,2462724
2015-02-11,284.70001220703125,293.26666259765625,278.70001220703125,290.4333190917969,258.3258972167969,5374516
2015-02-12,293.0,298.5,291.4666748046875,294.76666259765625,262.1801452636719,2829805
2015-02-13,295.1000061035156,295.3666687011719,284.4666748046875,286.3999938964844,254.73841857910156,2295769
2015-02-16,285.3333435058594,290.9333190917969,281.4333190917969,284.29998779296875,252.87062072753906,1487070
2015-02-18,284.29998779296875,286.73333740234375,277.70001220703125,278.5666809082031,247.77110290527344,1582840
2015-02-19,279.8666687011719,288.8333435058594,279.3333435058594,285.29998779296875,253.760009765625,1937391
2015-02-20,285.23333740234375,285.23333740234375,278.0666809082031,280.70001220703125,249.6685791015625,1280686
2015-02-23,283.3999938964844,285.9333190917969,275.5666809082031,278.1000061035156,247.35601806640625,2133754
2015-02-24,276.76666259765625,282.6666564941406,274.5,276.0666809082031,245.5474853515625,2949123
2015-02-25,277.8666687011719,281.0666809082031,269.3333435058594,274.1666564941406,243.8574981689453,4404639
2015-02-26,274.6666564941406,276.1666564941406,266.0666809082031,271.5666809082031,241.5449676513672,2216343
2015-02-27,272.3333435058594,280.9333190917969,272.3333435058594,279.8666687011719,248.9274139404297,1522512
2015-03-02,278.6666564941406,283.8333435058594,277.0666809082031,281.8999938964844,250.7359161376953,1298245
2015-03-03,282.0666809082031,284.1666564941406,278.0666809082031,279.0333251953125,248.1861572265625,960072
2015-03-04,281.73333740234375,284.0,274.20001220703125,276.8333435058594,246.22940063476562,2088045
2015-03-05,278.3333435058594,282.6666564941406,276.0333251953125,281.1333312988281,250.05406188964844,1656009
2015-03-09,281.4666748046875,293.29998779296875,278.4666748046875,291.0,258.82989501953125,4095466
2015-03-10,293.5,294.79998779296875,288.0,289.26666259765625,257.2882080078125,2034645
2015-03-11,288.20001220703125,289.8666687011719,282.6666564941406,283.70001220703125,252.33694458007812,1048327
2015-03-12,282.6666564941406,287.8666687011719,280.1666564941406,285.8999938964844,254.29367065429688,1426203
2015-03-13,287.3666687011719,289.3333435058594,273.0666809082031,275.4666748046875,245.01385498046875,1991061
2015-03-16,275.4666748046875,276.4666748046875,267.1666564941406,272.23333740234375,242.13796997070312,1737163
2015-03-17,272.6000061035156,281.9666748046875,271.6333312988281,278.3666687011719,247.59320068359375,2787130
2015-03-18,280.6666564941406,285.6000061035156,278.1333312988281,281.6333312988281,250.49871826171875,1988053
2015-03-19,284.0,289.1666564941406,279.8666687011719,285.5333251953125,253.96755981445312,2730973
2015-03-20,289.79998779296875,291.0,274.20001220703125,278.20001220703125,247.4449920654297,3487477
2015-03-23,279.3333435058594,283.9666748046875,277.4333190917969,279.8666687011719,248.9274139404297,1710091
2015-03-24,279.79998779296875,282.5666809082031,275.70001220703125,276.29998779296875,245.75497436523438,1088602
2015-03-25,277.26666259765625,283.6666564941406,276.6666564941406,279.9666748046875,249.0163116455078,1439575
2015-03-26,279.8666687011719,287.3666687011719,278.23333740234375,284.5666809082031,253.1077880859375,2542242
2015-03-27,286.6666564941406,297.9666748046875,277.0,290.1666564941406,258.08868408203125,3937567
2015-03-30,293.1333312988281,297.26666259765625,291.3333435058594,293.73333740234375,261.2610168457031,2228515
2015-03-31,295.26666259765625,305.23333740234375,292.23333740234375,294.76666259765625,262.1801452636719,3935781
2015-04-01,295.6666564941406,299.76666259765625,290.6333312988281,293.79998779296875,261.3203430175781,1895082
2015-04-06,293.79998779296875,301.6666564941406,292.26666259765625,300.20001220703125,267.01287841796875,2833153
2015-04-07,303.23333740234375,319.20001220703125,300.70001220703125,315.5,280.6214294433594,4264207
2015-04-08,317.29998779296875,317.29998779296875,305.6000061035156,308.1666564941406,274.09881591796875,2611506
2015-04-09,308.3999938964844,313.4333190917969,301.4333190917969,302.8333435058594,269.3551330566406,2828709
2015-04-10,302.5333251953125,310.1333312988281,302.0,308.9333190917969,274.78070068359375,2643700
2015-04-13,309.9666748046875,318.9333190917969,308.3999938964844,316.4666748046875,281.4812927246094,4988629
2015-04-15,317.3333435058594,323.3333435058594,305.5666809082031,307.23333740234375,273.2686767578125,5325034
2015-04-16,308.6000061035156,311.8999938964844,292.4333190917969,301.29998779296875,267.9912414550781,2682301
2015-04-17,302.5333251953125,303.9333190917969,284.8999938964844,285.9333190917969,254.32337951660156,3833344
2015-04-20,286.0,286.29998779296875,269.3999938964844,273.26666259765625,243.05699157714844,2996694
2015-04-21,272.9333190917969,286.3333435058594,264.8999938964844,283.29998779296875,251.98118591308594,2706810
2015-04-22,285.6000061035156,290.3666687011719,278.79998779296875,286.5666809082031,254.88668823242188,3139509
2015-04-23,288.6000061035156,293.0,287.4666748046875,291.5,259.2746887207031,2289070
2015-04-24,292.4666748046875,292.4666748046875,282.4333190917969,289.79998779296875,257.7625732421875,1901011
2015-04-27,287.73333740234375,301.8333435058594,282.76666259765625,297.23333740234375,264.37420654296875,7690443
2015-04-28,298.6666564941406,319.8999938964844,296.0666809082031,317.23333740234375,282.1631774902344,5244418
2015-04-29,316.6666564941406,322.1333312988281,310.6666564941406,312.4333190917969,277.893798828125,3659713
2015-04-30,310.6666564941406,330.6666564941406,308.1666564941406,327.1000061035156,290.9390563964844,8066182
2015-05-04,327.6666564941406,334.26666259765625,323.3999938964844,331.4333190917969,294.7933044433594,4508887
2015-05-05,329.5333251953125,337.26666259765625,324.8666687011719,330.0666809082031,293.5777587890625,3922423
2015-05-06,327.6666564941406,334.6666564941406,317.79998779296875,319.26666259765625,283.9717102050781,5071227
2015-05-07,323.26666259765625,329.20001220703125,316.73333740234375,325.3333435058594,289.36767578125,3039747
2015-05-08,329.6666564941406,340.6000061035156,328.23333740234375,337.70001220703125,300.3673095703125,2768298
2015-05-11,340.5,341.73333740234375,333.6000061035156,336.5,299.29986572265625,4278573
2015-05-12,333.0333251953125,334.6666564941406,318.1333312988281,326.0666809082031,290.0199890136719,4780237
2015-05-13,331.26666259765625,342.20001220703125,330.1666564941406,338.5333251953125,301.1083679199219,7218978
2015-05-14,340.3333435058594,350.0,340.29998779296875,343.5,305.52606201171875,4292419
2015-05-15,344.26666259765625,351.0,343.3999938964844,347.5666809082031,309.1430969238281,2414062
2015-05-18,347.6333312988281,354.6666564941406,346.20001220703125,351.79998779296875,312.9084167480469,4329804
2015-05-19,351.8666687011719,355.4333190917969,345.8333435058594,347.4333190917969,309.0245666503906,1798066
2015-05-20,350.0,352.6666564941406,343.0666809082031,344.76666259765625,306.6526794433594,2664748
2015-05-21,346.4666748046875,360.3999938964844,346.1333312988281,359.20001220703125,319.49041748046875,3810559
2015-05-22,364.6666564941406,364.6666564941406,353.0333251953125,358.4333190917969,318.80853271484375,1987285
2015-05-25,359.1333312988281,370.26666259765625,358.5666809082031,367.73333740234375,327.0804138183594,3185475
2015-05-26,367.73333740234375,378.9333190917969,364.0666809082031,376.8333435058594,335.1743469238281,6190050
2015-05-27,371.3999938964844,373.3333435058594,354.8666687011719,358.0666809082031,318.48236083984375,6951375
2015-05-28,354.6666564941406,361.1333312988281,340.1333312988281,345.9333190917969,307.6903381347656,6936849
2015-05-29,345.73333740234375,380.0,341.8666687011719,368.4333190917969,327.7029724121094,47383105
2015-06-01,356.6666564941406,374.3333435058594,354.76666259765625,362.0333251953125,322.010498046875,4819459
2015-06-02,364.26666259765625,370.4333190917969,350.4333190917969,354.0666809082031,314.9245910644531,2871489
2015-06-03,354.6333312988281,363.23333740234375,351.1000061035156,359.9333190917969,320.1426696777344,3342442
2015-06-04,360.8333435058594,375.6000061035156,360.8333435058594,373.6666564941406,332.3577880859375,3456874
2015-06-05,373.5,378.5333251953125,362.4333190917969,366.76666259765625,326.22052001953125,3633442
2015-06-08,365.79998779296875,365.79998779296875,355.1000061035156,356.3999938964844,316.99993896484375,2569891
2015-06-09,355.3333435058594,357.3999938964844,341.8999938964844,344.26666259765625,306.2078857421875,3451975
2015-06-10,345.6666564941406,350.5333251953125,340.9333190917969,347.1666564941406,308.7873229980469,2199621
2015-06-11,350.6666564941406,351.23333740234375,336.0,337.70001220703125,300.3673095703125,1913797
2015-06-12,337.6000061035156,351.29998779296875,334.26666259765625,349.3666687011719,310.744140625,1964808
2015-06-15,350.9333190917969,357.3333435058594,340.79998779296875,342.73333740234375,304.8441467285156,3347728
2015-06-16,342.0,348.4666748046875,338.5,346.1333312988281,307.8682556152344,2029876
2015-06-17,348.5333251953125,357.3333435058594,346.23333740234375,354.8666687011719,315.6361083984375,2159743
2015-06-18,355.6000061035156,357.6666564941406,348.8333435058594,350.0333251953125,311.33709716796875,1684065
2015-06-19,351.8666687011719,352.20001220703125,344.3666687011719,347.6666564941406,309.2320861816406,2954455
2015-06-22,349.8333435058594,366.70001220703125,347.6666564941406,364.1333312988281,323.8783264160156,3098634
2015-06-23,367.3333435058594,374.8666687011719,366.9666748046875,372.9666748046875,331.7351989746094,3714076
2015-06-24,373.3333435058594,376.0333251953125,357.6666564941406,360.9666748046875,321.061767578125,2741890
2015-06-25,359.9333190917969,374.0,357.9333190917969,371.9666748046875,330.845703125,6207958
2015-06-26,368.70001220703125,383.20001220703125,364.20001220703125,372.70001220703125,331.4979553222656,4286835
2015-06-29,360.6666564941406,367.73333740234375,357.6666564941406,358.76666259765625,319.10498046875,2074509
2015-06-30,360.5333251953125,364.6666564941406,354.1666564941406,357.0666809082031,317.5929260253906,3761629
2015-07-01,359.20001220703125,367.1333312988281,358.0,364.79998779296875,324.4713439941406,2532499
2015-07-02,364.9666748046875,371.1333312988281,362.3666687011719,365.9333190917969,325.4793395996094,1782717
2015-07-03,367.3333435058594,371.6000061035156,362.6666564941406,364.9333190917969,324.58990478515625,1392181
2015-07-06,360.0,373.3333435058594,359.3333435058594,372.3999938964844,331.23114013671875,2368588
2015-07-07,372.73333740234375,374.9333190917969,365.5333251953125,368.6000061035156,327.85125732421875,2554767
2015-07-08,365.3333435058594,368.5,353.5,355.5333251953125,316.2290954589844,2691954
2015-07-09,355.4666748046875,355.4666748046875,342.6666564941406,344.5333251953125,306.44512939453125,5302110
2015-07-10,346.6666564941406,350.3999938964844,343.0666809082031,345.79998779296875,307.5718078613281,4410291
2015-07-13,347.0,350.26666259765625,340.6666564941406,347.5333251953125,309.11346435546875,2876917
2015-07-14,348.3333435058594,353.0,346.70001220703125,348.3333435058594,309.82513427734375,2584035
2015-07-15,348.9666748046875,352.79998779296875,346.0333251953125,351.1666564941406,312.3451232910156,1784424
2015-07-16,349.4666748046875,359.3333435058594,347.4666748046875,357.6333312988281,321.0199279785156,3070018
2015-07-17,359.9666748046875,362.8333435058594,354.4333190917969,355.9666748046875,319.52392578125,2265243
2015-07-20,357.0,366.3333435058594,355.79998779296875,364.3999938964844,327.0937805175781,2181942
2015-07-21,364.6666564941406,370.0,358.70001220703125,362.0,324.9395446777344,2277129
2015-07-22,363.1333312988281,368.6000061035156,361.3666687011719,364.1000061035156,326.82452392578125,2142196
2015-07-23,366.6000061035156,366.6666564941406,358.0,360.8666687011719,323.9222412109375,1268016
2015-07-24,361.79998779296875,366.6000061035156,355.73333740234375,357.6666564941406,321.0498046875,1504918
2015-07-27,358.0,364.6333312988281,348.3333435058594,357.8999938964844,321.2593078613281,1874754
2015-07-28,357.20001220703125,364.0,349.3333435058594,350.76666259765625,314.8561706542969,1519926
2015-07-29,354.3333435058594,359.1333312988281,343.3333435058594,351.1333312988281,315.18536376953125,3282741
2015-07-30,353.3333435058594,356.0,345.0,346.20001220703125,310.7571105957031,2089858
2015-07-31,346.6666564941406,365.3333435058594,346.3333435058594,357.1333312988281,320.5711364746094,3547672
2015-08-03,357.9666748046875,364.23333740234375,356.6666564941406,360.8666687011719,323.9222412109375,1461303
2015-08-04,361.3333435058594,375.3333435058594,361.0,373.8666687011719,335.5913391113281,3201661
2015-08-05,377.0666809082031,383.3333435058594,374.70001220703125,377.6666564941406,339.0023193359375,3347805
2015-08-06,378.5666809082031,378.6666564941406,364.26666259765625,366.8333435058594,329.27801513671875,2147131
2015-08-07,367.8666687011719,370.6666564941406,361.5,362.70001220703125,325.56787109375,1983366
2015-08-10,363.26666259765625,381.3333435058594,362.6666564941406,375.23333740234375,336.8180847167969,3981058
2015-08-11,377.6000061035156,384.26666259765625,370.0,374.8999938964844,336.51885986328125,3805474
2015-08-12,370.0,372.9333190917969,360.5333251953125,361.79998779296875,324.7600402832031,1332786
2015-08-13,365.3333435058594,376.0,363.3666687011719,368.0333251953125,330.3551940917969,2772363
2015-08-14,370.0,373.23333740234375,362.73333740234375,365.0,327.63238525390625,2294604
2015-08-17,365.79998779296875,372.6333312988281,357.6666564941406,368.9666748046875,331.1930236816406,1408044
2015-08-18,372.0,376.3333435058594,368.3333435058594,373.70001220703125,335.44171142578125,1049773
2015-08-19,374.0,380.6666564941406,370.8333435058594,376.73333740234375,338.16455078125,1565622
2015-08-20,375.3333435058594,376.73333740234375,363.3333435058594,365.0,327.63238525390625,1530813
2015-08-21,361.9333190917969,361.9333190917969,346.8999938964844,357.1333312988281,320.5711364746094,1525099
2015-08-24,346.5333251953125,346.5333251953125,304.0,325.6333312988281,292.2958984375,3134953
2015-08-25,328.6666564941406,338.29998779296875,323.1666564941406,333.26666259765625,299.1478576660156,3341262
2015-08-26,333.26666259765625,345.29998779296875,328.29998779296875,336.8999938964844,302.4091796875,2125690
2015-08-27,342.6666564941406,351.9666748046875,341.3333435058594,345.8333435058594,310.427978515625,2726020
2015-08-28,350.0,355.79998779296875,342.9333190917969,347.8333435058594,312.2232360839844,2815177
2015-08-31,343.3999938964844,344.8999938964844,333.4666748046875,335.0333251953125,300.733642578125,2371855
2015-09-01,332.0,353.3333435058594,329.3666687011719,350.5666809082031,314.6767272949219,4463520
2015-09-02,354.6666564941406,360.0,351.29998779296875,354.0333251953125,317.7884521484375,2854956
2015-09-03,360.6666564941406,367.6000061035156,358.26666259765625,365.3333435058594,327.93157958984375,4058725
2015-09-04,364.8999938964844,364.8999938964844,347.73333740234375,353.1000061035156,316.95068359375,1532944
2015-09-07,356.6666564941406,356.76666259765625,347.9333190917969,350.0333251953125,314.1979675292969,1589805
2015-09-08,351.1333312988281,353.3333435058594,332.8333435058594,345.8666687011719,310.4578857421875,2623801
2015-09-09,351.9333190917969,355.9333190917969,343.70001220703125,347.0666809082031,311.5350646972656,1928458
2015-09-10,339.3333435058594,343.3333435058594,323.3999938964844,330.73333740234375,296.8738708496094,4104697
2015-09-11,331.3333435058594,339.8666687011719,325.20001220703125,337.6333312988281,303.0674133300781,3091168
2015-09-14,339.8666687011719,340.0,330.0,334.76666259765625,300.4942626953125,2955048
2015-09-15,336.1333312988281,337.3333435058594,326.6666564941406,328.1333312988281,294.5400390625,2302230
2015-09-16,330.9666748046875,334.0,315.6666564941406,318.6000061035156,285.9826965332031,3356440
2015-09-18,325.29998779296875,334.9333190917969,316.6666564941406,320.70001220703125,287.8677062988281,11934838
2015-09-21,318.6666564941406,322.6666564941406,312.1666564941406,313.8333435058594,281.70404052734375,2316594
2015-09-22,318.6666564941406,321.3333435058594,305.8666687011719,308.3999938964844,276.82696533203125,2024388
2015-09-23,304.0,311.3333435058594,299.3666687011719,310.0333251953125,278.2931213378906,2312647
2015-09-24,310.4666748046875,312.79998779296875,307.0,311.0,279.1607666015625,2408530
2015-09-28,312.4666748046875,314.5666809082031,300.70001220703125,302.8999938964844,271.8900451660156,1143208
2015-09-29,297.4666748046875,300.76666259765625,292.0,294.20001220703125,264.0807189941406,2026051
2015-09-30,299.3333435058594,307.79998779296875,295.8333435058594,305.5333251953125,274.2537841796875,2961564
2015-10-01,308.9333190917969,309.0,298.76666259765625,302.6666564941406,271.6805725097656,1427701
2015-10-05,305.23333740234375,305.23333740234375,289.20001220703125,301.3333435058594,270.4837646484375,3292248
2015-10-06,304.8666687011719,311.1333312988281,301.3333435058594,309.8333435058594,278.1135559082031,2727342
2015-10-07,311.20001220703125,311.20001220703125,296.3333435058594,299.26666259765625,268.6286315917969,2899240
2015-10-08,300.0,301.73333740234375,293.20001220703125,296.3666687011719,266.0255126953125,3793072
2015-10-09,296.8333435058594,303.9666748046875,296.8333435058594,302.0,271.0821838378906,2076313
2015-10-12,305.0,312.6666564941406,303.3999938964844,311.4666748046875,279.5796813964844,1681624
2015-10-13,314.0,318.29998779296875,311.4666748046875,317.0666809082031,284.6063537597656,2249263
2015-10-14,316.6666564941406,319.29998779296875,310.1333312988281,313.5333251953125,281.4347229003906,1566628
2015-10-15,314.6666564941406,319.0,312.20001220703125,317.6333312988281,285.114990234375,3241903
2015-10-16,318.0,321.9666748046875,308.8333435058594,317.70001220703125,285.1748352050781,1776027
2015-10-19,317.70001220703125,326.5333251953125,317.1666564941406,325.3666687011719,292.056640625,1974682
2015-10-20,324.6666564941406,326.0,316.70001220703125,321.1666564941406,288.2865905761719,1235611
2015-10-21,321.26666259765625,324.26666259765625,313.6666564941406,319.76666259765625,287.0299072265625,1191996
2015-10-23,321.0,325.23333740234375,306.6666564941406,307.8333435058594,276.3183288574219,1921177
2015-10-26,310.6666564941406,312.6000061035156,293.8666687011719,298.70001220703125,268.1200256347656,6503844
2015-10-27,301.1333312988281,314.8333435058594,299.8333435058594,312.73333740234375,280.7166442871094,3533239
2015-10-28,314.29998779296875,320.26666259765625,309.4666748046875,316.1000061035156,283.7386169433594,2675323
2015-10-29,316.1000061035156,319.6666564941406,315.1000061035156,317.1666564941406,284.69610595703125,1801894
2015-10-30,318.0,320.3999938964844,304.4333190917969,306.4666748046875,275.0915222167969,2579353
2015-11-02,307.0666809082031,309.3333435058594,301.0,305.4333190917969,274.16400146484375,1298388
2015-11-03,305.3333435058594,307.9333190917969,300.0666809082031,300.8666687011719,270.0648498535156,1452115
2015-11-04,302.0,304.6000061035156,295.3999938964844,303.0666809082031,272.03961181640625,2343022
2015-11-05,302.0,303.3666687011719,291.73333740234375,293.0333251953125,263.0334777832031,1560505
2015-11-06,292.6333312988281,300.8666687011719,288.6666564941406,299.0333251953125,268.419189453125,2375836
2015-11-09,296.6000061035156,308.9666748046875,290.8333435058594,307.20001220703125,275.7497863769531,1898794
2015-11-10,306.0,306.6666564941406,299.0666809082031,302.20001220703125,271.26171875,1169460
2015-11-13,295.3666687011719,297.3333435058594,286.6666564941406,289.9666748046875,260.2807922363281,2375449
2015-11-16,289.0666809082031,295.9333190917969,287.23333740234375,292.79998779296875,262.8240051269531,1401889
2015-11-17,297.4333190917969,298.6666564941406,292.0333251953125,296.5,266.145263671875,1562130
2015-11-18,298.3333435058594,302.6666564941406,294.73333740234375,296.70001220703125,266.32476806640625,1513153
2015-11-19,299.6666564941406,303.8333435058594,296.8333435058594,299.9333190917969,269.2270812988281,1217692
2015-11-20,302.4333190917969,308.5666809082031,300.76666259765625,306.1333312988281,274.7923583984375,1582969
2015-11-23,309.3333435058594,314.6666564941406,292.8333435058594,294.6333312988281,264.46966552734375,6470856
2015-11-24,297.23333740234375,297.73333740234375,290.3333435058594,291.3666687011719,261.5374755859375,2493924
2015-11-26,292.4333190917969,293.6666564941406,286.1333312988281,286.9333190917969,257.5579833984375,2230435
2015-11-27,289.26666259765625,290.29998779296875,279.6000061035156,280.70001220703125,251.96278381347656,2268133
2015-11-30,279.3999938964844,283.29998779296875,275.3999938964844,277.1666564941406,248.7911376953125,3712782
2015-12-01,278.6000061035156,286.6666564941406,278.6000061035156,283.4333190917969,254.416259765625,1659445
2015-12-02,284.0,287.9333190917969,281.79998779296875,283.0666809082031,254.08718872070312,1750806
2015-12-03,281.4333190917969,284.1000061035156,279.5,280.9333190917969,252.1721954345703,985612
2015-12-04,278.0,280.8333435058594,277.3333435058594,279.26666259765625,250.6761474609375,1492186
2015-12-07,281.0,281.4666748046875,272.8666687011719,275.8333435058594,247.59437561035156,1373455
2015-12-08,274.6666564941406,275.0666809082031,268.4333190917969,269.70001220703125,242.08892822265625,2382249
2015-12-09,267.1666564941406,267.5,260.3999938964844,263.1666564941406,236.22445678710938,2404719
2015-12-10,263.1333312988281,274.6000061035156,258.20001220703125,272.26666259765625,244.392822265625,2565835
2015-12-11,274.0,275.1666564941406,263.3333435058594,264.3999938964844,237.33154296875,1755240
2015-12-14,262.6000061035156,271.4666748046875,256.6666564941406,270.1000061035156,242.44796752929688,1749982
2015-12-15,271.3333435058594,279.9666748046875,270.1666564941406,279.3999938964844,250.7958984375,3092181
2015-12-16,281.8666687011719,283.8333435058594,279.6666564941406,282.9333190917969,253.9674530029297,2307508
2015-12-17,283.3333435058594,285.9333190917969,278.0,284.70001220703125,255.5532684326172,2346211
2015-12-18,273.3333435058594,283.20001220703125,273.3333435058594,281.4333190917969,252.62106323242188,2067280
2015-12-21,277.79998779296875,289.1333312988281,277.79998779296875,285.4333190917969,256.2115173339844,1553994
2015-12-22,285.3333435058594,287.9666748046875,283.0,284.79998779296875,255.64306640625,1482193
2015-12-23,285.70001220703125,290.9333190917969,285.1000061035156,289.4333190917969,259.802001953125,1349740
2015-12-24,290.0,290.4333190917969,286.5333251953125,288.70001220703125,259.1438293457031,472963
2015-12-28,288.70001220703125,291.20001220703125,287.3333435058594,289.8999938964844,260.2209167480469,960835
2015-12-29,289.6666564941406,292.0,286.70001220703125,289.23333740234375,259.62249755859375,637671
2015-12-30,289.23333740234375,292.0,286.8666687011719,289.9666748046875,260.2807922363281,668019
2015-12-31,290.0,295.79998779296875,287.0,292.0666809082031,262.1658020019531,2610102
2016-01-01,292.0666809082031,295.1666564941406,290.3999938964844,293.5666809082031,263.5122375488281,323644
2016-01-04,291.0,296.6666564941406,284.5333251953125,289.23333740234375,259.62249755859375,1060660
2016-01-05,291.0,291.76666259765625,285.0333251953125,290.20001220703125,260.49017333984375,1260352
2016-01-06,289.76666259765625,296.79998779296875,288.8999938964844,295.5666809082031,265.3074645996094,1416270
2016-01-07,294.3333435058594,294.3333435058594,274.79998779296875,278.26666259765625,249.77859497070312,1656570
2016-01-08,280.6666564941406,285.70001220703125,278.3666687011719,283.6333312988281,254.5957794189453,876543
2016-01-11,280.0,285.23333740234375,278.20001220703125,283.26666259765625,254.2667694091797,961566
2016-01-12,284.1333312988281,288.3999938964844,279.8333435058594,283.26666259765625,254.2667694091797,1275973
2016-01-13,286.76666259765625,286.76666259765625,269.5333251953125,274.0666809082031,246.0086212158203,1619011
2016-01-14,269.3999938964844,270.6000061035156,261.1000061035156,265.70001220703125,238.49844360351562,1925814
2016-01-15,267.3333435058594,270.0,259.0333251953125,260.23333740234375,233.59144592285156,2047389
2016-01-18,257.0666809082031,262.8333435058594,249.76666259765625,258.6666564941406,232.18516540527344,1426552
2016-01-19,259.3333435058594,265.9333190917969,258.0666809082031,261.29998779296875,234.54891967773438,1153447
2016-01-20,256.6666564941406,258.9666748046875,246.89999389648438,248.96665954589844,223.47824096679688,2771677
2016-01-21,248.06666564941406,254.93333435058594,248.0,251.8000030517578,226.021484375,2110333
2016-01-22,255.10000610351562,268.1666564941406,253.5,266.1333312988281,238.8874053955078,1553421
2016-01-25,268.5333251953125,270.0666809082031,262.8333435058594,267.73333740234375,240.32359313964844,1081411
2016-01-27,269.3333435058594,277.79998779296875,267.3333435058594,275.4333190917969,247.2353057861328,2226027
2016-01-28,275.3999938964844,280.6666564941406,272.70001220703125,273.76666259765625,245.73928833007812,2202802
2016-01-29,275.9666748046875,292.6000061035156,273.9333190917969,291.4333190917969,261.5972595214844,3773571
2016-02-01,294.0,294.6333312988281,287.0,292.1000061035156,262.1957092285156,1345506
2016-02-02,291.3333435058594,292.0,275.0666809082031,277.3333435058594,248.94082641601562,1709223
2016-02-03,272.6666564941406,275.8999938964844,268.5666809082031,272.73333740234375,244.81175231933594,1106604
2016-02-04,276.4666748046875,278.8333435058594,265.0,270.1666564941406,242.50782775878906,1305879
2016-02-05,271.8999938964844,276.5666809082031,269.0333251953125,274.6666564941406,246.547119140625,1368541
2016-02-08,275.6666564941406,278.6666564941406,267.3666687011719,269.0333251953125,241.49049377441406,699282
2016-02-09,266.3333435058594,270.0333251953125,257.5333251953125,260.20001220703125,233.5615234375,1019415
2016-02-10,256.6666564941406,265.29998779296875,256.1333312988281,263.5333251953125,236.55357360839844,1413225
2016-02-11,262.0,265.1666564941406,251.1999969482422,258.4666748046875,232.00563049316406,1864201
2016-02-12,259.23333740234375,262.20001220703125,244.8333282470703,252.93333435058594,227.038818359375,1566669
2016-02-15,256.6666564941406,272.6000061035156,256.6666564941406,270.0,242.35826110839844,1344609
2016-02-16,271.3333435058594,276.0,266.8999938964844,268.9666748046875,241.4306640625,1880913
2016-02-17,268.6000061035156,271.3333435058594,255.06666564941406,263.73333740234375,236.7331085205078,1294591
2016-02-18,268.4666748046875,268.6666564941406,258.3333435058594,262.4666748046875,235.5961151123047,799777
2016-02-19,261.3333435058594,266.6666564941406,255.1666717529297,265.3666687011719,238.19923400878906,988884
2016-02-22,266.0,268.6333312988281,261.3333435058594,263.1333312988281,236.19456481933594,939291
2016-02-23,263.3333435058594,266.4333190917969,258.6666564941406,262.8999938964844,235.98509216308594,871872
2016-02-24,261.20001220703125,262.3333435058594,251.03334045410156,252.46665954589844,226.61990356445312,1103091
2016-02-25,253.3000030517578,257.5,246.3000030517578,254.8000030517578,228.71435546875,2397643
2016-02-26,257.3333435058594,260.0,250.6666717529297,252.36666870117188,226.53012084960938,1340971
2016-02-29,251.3333282470703,258.8666687011719,245.5,254.43333435058594,228.38523864746094,2273302
2016-03-01,254.93333435058594,273.6000061035156,254.6666717529297,270.8666687011719,243.13616943359375,1748907
2016-03-02,272.1333312988281,282.3333435058594,272.1333312988281,274.3666687011719,246.27784729003906,2048482
2016-03-03,282.6666564941406,284.6333312988281,277.5,283.1666564941406,254.17694091796875,1796815
2016-03-04,282.73333740234375,298.79998779296875,282.73333740234375,296.5333251953125,266.1751403808594,4217358
2016-03-08,296.0,296.5,287.6333312988281,290.3333435058594,260.6098937988281,1105152
2016-03-09,288.6666564941406,292.26666259765625,285.6666564941406,290.0333251953125,260.3406066894531,1505919
2016-03-10,291.8666687011719,302.9333190917969,290.0,298.29998779296875,267.7609558105469,2381136
2016-03-11,296.6666564941406,297.76666259765625,288.0,292.3333435058594,262.4051513671875,1096083
2016-03-14,294.0,298.3999938964844,292.0666809082031,293.3333435058594,263.3027648925781,654165
2016-03-15,292.0,294.6666564941406,288.1000061035156,289.5,259.86187744140625,769089
2016-03-16,289.3333435058594,290.9333190917969,280.0,286.9333190917969,257.5579833984375,894436
2016-03-17,290.6666564941406,296.3999938964844,289.1333312988281,291.5333251953125,261.6869812011719,1157343
2016-03-18,294.73333740234375,297.23333740234375,287.0333251953125,294.0,263.9011535644531,1235307
2016-03-21,294.6666564941406,297.6333312988281,289.0666809082031,296.8333435058594,266.4444274902344,1246264
2016-03-22,297.8666687011719,298.9333190917969,292.1333312988281,296.26666259765625,265.9358215332031,1479904
2016-03-23,295.9666748046875,305.73333740234375,295.29998779296875,304.23333740234375,273.0868225097656,1587039
2016-03-28,307.3333435058594,310.1333312988281,298.4333190917969,301.1000061035156,270.2743225097656,1463838
2016-03-29,301.0666809082031,308.26666259765625,299.5,300.8999938964844,270.0947265625,1637883
2016-03-30,302.6666564941406,316.9333190917969,302.6666564941406,314.73333740234375,282.51190185546875,3255997
2016-03-31,313.4333190917969,322.0,310.76666259765625,318.4666748046875,285.8630065917969,2004705
2016-04-01,316.29998779296875,316.5666809082031,307.6333312988281,310.9666748046875,279.13092041015625,1202698
2016-04-04,314.0,314.3666687011719,307.0,311.6666564941406,279.75921630859375,1061061
2016-04-05,311.1333312988281,317.79998779296875,304.3999938964844,305.73333740234375,274.4333190917969,1272564
2016-04-06,305.3666687011719,309.3333435058594,299.0333251953125,305.3333435058594,274.07427978515625,1289821
2016-04-07,306.0,312.8333435058594,302.26666259765625,308.5,276.9167175292969,897489
2016-04-08,311.20001220703125,312.4666748046875,305.0666809082031,306.6666564941406,275.27105712890625,762739
2016-04-11,308.0,318.1666564941406,305.4333190917969,317.23333740234375,284.7559814453125,2350294
2016-04-12,318.6666564941406,333.0666809082031,318.0,329.1000061035156,295.4077453613281,3667573
2016-04-13,334.0,337.8666687011719,332.1333312988281,335.8666687011719,301.4816589355469,2244100
2016-04-18,336.6666564941406,341.6333312988281,334.79998779296875,338.1666564941406,303.54620361328125,1615356
2016-04-20,340.73333740234375,340.9333190917969,331.1666564941406,336.26666259765625,301.8407287597656,2353390
2016-04-21,337.3333435058594,345.3333435058594,337.3333435058594,342.79998779296875,307.7051696777344,1689636
2016-04-22,340.3666687011719,349.8999938964844,338.3333435058594,348.8666687011719,313.1507568359375,2134524
2016-04-25,348.70001220703125,351.20001220703125,343.0,349.73333740234375,313.9287109375,2000626
2016-04-26,346.6666564941406,349.70001220703125,338.8666687011719,340.3666687011719,305.52093505859375,1839661
2016-04-27,338.0666809082031,345.5666809082031,337.0,343.29998779296875,308.15399169921875,1421970
2016-04-28,342.6666564941406,348.0,340.6000061035156,344.6333312988281,309.3508605957031,2720692
2016-04-29,345.3333435058594,361.3333435058594,345.26666259765625,358.6000061035156,321.8876037597656,5318703
2016-05-02,361.1000061035156,399.8333435058594,358.8666687011719,396.6000061035156,355.99725341796875,12544923
2016-05-03,396.6666564941406,402.26666259765625,384.1666564941406,386.29998779296875,346.7517395019531,4941321
2016-05-04,386.4666748046875,390.9666748046875,380.79998779296875,386.0666809082031,346.5423278808594,3696498
2016-05-05,388.3333435058594,404.6000061035156,385.0333251953125,394.9666748046875,354.5312194824219,4163034
2016-05-06,393.9333190917969,405.3333435058594,391.8333435058594,395.26666259765625,354.8004455566406,3994504
2016-05-09,397.3666687011719,397.3666687011719,388.1333312988281,391.4666748046875,351.3895263671875,1945158
2016-05-10,393.6666564941406,398.5666809082031,388.73333740234375,392.3999938964844,352.2272644042969,3111408
2016-05-11,388.0,399.6666564941406,385.20001220703125,395.70001220703125,355.1894226074219,2711422
2016-05-12,397.6000061035156,404.5333251953125,396.3999938964844,399.5666809082031,358.6602478027344,3538417
2016-05-13,401.0333251953125,408.6333312988281,381.9333190917969,389.1666564941406,349.3249206542969,4836756
2016-05-16,388.79998779296875,394.0,384.1666564941406,389.8999938964844,349.98321533203125,2198347
2016-05-17,392.0,395.6000061035156,384.8666687011719,386.79998779296875,347.2006530761719,3002503
2016-05-18,385.3333435058594,385.9333190917969,376.1000061035156,380.26666259765625,341.3360900878906,2432331
2016-05-19,379.6666564941406,384.5333251953125,372.3333435058594,374.0333251953125,335.74090576171875,1956024
2016-05-20,374.6666564941406,387.20001220703125,370.0,384.20001220703125,344.86676025390625,3122713
2016-05-23,386.26666259765625,390.26666259765625,378.73333740234375,380.4666748046875,341.5156555175781,1719154
2016-05-24,381.20001220703125,382.73333740234375,376.1333312988281,378.8333435058594,340.049560546875,1934611
2016-05-25,382.4666748046875,393.8666687011719,382.4666748046875,392.23333740234375,352.07769775390625,3049765
2016-05-26,394.20001220703125,399.1000061035156,392.0,395.29998779296875,354.83038330078125,8566507
2016-05-27,396.4666748046875,402.4666748046875,394.1333312988281,396.9333190917969,356.2965087890625,2155468
2016-05-30,398.6000061035156,401.73333740234375,390.9333190917969,394.5,354.1122741699219,1747710
2016-05-31,396.3333435058594,405.0,393.5,397.0,356.3563537597656,4957333
2016-06-01,398.8333435058594,398.8999938964844,390.26666259765625,394.23333740234375,353.8729553222656,2379495
2016-06-02,394.6666564941406,406.1333312988281,393.5333251953125,403.29998779296875,362.0113830566406,5576956
2016-06-03,405.3333435058594,411.29998779296875,402.0333251953125,404.0333251953125,362.6695556640625,3974541
2016-06-06,405.3333435058594,410.8999938964844,404.1333312988281,407.73333740234375,365.9908447265625,3329179
2016-06-07,409.76666259765625,409.9666748046875,397.6000061035156,400.0666809082031,359.10906982421875,2816902
2016-06-08,400.0,403.3333435058594,396.0,399.3999938964844,358.51068115234375,1580628
2016-06-09,400.0333251953125,401.5333251953125,391.3666687011719,393.6000061035156,353.304443359375,1609338
2016-06-10,391.0666809082031,393.1666564941406,385.3666687011719,386.6666564941406,347.0809020996094,2420034
2016-06-13,385.0,392.4666748046875,377.70001220703125,391.26666259765625,351.21002197265625,1443046
2016-06-14,393.3333435058594,394.5666809082031,384.0,388.26666259765625,348.5171203613281,1333026
2016-06-15,389.9333190917969,392.6666564941406,387.0,389.9333190917969,350.0131530761719,1160505
2016-06-16,388.6666564941406,388.6666564941406,374.3333435058594,378.9666748046875,342.9817199707031,2698956
2016-06-17,381.3999938964844,384.0,376.3666687011719,378.1000061035156,342.19732666015625,1421089
2016-06-20,374.0333251953125,380.8999938964844,371.1000061035156,379.3666687011719,343.34368896484375,3382029
2016-06-21,381.26666259765625,382.79998779296875,373.5666809082031,374.3666687011719,338.81842041015625,2181231
2016-06-22,375.9333190917969,377.5333251953125,367.73333740234375,370.6666564941406,335.4698181152344,1503820
2016-06-23,370.6666564941406,371.3333435058594,360.3333435058594,361.3666687011719,327.0528869628906,2596254
2016-06-24,350.0,362.0,326.6666564941406,360.1333312988281,325.93670654296875,3969829
2016-06-27,361.20001220703125,365.6666564941406,358.6666564941406,363.3333435058594,328.8328552246094,957154
2016-06-28,365.23333740234375,368.5333251953125,362.3666687011719,364.1000061035156,329.5266418457031,2999422
2016-06-29,366.0,369.6666564941406,363.76666259765625,366.4333190917969,331.63836669921875,2228967
2016-06-30,368.9666748046875,375.9333190917969,365.3999938964844,366.73333740234375,331.90997314453125,3498403
2016-07-01,369.26666259765625,375.8333435058594,368.6666564941406,373.6666564941406,338.1849365234375,2808022
2016-07-04,375.79998779296875,377.79998779296875,369.5,370.6000061035156,335.40948486328125,1517442
2016-07-05,368.0,368.79998779296875,361.6666564941406,364.20001220703125,329.61724853515625,1362793
2016-07-07,362.6666564941406,372.3333435058594,360.70001220703125,369.5,334.4139404296875,2439327
2016-07-08,371.1333312988281,374.1333312988281,365.0,367.76666259765625,332.8451843261719,2278534
2016-07-11,369.3333435058594,371.5666809082031,358.8999938964844,364.3999938964844,329.79815673828125,1369390
2016-07-12,364.0,368.23333740234375,362.23333740234375,366.79998779296875,331.97027587890625,1613398
2016-07-13,366.79998779296875,375.8666687011719,365.0333251953125,374.20001220703125,338.6676940917969,3321363
2016-07-14,375.9666748046875,380.6666564941406,374.3999938964844,379.3999938964844,343.37384033203125,3329862
2016-07-15,381.26666259765625,382.6333312988281,375.3999938964844,377.73333740234375,341.865478515625,2181013
2016-07-18,378.4666748046875,379.3333435058594,367.5,370.4666748046875,335.2887878417969,922816
2016-07-19,370.4333190917969,373.0666809082031,366.0,368.79998779296875,333.7803955078125,1481286
2016-07-20,368.79998779296875,370.6666564941406,367.0666809082031,368.5,333.5089111328125,1255704
2016-07-21,368.8666687011719,374.3333435058594,366.0,372.73333740234375,337.3402404785156,1775121
2016-07-22,374.5333251953125,390.6666564941406,373.5333251953125,389.3999938964844,352.42431640625,3343884
2016-07-25,391.1333312988281,391.1333312988281,382.9666748046875,386.26666259765625,349.5885009765625,1607110
2016-07-26,386.26666259765625,393.1666564941406,382.8999938964844,385.3999938964844,348.80413818359375,1890214
2016-07-27,387.3333435058594,407.23333740234375,387.3333435058594,405.8666687011719,367.3274230957031,8056411
2016-07-28,408.5,412.0,401.8666687011719,406.73333740234375,368.11175537109375,4177485
2016-07-29,408.6333312988281,419.8333435058594,403.9666748046875,416.5666809082031,377.0113525390625,13247343
2016-08-01,418.6333312988281,419.9666748046875,404.8999938964844,407.73333740234375,369.0167541503906,2723013
2016-08-02,410.6000061035156,411.29998779296875,388.1333312988281,392.0,354.7773742675781,3598398
2016-08-03,392.0,396.5333251953125,383.8999938964844,388.79998779296875,351.8812561035156,3431158
2016-08-04,392.5666809082031,404.23333740234375,390.76666259765625,401.5333251953125,363.40545654296875,3653280
2016-08-05,402.6666564941406,410.8999938964844,402.0333251953125,409.3333435058594,370.4648742675781,2031484
2016-08-08,409.73333740234375,419.6000061035156,409.6666564941406,414.76666259765625,375.38232421875,2774490
2016-08-09,417.29998779296875,417.29998779296875,403.6666564941406,410.6000061035156,371.6112976074219,1753818
2016-08-10,412.1000061035156,419.3333435058594,409.8333435058594,413.5333251953125,374.2660217285156,2689690
2016-08-11,413.9333190917969,424.29998779296875,409.73333740234375,418.8999938964844,379.1231384277344,3487153
2016-08-12,419.70001220703125,423.26666259765625,417.8999938964844,419.70001220703125,379.84716796875,1680399
2016-08-16,421.3333435058594,425.1666564941406,413.4666748046875,417.4666748046875,377.8258972167969,1646533
2016-08-17,418.0,430.9333190917969,415.3666687011719,428.3999938964844,387.7210388183594,2559112
2016-08-18,430.6666564941406,435.0,426.0666809082031,429.3666687011719,388.5959167480469,2391418
2016-08-19,430.8333435058594,433.26666259765625,425.3333435058594,430.1333312988281,389.289794921875,1816719
2016-08-22,429.3333435058594,437.0,427.5666809082031,434.6666564941406,393.3926086425781,2329897
2016-08-23,432.0,435.73333740234375,426.5333251953125,430.1666564941406,389.3199157714844,1369753
2016-08-24,428.0333251953125,434.4666748046875,427.4333190917969,429.4666748046875,388.6864318847656,1105839
2016-08-25,430.0,430.70001220703125,419.5333251953125,421.5,381.4761962890625,2131851
2016-08-26,423.0,426.0,417.1000061035156,423.20001220703125,383.01483154296875,1926951
2016-08-29,421.0666809082031,432.79998779296875,421.0666809082031,424.76666259765625,384.4327392578125,2539707
2016-08-30,426.70001220703125,429.1333312988281,425.29998779296875,425.8333435058594,385.3981018066406,776856
2016-08-31,427.6000061035156,429.76666259765625,423.1666564941406,425.9666748046875,385.518798828125,2121276
2016-09-01,426.6000061035156,430.0,408.5333251953125,418.1000061035156,378.39910888671875,1315270
2016-09-02,416.73333740234375,426.6000061035156,411.3999938964844,423.4666748046875,383.25616455078125,1404013
2016-09-06,421.3333435058594,433.8666687011719,421.3333435058594,431.9666748046875,390.9490051269531,1801798
2016-09-07,431.0666809082031,445.3333435058594,431.0333251953125,440.5666809082031,398.7324523925781,3152097
2016-09-08,440.6666564941406,441.73333740234375,434.8999938964844,439.5666809082031,397.827392578125,984024
2016-09-09,433.3333435058594,447.5666809082031,433.3333435058594,440.3333435058594,398.5212707519531,2450169
2016-09-12,432.0,438.6000061035156,423.3999938964844,432.73333740234375,391.6429138183594,2630427
2016-09-14,432.23333740234375,466.8333435058594,432.23333740234375,464.20001220703125,420.1216125488281,3524353
2016-09-15,468.73333740234375,473.79998779296875,454.8333435058594,456.5,413.1528015136719,3721812
2016-09-16,457.70001220703125,467.0,455.0333251953125,461.8666687011719,418.0098876953125,4837236
2016-09-19,466.4666748046875,466.4666748046875,452.6000061035156,454.8333435058594,411.64434814453125,2930545
2016-09-20,457.3333435058594,460.8333435058594,451.73333740234375,453.20001220703125,410.1661682128906,2094955
2016-09-21,454.9333190917969,464.6666564941406,450.5,456.1333312988281,412.8209228515625,2900809
2016-09-22,460.6666564941406,464.20001220703125,453.8666687011719,456.1666564941406,412.85107421875,2541862
2016-09-23,458.6666564941406,471.26666259765625,455.3999938964844,461.6000061035156,417.7685546875,4111311
2016-09-26,462.79998779296875,462.79998779296875,452.4333190917969,454.76666259765625,411.5840759277344,1843926
2016-09-27,457.79998779296875,463.26666259765625,453.8333435058594,455.79998779296875,412.5192565917969,2086689
2016-09-28,458.6666564941406,460.5666809082031,452.8666687011719,455.3333435058594,412.0968933105469,2781181
2016-09-29,458.29998779296875,458.3666687011719,428.76666259765625,433.5333251953125,392.366943359375,3015561
2016-09-30,430.0,451.3333435058594,429.4333190917969,449.23333740234375,406.5761413574219,1335181
2016-10-03,450.6000061035156,457.4666748046875,449.3666687011719,453.4666748046875,410.407470703125,1156452
2016-10-04,455.1333312988281,455.1333312988281,442.1333312988281,451.0,408.1750183105469,1462146
2016-10-05,454.0,459.20001220703125,450.5,453.6000061035156,410.5282287597656,1712820
2016-10-06,454.6666564941406,455.5333251953125,444.23333740234375,447.6666564941406,405.158203125,1367763
2016-10-07,449.0,454.0,445.5666809082031,448.1333312988281,405.58062744140625,904690
2016-10-10,452.20001220703125,452.9333190917969,446.6666564941406,447.26666259765625,404.7962341308594,395385
2016-10-13,445.26666259765625,448.8666687011719,431.8666687011719,446.23333740234375,403.8609619140625,1977478
2016-10-14,446.6666564941406,457.3333435058594,444.20001220703125,455.5666809082031,412.3080749511719,1719289
2016-10-17,452.5333251953125,462.0,452.0,457.8999938964844,414.4198303222656,2726593
2016-10-18,460.0,462.8999938964844,458.0666809082031,461.73333740234375,417.8891906738281,1664398
2016-10-19,462.0,475.1666564941406,455.5,473.5,428.5385437011719,3742399
2016-10-20,474.6666564941406,480.6000061035156,470.5333251953125,476.6333312988281,431.37432861328125,3624388
2016-10-21,474.6666564941406,481.4666748046875,474.0,478.8999938964844,433.4258117675781,1787643
2016-10-24,478.0666809082031,487.1333312988281,475.5,480.9666748046875,435.29620361328125,1319865
2016-10-25,477.73333740234375,481.3999938964844,467.6333312988281,475.26666259765625,430.137451171875,1289877
2016-10-26,473.70001220703125,478.9333190917969,462.3333435058594,466.1000061035156,421.8412170410156,1614688
2016-10-27,466.0,476.1000061035156,463.3666687011719,471.0,426.27593994140625,2515780
2016-10-28,469.3999938964844,475.76666259765625,442.9333190917969,465.20001220703125,421.0267028808594,9140725
2016-11-01,465.9333190917969,472.9666748046875,465.5333251953125,470.8333435058594,426.12506103515625,2363965
2016-11-02,464.0,467.6000061035156,451.23333740234375,453.4333190917969,410.3773193359375,2312641
2016-11-03,455.9666748046875,458.0,441.0666809082031,446.23333740234375,403.8609619140625,3923296
2016-11-04,450.0,450.6666564941406,439.20001220703125,448.29998779296875,405.7314453125,1893363
2016-11-07,450.0,456.6000061035156,443.4666748046875,445.5666809082031,403.2576599121094,1598154
2016-11-08,447.3333435058594,458.23333740234375,437.6000061035156,456.26666259765625,412.941650390625,2463969
2016-11-09,427.6666564941406,446.6666564941406,416.0333251953125,440.79998779296875,398.9435729980469,3373510
2016-11-10,447.79998779296875,468.8666687011719,445.73333740234375,462.8333435058594,418.884765625,2318668
2016-11-11,461.3333435058594,461.3666687011719,428.70001220703125,431.3999938964844,390.43621826171875,2288493
2016-11-15,431.3333435058594,431.3333435058594,397.3333435058594,400.23333740234375,362.2289123535156,3134719
2016-11-16,400.70001220703125,424.20001220703125,396.0,413.79998779296875,374.5074157714844,3349587
2016-11-17,413.79998779296875,417.73333740234375,406.3333435058594,411.3999938964844,372.3353271484375,1417891
2016-11-18,416.6000061035156,419.4666748046875,411.6666564941406,415.73333740234375,376.2571105957031,1242781
2016-11-21,415.6666564941406,419.0,399.73333740234375,405.8999938964844,367.3575134277344,1633414
2016-11-22,406.76666259765625,415.3333435058594,389.4666748046875,404.1333312988281,365.7586364746094,3432742
2016-11-23,409.26666259765625,413.6666564941406,405.3666687011719,407.3666687011719,368.6849670410156,2422738
2016-11-24,407.26666259765625,409.8666687011719,398.3333435058594,406.1666564941406,367.598876953125,1970608
2016-11-25,406.23333740234375,420.6666564941406,400.9333190917969,419.1333312988281,379.3343200683594,1638352
2016-11-28,416.73333740234375,423.0,413.3666687011719,419.1000061035156,379.30413818359375,1082518
2016-11-29,413.4666748046875,425.79998779296875,413.4666748046875,416.9666748046875,377.37335205078125,2544478
2016-11-30,418.6666564941406,424.0,416.1000061035156,422.6333312988281,382.5019836425781,2407503
2016-12-01,420.6666564941406,436.0666809082031,420.0,433.6666564941406,392.48760986328125,3270271
2016-12-02,431.8666687011719,440.29998779296875,428.6666564941406,434.79998779296875,393.5133056640625,2676963
2016-12-05,432.6666564941406,444.5666809082031,432.6333312988281,442.4333190917969,400.421875,1102591
2016-12-06,444.8666687011719,453.3333435058594,440.6333312988281,448.3666687011719,405.791748046875,1670886
2016-12-07,451.4666748046875,452.0666809082031,444.0333251953125,448.1333312988281,405.58062744140625,700302
2016-12-08,452.9666748046875,469.0,451.3666687011719,466.76666259765625,422.444580078125,2011207
2016-12-09,468.3333435058594,474.6666564941406,460.3333435058594,463.6666564941406,419.638916015625,1691475
2016-12-12,463.3333435058594,468.6666564941406,458.0,463.70001220703125,419.6690979003906,962292
2016-12-13,463.3333435058594,468.29998779296875,449.5666809082031,452.0333251953125,409.1102294921875,1580233
2016-12-14,453.3333435058594,453.3666687011719,432.0,434.0666809082031,392.8496398925781,2582125
2016-12-15,425.3333435058594,440.0,425.3333435058594,429.8999938964844,389.0785827636719,3273342
2016-12-16,433.1333312988281,444.6333312988281,426.5666809082031,442.26666259765625,400.27099609375,2501217
2016-12-19,441.8999938964844,441.8999938964844,424.0666809082031,427.3333435058594,386.7557067871094,1571983
2016-12-20,427.3333435058594,432.73333740234375,420.5,422.8666687011719,382.713134765625,1178775
2016-12-21,423.3333435058594,425.6000061035156,416.8999938964844,420.73333740234375,380.7823791503906,1027701
2016-12-22,418.73333740234375,420.6000061035156,410.8666687011719,412.6333312988281,373.4515380859375,973468
2016-12-23,415.3333435058594,424.23333740234375,406.8999938964844,418.0,378.3085632324219,1654650
2016-12-26,419.26666259765625,419.26666259765625,404.3333435058594,408.20001220703125,369.43914794921875,1319907
2016-12-27,406.6666564941406,426.6666564941406,404.0333251953125,424.29998779296875,384.0103454589844,1493470
2016-12-28,428.0333251953125,430.6666564941406,419.1666564941406,420.8666687011719,380.9030456542969,2663275
2016-12-29,421.3999938964844,426.6666564941406,420.0666809082031,425.3333435058594,384.9455871582031,1257276
2016-12-30,429.8666687011719,435.6666564941406,428.0,431.3333435058594,390.3758544921875,1190467
2017-01-02,432.8666687011719,440.29998779296875,430.0,439.1000061035156,397.405029296875,945859
2017-01-03,440.3333435058594,442.9333190917969,435.1000061035156,436.6666564941406,395.2027282714844,969625
2017-01-04,435.6666564941406,447.6333312988281,434.5666809082031,445.0333251953125,402.7749328613281,2629642
2017-01-05,445.3333435058594,451.3333435058594,443.3999938964844,449.73333740234375,407.0286560058594,1873233
2017-01-06,450.6666564941406,451.79998779296875,438.5333251953125,439.9333190917969,398.15924072265625,1653589
2017-01-09,441.3333435058594,450.9666748046875,440.0333251953125,448.6000061035156,406.0029602050781,881332
2017-01-10,448.6000061035156,453.3333435058594,440.3999938964844,442.3333435058594,400.3313293457031,1391656
2017-01-11,444.0,448.3333435058594,438.6666564941406,446.1333312988281,403.7704772949219,3171093
2017-01-12,450.8666687011719,458.0,444.0666809082031,457.0333251953125,413.6354675292969,2216790
2017-01-13,459.3333435058594,464.6333312988281,455.73333740234375,458.70001220703125,415.1439208984375,2225283
2017-01-16,458.5333251953125,469.9333190917969,454.1000061035156,468.4666748046875,423.9831848144531,2568345
2017-01-17,470.8333435058594,491.3333435058594,470.6666564941406,489.70001220703125,443.2002868652344,6998775
2017-01-18,491.5666809082031,491.5666809082031,482.6000061035156,487.0,440.75665283203125,2318488
2017-01-19,486.6333312988281,498.3333435058594,483.3666687011719,493.0666809082031,446.24725341796875,2780694
2017-01-20,490.23333740234375,496.6000061035156,486.0,489.1666564941406,442.7175598144531,2141527
2017-01-23,487.26666259765625,489.8333435058594,478.0,484.0333251953125,438.0717468261719,1652083
2017-01-24,487.20001220703125,489.8999938964844,480.6666564941406,486.3666687011719,440.1835021972656,2203471
2017-01-25,486.8333435058594,503.0,482.9333190917969,493.4666748046875,446.6092834472656,5829225
2017-01-27,493.6666564941406,501.1000061035156,484.1666564941406,485.6333312988281,439.5197448730469,3003549
2017-01-30,485.8666687011719,494.1333312988281,485.8666687011719,492.0333251953125,445.31207275390625,1684875
2017-01-31,494.3666687011719,494.3666687011719,481.5666809082031,483.1666564941406,437.28729248046875,1291596
2017-02-01,483.76666259765625,496.6000061035156,476.1333312988281,494.20001220703125,447.2729797363281,3405043
2017-02-02,492.8666687011719,501.1000061035156,489.3333435058594,493.3999938964844,446.5489196777344,2364807
2017-02-03,493.9666748046875,496.6000061035156,488.3999938964844,492.1333312988281,445.4024963378906,2007984
2017-02-06,493.3333435058594,493.5333251953125,478.1333312988281,484.23333740234375,438.2527160644531,2589018
2017-02-07,486.0,492.6666564941406,481.3666687011719,486.0333251953125,439.8817443847656,2407051
2017-02-08,486.0,487.8333435058594,482.0333251953125,485.1333312988281,439.0672607421875,1205572
2017-02-09,486.0,494.1000061035156,483.4333190917969,492.29998779296875,445.5533752441406,3228429
2017-02-10,493.3333435058594,493.73333740234375,482.26666259765625,484.6333312988281,438.61468505859375,1952700
2017-02-13,486.6666564941406,488.5,480.8666687011719,486.73333740234375,440.51531982421875,767205
2017-02-14,486.6000061035156,486.6666564941406,473.4666748046875,477.23333740234375,431.9173889160156,1202295
2017-02-15,478.9333190917969,480.3999938964844,466.8333435058594,472.73333740234375,427.84466552734375,1393485
2017-02-16,469.73333740234375,472.6333312988281,461.4666748046875,466.6000061035156,422.29376220703125,3255040
2017-02-17,466.5333251953125,475.76666259765625,463.3333435058594,473.5333251953125,428.5687255859375,1277206
2017-02-20,473.6666564941406,480.76666259765625,473.20001220703125,476.5,431.25372314453125,1087543
2017-02-21,475.8999938964844,476.6666564941406,470.76666259765625,474.23333740234375,429.2022705078125,957811
2017-02-22,474.20001220703125,477.0333251953125,469.3333435058594,472.6000061035156,427.7240295410156,2286169
2017-02-23,474.6333312988281,481.8333435058594,470.0333251953125,478.73333740234375,433.27496337890625,2655171
2017-02-27,479.6666564941406,480.0333251953125,472.0,477.0333251953125,431.73638916015625,2111278
2017-02-28,476.6666564941406,484.3333435058594,475.9666748046875,478.8666687011719,433.3956298828125,1383343
2017-03-01,477.8666687011719,483.0,475.3333435058594,478.23333740234375,432.8224792480469,1051450
2017-03-02,481.26666259765625,483.3333435058594,458.8999938964844,467.70001220703125,423.289306640625,1828281
2017-03-03,464.20001220703125,467.0333251953125,456.1666564941406,460.3999938964844,416.6824645996094,2395936
2017-03-06,461.0666809082031,462.5,453.6000061035156,456.1000061035156,412.7908020019531,1717716
2017-03-07,456.6666564941406,470.0,456.6333312988281,468.6000061035156,424.10382080078125,2761768
2017-03-08,471.6000061035156,476.23333740234375,468.8333435058594,471.8666687011719,427.060302734375,2743824
2017-03-09,472.8999938964844,480.3666687011719,471.8999938964844,475.6333312988281,430.46929931640625,1689442
2017-03-10,472.0666809082031,477.8333435058594,467.5,469.70001220703125,425.0993957519531,1099434
2017-03-14,477.3333435058594,479.0,465.6666564941406,468.0666809082031,423.6212158203125,3079066
2017-03-15,464.8333435058594,475.3333435058594,462.20001220703125,473.8666687011719,428.8703918457031,1570510
2017-03-16,476.6666564941406,479.8999938964844,470.6666564941406,472.4666748046875,427.60333251953125,3045013
2017-03-17,475.6000061035156,487.0666809082031,472.8999938964844,477.5666809082031,432.2191162109375,5189733
2017-03-20,478.0,480.9333190917969,473.3999938964844,477.8999938964844,432.5207824707031,866446
2017-03-21,478.0,485.9333190917969,477.8999938964844,484.9666748046875,438.9164123535156,3529212
2017-03-22,481.6666564941406,485.0,476.76666259765625,478.8333435058594,433.3654479980469,1332822
2017-03-23,481.9333190917969,488.3333435058594,476.73333740234375,486.1666564941406,440.0024108886719,1587768
2017-03-24,487.1333312988281,490.3999938964844,479.73333740234375,481.3999938964844,435.6883850097656,1477219
2017-03-27,481.1333312988281,486.4666748046875,480.0,483.8333435058594,437.89068603515625,1352784
2017-03-28,486.5333251953125,489.8999938964844,479.79998779296875,481.4333190917969,435.7185363769531,3011160
2017-03-29,481.3333435058594,485.73333740234375,477.23333740234375,479.6000061035156,434.0593566894531,2068618
2017-03-30,480.0,483.6000061035156,473.20001220703125,476.3333435058594,431.10284423828125,2289387
2017-03-31,479.20001220703125,489.1333312988281,478.3666687011719,484.6000061035156,438.5845642089844,1844619
2017-04-03,484.76666259765625,497.0666809082031,484.23333740234375,490.29998779296875,443.7432861328125,2732100
2017-04-05,491.6666564941406,493.23333740234375,483.3333435058594,488.0666809082031,441.7220458984375,2175444
2017-04-06,490.9333190917969,492.8666687011719,484.29998779296875,486.0666809082031,439.9119873046875,1722798
2017-04-07,486.6000061035156,489.76666259765625,482.0,484.5666809082031,438.5543518066406,1001809
2017-04-10,485.76666259765625,490.5333251953125,483.6000061035156,488.1000061035156,441.7522277832031,1129711
2017-04-11,490.0,497.20001220703125,487.4333190917969,489.8333435058594,443.3209533691406,2010442
2017-04-12,490.26666259765625,495.6000061035156,484.6666564941406,490.6666564941406,444.0751037597656,1955877
2017-04-13,490.4666748046875,492.8999938964844,482.6666564941406,484.8333435058594,438.79571533203125,2685382
2017-04-17,482.0,491.8666687011719,480.3999938964844,490.5,443.9243469238281,687910
2017-04-18,489.3333435058594,519.2666625976562,489.3333435058594,507.6000061035156,459.4005432128906,5717833
2017-04-19,510.8666687011719,526.6666870117188,510.0,514.933349609375,466.0375671386719,3433932
2017-04-20,515.6666870117188,531.0,515.6666870117188,521.4000244140625,471.8902282714844,4459855
2017-04-21,526.5999755859375,526.5999755859375,515.566650390625,519.6666870117188,470.3214416503906,1608825
2017-04-24,520.2666625976562,534.4000244140625,520.2666625976562,529.5333251953125,479.25115966796875,1768713
2017-04-25,533.2000122070312,539.5999755859375,530.7999877929688,538.0,486.9139404296875,1565665
2017-04-26,539.933349609375,557.9666748046875,538.933349609375,554.1666870117188,501.5455322265625,3779569
2017-04-27,555.0,576.6333618164062,534.8666381835938,545.6666870117188,493.85260009765625,14137957
2017-04-28,541.6666870117188,547.7999877929688,533.433349609375,537.433349609375,486.40106201171875,6573736
2017-05-02,541.4666748046875,543.7333374023438,529.2999877929688,536.2999877929688,485.3753356933594,1777000
2017-05-03,540.4666748046875,546.3333129882812,536.2000122070312,541.7333374023438,490.29278564453125,1574332
2017-05-04,544.6666870117188,544.6666870117188,536.7333374023438,540.933349609375,489.5686950683594,2411671
2017-05-05,542.0,545.1666870117188,536.0,538.5999755859375,487.4569091796875,2048541
2017-05-08,538.6666870117188,542.8666381835938,533.5,535.9000244140625,485.0133361816406,2348380
2017-05-09,535.933349609375,544.1666870117188,534.0999755859375,542.5999755859375,491.0770568847656,1601775
2017-05-10,545.9666748046875,551.0,545.066650390625,549.0,496.869384765625,1674975
2017-05-11,551.2000122070312,558.0,545.8666381835938,550.2333374023438,497.9856262207031,1834797
2017-05-12,551.2666625976562,553.2666625976562,545.6666870117188,549.5,497.32196044921875,1304827
2017-05-15,551.933349609375,563.8666381835938,549.5,558.1666870117188,505.1656799316406,2076982
2017-05-16,558.5999755859375,559.5999755859375,548.7000122070312,551.3666381835938,499.0113220214844,1267410
2017-05-17,552.5999755859375,554.6666870117188,548.2999877929688,553.6333618164062,501.0627746582031,703501
2017-05-18,546.6666870117188,552.2666625976562,542.6666870117188,545.2999877929688,493.5206604003906,1249521
2017-05-19,539.9666748046875,539.9666748046875,499.6666564941406,527.6333618164062,477.5316162109375,8373460
2017-05-22,528.066650390625,537.433349609375,520.3666381835938,527.0,476.9584655761719,1781370
2017-05-23,526.0,528.6666870117188,510.4333190917969,523.7000122070312,473.97174072265625,1609581
2017-05-24,527.066650390625,529.933349609375,517.2333374023438,524.7999877929688,474.9673156738281,1348732
2017-05-25,527.2999877929688,552.2666625976562,527.0333251953125,540.2333374023438,488.9352111816406,8040070
2017-05-26,537.4666748046875,562.0,536.933349609375,558.4000244140625,505.3768310546875,1192593
2017-05-29,560.0,572.2666625976562,550.0,563.8333129882812,510.29412841796875,1646335
2017-05-30,564.6666870117188,576.5999755859375,557.4000244140625,566.7666625976562,512.9490356445312,1675573
2017-05-31,568.2666625976562,584.0,566.8333129882812,574.2000122070312,519.6765747070312,2761011
2017-06-01,574.3666381835938,586.6666870117188,574.3666381835938,584.6333618164062,529.1192016601562,1315875
2017-06-02,585.2999877929688,588.6333618164062,574.7333374023438,576.7666625976562,521.9994506835938,775540
2017-06-05,577.3333129882812,587.566650390625,576.6666870117188,583.1666870117188,527.7918090820312,1078387
2017-06-06,583.2000122070312,587.1666870117188,574.1333618164062,577.066650390625,522.27099609375,1229401
2017-06-07,582.8333129882812,586.2333374023438,571.7999877929688,572.8666381835938,518.4697265625,1024815
2017-06-08,574.5999755859375,583.0,573.2999877929688,577.7666625976562,522.904541015625,1498938
2017-06-09,578.933349609375,581.6666870117188,565.3666381835938,571.0999755859375,516.8709716796875,868491
2017-06-12,571.0,571.0,559.2333374023438,561.5,508.1824645996094,697597
2017-06-13,560.0,571.1333618164062,559.0333251953125,566.0,512.2551879882812,858133
2017-06-14,569.9666748046875,569.9666748046875,558.6666870117188,564.566650390625,510.9578552246094,1123942
2017-06-15,564.6666870117188,576.4666748046875,560.933349609375,569.1666870117188,515.1211547851562,1674375
2017-06-16,572.0,587.3333129882812,572.0,577.3666381835938,522.54248046875,3285780
2017-06-19,578.1666870117188,589.5,576.7333374023438,582.5,527.1884765625,1957888
2017-06-20,590.6666870117188,594.566650390625,572.5999755859375,574.6333618164062,520.0686645507812,2474805
2017-06-21,573.3333129882812,582.6666870117188,570.2333374023438,577.433349609375,522.6029052734375,1562107
2017-06-22,574.5333251953125,577.066650390625,570.7999877929688,574.1333618164062,523.6759033203125,1424337
2017-06-23,574.3333129882812,576.5333251953125,553.4666748046875,556.0333251953125,507.16656494140625,1434571
2017-06-27,557.3666381835938,563.2333374023438,550.066650390625,556.7333374023438,507.80511474609375,1569039
2017-06-28,556.0,556.7333374023438,548.6666870117188,555.2666625976562,506.4673156738281,746140
2017-06-29,554.066650390625,560.3333129882812,547.4000244140625,551.0333251953125,502.60595703125,1302745
2017-06-30,549.6666870117188,562.6666870117188,547.5999755859375,560.2666625976562,511.02789306640625,1707474
2017-07-03,560.6666870117188,572.6666870117188,560.6666870117188,570.7333374023438,520.5747680664062,1556733
2017-07-04,573.7999877929688,573.7999877929688,563.3333129882812,565.1333618164062,515.4669189453125,844156
2017-07-05,565.1333618164062,571.2333374023438,564.066650390625,569.0333251953125,519.024169921875,879588
2017-07-06,568.7333374023438,570.7000122070312,562.066650390625,566.5,516.7134399414062,1400326
2017-07-07,563.566650390625,567.9000244140625,560.5,566.2666625976562,516.5006713867188,1043607
2017-07-10,567.3333129882812,570.0,565.3333129882812,567.2000122070312,517.3519897460938,194754
2017-07-11,566.3666381835938,576.0,566.0333251953125,569.2666625976562,519.2369384765625,1651705
2017-07-12,568.1333618164062,583.2666625976562,568.1333618164062,576.2666625976562,525.6217651367188,2795179
2017-07-13,578.6666870117188,582.5999755859375,572.7000122070312,576.566650390625,525.8953857421875,2424670
2017-07-14,575.1333618164062,584.566650390625,571.3666381835938,575.4666748046875,524.89208984375,1230417
2017-07-17,577.3333129882812,581.1666870117188,572.0,576.066650390625,525.4392700195312,651919
2017-07-18,571.4000244140625,579.0,568.6333618164062,571.0,520.8179321289062,1554114
2017-07-19,571.7333374023438,575.3333129882812,569.4000244140625,572.7333374023438,522.3990478515625,1039351
2017-07-20,573.2999877929688,575.0999755859375,569.7000122070312,570.6333618164062,520.4835205078125,710302
2017-07-21,570.6333618164062,578.5,569.9000244140625,575.4666748046875,524.89208984375,1850932
2017-07-24,574.1666870117188,582.433349609375,571.933349609375,578.5999755859375,527.7501220703125,1405521
2017-07-25,580.0,594.8666381835938,578.933349609375,589.2333374023438,537.4487915039062,4219759
2017-07-26,590.0,600.0,580.566650390625,582.2000122070312,531.0336303710938,4460224
2017-07-27,584.6666870117188,588.2000122070312,576.6666870117188,579.066650390625,528.1756591796875,1368364
2017-07-28,572.3666381835938,583.9666748046875,572.3666381835938,579.0,528.1148681640625,985348
2017-07-31,580.1333618164062,592.4000244140625,578.4000244140625,584.7666625976562,533.3748168945312,3031069
2017-08-01,586.5333251953125,601.6666870117188,583.8333129882812,596.066650390625,543.6817626953125,2553111
2017-08-02,598.5999755859375,600.6666870117188,590.7333374023438,592.6666870117188,540.5803833007812,1427100
2017-08-03,593.6666870117188,597.9666748046875,585.3666381835938,587.1666870117188,535.5637817382812,1421898
2017-08-04,589.3333129882812,592.5999755859375,585.7333374023438,591.3666381835938,539.394775390625,1175566
2017-08-07,592.0,595.9666748046875,582.066650390625,585.0999755859375,533.6787719726562,997377
2017-08-08,588.5999755859375,588.6666870117188,573.7999877929688,575.566650390625,524.9832763671875,991110
2017-08-09,574.6666870117188,575.2999877929688,548.0333251953125,553.6666870117188,505.0079040527344,1817775
2017-08-10,555.2666625976562,559.5999755859375,526.0,547.6666870117188,499.5352783203125,1917850
2017-08-11,543.3333129882812,553.1666870117188,529.7333374023438,540.9000244140625,493.3633117675781,1889604
2017-08-14,543.4000244140625,576.7000122070312,543.4000244140625,572.2999877929688,522.003662109375,1520550
2017-08-16,572.2999877929688,586.3666381835938,566.1666870117188,568.066650390625,518.1423950195312,1796107
2017-08-17,572.0,576.5,564.0,570.1666870117188,520.0579223632812,1330492
2017-08-18,568.7999877929688,572.6666870117188,561.2000122070312,563.2999877929688,513.7946166992188,906189
2017-08-21,565.933349609375,568.5999755859375,536.6666870117188,540.5,492.9984130859375,2107924
2017-08-22,541.6666870117188,551.0,528.6666870117188,531.0333251953125,484.3636779785156,2010352
2017-08-23,535.3333129882812,544.4666748046875,534.2999877929688,542.7333374023438,495.0354919433594,1158298
2017-08-24,547.933349609375,558.0,540.566650390625,555.4000244140625,506.5890197753906,1319461
2017-08-28,557.1666870117188,561.7999877929688,551.7000122070312,559.4000244140625,510.23748779296875,1095399
2017-08-29,565.3333129882812,570.8333129882812,556.933349609375,560.0999755859375,510.8758850097656,1600200
2017-08-30,563.933349609375,564.5999755859375,558.7333374023438,559.9000244140625,510.6935119628906,1769392
2017-08-31,561.3333129882812,561.8333129882812,548.7333374023438,552.0333251953125,503.51812744140625,2298030
2017-09-01,556.1333618164062,560.1333618164062,550.0,555.1333618164062,506.3457946777344,1432722
2017-09-04,554.6666870117188,558.0,538.8666381835938,544.6666870117188,496.798828125,1445433
2017-09-05,544.0,548.1333618164062,541.3333129882812,546.6333618164062,498.59271240234375,936438
2017-09-06,540.7666625976562,551.7999877929688,540.7666625976562,549.2999877929688,501.0250244140625,870121
2017-09-07,552.0,552.566650390625,547.3333129882812,549.566650390625,501.26824951171875,797310
2017-09-08,550.0333251953125,554.933349609375,540.6666870117188,542.6333618164062,494.94427490234375,1712551
2017-09-11,546.566650390625,549.3333129882812,539.8666381835938,541.2666625976562,493.69775390625,1254333
2017-09-12,545.1333618164062,547.4666748046875,542.0,542.933349609375,495.2178649902344,1429674
2017-09-13,547.1333618164062,551.6333618164062,538.7333374023438,540.9666748046875,493.424072265625,1380720
2017-09-14,541.3333129882812,549.2666625976562,541.066650390625,547.2999877929688,499.20086669921875,1262290
2017-09-15,546.0,555.3333129882812,544.6666870117188,551.7999877929688,503.3053283691406,2783583
2017-09-18,556.5999755859375,562.5999755859375,553.4666748046875,556.1333618164062,507.2578125,1267332
2017-09-19,559.3333129882812,561.4000244140625,554.1333618164062,557.1333618164062,508.16998291015625,741462
2017-09-20,559.7999877929688,561.9666748046875,550.8666381835938,553.5,504.8558654785156,1379164
2017-09-21,553.3333129882812,555.9666748046875,541.8333129882812,546.4000244140625,498.3800048828125,838549
2017-09-22,544.3333129882812,545.5,535.3333129882812,537.8333129882812,490.56610107421875,1397797
2017-09-25,539.7666625976562,539.7666625976562,515.3333129882812,522.8666381835938,476.9147644042969,2195095
2017-09-26,521.9000244140625,522.433349609375,509.1333312988281,519.1333618164062,473.50958251953125,2592076
2017-09-27,523.933349609375,528.5999755859375,510.26666259765625,513.3333129882812,468.21929931640625,2154658
2017-09-28,514.4666748046875,518.4666748046875,503.3333435058594,510.79998779296875,465.9085693359375,10704139
2017-09-29,512.0,526.1333618164062,512.0,519.0,473.3879699707031,2941477
2017-10-03,525.2999877929688,532.3333129882812,513.0,530.6666870117188,484.0293884277344,2240359
2017-10-04,531.6666870117188,535.8666381835938,523.4666748046875,525.433349609375,479.255859375,1212958
2017-10-05,527.3333129882812,529.1666870117188,520.6666870117188,523.1333618164062,477.1581115722656,1495161
2017-10-06,524.5999755859375,531.3333129882812,519.0333251953125,528.933349609375,482.4482727050781,1956757
2017-10-09,531.2666625976562,535.1333618164062,526.8666381835938,528.566650390625,482.1138610839844,1139551
2017-10-10,528.566650390625,549.3333129882812,528.566650390625,546.4000244140625,498.3800048828125,3997089
2017-10-11,551.3333129882812,554.6666870117188,533.8666381835938,542.1333618164062,494.4882507324219,2334525
2017-10-12,541.3333129882812,545.0,536.7000122070312,539.5,492.0863952636719,936925
2017-10-13,541.2666625976562,544.433349609375,533.5333251953125,534.933349609375,487.9209899902344,1224301
2017-10-16,536.6666870117188,544.433349609375,535.4666748046875,541.566650390625,493.9713439941406,1538221
2017-10-17,541.8666381835938,541.8666381835938,534.0,537.2666625976562,490.04925537109375,974917
2017-10-18,540.4666748046875,540.4666748046875,524.566650390625,526.2333374023438,479.985595703125,2008389
2017-10-19,527.6666870117188,532.0,523.4000244140625,529.1333618164062,482.6307373046875,405625
2017-10-23,527.9666748046875,533.6333618164062,512.933349609375,518.9000244140625,473.2967224121094,2611875
2017-10-24,522.0,534.9000244140625,518.7000122070312,532.7666625976562,485.9447326660156,1738516
2017-10-25,534.6666870117188,536.8333129882812,527.0,532.433349609375,485.64068603515625,1449669
2017-10-26,536.6666870117188,544.4666748046875,530.8333129882812,542.0,494.3665771484375,3464296
2017-10-27,546.0,556.433349609375,543.7333374023438,554.2000122070312,505.4944152832031,2765082
2017-10-30,556.5999755859375,566.4666748046875,544.5,549.5999755859375,501.2986145019531,6274986
2017-10-31,551.933349609375,557.066650390625,529.5999755859375,532.8666381835938,486.0359802246094,3839709
2017-11-01,533.0,536.2000122070312,518.0,521.3666381835938,475.54669189453125,4024884
2017-11-02,523.1333618164062,529.2999877929688,518.1666870117188,519.5333251953125,473.8743896484375,2467864
2017-11-03,520.1666870117188,523.7666625976562,514.933349609375,517.066650390625,471.6244812011719,1322199
2017-11-06,518.433349609375,521.2000122070312,506.79998779296875,507.9333190917969,463.2938232421875,2022028
2017-11-07,507.9333190917969,509.4333190917969,490.3333435058594,493.20001220703125,449.8554382324219,4252863
2017-11-08,494.6666564941406,497.1333312988281,486.4666748046875,490.6333312988281,447.5142517089844,4811224
2017-11-09,496.0,503.8333435058594,492.5666809082031,496.3666687011719,452.74371337890625,3194304
2017-11-10,496.5333251953125,499.0,487.3333435058594,490.0666809082031,446.9974365234375,1679068
2017-11-13,489.1333312988281,496.4666748046875,482.9666748046875,493.1000061035156,449.76416015625,1941763
2017-11-14,494.0,502.5,492.6666564941406,495.1666564941406,451.649169921875,1289425
2017-11-15,497.6666564941406,497.6666564941406,477.79998779296875,480.9666748046875,438.6971435546875,1307905
2017-11-16,480.73333740234375,490.6333312988281,479.3666687011719,487.5666809082031,444.7171325683594,1493358
2017-11-17,490.6333312988281,494.4666748046875,481.6666564941406,482.79998779296875,440.3693542480469,1440514
2017-11-20,484.6666564941406,488.6666564941406,480.6666564941406,485.9333190917969,443.2273254394531,832903
2017-11-21,488.0,504.3333435058594,487.3666687011719,503.0,458.7940979003906,2938041
2017-11-22,506.6666564941406,506.6666564941406,495.4666748046875,498.0666809082031,454.2943420410156,1667337
2017-11-23,496.6666564941406,504.1333312988281,492.6000061035156,499.4666748046875,455.5712585449219,1772244
2017-11-24,501.29998779296875,503.8999938964844,494.1333312988281,496.0333251953125,452.4396667480469,1917892
2017-11-27,493.4333190917969,506.5333251953125,493.4333190917969,503.5333251953125,459.28057861328125,3984948
2017-11-28,505.8666687011719,512.5,502.5,507.79998779296875,463.1722106933594,3483306
2017-11-29,507.76666259765625,511.5,499.5333251953125,501.5333251953125,457.456298828125,1312164
2017-11-30,500.9333190917969,503.3333435058594,480.1666564941406,487.5666809082031,444.7171325683594,2741056
2017-12-01,487.3666687011719,494.9666748046875,484.1333312988281,486.6000061035156,443.83544921875,1516198
2017-12-04,488.6666564941406,491.0666809082031,471.8333435058594,474.0333251953125,432.3731689453125,1551547
2017-12-05,474.1333312988281,476.4666748046875,463.3333435058594,465.8333435058594,424.893798828125,2675230
2017-12-06,465.8333435058594,469.23333740234375,456.4333190917969,457.26666259765625,417.08001708984375,2836329
2017-12-07,457.5333251953125,486.4333190917969,456.4666748046875,481.3333435058594,439.0315856933594,5284173
2017-12-08,482.0,491.20001220703125,482.0,485.3666687011719,442.7104797363281,2704362
2017-12-11,489.0,498.3333435058594,484.1333312988281,497.0333251953125,453.351806640625,1595422
2017-12-12,498.0,499.6666564941406,484.73333740234375,486.9666748046875,444.1698303222656,1471045
2017-12-13,487.0,496.6666564941406,480.0,484.0333251953125,441.49432373046875,2683051
2017-12-14,486.4666748046875,488.6666564941406,470.70001220703125,479.73333740234375,437.5722351074219,1927410
2017-12-15,484.6666564941406,486.6666564941406,476.79998779296875,478.5333251953125,436.4776916503906,2697349
2017-12-18,476.3333435058594,480.26666259765625,458.3333435058594,473.3666687011719,431.76513671875,5631486
2017-12-19,476.26666259765625,494.23333740234375,474.8333435058594,492.0,448.7608337402344,4107204
2017-12-20,492.73333740234375,496.20001220703125,489.0333251953125,491.1333312988281,447.9703369140625,2065237
2017-12-21,491.23333740234375,495.5,485.1000061035156,487.29998779296875,444.4738464355469,1372447
2017-12-22,488.6000061035156,491.3333435058594,483.3333435058594,487.73333740234375,444.8691711425781,1371741
2017-12-26,489.8666687011719,492.6666564941406,486.3333435058594,490.3666687011719,447.2710266113281,1167906
2017-12-27,492.4666748046875,497.6666564941406,490.3999938964844,493.5666809082031,450.1898498535156,1706551
2017-12-28,493.8999938964844,512.4666748046875,493.5666809082031,508.8666687011719,464.14520263671875,4838206
2017-12-29,511.9333190917969,514.6666870117188,504.8999938964844,508.4666748046875,463.7803039550781,1476427
2018-01-01,507.8666687011719,513.3333129882812,501.6666564941406,503.8333435058594,459.5541687011719,1602100
2018-01-02,505.0333251953125,517.3333129882812,499.0,515.6333618164062,470.31719970703125,2827863
2018-01-03,517.9666748046875,525.1666870117188,516.0,517.2000122070312,471.74615478515625,2871907
2018-01-04,519.933349609375,525.066650390625,518.6666870117188,521.0999755859375,475.3033752441406,2061667
2018-01-05,523.7333374023438,523.7333374023438,513.8666381835938,516.1333618164062,470.7732238769531,1330975
2018-01-08,518.8333129882812,526.6666870117188,518.8333129882812,522.9000244140625,476.9451904296875,1991223
2018-01-09,523.3333129882812,528.0,520.2666625976562,527.066650390625,480.74566650390625,1936948
2018-01-10,528.6666870117188,529.3333129882812,516.0333251953125,519.2333374023438,473.6007385253906,1535887
2018-01-11,520.933349609375,525.5333251953125,516.7000122070312,524.1333618164062,478.0701599121094,1046914
2018-01-12,526.0,526.6666870117188,512.0333251953125,516.9000244140625,471.4725341796875,2933382
2018-01-15,518.6666870117188,522.6666870117188,513.4666748046875,516.2333374023438,470.8644104003906,1146082
2018-01-16,516.6333618164062,520.4666748046875,508.0333251953125,511.23333740234375,466.3038330078125,1834026
2018-01-17,511.3333435058594,522.6333618164062,503.26666259765625,520.5,474.7561340332031,1782994
2018-01-18,525.2000122070312,543.2666625976562,524.1666870117188,533.6666870117188,486.76568603515625,7805662
2018-01-19,533.0,538.7333374023438,527.3333129882812,534.9000244140625,487.8906555175781,1535200
2018-01-22,539.7999877929688,546.5333251953125,536.6666870117188,542.4000244140625,494.7315979003906,3594555
2018-01-23,545.1333618164062,545.2666625976562,531.7333374023438,538.1666870117188,490.8702087402344,2057214
2018-01-24,538.0,552.3333129882812,535.4000244140625,549.5,501.20745849609375,3865750
2018-01-25,551.3333129882812,551.9000244140625,507.73333740234375,512.6333618164062,467.5808410644531,9762141
2018-01-29,518.6333618164062,530.2666625976562,514.6666870117188,525.6666870117188,479.4687805175781,8319201
2018-01-30,525.1333618164062,526.9000244140625,511.73333740234375,513.8333129882812,468.6753234863281,3530484
2018-01-31,516.6666870117188,518.0,497.6666564941406,501.3666687011719,457.3043212890625,2747253
2018-02-01,501.3666687011719,514.6666870117188,490.20001220703125,505.8999938964844,461.4392395019531,3845061
2018-02-02,500.0,501.3333435058594,482.6333312988281,488.70001220703125,445.7508544921875,3382230
2018-02-05,475.0,485.9666748046875,464.6666564941406,481.6666564941406,439.3356018066406,2492284
2018-02-06,464.0,474.3333435058594,453.3333435058594,466.70001220703125,425.6842956542969,3299244
2018-02-07,474.5333251953125,477.20001220703125,466.5333251953125,467.5,426.41400146484375,2703379
2018-02-08,469.3333435058594,481.3333435058594,468.6000061035156,478.70001220703125,436.6296691894531,2405113
2018-02-09,473.3333435058594,476.79998779296875,466.8999938964844,472.23333740234375,430.7313232421875,1867788
2018-02-12,475.6666564941406,486.6000061035156,473.6666564941406,484.3333435058594,441.7679443359375,1937262
2018-02-14,488.6666564941406,488.9666748046875,478.73333740234375,481.26666259765625,438.97076416015625,2169484
2018-02-15,484.70001220703125,486.1000061035156,475.3333435058594,477.3999938964844,435.4439392089844,1267582
2018-02-16,479.9333190917969,483.3333435058594,466.73333740234375,469.0666809082031,427.84295654296875,1685658
2018-02-19,469.26666259765625,473.3333435058594,461.8666687011719,467.5333251953125,426.44439697265625,1388427
2018-02-20,468.0,471.3333435058594,462.6666564941406,463.5666809082031,422.82635498046875,1161661
2018-02-21,465.0,467.79998779296875,455.1000061035156,458.8333435058594,418.50897216796875,3419208
2018-02-22,456.6666564941406,457.9666748046875,448.3333435058594,450.29998779296875,410.7255859375,3107217
2018-02-23,452.6666564941406,468.6666564941406,452.6666564941406,467.0333251953125,425.9883728027344,3681946
2018-02-26,471.3333435058594,483.8666687011719,470.6666564941406,480.3333435058594,438.11944580078125,3493792
2018-02-27,482.6666564941406,484.0,474.6666564941406,480.76666259765625,438.51470947265625,1850050
2018-02-28,482.6666564941406,488.26666259765625,478.79998779296875,485.8333435058594,443.1361083984375,3866728
2018-03-01,485.9666748046875,488.6000061035156,474.5333251953125,476.1666564941406,434.31903076171875,2816931
2018-03-05,476.0,482.23333740234375,467.5666809082031,480.6000061035156,438.3627014160156,1640220
2018-03-06,483.3333435058594,484.5333251953125,466.0,468.26666259765625,427.1133117675781,1678482
2018-03-07,466.0,473.8999938964844,461.76666259765625,468.0,426.8700866699219,2151202
2018-03-08,472.0,476.0,466.6666564941406,473.8666687011719,432.22113037109375,1834540
2018-03-09,476.6666564941406,481.6666564941406,472.5,474.76666259765625,433.0420227050781,1752177
2018-03-12,480.0,480.0,470.3999938964844,478.6333312988281,436.56884765625,1417213
2018-03-13,479.1000061035156,485.9333190917969,475.29998779296875,481.8666687011719,439.51806640625,2178453
2018-03-14,482.3333435058594,484.6666564941406,475.4333190917969,478.8999938964844,436.8121032714844,1568118
2018-03-15,479.9666748046875,485.0666809082031,478.29998779296875,480.76666259765625,438.51470947265625,1025422
2018-03-16,476.6666564941406,488.76666259765625,475.6000061035156,479.79998779296875,437.63299560546875,3329587
2018-03-19,479.3333435058594,481.0,466.1666564941406,467.8999938964844,426.7788391113281,1366059
2018-03-20,465.5,478.23333740234375,462.0,474.8666687011719,433.1332092285156,1944199
2018-03-21,478.6666564941406,479.9666748046875,473.3999938964844,476.6000061035156,434.7142333984375,2129493
2018-03-22,476.73333740234375,485.1000061035156,476.4333190917969,477.9333190917969,435.9303894042969,2156724
2018-03-23,470.0,474.5333251953125,465.8666687011719,469.8333435058594,428.54229736328125,2041255
2018-03-26,470.0,486.79998779296875,466.4333190917969,482.9333190917969,440.4909973144531,1725537
2018-03-27,485.6666564941406,494.70001220703125,485.6666564941406,491.20001220703125,448.0311584472656,2970558
2018-03-28,492.4666748046875,497.8666687011719,484.20001220703125,486.8333435058594,444.0482177734375,4465992
2018-04-02,491.26666259765625,504.0,487.0,501.6000061035156,457.51715087890625,1885776
2018-04-03,501.20001220703125,511.3333435058594,498.0,510.4333190917969,465.57415771484375,2627949
2018-04-04,513.2999877929688,513.2999877929688,486.9333190917969,488.3333435058594,445.4164123535156,2569993
2018-04-05,498.0,505.70001220703125,496.76666259765625,504.6333312988281,460.28387451171875,1622911
2018-04-06,502.0333251953125,504.23333740234375,496.9666748046875,502.1333312988281,458.0035400390625,728823
2018-04-09,504.6666564941406,510.3999938964844,498.26666259765625,500.79998779296875,456.78741455078125,3060993
2018-04-10,505.23333740234375,507.20001220703125,498.0,501.1333312988281,457.0914611816406,958611
2018-04-11,503.20001220703125,504.1333312988281,493.6000061035156,497.0333251953125,453.351806640625,873540
2018-04-12,499.3333435058594,500.0666809082031,493.4333190917969,498.6000061035156,454.7807312011719,1045483
2018-04-13,502.9333190917969,503.6666564941406,494.5333251953125,498.0666809082031,454.2943420410156,1348426
2018-04-16,495.3333435058594,510.0,494.0,509.0666809082031,464.32757568359375,1108276
2018-04-17,512.5999755859375,512.5999755859375,502.23333740234375,505.0333251953125,460.6487121582031,1341004
2018-04-18,506.6666564941406,508.73333740234375,501.73333740234375,505.0666809082031,460.67913818359375,890097
2018-04-19,506.1000061035156,516.5999755859375,505.0666809082031,512.5999755859375,467.5503845214844,2189419
2018-04-20,511.9333190917969,513.933349609375,500.8666687011719,510.5,465.6349792480469,1737316
2018-04-23,512.0,516.2666625976562,501.20001220703125,502.5333251953125,458.3684387207031,1597674
2018-04-24,502.26666259765625,502.26666259765625,493.26666259765625,496.4666748046875,452.8349304199219,1805994
2018-04-25,496.4666748046875,501.8666687011719,491.0,495.9333190917969,452.3485107421875,1607793
2018-04-26,497.1333312988281,503.3333435058594,493.8666687011719,500.1666564941406,456.2097473144531,2543394
2018-04-27,503.29998779296875,507.29998779296875,501.0666809082031,502.8999938964844,458.702880859375,1711810
2018-04-30,505.26666259765625,506.4666748046875,483.3999938964844,486.5666809082031,443.8050231933594,3093207
2018-05-02,488.0,494.0,485.3333435058594,488.9333190917969,445.9636535644531,1442760
2018-05-03,488.9333190917969,490.1666564941406,469.5333251953125,471.9333190917969,430.4576721191406,2562340
2018-05-04,472.0,474.3999938964844,466.76666259765625,469.1000061035156,427.87335205078125,1587040
2018-05-07,470.0,479.26666259765625,463.3333435058594,478.26666259765625,436.2344055175781,1563171
2018-05-08,480.0,484.0,479.0,481.0,438.7275390625,1543783
2018-05-09,480.6666564941406,489.0333251953125,480.6666564941406,487.5333251953125,444.6866760253906,2205747
2018-05-10,488.6666564941406,488.9666748046875,480.0333251953125,481.3333435058594,439.0315856933594,948909
2018-05-11,483.1333312988281,493.0666809082031,482.0,490.1666564941406,447.08856201171875,1650226
2018-05-14,491.1333312988281,493.23333740234375,483.3999938964844,485.6666564941406,442.98406982421875,1035649
2018-05-15,485.5333251953125,493.3333435058594,480.0666809082031,488.8666687011719,445.90289306640625,1053292
2018-05-16,486.6666564941406,491.8999938964844,481.0333251953125,483.8999938964844,441.3726806640625,1119166
2018-05-17,484.20001220703125,485.3666687011719,470.0333251953125,471.3999938964844,429.9712219238281,1043016
2018-05-18,471.3999938964844,475.4666748046875,469.6000061035156,472.9666748046875,431.40020751953125,1332394
2018-05-21,474.6000061035156,474.6000061035156,450.1333312988281,455.0333251953125,415.04296875,3579453
2018-05-22,460.0,460.0,448.5,454.8666687011719,414.8908996582031,2762500
2018-05-23,454.6666564941406,464.29998779296875,453.3333435058594,456.9666748046875,416.806396484375,1497970
2018-05-24,459.3333435058594,464.9333190917969,455.3333435058594,463.1333312988281,422.43109130859375,1395031
2018-05-25,463.3333435058594,468.23333740234375,458.3666687011719,464.8333435058594,423.9817199707031,1554840
2018-05-28,466.6666564941406,500.0,466.6666564941406,480.6666564941406,438.4234619140625,2891208
2018-05-29,481.9333190917969,481.9333190917969,467.5,469.8999938964844,428.60308837890625,1134163
2018-05-30,468.6000061035156,478.4666748046875,466.5333251953125,469.79998779296875,428.5118408203125,1407166
2018-05-31,472.6000061035156,477.1666564941406,469.3333435058594,471.73333740234375,430.27532958984375,5708037
2018-06-01,472.9333190917969,475.6333312988281,462.8666687011719,465.1666564941406,424.28570556640625,1222384
2018-06-04,466.79998779296875,469.8666687011719,455.3333435058594,457.6333312988281,417.4144287109375,863778
2018-06-05,456.6000061035156,461.3333435058594,453.79998779296875,457.1333312988281,416.9584045410156,1200031
2018-06-06,459.0666809082031,464.0,455.0666809082031,462.3666687011719,421.7318115234375,1291956
2018-06-07,463.3333435058594,471.26666259765625,458.6333312988281,469.3666687011719,428.11663818359375,1654620
2018-06-08,467.6000061035156,477.8999938964844,464.23333740234375,475.26666259765625,433.4980773925781,2680872
2018-06-11,475.20001220703125,475.20001220703125,464.9666748046875,466.20001220703125,425.2282409667969,1658448
2018-06-12,465.26666259765625,469.0333251953125,458.4666748046875,459.1333312988281,418.7826232910156,1688136
2018-06-13,460.0333251953125,462.6666564941406,456.0,458.3666687011719,418.0833435058594,1191624
2018-06-14,461.3333435058594,462.3333435058594,454.5666809082031,456.6000061035156,416.4719543457031,1281625
2018-06-15,459.8666687011719,471.1666564941406,457.3333435058594,467.1333312988281,426.07958984375,4115832
2018-06-18,466.6000061035156,466.6000061035156,460.5333251953125,461.5,420.9412841796875,680317
2018-06-19,459.3333435058594,459.70001220703125,448.0666809082031,449.3999938964844,409.90472412109375,1774452
2018-06-20,450.0,450.9333190917969,432.6000061035156,434.8333435058594,396.61822509765625,4071990
2018-06-21,434.8333435058594,436.23333740234375,427.3999938964844,430.6666564941406,392.8177490234375,4725118
2018-06-22,427.5666809082031,428.8999938964844,421.4666748046875,426.79998779296875,389.2908630371094,4599169
2018-06-25,429.3333435058594,432.5,420.9666748046875,422.76666259765625,385.6120300292969,2425305
2018-06-26,421.3333435058594,428.0,417.26666259765625,426.5333251953125,389.04766845703125,2702764
2018-06-27,426.5333251953125,426.6666564941406,411.3333435058594,413.76666259765625,377.4029846191406,2056651
2018-06-28,410.73333740234375,417.20001220703125,402.8666687011719,404.4333190917969,368.889892578125,5499982
2018-06-29,405.70001220703125,414.4333190917969,403.3333435058594,412.5333251953125,376.2779846191406,3006667
2018-07-02,411.3999938964844,418.9333190917969,409.4666748046875,416.4666748046875,379.86572265625,1684384
2018-07-03,414.8666687011719,421.3333435058594,410.0,420.1666564941406,383.2405090332031,1310076
2018-07-04,420.1000061035156,422.6666564941406,413.70001220703125,416.1333312988281,379.5616455078125,1075248
2018-07-05,418.4666748046875,421.5666809082031,414.0666809082031,415.3666687011719,378.8623962402344,866314
2018-07-06,416.0,418.6666564941406,412.8333435058594,414.26666259765625,377.85906982421875,1359757
2018-07-09,417.20001220703125,418.6666564941406,414.0,415.8666687011719,379.31842041015625,1464405
2018-07-10,418.26666259765625,427.3333435058594,416.0333251953125,424.73333740234375,387.4058532714844,3389203
2018-07-11,424.0666809082031,424.20001220703125,398.70001220703125,402.29998779296875,366.9440002441406,4669614
2018-07-12,403.9333190917969,407.29998779296875,385.1000061035156,387.9666748046875,353.8704528808594,5765943
2018-07-13,387.3333435058594,387.6666564941406,365.8999938964844,375.0333251953125,342.0736999511719,15161788
2018-07-16,379.5333251953125,379.5333251953125,368.73333740234375,373.20001220703125,340.4015197753906,7154964
2018-07-17,374.4333190917969,383.8333435058594,373.3333435058594,380.6666564941406,347.21197509765625,3152394
2018-07-18,382.6666564941406,385.1000061035156,367.6000061035156,371.23333740234375,338.607666015625,3730662
2018-07-19,372.0,374.3999938964844,358.1666564941406,368.0,335.6584777832031,3273880
2018-07-20,368.6333312988281,370.0,361.3333435058594,366.3999938964844,334.1991271972656,2635054
2018-07-23,381.8666687011719,426.3333435058594,374.0666809082031,421.3999938964844,384.365478515625,35708673
2018-07-24,423.3333435058594,441.76666259765625,414.8999938964844,420.1333312988281,383.21014404296875,15515727
2018-07-25,421.3333435058594,428.8333435058594,413.5333251953125,425.1666564941406,387.8010559082031,5349271
2018-07-26,425.3333435058594,430.1666564941406,418.70001220703125,425.0,387.64910888671875,9681316
2018-07-27,425.70001220703125,429.3333435058594,421.8666687011719,423.6666564941406,386.4329528808594,1587696
2018-07-30,425.9666748046875,432.3333435058594,423.29998779296875,428.3999938964844,390.7502746582031,3373032
2018-07-31,429.6666564941406,437.23333740234375,420.8333435058594,429.3666687011719,391.6319885253906,6335571
2018-08-01,432.0666809082031,432.9666748046875,424.6666564941406,427.8999938964844,390.2941589355469,2283748
2018-08-02,427.8999938964844,431.6333312988281,422.3999938964844,424.5,387.1930236816406,2709216
2018-08-03,426.0,429.6666564941406,424.70001220703125,427.3666687011719,389.8077697753906,1478691
2018-08-06,426.73333740234375,441.26666259765625,426.73333740234375,437.3999938964844,398.9593505859375,3583215
2018-08-07,441.1333312988281,442.6000061035156,429.73333740234375,431.4666748046875,393.5474853515625,1941643
2018-08-08,433.3333435058594,435.8333435058594,427.9333190917969,431.8999938964844,393.94268798828125,1500355
2018-08-09,428.73333740234375,429.5333251953125,422.6666564941406,425.1666564941406,392.44970703125,1537924
2018-08-10,426.6000061035156,432.8666687011719,421.0333251953125,424.3999938964844,391.7420654296875,2416305
2018-08-13,420.0,423.3333435058594,414.1333312988281,416.9333190917969,384.8499755859375,1529908
2018-08-14,416.9333190917969,419.29998779296875,399.4666748046875,406.9666748046875,375.65032958984375,3924208
2018-08-16,408.0,414.6000061035156,404.76666259765625,406.4333190917969,375.1579284667969,2542926
2018-08-17,408.4666748046875,412.5333251953125,405.1000061035156,411.1666564941406,379.5270690917969,1818678
2018-08-20,413.23333740234375,414.8333435058594,406.0,412.6000061035156,380.85009765625,2864055
2018-08-21,416.6000061035156,434.0,413.0,430.79998779296875,397.6496276855469,5502780
2018-08-23,433.4666748046875,438.6666564941406,426.0666809082031,433.29998779296875,399.95721435546875,4068225
2018-08-24,431.3333435058594,449.3333435058594,428.70001220703125,435.6666564941406,402.14178466796875,7670341
2018-08-27,438.9333190917969,441.79998779296875,434.0,439.73333740234375,405.8955078125,2481079
2018-08-28,441.3333435058594,444.6666564941406,434.0,436.1000061035156,402.5417785644531,2755206
2018-08-29,437.26666259765625,457.6666564941406,436.4333190917969,453.3333435058594,418.4490051269531,7871448
2018-08-30,457.3333435058594,466.0,455.3333435058594,464.1000061035156,428.3871765136719,8968888
2018-08-31,463.3333435058594,481.26666259765625,459.6333312988281,476.8666687011719,440.17144775390625,8761225
2018-09-03,479.76666259765625,484.0,473.3333435058594,480.4333190917969,443.463623046875,3344458
2018-09-04,478.1333312988281,480.0,462.8999938964844,465.73333740234375,429.8948059082031,3380101
2018-09-05,465.9333190917969,475.0,455.6666564941406,464.8999938964844,429.1255798339844,7909251
2018-09-06,467.6000061035156,472.9666748046875,464.5,470.0333251953125,433.8638916015625,3080107
2018-09-07,472.4666748046875,478.6666564941406,467.8333435058594,476.0,439.3714294433594,2899302
2018-09-10,476.6333312988281,481.8666687011719,467.0666809082031,468.8333435058594,432.7562255859375,2498602
2018-09-11,471.6666564941406,476.6666564941406,454.8666687011719,458.4333190917969,423.15655517578125,3939748
2018-09-12,461.4666748046875,470.6666564941406,453.3999938964844,469.1000061035156,433.00238037109375,2029983
2018-09-14,473.3333435058594,492.6000061035156,472.73333740234375,491.1666564941406,453.3710632324219,5772796
2018-09-17,489.9333190917969,490.6333312988281,481.3333435058594,482.3333435058594,445.2174377441406,2400687
2018-09-18,484.6666564941406,492.1000061035156,469.76666259765625,472.70001220703125,436.32537841796875,3940686
2018-09-19,476.0,477.1666564941406,458.6666564941406,461.5333251953125,426.0179748535156,3927616
2018-09-21,461.6666564941406,472.6666564941406,392.3333435058594,443.8666687011719,409.7107849121094,7661755
2018-09-24,446.0,448.0,426.6333312988281,434.26666259765625,400.8495178222656,3962002
2018-09-25,434.20001220703125,443.26666259765625,426.6333312988281,440.6333312988281,406.7262878417969,2941122
2018-09-26,442.6666564941406,470.0,435.8333435058594,465.0333251953125,429.2486572265625,5745096
2018-09-27,468.29998779296875,469.0,452.4333190917969,455.3999938964844,420.3566589355469,3939211
2018-09-28,456.6666564941406,460.3999938964844,436.6666564941406,442.8666687011719,408.7877502441406,2304535
2018-10-01,443.1000061035156,446.6666564941406,425.4333190917969,443.73333740234375,409.5877380371094,3044547
2018-10-03,444.0,446.0666809082031,426.26666259765625,428.4333190917969,395.465087890625,5244559
2018-10-04,420.0333251953125,430.29998779296875,414.1333312988281,419.1666564941406,386.91143798828125,3694857
2018-10-05,418.5333251953125,421.29998779296875,393.76666259765625,397.76666259765625,367.1582336425781,3832315
2018-10-08,398.6666564941406,416.6666564941406,388.1000061035156,412.76666259765625,381.0039367675781,5443380
2018-10-09,415.29998779296875,415.29998779296875,394.1666564941406,402.73333740234375,371.7427062988281,2549713
2018-10-10,403.3333435058594,416.6666564941406,403.3333435058594,414.9666748046875,383.0346374511719,1838878
2018-10-11,406.0,414.9333190917969,393.4666748046875,403.4333190917969,372.3888244628906,2389195
2018-10-12,406.0666809082031,423.3333435058594,406.0666809082031,418.6333312988281,386.4191589355469,2403772
2018-10-15,418.6333312988281,425.6666564941406,413.8333435058594,423.9666748046875,391.34210205078125,2045935
2018-10-16,426.6666564941406,432.0,422.1000061035156,428.0666809082031,395.1266174316406,2271903
2018-10-17,430.76666259765625,443.3333435058594,421.1333312988281,425.5,392.7574462890625,2559759
2018-10-19,425.29998779296875,432.5,418.3999938964844,429.5666809082031,396.51123046875,3179949
2018-10-22,430.0,434.6666564941406,417.3999938964844,422.4333190917969,389.9267578125,1625406
2018-10-23,420.6666564941406,423.3333435058594,405.8333435058594,410.23333740234375,378.6655578613281,2843146
2018-10-24,410.6666564941406,419.3333435058594,409.1333312988281,415.20001220703125,383.2500305175781,1395015
2018-10-25,411.9333190917969,412.3666687011719,396.9333190917969,399.6333312988281,368.8812561035156,2476828
2018-10-26,401.9333190917969,417.6000061035156,390.0,415.1333312988281,383.1885070800781,6888616
2018-10-29,413.3333435058594,423.1333312988281,408.8666687011719,421.0666809082031,388.6652526855469,3053157
2018-10-30,418.6666564941406,431.9333190917969,415.6666564941406,424.5333251953125,391.8651428222656,3743070
2018-10-31,426.0,451.4666748046875,424.6666564941406,449.5666809082031,414.97216796875,4633326
2018-11-01,450.6666564941406,466.0,446.6666564941406,463.9333190917969,428.23333740234375,4804108
2018-11-02,466.0,477.6666564941406,466.0,474.29998779296875,437.80224609375,7268007
2018-11-05,472.29998779296875,485.79998779296875,466.29998779296875,482.8666687011719,445.7097473144531,2223669
2018-11-06,480.76666259765625,485.29998779296875,476.5666809082031,481.26666259765625,444.2328186035156,2185276
2018-11-07,481.5666809082031,487.9333190917969,481.5,486.3999938964844,448.97113037109375,579105
2018-11-09,484.9666748046875,496.6000061035156,481.6666564941406,493.3333435058594,455.3709411621094,2790439
2018-11-12,493.3333435058594,501.1333312988281,486.8666687011719,488.79998779296875,451.1864929199219,2123223
2018-11-13,486.0,493.29998779296875,477.6000061035156,491.0333251953125,453.2479248046875,2353732
2018-11-14,492.1333312988281,507.8666687011719,491.0,506.8333435058594,467.8321533203125,4428133
2018-11-15,507.9666748046875,513.2999877929688,504.0,509.1000061035156,469.92437744140625,4799854
2018-11-16,508.0,516.433349609375,505.23333740234375,514.566650390625,474.9703369140625,3262251
2018-11-19,515.3333129882812,518.5,511.5333251953125,516.7999877929688,477.0318298339844,3290689
2018-11-20,514.0,515.2000122070312,498.0,506.1333312988281,467.18597412109375,4928892
2018-11-21,506.6666564941406,523.0,506.6666564941406,519.5,479.52410888671875,4290877
2018-11-22,519.3333129882812,523.2666625976562,514.4000244140625,518.8666381835938,478.939453125,1803559
2018-11-26,518.8666381835938,519.9666748046875,505.3333435058594,515.4000244140625,475.7396545410156,2140660
2018-11-27,510.6666564941406,515.933349609375,502.6666564941406,512.3666381835938,472.93963623046875,3071856
2018-11-28,510.6666564941406,519.7666625976562,510.3333435058594,514.566650390625,474.9703369140625,1575307
2018-11-29,516.6666870117188,526.2666625976562,508.0333251953125,519.4000244140625,479.4317626953125,4206577
2018-11-30,520.0999755859375,523.6666870117188,503.3666687011719,505.20001220703125,466.324462890625,3199104
2018-12-03,508.0,508.0,485.4666748046875,488.3999938964844,450.8172607421875,4269495
2018-12-04,488.4666748046875,506.3333435058594,488.4666748046875,500.9666748046875,462.4169006347656,4095196
2018-12-05,499.3333435058594,502.6666564941406,491.4666748046875,499.6000061035156,461.1554260253906,1905786
2018-12-06,498.0,506.0,491.1000061035156,497.8666687011719,459.5554504394531,3054313
2018-12-07,502.6000061035156,509.20001220703125,492.9666748046875,505.1333312988281,466.2629699707031,2186733
2018-12-10,493.3333435058594,505.6666564941406,493.29998779296875,497.70001220703125,459.401611328125,2034591
2018-12-11,493.3333435058594,500.6666564941406,487.4666748046875,498.6333312988281,460.26312255859375,2417344
2018-12-12,500.0666809082031,529.5333251953125,500.0666809082031,526.7000122070312,486.1700134277344,3412810
2018-12-13,526.0,526.0,514.1333618164062,515.6333618164062,475.9549865722656,2861619
2018-12-14,513.3333129882812,518.0,505.8999938964844,509.8333435058594,470.601318359375,2379991
2018-12-17,513.2000122070312,514.6666870117188,508.6666564941406,512.0333251953125,472.6319580078125,1096198
2018-12-18,508.0,516.066650390625,494.0,495.76666259765625,457.61700439453125,3009928
2018-12-19,497.9333190917969,506.6666564941406,496.6666564941406,503.79998779296875,465.0322265625,2369217
2018-12-20,501.3333435058594,516.1333618164062,497.8999938964844,513.3333129882812,473.8319396972656,2179683
2018-12-21,514.0333251953125,515.933349609375,488.70001220703125,490.4333190917969,452.6941223144531,5238295
2018-12-24,490.6666564941406,498.4666748046875,480.6666564941406,490.9666748046875,453.1863708496094,2679819
2018-12-26,491.3333435058594,501.26666259765625,485.3333435058594,500.1333312988281,461.647705078125,2992971
2018-12-27,504.0,506.0,496.8333435058594,499.76666259765625,461.3092041015625,1750644
2018-12-28,501.6666564941406,514.0,501.6666564941406,505.6000061035156,466.6936950683594,3371275
2018-12-31,508.0,510.8333435058594,502.29998779296875,505.5,466.60137939453125,2249962
2019-01-01,506.6666564941406,510.4666748046875,497.6666564941406,502.3333435058594,463.67840576171875,2415372
2019-01-02,500.0,505.6333312988281,496.0,504.3333435058594,465.52447509765625,1962064
2019-01-03,503.3333435058594,505.29998779296875,496.1666564941406,497.76666259765625,459.4631652832031,1579716
2019-01-04,499.20001220703125,506.1666564941406,495.3999938964844,504.26666259765625,465.4629211425781,1590477
2019-01-07,506.6666564941406,511.8333435058594,506.0,509.1666564941406,469.9859313964844,2384899
2019-01-08,509.0,510.0,498.6666564941406,501.4666748046875,462.87841796875,1472160
2019-01-09,505.3333435058594,511.3333435058594,502.29998779296875,509.8666687011719,470.632080078125,1559776
2019-01-10,510.5333251953125,520.0,510.0333251953125,515.4000244140625,475.7396545410156,3601815
2019-01-11,516.6666870117188,524.6666870117188,515.3333129882812,522.2999877929688,482.10858154296875,3904549
2019-01-14,522.6666870117188,522.6666870117188,511.26666259765625,513.5999755859375,474.07806396484375,2088177
2019-01-15,515.066650390625,521.4000244140625,514.6333618164062,517.2999877929688,477.49334716796875,2047294
2019-01-16,517.2999877929688,517.2999877929688,501.73333740234375,510.73333740234375,471.4320068359375,3876135
2019-01-17,511.76666259765625,515.7000122070312,507.8333435058594,512.7000122070312,473.2473449707031,2164326
2019-01-18,512.0,514.0,509.3333435058594,510.70001220703125,471.4012451171875,1379212
2019-01-21,510.0,515.2333374023438,504.1333312988281,512.7666625976562,473.30889892578125,1691152
2019-01-22,510.79998779296875,514.7000122070312,502.29998779296875,508.8666687011719,469.7090148925781,2125471
2019-01-23,509.3333435058594,521.433349609375,506.5666809082031,508.5666809082031,469.4320983886719,3505369
2019-01-24,510.0,511.5666809082031,495.29998779296875,498.23333740234375,459.8938903808594,3163807
2019-01-25,502.0,511.3999938964844,498.0,502.0666809082031,463.4322814941406,2655358
2019-01-28,503.3333435058594,509.3333435058594,496.0,506.70001220703125,467.7090759277344,1839426
2019-01-29,505.0,511.6333312988281,498.0333251953125,506.8666687011719,467.8629150390625,1701693
2019-01-30,508.73333740234375,513.3333129882812,503.5333251953125,511.5666809082031,472.20123291015625,1585777
2019-01-31,517.1333618164062,526.5999755859375,509.4666748046875,524.3333129882812,483.9854431152344,3449514
2019-02-01,533.1666870117188,533.1666870117188,510.9333190917969,519.9000244140625,479.8932800292969,4440582
2019-02-04,514.1666870117188,516.7000122070312,505.3333435058594,513.933349609375,474.3857727050781,1881016
2019-02-05,515.2333374023438,533.3333129882812,515.2333374023438,530.6333618164062,489.8007507324219,3774670
2019-02-06,534.6666870117188,540.0,530.8333129882812,536.8333129882812,495.5235595703125,5621341
2019-02-07,536.8333129882812,545.0,534.8666381835938,539.3333129882812,497.8311767578125,2501457
2019-02-08,536.3333129882812,544.5333251953125,533.7333374023438,541.4666748046875,499.80035400390625,2092582
2019-02-11,541.3333129882812,543.3333129882812,534.2999877929688,537.2333374023438,495.8928527832031,1739295
2019-02-12,538.0,541.6666870117188,527.7666625976562,530.7999877929688,489.9544982910156,3056557
2019-02-14,542.8666381835938,549.6666870117188,541.0999755859375,547.3666381835938,505.2463073730469,2615476
2019-02-15,546.0,547.3333129882812,537.4666748046875,545.566650390625,503.5848388671875,2801466
2019-02-18,546.1666870117188,553.3333129882812,537.3666381835938,547.9000244140625,505.7386779785156,2855346
2019-02-19,547.3333129882812,549.6333618164062,541.3333129882812,544.2999877929688,502.4156799316406,2227756
2019-02-20,546.2000122070312,552.6666870117188,542.5333251953125,548.5,506.2925109863281,2243914
2019-02-21,550.0,555.1333618164062,545.3333129882812,550.8333129882812,508.4461975097656,1567429
2019-02-22,550.5999755859375,553.2666625976562,546.2000122070312,551.566650390625,509.12310791015625,1242933
2019-02-25,552.0,567.933349609375,552.0,565.0999755859375,521.6150512695312,5528401
2019-02-26,561.5,571.8333129882812,558.3666381835938,570.0333251953125,526.1687622070312,3751057
2019-02-27,571.2333374023438,581.2666625976562,571.2333374023438,579.5333251953125,534.9378051757812,4709425
2019-02-28,584.6666870117188,587.7333374023438,574.7999877929688,585.066650390625,540.0453491210938,3728826
2019-03-01,584.066650390625,587.933349609375,578.7666625976562,579.8333129882812,535.2147216796875,2489419
2019-03-05,581.8666381835938,585.6666870117188,577.0333251953125,583.6666870117188,538.7530517578125,2047953
2019-03-06,586.0,589.7333374023438,577.7999877929688,584.9000244140625,539.8914794921875,3145128
2019-03-07,584.6666870117188,584.6666870117188,578.1666870117188,581.3666381835938,536.6300659179688,1957380
2019-03-08,580.8666381835938,590.0,575.7000122070312,587.8333129882812,542.5990600585938,2670367
2019-03-11,592.9666748046875,599.6333618164062,591.7333374023438,597.7999877929688,551.798828125,3862593
2019-03-12,600.0,604.5999755859375,595.7666625976562,598.8666381835938,552.7833862304688,3303049
2019-03-13,600.0,609.933349609375,594.6666870117188,607.4666748046875,560.7216796875,2410987
2019-03-14,607.4666748046875,610.8333129882812,600.2000122070312,602.5,556.1371459960938,2051482
2019-03-15,602.6666870117188,618.933349609375,601.5999755859375,615.6333618164062,568.2598876953125,3914647
2019-03-18,615.6666870117188,623.9666748046875,611.2000122070312,618.066650390625,570.5059814453125,1920841
2019-03-19,619.3333129882812,623.3333129882812,612.2333374023438,620.8666381835938,573.0905151367188,1699530
2019-03-20,620.0,626.5333251953125,618.066650390625,623.5999755859375,575.6134643554688,1350502
2019-03-22,622.5999755859375,627.3333129882812,618.1666870117188,623.2999877929688,575.3365478515625,2009527
2019-03-25,620.0,621.1333618164062,603.8666381835938,608.4666748046875,561.6446533203125,3463663
2019-03-26,607.0333251953125,611.5333251953125,594.066650390625,602.2000122070312,555.8602905273438,5470843
2019-03-27,602.2333374023438,607.9666748046875,596.3666381835938,601.2666625976562,554.9986572265625,3127998
2019-03-28,603.933349609375,623.9666748046875,597.5999755859375,619.3666381835938,571.7058715820312,3678943
2019-04-01,638.6666870117188,641.3333129882812,620.6666870117188,622.8666381835938,574.9365844726562,2154235
2019-04-02,626.6666870117188,626.6666870117188,610.3333129882812,618.066650390625,570.5059814453125,2910394
2019-04-03,618.6666870117188,624.5999755859375,612.5,616.1666870117188,568.752197265625,2421073
2019-04-04,613.7333374023438,623.5333251953125,600.6666870117188,621.0,573.2135620117188,3566650
2019-04-05,623.3333129882812,628.2666625976562,619.2000122070312,627.3333129882812,579.0595703125,1581183
2019-04-08,625.3333129882812,633.933349609375,622.433349609375,631.2000122070312,582.628662109375,2838687
2019-04-09,629.0,630.566650390625,620.0,629.7666625976562,581.3057250976562,1950130
2019-04-10,625.3333129882812,630.3333129882812,615.5999755859375,617.2999877929688,569.7982788085938,2310324
2019-04-11,617.2000122070312,620.4666748046875,612.1666870117188,615.0333251953125,567.7061157226562,2152191
2019-04-12,614.9666748046875,619.8333129882812,607.3333129882812,617.2000122070312,569.7059936523438,1726512
2019-04-15,618.0,621.2000122070312,611.2000122070312,619.8333129882812,572.1365966796875,951798
2019-04-16,623.3333129882812,626.4000244140625,617.0999755859375,622.5999755859375,574.6903686523438,1663135
2019-04-18,623.3666381835938,625.9666748046875,617.4000244140625,622.7000122070312,574.7828369140625,1373866
2019-04-22,620.7333374023438,628.2333374023438,615.2999877929688,624.8666381835938,576.78271484375,1472943
2019-04-23,624.8666381835938,630.0,619.7999877929688,628.5,580.1364135742188,2072107
2019-04-24,628.5,634.0,627.4000244140625,632.1333618164062,583.490234375,2331580
2019-04-25,633.6666870117188,649.2666625976562,630.6666870117188,643.4000244140625,593.8899536132812,5125930
2019-04-26,647.0333251953125,648.4666748046875,639.0333251953125,646.9000244140625,597.1204833984375,1881886
2019-04-30,646.9000244140625,650.1666870117188,639.7666625976562,646.0999755859375,596.3821411132812,2815422
2019-05-02,644.6666870117188,648.6666870117188,636.7000122070312,642.5999755859375,593.1513671875,1622932
2019-05-03,640.7999877929688,649.3333129882812,639.3666381835938,646.9000244140625,597.1204833984375,1927042
2019-05-06,643.8333129882812,643.8333129882812,625.7000122070312,633.2000122070312,584.4747924804688,4814233
2019-05-07,633.4000244140625,636.7000122070312,622.7000122070312,634.0999755859375,585.3054809570312,3169456
2019-05-08,635.3333129882812,645.5999755859375,630.2666625976562,641.0999755859375,591.7669067382812,3577144
2019-05-09,641.066650390625,641.066650390625,628.5333251953125,632.5999755859375,583.9208374023438,2804535
2019-05-10,634.0,641.9666748046875,631.3333129882812,639.3333129882812,590.1361694335938,1315174
2019-05-13,636.6666870117188,641.066650390625,632.0,635.433349609375,586.5361938476562,1290021
2019-05-14,635.4666748046875,638.7000122070312,625.7999877929688,636.7333374023438,587.7361450195312,1739086
2019-05-15,636.6666870117188,651.933349609375,636.5999755859375,646.3333129882812,596.5974731445312,3493476
2019-05-16,646.3333129882812,655.2999877929688,638.0999755859375,647.2333374023438,597.42822265625,3484113
2019-05-17,647.2333374023438,661.9666748046875,638.9000244140625,647.0999755859375,597.30517578125,6761281
2019-05-20,653.566650390625,682.0,643.566650390625,679.2333374023438,626.9658203125,4136778
2019-05-21,678.6666870117188,695.7333374023438,664.5333251953125,666.566650390625,615.2738647460938,3954751
2019-05-22,666.6666870117188,679.2999877929688,660.9000244140625,676.433349609375,624.3812255859375,2408680
2019-05-23,683.3333129882812,691.1333618164062,670.1666870117188,674.7999877929688,622.8736572265625,1766235
2019-05-24,676.6666870117188,682.933349609375,674.9666748046875,680.566650390625,628.1964721679688,1710969
2019-05-27,683.3333129882812,695.8333129882812,678.1666870117188,682.9666748046875,630.4119262695312,1762828
2019-05-28,682.0,693.3333129882812,674.5999755859375,677.0333251953125,629.6516723632812,3132475
2019-05-29,676.0,676.0,661.0,664.6666870117188,618.1504516601562,2464860
2019-05-30,661.5333251953125,675.8666381835938,658.1333618164062,670.566650390625,623.6376342773438,3646278
2019-05-31,670.6666870117188,677.6333618164062,661.6666870117188,665.9666748046875,619.3595581054688,2379486
2019-06-03,670.0,673.9000244140625,662.4000244140625,671.4000244140625,624.41259765625,1674882
2019-06-04,670.4000244140625,681.9000244140625,667.8333129882812,673.9666748046875,626.7996826171875,1706593
2019-06-06,676.0,678.6666870117188,664.566650390625,674.7999877929688,627.5746459960938,2405782
2019-06-07,676.6333618164062,681.9666748046875,669.8666381835938,679.6333618164062,632.0697021484375,1803933
2019-06-10,680.6666870117188,684.433349609375,669.0999755859375,677.5999755859375,630.1786499023438,2256337
2019-06-11,679.3333129882812,691.3333129882812,672.9666748046875,689.6666870117188,641.40087890625,2096656
2019-06-12,686.8333129882812,693.3333129882812,675.4666748046875,680.5,632.875732421875,1595478
2019-06-13,679.6666870117188,680.6666870117188,655.6666870117188,670.0,623.1106567382812,3813823
2019-06-14,670.0,676.3333129882812,664.2999877929688,670.6666870117188,623.730712890625,1566462
2019-06-17,671.6666870117188,675.8666381835938,660.6666870117188,663.2999877929688,616.8794555664062,2156566
2019-06-18,662.6666870117188,669.0,658.6666870117188,666.4666748046875,619.8245849609375,1687842
2019-06-19,668.6666870117188,670.566650390625,624.5999755859375,633.5333251953125,589.196044921875,3985851
2019-06-20,627.0333251953125,627.0333251953125,555.3333129882812,580.1666870117188,539.564208984375,19358599
2019-06-21,584.0,609.8333129882812,578.7666625976562,593.4000244140625,551.8714599609375,18670945
2019-06-24,602.2666625976562,627.7333374023438,596.7999877929688,624.3666381835938,580.6708374023438,9759534
2019-06-25,622.5999755859375,626.5333251953125,606.9666748046875,623.2999877929688,579.6788330078125,7711264
2019-06-26,620.6666870117188,642.5333251953125,614.7333374023438,638.9666748046875,594.2490844726562,5048098
2019-06-27,634.7666625976562,641.2000122070312,624.7666625976562,629.0,584.97998046875,7862520
2019-06-28,630.6666870117188,634.0,612.433349609375,624.9666748046875,581.2288818359375,4939270
2019-07-01,630.0,638.0,623.7000122070312,632.1333618164062,587.89404296875,6057955
2019-07-02,637.4000244140625,658.9000244140625,625.0499877929688,656.1500244140625,610.2299194335938,6615515
2019-07-03,658.5,662.6500244140625,648.0999755859375,651.7999877929688,606.1842651367188,2997163
2019-07-04,654.8499755859375,705.9500122070312,652.9000244140625,698.3499755859375,649.4765014648438,12488054
2019-07-05,706.9000244140625,709.0499877929688,660.7999877929688,665.7999877929688,619.20458984375,12058104
2019-07-08,669.9500122070312,673.5,653.0,662.0999755859375,615.7634887695312,4403598
2019-07-09,660.0,660.0,632.25,640.0499877929688,595.256591796875,7434335
2019-07-10,635.0,646.6500244140625,627.2999877929688,634.8499755859375,590.4205932617188,4906675
2019-07-11,641.0999755859375,649.0,629.0499877929688,631.25,587.072509765625,2705479
2019-07-12,632.0,646.9000244140625,627.0,630.0499877929688,585.9564819335938,4796783
2019-07-15,634.0,650.0,621.5,647.4000244140625,602.0923461914062,4505796
2019-07-16,642.5,645.75,630.3499755859375,641.9000244140625,596.9772338867188,3830334
2019-07-17,644.0,664.9500122070312,643.7000122070312,659.75,613.5779418945312,4855881
2019-07-18,658.0,670.9500122070312,647.4000244140625,654.75,608.9278564453125,4968435
2019-07-19,655.0999755859375,664.1500244140625,630.5,643.4500122070312,598.4186401367188,3836625
2019-07-22,647.0,647.0,634.6500244140625,638.8499755859375,594.1405639648438,2261563
2019-07-23,642.5999755859375,654.7999877929688,641.0,645.1500244140625,599.999755859375,2462809
2019-07-24,645.9500122070312,649.0,608.6500244140625,617.0499877929688,573.8662719726562,3341555
2019-07-25,618.0,624.4500122070312,601.4000244140625,604.3499755859375,562.0550537109375,4049926
2019-07-26,607.0,610.4500122070312,589.0,601.5499877929688,559.450927734375,6739394
2019-07-29,600.0,604.75,580.5,584.5499877929688,543.6406860351562,2606057
2019-07-30,589.3499755859375,593.25,568.9500122070312,573.7000122070312,533.5501708984375,3709631
2019-07-31,573.2000122070312,598.0999755859375,571.4000244140625,595.25,553.5919799804688,3530131
2019-08-01,574.9000244140625,592.9500122070312,560.5999755859375,576.7999877929688,536.43310546875,15112906
2019-08-02,578.0,579.0,567.75,573.5,533.364013671875,4635838
2019-08-05,568.2000122070312,568.9500122070312,535.4500122070312,540.9500122070312,503.092041015625,6014276
2019-08-06,537.9500122070312,552.9500122070312,533.0499877929688,549.3499755859375,510.9041748046875,4148711
2019-08-07,549.0,551.5,528.0,532.7999877929688,495.512451171875,3675109
2019-08-08,533.4000244140625,542.25,515.3499755859375,532.8499755859375,495.5588684082031,3881771
2019-08-09,534.25,550.0,529.2000122070312,533.4500122070312,496.116943359375,4917555
2019-08-13,532.0,542.75,497.8500061035156,503.1000061035156,467.8909606933594,4193917
2019-08-14,510.0,532.7000122070312,509.6499938964844,527.2000122070312,490.3043212890625,5344625
2019-08-16,526.9000244140625,553.25,522.0499877929688,549.0499877929688,510.6251220703125,8856958
2019-08-19,553.0,556.7999877929688,532.25,542.0499877929688,504.1150817871094,4932998
2019-08-20,540.0,545.0,535.0,539.9000244140625,502.1155700683594,3581202
2019-08-21,540.0,542.75,527.5,535.9000244140625,498.3954772949219,2780039
2019-08-22,535.0,552.6500244140625,507.8500061035156,518.0499877929688,481.7947082519531,6205902
2019-08-23,518.0,550.3499755859375,514.0499877929688,547.25,508.95111083984375,4297069
2019-08-26,551.0,560.7999877929688,537.0999755859375,549.7999877929688,511.3226623535156,3787015
2019-08-27,553.75,573.1500244140625,552.8499755859375,556.0,517.0888061523438,6063055
2019-08-28,559.0,571.5,546.1500244140625,557.0,518.018798828125,3747446
2019-08-29,558.0,562.6500244140625,550.2000122070312,558.3499755859375,519.2742919921875,2733962
2019-08-30,559.0,565.25,547.1500244140625,563.2000122070312,523.7848510742188,3216244
2019-09-03,559.9500122070312,570.4500122070312,549.0,553.3499755859375,514.6241455078125,3021248
2019-09-04,555.0,563.0,547.5499877929688,561.0499877929688,521.785400390625,2442694
2019-09-05,558.2999877929688,573.9000244140625,558.2999877929688,569.6500244140625,529.7835693359375,2437099
2019-09-06,573.75,573.75,563.0999755859375,567.9500122070312,528.2025146484375,2101090
2019-09-09,564.4000244140625,590.5999755859375,564.2999877929688,587.4500122070312,546.3377685546875,4813239
2019-09-11,585.0,590.5,575.5,577.7000122070312,537.2701416015625,5104552
2019-09-12,581.7999877929688,585.9000244140625,565.0999755859375,567.2999877929688,527.597900390625,2118984
2019-09-13,570.0,580.0,559.3499755859375,578.1500244140625,537.6885986328125,2636025
2019-09-16,570.0,575.0,561.0999755859375,564.0999755859375,524.6218872070312,2148620
2019-09-17,569.0999755859375,571.5,560.7999877929688,563.2999877929688,523.8779296875,2829239
2019-09-18,565.0,565.0,542.75,557.0499877929688,518.0653076171875,3855762
2019-09-19,555.5,566.4000244140625,549.2000122070312,562.0499877929688,522.7153930664062,1832868
2019-09-20,564.7000122070312,585.0,555.0499877929688,562.0999755859375,522.7618408203125,5023091
2019-09-23,568.9500122070312,596.4000244140625,564.5999755859375,580.8499755859375,540.1996459960938,3697264
2019-09-24,580.8499755859375,584.6500244140625,572.2000122070312,579.4000244140625,538.85107421875,2552214
2019-09-25,575.2999877929688,578.9000244140625,572.0,576.75,536.3865966796875,1911916
2019-09-26,576.7999877929688,595.0,576.0,583.5999755859375,542.7572021484375,3330782
2019-09-27,584.5,588.1500244140625,573.5,582.0499877929688,541.315673828125,1561920
2019-09-30,582.0,607.7999877929688,578.0499877929688,603.9500122070312,561.68310546875,3914781
2019-10-01,609.9500122070312,614.3499755859375,584.5,594.9500122070312,553.3129272460938,4548803
2019-10-03,590.0,598.5,572.25,594.4000244140625,552.8013916015625,1610688
2019-10-04,598.9000244140625,604.9500122070312,580.3499755859375,582.5499877929688,541.7807006835938,3019366
2019-10-07,583.0,592.6500244140625,576.5,581.0499877929688,540.3856811523438,1808468
2019-10-09,581.0,584.5999755859375,573.75,581.7000122070312,540.990234375,1743937
2019-10-10,578.0,588.7999877929688,574.7000122070312,583.4500122070312,542.61767578125,1789997
2019-10-11,584.2000122070312,593.2000122070312,581.0,589.8499755859375,548.5698852539062,1710191
2019-10-14,583.0,589.6500244140625,568.0999755859375,586.6500244140625,545.5938110351562,3373152
2019-10-15,585.0,591.0,580.7999877929688,583.0999755859375,542.2921752929688,2213363
2019-10-16,586.7999877929688,592.0,580.0,588.75,547.5468139648438,1733497
2019-10-17,585.0,593.7000122070312,580.3499755859375,591.9500122070312,550.5228271484375,2290127
2019-10-18,591.0,603.5,588.5,599.0,557.0795288085938,2426210
2019-10-22,599.0,603.9000244140625,592.9500122070312,597.0,555.2194213867188,2264692
2019-10-23,598.2999877929688,600.9000244140625,591.0999755859375,597.0,555.2194213867188,1544878
2019-10-24,600.0,606.5,595.0999755859375,597.7000122070312,555.8704223632812,2250928
2019-10-25,601.4500122070312,601.9500122070312,589.9000244140625,594.5999755859375,552.9873046875,2174674
2019-10-27,595.0,598.4500122070312,592.0,596.0999755859375,554.3823852539062,109875
2019-10-29,596.0,600.0,591.5,594.9000244140625,553.2665405273438,1791840
2019-10-30,599.7999877929688,599.7999877929688,580.0999755859375,584.1500244140625,543.2687377929688,2393149
2019-10-31,586.0,599.0,578.0999755859375,596.4500122070312,554.7079467773438,2419308
2019-11-01,599.5499877929688,600.7999877929688,586.0,588.5499877929688,547.3607788085938,1393105
2019-11-04,590.0,600.9500122070312,587.2000122070312,594.25,552.661865234375,1912912
2019-11-05,596.4500122070312,617.75,590.0,605.6500244140625,563.2640380859375,5995240
2019-11-06,611.0,615.0,603.8499755859375,606.5999755859375,564.1475219726562,2513814
2019-11-07,612.0,612.0,557.0999755859375,577.7000122070312,537.2701416015625,4504826
2019-11-08,563.5999755859375,574.5,552.5499877929688,555.8499755859375,516.94921875,8050823
2019-11-11,555.0,561.0,541.25,548.8499755859375,510.43914794921875,3188430
2019-11-13,551.0,553.75,538.5,541.2999877929688,503.4175720214844,2509847
2019-11-14,541.5499877929688,544.2000122070312,531.0999755859375,535.5499877929688,498.0699462890625,2412598
2019-11-15,539.0,541.75,518.3499755859375,530.2999877929688,493.1873474121094,4164016
2019-11-18,530.1500244140625,551.4500122070312,527.5,549.0,510.57867431640625,5257399
2019-11-19,551.0,556.75,538.0999755859375,551.25,512.6712036132812,4602774
2019-11-20,552.9000244140625,556.5,546.4000244140625,552.8499755859375,514.1591796875,1835821
2019-11-21,553.2000122070312,559.7999877929688,542.0,544.7999877929688,506.6726379394531,2177445
2019-11-22,541.0,542.5,530.5,533.5,496.1634826660156,2553689
2019-11-25,534.0,547.75,534.0,544.5,506.3936767578125,2853307
2019-11-26,543.5999755859375,551.9000244140625,538.5499877929688,541.7000122070312,503.78961181640625,4319616
2019-11-27,544.2000122070312,554.9000244140625,544.2000122070312,551.8499755859375,513.229248046875,3722294
2019-11-28,554.7999877929688,582.7999877929688,554.0499877929688,579.9000244140625,539.316162109375,7529348
2019-11-29,577.25,582.7999877929688,571.4000244140625,573.25,533.1316528320312,1835816
2019-12-02,582.9500122070312,582.9500122070312,566.0499877929688,570.25,530.3414306640625,2224559
2019-12-03,570.2000122070312,573.4500122070312,562.4000244140625,569.5,529.64404296875,2108231
2019-12-04,568.9000244140625,574.7999877929688,562.4500122070312,570.25,530.3414306640625,2149586
2019-12-05,571.9500122070312,574.7999877929688,565.0,568.5499877929688,528.7604370117188,1408785
2019-12-06,570.9000244140625,570.9000244140625,558.1500244140625,561.7000122070312,522.389892578125,2316037
2019-12-09,565.0,574.5,560.4000244140625,563.5499877929688,524.1103515625,1815303
2019-12-10,565.2999877929688,572.7000122070312,553.5999755859375,557.75,518.7163696289062,2347290
2019-12-11,557.0,563.75,551.7000122070312,561.0499877929688,521.785400390625,1706296
2019-12-12,562.5499877929688,581.0,561.0999755859375,569.9500122070312,530.0625610351562,3672353
2019-12-13,573.4500122070312,578.0999755859375,563.5,565.0,525.458984375,1888212
2019-12-16,572.0,573.4000244140625,562.0999755859375,563.7000122070312,524.2498779296875,1875145
2019-12-17,564.0499877929688,568.2000122070312,556.0,564.0999755859375,524.6218872070312,1794161
2019-12-18,565.5,571.7999877929688,559.3499755859375,566.25,526.6214599609375,1833572
2019-12-19,565.5999755859375,573.0,561.5999755859375,562.75,523.3663940429688,1381005
2019-12-20,566.0,580.9000244140625,559.0999755859375,578.1500244140625,537.6885986328125,2631973
2019-12-23,579.9500122070312,596.2000122070312,573.8499755859375,577.6500244140625,537.2236938476562,5469024
2019-12-24,577.6500244140625,582.4500122070312,567.2999877929688,569.1500244140625,529.3184814453125,2277180
2019-12-26,572.7000122070312,577.0,566.25,569.4500122070312,529.5974731445312,2179063
2019-12-27,572.3499755859375,581.8499755859375,568.6500244140625,580.25,539.6417236328125,1748259
2019-12-30,582.9500122070312,592.0,578.4500122070312,589.3499755859375,548.1048583984375,1557550
2019-12-31,590.2000122070312,591.7000122070312,583.0,584.5,543.59423828125,1374096
2020-01-01,585.0,589.5,580.7000122070312,588.25,547.081787109375,720807
2020-01-02,589.5,597.2000122070312,584.2000122070312,595.4500122070312,553.7779541015625,1388201
2020-01-03,591.5,594.2000122070312,587.2999877929688,590.75,549.4067993164062,1063950
2020-01-06,589.0,589.0,579.0,584.9500122070312,544.0127563476562,1218216
2020-01-07,584.9500122070312,604.0,583.0499877929688,595.0499877929688,553.4058837890625,4247207
2020-01-08,585.75,603.0,584.5999755859375,600.8499755859375,558.800048828125,2090846
2020-01-09,602.0,614.9000244140625,598.25,604.5499877929688,562.2410278320312,2795225
2020-01-10,607.0,608.5,595.0499877929688,600.2999877929688,558.28857421875,1921690
2020-01-13,604.0,605.75,590.0,591.9500122070312,550.5228271484375,2174995
2020-01-14,593.2000122070312,594.9000244140625,579.2000122070312,583.5499877929688,542.7106323242188,2911749
2020-01-15,584.0,589.5,573.7999877929688,585.7999877929688,544.8032836914062,3419279
2020-01-16,587.0999755859375,591.7999877929688,582.0999755859375,588.0999755859375,546.9422607421875,1705322
2020-01-17,589.9500122070312,597.3499755859375,585.9000244140625,589.25,548.0118408203125,1813763
2020-01-20,590.0,590.8499755859375,580.5499877929688,584.5999755859375,543.687255859375,2425877
2020-01-21,582.7999877929688,582.7999877929688,572.2000122070312,577.7000122070312,537.2701416015625,4789489
2020-01-22,582.8499755859375,582.8499755859375,553.4000244140625,562.9500122070312,523.5524291992188,7453773
2020-01-23,560.0,564.5499877929688,540.2999877929688,542.2000122070312,504.25457763671875,4533870
2020-01-24,541.0,564.5,541.0,543.2999877929688,505.277587890625,8132638
2020-01-27,545.4000244140625,550.0999755859375,535.0,537.25,499.6510314941406,4285510
2020-01-28,538.25,548.0,533.2000122070312,536.9500122070312,499.3719177246094,4042406
2020-01-29,543.9000244140625,545.9000244140625,537.0499877929688,542.1500244140625,504.2081298828125,2182366
2020-01-30,541.9500122070312,551.3499755859375,539.0999755859375,544.1500244140625,506.0680847167969,3514667
2020-01-31,547.4500122070312,549.0,525.0,526.5499877929688,489.6998291015625,4340034
2020-02-03,506.75,517.5,505.0,513.2999877929688,477.37713623046875,3012267
2020-02-04,516.9500122070312,525.9500122070312,515.0,522.5999755859375,486.0262756347656,2253175
2020-02-05,525.0999755859375,542.2999877929688,521.5499877929688,537.4500122070312,499.83697509765625,3105094
2020-02-06,537.0499877929688,545.2000122070312,533.5999755859375,536.8499755859375,499.2789306640625,2052126
2020-02-07,539.0,555.4500122070312,538.2999877929688,543.0999755859375,505.0915832519531,5702296
2020-02-10,570.2999877929688,579.5999755859375,555.7000122070312,574.0999755859375,533.9219970703125,15352223
2020-02-11,574.4000244140625,584.7999877929688,569.9000244140625,576.6500244140625,536.2935791015625,5097454
2020-02-12,578.4500122070312,583.0,570.4500122070312,573.9000244140625,533.736083984375,3277025
2020-02-13,572.0,582.9000244140625,562.9000244140625,578.75,538.2467041015625,2902199
2020-02-14,579.5999755859375,601.4000244140625,578.0999755859375,591.6500244140625,550.243896484375,6213486
2020-02-17,593.0,599.7999877929688,591.1500244140625,595.0,553.359375,2418399
2020-02-18,592.0,592.0,574.0,585.2000122070312,544.2453002929688,2972328
2020-02-19,589.9000244140625,593.8499755859375,581.2999877929688,585.2000122070312,544.2453002929688,2843587
2020-02-20,586.0,596.25,580.7000122070312,584.3499755859375,543.454833984375,1802988
2020-02-24,586.9500122070312,590.75,570.0999755859375,573.25,533.1316528320312,1975289
2020-02-25,573.2999877929688,577.6500244140625,562.0999755859375,566.3499755859375,526.7144165039062,2912488
2020-02-26,565.7999877929688,569.7999877929688,556.0,563.0,523.5989379882812,2885119
2020-02-27,561.5499877929688,561.5499877929688,548.8499755859375,550.8499755859375,512.2991943359375,1668088
2020-02-28,543.0,546.5999755859375,514.0,519.7000122070312,483.3292236328125,2974535
2020-03-02,527.0,541.5999755859375,509.6000061035156,514.3499755859375,478.35357666015625,1907596
2020-03-03,519.9000244140625,526.6500244140625,512.5499877929688,521.5499877929688,485.0497131347656,2499968
2020-03-04,525.0,533.5999755859375,498.1000061035156,511.6000061035156,475.7961120605469,4037644
2020-03-05,518.9000244140625,529.0,513.0,516.0499877929688,479.9346618652344,2794208
2020-03-06,499.0,516.8499755859375,491.3500061035156,513.5999755859375,477.6560974121094,3567046
2020-03-09,504.6499938964844,519.9000244140625,494.6499938964844,513.0,477.0981750488281,4467786
2020-03-11,498.54998779296875,523.4500122070312,497.6000061035156,516.9500122070312,480.7716979980469,5659070
2020-03-12,504.54998779296875,520.4000244140625,434.79998779296875,443.6000061035156,412.5550537109375,8132990
2020-03-13,428.0,438.0,377.1000061035156,410.8500061035156,382.09698486328125,9711669
2020-03-16,392.29998779296875,394.95001220703125,373.5,376.79998779296875,350.429931640625,5282490
2020-03-17,370.0,379.95001220703125,343.1000061035156,350.8500061035156,326.2960205078125,9227845
2020-03-18,360.0,363.95001220703125,314.6000061035156,321.8500061035156,299.3255920410156,5545759
2020-03-19,301.20001220703125,313.29998779296875,293.0,296.75,275.982177734375,7227403
2020-03-20,294.0,320.6499938964844,287.0,300.1499938964844,279.144287109375,7465285
2020-03-23,270.1499938964844,283.0,240.14999389648438,254.60000610351562,236.7820281982422,3029255
2020-03-24,265.5,277.0,249.5,262.04998779296875,243.71063232421875,4168341
2020-03-25,257.0,301.3500061035156,252.0,292.79998779296875,272.30859375,3838980
2020-03-26,298.0,330.79998779296875,290.20001220703125,312.54998779296875,290.67645263671875,5887818
2020-03-27,327.6000061035156,336.0,315.29998779296875,322.20001220703125,299.6510925292969,4833123
2020-03-30,317.20001220703125,317.20001220703125,293.70001220703125,308.45001220703125,286.86334228515625,3121310
2020-03-31,315.45001220703125,331.75,309.25,326.5,303.65020751953125,2779879
2020-04-01,328.5,328.5,303.0,305.75,284.3523254394531,2681565
2020-04-03,306.1499938964844,307.5,295.0,298.1000061035156,277.23773193359375,3265474
2020-04-07,311.0,326.0,307.1499938964844,323.6499938964844,300.9996032714844,3624533
2020-04-08,320.0,337.5,316.45001220703125,320.20001220703125,297.79107666015625,4632236
2020-04-09,330.0,332.3999938964844,312.75,319.0,296.675048828125,4690937
2020-04-13,321.0,334.20001220703125,316.5,324.95001220703125,302.2086486816406,4850246
2020-04-15,329.95001220703125,381.75,329.8999938964844,350.54998779296875,326.0169982910156,22250797
2020-04-16,356.0,369.0,356.0,363.20001220703125,337.78173828125,10132539
2020-04-17,376.54998779296875,379.0,358.25,363.29998779296875,337.874755859375,5328193
2020-04-20,369.79998779296875,369.79998779296875,352.79998779296875,354.75,329.9231262207031,4741085
2020-04-21,348.70001220703125,352.8999938964844,343.04998779296875,345.95001220703125,321.7389831542969,2817261
2020-04-22,345.0,359.0,336.20001220703125,353.6499938964844,328.90008544921875,4105520
2020-04-23,359.8999938964844,366.3999938964844,345.70001220703125,348.8999938964844,324.4825439453125,5687657
2020-04-24,345.0,347.6000061035156,334.20001220703125,335.8500061035156,312.3458251953125,2736041
2020-04-27,343.3999938964844,355.70001220703125,340.5,349.3500061035156,324.90106201171875,4557197
2020-04-28,361.95001220703125,369.95001220703125,357.04998779296875,360.5,335.27069091796875,7805452
2020-04-29,363.95001220703125,364.3999938964844,354.3500061035156,360.6000061035156,335.36370849609375,2823791
2020-04-30,367.25,429.3500061035156,364.04998779296875,420.04998779296875,390.65313720703125,18223977
2020-05-04,394.8500061035156,419.5,381.3500061035156,385.3999938964844,358.4280700683594,10395293
2020-05-05,395.0,408.0,385.0,387.04998779296875,359.962646484375,11636689
2020-05-06,392.95001220703125,392.95001220703125,373.0,379.0,352.47601318359375,7610739
2020-05-07,378.0,383.8999938964844,366.29998779296875,368.3999938964844,342.61785888671875,4313383
2020-05-08,373.45001220703125,375.79998779296875,363.0,364.6000061035156,339.08380126953125,3281665
2020-05-11,367.0,378.6000061035156,366.5,368.1000061035156,342.3388977050781,3903903
2020-05-12,368.5,382.45001220703125,363.8999938964844,374.54998779296875,348.33740234375,9371378
2020-05-13,398.20001220703125,398.79998779296875,380.6000061035156,389.6499938964844,362.3806457519531,7474549
2020-05-14,386.5,396.0,376.1000061035156,391.8500061035156,364.4267272949219,7302564
2020-05-15,393.70001220703125,393.70001220703125,377.45001220703125,378.8999938964844,352.38299560546875,3690162
2020-05-18,381.3999938964844,384.70001220703125,365.3999938964844,375.79998779296875,349.4999084472656,5496838
2020-05-19,380.6499938964844,380.6499938964844,338.25,339.6499938964844,315.8798522949219,18772182
2020-05-20,339.04998779296875,358.6000061035156,336.0,356.54998779296875,331.5971374511719,16718256
2020-05-21,359.6499938964844,370.0,356.3500061035156,366.79998779296875,341.1297302246094,10088405
2020-05-22,366.75,373.8999938964844,362.70001220703125,371.1499938964844,345.1753845214844,8545206
2020-05-26,376.95001220703125,386.45001220703125,365.6499938964844,367.04998779296875,341.3622741699219,14906268
2020-05-27,370.5,390.0,367.04998779296875,387.79998779296875,360.66015625,15176090
2020-05-28,394.20001220703125,398.8999938964844,388.20001220703125,391.1000061035156,363.72918701171875,9297617
2020-05-29,392.54998779296875,419.75,388.3999938964844,405.8500061035156,377.4469299316406,22299690
2020-06-01,411.0,423.0,410.75,419.29998779296875,389.95562744140625,7782162
2020-06-02,420.1000061035156,428.95001220703125,414.70001220703125,424.70001220703125,394.9777526855469,6847511
2020-06-03,428.95001220703125,433.79998779296875,417.0,419.1000061035156,389.7696533203125,7203375
2020-06-04,419.8999938964844,432.95001220703125,418.0,422.04998779296875,392.5131530761719,5729522
2020-06-05,425.25,445.95001220703125,423.54998779296875,439.3999938964844,408.64892578125,12315930
2020-06-08,449.0,449.70001220703125,433.5,436.79998779296875,406.2308654785156,4520947
2020-06-09,443.95001220703125,445.0,428.1499938964844,430.6000061035156,400.46478271484375,4047481
2020-06-10,432.1000061035156,435.54998779296875,421.0,425.0,395.2567443847656,4333713
2020-06-11,430.70001220703125,434.25,415.45001220703125,417.45001220703125,388.235107421875,3873603
2020-06-12,402.0,415.20001220703125,400.04998779296875,411.6499938964844,382.8409729003906,4994437
2020-06-15,405.6499938964844,411.0,398.04998779296875,405.0,376.6564025878906,4693720
2020-06-16,416.0,429.3999938964844,410.0,414.25,385.259033203125,10359268
2020-06-17,419.79998779296875,424.0,409.0,420.79998779296875,391.35064697265625,6081250
2020-06-18,422.8500061035156,431.8999938964844,422.3999938964844,427.8999938964844,397.9537353515625,5639475
2020-06-19,427.95001220703125,439.54998779296875,427.5,436.8999938964844,406.32391357421875,6059311
2020-06-22,436.95001220703125,448.3999938964844,432.1000061035156,446.20001220703125,414.9730529785156,4989998
2020-06-23,453.0,469.1000061035156,452.75,463.1000061035156,430.6902770996094,7872909
2020-06-24,466.8500061035156,470.0,441.0,444.95001220703125,413.810546875,3907871
2020-06-25,438.1499938964844,454.70001220703125,437.45001220703125,442.8999938964844,411.9039611816406,3982270
2020-06-26,450.0,450.8500061035156,438.6499938964844,440.25,409.4394226074219,2128146
2020-06-29,440.0,440.25,429.1499938964844,431.8999938964844,401.673828125,2317342
2020-06-30,435.0,446.45001220703125,422.0,425.20001220703125,395.4427185058594,5184094
2020-07-01,430.8999938964844,449.0,429.0,446.95001220703125,415.6705627441406,8180122
2020-07-02,451.3500061035156,453.75,440.3500061035156,442.45001220703125,411.4855041503906,3806615
2020-07-03,445.20001220703125,452.95001220703125,442.3999938964844,444.20001220703125,413.1130065917969,3812085
2020-07-06,447.0,460.3999938964844,446.29998779296875,456.6000061035156,424.645263671875,4256802
2020-07-07,457.8999938964844,457.8999938964844,448.1000061035156,450.95001220703125,419.3906555175781,3664371
2020-07-08,459.8500061035156,464.0,441.25,444.0,412.9270324707031,8686804
2020-07-09,447.0,447.8999938964844,437.1499938964844,442.54998779296875,411.5784912109375,5160583
2020-07-10,444.0,452.0,433.5,436.5,405.951904296875,5805444
2020-07-13,440.0,444.95001220703125,435.5,439.20001220703125,408.46295166015625,2480373
2020-07-14,439.95001220703125,444.5,429.1000061035156,437.5,406.88189697265625,4214233
2020-07-15,441.75,442.8500061035156,430.45001220703125,437.54998779296875,406.9284362792969,4334472
2020-07-16,440.54998779296875,441.75,423.54998779296875,433.45001220703125,403.1153869628906,4189313
2020-07-17,435.0,442.3500061035156,433.0,436.45001220703125,405.9054260253906,3644124
2020-07-20,440.0,456.0,439.29998779296875,453.6499938964844,421.90167236328125,9435204
2020-07-21,457.29998779296875,462.79998779296875,450.3500061035156,458.3999938964844,426.31927490234375,6154181
2020-07-22,460.0,464.5,447.70001220703125,460.25,428.039794921875,4431710
2020-07-23,461.0,478.0,459.0,462.75,430.36480712890625,9426775
2020-07-24,461.0,461.0,444.1000061035156,454.1499938964844,422.3666687011719,4058564
2020-07-27,455.79998779296875,457.0,440.25,445.79998779296875,414.60107421875,2974232
2020-07-28,446.3999938964844,451.95001220703125,441.5,448.95001220703125,417.53057861328125,4626424
2020-07-29,449.5,464.1000061035156,449.04998779296875,461.75,429.434814453125,7119586
2020-07-30,464.95001220703125,471.5,461.45001220703125,464.6000061035156,432.0853576660156,6219364
2020-07-31,467.8500061035156,486.0,460.25,478.1499938964844,444.68707275390625,11062522
2020-08-03,484.0,484.8999938964844,445.20001220703125,452.1499938964844,420.50665283203125,14443397
2020-08-04,455.8500061035156,464.3500061035156,454.0,461.70001220703125,429.3882751464844,6194269
2020-08-05,462.0,467.70001220703125,452.29998779296875,453.6000061035156,421.8551940917969,4735993
2020-08-06,452.5,466.5,451.6000061035156,463.8999938964844,431.4343566894531,4177541
2020-08-07,465.5,484.8999938964844,465.5,480.29998779296875,446.68658447265625,10013531
2020-08-10,483.8500061035156,496.5,478.45001220703125,494.29998779296875,459.706787109375,7603877
2020-08-11,496.5,496.6499938964844,480.0,481.8999938964844,448.17462158203125,4360559
2020-08-12,481.25,489.0,471.04998779296875,487.1499938964844,453.0571594238281,4332473
2020-08-13,487.29998779296875,499.8999938964844,487.29998779296875,489.1499938964844,454.9172058105469,4549072
2020-08-14,494.6000061035156,496.8999938964844,480.8500061035156,485.6499938964844,451.66217041015625,2431513
2020-08-17,489.5,494.70001220703125,487.75,492.3500061035156,457.8932800292969,2230102
2020-08-18,492.20001220703125,508.95001220703125,491.8500061035156,500.1499938964844,465.1473693847656,8890454
2020-08-19,499.8999938964844,507.1499938964844,492.5,499.3999938964844,469.85675048828125,5405921
2020-08-20,494.8500061035156,498.75,487.25,491.8999938964844,462.8004455566406,3081595
2020-08-21,496.5,504.04998779296875,491.0,493.3999938964844,464.2117004394531,3426420
2020-08-24,496.0,504.75,496.0,497.3999938964844,467.9750061035156,4042101
2020-08-25,499.04998779296875,500.54998779296875,490.20001220703125,492.1000061035156,462.9886169433594,3431181
2020-08-26,492.95001220703125,496.6000061035156,488.3500061035156,493.54998779296875,464.35284423828125,2839616
2020-08-27,493.04998779296875,500.0,492.5,496.75,467.363525390625,2426413
2020-08-28,500.0,521.0999755859375,498.29998779296875,519.25,488.5325012207031,9809902
2020-08-31,524.0,534.9000244140625,501.0,505.95001220703125,476.0192565917969,10825186
2020-09-01,505.0,510.0,491.25,505.04998779296875,475.1725158691406,3980634
2020-09-02,505.0,506.0,492.70001220703125,500.8500061035156,471.2209777832031,4153159
2020-09-03,505.79998779296875,526.75,504.25,521.8499755859375,490.9786376953125,8589174
2020-09-04,514.75,517.8499755859375,504.54998779296875,508.45001220703125,478.3713684082031,3768829
2020-09-07,509.5,510.45001220703125,490.79998779296875,494.45001220703125,465.1996154785156,5255102
2020-09-08,497.6499938964844,503.3999938964844,485.0,487.0,458.1903076171875,4844522
2020-09-09,482.0,498.3999938964844,467.04998779296875,494.54998779296875,465.2936706542969,6078535
2020-09-10,497.8999938964844,497.8999938964844,485.0,491.0,461.9537048339844,4004621
2020-09-11,492.6000061035156,501.0,488.1000061035156,499.0,469.4804382324219,3410700
2020-09-14,507.95001220703125,519.7999877929688,502.0,515.9000244140625,485.3806457519531,5861874
2020-09-15,518.25,532.25,516.0499877929688,529.7000122070312,498.3642272949219,6222387
2020-09-16,530.0499877929688,533.25,521.9500122070312,528.5,497.2352294921875,3961765
2020-09-17,524.9500122070312,537.0,520.2999877929688,530.5499877929688,499.1639404296875,4036494
2020-09-18,530.9000244140625,540.0,529.0499877929688,537.2999877929688,505.5146484375,3868205
2020-09-21,537.0,546.5,521.8499755859375,532.2000122070312,500.71636962890625,4907451
2020-09-22,532.2000122070312,537.9000244140625,512.3499755859375,529.1500244140625,497.8468322753906,4623271
2020-09-23,530.0,534.9000244140625,519.8499755859375,532.4000244140625,500.90460205078125,3647937
2020-09-24,525.4500122070312,525.4500122070312,502.20001220703125,505.1499938964844,475.2666015625,4119459
2020-09-25,508.95001220703125,513.7999877929688,500.75,504.6499938964844,474.7961730957031,4857500
2020-09-28,506.3999938964844,517.75,506.0,509.79998779296875,479.6415100097656,3786837
2020-09-29,514.5,514.5,490.6000061035156,493.1000061035156,463.929443359375,5023517
2020-09-30,494.0,506.0,491.54998779296875,502.8999938964844,473.1496887207031,4501371
2020-10-01,508.0,512.7000122070312,503.29998779296875,505.6499938964844,475.7370300292969,2462815
2020-10-05,509.5,510.1499938964844,502.1000061035156,507.1000061035156,477.10125732421875,2533219
2020-10-06,511.45001220703125,519.0,508.25,509.54998779296875,479.4063415527344,3662177
2020-10-07,511.45001220703125,524.9000244140625,507.3999938964844,510.8500061035156,480.6294250488281,4997502
2020-10-08,513.9500122070312,519.8499755859375,506.5,509.3999938964844,479.2651672363281,2814293
2020-10-09,510.3999938964844,513.2000122070312,495.8999938964844,497.29998779296875,467.8809509277344,3712048
2020-10-12,499.8999938964844,508.29998779296875,493.1499938964844,507.1000061035156,477.10125732421875,3332184
2020-10-13,507.79998779296875,515.5499877929688,504.1000061035156,506.5,476.5367431640625,3992135
2020-10-14,501.3500061035156,513.0,495.29998779296875,510.8999938964844,480.6764221191406,3424208
2020-10-15,510.0,520.0,502.8999938964844,506.54998779296875,476.5837707519531,4927083
2020-10-16,490.0,490.0,458.25,466.95001220703125,439.326416015625,22982744
2020-10-19,474.79998779296875,474.79998779296875,447.5,463.45001220703125,436.03350830078125,13195978
2020-10-20,464.0,467.70001220703125,453.95001220703125,455.95001220703125,428.9771728515625,7254934
2020-10-21,459.8999938964844,463.5,446.75,454.20001220703125,427.3306884765625,6312534
2020-10-22,452.79998779296875,458.20001220703125,450.20001220703125,454.5,427.6129150390625,4495403
2020-10-23,458.5,458.5,450.0,450.95001220703125,424.27294921875,3682002
2020-10-26,454.95001220703125,454.95001220703125,431.5,433.3999938964844,407.7611389160156,6279910
2020-10-27,435.0,441.3999938964844,429.3500061035156,438.54998779296875,412.6064758300781,4881972
2020-10-28,440.3500061035156,454.5,437.5,450.75,424.0847473144531,7235494
2020-10-29,447.3999938964844,455.6000061035156,444.25,450.25,423.6143798828125,4598075
2020-10-30,451.8999938964844,457.5,446.45001220703125,453.25,426.4368591308594,3684166
2020-11-02,465.0,465.0,431.6499938964844,445.3500061035156,419.00421142578125,10356782
2020-11-03,444.3999938964844,449.5,414.0,417.04998779296875,392.37835693359375,16512536
2020-11-04,415.70001220703125,415.70001220703125,399.0,401.3500061035156,377.6071472167969,19363947
2020-11-05,407.95001220703125,419.6000061035156,405.1499938964844,418.3999938964844,393.64849853515625,11470585
2020-11-06,421.45001220703125,428.0,417.79998779296875,422.3999938964844,397.411865234375,7614066
2020-11-09,426.6000061035156,431.0,424.1499938964844,426.75,401.5045471191406,4271081
2020-11-10,430.1000061035156,438.5,426.54998779296875,432.79998779296875,407.1966552734375,6424909
2020-11-11,429.0,442.95001220703125,429.0,435.70001220703125,409.9250793457031,7504886
2020-11-12,436.79998779296875,437.79998779296875,425.1000061035156,429.6000061035156,404.1859436035156,5511536
2020-11-13,429.0,431.1000061035156,423.0,425.3500061035156,400.1873779296875,4644051
2020-11-14,431.1499938964844,431.1499938964844,428.0,429.25,403.85662841796875,643619
2020-11-17,431.3999938964844,434.5,428.25,429.6499938964844,404.23297119140625,5929010
2020-11-18,430.0,430.0,424.04998779296875,426.29998779296875,401.0811462402344,4415523
2020-11-19,425.8999938964844,425.8999938964844,415.04998779296875,416.5,391.86090087890625,6331928
2020-11-20,416.5,422.3999938964844,406.54998779296875,420.3999938964844,395.5301818847656,12763134
2020-11-23,423.0,429.5,421.3500061035156,426.45001220703125,401.2223205566406,5172468
2020-11-24,428.0,431.5,426.45001220703125,427.45001220703125,402.1631164550781,4538696
2020-11-25,428.79998779296875,430.1499938964844,417.6000061035156,418.6000061035156,393.836669921875,4753592
2020-11-26,418.6000061035156,422.29998779296875,414.1499938964844,420.54998779296875,395.6712951660156,3896795
2020-11-27,421.20001220703125,425.5,416.29998779296875,417.70001220703125,392.9899597167969,7024437
2020-12-01,420.0,434.20001220703125,418.0,433.04998779296875,407.4318542480469,14928450
2020-12-02,442.75,447.0,437.45001220703125,441.95001220703125,415.8053283691406,14187495
2020-12-03,446.75,458.8999938964844,437.5,454.75,427.8481140136719,13251977
2020-12-04,458.95001220703125,463.0,452.5,455.70001220703125,428.741943359375,7719922
2020-12-07,455.0,478.20001220703125,453.54998779296875,475.95001220703125,447.79400634765625,11443788
2020-12-08,481.25,488.5,469.45001220703125,472.79998779296875,444.830322265625,15624166
2020-12-09,475.1000061035156,495.0,475.1000061035156,492.6000061035156,463.45904541015625,13836059
2020-12-10,478.0,479.0,416.1000061035156,438.45001220703125,412.5124206542969,87279054
2020-12-11,456.0,456.8500061035156,429.20001220703125,435.0,409.2665100097656,50283569
2020-12-14,433.0,443.8999938964844,431.79998779296875,442.1499938964844,415.99346923828125,14595495
2020-12-15,443.25,449.79998779296875,437.0,448.79998779296875,422.2501220703125,9187569
2020-12-16,453.8500061035156,461.5,451.5,459.6499938964844,432.458251953125,11503251
2020-12-17,461.45001220703125,466.3999938964844,453.20001220703125,455.3999938964844,428.45965576171875,7362825
2020-12-18,456.0,462.0,454.0,460.29998779296875,433.06976318359375,5402464
2020-12-21,460.0,460.75,417.0,437.29998779296875,411.430419921875,7376210
2020-12-22,437.29998779296875,445.79998779296875,425.54998779296875,444.6499938964844,418.3456115722656,7910320
2020-12-23,444.5,452.70001220703125,438.29998779296875,451.95001220703125,425.2137451171875,3488991
2020-12-24,454.8999938964844,456.6000061035156,448.0,449.3999938964844,422.81463623046875,4384445
2020-12-28,452.04998779296875,457.5,451.04998779296875,453.3999938964844,426.57794189453125,3146922
2020-12-29,454.5,459.0,445.3999938964844,454.70001220703125,427.8011169433594,3781566
2020-12-30,464.0,472.3999938964844,461.25,467.1000061035156,439.467529296875,21753642
2020-12-31,467.70001220703125,468.5,461.20001220703125,466.3500061035156,438.7618713378906,5429481
2021-01-01,469.8999938964844,476.6000061035156,466.8500061035156,469.29998779296875,441.5373840332031,7090451
2021-01-04,473.3999938964844,475.0,466.6499938964844,473.1499938964844,445.1596374511719,3615832
2021-01-05,469.0,472.5,466.3500061035156,471.25,443.3720703125,3226777
2021-01-06,471.95001220703125,481.8999938964844,467.1499938964844,472.3999938964844,444.4540100097656,5947103
2021-01-07,476.0,486.5,474.45001220703125,482.5,453.95648193359375,7025121
2021-01-08,485.0,506.0,484.79998779296875,503.6499938964844,473.8553161621094,16114942
2021-01-11,506.0,508.8999938964844,493.29998779296875,497.45001220703125,468.0221252441406,5666689
2021-01-12,494.75,505.5,491.20001220703125,501.5,471.83251953125,5008167
2021-01-13,502.0,505.79998779296875,484.3999938964844,491.70001220703125,462.6123046875,4694033
2021-01-14,494.1000061035156,515.0,493.0,509.3999938964844,479.2651672363281,15231242
2021-01-15,511.95001220703125,527.9000244140625,511.3999938964844,522.5499877929688,491.6372375488281,19836600
2021-01-18,524.9500122070312,568.0,524.0,561.2999877929688,528.0949096679688,37175310
2021-01-19,561.0,570.9000244140625,553.6500244140625,564.0,530.6351928710938,15094630
2021-01-20,563.0,581.8499755859375,556.5,576.3499755859375,542.2545776367188,10900743
2021-01-21,576.3499755859375,594.0,576.3499755859375,584.5499877929688,549.9694213867188,11759051
2021-01-22,585.4000244140625,592.5,564.0,566.9500122070312,533.4107055664062,10118222
2021-01-25,571.7000122070312,593.0,567.0,588.1500244140625,553.3565063476562,13563025
2021-01-27,588.1500244140625,601.1500244140625,569.0,574.25,540.2788696289062,15463821
2021-01-28,569.0,570.7000122070312,557.2000122070312,565.4500122070312,531.9993896484375,8146430
2021-01-29,569.8499755859375,576.0,557.0,560.6500244140625,527.4832763671875,9298672
2021-02-01,548.9000244140625,548.9000244140625,510.0,534.0999755859375,502.50396728515625,20250736
2021-02-02,541.0,568.5,541.0,566.2999877929688,532.799072265625,13416792
2021-02-03,562.0999755859375,579.9500122070312,555.0,558.25,525.2254028320312,7268499
2021-02-04,558.7000122070312,568.5499877929688,544.2999877929688,548.0499877929688,515.6287841796875,6751111
2021-02-05,553.8499755859375,553.8499755859375,535.0,536.5,504.76202392578125,6377789
2021-02-08,538.0,546.0,528.1500244140625,538.2999877929688,506.4555969238281,8511429
2021-02-09,539.5,556.0,535.5499877929688,538.5999755859375,506.73773193359375,9171011
2021-02-10,543.0,546.4500122070312,532.4500122070312,534.4000244140625,502.7862243652344,4446858
2021-02-11,530.2000122070312,545.5999755859375,530.2000122070312,543.5499877929688,511.3949279785156,5684777
2021-02-12,545.7999877929688,547.2999877929688,531.5,535.7999877929688,504.1034240722656,3043562
2021-02-15,540.0,543.9500122070312,534.5499877929688,537.4500122070312,505.6557922363281,2569470
2021-02-16,542.6500244140625,545.6500244140625,537.0999755859375,538.9500122070312,507.0670471191406,2976504
2021-02-17,525.2999877929688,542.5999755859375,525.2999877929688,539.0,507.1141662597656,2934589
2021-02-18,536.3499755859375,556.5999755859375,532.0,541.0499877929688,509.0428466796875,6399026
2021-02-19,542.9500122070312,565.0,539.5,552.7999877929688,520.0977783203125,16693854
2021-02-22,556.0,560.9500122070312,536.5499877929688,539.75,507.8196716308594,7702962
2021-02-23,530.0,570.0,514.0499877929688,566.4000244140625,532.8932495117188,20867768
2021-02-24,547.0,567.0,546.0,553.9500122070312,521.1797485351562,7229614
2021-02-25,560.7999877929688,597.0,559.0,593.0,557.919677734375,16764202
2021-02-26,585.0,589.4000244140625,555.4500122070312,561.5499877929688,528.330078125,11511171
2021-03-01,570.0,592.7000122070312,570.0,590.5999755859375,555.6615600585938,8570035
2021-03-02,603.0,608.7999877929688,580.1500244140625,589.4500122070312,554.57958984375,10602015
2021-03-03,595.7999877929688,616.8499755859375,589.2000122070312,613.5999755859375,577.3009643554688,8740632
2021-03-04,602.0,631.4500122070312,599.0999755859375,615.4500122070312,579.0414428710938,14124256
2021-03-05,615.4500122070312,615.9000244140625,586.0,591.5499877929688,556.555419921875,7517590
2021-03-08,601.0,636.2000122070312,600.0,629.9500122070312,592.683837890625,14163149
2021-03-09,634.0,637.7000122070312,611.25,624.9000244140625,587.9325561523438,10566829
2021-03-10,630.5999755859375,630.5999755859375,612.5,621.2999877929688,584.5454711914062,5583509
2021-03-12,626.5999755859375,632.9500122070312,614.0999755859375,620.2999877929688,583.6045532226562,4994965
2021-03-15,623.2999877929688,625.4500122070312,604.4500122070312,621.3499755859375,584.5924682617188,5438310
2021-03-16,625.0499877929688,639.5499877929688,616.5499877929688,620.25,583.5575561523438,8396917
2021-03-17,623.6500244140625,626.8499755859375,605.0,609.2000122070312,573.1612548828125,4503677
2021-03-18,617.6500244140625,622.7999877929688,594.0499877929688,601.2999877929688,565.728515625,6154177
2021-03-19,598.0,628.9000244140625,586.2000122070312,625.4500122070312,588.4498901367188,8322870
2021-03-22,624.9500122070312,636.9000244140625,617.6500244140625,628.1500244140625,590.9902954101562,6196079
2021-03-23,622.5,643.9500122070312,621.0,633.3499755859375,595.882568359375,5999369
2021-03-24,625.0,636.4000244140625,607.0,608.8499755859375,572.8319091796875,4832842
2021-03-25,613.0,618.25,591.5,595.6500244140625,560.4129028320312,10648953
2021-03-26,606.0,606.0,581.0,585.4000244140625,550.7692260742188,7778619
2021-03-30,597.0,634.6500244140625,591.0,627.9500122070312,590.802001953125,14663780
2021-03-31,623.0,654.0,620.0999755859375,641.8499755859375,603.8797607421875,15862803
2021-04-01,640.9500122070312,656.9000244140625,635.0,653.5999755859375,614.9346313476562,7348750
2021-04-05,650.0,664.75,631.5999755859375,646.25,608.0194702148438,9077724
2021-04-06,648.0,668.8499755859375,645.0,661.3499755859375,622.2261962890625,7227685
2021-04-07,660.0,673.9500122070312,652.4000244140625,654.4500122070312,615.734375,4948757
2021-04-08,657.0,664.5999755859375,650.0,651.5999755859375,613.0530395507812,3926359
2021-04-09,656.0,656.0,630.7000122070312,634.9000244140625,597.3409423828125,4995747
2021-04-12,625.0,627.6500244140625,581.5,589.5499877929688,554.6737060546875,5954644
2021-04-13,594.0,618.5,589.0,604.5999755859375,568.8333740234375,10046450
2021-04-15,611.0,623.9000244140625,597.4000244140625,607.3499755859375,571.4207153320312,7395673
2021-04-16,610.0,618.7999877929688,602.0,611.75,575.5604248046875,3577455
2021-04-19,595.0999755859375,603.0,587.0,597.4500122070312,562.1064453125,3198847
2021-04-20,606.0,613.0,585.5999755859375,591.75,556.7435302734375,3403144
2021-04-22,589.0,598.9000244140625,581.9000244140625,591.5999755859375,556.6023559570312,3182229
2021-04-23,592.0999755859375,597.0499877929688,581.2999877929688,585.4000244140625,550.7692260742188,3356598
2021-04-26,587.0999755859375,597.9000244140625,585.9000244140625,590.6500244140625,555.7085571289062,3162291
2021-04-27,591.0999755859375,605.2000122070312,589.4000244140625,597.4500122070312,562.1064453125,4496811
2021-04-28,602.9500122070312,613.7000122070312,601.2000122070312,608.0499877929688,572.0792846679688,4983043
2021-04-29,613.4000244140625,621.0,609.7999877929688,615.7999877929688,579.3709106445312,6257014
2021-04-30,610.7999877929688,621.0,604.0499877929688,606.9000244140625,570.997314453125,3072295
2021-05-03,605.5,619.75,596.1500244140625,617.7999877929688,581.2525024414062,3609311
2021-05-04,621.0,645.6500244140625,608.0499877929688,611.25,575.0899047851562,13505599
2021-05-05,621.7000122070312,643.0,616.6500244140625,640.7000122070312,602.7977905273438,11454883
2021-05-06,640.7000122070312,641.0,626.6500244140625,633.0,595.5533447265625,5545420
2021-05-07,635.0,641.8499755859375,625.25,629.4000244140625,592.166259765625,3675295
2021-05-10,635.7000122070312,680.3499755859375,635.5499877929688,674.5999755859375,634.6923217773438,16727737
2021-05-11,673.0,688.4500122070312,667.9000244140625,684.3499755859375,643.8656005859375,14135052
2021-05-12,691.9500122070312,702.5499877929688,680.5999755859375,691.6500244140625,650.7337646484375,10562440
2021-05-14,710.0,764.4000244140625,705.0499877929688,743.2999877929688,699.3281860351562,57232233
2021-05-17,757.0,785.0,752.0499877929688,770.75,725.1543579101562,28018670
2021-05-18,776.5,778.0,759.1500244140625,769.4000244140625,723.88427734375,10306166
2021-05-19,773.0,805.2999877929688,765.5499877929688,782.1500244140625,735.8800048828125,17761845
2021-05-20,786.4000244140625,797.4000244140625,763.0,767.5,722.0966186523438,8495432
2021-05-21,775.0,786.0,763.25,779.8499755859375,733.7159423828125,8097156
2021-05-24,781.9500122070312,793.9500122070312,773.7000122070312,789.3499755859375,742.6539916992188,5586202
2021-05-25,795.0,806.0,789.5,796.6500244140625,749.522216796875,7350432
2021-05-26,795.0,815.75,791.5,812.5999755859375,764.528564453125,7822821
2021-05-27,816.0499877929688,825.5,809.5999755859375,819.75,771.255615234375,10004617
2021-05-28,818.4500122070312,824.4500122070312,809.0,811.7000122070312,763.681884765625,4829944
2021-05-31,811.7000122070312,821.8499755859375,808.25,815.0999755859375,766.8806762695312,3857904
2021-06-01,818.0,826.4000244140625,808.3499755859375,815.7999877929688,767.539306640625,4414474
2021-06-02,815.0,840.8499755859375,810.5,837.5999755859375,788.0496826171875,7228801
2021-06-03,842.9500122070312,845.0,828.0,840.25,790.5429077148438,6863737
2021-06-04,835.0,845.3499755859375,832.0999755859375,836.25,786.779541015625,4116012
2021-06-07,841.0,862.25,834.2000122070312,850.5,800.1865844726562,4774564
2021-06-08,850.4000244140625,864.7000122070312,840.2000122070312,853.5499877929688,803.05615234375,4214138
2021-06-09,855.0,862.9500122070312,838.6500244140625,845.5499877929688,795.529296875,5068262
2021-06-10,849.0,853.7999877929688,837.0,838.7000122070312,789.0846557617188,4012050
2021-06-11,842.9500122070312,844.7000122070312,830.0,835.1500244140625,785.74462890625,2633076
2021-06-14,838.2000122070312,838.2000122070312,815.2000122070312,834.5999755859375,785.2271118164062,2361786
2021-06-15,834.2000122070312,845.6500244140625,830.4000244140625,841.7999877929688,792.0010986328125,3093053
2021-06-16,843.9000244140625,854.5499877929688,836.1500244140625,838.2000122070312,788.6142578125,4555364
2021-06-17,834.8499755859375,848.0,828.6500244140625,835.0499877929688,785.6505126953125,3684099
2021-06-18,839.0,839.25,790.8499755859375,808.0,760.20068359375,8145772
2021-06-21,800.0,800.0,768.2999877929688,772.2000122070312,726.5185546875,10319132
2021-06-22,779.0,806.5,776.5999755859375,802.5,755.0261840820312,8773658
2021-06-23,809.0,810.9500122070312,793.0999755859375,804.0,756.4373779296875,5498823
2021-06-24,809.0,815.4500122070312,796.5999755859375,813.4500122070312,765.328369140625,3569898
2021-06-25,809.0,814.0,801.8499755859375,805.1500244140625,757.5193481445312,2566357
2021-06-28,805.0,812.5999755859375,801.2999877929688,809.0999755859375,761.2356567382812,2499662
2021-06-29,810.0,817.9500122070312,799.2999877929688,805.4000244140625,757.7545776367188,2509072
2021-06-30,810.0,811.0,790.5999755859375,792.8499755859375,745.9468994140625,2180444
2021-07-01,796.0,798.5499877929688,786.4500122070312,791.5,744.6769409179688,1933865
2021-07-02,791.5,806.5999755859375,789.0,799.3499755859375,752.0624389648438,2511086
2021-07-05,801.5,810.7000122070312,798.0499877929688,807.5999755859375,759.8244018554688,1812638
2021-07-06,808.0,816.0,801.4000244140625,803.2999877929688,755.7787475585938,3097194
2021-07-07,804.9000244140625,821.5,802.0,816.9000244140625,768.5743408203125,4641521
2021-07-08,813.4000244140625,824.75,807.3499755859375,814.0999755859375,765.9398803710938,2536653
2021-07-09,812.0,823.0,808.0999755859375,814.5499877929688,766.3632202148438,2662681
2021-07-12,820.0,831.7000122070312,815.9500122070312,821.4500122070312,772.8551025390625,4414998
2021-07-13,828.9000244140625,833.7999877929688,823.0999755859375,831.9500122070312,782.7339477539062,2610471
2021-07-14,823.4000244140625,827.4000244140625,818.0,819.75,780.251953125,2456567
2021-07-15,821.75,839.2999877929688,819.25,836.25,795.9569702148438,3435337
2021-07-16,843.0,852.4000244140625,830.7999877929688,837.5499877929688,797.1943969726562,3907867
2021-07-19,834.9000244140625,849.0,822.2999877929688,833.25,793.1014404296875,4744590
2021-07-20,835.4500122070312,837.5,803.75,814.25,775.0169677734375,3280049
2021-07-22,817.9500122070312,829.5,816.0,828.0,788.1044311523438,2978752
2021-07-23,827.5,827.5999755859375,816.0,819.7000122070312,780.2044067382812,2212963
2021-07-26,819.0,826.75,806.6500244140625,819.9500122070312,780.4423828125,2449095
2021-07-27,820.0,825.6500244140625,806.1500244140625,812.75,773.5892944335938,1721268
2021-07-28,818.6500244140625,818.6500244140625,796.9500122070312,814.6500244140625,775.3978271484375,3172824
2021-07-29,822.9500122070312,822.9500122070312,810.0,819.7000122070312,780.2044067382812,1839368
2021-07-30,821.25,834.5,786.1500244140625,808.5499877929688,769.5916137695312,7703034
2021-08-02,808.5499877929688,810.6500244140625,785.0499877929688,791.0499877929688,752.934814453125,6205784
2021-08-03,795.0,795.0,780.5999755859375,790.5499877929688,752.4589233398438,3265559
2021-08-04,792.7000122070312,798.8499755859375,780.2999877929688,785.0,747.1763305664062,2722366
2021-08-05,790.0,790.0,772.0,777.25,739.7997436523438,2264430
2021-08-06,779.9000244140625,791.7000122070312,775.5999755859375,777.2999877929688,739.8473510742188,1788211
2021-08-09,780.7999877929688,784.4000244140625,770.2000122070312,778.0999755859375,740.6088256835938,1517468
2021-08-10,780.3499755859375,787.0,762.5,771.0999755859375,733.9461059570312,2331179
2021-08-11,772.0,781.9000244140625,757.0,773.7999877929688,736.5159301757812,3147475
2021-08-12,773.0,785.6500244140625,772.0499877929688,777.0999755859375,739.6570434570312,2248810
2021-08-13,778.0,784.2999877929688,770.5999755859375,779.0999755859375,741.5606079101562,2549137
2021-08-16,780.0,784.5,770.0,772.7999877929688,735.5641479492188,1711689
2021-08-17,775.7000122070312,777.5499877929688,745.7999877929688,760.75,724.0947875976562,2895739
2021-08-18,764.5499877929688,766.2999877929688,753.5,762.2000122070312,725.4749755859375,1846331
2021-08-20,751.0,757.7999877929688,722.0999755859375,728.25,693.1607666015625,4257864
2021-08-23,732.0,737.5499877929688,714.5,718.9500122070312,684.308837890625,2573379
2021-08-24,721.9000244140625,732.7999877929688,717.0,731.0499877929688,695.8258056640625,1771956
2021-08-25,731.0499877929688,737.9500122070312,721.4500122070312,726.0999755859375,691.1143188476562,1895556
2021-08-26,725.0,729.7999877929688,717.0,719.6500244140625,684.9751586914062,1538567
2021-08-27,724.9500122070312,743.4000244140625,722.5499877929688,729.25,694.112548828125,4292477
2021-08-30,732.9500122070312,744.5499877929688,730.0,740.4500122070312,704.7728881835938,2358153
2021-08-31,743.0,747.3499755859375,735.4500122070312,741.25,705.534423828125,3074791
2021-09-01,745.1500244140625,752.5,739.7999877929688,748.6500244140625,712.5778198242188,2051308
2021-09-02,752.0,757.9000244140625,746.0,753.3499755859375,717.0513305664062,3029716
2021-09-03,756.3499755859375,760.0,747.0999755859375,752.7999877929688,716.52783203125,1679831
2021-09-06,755.0,759.0,749.4500122070312,755.75,719.335693359375,1427518
2021-09-07,757.0,759.9500122070312,746.0,752.0499877929688,715.8138427734375,1377576
2021-09-08,753.5,772.5,747.4000244140625,762.0,725.2845458984375,4079877
2021-09-09,761.6500244140625,762.0,754.0999755859375,757.9000244140625,721.3821411132812,1174804
2021-09-13,754.0,767.7000122070312,751.6500244140625,756.0,719.5736694335938,2724206
2021-09-14,760.9000244140625,764.8499755859375,751.0,752.5,716.2423095703125,1932973
2021-09-15,756.7999877929688,763.5999755859375,752.5999755859375,762.0999755859375,725.3796997070312,1374264
2021-09-16,763.0,769.75,753.0999755859375,754.0,717.6699829101562,2065099
2021-09-17,759.0,759.0,736.0999755859375,742.3499755859375,706.5813598632812,3348764
2021-09-20,738.0,738.0,701.0,705.5999755859375,671.60205078125,3082145
2021-09-21,705.5999755859375,727.9000244140625,700.0,721.8499755859375,687.069091796875,4222370
2021-09-22,721.0,726.1500244140625,713.75,724.9000244140625,689.9722290039062,1913723
2021-09-23,725.0999755859375,732.0,723.0499877929688,726.8499755859375,691.8281860351562,1337563
2021-09-24,728.0,731.9000244140625,713.5499877929688,718.6500244140625,684.0233764648438,1372681
2021-09-27,722.9500122070312,737.0,716.25,725.8499755859375,690.8763427734375,2611791
2021-09-28,728.0,732.9000244140625,710.25,716.7999877929688,682.2623901367188,2577784
2021-09-29,711.9000244140625,722.9000244140625,709.0,717.1500244140625,682.5955810546875,2160616
2021-09-30,717.1500244140625,719.9000244140625,706.1500244140625,707.7000122070312,673.6008911132812,2487764
2021-10-01,707.0,714.0499877929688,698.25,712.6500244140625,678.3123779296875,1947637
2021-10-04,713.0999755859375,719.9000244140625,694.0,702.9500122070312,669.0797119140625,7682864
2021-10-05,705.0,719.5999755859375,700.5499877929688,714.6500244140625,680.216064453125,3780191
2021-10-06,716.0,744.4500122070312,715.5,727.2999877929688,692.2564697265625,7773811
2021-10-07,735.2999877929688,736.0,723.0,727.5,692.4468383789062,2233111
2021-10-08,728.0499877929688,747.4500122070312,726.25,738.0,702.44091796875,3181166
2021-10-11,740.0,754.4000244140625,740.0,742.4500122070312,706.6765747070312,3023541
2021-10-12,742.4500122070312,749.9000244140625,738.0499877929688,744.2999877929688,708.4373779296875,1837397
2021-10-13,744.2999877929688,754.25,741.6500244140625,747.4500122070312,711.4356689453125,1573332
2021-10-14,753.0,759.0,745.25,747.8499755859375,711.81640625,2144296
2021-10-18,749.2000122070312,762.0,745.2000122070312,751.0999755859375,714.9097290039062,2620289
2021-10-19,755.0,759.9000244140625,728.5999755859375,733.7000122070312,698.34814453125,1498436
2021-10-20,733.7000122070312,734.9000244140625,711.25,715.9000244140625,681.4058227539062,1568362
2021-10-21,723.0499877929688,723.4000244140625,706.2999877929688,717.4500122070312,682.881103515625,1625612
2021-10-22,714.25,722.5,699.25,704.3499755859375,670.4122924804688,1375825
2021-10-25,704.0,708.0,686.25,695.2999877929688,661.7984008789062,1746556
2021-10-26,695.0,716.4500122070312,693.5999755859375,713.25,678.8834228515625,1475209
2021-10-27,714.5,748.0,712.0,741.5,705.7722778320312,4677615
2021-10-28,743.0,748.2000122070312,725.8499755859375,729.9000244140625,694.7312622070312,2875850
2021-10-29,735.9000244140625,746.0,716.5499877929688,740.2000122070312,704.5348510742188,3448037
2021-11-01,745.0,745.0,700.0,720.0499877929688,685.3557739257812,5953165
2021-11-02,720.7999877929688,726.4000244140625,711.0,720.2999877929688,685.59375,1852304
2021-11-03,720.2999877929688,756.5,720.2999877929688,737.0499877929688,701.5366821289062,6580294
2021-11-04,745.0,745.0,731.0999755859375,737.7000122070312,702.1553344726562,390092
2021-11-08,740.0,744.0,731.0,742.6500244140625,706.8668823242188,1227750
2021-11-09,744.7000122070312,753.4000244140625,742.6500244140625,746.3499755859375,710.3886108398438,1622626
2021-11-10,746.25,774.0,741.0999755859375,771.2999877929688,734.1364135742188,6430811
2021-11-11,774.0,777.9500122070312,760.5,764.7000122070312,727.8544921875,3322415
2021-11-12,770.0,774.7000122070312,765.0499877929688,769.5499877929688,732.4707641601562,1608464
2021-11-15,771.0,791.4000244140625,770.3499755859375,784.0499877929688,746.2721557617188,5069793
2021-11-16,786.0,794.0,777.0999755859375,780.0499877929688,742.4647827148438,2830062
2021-11-17,777.0,777.0,752.7000122070312,755.5999755859375,719.1929321289062,2998582
2021-11-18,755.5999755859375,761.9000244140625,740.0,741.4500122070312,705.7247314453125,2120918
2021-11-22,743.0,747.0999755859375,706.75,716.5,681.9769287109375,2041278
2021-11-23,710.0,729.0499877929688,705.25,725.25,690.3052978515625,1772081
2021-11-24,726.0,736.0999755859375,716.1500244140625,721.7000122070312,686.9263305664062,1312705
2021-11-25,725.0499877929688,737.8499755859375,721.75,727.2999877929688,692.2564697265625,4133359
2021-11-26,726.0,726.0,701.0,703.7999877929688,669.8887939453125,2482446
2021-11-29,704.0,710.25,679.25,689.3499755859375,656.135009765625,2997007
2021-11-30,689.0,702.75,678.5499877929688,681.7000122070312,648.8536376953125,2524084
2021-12-01,687.5,693.75,681.5499877929688,690.5,657.2296752929688,1355645
2021-12-02,691.5,700.4500122070312,687.25,698.2000122070312,664.55859375,1673311
2021-12-03,700.0999755859375,717.75,699.75,712.75,678.4075927734375,3981290
2021-12-06,712.7000122070312,733.0,705.0,716.5499877929688,682.0244140625,4551735
2021-12-07,720.0,730.7000122070312,717.0,726.9500122070312,691.92333984375,1467958
2021-12-08,727.0999755859375,735.6500244140625,725.9500122070312,728.0999755859375,693.0179443359375,1827973
2021-12-09,728.0999755859375,744.0,727.5499877929688,742.2000122070312,706.4386596679688,2396147
2021-12-10,741.9500122070312,747.6500244140625,734.8499755859375,737.4500122070312,701.91748046875,1084590
2021-12-13,739.5,751.9000244140625,735.5,740.4000244140625,704.7254028320312,2203948
2021-12-14,733.5999755859375,748.4500122070312,733.5999755859375,747.0499877929688,711.0548706054688,1561018
2021-12-15,746.9500122070312,755.7000122070312,736.25,739.9500122070312,704.2969970703125,3260708
2021-12-16,740.0,747.4000244140625,728.8499755859375,733.9000244140625,698.5384521484375,1028360
2021-12-17,729.0,732.1500244140625,713.5499877929688,715.5999755859375,681.1201782226562,2810650
2021-12-20,703.5,715.5999755859375,693.2999877929688,708.2999877929688,674.1719360351562,2338685
2021-12-21,716.6500244140625,737.5999755859375,712.6500244140625,733.6500244140625,698.3005981445312,1660409
2021-12-22,735.0,757.0,735.0,754.2999877929688,717.95556640625,3623916
2021-12-23,759.0,759.0,748.6500244140625,754.75,718.3839111328125,1539991
2021-12-24,759.0,759.0,739.0999755859375,746.8499755859375,710.864501953125,1276729
2021-12-27,746.6500244140625,760.0,740.25,756.5999755859375,720.144775390625,1315245
2021-12-28,763.9000244140625,765.0,757.2000122070312,761.75,725.0465698242188,1955283
2021-12-29,759.0,767.7000122070312,754.5999755859375,758.3499755859375,721.8104248046875,1192837
2021-12-30,755.0,760.3499755859375,744.9000244140625,746.6500244140625,710.6742553710938,1686223
2021-12-31,748.0,757.0999755859375,745.5499877929688,747.0999755859375,711.1024780273438,1131359
2022-01-03,753.0,766.9000244140625,750.0,764.2000122070312,727.3784790039062,1157591
2022-01-04,769.1500244140625,769.1500244140625,755.5,761.75,725.0465698242188,1247395
2022-01-05,759.0,769.8499755859375,757.4000244140625,764.5,727.6641235351562,1156604
2022-01-06,766.0,787.0,759.4500122070312,782.75,745.0347900390625,5436867
2022-01-07,782.0,790.7000122070312,776.5499877929688,788.9500122070312,750.9359741210938,2052552
2022-01-10,792.0999755859375,825.0,791.7000122070312,821.5999755859375,782.0128784179688,7424271
2022-01-11,821.7999877929688,828.0,816.0,819.5499877929688,780.0615844726562,2004689
2022-01-12,821.0999755859375,825.0999755859375,812.4000244140625,822.4000244140625,782.7743530273438,2242638
2022-01-13,823.0999755859375,844.9000244140625,823.0999755859375,841.0,800.4781494140625,4410699
2022-01-14,836.0,836.0499877929688,818.0,824.6500244140625,784.9159545898438,3690548
2022-01-17,825.4500122070312,830.7000122070312,815.7000122070312,824.75,785.0110473632812,2569165
2022-01-18,821.5499877929688,825.0,795.8499755859375,799.0999755859375,760.596923828125,2820426
2022-01-19,798.0,815.0,789.2000122070312,813.25,774.0651245117188,2193951
2022-01-20,820.0,823.0,804.0,808.4500122070312,769.4964599609375,1950781
2022-01-21,801.0,804.8499755859375,780.0999755859375,786.9000244140625,748.98486328125,1449766
2022-01-24,776.7000122070312,786.0,755.5,762.5999755859375,725.8556518554688,1663579
2022-01-25,754.5,795.1500244140625,746.0999755859375,791.1500244140625,753.0299682617188,2981161
2022-01-27,794.8499755859375,794.8499755859375,765.0,771.9500122070312,734.755126953125,2436411
2022-01-28,778.0,806.5,777.5499877929688,790.25,752.1734008789062,4007799
2022-01-31,803.75,812.7000122070312,775.0,776.5,739.0859375,5138792
2022-02-01,785.0,795.5999755859375,766.9000244140625,785.0,747.1763305664062,3693825
2022-02-02,786.5999755859375,799.5999755859375,782.0,785.9500122070312,748.08056640625,1771793
2022-02-03,788.9500122070312,791.0,771.0,773.5,736.23046875,1493402
2022-02-04,773.5999755859375,776.7999877929688,765.0,767.2000122070312,730.2339477539062,992052
2022-02-07,764.2000122070312,774.9000244140625,750.25,756.5999755859375,720.144775390625,1255955
2022-02-08,757.0,763.9500122070312,744.0999755859375,758.6500244140625,722.095947265625,2063533
2022-02-09,764.5,772.4500122070312,760.0,770.5,733.3749389648438,1342782
2022-02-10,775.0,778.9500122070312,767.9500122070312,770.0999755859375,732.9942016601562,2561635
2022-02-11,765.8499755859375,766.9500122070312,750.0,753.2000122070312,716.9085693359375,1621795
2022-02-14,744.2999877929688,749.0499877929688,716.0,721.7000122070312,686.9263305664062,1950243
2022-02-15,725.0999755859375,746.9500122070312,716.1500244140625,744.7000122070312,708.8181762695312,1467359
2022-02-16,750.0,750.0,732.2999877929688,735.7999877929688,700.346923828125,1398493
2022-02-17,737.0,742.7000122070312,725.75,727.0499877929688,692.0185546875,1174134
2022-02-18,728.0,736.2000122070312,719.0,724.9500122070312,690.019775390625,1973922
2022-02-21,724.9000244140625,724.9000244140625,701.8499755859375,704.1500244140625,670.2219848632812,2577455
2022-02-22,689.0,695.7000122070312,676.25,693.3499755859375,659.9423217773438,2841052
2022-02-23,700.0499877929688,702.6500244140625,684.8499755859375,688.0,654.8502197265625,2713053
2022-02-24,673.0,674.75,622.0,632.2999877929688,601.8338623046875,5453651
2022-02-25,656.2000122070312,663.8499755859375,644.6500244140625,654.7000122070312,623.154541015625,3890925
2022-02-28,651.0,668.9500122070312,644.0999755859375,665.4500122070312,633.3866577148438,3060915
2022-03-02,663.6500244140625,697.0,659.5,689.5499877929688,656.325439453125,8499711
2022-03-03,707.9000244140625,724.5999755859375,688.9500122070312,713.75,679.3594360351562,9676442
2022-03-04,712.0,735.9000244140625,704.7999877929688,713.75,679.3594360351562,10189495
2022-03-07,710.0499877929688,735.0,685.75,731.9000244140625,696.6348876953125,6969575
2022-03-08,730.4000244140625,740.9500122070312,707.5999755859375,724.2000122070312,689.305908203125,4117923
2022-03-09,732.5,734.7999877929688,712.7000122070312,725.2000122070312,690.2576904296875,2888800
2022-03-10,731.5499877929688,742.4000244140625,720.0,724.2000122070312,689.305908203125,4218131
2022-03-11,723.8499755859375,729.0,716.2000122070312,725.4500122070312,690.49560546875,2559363
2022-03-14,728.0,733.5499877929688,720.0999755859375,730.75,695.5402221679688,2845328
2022-03-15,730.0,746.0,728.5499877929688,741.0,705.29638671875,4051465
2022-03-16,749.9500122070312,756.6500244140625,743.9000244140625,752.4500122070312,716.1947021484375,2879590
2022-03-17,759.0,764.5,754.5499877929688,761.5999755859375,724.9037475585938,2297497
2022-03-21,770.0,777.75,760.0,775.9000244140625,738.514892578125,3221656
2022-03-22,775.0,787.0,771.0499877929688,780.9500122070312,743.321533203125,2788207
2022-03-23,780.5,796.4000244140625,780.0,793.9500122070312,755.6951293945312,2365083
2022-03-24,795.0,801.8499755859375,789.0499877929688,799.0999755859375,760.596923828125,2117672
2022-03-25,807.0,814.5,791.5999755859375,798.5499877929688,760.073486328125,4762541
2022-03-28,795.0499877929688,797.9500122070312,778.0,780.75,743.131103515625,2207764
2022-03-29,781.5,790.4000244140625,779.0499877929688,782.0,744.3208618164062,1636109
2022-03-30,782.0,785.5,774.0,776.1500244140625,738.7528076171875,1113587
2022-03-31,778.5499877929688,778.9500122070312,765.0,769.5999755859375,732.5183715820312,1874608
2022-04-01,770.5,783.5,770.5,781.5499877929688,743.8926391601562,1467955
2022-04-04,781.4500122070312,790.0,779.0499877929688,784.3499755859375,746.5576782226562,1111794
2022-04-05,791.9500122070312,800.6500244140625,790.2999877929688,793.5499877929688,755.3143310546875,2326745
2022-04-06,796.2000122070312,811.7999877929688,792.0999755859375,805.2999877929688,766.4982299804688,2880663
2022-04-07,797.0,809.0,790.4500122070312,803.3499755859375,764.6421508789062,2227078
2022-04-08,806.0,819.5,805.6500244140625,809.75,770.7338256835938,3285707
2022-04-11,811.0,824.0,810.1500244140625,819.8499755859375,780.34716796875,3167295
2022-04-12,817.6500244140625,817.6500244140625,800.5,805.6500244140625,766.8314208984375,3123878
2022-04-13,805.6500244140625,836.4500122070312,805.0,818.6500244140625,779.2050170898438,4974212
2022-04-18,813.6500244140625,817.7000122070312,792.2999877929688,805.1500244140625,766.35546875,3037877
2022-04-19,807.0,823.9000244140625,800.0,804.9000244140625,766.1174926757812,2907063
2022-04-20,809.5,826.9000244140625,807.0499877929688,825.25,785.4869995117188,3042831
2022-04-21,831.0,833.6500244140625,821.0,829.1500244140625,789.1990966796875,2691988
2022-04-22,828.9000244140625,828.9000244140625,811.2999877929688,816.5499877929688,777.2061767578125,3147260
2022-04-25,805.0,808.9500122070312,791.5,803.0499877929688,764.3566284179688,2050099
2022-04-26,814.0,819.2999877929688,807.0999755859375,812.3499755859375,773.2085571289062,2022477
2022-04-27,809.9000244140625,810.1500244140625,794.2000122070312,798.4000244140625,759.9307861328125,1627577
2022-04-28,814.25,827.0,804.25,824.2999877929688,784.5826416015625,4606626
2022-04-29,832.0,834.0,816.3499755859375,822.9000244140625,783.250244140625,3236877
2022-05-02,815.5499877929688,837.7000122070312,812.7000122070312,830.25,790.2460327148438,3855822
2022-05-04,830.9000244140625,848.0,816.9500122070312,824.2000122070312,784.4876098632812,4888165
2022-05-05,830.4000244140625,841.4000244140625,819.0999755859375,823.25,783.5833129882812,2630497
2022-05-06,815.0,815.0,779.4500122070312,786.8499755859375,748.9371948242188,3256336
2022-05-09,772.0,806.6500244140625,768.5499877929688,777.5999755859375,740.1328735351562,6800255
2022-05-10,792.0,800.6500244140625,778.5499877929688,789.7999877929688,751.7450561523438,4027939
2022-05-11,801.0,812.7000122070312,782.7999877929688,792.1500244140625,753.9818725585938,3654568
2022-05-12,782.0,789.25,753.0,764.9500122070312,728.0924682617188,2998405
2022-05-13,774.0,795.0,772.0999755859375,781.5499877929688,743.8926391601562,3062695
2022-05-16,784.7000122070312,806.5,775.0499877929688,802.25,763.5951538085938,3267900
2022-05-17,808.0,819.7000122070312,798.7000122070312,817.3499755859375,777.9675903320312,1844532
2022-05-18,817.0,827.0,809.25,821.0999755859375,781.5369262695312,1792368
2022-05-19,807.7999877929688,816.3499755859375,803.0,814.0,774.779052734375,1801424
2022-05-20,818.0,828.0,803.5,808.25,769.3060913085938,2235524
2022-05-23,810.0,815.3499755859375,788.75,791.25,753.1251831054688,3341478
2022-05-24,789.0,798.7999877929688,783.6500244140625,792.5499877929688,754.362548828125,1695450
2022-05-25,794.5,798.0,758.4000244140625,764.0,727.188232421875,1484158
2022-05-26,764.0,766.0,733.0499877929688,747.4500122070312,711.4356689453125,2577097
2022-05-27,754.0,762.7000122070312,746.6500244140625,756.5999755859375,720.144775390625,1529970
2022-05-30,760.3499755859375,787.7999877929688,760.3499755859375,782.5499877929688,744.8444213867188,1735999
2022-05-31,782.5,791.2000122070312,775.0,779.5999755859375,742.03662109375,1981316
2022-06-01,772.5999755859375,784.4000244140625,772.5999755859375,779.75,742.1793212890625,1136166
2022-06-02,775.0,787.4500122070312,769.0,775.3499755859375,737.9912719726562,1662461
2022-06-03,782.9000244140625,782.9000244140625,766.5499877929688,769.6500244140625,732.5660400390625,1175685
2022-06-06,771.9500122070312,781.0,764.5499877929688,779.0,741.4654541015625,891806
2022-06-07,778.5,779.7999877929688,742.0999755859375,746.2000122070312,710.245849609375,2074139
2022-06-08,746.0,748.7000122070312,730.0,735.1500244140625,699.728271484375,2112443
2022-06-09,734.2000122070312,751.0,726.7000122070312,747.2999877929688,711.2928466796875,2312524
2022-06-10,738.0,739.9500122070312,732.5499877929688,734.4000244140625,699.014404296875,1103946
2022-06-13,726.0,732.4000244140625,719.5499877929688,726.4000244140625,691.39990234375,1517285
2022-06-14,721.9000244140625,731.9500122070312,712.25,715.7000122070312,681.2155151367188,1590761
2022-06-15,721.5,723.5999755859375,707.0499877929688,712.1500244140625,677.8364868164062,1108371
2022-06-16,722.0999755859375,725.5,679.4000244140625,683.6500244140625,650.7097778320312,1733865
2022-06-17,683.4000244140625,687.7000122070312,659.25,665.1500244140625,633.10107421875,2607500
2022-06-20,668.0,671.9500122070312,630.5499877929688,640.4500122070312,609.5911865234375,2523321
2022-06-21,642.25,656.9500122070312,642.25,654.2000122070312,622.6785888671875,1316846
2022-06-22,650.2000122070312,651.9500122070312,611.0,613.6500244140625,584.08251953125,4180495
2022-06-23,613.0,635.6500244140625,607.5,633.2000122070312,602.6904907226562,3857527
2022-06-24,633.0,645.25,631.0499877929688,640.8499755859375,609.971923828125,1901670
2022-06-27,648.0,666.5,644.0999755859375,657.0999755859375,625.43896484375,2442598
2022-06-28,651.0999755859375,665.5,647.6500244140625,656.0,624.3919677734375,2692035
2022-06-29,652.0499877929688,653.9500122070312,641.5499877929688,644.4000244140625,613.3508911132812,2371912
2022-06-30,645.0,645.75,630.1500244140625,632.4000244140625,601.9290771484375,3792264
2022-07-01,630.0,646.0,621.9500122070312,643.5,612.4942016601562,3575548
2022-07-04,643.4000244140625,657.7999877929688,636.0499877929688,654.5,622.9642333984375,3002770
2022-07-05,659.0,671.6500244140625,654.5999755859375,656.4000244140625,624.7726440429688,2721295
2022-07-06,655.9000244140625,664.1500244140625,652.5999755859375,662.5,630.5787963867188,1674576
2022-07-07,667.0,684.6500244140625,664.4500122070312,682.75,649.8530883789062,3320190
2022-07-08,685.0,692.2999877929688,681.25,690.25,656.99169921875,3024014
2022-07-11,688.4500122070312,695.0,683.25,690.7999877929688,657.51513671875,1822281
2022-07-12,687.0,691.4500122070312,676.25,680.2000122070312,647.4259643554688,1083141
2022-07-13,683.6500244140625,686.25,677.0,679.5,646.7596435546875,1152719
2022-07-14,680.2999877929688,685.0,666.5999755859375,670.1500244140625,637.860107421875,1460677
2022-07-15,672.4500122070312,676.4500122070312,663.0499877929688,669.3499755859375,637.0986328125,1143520
2022-07-18,676.9500122070312,687.75,675.0,685.0499877929688,652.042236328125,1868531
2022-07-19,679.9500122070312,687.75,677.2000122070312,684.3499755859375,651.3759765625,1909300
2022-07-20,693.0,697.5,685.1500244140625,686.25,653.1844482421875,1624888
2022-07-21,687.9000244140625,706.9500122070312,685.5,705.0,671.031005859375,2747265
2022-07-22,710.9500122070312,730.6500244140625,709.0,725.0,690.0673217773438,5783131
2022-07-25,725.0999755859375,737.7000122070312,723.9000244140625,733.9500122070312,698.5860595703125,2179454
2022-07-26,733.9500122070312,739.5,724.0499877929688,726.3499755859375,691.3522338867188,1501349
2022-07-27,715.0,723.0,708.0,721.5999755859375,696.0230712890625,1463655
2022-07-28,725.9000244140625,730.7999877929688,719.4000244140625,727.7000122070312,701.9068603515625,1335287
2022-07-29,737.0,745.0,732.0,741.0999755859375,714.8318481445312,1518704
2022-08-01,753.0,780.4000244140625,744.0499877929688,767.3499755859375,740.1514282226562,7797234
2022-08-02,766.2000122070312,766.2000122070312,730.0,739.5999755859375,713.385009765625,5611299
2022-08-03,739.9000244140625,744.4000244140625,725.0,731.3499755859375,705.427490234375,3058290
2022-08-04,738.4000244140625,740.9500122070312,721.4000244140625,731.75,705.8132934570312,1781136
2022-08-05,735.0,750.0,731.0,743.4500122070312,717.0986328125,1828490
2022-08-08,743.4000244140625,751.5499877929688,736.5499877929688,749.1500244140625,722.5966186523438,1589806
2022-08-10,757.0,767.4000244140625,752.0,765.2999877929688,738.1741943359375,3248773
2022-08-11,769.3499755859375,774.2000122070312,760.3499755859375,767.5,740.2962036132812,2071502
2022-08-12,768.0,790.0,768.0,788.9000244140625,760.9376831054688,3744532
2022-08-16,790.0,804.25,786.0999755859375,788.5499877929688,760.6000366210938,2269603
2022-08-17,787.0,793.7000122070312,783.8499755859375,790.5,762.4808959960938,982454
2022-08-18,789.0,791.5,773.0,773.9500122070312,746.517578125,2239104
2022-08-19,773.9500122070312,779.5499877929688,764.0,768.25,741.01953125,1693235
2022-08-22,760.25,762.9500122070312,743.1500244140625,744.7000122070312,718.3043212890625,1749489
2022-08-23,737.0,762.0,737.0,759.5499877929688,732.6279296875,1594035
2022-08-24,760.2000122070312,763.7000122070312,753.0,759.75,732.82080078125,1245022
2022-08-25,762.5,778.0,758.2999877929688,762.6500244140625,735.6181030273438,2516409
2022-08-26,766.5,779.0,758.1500244140625,760.0,733.06201171875,3643595
2022-08-29,750.0,756.0499877929688,739.4000244140625,750.4500122070312,723.8504638671875,1406170
2022-08-30,754.25,770.0999755859375,751.6500244140625,769.25,741.9840698242188,3414234
2022-09-01,764.0499877929688,766.6500244140625,751.2999877929688,756.4500122070312,729.6378784179688,2440603
2022-09-02,760.25,762.0999755859375,744.2999877929688,745.7999877929688,719.3652954101562,2098827
2022-09-05,741.3499755859375,753.75,740.0,746.8499755859375,720.3781127929688,1963379
2022-09-06,749.7000122070312,751.9500122070312,735.9000244140625,738.0999755859375,711.938232421875,1799028
2022-09-07,736.0499877929688,743.0,734.0,741.0999755859375,714.8318481445312,1874233
2022-09-08,744.8499755859375,747.6500244140625,734.0,737.5,711.3594970703125,1993343
2022-09-09,742.0,756.8499755859375,740.0999755859375,742.0,715.699951171875,2659280
2022-09-12,745.7000122070312,758.9000244140625,744.0499877929688,756.3499755859375,729.5413818359375,2224393
2022-09-13,759.0,768.0,753.3499755859375,755.7000122070312,728.9144287109375,2541324
2022-09-14,748.0,760.1500244140625,743.7999877929688,748.2999877929688,721.7766723632812,2044162
2022-09-15,750.0,756.4000244140625,741.0,742.5999755859375,716.2786865234375,1449814
2022-09-16,746.3499755859375,753.25,699.0,703.4000244140625,678.4682006835938,6546670
2022-09-19,706.9500122070312,718.5499877929688,696.0499877929688,712.25,687.0044555664062,2189179
2022-09-20,715.8499755859375,723.5999755859375,714.2000122070312,719.9000244140625,694.3833618164062,1342093
2022-09-21,717.0,724.4500122070312,705.0,717.5,692.0684814453125,2077807
2022-09-22,709.0999755859375,726.5999755859375,709.0999755859375,721.3499755859375,695.7819213867188,2203643
2022-09-23,724.0,727.2999877929688,700.0,702.8499755859375,677.9376220703125,2230894
2022-09-26,698.0,701.9500122070312,670.4000244140625,679.9000244140625,655.8011474609375,2182907
2022-09-27,683.2999877929688,687.8499755859375,672.5,677.7000122070312,653.6790771484375,1199827
2022-09-28,676.7000122070312,677.5,660.5499877929688,663.7000122070312,640.1753540039062,1617322
2022-09-29,667.0499877929688,675.4500122070312,654.0,656.7999877929688,633.5198974609375,2121416
2022-09-30,656.7999877929688,674.8499755859375,654.4000244140625,672.0499877929688,648.2293701171875,1745532
2022-10-03,671.2000122070312,681.7999877929688,664.0,665.0999755859375,641.525634765625,1815744
2022-10-04,678.0,691.7000122070312,674.0,689.9500122070312,665.4949340820312,2372225
2022-10-06,691.0,694.8499755859375,683.5,686.0,661.6848754882812,1208462
2022-10-07,685.0,699.9000244140625,683.9500122070312,690.4500122070312,665.9771118164062,2367283
2022-10-10,680.0,686.7999877929688,677.5,683.0,658.791259765625,1009423
2022-10-11,686.4500122070312,686.4500122070312,660.2000122070312,664.1500244140625,640.609375,1257522
2022-10-12,665.0,675.5499877929688,660.7000122070312,673.5999755859375,649.724365234375,1171443
2022-10-13,675.0,676.5,662.0999755859375,663.9000244140625,640.3682250976562,745089
2022-10-14,674.0,687.5999755859375,672.0,678.2999877929688,654.2578735351562,2108845
2022-10-17,679.5999755859375,684.0,671.7999877929688,678.0499877929688,654.0166625976562,1360600
2022-10-18,681.4500122070312,689.0499877929688,680.0,682.0499877929688,657.8748779296875,1238762
2022-10-19,685.0,689.0999755859375,675.5999755859375,676.7999877929688,652.81103515625,938837
2022-10-20,675.0,715.7999877929688,666.9000244140625,713.5,688.210205078125,7210550
2022-10-21,712.7000122070312,724.0,696.7999877929688,700.2000122070312,675.381591796875,5022081
2022-10-24,711.0,714.7000122070312,702.8499755859375,708.0999755859375,683.0015869140625,545145
2022-10-25,709.9500122070312,709.9500122070312,691.1500244140625,694.4500122070312,669.83544921875,2890000
2022-10-27,701.4000244140625,709.0,695.7999877929688,706.4500122070312,681.41015625,2548464
2022-10-28,707.0,715.9000244140625,703.4500122070312,713.9000244140625,688.5960083007812,1834544
2022-10-31,717.5,732.0,711.0,730.2000122070312,704.3182373046875,2733496
2022-11-01,737.7999877929688,739.4500122070312,711.25,717.0,691.5861206054688,5060223
2022-11-02,720.5999755859375,728.2999877929688,713.7999877929688,717.5499877929688,692.1165771484375,1949252
2022-11-03,716.9000244140625,727.7000122070312,711.0999755859375,726.2000122070312,700.4600219726562,1665899
2022-11-04,730.0,739.9500122070312,725.0,738.8499755859375,712.6616821289062,3318868
2022-11-07,742.5499877929688,749.9500122070312,739.0499877929688,748.4500122070312,721.9214477539062,3102187
2022-11-09,755.7999877929688,759.4500122070312,747.2999877929688,753.5999755859375,726.8888549804688,3649011
2022-11-10,754.9500122070312,758.5999755859375,748.0499877929688,756.0999755859375,729.3001708984375,4929698
2022-11-11,760.0,769.9000244140625,759.0499877929688,767.9000244140625,740.6820068359375,3077741
2022-11-14,771.75,785.0,768.6500244140625,774.0499877929688,746.614013671875,3532456
2022-11-15,774.0499877929688,780.0,764.5,770.25,742.94873046875,1649039
2022-11-16,770.4500122070312,771.2999877929688,762.25,767.5,740.2962036132812,1407784
2022-11-17,767.5,776.0,761.0999755859375,771.4500122070312,744.1061401367188,1846461
2022-11-18,776.0,776.0,760.25,765.9500122070312,738.8011474609375,2466319
2022-11-21,765.0,765.0,755.2999877929688,759.5999755859375,732.6762084960938,818375
2022-11-22,760.0,770.0,757.0499877929688,768.75,741.5018920898438,1288326
2022-11-23,772.9500122070312,776.0499877929688,766.25,768.5,741.2606811523438,907504
2022-11-24,772.3499755859375,779.9500122070312,767.7999877929688,774.1500244140625,746.71044921875,1463574
2022-11-25,778.0499877929688,780.9500122070312,770.5999755859375,777.1500244140625,749.6041870117188,867124
2022-11-28,777.0,784.9500122070312,775.4500122070312,779.6500244140625,752.0155029296875,943112
2022-11-29,782.0,784.7999877929688,772.2999877929688,774.8499755859375,747.3856201171875,1266481
2022-11-30,777.9000244140625,793.5499877929688,774.3499755859375,789.7000122070312,761.7093505859375,3241756
2022-12-01,780.0,788.6500244140625,776.4500122070312,778.8499755859375,751.2438354492188,1517442
2022-12-02,780.0999755859375,785.0,768.0,783.7000122070312,755.9220581054688,2337749
2022-12-05,787.5,807.0,784.5,802.7999877929688,774.3449096679688,4114694
2022-12-06,801.9000244140625,802.7999877929688,782.2999877929688,787.9000244140625,759.97314453125,1575896
2022-12-07,788.0,792.2999877929688,776.1500244140625,778.1500244140625,750.5687255859375,970940
2022-12-08,782.0499877929688,782.9000244140625,773.2999877929688,777.8499755859375,750.279296875,1500182
2022-12-09,779.4500122070312,781.9500122070312,757.0499877929688,763.7000122070312,736.630859375,1636084
2022-12-12,762.0,775.0,756.5999755859375,773.0499877929688,745.6494750976562,1124301
2022-12-13,776.0,776.0,763.0499877929688,767.4000244140625,740.19970703125,1521073
2022-12-14,768.5,782.0,762.5999755859375,780.9000244140625,753.2212524414062,1480610
2022-12-15,782.0,788.5,765.5,770.75,743.4310302734375,1692394
2022-12-16,766.2000122070312,774.1500244140625,759.0499877929688,770.4500122070312,743.1416015625,2566446
2022-12-19,770.9500122070312,773.9000244140625,763.25,770.1500244140625,742.8522338867188,884769
2022-12-20,769.0,771.5499877929688,749.0,754.8499755859375,728.094482421875,1598234
2022-12-21,761.4500122070312,767.5,751.7999877929688,754.9000244140625,728.142822265625,2220101
2022-12-22,755.25,761.4500122070312,727.4500122070312,729.3499755859375,703.4984130859375,2404863
2022-12-23,722.0999755859375,727.5,707.9500122070312,711.2000122070312,685.9917602539062,1175968
2022-12-26,712.4500122070312,725.3499755859375,707.5,718.25,692.7918090820312,955078
2022-12-27,724.9500122070312,724.9500122070312,710.0,716.3499755859375,690.9591064453125,1693081
2022-12-28,716.0,731.9000244140625,714.0,723.5499877929688,697.9039306640625,3025343
2022-12-29,724.7000122070312,729.8499755859375,717.0,722.5499877929688,696.9393310546875,1898772
2022-12-30,726.2000122070312,732.0,713.4000244140625,716.1500244140625,690.766357421875,1387568
2023-01-02,718.5999755859375,724.0,711.9500122070312,722.0,696.4088745117188,1259229
2023-01-03,722.5,727.25,717.2000122070312,719.3499755859375,693.852783203125,1277112
2023-01-04,721.2000122070312,722.0999755859375,712.0,715.6500244140625,690.2839965820312,1354737
2023-01-05,719.25,724.7000122070312,713.4000244140625,720.2999877929688,694.7691650390625,1407487
2023-01-06,721.4000244140625,729.3499755859375,715.3499755859375,718.1500244140625,692.6954345703125,1209522
2023-01-09,724.0,736.1500244140625,722.5999755859375,734.2000122070312,708.1764526367188,1358106
2023-01-10,735.8499755859375,735.8499755859375,720.0,724.6500244140625,698.9649658203125,1484340
2023-01-11,726.0,727.7000122070312,715.4000244140625,717.7999877929688,692.3577270507812,1400355
2023-01-12,721.4000244140625,722.9000244140625,714.3499755859375,717.7999877929688,692.3577270507812,1272850
2023-01-13,721.0,723.5999755859375,714.4000244140625,718.7999877929688,693.3223266601562,1310587
2023-01-16,721.4500122070312,723.0,710.5,714.0499877929688,688.7406616210938,1079570
2023-01-17,715.0,723.0,713.5999755859375,719.2000122070312,693.7081298828125,1349682
2023-01-18,721.25,734.0,721.0499877929688,732.3499755859375,706.3920288085938,1430862
2023-01-19,732.0,748.8499755859375,730.0,747.5499877929688,721.0532836914062,3553403
2023-01-20,747.5999755859375,748.4000244140625,735.2000122070312,737.7999877929688,711.6488647460938,979497
2023-01-23,742.9500122070312,753.4500122070312,738.2000122070312,749.4500122070312,722.8859252929688,2526843
2023-01-24,750.0,753.5999755859375,743.0,745.9500122070312,719.510009765625,1132275
2023-01-25,744.0,746.75,735.25,737.9500122070312,711.7935180664062,1865988
2023-01-27,741.6500244140625,756.7000122070312,735.2000122070312,744.7000122070312,718.3043212890625,4903817
2023-01-30,748.75,750.5499877929688,737.5999755859375,745.1500244140625,718.7384033203125,1189091
2023-01-31,748.0,766.7000122070312,748.0,757.2000122070312,730.3612670898438,3629320
2023-02-01,765.0999755859375,771.5999755859375,730.0,742.1500244140625,715.8447265625,3623038
2023-02-02,741.0,744.9500122070312,684.25,696.4000244140625,671.7162475585938,7698238
2023-02-03,701.0999755859375,718.0,697.5,715.7000122070312,690.3322143554688,2601859
2023-02-06,715.5,716.7000122070312,701.3499755859375,714.5499877929688,689.222900390625,1366976
2023-02-07,715.4000244140625,716.9500122070312,701.1500244140625,709.25,684.1107788085938,1571287
2023-02-08,711.0,723.7999877929688,710.0,722.6500244140625,697.035888671875,1050880
2023-02-09,721.0499877929688,722.75,714.0499877929688,717.0999755859375,691.6825561523438,1097590
2023-02-10,717.0999755859375,729.3499755859375,716.5499877929688,726.9000244140625,701.13525390625,1282246
2023-02-13,730.0,736.4000244140625,725.0,733.7999877929688,707.7906494140625,1265376
2023-02-14,736.5,766.9500122070312,735.5999755859375,761.5999755859375,734.6052856445312,7326901
2023-02-15,760.9500122070312,770.4000244140625,759.2000122070312,769.3499755859375,742.08056640625,2786352
2023-02-16,770.0,773.7000122070312,767.0,770.3499755859375,743.0451049804688,1575168
2023-02-17,763.0,780.0,763.0,770.1500244140625,742.8522338867188,2374926
2023-02-20,762.0,769.75,755.0,757.9500122070312,731.0846557617188,1149759
2023-02-21,761.75,764.0999755859375,744.2999877929688,747.1500244140625,720.6675415039062,1964019
2023-02-22,745.0499877929688,749.2999877929688,736.5499877929688,739.2999877929688,713.0957641601562,1950321
2023-02-23,743.0,756.6500244140625,740.0,745.1500244140625,718.7384033203125,2936268
2023-02-24,748.8499755859375,754.7999877929688,736.0,738.2999877929688,712.131103515625,2100294
2023-02-27,736.0,738.0,704.0,708.2999877929688,683.1944580078125,2252550
2023-02-28,708.0,710.5999755859375,693.25,694.2000122070312,669.59423828125,2676043
2023-03-01,699.2000122070312,714.4500122070312,694.5499877929688,713.2999877929688,688.0172729492188,1835234
2023-03-02,713.6500244140625,716.0,704.0999755859375,705.9000244140625,680.8795776367188,993892
2023-03-03,709.0,714.8499755859375,704.8499755859375,710.0,684.834228515625,1154106
2023-03-06,713.5499877929688,718.5,709.0,711.0499877929688,685.8469848632812,1066876
2023-03-08,702.0499877929688,717.6500244140625,702.0499877929688,716.7000122070312,691.2967529296875,1007033
2023-03-09,716.7000122070312,723.2000122070312,710.9500122070312,712.0999755859375,686.8598022460938,1212451
2023-03-10,710.0,714.9000244140625,705.0499877929688,711.6500244140625,686.42578125,1344227
2023-03-13,712.0,718.9000244140625,702.25,704.7000122070312,679.7221069335938,1173419
2023-03-14,708.25,709.0,687.5999755859375,697.6500244140625,672.9219360351562,1690322
2023-03-15,705.7999877929688,714.9000244140625,700.1500244140625,702.4500122070312,677.5518798828125,1248597
2023-03-16,705.8499755859375,705.8499755859375,692.0499877929688,696.4000244140625,671.7162475585938,713926
2023-03-17,705.5,717.8499755859375,696.7999877929688,715.6500244140625,690.2839965820312,2568540
2023-03-20,714.0,714.7000122070312,700.25,708.0999755859375,683.0015869140625,913310
2023-03-21,708.6500244140625,720.0,704.6500244140625,708.1500244140625,683.0498657226562,838991
2023-03-22,710.0,717.2000122070312,710.0,716.1500244140625,690.766357421875,569287
2023-03-23,717.75,718.2000122070312,708.0999755859375,709.7000122070312,684.544921875,914840
2023-03-24,713.7999877929688,713.7999877929688,694.2000122070312,696.9000244140625,672.1986083984375,982591
2023-03-27,698.4500122070312,708.0,693.2000122070312,700.6500244140625,675.815673828125,1355800
2023-03-28,704.1500244140625,715.5,702.4000244140625,714.6500244140625,689.3194580078125,2618934
2023-03-29,714.5999755859375,718.0,698.4000244140625,707.4000244140625,682.3264770507812,2871532
2023-03-31,705.0,722.4500122070312,705.0,717.6500244140625,692.2130737304688,1383231
2023-04-03,718.5,731.25,717.7999877929688,729.6500244140625,703.7877197265625,1768965
2023-04-05,729.6500244140625,736.2000122070312,725.9000244140625,732.2999877929688,706.34375,1500202
2023-04-06,734.0,734.0,723.0,726.1500244140625,700.411865234375,1391534
2023-04-10,729.9500122070312,739.0,727.2999877929688,737.75,711.6007080078125,883124
2023-04-11,742.0,744.0,737.7000122070312,742.5499877929688,716.2305297851562,731229
2023-04-12,746.0,747.7000122070312,736.0,739.9000244140625,713.6744995117188,1347769
2023-04-13,739.9000244140625,744.0999755859375,734.0,737.0,710.877197265625,994060
2023-04-17,742.9500122070312,744.5,732.0,737.1500244140625,711.02197265625,1043080
2023-04-18,737.1500244140625,743.0999755859375,735.25,738.6500244140625,712.4688110351562,1280463
2023-04-19,741.9000244140625,741.9000244140625,731.5,735.9500122070312,709.8644409179688,1012743
2023-04-20,738.4000244140625,739.0,730.6500244140625,732.0499877929688,706.1026000976562,1084257
2023-04-21,732.5,743.9000244140625,731.0,734.7000122070312,708.6587524414062,1829162
2023-04-24,735.0,739.2000122070312,723.25,729.8499755859375,703.9805908203125,1049786
2023-04-25,719.9000244140625,721.2000122070312,705.2999877929688,714.6500244140625,689.3194580078125,3407713
2023-04-26,714.7000122070312,716.7999877929688,707.5,715.3499755859375,689.9945068359375,3621655
2023-04-27,716.2999877929688,730.75,716.2999877929688,727.2000122070312,701.4246215820312,2470510
2023-04-28,733.0,741.9000244140625,730.7999877929688,740.2999877929688,714.0602416992188,2374556
2023-05-02,744.2999877929688,759.9500122070312,743.5499877929688,752.5,725.827880859375,2225369
2023-05-03,751.5,755.7999877929688,738.5499877929688,739.7999877929688,713.5780029296875,1031469
2023-05-04,740.25,742.75,728.1500244140625,731.5,705.5722045898438,1655943
2023-05-05,735.0999755859375,735.0999755859375,709.6500244140625,714.8499755859375,689.5123291015625,3930399
2023-05-08,718.7000122070312,725.0,700.4500122070312,715.4000244140625,690.0428466796875,6201290
2023-05-09,710.0,710.0,692.6500244140625,694.4000244140625,669.7871704101562,8030712
2023-05-10,695.7999877929688,695.7999877929688,677.2999877929688,679.7000122070312,655.6082153320312,5803203
2023-05-11,682.2000122070312,687.4500122070312,680.3499755859375,682.9000244140625,658.6947631835938,2228828
2023-05-12,685.0499877929688,685.7999877929688,673.0,678.2000122070312,654.161376953125,1805619
2023-05-15,679.4000244140625,680.9500122070312,675.0,675.9500122070312,651.9910888671875,2432818
2023-05-16,677.0,677.8499755859375,671.0,672.8499755859375,649.0009765625,1866298
2023-05-17,673.25,683.4500122070312,672.1500244140625,677.7999877929688,653.7755737304688,2527136
2023-05-18,679.0,681.7999877929688,672.1500244140625,673.3499755859375,649.4832763671875,1408554
2023-05-19,674.0,676.0,657.0499877929688,668.0,644.3229370117188,4632213
2023-05-22,668.0,672.0499877929688,661.9500122070312,670.4000244140625,646.6378173828125,2116815
2023-05-23,670.4500122070312,681.75,670.4500122070312,680.6500244140625,656.5245971679688,2087867
2023-05-24,680.6500244140625,684.7999877929688,674.0,682.25,658.0677490234375,1920527
2023-05-25,682.5,685.4500122070312,674.1500244140625,675.7999877929688,651.846435546875,2210598
2023-05-26,676.0,688.9500122070312,676.0,688.0999755859375,663.71044921875,2131442
2023-05-29,690.0,691.5,686.25,690.0,665.5431518554688,1116759
2023-05-30,691.0,694.0,684.0999755859375,689.0499877929688,664.6268310546875,900153
2023-05-31,684.25,691.0499877929688,682.0,685.0999755859375,660.8167724609375,3370272
2023-06-01,685.0,685.0999755859375,676.5,677.9500122070312,653.9202270507812,2470088
2023-06-02,679.0,684.5,678.9000244140625,683.3499755859375,659.1287841796875,1168519
2023-06-05,689.0,691.5,684.6500244140625,690.0,665.5431518554688,1227013
2023-06-06,691.0,696.9500122070312,690.4000244140625,694.0,669.4013671875,1618425
2023-06-07,697.0,697.75,692.7999877929688,693.9500122070312,669.3531494140625,1147072
2023-06-08,695.0,698.9000244140625,689.0499877929688,690.0499877929688,665.59130859375,1312986
2023-06-09,692.0,692.4000244140625,677.7999877929688,680.25,656.1387329101562,1411515
2023-06-12,680.25,682.5499877929688,674.2000122070312,678.9500122070312,654.8848876953125,2017017
2023-06-13,676.0999755859375,684.0,676.0999755859375,682.25,658.0677490234375,2175343
2023-06-14,682.0,689.4500122070312,678.6500244140625,682.75,658.5501098632812,4009140
2023-06-15,682.75,688.0,676.6500244140625,680.7999877929688,656.669189453125,1890165
2023-06-16,681.2999877929688,695.7999877929688,681.0999755859375,690.8499755859375,666.363037109375,3397721
2023-06-19,694.9500122070312,696.0,681.5,685.5999755859375,661.2991333007812,1510117
2023-06-20,685.0,685.0999755859375,678.7000122070312,683.4500122070312,659.2252807617188,1537058
2023-06-21,683.5,687.0,682.0499877929688,686.0999755859375,661.7813110351562,1194618
2023-06-22,686.0999755859375,686.0999755859375,671.0499877929688,674.4000244140625,650.49609375,2165875
2023-06-23,674.75,675.75,665.5,666.8499755859375,643.213623046875,1884124
2023-06-26,672.6500244140625,680.8499755859375,667.5,679.2000122070312,655.1259155273438,2550546
2023-06-27,679.0,681.0,672.0999755859375,674.3499755859375,650.4478149414062,1844795
2023-06-28,675.8499755859375,682.0,674.0,680.3499755859375,656.235107421875,2993257
2023-06-30,681.0,688.25,681.0,687.5499877929688,663.179931640625,1756332
2023-07-03,688.4000244140625,688.9500122070312,678.0,680.2999877929688,656.1869506835938,1650880
2023-07-04,684.9000244140625,688.5499877929688,675.7999877929688,676.9500122070312,652.9556884765625,1707986
2023-07-05,679.0,679.0,669.2000122070312,669.7999877929688,646.05908203125,2257766
2023-07-06,671.0,674.0,669.5,672.75,648.9046020507812,1668647
2023-07-07,672.8499755859375,676.0,661.7999877929688,663.0,639.5001220703125,2924889
2023-07-10,666.5,666.5,658.8499755859375,660.0999755859375,636.702880859375,1532305
2023-07-11,654.9500122070312,654.9500122070312,640.1500244140625,644.25,621.4147338867188,3874013
2023-07-12,647.8499755859375,651.2000122070312,642.5,643.8499755859375,621.0289306640625,2355259
2023-07-13,642.5,649.5,630.0,631.0,608.6343383789062,4725978
2023-07-14,632.0,640.0999755859375,631.5,639.5499877929688,616.8814086914062,2430626
2023-07-17,643.0,647.0,637.25,643.7999877929688,620.9806518554688,2618535
2023-07-18,645.5999755859375,646.0,638.3499755859375,639.9500122070312,617.2671508789062,3048982
2023-07-19,642.4000244140625,645.7000122070312,638.2000122070312,639.1500244140625,616.4954833984375,2990583
2023-07-20,642.0,643.7000122070312,637.0,639.4000244140625,616.7366333007812,2365174
2023-07-21,640.0,640.5,633.75,634.5999755859375,612.1067504882812,2618007
2023-07-24,637.7999877929688,637.7999877929688,630.7000122070312,632.1500244140625,609.74365234375,1626647
2023-07-25,635.0,635.0,624.0499877929688,626.0,603.8115234375,2391696
2023-07-26,628.0,635.8499755859375,627.5499877929688,631.9000244140625,609.5025024414062,1885345
2023-07-27,634.2000122070312,637.2999877929688,625.2999877929688,626.75,604.5350341796875,1822820
2023-07-28,628.0,630.4500122070312,622.25,625.1500244140625,602.9917602539062,1972225
2023-07-31,625.0,631.0,621.0,624.7000122070312,602.5576782226562,5257210
2023-08-01,621.0,628.2999877929688,611.0,625.7000122070312,603.5222778320312,7565764
2023-08-02,628.7999877929688,629.5499877929688,614.0,619.1500244140625,597.2044067382812,2977294
2023-08-03,612.5,612.5,590.0999755859375,600.4500122070312,588.2814331054688,6714021
2023-08-04,604.5,607.3499755859375,600.4500122070312,603.3499755859375,591.1226196289062,1698361
2023-08-07,604.5,609.75,604.0,606.7999877929688,594.5027465820312,1586290
2023-08-08,608.4000244140625,608.9000244140625,602.1500244140625,604.3499755859375,592.1023559570312,2297368
2023-08-09,604.0,616.9000244140625,602.7999877929688,615.2000122070312,602.7325439453125,4701339
2023-08-10,615.9500122070312,618.9000244140625,606.25,609.6500244140625,597.2949829101562,2552655
2023-08-11,611.0,611.9000244140625,598.0499877929688,599.7000122070312,587.546630859375,1772170
2023-08-14,600.0,600.5,586.0,590.2999877929688,578.3370971679688,2087103
2023-08-16,590.2999877929688,593.0,583.0,589.7999877929688,577.84716796875,1504238
2023-08-17,589.0,591.2999877929688,584.0,584.9500122070312,573.0955810546875,1816344
2023-08-18,584.0,587.6500244140625,576.9500122070312,578.4500122070312,566.7272338867188,2394208
2023-08-21,582.0,590.0,580.0999755859375,585.7000122070312,573.8302612304688,1884006
2023-08-22,590.0,590.0,583.0,583.8499755859375,572.0177612304688,1199386
2023-08-23,585.0,587.9500122070312,583.3499755859375,585.75,573.8792724609375,1218953
2023-08-24,589.0,593.8499755859375,585.0,586.4000244140625,574.5162353515625,1673004
2023-08-25,585.0,588.75,580.0,583.2000122070312,571.3809814453125,1132264
2023-08-28,583.2000122070312,587.5499877929688,582.0,585.1500244140625,573.29150390625,1005968
2023-08-29,589.5,601.0,589.0,597.5999755859375,585.4890747070312,6318164
2023-08-30,600.0,607.5,598.5999755859375,599.9000244140625,587.7425537109375,3729681
2023-08-31,601.9500122070312,602.0999755859375,590.25,591.1500244140625,579.169921875,7321307
2023-09-01,593.0,604.5499877929688,591.0,603.0,590.7797241210938,2466406
2023-09-04,605.0,608.8499755859375,599.25,607.4500122070312,595.1395263671875,4215928
2023-09-05,608.0999755859375,612.25,603.7999877929688,608.0499877929688,595.7273559570312,3465504
2023-09-06,609.0,611.0,603.8499755859375,609.3499755859375,597.0009765625,2896499
2023-09-07,609.2999877929688,615.9000244140625,607.0499877929688,612.2999877929688,599.8912353515625,3079054
2023-09-08,614.4500122070312,614.9000244140625,606.0,606.7999877929688,594.5027465820312,2137652
2023-09-11,610.0,619.3499755859375,608.0999755859375,617.9500122070312,605.4267578125,3724960
2023-09-12,621.9500122070312,622.3499755859375,602.3499755859375,604.5,592.2493286132812,2923292
2023-09-13,605.0,610.7999877929688,603.5999755859375,608.2999877929688,595.9723510742188,1430448
2023-09-14,610.9500122070312,633.5,610.0,631.75,618.9471435546875,9184356
2023-09-15,634.7999877929688,635.5,627.6500244140625,634.6500244140625,621.788330078125,3745966
2023-09-18,634.6500244140625,639.0499877929688,628.0,630.0999755859375,617.3304443359375,2579565
2023-09-20,625.0499877929688,628.2999877929688,620.5,622.5,609.8845825195312,2474148
2023-09-21,627.0,635.0,622.0999755859375,625.0499877929688,612.3828125,3925418
2023-09-22,627.4500122070312,629.5,612.5999755859375,614.7999877929688,602.340576171875,1850344
2023-09-25,614.7999877929688,624.7999877929688,613.0999755859375,616.9500122070312,604.447021484375,2303387
2023-09-26,616.9500122070312,623.0,615.0,617.5499877929688,605.0348510742188,1906824
2023-09-27,617.5999755859375,618.5499877929688,609.0499877929688,615.0999755859375,602.6344604492188,2018781
2023-09-28,615.0999755859375,618.9000244140625,602.5499877929688,605.0,592.7391967773438,2158105
2023-09-29,614.0,621.5,609.25,616.25,603.76123046875,2002347
2023-10-03,615.9500122070312,615.9500122070312,606.0499877929688,607.0,594.6986694335938,2407302
2023-10-04,605.0,606.75,597.7999877929688,603.0499877929688,590.8287353515625,1922433
2023-10-05,606.2000122070312,609.4000244140625,601.8499755859375,604.2999877929688,592.0533447265625,1413612
2023-10-06,607.5999755859375,613.0,605.0,612.1500244140625,599.7443237304688,1750968
2023-10-09,606.5499877929688,610.9500122070312,598.2999877929688,609.9500122070312,597.5888671875,1866768
2023-10-10,610.0,625.5,609.1500244140625,621.7999877929688,609.1986694335938,3281868
2023-10-11,625.9000244140625,629.5999755859375,623.9000244140625,627.75,615.0281372070312,2053212
2023-10-12,629.1500244140625,629.4000244140625,619.7000122070312,620.5999755859375,608.0230712890625,1645852
2023-10-13,618.8499755859375,625.1500244140625,616.4000244140625,623.0499877929688,610.4234008789062,1171758
2023-10-16,622.0,633.0,621.4000244140625,630.9500122070312,618.1632690429688,1917226
2023-10-17,634.9000244140625,634.9000244140625,624.0,624.9000244140625,612.2359619140625,1462594
2023-10-18,625.0,628.25,618.2999877929688,620.5499877929688,607.9740600585938,1222311
2023-10-19,614.4000244140625,617.7000122070312,607.2999877929688,613.5499877929688,601.1158447265625,1842555
2023-10-20,613.0,613.0,602.0,603.4500122070312,591.2205810546875,1174201
2023-10-23,603.0,608.0,585.0999755859375,586.7000122070312,574.8101196289062,2109981
2023-10-25,586.7000122070312,592.75,577.8499755859375,580.1500244140625,568.3928833007812,2986843
2023-10-26,580.1500244140625,580.9500122070312,560.0,561.0499877929688,549.6798095703125,4015200
2023-10-27,565.0,566.75,556.2999877929688,558.6500244140625,547.3285522460938,2425358
2023-10-30,560.0,563.2000122070312,531.9000244140625,538.6500244140625,527.73388671875,7164172
2023-10-31,534.9500122070312,543.7000122070312,528.1500244140625,540.5,529.5463256835938,5210230
2023-11-01,531.5999755859375,540.5999755859375,529.5499877929688,532.0499877929688,521.267578125,3767073
2023-11-02,535.3499755859375,542.5499877929688,535.0,540.75,529.791259765625,1797928
2023-11-03,544.9500122070312,551.9000244140625,544.0,550.2999877929688,539.1477661132812,1809034
2023-11-06,552.0499877929688,555.4500122070312,548.4000244140625,554.7000122070312,543.4585571289062,1069714
2023-11-07,553.9500122070312,556.0499877929688,550.5,552.0,540.8132934570312,1479349
2023-11-08,555.9000244140625,557.7999877929688,553.0999755859375,555.7000122070312,544.4382934570312,1190583
2023-11-09,555.7000122070312,557.7999877929688,548.7999877929688,550.4000244140625,539.2457275390625,1794405
2023-11-10,550.0,550.4000244140625,545.0,547.1500244140625,536.0615844726562,1414936
2023-11-13,555.0,556.5,550.0999755859375,552.7000122070312,541.4991455078125,1449034
2023-11-15,557.0,564.75,556.3499755859375,561.7999877929688,550.4146728515625,1766163
2023-11-16,561.75,563.5999755859375,556.0,560.8499755859375,549.4839477539062,2112355
2023-11-17,560.3499755859375,565.7000122070312,558.6500244140625,561.75,550.36572265625,1787739
2023-11-20,561.75,563.9500122070312,554.7999877929688,556.7000122070312,545.4180297851562,1079422
2023-11-21,556.5999755859375,564.0,556.5,563.0499877929688,551.6393432617188,1333644
2023-11-22,564.9000244140625,569.5499877929688,563.0999755859375,565.9000244140625,554.431640625,2648583
2023-11-23,568.0499877929688,571.7000122070312,565.0499877929688,565.9000244140625,554.431640625,1264347
2023-11-24,565.5,568.3499755859375,558.0499877929688,558.9500122070312,547.6224975585938,868199
2023-11-28,558.9500122070312,564.8499755859375,556.1500244140625,563.5499877929688,552.129150390625,1284890
2023-11-29,565.0,571.9000244140625,563.0999755859375,570.0499877929688,558.4974365234375,1780095
2023-11-30,570.0,572.9000244140625,566.2000122070312,570.6500244140625,559.0853271484375,3931052
2023-12-01,570.6500244140625,575.9500122070312,569.0499877929688,575.1500244140625,563.494140625,1811072
2023-12-04,578.5,584.8499755859375,577.0,578.9000244140625,567.1681518554688,3025773
2023-12-05,578.5,583.9000244140625,576.8499755859375,581.4000244140625,569.6174926757812,1870544
2023-12-06,583.0,596.2999877929688,583.0,588.5499877929688,576.62255859375,3437918
2023-12-07,594.0,594.0,585.5,586.5499877929688,574.6630859375,1824646
2023-12-08,590.0,595.9000244140625,580.25,585.2000122070312,573.3405151367188,2175978
2023-12-11,585.0,603.7000122070312,583.5499877929688,602.4000244140625,590.19189453125,4467164
2023-12-12,606.0,606.75,595.8499755859375,597.7000122070312,585.587158203125,2339706
2023-12-13,601.0,602.7000122070312,592.7999877929688,599.3499755859375,587.2036743164062,2110586
2023-12-14,603.0499877929688,604.0,596.5,599.1500244140625,587.0077514648438,2026994
2023-12-15,601.4500122070312,612.7999877929688,601.4500122070312,610.8499755859375,598.4706420898438,4941179
2023-12-18,613.7999877929688,614.75,605.0,606.5499877929688,594.2578125,1685280
2023-12-19,607.0,612.0,597.8499755859375,598.75,586.6158447265625,2396755
2023-12-20,605.0,605.0,569.0,572.1500244140625,560.554931640625,5509320
2023-12-21,572.1500244140625,579.9500122070312,565.7000122070312,577.4000244140625,565.6986083984375,3089260
2023-12-22,581.0,585.75,577.4000244140625,581.6500244140625,569.8623657226562,2464945
2023-12-26,587.9000244140625,595.0,585.0,586.0999755859375,574.2222290039062,3443852
2023-12-27,590.0999755859375,592.2999877929688,581.0999755859375,583.2000122070312,571.3809814453125,2155491
2023-12-28,585.9000244140625,591.0,582.0,589.4500122070312,577.5043334960938,2270681
2023-12-29,592.0,592.0,585.0499877929688,587.25,575.3489379882812,2223633
2024-01-01,588.0,599.9000244140625,587.2000122070312,592.7000122070312,580.6884765625,2825708
2024-01-02,593.0,603.7999877929688,589.0499877929688,594.4500122070312,582.4030151367188,3406640
2024-01-03,595.3499755859375,596.7999877929688,585.2999877929688,586.8499755859375,574.9569702148438,2435233
2024-01-04,587.0,589.2000122070312,582.6500244140625,587.6500244140625,575.7408447265625,3606404
2024-01-05,589.2999877929688,590.9500122070312,576.5,581.25,569.4705200195312,2433275
2024-01-08,581.0,582.7999877929688,560.0499877929688,560.9000244140625,549.5328979492188,5345743
2024-01-09,566.0,567.9500122070312,553.25,558.1500244140625,546.838623046875,3590645
2024-01-10,561.0,561.75,551.9000244140625,558.5999755859375,547.2794799804688,2204496
2024-01-11,561.9500122070312,566.1500244140625,560.5499877929688,562.25,550.8555297851562,1620693
2024-01-12,566.0999755859375,568.3499755859375,562.4000244140625,565.0999755859375,553.647705078125,1441096
2024-01-15,568.0,571.6500244140625,564.5,567.75,556.2440795898438,1659661
2024-01-16,568.0,569.2000122070312,560.5,564.5,553.0599975585938,1653823
2024-01-17,561.0,562.5,549.5999755859375,551.0,539.8335571289062,4724845
2024-01-18,550.0,552.0,539.1500244140625,544.2000122070312,533.1714477539062,3512857
2024-01-19,549.0,557.2000122070312,542.75,553.4000244140625,542.1849365234375,2415540
2024-01-23,558.4500122070312,558.4500122070312,533.5499877929688,535.0999755859375,524.2556762695312,2849229
2024-01-24,539.9000244140625,547.0,535.0999755859375,545.75,534.6900024414062,1386191
2024-01-25,545.75,547.5999755859375,536.0,537.2999877929688,526.4111938476562,1723625
2024-01-29,542.2000122070312,542.7000122070312,534.4000244140625,539.6500244140625,528.7135620117188,2162690
2024-01-30,541.9000244140625,547.5,534.4000244140625,535.25,524.4027099609375,1912294
2024-01-31,538.9000244140625,542.75,534.0999755859375,537.7000122070312,526.8031005859375,3570913
2024-02-01,536.2999877929688,539.0,526.5,530.0499877929688,519.30810546875,3662000
2024-02-02,533.9000244140625,540.6500244140625,529.25,533.6500244140625,522.8351440429688,4224992
2024-02-05,524.0,525.0,470.04998779296875,474.0,464.3940124511719,23096694
2024-02-06,476.20001220703125,486.0,468.29998779296875,481.8500061035156,472.0849304199219,6661787
2024-02-07,484.0,485.0,477.25,477.79998779296875,468.1169738769531,3069307
2024-02-08,480.0,481.79998779296875,463.54998779296875,464.8500061035156,455.429443359375,5214678
2024-02-09,467.8999938964844,467.8999938964844,453.29998779296875,457.95001220703125,448.6692810058594,5881661
2024-02-12,461.79998779296875,465.79998779296875,455.04998779296875,458.3999938964844,449.1101379394531,4404671
2024-02-13,462.04998779296875,479.95001220703125,452.1499938964844,479.1000061035156,469.39068603515625,7706461
2024-02-14,479.20001220703125,482.3999938964844,472.25,481.3999938964844,471.6440124511719,3210526
2024-02-15,486.8999938964844,490.45001220703125,484.70001220703125,487.3500061035156,477.4734802246094,3568439
2024-02-16,484.04998779296875,494.20001220703125,481.04998779296875,490.8999938964844,480.9515075683594,3374827
2024-02-19,493.70001220703125,500.0,491.54998779296875,497.54998779296875,487.46673583984375,3383768
2024-02-20,497.6000061035156,505.45001220703125,495.25,498.04998779296875,487.9566345214844,3033673
2024-02-21,499.0,500.20001220703125,490.95001220703125,492.1499938964844,482.1761779785156,1697299
2024-02-22,493.29998779296875,494.20001220703125,484.04998779296875,492.29998779296875,482.3231506347656,2881064
2024-02-23,494.0,496.6000061035156,487.8999938964844,488.70001220703125,478.796142578125,1341328
2024-02-26,488.6000061035156,493.1000061035156,485.75,489.1499938964844,479.2369689941406,2253561
2024-02-27,489.8999938964844,491.5,481.5,484.6000061035156,474.7792053222656,2920314
2024-02-28,484.20001220703125,486.0,474.0,475.8999938964844,466.2554931640625,1572519
2024-02-29,472.0,475.0,466.79998779296875,469.70001220703125,460.1811828613281,5632071
2024-03-01,474.0,477.8999938964844,471.1499938964844,474.54998779296875,464.9328918457031,2877161
2024-03-04,476.04998779296875,480.1499938964844,470.0,474.25,464.63897705078125,1820722
2024-03-05,474.0,491.04998779296875,473.5,474.25,464.63897705078125,6182475
2024-03-06,476.95001220703125,477.5,464.5,473.20001220703125,463.6102294921875,3213293
2024-03-07,475.0,485.95001220703125,474.8500061035156,482.29998779296875,472.5257873535156,5420581
2024-03-11,485.1000061035156,488.0,475.5,476.54998779296875,466.8923034667969,2888338
2024-03-12,478.70001220703125,478.95001220703125,472.3500061035156,474.04998779296875,464.4429931640625,3030937
2024-03-13,474.04998779296875,476.79998779296875,450.04998779296875,451.8999938964844,442.74188232421875,3446385
2024-03-14,451.8500061035156,464.20001220703125,447.79998779296875,462.1000061035156,452.73516845703125,2505609
2024-03-15,462.20001220703125,477.5,459.45001220703125,475.1499938964844,465.52069091796875,6120565
2024-03-18,475.0,475.0,463.0,466.04998779296875,456.6051025390625,2951978
2024-03-19,464.0,471.45001220703125,460.25,461.04998779296875,451.7064514160156,2538838
2024-03-20,461.0,464.70001220703125,449.25,455.45001220703125,446.2199401855469,3018788
2024-03-21,457.0,461.95001220703125,452.25,455.54998779296875,446.3179016113281,3138092
2024-03-22,455.6000061035156,474.3500061035156,455.0,470.0,460.4750671386719,7019704
2024-03-26,468.0,471.1000061035156,464.3500061035156,465.3999938964844,455.9682922363281,5072326
2024-03-27,465.0,467.20001220703125,453.45001220703125,455.5,446.2689208984375,27876181
2024-03-28,458.45001220703125,459.70001220703125,452.1000061035156,456.0,446.7587890625,5435115
2024-04-01,460.0,468.3500061035156,458.45001220703125,466.20001220703125,456.7521057128906,2840448
2024-04-02,463.0,476.95001220703125,461.0,475.25,465.6186828613281,5564890
2024-04-03,475.0,482.95001220703125,470.5,476.70001220703125,467.039306640625,4788697
2024-04-04,480.0,496.75,473.1000061035156,492.95001220703125,482.9599914550781,9778795
2024-04-05,499.5,500.6000061035156,489.8999938964844,494.3500061035156,484.33160400390625,6753966
2024-04-08,500.54998779296875,500.54998779296875,483.04998779296875,489.04998779296875,479.1390075683594,4603981
2024-04-09,492.70001220703125,496.5,486.79998779296875,489.8500061035156,479.9228210449219,2166661
2024-04-10,490.5,509.0,489.3999938964844,504.29998779296875,494.0799255371094,7937541
2024-04-12,505.54998779296875,511.1000061035156,500.5,502.04998779296875,491.87554931640625,5337775
2024-04-15,495.0,499.54998779296875,486.5,489.95001220703125,480.0207824707031,4994330
2024-04-16,488.04998779296875,492.0,483.04998779296875,484.6499938964844,474.8281555175781,3104362
2024-04-18,488.29998779296875,492.8500061035156,476.20001220703125,478.3999938964844,468.704833984375,2706609
2024-04-19,473.25,489.95001220703125,466.54998779296875,487.54998779296875,477.6694030761719,3209153
2024-04-22,492.0,494.6000061035156,487.6000061035156,493.3999938964844,483.4008483886719,1860795
2024-04-23,494.8999938964844,500.6000061035156,492.25,495.5,485.45831298828125,3014860
2024-04-24,495.8500061035156,503.8999938964844,495.6000061035156,498.45001220703125,488.3485412597656,1683615
2024-04-25,499.0,506.95001220703125,496.3500061035156,505.8999938964844,495.64752197265625,4660938
2024-04-26,509.0,513.9000244140625,502.5,508.45001220703125,498.1458435058594,2825380
2024-04-29,510.95001220703125,510.95001220703125,504.5,507.04998779296875,496.77423095703125,2501739
2024-04-30,506.8999938964844,513.7000122070312,506.29998779296875,507.1499938964844,496.8721923828125,3509055
2024-05-02,508.1000061035156,510.3999938964844,497.29998779296875,498.20001220703125,488.10357666015625,2405482
2024-05-03,500.8500061035156,503.95001220703125,490.04998779296875,493.6000061035156,483.5968017578125,2196892
2024-05-06,495.25,498.29998779296875,481.1000061035156,483.3999938964844,473.603515625,3652474
2024-05-07,485.0,486.45001220703125,470.3999938964844,474.1000061035156,464.49200439453125,4535131
2024-05-08,475.5,479.95001220703125,471.1499938964844,477.8500061035156,468.1659851074219,1861827
2024-05-09,477.8500061035156,482.25,464.3500061035156,466.45001220703125,456.9970397949219,2726979
2024-05-10,471.0,505.0,464.45001220703125,501.8999938964844,491.72857666015625,6834995
2024-05-13,502.45001220703125,540.0,502.45001220703125,534.0999755859375,523.2760009765625,27039443
2024-05-14,531.7999877929688,531.7999877929688,501.6499938964844,510.04998779296875,499.71343994140625,15011896
2024-05-15,512.9500122070312,521.2999877929688,510.04998779296875,514.7999877929688,504.3671875,4234215
2024-05-16,516.1500244140625,519.7999877929688,505.8500061035156,510.0,499.6644287109375,2398088
2024-05-17,510.1000061035156,515.2999877929688,510.1000061035156,511.25,500.8891296386719,1911312
2024-05-21,508.5,514.0,508.5,512.0999755859375,501.72186279296875,2372489
2024-05-22,514.0,522.0499877929688,510.3500061035156,515.5499877929688,505.1019287109375,2807354
2024-05-23,515.5499877929688,517.7000122070312,507.20001220703125,510.8500061035156,500.4972229003906,1824121
2024-05-24,516.5,522.0,513.4000244140625,515.7999877929688,505.3468933105469,4320492
2024-05-27,518.4000244140625,529.6500244140625,516.8499755859375,524.9500122070312,514.3114624023438,6701240
2024-05-28,527.5,529.0,516.0999755859375,517.5,507.0124206542969,2462629
2024-05-29,519.0,522.5999755859375,515.5,517.25,506.76751708984375,2522672
2024-05-30,516.7000122070312,518.3499755859375,505.0,506.1000061035156,495.8434753417969,1828288
2024-05-31,508.0,517.9000244140625,506.8500061035156,508.79998779296875,498.4887390136719,8552013
2024-06-03,517.0,531.25,514.0,528.1500244140625,517.4465942382812,5297460
2024-06-04,529.75,529.75,478.0,495.95001220703125,485.89923095703125,4202540
2024-06-05,505.04998779296875,531.9500122070312,496.1000061035156,528.4500122070312,517.7405395507812,3690376
2024-06-06,529.7999877929688,545.5,527.7000122070312,537.4000244140625,526.5091552734375,6939999
2024-06-07,541.9000244140625,542.9000244140625,534.2000122070312,539.75,528.8115234375,2223919
2024-06-10,542.6500244140625,555.5999755859375,532.0999755859375,551.5,540.3234252929688,6964090
2024-06-11,550.2000122070312,557.2999877929688,543.2999877929688,554.2999877929688,543.066650390625,4059315
2024-06-12,555.4000244140625,558.5999755859375,548.5,550.0499877929688,538.9027709960938,2173771
2024-06-13,551.7000122070312,561.8499755859375,547.25,557.7000122070312,546.3977661132812,3845237
2024-06-14,557.7000122070312,559.7999877929688,549.7000122070312,551.7000122070312,540.5194091796875,2022269
2024-06-18,554.0,557.5999755859375,550.0999755859375,556.1500244140625,544.8792114257812,1587670
2024-06-19,560.0,568.4500122070312,550.7000122070312,557.2999877929688,546.0057983398438,6124293
2024-06-20,557.2999877929688,577.7000122070312,554.5999755859375,569.0,557.4688110351562,7472902
2024-06-21,574.3499755859375,574.3499755859375,561.25,565.9500122070312,554.4805908203125,5890175
2024-06-24,562.0,578.7000122070312,551.0999755859375,572.0999755859375,560.5059204101562,5572012
2024-06-25,573.0,576.7999877929688,567.0,571.0999755859375,559.5261840820312,1985056
2024-06-26,570.9000244140625,576.0,564.6500244140625,570.3499755859375,558.7913208007812,2354064
2024-06-27,570.2000122070312,574.5999755859375,559.25,567.8499755859375,556.3419799804688,1627135
2024-06-28,568.0,576.0,566.5,570.8499755859375,559.28125,1535016
2024-07-01,570.0499877929688,574.7000122070312,567.2999877929688,573.4500122070312,561.82861328125,1451065
2024-07-02,574.0999755859375,580.2999877929688,561.9000244140625,566.6500244140625,555.1663818359375,2781201
2024-07-03,567.5,576.0,567.2000122070312,572.1500244140625,560.554931640625,1898741
2024-07-04,575.0,579.9500122070312,568.6500244140625,570.4500122070312,558.8894653320312,2148117
2024-07-05,570.7999877929688,573.9000244140625,567.7000122070312,572.7000122070312,561.0938110351562,1072378
2024-07-08,572.7000122070312,574.7999877929688,562.1500244140625,567.4000244140625,555.9012451171875,2695359
2024-07-09,568.0,572.2999877929688,563.0,563.9500122070312,552.5211181640625,1427039
2024-07-10,566.0499877929688,569.9500122070312,547.3499755859375,559.7999877929688,548.4551391601562,2033444
2024-07-11,560.8499755859375,566.4000244140625,555.0999755859375,557.7000122070312,546.3977661132812,3781459
2024-07-12,560.4500122070312,570.9500122070312,558.0999755859375,563.6500244140625,552.2271728515625,3741532
2024-07-15,566.0,567.5,560.7999877929688,565.0499877929688,553.5988159179688,1699472
2024-07-16,566.0,572.0,555.5,557.2999877929688,546.0057983398438,1674706
2024-07-18,557.2999877929688,561.0,554.9500122070312,558.6500244140625,547.3285522460938,1258371
2024-07-19,558.6500244140625,560.25,541.25,542.5999755859375,531.603759765625,1483516
2024-07-22,540.0,558.2000122070312,532.8499755859375,545.4500122070312,534.3960571289062,2445572
2024-07-23,548.0,553.3499755859375,522.2999877929688,540.4000244140625,529.4483642578125,2813862
2024-07-24,536.2999877929688,543.4500122070312,535.0,537.0499877929688,526.166259765625,1398404
2024-07-25,532.0,534.7999877929688,525.4000244140625,529.4500122070312,518.7202758789062,1833988
2024-07-26,529.1500244140625,545.0,529.0999755859375,544.1500244140625,533.1223754882812,1488053
2024-07-29,548.0499877929688,566.5,545.5,553.1500244140625,541.9400024414062,4404641
2024-07-30,553.5999755859375,568.7999877929688,552.5,564.9000244140625,553.451904296875,2046419
2024-07-31,569.9000244140625,573.7000122070312,565.0999755859375,572.0499877929688,560.4569702148438,2390519
2024-08-01,575.0,577.0,557.0999755859375,560.4500122070312,549.0921020507812,1900787
2024-08-02,555.0,563.9500122070312,531.4500122070312,537.5999755859375,526.705078125,6452127
2024-08-05,520.0,551.5,520.0,528.2999877929688,517.5935668945312,8199938
2024-08-06,533.0,549.9000244140625,531.2000122070312,533.5499877929688,522.7371826171875,3839963
2024-08-07,539.0,549.0,535.5499877929688,546.7000122070312,535.6207275390625,2623663
2024-08-08,546.75,555.7999877929688,544.0499877929688,547.7999877929688,536.6984252929688,2763841
2024-08-09,558.5,562.0,550.6500244140625,554.5999755859375,543.360595703125,2061454
2024-08-12,552.5,568.9500122070312,546.6500244140625,565.0999755859375,554.6070556640625,3191587
2024-08-13,566.0,566.0999755859375,550.7999877929688,552.0499877929688,541.7993774414062,1666599
2024-08-14,552.5,553.9000244140625,540.4000244140625,542.8499755859375,532.7702026367188,1066850
2024-08-16,542.8499755859375,554.4000244140625,539.5999755859375,553.3499755859375,543.0752563476562,1635134
2024-08-19,553.0,563.5499877929688,551.6500244140625,560.5999755859375,550.1906127929688,2412431
2024-08-20,560.5999755859375,567.0,560.0999755859375,566.1500244140625,555.6375732421875,1194020
2024-08-21,566.0,572.7999877929688,563.0,568.2999877929688,557.7476196289062,2235790
2024-08-22,570.0,587.9000244140625,568.25,579.1500244140625,568.3961791992188,6309020
2024-08-23,584.7000122070312,584.7999877929688,572.0,573.7000122070312,563.04736328125,1995012
2024-08-26,578.9000244140625,578.9000244140625,572.0999755859375,577.4500122070312,566.7277221679688,1283196
2024-08-27,584.3499755859375,587.75,578.25,582.9500122070312,572.1256103515625,2705825
2024-08-28,585.0,585.9000244140625,575.5499877929688,578.0499877929688,567.3165893554688,1369570
2024-08-29,576.9500122070312,581.9000244140625,571.0,577.7999877929688,567.0712280273438,1530143
2024-08-30,584.0,604.0,582.0,598.3499755859375,587.2396240234375,7616878
2024-09-02,602.0,607.2000122070312,593.0,599.5,588.3683471679688,3640344
2024-09-03,600.0,605.9500122070312,596.0,602.2000122070312,591.0181274414062,2147598
2024-09-04,599.9500122070312,610.9000244140625,593.0499877929688,607.8499755859375,596.563232421875,3139837
2024-09-05,612.0,622.9500122070312,606.7999877929688,618.7000122070312,607.2117919921875,3431993
2024-09-06,616.9500122070312,623.7000122070312,607.25,609.7999877929688,598.47705078125,3569845
2024-09-09,606.0,610.7999877929688,601.0999755859375,604.4000244140625,593.1773681640625,2334227
2024-09-10,609.9000244140625,620.0,605.25,619.2000122070312,607.7025146484375,1638324
2024-09-11,618.7999877929688,619.0999755859375,609.0,611.0,599.6547241210938,1421907
2024-09-12,614.0,616.4500122070312,608.7000122070312,614.8499755859375,603.4332885742188,1707391
2024-09-13,616.0,616.9500122070312,610.25,611.4000244140625,600.04736328125,1237013
2024-09-16,614.9000244140625,615.5,606.7000122070312,613.7999877929688,602.4027099609375,1186044
2024-09-17,615.0,615.7999877929688,609.2999877929688,610.6500244140625,599.311279296875,1165443
2024-09-18,610.9000244140625,614.75,598.9500122070312,605.0999755859375,593.8643188476562,1728906
2024-09-19,605.0999755859375,612.75,582.5499877929688,594.7999877929688,583.7555541992188,2721915
2024-09-20,594.9500122070312,602.7000122070312,585.5999755859375,587.0999755859375,576.198486328125,5717560
2024-09-23,589.4000244140625,593.75,584.0499877929688,592.7999877929688,581.792724609375,2106715
2024-09-24,593.7999877929688,606.75,587.0,603.75,592.5393676757812,2301515
2024-09-25,600.0999755859375,606.4500122070312,597.0999755859375,599.5499877929688,588.4173583984375,2193166
2024-09-26,602.0,604.1500244140625,593.5999755859375,601.0999755859375,589.9385375976562,1948570
2024-09-27,601.0999755859375,616.5,600.0,610.6500244140625,599.311279296875,1893789
2024-09-30,610.6500244140625,617.9000244140625,607.6500244140625,613.1500244140625,601.764892578125,1686660
2024-10-01,612.0,625.0,610.7999877929688,621.2000122070312,609.6654052734375,2317620
2024-10-03,618.7999877929688,623.7000122070312,601.0,605.4500122070312,594.2078247070312,2181886
2024-10-04,608.9000244140625,612.9500122070312,596.5999755859375,599.2999877929688,588.1719970703125,1780533
2024-10-07,602.4000244140625,605.5,576.0,580.2999877929688,569.5247802734375,3393703
2024-10-08,577.7000122070312,585.5499877929688,573.3499755859375,576.7999877929688,566.0897827148438,3035568
2024-10-09,579.0499877929688,584.6500244140625,575.2000122070312,577.5999755859375,566.8748779296875,881946
2024-10-10,580.0,593.6500244140625,580.0,584.4000244140625,573.5487060546875,1378203
2024-10-11,585.6500244140625,589.2999877929688,578.75,583.0499877929688,572.2236938476562,568562
2024-10-14,585.0,586.9000244140625,573.2000122070312,578.6500244140625,567.905517578125,1308354
2024-10-15,579.9000244140625,580.8499755859375,569.1500244140625,574.0999755859375,563.4398803710938,1611364
2024-10-16,573.0,576.4000244140625,564.0499877929688,568.8499755859375,558.2874145507812,1303677
2024-10-17,568.0,570.5,551.0999755859375,553.7000122070312,543.4187622070312,1577470
2024-10-18,554.0,557.75,542.5999755859375,555.25,544.93994140625,1402020
2024-10-21,557.0499877929688,563.3499755859375,543.0499877929688,545.4500122070312,535.3218994140625,2757430
2024-10-22,545.0,547.5,528.0,530.3499755859375,520.5022583007812,2074618
2024-10-23,529.0999755859375,538.75,521.0999755859375,531.75,521.8762817382812,1624355
2024-10-24,536.0,540.8499755859375,526.2999877929688,535.0,525.0659790039062,1554879
2024-10-25,535.9000244140625,536.8499755859375,517.4500122070312,521.9500122070312,512.25830078125,1390234
2024-10-28,520.0499877929688,541.25,520.0499877929688,531.7999877929688,521.9253540039062,1080853
2024-10-29,531.7999877929688,538.2000122070312,524.5,534.6500244140625,524.7224731445312,1053752
2024-10-30,533.0,552.4000244140625,527.6500244140625,546.25,536.1070556640625,1751552
2024-10-31,546.25,555.9500122070312,542.0,553.6500244140625,543.36962890625,1171233
2024-11-01,553.6500244140625,562.0,553.6500244140625,558.4000244140625,548.031494140625,163230
2024-11-04,555.0999755859375,559.9000244140625,539.7999877929688,552.6500244140625,542.3882446289062,1334874
2024-11-05,552.0,561.8499755859375,549.0499877929688,559.0499877929688,548.6693725585938,894138
2024-11-06,559.0999755859375,569.0,554.2999877929688,567.25,556.7171020507812,1491608
2024-11-07,569.9000244140625,575.4500122070312,564.7000122070312,567.1500244140625,556.6190185546875,886267
2024-11-08,569.9500122070312,572.9500122070312,555.0499877929688,557.5999755859375,547.2462768554688,696687
2024-11-11,553.1500244140625,553.2000122070312,510.0,515.1500244140625,505.5845642089844,9914435
2024-11-12,530.0,552.7999877929688,524.0,527.75,517.9506225585938,9415040
2024-11-13,528.0,530.5,504.29998779296875,515.4000244140625,505.8299255371094,3436328
2024-11-14,519.9000244140625,532.7999877929688,509.45001220703125,525.7999877929688,516.0368041992188,3741207
2024-11-18,506.9600830078125,519.718017578125,493.674560546875,515.0177001953125,505.4546813964844,3165283
2024-11-19,511.3725891113281,532.9075927734375,510.1735534667969,524.5142211914062,514.77490234375,2999770
2024-11-21,521.828369140625,542.595947265625,514.9697875976562,533.0994873046875,523.20068359375,10436903
2024-11-22,533.0994873046875,546.720703125,523.6029663085938,543.3154296875,533.2269897460938,3602576
2024-11-25,546.7686767578125,554.8262939453125,543.5072631835938,545.3777465820312,535.2510375976562,6122956
2024-11-26,545.0,558.75,541.0999755859375,551.75,541.5049438476562,2645846
2024-11-27,553.0,554.2999877929688,539.0,548.2000122070312,538.0208129882812,1703921
2024-11-28,548.2000122070312,557.1500244140625,545.0,546.9000244140625,536.7450561523438,1748362
2024-11-29,546.5,547.9000244140625,538.25,545.0,534.8802490234375,1465623
2024-12-02,546.9000244140625,558.0,540.5499877929688,555.0499877929688,544.7435913085938,1687736
2024-12-03,556.0,566.9000244140625,553.5999755859375,563.0999755859375,552.6441650390625,2073190
2024-12-04,565.7999877929688,572.7000122070312,563.5,567.9500122070312,557.4041137695312,2218877
2024-12-05,568.9000244140625,569.75,552.0,558.2000122070312,547.835205078125,2006983
2024-12-06,557.8499755859375,566.25,556.0,562.6500244140625,552.2025756835938,2970258
2024-12-09,559.7999877929688,562.25,552.0499877929688,555.4000244140625,545.0872192382812,2922928
2024-12-10,554.8499755859375,557.5999755859375,548.5999755859375,549.9500122070312,539.7384033203125,2949316
2024-12-11,552.0,566.7000122070312,551.0499877929688,552.0,541.7503051757812,5334736
2024-12-12,553.9500122070312,554.8499755859375,542.9500122070312,547.4500122070312,537.2847900390625,1581082
2024-12-13,547.4500122070312,551.25,535.7000122070312,550.25,540.0327758789062,2242153
2024-12-16,549.7999877929688,551.5,542.7000122070312,547.9500122070312,537.7755126953125,1210467
2024-12-17,544.0999755859375,552.0,536.6500244140625,538.4000244140625,528.4028930664062,1637281
2024-12-18,538.7999877929688,543.8499755859375,531.2999877929688,532.25,522.3670043945312,1208566
2024-12-19,524.0,525.5499877929688,517.3499755859375,518.3499755859375,508.72509765625,1187222
2024-12-20,520.0,522.5999755859375,501.5,504.5,495.1322937011719,2851827
2024-12-23,505.54998779296875,510.1499938964844,496.0,507.70001220703125,498.27288818359375,1178165
2024-12-24,507.0,512.5,501.70001220703125,504.5,495.1322937011719,949150
2024-12-26,503.1000061035156,507.04998779296875,495.8500061035156,499.6499938964844,490.3723449707031,1427526
2024-12-27,498.0,519.6500244140625,497.3999938964844,502.04998779296875,492.727783203125,1670587
2024-12-30,502.0,508.3500061035156,497.0,500.75,491.451904296875,2019209
2024-12-31,497.04998779296875,505.45001220703125,493.0,501.0,491.6972961425781,1217836
2025-01-01,498.45001220703125,501.8500061035156,497.20001220703125,500.5,491.2065734863281,588602
2025-01-02,500.0,511.8999938964844,499.8500061035156,509.45001220703125,499.9903869628906,1552787
2025-01-03,508.5,533.25,508.5,529.5499877929688,519.7171630859375,2888197
2025-01-06,525.0,535.4500122070312,516.0999755859375,521.2999877929688,511.620361328125,2241869
2025-01-07,521.0,548.6500244140625,520.0,544.4500122070312,534.3404541015625,4787940
2025-01-08,541.1500244140625,543.4000244140625,531.6500244140625,539.5499877929688,529.5314331054688,1559514
2025-01-09,541.9500122070312,554.6500244140625,539.7000122070312,545.4500122070312,535.3218994140625,2805890
2025-01-10,545.9000244140625,555.75,534.5,548.8499755859375,538.6587524414062,1992839
2025-01-13,546.25,549.0,530.9500122070312,533.6500244140625,523.7410278320312,1770971
2025-01-14,534.9500122070312,542.9500122070312,531.2999877929688,541.8499755859375,531.7887573242188,1831287
2025-01-15,544.9000244140625,552.0,543.1500244140625,546.9000244140625,536.7450561523438,901487
2025-01-16,546.9500122070312,552.9500122070312,545.25,546.2999877929688,536.1561279296875,813698
2025-01-17,545.0,557.6500244140625,543.5,551.7000122070312,541.4558715820312,1461267
2025-01-20,551.7000122070312,555.0,545.3499755859375,552.8499755859375,542.58447265625,812869
2025-01-21,557.0,559.9000244140625,543.5,544.25,534.1442260742188,1708101
2025-01-22,548.0,548.0,531.5999755859375,542.7000122070312,532.6229858398438,1191929
2025-01-23,542.5,559.75,542.0499877929688,557.8499755859375,547.4916381835938,1477011
2025-01-24,559.9500122070312,560.4500122070312,550.0,552.0,541.7503051757812,1591661
2025-01-27,548.9500122070312,550.4000244140625,536.2000122070312,542.3499755859375,532.2794189453125,2486727
2025-01-28,546.0,546.5,536.0999755859375,538.6500244140625,528.648193359375,2048155
2025-01-29,542.0,555.9500122070312,539.2999877929688,553.0999755859375,542.829833984375,2181049
2025-01-30,556.0,578.2999877929688,554.5999755859375,566.9500122070312,556.4226684570312,2784958
2025-01-31,573.0,617.7999877929688,567.75,603.75,592.5393676757812,8663742
2025-02-01,609.7999877929688,617.7999877929688,597.0499877929688,604.0,592.7847290039062,5961908
2025-02-03,610.0,636.7999877929688,607.5499877929688,630.25,618.54736328125,12713558
2025-02-04,637.5,641.5499877929688,625.0,636.9000244140625,625.0738525390625,3541038
2025-02-05,636.0,649.4500122070312,632.0,645.4500122070312,633.465087890625,3372838
2025-02-06,644.0,646.8499755859375,626.4500122070312,644.75,632.778076171875,3885141
2025-02-07,642.0499877929688,648.7000122070312,635.0999755859375,641.3499755859375,629.441162109375,2340663
2025-02-10,641.25,643.0,631.7999877929688,634.9500122070312,623.1600341796875,1932363
2025-02-11,635.0,636.7999877929688,608.2000122070312,610.7000122070312,599.3603515625,2525324
2025-02-12,610.7000122070312,624.2999877929688,594.4500122070312,620.5,608.9783935546875,2315031
2025-02-13,620.5,638.9000244140625,615.0,629.75,618.0565795898438,3181044
2025-02-14,631.0,633.9000244140625,610.25,618.3499755859375,606.8682861328125,3746024
2025-02-17,618.2000122070312,633.75,609.9000244140625,632.2000122070312,620.4611206054688,1481549
2025-02-18,633.0,634.3499755859375,625.2000122070312,630.7999877929688,619.0870971679688,1409475
2025-02-19,629.8499755859375,651.7000122070312,621.0,650.0499877929688,637.9796752929688,2762726
2025-02-20,650.0499877929688,653.9500122070312,644.25,647.25,635.2316284179688,2142244
2025-02-21,648.0,658.25,637.4000244140625,646.3499755859375,634.348388671875,1366273
2025-02-24,643.75,648.9500122070312,638.2999877929688,645.2000122070312,633.2197265625,1293274
2025-02-25,648.0999755859375,657.2999877929688,645.0,647.5,635.4769897460938,1581083
2025-02-27,648.0,648.3499755859375,634.2000122070312,643.6500244140625,631.6985473632812,2717730
2025-02-28,635.0,641.0,619.5,632.9500122070312,621.1972045898438,4676015
2025-03-03,628.0999755859375,634.1500244140625,611.25,616.7000122070312,605.2489624023438,3273667
2025-03-04,607.0,619.5999755859375,607.0,613.4000244140625,602.0101928710938,1557537
2025-03-05,615.0,630.2000122070312,614.1500244140625,627.8499755859375,616.19189453125,2367281
2025-03-06,634.9000244140625,639.25,622.7000122070312,624.7000122070312,613.100341796875,1617185
2025-03-07,624.5499877929688,642.7000122070312,620.4000244140625,629.8499755859375,618.1547241210938,2073888
2025-03-10,631.4500122070312,637.0,611.8499755859375,615.4500122070312,604.0221557617188,1428305
2025-03-11,613.4500122070312,618.8499755859375,602.3499755859375,615.0499877929688,603.6295166015625,1564110
2025-03-12,617.9500122070312,620.1500244140625,599.9500122070312,608.0499877929688,596.7595825195312,1815285
2025-03-13,610.9000244140625,614.4000244140625,600.4000244140625,601.4500122070312,590.2821044921875,1476114
2025-03-17,601.4500122070312,627.9000244140625,601.4500122070312,626.1500244140625,614.5234985351562,2377362
2025-03-18,626.1500244140625,626.1500244140625,626.1500244140625,626.1500244140625,614.5234985351562,0
2025-03-19,641.0,648.0,636.9000244140625,646.2999877929688,634.29931640625,1533871
2025-03-20,648.9500122070312,651.4500122070312,644.0999755859375,646.8499755859375,634.8390502929688,1272076
2025-03-21,649.0,671.2999877929688,645.6500244140625,658.8499755859375,646.6162109375,5231169
2025-03-24,667.9500122070312,668.7999877929688,657.4000244140625,658.4500122070312,646.2236938476562,1878198
2025-03-25,663.9000244140625,663.9000244140625,648.0999755859375,653.0,640.8748779296875,988124
2025-03-26,652.0,656.8499755859375,644.0,652.4000244140625,640.2860107421875,1570129
2025-03-27,650.0,663.75,649.9500122070312,656.4000244140625,644.2117919921875,3398420
2025-03-28,656.6500244140625,660.4000244140625,624.0,636.25,624.4359130859375,4421109
2025-04-01,621.2999877929688,641.7999877929688,621.2999877929688,634.75,622.9638061523438,1451347
2025-04-02,631.9000244140625,656.0999755859375,630.8499755859375,654.4500122070312,642.2979736328125,1932828
2025-04-03,642.7999877929688,653.7000122070312,636.0499877929688,651.25,639.1574096679688,2635192
2025-04-04,649.5,655.4000244140625,631.1500244140625,637.7000122070312,625.8590087890625,2529542
2025-04-07,595.0,624.0999755859375,588.8499755859375,614.4500122070312,603.0407104492188,2010970
2025-04-08,619.0,628.0999755859375,610.0999755859375,614.5,603.0897216796875,1696619
2025-04-09,614.0,615.7999877929688,601.2000122070312,614.25,602.8444213867188,1911793
2025-04-11,622.0,645.5499877929688,620.0999755859375,638.8499755859375,626.9876098632812,2007695
2025-04-15,649.0,661.9000244140625,638.8499755859375,658.0,645.7820434570312,2242497
2025-04-16,660.0,665.4000244140625,654.5499877929688,659.6500244140625,647.4014892578125,2228299
2025-04-17,659.6500244140625,664.9500122070312,650.75,656.2000122070312,644.0155029296875,1595004
2025-04-21,656.25,672.9000244140625,653.7000122070312,671.1500244140625,658.6878662109375,3468794
2025-04-22,673.4500122070312,681.1500244140625,666.0999755859375,672.7000122070312,660.2091064453125,3727936
2025-04-23,672.0,682.0,662.0499877929688,679.9000244140625,667.2754516601562,2856974
2025-04-24,679.5499877929688,687.0,675.4500122070312,684.2000122070312,671.4955444335938,2692652
2025-04-25,683.75,692.2000122070312,656.5499877929688,661.8499755859375,649.560546875,3157081
2025-04-28,662.0,679.4000244140625,661.3499755859375,678.2999877929688,665.705078125,1423133
2025-04-29,680.0,686.9000244140625,666.7000122070312,669.5999755859375,657.1666259765625,1676069
2025-04-30,668.0999755859375,678.1500244140625,663.9500122070312,669.9000244140625,657.4611206054688,1402279
2025-05-02,671.0,692.7999877929688,670.5499877929688,679.8499755859375,667.226318359375,2331658
2025-05-05,687.0,688.9500122070312,682.0,686.5,673.7528686523438,1475543
2025-05-06,687.9500122070312,691.4500122070312,674.9500122070312,679.0499877929688,666.441162109375,1859488
2025-05-07,675.0999755859375,689.0,674.2999877929688,688.0,675.2250366210938,1328953
2025-05-08,682.0999755859375,689.4000244140625,645.9500122070312,656.5,644.3098754882812,2451225
2025-05-09,638.0,682.0,638.0,674.75,662.2210693359375,3184067
2025-05-12,686.0,699.4500122070312,662.0,676.8499755859375,664.2820434570312,8755697
2025-05-13,676.9000244140625,678.0,638.0499877929688,642.8499755859375,630.913330078125,8899680
2025-05-14,645.2999877929688,646.1500244140625,634.0,636.9000244140625,625.0738525390625,4545306
2025-05-15,637.9500122070312,647.7000122070312,635.75,644.6500244140625,632.6799926757812,2336733
2025-05-16,646.0,648.5,638.75,644.2000122070312,632.23828125,1281048
2025-05-19,645.0999755859375,654.7999877929688,643.75,645.5,633.51416015625,1713111
2025-05-20,647.5,647.9500122070312,626.7000122070312,628.7000122070312,617.026123046875,3503829
2025-05-21,628.7000122070312,641.0499877929688,623.5999755859375,638.4000244140625,626.5460205078125,2454859
2025-05-22,638.9000244140625,638.9000244140625,627.7999877929688,631.9500122070312,620.2158203125,1078155
2025-05-23,632.5999755859375,634.9000244140625,628.25,630.5,618.7926635742188,1018062
2025-05-26,632.0,636.2000122070312,629.9000244140625,632.0499877929688,620.3139038085938,771488
2025-05-27,632.5,635.9000244140625,627.0,630.3499755859375,618.6454467773438,1156383
2025-05-28,631.4500122070312,638.5999755859375,629.5499877929688,630.75,619.0380249023438,937885
2025-05-29,632.0,635.0,626.0,631.0,619.2833862304688,1382432
2025-05-30,631.0,633.9500122070312,618.0,627.9000244140625,616.2410278320312,5123450
2025-06-02,627.9000244140625,637.5,620.75,636.3499755859375,624.5339965820312,1624690
2025-06-03,638.0,638.3499755859375,632.2999877929688,635.3499755859375,623.5526123046875,1764731
2025-06-04,635.5,646.3499755859375,633.5499877929688,642.5499877929688,630.6189575195312,1302307
2025-06-05,646.7999877929688,649.5,642.0,646.9000244140625,634.88818359375,1701494
2025-06-06,649.0,649.7999877929688,641.0,642.8499755859375,630.913330078125,580732
2025-06-09,650.0,651.5499877929688,636.5999755859375,639.0999755859375,627.2329711914062,1514278
2025-06-10,643.9500122070312,643.9500122070312,638.0,639.5999755859375,627.7236938476562,956125
2025-06-11,641.0,641.4000244140625,631.5,635.8499755859375,624.0433349609375,976204
2025-06-12,635.8499755859375,642.0,631.0,632.4000244140625,620.6574096679688,1097714
2025-06-13,627.7999877929688,637.9500122070312,623.0499877929688,632.5,620.7555541992188,1518780
2025-06-16,631.9500122070312,645.2999877929688,630.0,643.75,631.796630859375,1187428
2025-06-17,645.0,653.3499755859375,642.5,646.0999755859375,634.1029663085938,2269496
2025-06-18,646.0999755859375,649.7999877929688,637.0,638.25,626.3988037109375,1066778
2025-06-19,639.0,640.0,629.0,630.9500122070312,619.234375,1272286
2025-06-20,628.4000244140625,637.4000244140625,626.3499755859375,633.5,621.7369995117188,4218765
2025-06-23,631.0,641.4500122070312,628.7999877929688,638.8499755859375,626.9876098632812,834251
2025-06-24,641.0,646.0,638.5,644.4500122070312,632.483642578125,1131402
2025-06-25,648.0,654.2999877929688,643.7999877929688,650.7000122070312,638.6176147460938,1565175
2025-06-26,650.7000122070312,650.7000122070312,629.0499877929688,636.5,624.6812744140625,3968851
2025-06-27,638.0,647.4500122070312,637.5499877929688,644.9000244140625,632.92529296875,3212791
2025-06-30,646.5,664.5,643.7000122070312,661.25,648.9716796875,2075636
2025-07-01,665.0,674.9500122070312,659.1500244140625,671.0499877929688,658.5897216796875,3182249
2025-07-02,671.0499877929688,676.0,665.2000122070312,672.6500244140625,660.1600952148438,1348689
2025-07-03,672.6500244140625,687.75,670.0999755859375,684.1500244140625,671.4464721679688,3054421
2025-07-04,684.0,696.9500122070312,678.7000122070312,681.2999877929688,668.6494140625,2791223
2025-07-07,681.0499877929688,689.5,676.3499755859375,680.25,667.618896484375,960264
2025-07-08,680.5,683.9000244140625,668.5999755859375,673.2999877929688,660.7979736328125,820969
2025-07-09,668.5999755859375,674.7999877929688,663.7000122070312,664.75,652.40673828125,630384
2025-07-10,666.0,668.1500244140625,655.5,661.6500244140625,649.3642578125,2206322
2025-07-11,657.7000122070312,658.5,645.7000122070312,652.7999877929688,646.5416259765625,2145893
2025-07-14,654.0,661.7999877929688,646.75,659.5,653.1773681640625,1745640
2025-07-15,662.0,675.7999877929688,661.9500122070312,673.7999877929688,667.3402709960938,1726609
2025-07-16,673.0,677.0,668.4000244140625,671.4500122070312,665.0128173828125,1928069
2025-07-17,673.0,697.4500122070312,670.5499877929688,692.6500244140625,686.0095825195312,5685069
2025-07-18,694.0,697.9000244140625,684.3499755859375,686.8499755859375,680.26513671875,1515065
2025-07-21,688.0,717.5499877929688,682.4500122070312,713.75,706.9072875976562,8073738
2025-07-22,715.0,730.9500122070312,711.4000244140625,722.8499755859375,715.9200439453125,4108448
2025-07-23,726.5999755859375,729.7999877929688,718.5,727.3499755859375,720.3768920898438,2827536
2025-07-24,726.0,730.5,718.7000122070312,726.5499877929688,719.5845336914062,2189801
2025-07-25,726.5499877929688,729.0,718.4500122070312,722.2000122070312,715.2763061523438,1507020
2025-07-28,725.0,735.8499755859375,720.1500244140625,729.8499755859375,722.8529052734375,4881892
2025-07-29,727.0,734.5499877929688,721.0499877929688,726.0499877929688,719.08935546875,3504831
2025-07-30,727.0,728.5,716.9000244140625,721.9000244140625,714.9791870117188,1589570
2025-07-31,715.0,723.6500244140625,701.2999877929688,703.7999877929688,697.0526733398438,2497511
2025-08-01,703.9500122070312,713.9000244140625,658.0,665.1500244140625,658.7732543945312,6828070
2025-08-04,673.5,719.4500122070312,672.0499877929688,711.7000122070312,704.876953125,12572025
2025-08-05,708.2999877929688,723.7999877929688,702.0,720.4500122070312,713.5430908203125,3136768
2025-08-06,720.0,721.8499755859375,704.2000122070312,705.2999877929688,698.5382690429688,1691312
2025-08-07,700.0,710.7999877929688,688.2000122070312,705.4500122070312,698.6868896484375,1933447
2025-08-08,704.0499877929688,704.9500122070312,685.9000244140625,688.75,682.14697265625,1164817
2025-08-11,688.9500122070312,696.5999755859375,678.1500244140625,693.7000122070312,687.0494995117188,1129449
2025-08-12,693.7000122070312,696.0,686.0499877929688,688.6500244140625,682.0479736328125,1449415
2025-08-13,686.0999755859375,693.1500244140625,680.9000244140625,686.1500244140625,679.5718994140625,1062727
2025-08-14,684.2000122070312,693.9000244140625,681.0,683.75,677.1948852539062,1066750
2025-08-18,690.1500244140625,700.7000122070312,686.4500122070312,690.9500122070312,684.3258666992188,1319724
2025-08-19,697.5,709.4500122070312,693.0,707.2999877929688,700.5191040039062,2030825
2025-08-20,708.5,730.2999877929688,702.0,713.4500122070312,706.6101684570312,3114706
2025-08-21,717.0499877929688,718.5499877929688,710.2000122070312,712.4500122070312,705.6197509765625,2041917
2025-08-22,712.9000244140625,722.9000244140625,707.9500122070312,716.4500122070312,709.5814208984375,1635644
2025-08-25,717.2000122070312,741.0,713.5,722.7999877929688,715.8704833984375,4678348
2025-08-26,725.25,729.7999877929688,712.4000244140625,723.0999755859375,716.1676025390625,3299511
2025-08-28,736.5,736.5,713.4500122070312,716.7000122070312,709.8290405273438,3935173
2025-08-29,713.0499877929688,722.2000122070312,702.5999755859375,715.75,708.8881225585938,2472182
2025-09-01,715.7000122070312,730.6500244140625,711.7999877929688,727.9500122070312,720.97119140625,1785815
2025-09-02,731.5499877929688,732.0,709.6500244140625,710.6500244140625,703.8370361328125,3003994
2025-09-03,718.0,730.0,712.7999877929688,715.5999755859375,708.739501953125,2196910
2025-09-04,720.0,723.1500244140625,692.0,695.4000244140625,688.7332153320312,2075117
2025-09-05,697.5,700.9000244140625,684.2000122070312,688.8499755859375,682.2459716796875,1054221
2025-09-08,691.0,708.0,691.0,705.7999877929688,699.0335083007812,1677209
2025-09-09,709.9500122070312,715.9500122070312,698.0,704.0,697.250732421875,2826300
2025-09-10,705.4000244140625,708.25,690.6500244140625,696.9500122070312,690.2683715820312,1965357
2025-09-11,696.9500122070312,703.7999877929688,693.0499877929688,701.6500244140625,694.92333984375,1913878
2025-09-12,704.2999877929688,705.9000244140625,688.0,693.0999755859375,686.4552612304688,1539148
2025-09-15,695.5,699.4000244140625,687.9000244140625,693.5999755859375,686.950439453125,1791929
2025-09-16,692.9000244140625,705.0,686.3499755859375,702.7000122070312,695.9632568359375,3099583
2025-09-17,706.0,710.0,698.1500244140625,704.6500244140625,697.89453125,2209645
2025-09-18,704.5999755859375,713.4000244140625,693.2999877929688,698.9500122070312,692.2492065429688,3106450
2025-09-19,697.0999755859375,704.8499755859375,688.7000122070312,691.0999755859375,684.4744262695312,7803326
2025-09-22,693.7000122070312,693.7000122070312,679.3499755859375,682.7999877929688,676.2539672851562,2102153
2025-09-23,680.0,684.8499755859375,670.0,677.2000122070312,670.7077026367188,2559504
2025-09-24,675.75,680.0,669.5999755859375,676.1500244140625,669.6677856445312,2138799
2025-09-25,676.0,678.5499877929688,667.4500122070312,669.0999755859375,662.685302734375,1246931
2025-09-26,667.0,668.2000122070312,645.0,648.0,641.7876586914062,1970948
2025-09-29,648.0,654.9000244140625,643.25,654.2000122070312,647.92822265625,2520967
2025-09-30,660.2000122070312,661.0,650.1500244140625,655.7999877929688,649.5128173828125,2037016
2025-10-01,655.7999877929688,662.2999877929688,651.2999877929688,661.4500122070312,655.1087036132812,1196873
2025-10-03,667.7000122070312,680.0,664.6500244140625,674.0,667.5383911132812,3592605
2025-10-06,676.0,682.0,668.75,681.3499755859375,674.81787109375,881397
2025-10-07,682.0,685.4000244140625,679.0499877929688,679.8499755859375,673.332275390625,994752
2025-10-08,679.8499755859375,686.6500244140625,671.5499877929688,674.7999877929688,668.3306884765625,1714962
2025-10-09,673.0,677.5,666.9000244140625,675.0499877929688,668.5783081054688,1011011
2025-10-10,676.9000244140625,683.5999755859375,671.2000122070312,681.2999877929688,674.7683715820312,960905
2025-10-13,667.0,680.9500122070312,667.0,673.7999877929688,667.3402709960938,1031190
2025-10-14,673.7999877929688,681.4500122070312,666.0,669.9500122070312,663.5272216796875,1458278
2025-10-15,672.9000244140625,678.7000122070312,668.4000244140625,677.6500244140625,671.1533813476562,1722151
2025-10-16,678.0,686.0,674.7000122070312,680.4000244140625,673.8770141601562,1284794
2025-10-17,680.9500122070312,683.7000122070312,671.9000244140625,674.1500244140625,667.6869506835938,882467
2025-10-20,677.0999755859375,685.0,677.0,680.7999877929688,674.273193359375,1330873
2025-10-21,681.0,684.0499877929688,678.0,680.9500122070312,674.4217529296875,86005
2025-10-23,684.25,689.7999877929688,674.0999755859375,675.6500244140625,669.1725463867188,1551907
2025-10-24,678.0,678.5499877929688,669.8499755859375,672.0499877929688,665.6070556640625,587809
2025-10-27,673.0,681.7000122070312,672.7000122070312,679.8499755859375,673.332275390625,1365682
2025-10-28,682.0,709.0,675.5,702.5999755859375,695.8641357421875,4557745
2025-10-29,708.2000122070312,721.7999877929688,708.2000122070312,720.0499877929688,713.1468505859375,3405916
2025-10-30,721.8499755859375,726.5,712.2999877929688,721.3499755859375,714.4343872070312,3573819
2025-10-31,720.0,729.4000244140625,713.75,720.0999755859375,713.1964111328125,3852202
2025-11-03,720.0999755859375,735.0,719.2999877929688,730.5999755859375,723.595703125,2805423
2025-11-04,728.0,736.5999755859375,726.6500244140625,731.3499755859375,724.3385009765625,1916707
2025-11-06,730.0,747.4000244140625,713.4000244140625,733.3499755859375,726.3193359375,9280167
2025-11-07,725.0,753.7999877929688,720.75,747.9500122070312,740.7794189453125,5598140
2025-11-10,750.0499877929688,759.0,746.7000122070312,750.6500244140625,743.4535522460938,2547152
2025-11-11,750.6500244140625,755.4500122070312,742.4000244140625,752.3499755859375,745.13720703125,1645749
2025-11-12,754.3499755859375,767.7999877929688,752.4500122070312,760.5999755859375,753.30810546875,4193619
2025-11-13,760.5999755859375,765.5,753.0,758.1500244140625,750.8816528320312,1752051
2025-11-14,755.0,766.3499755859375,754.0999755859375,758.5999755859375,751.3272705078125,2148563
2025-11-17,758.5999755859375,774.9500122070312,758.0,773.2000122070312,765.787353515625,3590666
2025-11-18,774.0,776.0,757.0999755859375,759.6500244140625,752.3672485351562,1862425
2025-11-19,760.0,762.0,750.5999755859375,752.6500244140625,745.4343872070312,2359649
2025-11-20,758.0,760.2999877929688,750.9500122070312,753.5,746.2761840820312,2794809
2025-11-21,755.0,755.25,747.0,750.8499755859375,743.651611328125,2033481
2025-11-24,752.0,755.5499877929688,731.0,742.7000122070312,735.5797729492188,5530635
2025-11-25,741.0499877929688,754.0,735.7999877929688,749.7000122070312,742.5126342773438,1677991
2025-11-26,750.1500244140625,763.3499755859375,746.5999755859375,760.5999755859375,753.30810546875,1482487
2025-11-27,764.0,769.2000122070312,756.5499877929688,758.6500244140625,751.3768310546875,1201547
2025-11-28,757.0,766.1500244140625,755.25,758.6500244140625,751.3768310546875,1546792
2025-12-01,761.0,762.9000244140625,748.0499877929688,750.8499755859375,743.651611328125,1611007
2025-12-02,754.0,757.9000244140625,744.25,746.75,739.5909423828125,1519168
2025-12-03,748.75,755.0999755859375,737.0,743.0,735.8768920898438,6025366
2025-12-04,748.0,758.9500122070312,745.25,756.4500122070312,749.1979370117188,2855120
2025-12-05,759.9500122070312,761.0499877929688,751.0499877929688,759.0999755859375,751.822509765625,1936558
2025-12-08,759.9000244140625,761.2999877929688,733.0999755859375,739.8499755859375,732.7570190429688,1584321
2025-12-09,740.0,741.6500244140625,729.5999755859375,739.7000122070312,732.6085205078125,2172777
2025-12-10,743.0,752.25,733.7999877929688,736.9000244140625,729.8353881835938,1346660
2025-12-11,736.8499755859375,748.4500122070312,732.5499877929688,745.8499755859375,738.6995239257812,2062566
2025-12-12,748.7999877929688,750.9000244140625,741.4500122070312,748.3499755859375,741.175537109375,4075773
2025-12-15,751.0,769.5499877929688,743.0,765.6500244140625,758.3097534179688,1840513
2025-12-16,765.9000244140625,765.9000244140625,747.0999755859375,749.9000244140625,742.7107543945312,1218572
2025-12-17,751.7000122070312,752.7999877929688,740.9500122070312,746.2999877929688,739.1452026367188,1655654
2025-12-18,743.0,748.0999755859375,736.5,744.4000244140625,737.2634887695312,748699
2025-12-19,747.4000244140625,753.7999877929688,740.25,751.5499877929688,744.3449096679688,6064263
2025-12-22,753.0499877929688,779.0,752.0999755859375,776.5499877929688,769.105224609375,3673981
2025-12-23,779.9000244140625,786.2999877929688,774.5,781.0,773.5125732421875,3043436
2025-12-24,783.0,785.0,772.0,772.7000122070312,765.2921752929688,3570117
2025-12-26,775.0,780.7000122070312,770.2000122070312,774.0499877929688,766.629150390625,1476893
2025-12-29,774.4000244140625,783.0,767.5,770.9500122070312,763.5588989257812,1364589
2025-12-30,770.0,792.6500244140625,768.9000244140625,787.3499755859375,779.8016357421875,8329037
2025-12-31,793.2999877929688,801.0,786.0499877929688,795.1500244140625,787.5269165039062,3039998
2026-01-01,797.2999877929688,806.5,786.0999755859375,805.3499755859375,797.6290893554688,2644289
2026-01-02,806.9500122070312,812.2000122070312,797.2999877929688,804.6500244140625,796.9358520507812,4562526
2026-01-05,810.0,811.4500122070312,798.0999755859375,805.0999755859375,797.3814697265625,2068765
2026-01-06,805.0999755859375,807.2999877929688,797.5499877929688,799.2999877929688,791.6370849609375,1710964
2026-01-07,801.0,809.2000122070312,797.8499755859375,802.9500122070312,795.2521362304688,3691946
2026-01-08,806.5,810.7999877929688,788.5,794.5,786.8831176757812,2238370
2026-01-09,789.0,797.75,768.2999877929688,771.7000122070312,764.3017578125,2293012
2026-01-12,785.0,793.7000122070312,762.7999877929688,773.8499755859375,766.4310913085938,2279267
2026-01-13,777.7000122070312,780.5,764.7000122070312,773.4500122070312,766.0349731445312,2207561
2026-01-14,774.0,784.0,761.4000244140625,780.4000244140625,772.9183349609375,2672389
2026-01-15,780.4000244140625,780.4000244140625,780.4000244140625,780.4000244140625,772.9183349609375,0
2026-01-16,786.2000122070312,796.9500122070312,779.0499877929688,790.1500244140625,782.5748901367188,3461231
2026-01-19,790.1500244140625,800.0499877929688,783.0999755859375,787.1500244140625,779.6036376953125,2156885
2026-01-20,792.0,796.75,708.4500122070312,723.4500122070312,716.5142822265625,6196941
2026-01-21,715.2999877929688,731.0,671.5,691.7000122070312,685.0686645507812,7967753
2026-01-22,699.0499877929688,710.5,688.4500122070312,700.5,693.7843017578125,3505671
2026-01-23,701.0,711.5,697.6500244140625,702.5499877929688,695.8146362304688,3808963
2026-01-27,702.5999755859375,725.7999877929688,700.0,716.5499877929688,709.680419921875,3625276
2026-01-28,720.0999755859375,722.8499755859375,707.5999755859375,715.0999755859375,708.2443237304688,1299211
2026-01-29,718.9000244140625,720.3499755859375,701.5999755859375,715.9500122070312,709.086181640625,2742480
2026-01-30,717.0999755859375,717.1500244140625,699.8499755859375,703.9500122070312,697.2012329101562,4668042
2026-02-02,669.25,707.0999755859375,665.0499877929688,698.5499877929688,691.8529663085938,5879658
2026-02-03,742.0,753.1500244140625,726.8499755859375,739.7999877929688,732.70751953125,7513174
2026-02-04,740.0,764.3499755859375,736.75,758.7000122070312,751.4263916015625,4830902
2026-02-05,762.0,762.0,735.5,747.6500244140625,740.4822998046875,1548274
2026-02-06,744.0,756.75,736.9500122070312,741.2999877929688,734.1931762695312,2249941
2026-02-09,747.7999877929688,749.0999755859375,734.2000122070312,744.0499877929688,736.9168090820312,1489737
2026-02-10,749.7999877929688,756.2000122070312,740.1500244140625,746.0,738.8480834960938,1977229
2026-02-11,746.9500122070312,757.2000122070312,743.0499877929688,749.0,741.8193359375,1142581
2026-02-12,750.9000244140625,750.9000244140625,738.7000122070312,744.9000244140625,737.7586669921875,1117676
2026-02-13,740.1500244140625,742.9500122070312,720.9500122070312,724.2999877929688,717.3561401367188,1332082
2026-02-16,719.1500244140625,736.6500244140625,716.4000244140625,733.7999877929688,726.7650756835938,685996
2026-02-17,731.0,741.9500122070312,728.5499877929688,741.1500244140625,734.0446166992188,472779
2026-02-18,742.9500122070312,757.0,739.75,747.6500244140625,740.4822998046875,2240635
2026-02-19,747.6500244140625,771.9000244140625,747.6500244140625,765.0499877929688,757.7154541015625,2242488
2026-02-20,760.0999755859375,770.9000244140625,744.5999755859375,752.3499755859375,745.13720703125,2400204
2026-02-23,714.75,714.75,625.5499877929688,644.7999877929688,638.6182861328125,22336295
2026-02-24,645.0,653.6500244140625,627.3499755859375,630.5499877929688,624.5048828125,7889253
2026-02-25,635.0,635.0,620.5,626.2000122070312,620.1966552734375,5081011
2026-02-26,626.8499755859375,641.7000122070312,622.0,640.4500122070312,634.3099975585938,4874080
2026-02-27,640.5499877929688,643.25,631.5,637.4000244140625,631.289306640625,4377806
2026-03-02,622.25,638.0,617.25,622.8499755859375,616.8787231445312,2404381
2026-03-04,621.0,621.0,601.0,614.0999755859375,608.2125854492188,3558558
2026-03-05,621.0499877929688,631.5999755859375,616.0499877929688,629.5999755859375,623.5640258789062,2530219
2026-03-06,629.2999877929688,635.0,626.2000122070312,628.3499755859375,622.3259887695312,3095128
2026-03-09,610.0,627.4000244140625,606.25,625.0,619.0081176757812,4705618
2026-03-10,630.0,633.5499877929688,622.8499755859375,630.2999877929688,624.25732421875,1476957
2026-03-11,631.7000122070312,636.2999877929688,624.0,625.8499755859375,619.8499755859375,1418800
2026-03-12,623.5,633.75,616.9500122070312,629.0499877929688,623.019287109375,1299556
2026-03-13,628.0,628.0999755859375,603.0,609.4000244140625,603.5577392578125,1954960
2026-03-16,610.0,621.4500122070312,601.7999877929688,608.7999877929688,602.9634399414062,2470861
2026-03-17,612.0,618.4000244140625,609.2999877929688,615.8499755859375,609.94580078125,1500040
2026-03-18,618.0,634.0,611.2000122070312,631.5,625.44580078125,1491586
2026-03-19,621.2999877929688,628.8499755859375,607.0,611.7999877929688,605.9346923828125,2849379
2026-03-20,619.4000244140625,635.2999877929688,614.7999877929688,625.5499877929688,619.5528564453125,4640376
2026-03-23,615.0,618.0,599.25,602.4000244140625,596.6248168945312,1690435
2026-03-24,615.0,625.5999755859375,608.4500122070312,620.4500122070312,614.5017700195312,2609729
2026-03-25,625.0,632.8499755859375,621.4000244140625,625.25,619.2557373046875,1449608
2026-03-27,616.5,630.9000244140625,593.25,595.8499755859375,590.1375732421875,4252300
2026-03-30,591.75,592.4000244140625,565.1500244140625,567.9500122070312,562.5050659179688,5317081
2026-04-01,573.0,601.8499755859375,573.0,594.5,588.800537109375,2182769
2026-04-02,587.0,594.9500122070312,573.9500122070312,593.0,587.31494140625,1403119
2026-04-06,593.2999877929688,609.6500244140625,585.2000122070312,607.75,601.9235229492188,1075781
2026-04-07,607.5,610.75,600.0999755859375,607.5499877929688,601.7254028320312,1533818
2026-04-08,625.0,643.5,622.7000122070312,640.25,634.1119384765625,3241939
2026-04-09,645.0,649.5,638.0499877929688,642.0,635.8451538085938,2904575
2026-04-10,643.9000244140625,653.75,640.5,644.8499755859375,638.6677856445312,2162418
2026-04-13,629.5,646.4000244140625,615.0,643.75,637.578369140625,1737923
2026-04-15,654.0,661.5499877929688,648.5499877929688,659.7999877929688,653.4744873046875,2544691
2026-04-16,662.4500122070312,665.7999877929688,648.7999877929688,659.9500122070312,653.6231079101562,1666120
2026-04-17,659.0,671.7000122070312,657.75,664.7000122070312,658.3275146484375,1023994
2026-04-20,664.7000122070312,670.6500244140625,653.6500244140625,656.6500244140625,650.354736328125,1301749
2026-04-21,659.6500244140625,664.8499755859375,653.0,654.2999877929688,648.0272216796875,1144716
2026-04-22,650.7999877929688,657.4000244140625,649.0,653.8499755859375,647.58154296875,1709380
2026-04-23,653.5,656.5499877929688,638.4500122070312,642.0499877929688,635.8946533203125,2471569
2026-04-24,643.5999755859375,645.1500244140625,629.9500122070312,631.4000244140625,625.3468017578125,1793446
2026-04-27,634.9000244140625,643.75,632.5,639.5,633.369140625,1137864
2026-04-28,636.7999877929688,651.9000244140625,634.9500122070312,645.5,639.3115844726562,2114630
2026-04-29,647.9000244140625,651.0,641.5499877929688,644.0999755859375,637.9249877929688,1669659
2026-04-30,644.0999755859375,646.0,629.7999877929688,641.8499755859375,635.6965942382812,2123914
2026-05-01,641.8499755859375,641.8499755859375,641.8499755859375,641.8499755859375,635.6965942382812,0
2026-05-04,645.9000244140625,656.0,639.0,643.3499755859375,637.1821899414062,1985598
2026-05-05,648.0,648.9000244140625,638.8499755859375,642.0499877929688,635.8946533203125,1359665
2026-05-06,645.0,663.0999755859375,642.2999877929688,660.0,653.672607421875,1770864
2026-05-07,664.0,664.0,649.1500244140625,650.4500122070312,644.2141723632812,2407109
2026-05-08,653.6500244140625,654.2999877929688,643.5,646.0,639.8068237304688,1751781
2026-05-11,644.0,682.5999755859375,634.0499877929688,669.0,662.5863037109375,7880947
2026-05-12,670.7999877929688,671.1500244140625,622.25,626.1500244140625,620.1471557617188,5371994
2026-05-13,627.0,636.5,624.2999877929688,630.0999755859375,624.0592041015625,2501012
2026-05-14,635.0,641.25,629.9000244140625,638.4000244140625,632.2796630859375,1486427
2026-05-15,636.7999877929688,640.6500244140625,629.8499755859375,632.25,626.1885986328125,1535195
2026-05-18,627.5,640.0,618.2999877929688,637.8499755859375,631.7349243164062,1850656
2026-05-19,640.4000244140625,646.25,632.0499877929688,633.2999877929688,627.2285766601562,1844391
2026-05-20,629.9000244140625,637.5,624.25,634.3499755859375,628.2684936523438,1549873
2026-05-21,639.7999877929688,639.7999877929688,625.1500244140625,629.0,622.9697875976562,1405142
2026-05-22,632.0499877929688,635.5,625.0499877929688,632.0,625.9410400390625,2217195
2026-05-25,636.9000244140625,654.5499877929688,636.8499755859375,652.2999877929688,646.04638671875,1467073
2026-05-26,654.0,661.5999755859375,652.4000244140625,655.0,648.7205200195312,1770548
2026-05-27,657.9000244140625,659.7000122070312,653.75,656.1500244140625,649.8594970703125,896366
2026-05-28,656.1500244140625,656.1500244140625,656.1500244140625,656.1500244140625,649.8594970703125,0
2026-05-29,656.25,660.9000244140625,638.5,644.7999877929688,638.6182861328125,6468953
2026-06-01,647.25,655.5999755859375,644.0,645.25,639.06396484375,1051878
2026-06-02,641.3499755859375,645.2000122070312,640.0,641.6500244140625,635.49853515625,2047381
2026-06-03,641.2999877929688,648.0,634.5,646.0499877929688,639.8563232421875,2055293
2026-06-04,642.75,646.5,636.3499755859375,639.1500244140625,633.0225219726562,1291962
2026-06-05,643.0,644.0499877929688,630.0,637.4500122070312,631.3388061523438,2556112
2026-06-08,630.0,634.25,621.0999755859375,624.9500122070312,618.9586181640625,1901848
2026-06-09,625.5,630.6500244140625,622.0,628.4000244140625,622.3755493164062,1324061
2026-06-10,631.7000122070312,636.2000122070312,606.0499877929688,611.0,605.142333984375,2242695
2026-06-11,606.0,609.4000244140625,592.25,593.75,588.0577392578125,1253041
2026-06-12,598.75,615.0,598.0499877929688,610.0999755859375,604.2509765625,1385523
2026-06-15,618.9500122070312,628.0,615.0999755859375,616.5999755859375,610.6886596679688,1326328
2026-06-16,613.9500122070312,624.9000244140625,613.0999755859375,615.3499755859375,609.4506225585938,982601
2026-06-17,618.75,618.75,608.25,614.4000244140625,608.509765625,1441041
2026-06-18,616.0,617.7000122070312,608.7000122070312,610.7999877929688,604.9442749023438,881306
2026-06-19,610.7999877929688,611.7000122070312,603.0,608.6500244140625,602.8148803710938,4384034
2026-06-22,611.9000244140625,614.7999877929688,602.5499877929688,605.5,599.695068359375,1107992
2026-06-23,605.0,614.7000122070312,594.25,596.7999877929688,591.0784912109375,1765065
2026-06-24,597.9500122070312,602.2000122070312,587.0,599.25,593.5050048828125,1338785
2026-06-25,604.9000244140625,607.0,589.0,590.5,584.8388671875,1617776
2026-06-26,590.5,590.5,590.5,590.5,584.8388671875,0
2026-06-29,590.5,593.5999755859375,564.0999755859375,568.4000244140625,562.9508056640625,13423996
2026-06-30,574.0,579.8499755859375,564.8499755859375,571.2000122070312,565.7239379882812,3979387
2026-07-01,575.0,575.5499877929688,563.1500244140625,565.0499877929688,559.6328735351562,1598382
2026-07-02,567.5,590.0,567.5,588.75,583.1056518554688,1686853
2026-07-03,592.9500122070312,612.9000244140625,592.7000122070312,607.4000244140625,601.576904296875,3200516
2026-07-06,607.4000244140625,614.1500244140625,605.5499877929688,608.6500244140625,602.8148803710938,1694807
2026-07-07,610.0,614.1500244140625,598.4000244140625,600.8499755859375,595.0896606445312,1635338
2026-07-08,597.0,599.2000122070312,575.5,581.7000122070312,576.1232299804688,3889043
2026-07-09,580.0,588.0,579.0,581.8499755859375,576.2717895507812,4537195
2026-07-10,585.0,599.7999877929688,585.0,594.75,589.0481567382812,872284
2026-07-13,590.0,592.5,586.2000122070312,591.75,586.076904296875,711085
2026-07-14,591.7000122070312,594.7999877929688,583.9500122070312,593.1500244140625,587.4635009765625,1068690
2026-07-15,597.0,608.0,584.0499877929688,597.2999877929688,591.5736694335938,2709031
2026-07-16,597.1500244140625,629.0,597.0,625.8499755859375,619.8499755859375,5435872
2026-07-17,625.0499877929688,625.0499877929688,609.7999877929688,616.5999755859375,616.5999755859375,1757526
2026-07-20,613.5,613.8499755859375,605.0,606.0499877929688,606.0499877929688,1748870
2026-07-21,609.0,621.9500122070312,605.9000244140625,618.1500244140625,618.1500244140625,2611970
2026-07-22,618.1500244140625,620.5499877929688,606.6500244140625,608.8499755859375,608.8499755859375,725603
2026-07-23,606.0,614.1500244140625,603.9500122070312,607.0,607.0,627797
2026-07-24,603.0999755859375,604.9000244140625,594.9500122070312,602.4500122070312,602.4500122070312,622872
2026-07-27,605.4500122070312,610.9500122070312,603.25,608.5,608.5,1543100
2026-07-28,607.0,610.4500122070312,596.75,599.6500244140625,599.6500244140625,2262031
2026-07-29,602.2000122070312,611.5999755859375,602.2000122070312,609.1500244140625,609.1500244140625,1140985
2026-07-30,609.9500122070312,610.0,600.3499755859375,602.5499877929688,602.5499877929688,770756
2026-07-31,607.5999755859375,607.5999755859375,599.0499877929688,604.2999877929688,604.2999877929688,1386415
2026-08-03,606.4500122070312,622.5999755859375,598.0,620.0,620.0,2234338
2026-08-04,618.75,619.6500244140625,580.2000122070312,581.9000244140625,581.9000244140625,7452417
2026-08-05,581.0,583.9000244140625,576.4000244140625,577.25,577.25,3366460
2026-08-06,576.7000122070312,584.4500122070312,572.75,572.75,572.75,2528114
2026-08-07,573.0499877929688,575.0,570.1500244140625,573.0,573.0,882844
2026-08-10,572.75,577.0499877929688,567.0,567.0,567.0,1964879
2026-08-11,567.0,570.9000244140625,564.0,568.0,568.0,981675
2026-08-12,570.75,574.75,564.25,570.5,570.5,1452949
2026-08-13,569.9000244140625,569.9000244140625,563.2999877929688,568.1500244140625,568.1500244140625,1029127
2026-08-14,568.2000122070312,568.2000122070312,558.0499877929688,563.0,563.0,1557252
2026-08-17,566.0,568.7000122070312,561.5,567.0999755859375,567.0999755859375,1106329
2026-08-18,570.0,570.0499877929688,560.0,560.0499877929688,560.0499877929688,1746720
2026-08-19,559.2000122070312,571.4000244140625,557.9500122070312,568.0,568.0,2733671
2026-08-20,569.0999755859375,575.2000122070312,568.2000122070312,571.9000244140625,571.9000244140625,2830644
2026-08-21,571.0,573.7000122070312,566.0,569.0,569.0,885783
2026-08-24,570.9000244140625,573.7999877929688,563.7999877929688,571.9000244140625,571.9000244140625,1480656
2026-08-25,574.9500122070312,585.0,570.5499877929688,585.0,585.0,3864498
2026-08-26,585.0,589.2999877929688,579.7000122070312,589.2999877929688,589.2999877929688,2061911
2026-08-27,587.7999877929688,591.0,578.0999755859375,578.0999755859375,578.0999755859375,1266550
2026-08-28,580.0,580.0499877929688,569.5499877929688,571.0,571.0,1181623
2026-08-31,568.0,569.4500122070312,562.25,562.25,562.25,2572084
2026-09-01,567.6500244140625,568.7000122070312,560.9000244140625,567.0999755859375,567.0999755859375,4060300
2026-09-02,562.9500122070312,580.7000122070312,560.25,578.4500122070312,578.4500122070312,4050279
2026-09-03,579.0,586.1500244140625,578.0,585.3499755859375,585.3499755859375,1643846
2026-09-04,581.0499877929688,589.4000244140625,579.4500122070312,582.1500244140625,582.1500244140625,1730115
2026-09-07,580.0999755859375,586.75,573.0,573.0,573.0,1754057
2026-09-08,575.5,576.75,569.9500122070312,576.75,576.75,1635290
2026-09-09,573.5,578.3499755859375,568.5499877929688,575.7000122070312,575.7000122070312,1763304
2026-09-10,578.0,578.5999755859375,572.5,575.2999877929688,575.2999877929688,1242223
2026-09-11,571.7999877929688,577.6500244140625,567.5499877929688,572.9500122070312,572.9500122070312,1449635
2026-09-14,572.9500122070312,572.9500122070312,572.9500122070312,572.9500122070312,572.9500122070312,0
2026-09-15,573.4000244140625,575.9500122070312,558.0,560.7999877929688,560.7999877929688,1588857
2026-09-16,560.9000244140625,563.5499877929688,550.5999755859375,550.5999755859375,550.5999755859375,3044986
2026-09-17,551.0,558.0,549.7999877929688,554.75,554.75,1804536
2026-09-18,554.0,580.0,553.4000244140625,580.0,580.0,3779171
2026-09-21,564.2000122070312,569.2000122070312,559.9000244140625,559.9000244140625,559.9000244140625,2691176
2026-09-22,559.25,562.5499877929688,555.0,559.9000244140625,559.9000244140625,2741227
2026-09-23,557.5999755859375,560.4500122070312,550.0999755859375,553.1500244140625,553.1500244140625,3211815
2026-09-24,550.7000122070312,553.6500244140625,546.5,549.5999755859375,549.5999755859375,1278779
2026-09-25,548.0,552.0,543.5999755859375,550.0499877929688,550.0499877929688,2067628
2026-09-28,550.0499877929688,551.6500244140625,542.8499755859375,549.5,549.5,1557384
2026-09-29,546.0,547.5499877929688,532.5999755859375,538.0,538.0,3270756
2026-09-30,539.25,544.9000244140625,535.25,539.75,539.75,3114983
