date,open,high,low,close,adj_close,volume
2015-01-01,103.6031494140625,103.95002746582031,103.2187728881836,103.57502746582031,90.12550354003906,1082549
2015-01-02,103.76252746582031,105.0468978881836,103.6875228881836,104.4937744140625,90.92496490478516,4198953
2015-01-05,104.4468994140625,105.9375228881836,104.1562728881836,104.6812744140625,91.08810424804688,3838601
2015-01-06,104.0625228881836,104.32502746582031,101.6437759399414,102.2343978881836,88.95894622802734,12396695
2015-01-07,101.85002136230469,102.1875228881836,100.9406509399414,101.4562759399414,88.28189086914062,8305581
2015-01-08,104.27815246582031,104.79377746582031,101.85002136230469,102.1875228881836,88.91818237304688,7792131
2015-01-09,102.97502136230469,105.0000228881836,101.8593978881836,103.7812728881836,90.30496978759766,13587116
2015-01-12,103.1250228881836,104.8125228881836,102.69377136230469,104.2593994140625,90.72099304199219,4421790
2015-01-13,104.4562759399414,106.25627899169922,104.0625228881836,105.6562728881836,91.93648529052734,6312675
2015-01-14,106.1250228881836,106.7812728881836,103.1250228881836,103.49064636230469,90.05208587646484,9723858
2015-01-15,105.0000228881836,105.7500228881836,103.3593978881836,104.9062728881836,91.28388977050781,6993422
2015-01-16,105.1500244140625,105.63752746582031,103.66877746582031,104.0718994140625,90.55785369873047,8304680
2015-01-19,110.8312759399414,112.21878051757812,109.1906509399414,109.53752899169922,95.31375885009766,32334205
2015-01-20,109.8937759399414,111.37503051757812,109.29377746582031,110.70002746582031,96.3252944946289,13390593
2015-01-21,110.5500259399414,111.56253051757812,108.12190246582031,110.38127899169922,96.0479507446289,17701408
2015-01-22,110.62503051757812,112.06877899169922,109.63127899169922,111.4781494140625,97.83330535888672,19458651
2015-01-23,112.35002899169922,113.25003051757812,110.67190551757812,112.8375244140625,99.02631378173828,19277835
2015-01-27,112.95002746582031,113.57815551757812,111.56253051757812,112.2281494140625,98.49152374267578,15764550
2015-01-28,111.75003051757812,114.75003051757812,111.70315551757812,113.85940551757812,99.9231185913086,16769969
2015-01-29,114.00003051757812,115.21878051757812,112.4625244140625,113.00627899169922,99.17440032958984,13488321
2015-01-30,113.79377746582031,114.3843994140625,111.96565246582031,113.7281494140625,99.80792999267578,9393192
2015-02-02,114.75003051757812,117.69377899169922,114.18753051757812,117.2062759399414,102.8603286743164,15948657
2015-02-03,117.00003051757812,117.75940704345703,115.82815551757812,116.54065704345703,102.27616882324219,8465539
2015-02-04,116.85002899169922,118.10627746582031,115.54690551757812,116.10002899169922,101.88948059082031,8923261
2015-02-05,116.42815399169922,120.58128356933594,116.41877746582031,119.67190551757812,105.02415466308594,12263607
2015-02-06,119.62503051757812,122.75627899169922,119.25003051757812,120.60940551757812,105.84691619873047,11074311
2015-02-09,119.98127746582031,121.87503051757812,119.1750259399414,121.46253204345703,106.59561920166016,6794574
2015-02-10,120.18753051757812,122.25003051757812,119.5031509399414,120.48753356933594,105.73995971679688,11140578
2015-02-11,121.12503051757812,121.68753051757812,118.71565246582031,119.70002746582031,105.04883575439453,14166503
2015-02-12,120.65628051757812,122.43753051757812,120.23440551757812,121.27503204345703,106.43106842041016,9639757
2015-02-13,121.50003051757812,124.48127746582031,121.27503204345703,123.88127899169922,108.71831512451172,9239165
2015-02-16,123.91877746582031,125.10940551757812,123.75003051757812,124.03128051757812,108.84994506835938,5117465
2015-02-18,124.12503051757812,125.81253051757812,122.90628051757812,125.43753051757812,110.08406066894531,6045571
2015-02-19,125.43753051757812,125.43753051757812,122.81253051757812,123.65628051757812,108.52083587646484,7382040
2015-02-20,123.65628051757812,123.93753051757812,121.40628051757812,121.87503051757812,106.95762634277344,4849774
2015-02-23,121.87503051757812,123.37503051757812,120.66565704345703,121.82815551757812,106.91650390625,5689865
2015-02-24,122.34378051757812,123.71253204345703,121.80003356933594,122.43753051757812,107.45128631591797,8433603
2015-02-25,122.54065704345703,124.80003356933594,122.26878356933594,124.46253204345703,109.22840881347656,9829069
2015-02-26,124.46253204345703,125.41877746582031,122.13752746582031,123.35627746582031,108.257568359375,10478408
2015-02-27,123.18753051757812,123.48753356933594,121.63127899169922,122.68128204345703,107.66519165039062,12264620
2015-03-02,123.76878356933594,126.45002746582031,122.62503051757812,124.59378051757812,109.34358978271484,9859640
2015-03-03,124.68753051757812,126.93753051757812,124.31253051757812,126.08440399169922,110.65177917480469,9609805
2015-03-04,126.04690551757812,126.32815551757812,123.05628204345703,123.65628051757812,108.52083587646484,8693384
2015-03-05,123.73127746582031,125.60627746582031,122.85940551757812,125.21253204345703,109.8866195678711,7213278
2015-03-09,125.06253051757812,125.06253051757812,123.00940704345703,123.76878356933594,108.61959075927734,7593752
2015-03-10,122.06253051757812,124.08753204345703,120.93753051757812,122.68128204345703,107.66519165039062,9328397
2015-03-11,123.29065704345703,127.05003356933594,121.96878051757812,122.76565551757812,107.73925018310547,12190748
2015-03-12,122.96253204345703,123.17815399169922,121.21878051757812,122.86878204345703,107.82975006103516,6275689
2015-03-13,123.45002746582031,123.45002746582031,118.49065399169922,119.85940551757812,105.18870544433594,10007634
2015-03-16,120.22502899169922,122.05315399169922,119.3625259399414,121.17190551757812,106.34056091308594,8820568
2015-03-17,121.87503051757812,122.13752746582031,119.85940551757812,120.63752746582031,105.87158966064453,7882840
2015-03-18,121.31253051757812,121.50003051757812,117.89065551757812,118.38752746582031,103.89700317382812,8925624
2015-03-19,119.56877899169922,120.50627899169922,118.59378051757812,119.07190704345703,104.49761199951172,7848403
2015-03-20,119.75627899169922,123.13127899169922,119.37190246582031,122.37190246582031,107.39366912841797,12037719
2015-03-23,122.38127899169922,123.84378051757812,120.22502899169922,120.95628356933594,106.15132904052734,6133273
2015-03-24,120.93753051757812,123.46878051757812,120.58128356933594,122.29690551757812,107.32785034179688,7011000
2015-03-25,122.06253051757812,124.49065399169922,121.22815704345703,123.95628356933594,108.78412628173828,5859475
2015-03-26,123.35627746582031,123.35627746582031,117.22502899169922,118.48127746582031,103.97925567626953,12227282
2015-03-27,119.94377899169922,120.30003356933594,114.1031494140625,114.77815246582031,100.7293930053711,13652951
2015-03-30,116.25003051757812,117.17815399169922,115.53752899169922,116.88752746582031,102.58058166503906,6814467
2015-03-31,116.82190704345703,118.9875259399414,115.91252899169922,117.9094009399414,103.47737884521484,9010840
2015-04-01,116.88752746582031,119.33440399169922,116.28752899169922,118.72502899169922,104.19317626953125,6354889
2015-04-06,117.92815399169922,117.92815399169922,115.76252746582031,116.46565246582031,102.2103500366211,7872158
2015-04-07,116.88752746582031,117.73127746582031,114.21565246582031,115.3218994140625,101.20658874511719,9890882
2015-04-08,115.12503051757812,116.81253051757812,114.9562759399414,115.5562744140625,101.41227722167969,9541026
2015-04-09,116.53128051757812,117.05628204345703,114.7593994140625,115.71565246582031,101.55215454101562,7049918
2015-04-10,116.29690551757812,116.60627746582031,115.2281494140625,115.81877899169922,101.64263916015625,5738526
2015-04-13,116.04377746582031,117.32815551757812,115.2844009399414,117.03752899169922,102.71224212646484,4619465
2015-04-15,116.81253051757812,116.81253051757812,112.64065551757812,113.74690246582031,99.82437133789062,7315918
2015-04-16,113.81253051757812,114.03752899169922,110.6343994140625,112.86565399169922,99.05097198486328,13076860
2015-04-17,111.7593994140625,111.88127899169922,109.68753051757812,110.0344009399414,96.56629180908203,8342621
2015-04-20,110.0344009399414,110.8218994140625,106.9687728881836,107.88752746582031,94.68218994140625,7922147
2015-04-21,106.5000228881836,110.32502746582031,103.2281494140625,108.40315246582031,95.13468933105469,21048960
2015-04-22,105.3750228881836,105.6093978881836,101.6250228881836,102.1031494140625,89.60580444335938,33440956
2015-04-23,102.92814636230469,102.92814636230469,99.8531494140625,100.1718978881836,87.91093444824219,16233670
2015-04-24,100.4156494140625,100.99690246582031,96.0937728881836,98.10002136230469,86.09265899658203,19017589
2015-04-27,99.1125259399414,100.4531478881836,97.15315246582031,100.0875244140625,87.83688354492188,9816226
2015-04-28,99.9375228881836,100.7906494140625,98.4375228881836,99.7968978881836,87.58184051513672,16379558
2015-04-29,99.9375228881836,102.50627136230469,99.41252136230469,101.55940246582031,89.12862396240234,15025078
2015-04-30,100.6968994140625,101.6343994140625,100.0781478881836,100.9875259399414,88.6267318725586,16950219
2015-05-04,101.0812759399414,102.1125259399414,100.2281494140625,101.46565246582031,89.04633331298828,5264457
2015-05-05,102.1968994140625,102.8156509399414,101.4843978881836,102.16877746582031,89.66341400146484,8626659
2015-05-06,101.9531478881836,101.9531478881836,99.27189636230469,99.8156509399414,87.5982894897461,14824806
2015-05-07,99.5625228881836,101.75627136230469,98.4562759399414,100.90315246582031,88.55269622802734,12131047
2015-05-08,101.4562759399414,102.0937728881836,100.5187759399414,101.3437728881836,88.93938446044922,8303757
2015-05-11,101.80314636230469,102.0562744140625,100.7062759399414,101.5312728881836,89.10392761230469,11205821
2015-05-12,101.7187728881836,102.07502746582031,99.49690246582031,100.0969009399414,87.8451156616211,7637918
2015-05-13,100.3125228881836,101.88752746582031,99.30940246582031,101.6718978881836,89.22733306884766,8023000
2015-05-14,101.7750244140625,101.7750244140625,99.9468994140625,100.5937728881836,88.28117370605469,5469907
2015-05-15,100.5000228881836,101.5500259399414,100.3125228881836,100.95939636230469,88.60205078125,5391273
2015-05-18,101.0625228881836,102.1875228881836,100.38752746582031,102.0468978881836,89.55644989013672,5679331
2015-05-19,102.1875228881836,104.0156478881836,101.9250259399414,103.6125259399414,90.9304428100586,12356226
2015-05-20,104.0156478881836,105.91877746582031,103.62190246582031,105.7500228881836,92.80628967285156,7847779
2015-05-21,106.1250228881836,106.1437759399414,104.7187728881836,105.7968978881836,92.84742736816406,7785822
2015-05-22,105.1031494140625,105.54377746582031,103.9875259399414,105.0937728881836,92.23037719726562,10580120
2015-05-25,105.1875228881836,106.0312728881836,104.5312728881836,105.5812759399414,92.65821838378906,8279640
2015-05-26,105.1031494140625,105.7125244140625,104.2687759399414,104.6718978881836,91.8601303100586,6425326
2015-05-27,104.2968978881836,104.56877899169922,102.3843994140625,103.5656509399414,90.88929748535156,8946008
2015-05-28,103.7812728881836,104.56877899169922,101.4843978881836,103.9781494140625,91.25128936767578,12361740
2015-05-29,103.9875259399414,105.9375228881836,103.9875259399414,105.31877899169922,92.42784881591797,17654976
2015-06-01,105.0000228881836,106.49065399169922,104.7656478881836,105.6656494140625,92.73224639892578,4461161
2015-06-02,105.36565399169922,105.3750228881836,102.3843994140625,102.9000244140625,90.3051528930664,5428366
2015-06-03,103.1718978881836,104.6718978881836,102.0093994140625,102.3000259399414,89.77857971191406,9938402
2015-06-04,102.5625228881836,105.16877746582031,102.5625228881836,103.63127136230469,90.94688415527344,12418162
2015-06-05,103.9312744140625,105.92815399169922,103.2375259399414,104.2125244140625,91.4570083618164,9048973
2015-06-08,104.2125244140625,105.31877899169922,103.2187728881836,104.0625228881836,91.32535552978516,6071763
2015-06-09,103.72502136230469,104.5031509399414,101.3625259399414,101.9156494140625,89.44125366210938,6360473
2015-06-10,101.7187728881836,106.30315399169922,101.56877136230469,105.5156478881836,92.60061645507812,9516498
2015-06-11,105.9375228881836,106.1250228881836,101.8218994140625,102.3843994140625,89.85263061523438,10654536
2015-06-12,102.3843994140625,103.95002746582031,99.1875228881836,100.7531509399414,88.4210433959961,11815543
2015-06-15,100.5000228881836,102.7500228881836,99.7219009399414,101.41877746582031,89.00519561767578,5508510
2015-06-16,101.8125228881836,102.45939636230469,100.3218994140625,101.3062744140625,88.9064712524414,6020206
2015-06-17,101.6250228881836,103.86564636230469,101.4562759399414,102.4781494140625,89.93489837646484,7280782
2015-06-18,102.6562728881836,105.07502746582031,102.13127136230469,104.2687759399414,91.5063705444336,9528344
2015-06-19,104.70940399169922,108.32815551757812,104.4000244140625,105.2906494140625,92.40316009521484,27555342
2015-06-22,104.98127746582031,105.6656494140625,103.6968994140625,105.03752899169922,92.18101501464844,8081059
2015-06-23,105.7500228881836,105.7500228881836,104.0625228881836,104.51252746582031,91.72026824951172,5694782
2015-06-24,104.6250228881836,106.5000228881836,104.4375228881836,106.01252746582031,93.03668212890625,7592163
2015-06-25,105.6562728881836,105.73127746582031,103.0781478881836,103.52815246582031,90.85638427734375,11733234
2015-06-26,103.8937759399414,105.2531509399414,103.8937759399414,104.74690246582031,91.92597198486328,4171246
2015-06-29,103.7062759399414,104.05315399169922,101.6718978881836,103.57502746582031,90.89752197265625,4477214
2015-06-30,103.5000228881836,103.9781494140625,102.1875228881836,102.50627136230469,89.95957946777344,8373885
2015-07-01,102.0093994140625,104.2500228881836,101.4843978881836,103.6406478881836,90.95512390136719,6424723
2015-07-02,104.24065399169922,105.0937728881836,102.9468994140625,104.2031478881836,91.44876098632812,5362553
2015-07-03,103.76252746582031,103.95002746582031,102.7500228881836,103.0406494140625,90.42855072021484,4578990
2015-07-06,102.1031494140625,103.4531478881836,101.94377136230469,103.1343994140625,90.51083374023438,3867641
2015-07-07,103.7812728881836,105.4312744140625,103.63127136230469,103.8375244140625,91.12788391113281,4165118
2015-07-08,103.3312759399414,104.7656478881836,102.9375228881836,103.6406478881836,90.95512390136719,5195982
2015-07-09,103.63127136230469,104.33440399169922,101.8593978881836,102.16877746582031,89.66341400146484,3664431
2015-07-10,103.1250228881836,103.95002746582031,102.2906494140625,102.87190246582031,90.28046417236328,5939475
2015-07-13,102.9562759399414,105.3750228881836,102.9562759399414,104.93440246582031,92.09051513671875,4831150
2015-07-14,104.5312728881836,106.38752746582031,104.23127746582031,106.01252746582031,93.03668212890625,3293913
2015-07-15,106.5000228881836,108.7125244140625,106.2281494140625,108.32815551757812,95.06888580322266,8716285
2015-07-16,108.54377746582031,109.12503051757812,107.28752899169922,107.8687744140625,94.66574096679688,4637732
2015-07-17,108.18753051757812,108.73127746582031,105.97502899169922,106.5656509399414,93.52210235595703,5034174
2015-07-20,105.7500228881836,107.38127899169922,105.3750228881836,106.6125259399414,94.72996520996094,3991263
2015-07-21,106.4156494140625,109.7062759399414,106.3781509399414,108.1125259399414,96.06278991699219,8343864
2015-07-22,108.75003051757812,110.3625259399414,108.00003051757812,109.6125259399414,97.39559936523438,5474926
2015-07-23,110.1750259399414,111.3375244140625,107.74690246582031,110.4468994140625,98.13700103759766,11890199
2015-07-24,109.3218994140625,109.87503051757812,105.97502899169922,106.2656478881836,94.42176055908203,12045388
2015-07-27,105.9375228881836,106.8281478881836,104.9531478881836,105.30940246582031,93.57208251953125,5267502
2015-07-28,105.2812728881836,105.4218978881836,103.7812728881836,104.37190246582031,92.73907470703125,8265859
2015-07-29,104.4375228881836,106.5000228881836,104.42815399169922,105.9094009399414,94.10521697998047,6008291
2015-07-30,106.5000228881836,106.81877899169922,104.19377899169922,105.3750228881836,93.63037872314453,5578062
2015-07-31,105.5625228881836,107.2500228881836,105.55315399169922,106.8469009399414,94.93822479248047,7047102
2015-08-03,107.0625228881836,107.98127746582031,106.6875228881836,106.95002746582031,95.02984619140625,3455284
2015-08-04,107.04377746582031,107.04377746582031,104.5312728881836,104.9719009399414,93.2721939086914,7786595
2015-08-05,105.2343978881836,108.37503051757812,104.9719009399414,107.8781509399414,95.85453796386719,5696430
2015-08-06,108.56253051757812,108.70315551757812,106.6875228881836,107.1750259399414,95.22977447509766,5022969
2015-08-07,107.1750259399414,107.98127746582031,106.1343994140625,106.7062759399414,94.81327056884766,4219929
2015-08-10,106.5093994140625,107.52190399169922,105.0187759399414,105.64690399169922,93.8719482421875,3854564
2015-08-11,106.1250228881836,106.39690399169922,104.0718994140625,106.15315246582031,94.32178497314453,6672931
2015-08-12,105.4218978881836,108.9937744140625,105.4218978881836,108.32815551757812,96.25438690185547,7323971
2015-08-13,108.2906494140625,108.65628051757812,106.0875244140625,107.10002899169922,95.16315460205078,5510921
2015-08-14,107.10002899169922,108.3375244140625,106.24690246582031,107.8593978881836,95.83787536621094,4568222
2015-08-17,107.9625244140625,108.56253051757812,106.6594009399414,107.9719009399414,95.93782043457031,2212863
2015-08-18,108.31877899169922,110.15628051757812,106.5937728881836,107.09065246582031,95.1548080444336,7479918
2015-08-19,107.56877899169922,110.01565551757812,107.2500228881836,109.64065551757812,97.42060089111328,5814979
2015-08-20,109.68753051757812,109.9406509399414,107.5781478881836,108.14065551757812,96.08778381347656,6423955
2015-08-21,107.7750244140625,108.18753051757812,105.69377899169922,108.00003051757812,95.96281433105469,7385267
2015-08-24,106.67815399169922,107.6250228881836,100.5187759399414,102.0656509399414,90.68987274169922,11884861
2015-08-25,103.0031509399414,103.4062728881836,99.0562744140625,101.4937744140625,90.18172454833984,15297276
2015-08-26,102.16877746582031,104.3625259399414,101.8312759399414,103.30314636230469,91.78943634033203,11044007
2015-08-27,104.52190399169922,104.52190399169922,102.4875259399414,103.3781509399414,91.85608673095703,12857543
2015-08-28,103.9312744140625,106.02190399169922,103.5656509399414,105.6750259399414,93.89695739746094,5714915
2015-08-31,105.6750259399414,107.8125228881836,105.13127899169922,107.2125244140625,95.26309204101562,8954392
2015-09-01,107.1187744140625,107.2500228881836,105.0000228881836,105.77815246582031,93.98857879638672,7103043
2015-09-02,106.15315246582031,106.72502899169922,102.97502136230469,103.9218978881836,92.33922576904297,6572206
2015-09-03,104.8125228881836,106.5000228881836,104.7281494140625,106.34065246582031,94.4884033203125,3285449
2015-09-04,106.5000228881836,107.1750259399414,102.60002136230469,103.8750228881836,92.29756164550781,7928355
2015-09-07,103.85627746582031,104.4000244140625,102.02815246582031,103.5187759399414,91.98101043701172,5709214
2015-09-08,103.1812744140625,106.1250228881836,103.1250228881836,105.6750259399414,93.89695739746094,4094153
2015-09-09,106.2750244140625,107.5406494140625,104.66252899169922,105.2062759399414,93.4804458618164,4099134
2015-09-10,104.0625228881836,104.9531478881836,103.1906509399414,103.5187759399414,91.98101043701172,8775869
2015-09-11,104.0625228881836,105.5344009399414,104.0250244140625,104.8312759399414,93.14724731445312,4084660
2015-09-14,105.1875228881836,107.56877899169922,104.85002899169922,107.18440246582031,95.23810577392578,10684962
2015-09-15,106.6875228881836,107.6250228881836,106.1343994140625,107.0812759399414,95.14645385742188,4937700
2015-09-16,107.60627746582031,109.12503051757812,107.14690399169922,108.8531494140625,96.72086334228516,9941709
2015-09-18,108.88127899169922,111.56253051757812,108.75003051757812,111.00003051757812,98.62846374511719,9898909
2015-09-21,110.5875244140625,111.93753051757812,109.59378051757812,111.03752899169922,98.66178131103516,11840733
2015-09-22,111.00003051757812,113.29690551757812,110.62503051757812,111.73127746582031,99.27820587158203,18028038
2015-09-23,110.4562759399414,111.82502746582031,109.15315246582031,110.76565551757812,98.42020416259766,7529166
2015-09-24,111.37503051757812,113.41877746582031,110.06253051757812,113.0718994140625,100.46941375732422,11094738
2015-09-28,112.87503051757812,112.87503051757812,110.6343994140625,111.17815399169922,98.7867431640625,5322644
2015-09-29,109.8000259399414,112.10627746582031,109.68753051757812,110.3062744140625,98.01201629638672,8118296
2015-09-30,111.3937759399414,112.30315399169922,111.00003051757812,112.0969009399414,99.60308837890625,9590429
2015-10-01,112.1343994140625,114.9937744140625,112.0031509399414,112.45315551757812,99.91960906982422,18667659
2015-10-05,112.57502746582031,114.35627746582031,111.9562759399414,112.5562744140625,100.01124572753906,9100269
2015-10-06,112.95002746582031,114.37503051757812,112.16252899169922,112.3781509399414,99.85298919677734,8106115
2015-10-07,112.4625244140625,112.4625244140625,109.68753051757812,110.4094009399414,98.1036605834961,4985700
2015-10-08,110.9250259399414,111.92815399169922,109.80940246582031,110.5875244140625,98.26193237304688,5878542
2015-10-09,111.69377899169922,111.87190246582031,109.72502899169922,111.0656509399414,98.68677520751953,7196840
2015-10-12,112.50003051757812,112.50003051757812,109.12503051757812,109.49065399169922,97.28730773925781,5656995
2015-10-13,109.68753051757812,111.31877899169922,109.43440246582031,109.7531509399414,97.52054595947266,5195476
2015-10-14,109.1437759399414,111.45940399169922,108.9468994140625,109.29377746582031,97.11237335205078,5600910
2015-10-15,110.24065399169922,110.24065399169922,108.0187759399414,108.2062759399414,96.14608001708984,4486078
2015-10-16,108.56253051757812,109.15315246582031,106.0500259399414,108.17815399169922,96.12109375,4888068
2015-10-19,109.10627746582031,109.54690551757812,107.0812759399414,108.2906494140625,96.22106170654297,5330665
2015-10-20,108.56253051757812,108.73127746582031,106.8750228881836,107.2125244140625,95.26309204101562,7156819
2015-10-21,107.7750244140625,108.65628051757812,107.10002899169922,108.3469009399414,96.27102661132812,5404803
2015-10-23,107.5875244140625,107.5875244140625,105.87190246582031,106.4531478881836,94.5883560180664,9916189
2015-10-26,106.9875259399414,107.6812744140625,106.06877899169922,106.6968994140625,94.80493927001953,5681966
2015-10-27,106.9218978881836,108.26252746582031,106.1250228881836,107.8312759399414,95.81288146972656,15674230
2015-10-28,107.79377746582031,108.98440551757812,106.8281478881836,108.37503051757812,96.2960205078125,7496963
2015-10-29,108.5718994140625,108.73127746582031,107.0625228881836,107.7375259399414,95.72957611083984,8150157
2015-10-30,107.3437728881836,108.5718994140625,106.71565246582031,107.4094009399414,95.43803405761719,6049662
2015-11-02,107.5312728881836,108.2531509399414,106.5937728881836,107.84065246582031,95.82119750976562,9695048
2015-11-03,107.84065246582031,108.68440246582031,107.1281509399414,107.6718978881836,95.67125701904297,5637257
2015-11-04,108.2062759399414,108.55315399169922,107.14690399169922,107.4468994140625,95.47134399414062,4350852
2015-11-05,107.4843978881836,107.79377746582031,106.7531509399414,107.0344009399414,95.10482025146484,3277977
2015-11-06,106.5468978881836,107.37190246582031,106.25627899169922,106.86565399169922,94.95487976074219,3659753
2015-11-09,105.6562728881836,106.3125228881836,104.28752899169922,105.0468978881836,93.33882904052734,7082536
2015-11-10,105.17815399169922,105.3375244140625,103.39689636230469,104.2593994140625,92.63909149169922,7630478
2015-11-13,103.8750228881836,104.1093978881836,103.20002746582031,103.4062728881836,91.88106536865234,3326617
2015-11-16,103.10627746582031,104.61565399169922,101.6718978881836,103.7812728881836,92.21427154541016,5924403
2015-11-17,104.4375228881836,104.4375228881836,103.3125228881836,104.2219009399414,92.60579681396484,7816195
2015-11-18,103.7812728881836,104.4094009399414,103.34065246582031,103.9406509399414,92.35589599609375,6561801
2015-11-19,104.14690399169922,105.3750228881836,103.62190246582031,104.3906478881836,92.75572967529297,5367129
2015-11-20,105.31877899169922,107.8125228881836,104.6250228881836,106.81877899169922,94.91322326660156,9887773
2015-11-23,107.61565399169922,108.02815246582031,106.4156494140625,106.8937759399414,94.97986602783203,5929566
2015-11-24,107.47502899169922,108.26252746582031,105.4687728881836,105.7219009399414,93.93860626220703,5441907
2015-11-26,104.8125228881836,107.42815399169922,104.8125228881836,106.7812728881836,94.8799057006836,10273112
2015-11-27,106.7812728881836,106.95002746582031,105.91877746582031,106.86565399169922,94.95487976074219,7137918
2015-11-30,106.6875228881836,107.9531478881836,106.35002899169922,106.86565399169922,94.95487976074219,22234597
2015-12-01,108.60002899169922,110.14690399169922,108.60002899169922,109.11565399169922,96.95409393310547,9200387
2015-12-02,109.6500244140625,109.76252746582031,108.0093994140625,108.32815551757812,96.25438690185547,3787604
2015-12-03,109.68753051757812,109.68753051757812,106.7437744140625,107.3531494140625,95.38804626464844,6974419
2015-12-04,107.3156509399414,107.3156509399414,105.41252899169922,106.7437744140625,94.84658813476562,5513331
2015-12-07,107.2219009399414,108.26252746582031,106.48127746582031,108.0093994140625,95.97115325927734,6213411
2015-12-08,107.66252899169922,108.54377746582031,105.8156509399414,106.25627899169922,94.41342163085938,3736804
2015-12-09,105.7500228881836,107.5969009399414,105.4781494140625,105.9937744140625,94.18018341064453,4223545
2015-12-10,106.3218994140625,106.8750228881836,104.93440246582031,105.9562759399414,94.1468734741211,6014387
2015-12-11,106.3125228881836,106.4531478881836,105.1125259399414,106.10627746582031,94.28013610839844,3691311
2015-12-14,105.60002899169922,106.8750228881836,105.0000228881836,106.3218994140625,94.47171783447266,3973023
2015-12-15,106.57502746582031,106.8750228881836,104.32502746582031,104.79377746582031,93.11392974853516,6393961
2015-12-16,103.5468978881836,104.7844009399414,103.5468978881836,104.05315399169922,92.45586395263672,10970066
2015-12-17,104.5312728881836,104.70002746582031,103.7062759399414,104.2687759399414,92.64744567871094,10163672
2015-12-18,103.8750228881836,104.5031509399414,103.20939636230469,103.91252136230469,92.33090209960938,14961660
2015-12-21,103.8375244140625,104.8593978881836,102.8437728881836,104.2219009399414,92.60579681396484,6207683
2015-12-22,104.0250244140625,104.5312728881836,103.6875228881836,104.14690399169922,92.53914642333984,6653875
2015-12-23,105.0000228881836,105.0000228881836,103.8750228881836,104.3062744140625,92.68077087402344,4221929
2015-12-24,104.3437728881836,104.9625244140625,103.9687728881836,104.47502899169922,92.83071899414062,2154842
2015-12-28,104.1656494140625,105.7500228881836,104.1656494140625,105.27190399169922,93.53875732421875,5220702
2015-12-29,105.35627746582031,106.53752899169922,104.80315399169922,105.7593994140625,93.97191619873047,4268569
2015-12-30,106.10627746582031,106.5000228881836,104.2500228881836,104.6437759399414,92.98064422607422,2678249
2015-12-31,104.6250228881836,105.63752746582031,104.4375228881836,104.98127746582031,93.2805404663086,7054776
2016-01-01,104.9625244140625,104.9625244140625,103.8937759399414,104.33440399169922,92.70574951171875,3165524
2016-01-04,104.4375228881836,105.0000228881836,104.2500228881836,104.56877899169922,92.91400909423828,3431636
2016-01-05,105.3750228881836,105.9375228881836,103.9218978881836,104.41877746582031,92.78071594238281,4687529
2016-01-06,104.4375228881836,104.9625244140625,103.6875228881836,104.0812759399414,92.4808349609375,6123539
2016-01-07,103.6875228881836,104.52190399169922,102.5812759399414,103.0969009399414,91.60616302490234,11168290
2016-01-08,103.5187759399414,104.5969009399414,103.0406494140625,104.2125244140625,92.59747314453125,4648302
2016-01-11,103.5000228881836,103.86564636230469,100.20002746582031,100.77189636230469,89.54031372070312,9954184
2016-01-12,100.5937728881836,103.3125228881836,99.60002136230469,102.91877746582031,91.4478988647461,6982168
2016-01-13,102.5625228881836,103.48127746582031,101.33439636230469,102.4687728881836,91.04806518554688,3587567
2016-01-14,102.1875228881836,103.10627746582031,100.5000228881836,102.2343978881836,90.83979034423828,5838665
2016-01-15,102.4875259399414,102.9094009399414,100.6875228881836,101.8312759399414,90.48161315917969,3334175
2016-01-18,100.6875228881836,103.2750244140625,99.5156478881836,102.59065246582031,91.15635681152344,9031923
2016-01-19,102.7500228881836,103.5000228881836,100.8750228881836,101.6250228881836,90.29833984375,5106281
2016-01-20,101.0718994140625,103.48127746582031,99.97502136230469,101.7281494140625,90.38997650146484,6238110
2016-01-21,101.5406494140625,104.0625228881836,101.5406494140625,103.2750244140625,91.76444244384766,9300264
2016-01-22,104.19377899169922,104.19377899169922,102.5812759399414,103.1437759399414,91.64781188964844,4445262
2016-01-25,102.73127746582031,103.0875244140625,101.9625244140625,102.5718994140625,91.97567749023438,4242825
2016-01-27,103.1250228881836,104.05315399169922,101.9156494140625,103.6031494140625,92.90038299560547,11160519
2016-01-28,103.72502136230469,103.81877136230469,102.07502746582031,102.6093978881836,92.00929260253906,6459529
2016-01-29,102.8625259399414,106.06877899169922,102.8625259399414,105.5250244140625,94.62374114990234,7734574
2016-02-01,106.0500259399414,107.60627746582031,104.4937744140625,106.52815246582031,95.52322387695312,8037187
2016-02-02,106.8937759399414,107.1656494140625,105.78752899169922,106.3593978881836,95.37190246582031,6855160
2016-02-03,106.2187728881836,106.2187728881836,103.8843994140625,104.5875244140625,93.78307342529297,3213476
2016-02-04,105.0562744140625,105.30940246582031,103.81877136230469,104.99065399169922,94.14456176757812,5609982
2016-02-05,105.0000228881836,106.0875244140625,104.13752746582031,104.60627746582031,93.79988861083984,5742094
2016-02-08,104.6343994140625,105.03752899169922,101.8687744140625,102.1875228881836,91.6310043334961,4384750
2016-02-09,101.23127746582031,101.23127746582031,100.1250228881836,100.5468978881836,90.15985870361328,4267924
2016-02-10,100.5468978881836,100.62190246582031,99.0000228881836,99.60002136230469,89.3108139038086,5157374
2016-02-11,99.60002136230469,99.8062744140625,96.2062759399414,96.97502136230469,86.95697784423828,5269476
2016-02-12,98.4000244140625,99.27189636230469,95.2968978881836,96.9937744140625,86.97380828857422,9598621
2016-02-15,98.04377746582031,98.9250259399414,97.15315246582031,98.5781478881836,88.39450073242188,5214324
2016-02-16,98.8125228881836,99.4687728881836,97.71565246582031,98.7375259399414,88.53741455078125,3685887
2016-02-17,98.0625228881836,99.36564636230469,96.9843978881836,98.80314636230469,88.59623718261719,5763710
2016-02-18,99.0187759399414,101.9625244140625,99.0187759399414,101.4937744140625,91.00891876220703,4740372
2016-02-19,101.51252746582031,103.0312728881836,100.90315246582031,102.6281509399414,92.026123046875,5768537
2016-02-22,102.60002136230469,102.7687759399414,100.5937728881836,101.7656478881836,91.25271606445312,4520996
2016-02-23,101.65315246582031,101.94377136230469,100.4250259399414,101.24064636230469,90.7819595336914,5036873
2016-02-24,101.2687759399414,101.6718978881836,99.4687728881836,100.11564636230469,89.7731704711914,5189321
2016-02-25,100.20002746582031,101.0156478881836,97.8937759399414,100.0969009399414,89.75636291503906,5119049
2016-02-26,101.28752136230469,101.60627746582031,98.75627136230469,99.4687728881836,89.19312286376953,5250574
2016-02-29,99.1875228881836,99.7219009399414,95.23126983642578,97.5468978881836,87.46978759765625,11091282
2016-03-01,98.4375228881836,101.0625228881836,98.14689636230469,100.39689636230469,90.02535247802734,9201448
2016-03-02,101.2500228881836,101.5969009399414,99.40315246582031,101.1656494140625,90.7146987915039,9548461
2016-03-03,101.27815246582031,102.83439636230469,100.3593978881836,101.75627136230469,91.24431610107422,6511139
2016-03-04,102.16877746582031,102.30940246582031,100.3312759399414,100.67814636230469,90.27755737304688,8533469
2016-03-08,100.81877136230469,101.9062728881836,100.16252136230469,101.52189636230469,91.03414154052734,8277325
2016-03-09,101.6250228881836,101.6250228881836,99.9843978881836,100.90315246582031,90.47932434082031,10597186
2016-03-10,101.0718994140625,101.23127746582031,99.88127136230469,100.4719009399414,90.09262084960938,6464851
2016-03-11,100.4625244140625,101.2125244140625,100.44377136230469,101.0625228881836,90.62222290039062,5963203
2016-03-14,101.8125228881836,101.8125228881836,100.5937728881836,101.4094009399414,90.93326568603516,5552606
2016-03-15,101.5312728881836,101.8125228881836,99.07502746582031,99.97502136230469,89.64707946777344,10384866
2016-03-16,100.3312759399414,101.3437728881836,99.3843994140625,100.95939636230469,90.52974700927734,10071645
2016-03-17,101.5500259399414,101.99064636230469,100.4250259399414,101.10002136230469,90.65584564208984,9839474
2016-03-18,101.3531494140625,103.8375244140625,101.3437728881836,103.3593978881836,92.68181610107422,13512583
2016-03-21,103.95002746582031,105.45002746582031,101.5875244140625,104.33440399169922,93.55610656738281,5891875
2016-03-22,104.3437728881836,104.3625259399414,103.3312759399414,103.6594009399414,92.9508285522461,7905422
2016-03-23,103.1437759399414,104.85002899169922,102.3375244140625,104.2031478881836,93.43841552734375,7693379
2016-03-28,104.7281494140625,105.6750259399414,102.9937744140625,104.27815246582031,93.50566101074219,7775976
2016-03-29,104.4375228881836,104.8125228881836,102.7500228881836,103.71565246582031,93.00127410888672,8018333
2016-03-30,103.63127136230469,105.68440246582031,103.3593978881836,105.36565399169922,94.48081970214844,7883464
2016-03-31,105.3469009399414,106.8750228881836,104.47502899169922,105.7968978881836,94.86750030517578,20671520
2016-04-01,106.3125228881836,107.3437728881836,104.47502899169922,105.40315246582031,94.51443481445312,7355416
2016-04-04,106.29377746582031,107.0812759399414,105.59065246582031,106.1718978881836,95.20376586914062,3719124
2016-04-05,106.1718978881836,106.2375259399414,104.4843978881836,104.8125228881836,93.98483276367188,4395422
2016-04-06,105.0000228881836,105.3750228881836,103.6406478881836,104.66252899169922,93.85033416748047,5808793
2016-04-07,104.6250228881836,105.0000228881836,103.1906509399414,103.4625244140625,92.77429962158203,3246500
2016-04-08,102.7500228881836,103.38752746582031,102.4687728881836,103.0406494140625,92.39600372314453,5016142
2016-04-11,102.9375228881836,106.6125259399414,101.66252136230469,106.0781478881836,95.1197280883789,5949523
2016-04-12,105.9937744140625,107.2031478881836,105.2062759399414,106.7906494140625,95.75861358642578,4493886
2016-04-13,109.31253051757812,110.98127746582031,108.8531494140625,109.66877746582031,98.33940887451172,10674994
2016-04-18,110.43753051757812,111.46878051757812,108.78752899169922,110.3625259399414,98.96148681640625,13105324
2016-04-20,112.12503051757812,113.81253051757812,110.5500259399414,112.73440551757812,101.08834838867188,25034223
2016-04-21,106.8750228881836,107.93440246582031,104.4094009399414,104.7844009399414,93.95960998535156,30976914
2016-04-22,105.0000228881836,105.49690246582031,104.0812759399414,104.61565399169922,93.80830383300781,11492685
2016-04-25,104.6437759399414,105.3281478881836,103.3312759399414,103.58439636230469,92.88357543945312,9151325
2016-04-26,103.57502746582031,104.6250228881836,103.16252136230469,103.95939636230469,93.21983337402344,9657501
2016-04-27,103.5468978881836,105.2343978881836,103.5468978881836,105.0000228881836,94.15296173095703,4790110
2016-04-28,104.9062728881836,105.7500228881836,103.3125228881836,103.7062759399414,92.99285888671875,14505825
2016-04-29,104.0625228881836,104.4000244140625,102.8156509399414,103.9406509399414,93.20303344726562,6830286
2016-05-02,103.3125228881836,103.67814636230469,102.2437744140625,102.8437728881836,92.2194595336914,5296409
2016-05-03,102.9375228881836,103.0781478881836,101.0718994140625,101.9719009399414,91.4376449584961,9210403
2016-05-04,101.7187728881836,101.88752746582031,100.6875228881836,101.2500228881836,90.79035949707031,6997112
2016-05-05,101.0625228881836,102.2437744140625,100.6875228881836,101.8312759399414,91.3115463256836,5824718
2016-05-06,102.50627136230469,102.50627136230469,99.6750259399414,99.9562759399414,89.6302719116211,6870419
2016-05-09,99.92814636230469,101.2687759399414,99.6562728881836,101.0625228881836,90.62222290039062,5356158
2016-05-10,101.0156478881836,101.6437759399414,100.20939636230469,100.99690246582031,90.56340026855469,5211513
2016-05-11,100.20002746582031,101.14689636230469,99.9562759399414,100.8375244140625,90.42047882080078,3859455
2016-05-12,100.8750228881836,101.8593978881836,100.44377136230469,101.6812744140625,91.17706298828125,5328180
2016-05-13,101.75627136230469,101.75627136230469,100.6875228881836,101.18440246582031,90.73152160644531,4528516
2016-05-16,101.38127136230469,101.9062728881836,100.53752136230469,101.4000244140625,90.92486572265625,6225662
2016-05-17,101.6250228881836,101.70002746582031,100.8843994140625,101.27815246582031,90.8155746459961,6809208
2016-05-18,101.04377746582031,101.4094009399414,100.3125228881836,101.1656494140625,90.7146987915039,7621128
2016-05-19,101.2500228881836,101.99064636230469,100.7343978881836,101.80314636230469,91.28633880615234,6685262
2016-05-20,101.88752746582031,102.74064636230469,101.7187728881836,101.88752746582031,91.36201477050781,4706510
2016-05-23,102.0000228881836,102.08439636230469,100.9312744140625,101.2219009399414,90.76514434814453,4875689
2016-05-24,101.2219009399414,101.32502746582031,100.4156494140625,100.80940246582031,90.39525604248047,5286206
2016-05-25,101.2500228881836,102.55314636230469,101.0625228881836,102.3937759399414,91.81595611572266,6641075
2016-05-26,102.3937759399414,102.9000244140625,101.8125228881836,102.17814636230469,91.62260437011719,6586563
2016-05-27,101.84065246582031,103.3125228881836,101.8125228881836,102.26252746582031,91.6982650756836,6460681
2016-05-30,102.60002136230469,103.5937728881836,102.08439636230469,103.15315246582031,92.49687957763672,5706643
2016-05-31,103.3125228881836,103.5000228881836,101.8781509399414,102.27189636230469,91.70667266845703,11040471
2016-06-01,102.3000259399414,104.2125244140625,102.3000259399414,103.9687728881836,93.22824096679688,5452990
2016-06-02,104.2500228881836,104.80315399169922,100.20939636230469,101.32502746582031,90.85759735107422,13762753
2016-06-03,101.5312728881836,101.9062728881836,101.0625228881836,101.4000244140625,90.92486572265625,7088563
2016-06-06,101.4375228881836,101.60627746582031,100.01252746582031,100.3312759399414,89.96651458740234,10304205
2016-06-07,101.2500228881836,101.46565246582031,100.72502136230469,101.2219009399414,90.76514434814453,10313858
2016-06-08,101.4375228881836,102.1968994140625,101.2500228881836,102.1125259399414,91.56377410888672,8129181
2016-06-09,102.5812759399414,102.5812759399414,101.66252136230469,102.1500244140625,91.5973892211914,9430088
2016-06-10,102.0937728881836,102.59065246582031,101.8125228881836,102.2531509399414,91.68984985351562,6359182
2016-06-13,101.3625259399414,102.13127136230469,101.0344009399414,101.47502136230469,90.99211883544922,3480377
2016-06-14,101.47502136230469,102.0000228881836,101.2500228881836,101.8312759399414,91.3115463256836,5602446
2016-06-15,102.3375244140625,102.7031478881836,101.6812744140625,102.5718994140625,91.97567749023438,2263231
2016-06-16,102.31877136230469,103.3125228881836,101.5406494140625,103.10627746582031,92.4548568725586,3681988
2016-06-17,103.3687744140625,103.8750228881836,102.9375228881836,103.5093994140625,92.81632995605469,8613805
2016-06-20,103.1250228881836,104.7844009399414,102.2062759399414,104.4468994140625,93.656982421875,7409230
2016-06-21,104.56877899169922,105.5344009399414,103.76252746582031,105.1875228881836,94.32108306884766,5277033
2016-06-22,105.3843994140625,105.7500228881836,104.9062728881836,105.59065246582031,94.68257141113281,7391587
2016-06-23,105.5625228881836,105.9094009399414,104.8781509399414,105.69377899169922,94.77506256103516,3580004
2016-06-24,103.7343978881836,104.5781478881836,102.6187744140625,104.09065246582031,93.33753204345703,7210062
2016-06-27,104.05315399169922,104.05315399169922,102.60002136230469,102.7500228881836,92.13540649414062,5685011
2016-06-28,102.17814636230469,102.5156478881836,101.4843978881836,101.70002746582031,91.19387817382812,5295833
2016-06-29,102.07502746582031,104.4375228881836,101.6250228881836,103.9781494140625,93.23664855957031,4993854
2016-06-30,104.56877899169922,105.40315246582031,104.0718994140625,104.61565399169922,93.80830383300781,7785230
2016-07-01,104.9531478881836,105.9375228881836,104.4468994140625,104.79377746582031,93.968017578125,2872943
2016-07-04,105.3750228881836,105.9375228881836,105.0000228881836,105.31877899169922,94.43878936767578,5305017
2016-07-05,105.30940246582031,106.6875228881836,104.2593994140625,105.92815399169922,94.9852294921875,4831470
2016-07-07,106.3125228881836,106.49065399169922,104.5406494140625,104.9250259399414,94.0857162475586,7614019
2016-07-08,104.9250259399414,105.64690399169922,104.0718994140625,105.30940246582031,94.43038940429688,4648377
2016-07-11,105.9375228881836,107.0625228881836,105.49690246582031,106.6594009399414,95.81150817871094,5509102
2016-07-12,106.2187728881836,107.23127746582031,105.9375228881836,107.0250244140625,96.13993835449219,3498900
2016-07-13,107.60627746582031,108.3375244140625,106.8375244140625,107.61565399169922,96.67050170898438,5638382
2016-07-14,106.7906494140625,107.61565399169922,106.0312728881836,106.9875259399414,96.10626220703125,2713977
2016-07-15,106.85627746582031,107.79377746582031,103.72502136230469,103.9687728881836,93.39452362060547,18280203
2016-07-18,103.7812728881836,103.86564636230469,102.1500244140625,103.49064636230469,92.96503448486328,8784787
2016-07-19,102.1875228881836,103.8281478881836,102.0000228881836,102.9843978881836,92.51026153564453,14877681
2016-07-20,97.1250228881836,101.4843978881836,97.1250228881836,101.0344009399414,90.75859832763672,50777299
2016-07-21,101.04377746582031,102.1500244140625,101.04377746582031,101.6250228881836,91.28914642333984,7703480
2016-07-22,101.2500228881836,101.4375228881836,100.3125228881836,100.8281478881836,90.57331848144531,7330024
2016-07-25,100.81877136230469,101.94377136230469,100.3125228881836,101.7844009399414,91.43231964111328,3908543
2016-07-26,101.6250228881836,103.2656478881836,101.42814636230469,102.3937759399414,91.97972869873047,8752205
2016-07-27,102.3937759399414,103.6406478881836,101.7281494140625,102.96565246582031,92.49344635009766,7535086
2016-07-28,102.6187744140625,104.3906478881836,102.0000228881836,103.8375244140625,93.27661895751953,6127465
2016-07-29,103.5562744140625,103.6875228881836,101.74690246582031,102.1968994140625,91.80286407470703,7435123
2016-08-01,102.1968994140625,105.3281478881836,102.1875228881836,104.56877899169922,93.93352508544922,12123703
2016-08-02,104.6250228881836,104.8125228881836,102.7500228881836,103.0500259399414,92.56922912597656,6216329
2016-08-03,102.7500228881836,104.09065246582031,102.5250244140625,102.74064636230469,92.29131317138672,7703918
2016-08-04,102.7125244140625,103.5000228881836,102.2531509399414,102.78752136230469,92.33342742919922,6132105
2016-08-05,102.36564636230469,103.5937728881836,102.3000259399414,102.60002136230469,92.16499328613281,3108623
2016-08-08,102.4218978881836,103.6594009399414,102.4218978881836,102.9375228881836,92.46817016601562,5468510
2016-08-09,102.69377136230469,103.5937728881836,102.4312744140625,103.3781509399414,92.8639907836914,4676916
2016-08-10,103.1250228881836,103.3125228881836,101.2593994140625,101.74690246582031,91.39863586425781,3369775
2016-08-11,101.41877746582031,102.6656494140625,101.2500228881836,101.8125228881836,91.45758056640625,2665604
2016-08-12,101.3437728881836,103.0312728881836,101.3437728881836,101.9531478881836,91.58389282226562,4163470
2016-08-16,101.9531478881836,102.3750228881836,100.2750244140625,100.5937728881836,90.36279296875,4939065
2016-08-17,100.63127136230469,100.90315246582031,98.7375259399414,98.9625244140625,88.89743041992188,5300457
2016-08-18,99.36564636230469,99.3843994140625,98.10002136230469,98.4562759399414,88.44268035888672,4851732
2016-08-19,98.79377746582031,99.3375244140625,97.3218994140625,97.5187759399414,87.60052490234375,5503785
2016-08-22,97.1250228881836,97.5000228881836,96.4687728881836,96.6562728881836,86.82576751708984,5422857
2016-08-23,96.6093978881836,97.5937728881836,96.5625228881836,97.4250259399414,87.51631927490234,6156019
2016-08-24,97.5187759399414,97.8750228881836,96.9468994140625,97.43440246582031,87.52474212646484,5587134
2016-08-25,97.6875228881836,97.7343978881836,94.1718978881836,94.5000228881836,84.8888168334961,25798062
2016-08-26,94.5000228881836,94.8843994140625,91.5000228881836,91.8750228881836,82.53079986572266,17698571
2016-08-29,92.0625228881836,92.1656494140625,89.45626831054688,89.7750244140625,80.64436340332031,27176665
2016-08-30,89.79376983642578,91.95939636230469,89.65314483642578,91.77189636230469,82.43815612792969,24165572
2016-08-31,92.2125244140625,93.0000228881836,91.1718978881836,92.18439483642578,82.8086929321289,14992145
2016-09-01,91.81877136230469,91.81877136230469,90.2812728881836,90.74064636230469,81.51177978515625,10604872
2016-09-02,90.7500228881836,91.0406494140625,89.8687744140625,90.67501831054688,81.45283508300781,8611208
2016-09-06,90.9375228881836,91.01251983642578,90.0000228881836,90.54376983642578,81.33493041992188,8491053
2016-09-07,91.4625244140625,91.8281478881836,90.0093994140625,90.3281478881836,81.1412353515625,11453063
2016-09-08,89.4375228881836,89.93439483642578,88.16252136230469,88.86564636230469,79.82747650146484,11891858
2016-09-09,89.55001831054688,90.5625228881836,88.9312744140625,90.12189483642578,80.95597076416016,10113106
2016-09-12,89.0250244140625,90.63751983642578,88.52814483642578,90.07501983642578,80.91387176513672,10068429
2016-09-14,90.8437728881836,90.92814636230469,89.22189331054688,89.6343994140625,80.51805114746094,9826386
2016-09-15,89.9625244140625,89.9625244140625,88.9218978881836,89.70939636230469,80.5854263305664,9677981
2016-09-16,90.2437744140625,90.4312744140625,89.6250228881836,89.88751983642578,80.74542236328125,12324284
2016-09-19,90.0000228881836,90.36564636230469,89.28752136230469,89.99064636230469,80.83808135986328,11299922
2016-09-20,90.4687728881836,90.4687728881836,89.64376831054688,90.1968994140625,81.0233383178711,5829321
2016-09-21,90.55314636230469,90.8437728881836,90.0468978881836,90.72189331054688,81.49494171142578,8668616
2016-09-22,90.9375228881836,90.97502136230469,89.92501831054688,90.3281478881836,81.1412353515625,7633032
2016-09-23,90.6093978881836,90.69377136230469,89.8218994140625,90.03752136230469,80.88016510009766,12300882
2016-09-26,90.07501983642578,90.1875228881836,89.26876831054688,89.8687744140625,80.72859191894531,11939239
2016-09-27,90.06564331054688,90.9375228881836,89.8125228881836,90.78752136230469,81.55388641357422,9878285
2016-09-28,90.82501983642578,90.88127136230469,90.06564331054688,90.69377136230469,81.46967315673828,4245028
2016-09-29,90.69377136230469,90.74064636230469,88.1250228881836,88.53752136230469,79.53271484375,26351076
2016-09-30,88.6875228881836,90.0000228881836,88.6875228881836,89.80314636230469,80.66962432861328,11216973
2016-10-03,90.0000228881836,90.01876831054688,88.9312744140625,89.80314636230469,80.66962432861328,5336686
2016-10-04,89.8125228881836,90.92814636230469,89.8125228881836,90.3375244140625,81.14967346191406,7095976
2016-10-05,90.3375244140625,90.59064483642578,89.37189483642578,89.9156494140625,80.77069091796875,7538366
2016-10-06,90.0000228881836,90.11251831054688,89.4468994140625,89.6250228881836,80.5096206665039,7396014
2016-10-07,89.6250228881836,89.94377136230469,89.17501831054688,89.42814636230469,80.33277893066406,5566297
2016-10-10,89.47502136230469,89.9531478881836,89.26876831054688,89.4375228881836,80.3412094116211,3538004
2016-10-13,89.4375228881836,89.8125228881836,88.95001983642578,89.6718978881836,80.55171966552734,7329358
2016-10-14,89.5875244140625,90.22502136230469,88.9312744140625,89.0625228881836,80.00434112548828,6884195
2016-10-17,89.0718994140625,89.18439483642578,88.42501831054688,88.52814483642578,79.5242919921875,8298392
2016-10-18,88.70626831054688,90.76876831054688,88.6875228881836,90.5156478881836,81.3096694946289,5801342
2016-10-19,90.9375228881836,93.16876983642578,90.7031478881836,92.8125228881836,83.37293243408203,12378636
2016-10-20,93.35626983642578,93.96564483642578,92.28752136230469,92.88751983642578,83.4403076171875,6252382
2016-10-21,93.7219009399414,93.9375228881836,92.4937744140625,93.60002136230469,84.08032989501953,10617160
2016-10-24,91.8750228881836,91.8750228881836,89.55001831054688,90.74064636230469,81.51177978515625,18579446
2016-10-25,90.7500228881836,90.86251831054688,89.85002136230469,90.26251983642578,81.08228302001953,18599248
2016-10-26,90.1406478881836,90.1406478881836,88.2281494140625,88.4156494140625,79.42325592041016,7329390
2016-10-27,88.3687744140625,88.80939483642578,86.2500228881836,86.56877136230469,77.76422119140625,10042829
2016-10-28,86.56877136230469,87.45001983642578,85.14376831054688,86.64376831054688,77.83158111572266,12320247
2016-11-01,87.1968994140625,87.45939636230469,86.2500228881836,86.3906478881836,77.60420227050781,3786724
2016-11-02,85.81877136230469,86.40939331054688,84.82501983642578,85.85626983642578,77.1241683959961,7523630
2016-11-03,85.8750228881836,86.24064636230469,83.63439178466797,83.92501831054688,75.38934326171875,8053976
2016-11-04,83.9531478881836,85.0781478881836,83.28752136230469,84.8437728881836,76.21465301513672,6547449
2016-11-07,85.3125228881836,85.39689636230469,84.08439636230469,84.3750228881836,75.79358673095703,7134574
2016-11-08,84.9375228881836,85.48126983642578,83.70939636230469,84.7031478881836,76.08833312988281,6916238
2016-11-09,79.68751525878906,84.45939636230469,76.51876831054688,83.79376983642578,75.27144622802734,11558738
2016-11-10,84.59064483642578,84.63751983642578,82.51876831054688,83.42814636230469,74.94300842285156,8316376
2016-11-11,82.85626983642578,83.27814483642578,81.38439178466797,82.94064331054688,74.50508117675781,10485629
2016-11-15,82.7812728881836,84.63751983642578,82.41564178466797,83.99064636230469,75.44831848144531,37705734
2016-11-16,84.1875228881836,85.2187728881836,82.89376831054688,83.49376678466797,75.00196075439453,8829107
2016-11-17,83.08126831054688,83.42814636230469,81.33751678466797,82.20001983642578,73.83978271484375,11076418
2016-11-18,82.49064636230469,82.8750228881836,81.11251831054688,81.96564483642578,73.62924194335938,5763107
2016-11-21,82.0312728881836,83.2031478881836,81.97502136230469,82.83751678466797,74.4124526977539,8909576
2016-11-22,82.8750228881836,84.9375228881836,82.33126831054688,84.45001983642578,75.86094665527344,5891539
2016-11-23,84.45001983642578,84.72189331054688,82.89376831054688,84.16876983642578,75.6082992553711,6756803
2016-11-24,84.08439636230469,85.29376983642578,83.73751831054688,84.5156478881836,75.91991424560547,7374200
2016-11-25,84.9375228881836,87.5625228881836,84.5625228881836,87.1406478881836,78.2779312133789,6822590
2016-11-28,87.7500228881836,87.7500228881836,85.42501831054688,86.36251831054688,77.57893371582031,6135518
2016-11-29,86.51251983642578,87.4687728881836,86.3437728881836,87.21564483642578,78.34529113769531,3333673
2016-11-30,87.1875228881836,88.30314636230469,86.6250228881836,87.2343978881836,78.36213684082031,11587709
2016-12-01,88.06877136230469,88.30314636230469,87.0468978881836,87.8062744140625,78.8758544921875,3302127
2016-12-02,88.2187728881836,88.3125228881836,85.9687728881836,86.32501983642578,77.5452651977539,4041268
2016-12-05,86.2500228881836,86.2500228881836,84.9468994140625,85.62189483642578,76.91362762451172,3176116
2016-12-06,85.5000228881836,86.78439331054688,85.48126983642578,85.8375244140625,77.10733032226562,3357785
2016-12-07,85.95001983642578,86.2031478881836,84.7500228881836,85.00314331054688,76.35782623291016,3144911
2016-12-08,85.3125228881836,86.14689636230469,85.14376831054688,85.98751831054688,77.24205780029297,5596430
2016-12-09,85.89376831054688,86.47502136230469,85.5937728881836,85.89376831054688,77.15787506103516,5430270
2016-12-12,85.3125228881836,85.48126983642578,84.6562728881836,85.0406494140625,76.39151763916016,3831332
2016-12-13,85.5937728881836,87.0093994140625,85.3218994140625,86.9531478881836,78.1094970703125,6269049
2016-12-14,87.02814483642578,87.81564331054688,86.8593978881836,87.4312744140625,78.53899383544922,5507907
2016-12-15,86.36251831054688,88.48126983642578,86.36251831054688,87.39376831054688,78.50530242919922,5511310
2016-12-16,87.4312744140625,88.15314483642578,86.24064636230469,86.9062728881836,78.06739044189453,8818851
2016-12-19,86.7656478881836,87.4687728881836,86.70939636230469,86.9156494140625,78.07581329345703,4144553
2016-12-20,87.54376983642578,88.10626983642578,86.55939483642578,87.49689483642578,78.59794616699219,4334313
2016-12-21,87.8437728881836,88.2187728881836,86.47502136230469,86.70939636230469,77.89054870605469,5486622
2016-12-22,86.73751831054688,87.41252136230469,86.1187744140625,86.56877136230469,77.76422119140625,4312617
2016-12-23,87.12189483642578,87.1875228881836,85.38751983642578,86.0156478881836,77.26734924316406,3585124
2016-12-26,85.95001983642578,86.3437728881836,84.9937744140625,85.51876831054688,76.82100677490234,3316809
2016-12-27,85.3125228881836,87.3750228881836,85.14376831054688,87.22502136230469,78.35372924804688,2952121
2016-12-28,87.3750228881836,89.14689636230469,87.1968994140625,88.00314331054688,79.05268859863281,6353966
2016-12-29,87.9375228881836,89.4375228881836,87.0093994140625,88.56564331054688,79.5579833984375,10907890
2016-12-30,88.80939483642578,89.3437728881836,88.3218994140625,88.95939636230469,79.91169738769531,2779631
2017-01-02,89.0718994140625,89.70001983642578,88.2187728881836,88.4156494140625,79.42325592041016,2460948
2017-01-03,88.6875228881836,88.89376831054688,87.31877136230469,87.5625228881836,78.65689849853516,3686937
2017-01-04,87.5625228881836,89.55001831054688,87.39376831054688,89.17501831054688,80.10539245605469,6050638
2017-01-05,89.45626831054688,91.10626983642578,89.45626831054688,90.07501983642578,80.91387176513672,5216996
2017-01-06,89.7187728881836,90.01876831054688,87.9375228881836,88.11564636230469,79.15375518798828,8381720
2017-01-09,87.9375228881836,88.95939636230469,86.5875244140625,88.5000228881836,79.4990463256836,3922249
2017-01-10,88.61251831054688,89.78439331054688,88.3593978881836,89.3437728881836,80.2569808959961,3528383
2017-01-11,89.60626983642578,90.2812728881836,89.0625228881836,89.28752136230469,80.2064437866211,4507028
2017-01-12,89.2500228881836,90.7968978881836,88.9218978881836,90.60002136230469,81.38545989990234,3741476
2017-01-13,90.95626831054688,91.20939636230469,90.06564331054688,90.87189483642578,81.62968444824219,4322788
2017-01-16,90.54376983642578,91.44377136230469,89.9625244140625,90.8906478881836,81.64652252197266,3227332
2017-01-17,91.00314331054688,91.44377136230469,90.0937728881836,90.45001983642578,81.25071716308594,2948943
2017-01-18,90.45001983642578,91.3125228881836,90.0000228881836,90.55314636230469,81.34335327148438,2863620
2017-01-19,90.63751983642578,90.83439636230469,89.1093978881836,89.8125228881836,80.67804718017578,4785278
2017-01-20,89.3531494140625,89.9625244140625,89.0625228881836,89.60626983642578,80.49278259277344,4077220
2017-01-23,88.6031494140625,90.8062744140625,88.4531478881836,89.9531478881836,80.80439758300781,6108473
2017-01-24,90.49689483642578,90.5625228881836,89.2500228881836,90.2812728881836,81.09912872314453,3921167
2017-01-25,90.3750228881836,90.7500228881836,88.35002136230469,88.81877136230469,79.78536987304688,10906509
2017-01-27,88.0312728881836,88.81877136230469,87.0562744140625,87.2906494140625,78.41266632080078,10272157
2017-01-30,87.0000228881836,87.7500228881836,85.7812728881836,87.3281478881836,78.44636535644531,9853933
2017-01-31,87.3375244140625,87.3375244140625,83.50314331054688,85.8750228881836,77.1410140991211,14628407
2017-02-01,86.4375228881836,86.4375228881836,84.3750228881836,85.5000228881836,76.80416107177734,8750755
2017-02-02,85.5000228881836,85.86564636230469,83.64376831054688,85.43439483642578,77.08329010009766,8171731
2017-02-03,85.5000228881836,86.17501831054688,85.14376831054688,85.8281478881836,77.43855285644531,4682452
2017-02-06,85.99689483642578,86.7750244140625,85.2187728881836,86.45626831054688,78.00528717041016,6599518
2017-02-07,86.6250228881836,86.6250228881836,85.4156494140625,85.9781494140625,77.5738754272461,4459769
2017-02-08,85.94064331054688,87.21564483642578,85.70626831054688,86.3437728881836,77.9037857055664,7007704
2017-02-09,85.9312744140625,87.53439331054688,85.75314331054688,87.3750228881836,78.834228515625,5274137
2017-02-10,87.62814331054688,88.53752136230469,87.07501983642578,87.9843978881836,79.384033203125,4093449
2017-02-13,87.7500228881836,89.2500228881836,87.6093978881836,88.95939636230469,80.26374053955078,4523470
2017-02-14,89.46564483642578,89.56877136230469,88.53752136230469,89.38127136230469,80.64435577392578,4619060
2017-02-15,89.3531494140625,89.8687744140625,87.86251831054688,89.00627136230469,80.30603790283203,5640489
2017-02-16,88.6875228881836,90.35626983642578,88.6875228881836,90.1500244140625,81.33797454833984,5667011
2017-02-17,90.3750228881836,90.68439483642578,88.8843994140625,89.12814331054688,80.41596984863281,4210692
2017-02-20,89.0625228881836,89.51251983642578,88.6968994140625,89.18439483642578,80.46673583984375,3054543
2017-02-21,89.0625228881836,90.1406478881836,88.90314483642578,89.2125244140625,80.49211883544922,6829411
2017-02-22,89.08126831054688,89.5406494140625,88.16252136230469,88.9687728881836,80.2721939086914,5558777
2017-02-23,88.9687728881836,91.7343978881836,88.4156494140625,91.14376831054688,82.23458862304688,8693864
2017-02-27,90.0000228881836,92.3625259399414,89.93439483642578,91.8281478881836,82.85205841064453,7528200
2017-02-28,91.8750228881836,92.28752136230469,91.3218994140625,91.6500244140625,82.69135284423828,5401139
2017-03-01,91.5000228881836,92.84064483642578,91.0875244140625,91.6031494140625,82.64906311035156,5426302
2017-03-02,92.6250228881836,92.89689636230469,91.51876831054688,91.91252136230469,82.92817687988281,5423075
2017-03-03,92.0250244140625,92.93439483642578,91.35002136230469,92.5969009399414,83.54566192626953,3947295
2017-03-06,92.1187744140625,92.37189483642578,91.61251831054688,92.23126983642578,83.21578979492188,3143300
2017-03-07,92.5312728881836,93.6750259399414,92.23126983642578,92.84064483642578,83.76559448242188,8801080
2017-03-08,92.74689483642578,93.03752136230469,91.7437744140625,92.8312759399414,83.75713348388672,3064671
2017-03-09,92.4375228881836,92.4375228881836,90.62814331054688,90.8437728881836,81.96389770507812,3759439
2017-03-10,90.95626831054688,91.67814636230469,90.67501831054688,91.3218994140625,82.39530944824219,2914404
2017-03-14,91.8750228881836,94.6125259399414,91.76251983642578,94.0031509399414,84.81446838378906,6553246
2017-03-15,94.81877136230469,94.85626983642578,92.32501983642578,92.7750244140625,83.70638275146484,9607608
2017-03-16,93.2437744140625,94.29376983642578,92.8125228881836,93.8531494140625,84.67911529541016,8848888
2017-03-17,94.5000228881836,95.0625228881836,93.55314636230469,94.5468978881836,85.3050537109375,8875816
2017-03-20,94.5000228881836,94.5468978881836,92.85002136230469,93.2812728881836,84.16313934326172,3751881
2017-03-21,92.4562759399414,94.1250228881836,92.4562759399414,93.49689483642578,84.35767364501953,5951390
2017-03-22,92.5312728881836,94.38751983642578,92.2500228881836,93.8531494140625,84.67911529541016,10620082
2017-03-23,94.3125228881836,96.0000228881836,93.91876983642578,95.6250228881836,86.2778091430664,14922870
2017-03-24,95.52189636230469,96.3750228881836,95.52189636230469,96.2343978881836,86.8276138305664,8062056
2017-03-27,95.3156509399414,96.08439636230469,94.2750244140625,94.5000228881836,85.26277160644531,5232713
2017-03-28,94.6875228881836,95.8125228881836,94.25627136230469,95.1656494140625,85.86333465576172,3323252
2017-03-29,95.33439636230469,96.35627746582031,94.16252136230469,96.0468978881836,86.658447265625,5380707
2017-03-30,95.7656478881836,97.25627136230469,94.95001983642578,96.74064636230469,87.28437042236328,14290321
2017-03-31,96.03752136230469,97.05940246582031,95.5875244140625,96.69377136230469,87.24208068847656,8061645
2017-04-03,96.83439636230469,96.8437728881836,94.80939483642578,95.0812759399414,85.78719329833984,4160286
2017-04-05,94.8750228881836,96.0000228881836,94.1437759399414,95.74689483642578,86.38776397705078,6502814
2017-04-06,95.0812759399414,96.6656494140625,94.95939636230469,96.50627136230469,87.07289123535156,7980291
2017-04-07,96.26252746582031,96.2812728881836,95.41876983642578,95.98126983642578,86.59922790527344,12196978
2017-04-10,96.55314636230469,97.0875244140625,94.2187728881836,94.57501983642578,85.33041381835938,13798807
2017-04-11,94.4625244140625,95.88751983642578,93.78752136230469,95.65314483642578,86.30316925048828,6303993
2017-04-12,95.56877136230469,95.5969009399414,93.6187744140625,93.8906478881836,84.71295166015625,7258323
2017-04-13,93.8906478881836,94.49064636230469,92.3062744140625,92.88751983642578,83.8078842163086,9674765
2017-04-17,92.9531478881836,92.9531478881836,91.89376831054688,92.3062744140625,83.28346252441406,7798259
2017-04-18,92.0625228881836,93.3281478881836,91.98751831054688,92.6250228881836,83.57105255126953,6285310
2017-04-19,93.2812728881836,93.6656494140625,91.9312744140625,93.4218978881836,84.29002380371094,6543459
2017-04-20,93.3750228881836,94.7062759399414,93.0093994140625,93.7031478881836,84.54377746582031,5025646
2017-04-21,93.7500228881836,94.38751983642578,90.5625228881836,92.1093978881836,83.1058120727539,8445800
2017-04-24,91.38751983642578,92.8125228881836,90.86251831054688,92.1656494140625,83.15657806396484,6887352
2017-04-25,92.5312728881836,93.7500228881836,91.71564483642578,92.6812744140625,83.62179565429688,11770706
2017-04-26,94.3125228881836,96.0937728881836,91.61251831054688,92.0344009399414,83.03816223144531,60514032
2017-04-27,92.60626983642578,93.40314483642578,91.57501983642578,93.0093994140625,83.91785430908203,19864101
2017-04-28,93.1875228881836,93.31877136230469,91.8843994140625,92.6718978881836,83.61332702636719,12086663
2017-05-02,93.02814483642578,93.36564636230469,92.5500259399414,92.79376983642578,83.72331237792969,5568494
2017-05-03,93.3937759399414,93.69377136230469,92.6718978881836,93.08439636230469,83.98550415039062,4065380
2017-05-04,93.21564483642578,93.9937744140625,92.60626983642578,93.74064636230469,84.57762908935547,4048926
2017-05-05,93.69377136230469,93.9375228881836,93.0656509399414,93.6187744140625,84.46764373779297,2722905
2017-05-08,93.7500228881836,94.5562744140625,93.0187759399414,94.1812744140625,84.97516632080078,5002041
2017-05-09,94.5000228881836,95.5781478881836,93.8531494140625,95.41876983642578,86.09171295166016,7581832
2017-05-10,95.13751983642578,95.65314483642578,93.49689483642578,93.68439483642578,84.52686309814453,4459065
2017-05-11,94.2844009399414,94.8281478881836,93.82501983642578,94.62189483642578,85.37273406982422,3393796
2017-05-12,94.80939483642578,95.2125244140625,94.53752136230469,95.0718994140625,85.77874755859375,6031102
2017-05-15,95.6250228881836,95.6250228881836,94.05939483642578,94.9312744140625,85.65186309814453,3549668
2017-05-16,94.7812728881836,96.78752136230469,94.7812728881836,96.6281509399414,87.1828842163086,7146846
2017-05-17,96.9375228881836,97.0312728881836,95.2500228881836,95.7281494140625,86.37085723876953,7362627
2017-05-18,95.05314636230469,98.9719009399414,94.8375244140625,98.51252746582031,88.88306427001953,17123643
2017-05-19,98.8125228881836,98.9719009399414,97.1343994140625,97.4531478881836,87.9272232055664,5097614
2017-05-22,97.81877136230469,98.1281509399414,94.9781494140625,97.72502136230469,88.17253112792969,5733070
2017-05-23,97.8750228881836,99.1875228881836,97.53752136230469,98.70002746582031,89.0522232055664,8735341
2017-05-24,98.94377136230469,99.78752136230469,97.4719009399414,98.4375228881836,88.81537628173828,6636990
2017-05-25,98.55940246582031,101.00627136230469,98.55940246582031,100.58439636230469,90.75239562988281,20100101
2017-05-26,100.1250228881836,102.16877746582031,99.6750259399414,101.0625228881836,91.18379211425781,7765843
2017-05-29,101.0625228881836,101.0718994140625,99.3750228881836,100.2375259399414,90.439453125,3166943
2017-05-30,99.3750228881836,101.2500228881836,99.26252746582031,100.52815246582031,90.70166015625,6637379
2017-05-31,100.7906494140625,101.2500228881836,99.9375228881836,100.4062728881836,90.5916976928711,15642998
2017-06-01,100.39689636230469,102.1875228881836,100.2375259399414,101.46565246582031,91.54751586914062,4250820
2017-06-02,101.8218994140625,103.85627746582031,101.4000244140625,103.43440246582031,93.3238296508789,6428073
2017-06-05,103.4156494140625,104.60627746582031,102.4781494140625,104.1656494140625,93.98359680175781,9633970
2017-06-06,104.2500228881836,106.5000228881836,103.4156494140625,105.1031494140625,94.8294448852539,11049943
2017-06-07,105.03752899169922,105.2812728881836,100.3593978881836,103.01252746582031,92.94318389892578,13762215
2017-06-08,103.10627746582031,103.6875228881836,101.55940246582031,102.35627746582031,92.35108947753906,8001795
2017-06-09,102.0093994140625,102.0093994140625,99.6750259399414,100.67814636230469,90.83699035644531,9384610
2017-06-12,100.4250259399414,100.4250259399414,97.62190246582031,98.6906509399414,89.04375457763672,12396076
2017-06-13,97.5000228881836,100.01252746582031,96.2812728881836,97.1250228881836,87.63115692138672,8946043
2017-06-14,97.9875259399414,97.9875259399414,94.6125259399414,96.03752136230469,86.64997863769531,8080517
2017-06-15,97.5000228881836,98.2125244140625,95.6437759399414,97.81877136230469,88.25711822509766,8317803
2017-06-16,97.53752136230469,98.66252136230469,94.8000259399414,95.7187728881836,86.36239624023438,8030288
2017-06-19,96.0000228881836,96.7125244140625,95.00627136230469,95.4562759399414,86.12555694580078,3891671
2017-06-20,95.6250228881836,96.13127136230469,95.0625228881836,95.3437728881836,86.02404022216797,2063458
2017-06-21,95.3437728881836,96.1875228881836,94.5000228881836,95.9625244140625,86.58232116699219,4895705
2017-06-22,96.0000228881836,97.06877136230469,94.95001983642578,95.6437759399414,86.29471588134766,3843239
2017-06-23,95.2500228881836,97.4625244140625,94.8750228881836,96.31877136230469,86.90374755859375,6051953
2017-06-27,95.8125228881836,96.7687759399414,95.04376983642578,96.2062759399414,86.80223083496094,9540496
2017-06-28,96.7500228881836,97.2750244140625,95.3437728881836,96.9000244140625,87.42816162109375,4448070
2017-06-29,97.5000228881836,97.8375244140625,96.0187759399414,97.2375259399414,87.73268127441406,12944967
2017-06-30,96.3000259399414,97.81877136230469,96.07502746582031,96.88127136230469,87.41126251220703,7242552
2017-07-03,97.5000228881836,97.6500244140625,94.5000228881836,97.35002136230469,87.83419036865234,5572713
2017-07-04,96.7500228881836,97.85627746582031,95.6250228881836,97.5000228881836,87.96952819824219,5868339
2017-07-05,97.5000228881836,97.6500244140625,96.16877746582031,96.6750259399414,87.22516632080078,5030668
2017-07-06,96.6750259399414,97.5187759399414,95.94377136230469,96.6562728881836,87.20823669433594,4398852
2017-07-07,95.66252136230469,96.8437728881836,95.6250228881836,96.63752746582031,87.19132232666016,3889807
2017-07-10,97.5937728881836,100.85627746582031,97.5937728881836,100.5937728881836,90.76084899902344,1769468
2017-07-11,99.82502746582031,102.5625228881836,98.28752136230469,98.70002746582031,89.0522232055664,10827743
2017-07-12,98.88752746582031,99.6750259399414,97.9875259399414,98.9250259399414,89.2552261352539,3170908
2017-07-13,98.9625244140625,99.69377136230469,98.04377746582031,99.0187759399414,89.3398208618164,4331508
2017-07-14,99.0562744140625,99.35627746582031,97.1250228881836,97.44377136230469,87.91878509521484,6545345
2017-07-17,99.9000244140625,102.7500228881836,99.2062759399414,100.06877136230469,90.28717803955078,20717986
2017-07-18,100.2375259399414,102.2437744140625,99.9375228881836,100.8750228881836,91.01461791992188,7342675
2017-07-19,101.2500228881836,102.0187759399414,100.2375259399414,101.66252136230469,91.72514343261719,7928152
2017-07-20,101.5312728881836,102.8437728881836,100.5937728881836,100.9312744140625,91.06536102294922,7137662
2017-07-21,106.4625244140625,109.0875244140625,105.0937728881836,107.2687759399414,96.78340148925781,43712663
2017-07-24,108.82502746582031,110.06253051757812,108.46878051757812,109.3312759399414,98.64427185058594,17479614
2017-07-25,109.81877899169922,109.85627746582031,108.37503051757812,108.5812759399414,97.96758270263672,8993269
2017-07-26,108.75003051757812,109.31253051757812,107.9250259399414,108.50627899169922,97.89994049072266,7921576
2017-07-27,108.75003051757812,109.96878051757812,107.7187728881836,108.63752746582031,98.01834106445312,15748342
2017-07-28,108.75003051757812,109.06877899169922,107.9625244140625,108.3937759399414,97.79843139648438,6488043
2017-07-31,108.75003051757812,108.93753051757812,107.7750244140625,108.16877746582031,97.59540557861328,6801080
2017-08-01,108.37503051757812,110.98127746582031,108.37503051757812,110.5500259399414,99.74390411376953,10760455
2017-08-02,110.25003051757812,111.63752746582031,109.87503051757812,110.1750259399414,99.40554809570312,6469635
2017-08-03,110.51252746582031,110.7750244140625,108.22502899169922,108.41252899169922,97.81533813476562,9722197
2017-08-04,108.6750259399414,109.95002746582031,108.37503051757812,108.5250244140625,97.91683197021484,6796056
2017-08-07,108.60002899169922,108.7125244140625,107.66252899169922,107.9062728881836,97.35856628417969,3921329
2017-08-08,109.2375259399414,109.3312759399414,106.8375244140625,107.7750244140625,97.24016571044922,7279766
2017-08-09,107.66252899169922,108.2062759399414,107.2125244140625,107.4375228881836,96.9356460571289,2906265
2017-08-10,107.2500228881836,108.54377746582031,107.1562728881836,108.0562744140625,97.49391174316406,7222248
2017-08-11,108.00003051757812,110.4562759399414,107.88752746582031,108.63752746582031,98.01834106445312,9466389
2017-08-14,108.7687759399414,109.0875244140625,107.7187728881836,108.18753051757812,97.61233520507812,4292153
2017-08-16,108.5250244140625,108.78752899169922,108.00003051757812,108.73127746582031,98.1029281616211,5363422
2017-08-17,109.0875244140625,109.12503051757812,108.00003051757812,108.13127899169922,97.56158447265625,7032915
2017-08-18,108.0187759399414,109.12503051757812,107.9625244140625,108.03752899169922,97.47700500488281,7948899
2017-08-21,108.50627899169922,109.20002746582031,107.7375259399414,107.88752746582031,97.34166717529297,7613358
2017-08-22,108.93753051757812,109.87503051757812,108.3375244140625,108.84378051757812,98.2044448852539,7238720
2017-08-23,109.16252899169922,109.4250259399414,108.60002899169922,108.75003051757812,98.11984252929688,6223409
2017-08-24,108.91877746582031,109.12503051757812,108.3000259399414,108.5250244140625,97.91683197021484,7413579
2017-08-28,108.75003051757812,109.4250259399414,108.63752746582031,109.01252746582031,98.35669708251953,5715785
2017-08-29,109.0500259399414,109.50003051757812,108.78752899169922,109.03128051757812,98.37360382080078,4691806
2017-08-30,109.29377746582031,109.50003051757812,108.97502899169922,109.20002746582031,98.52587127685547,4899684
2017-08-31,110.62503051757812,112.68753051757812,110.28752899169922,112.16252899169922,101.19878387451172,27585715
2017-09-01,111.75003051757812,111.8625259399414,110.9250259399414,111.16877746582031,100.30217742919922,8535629
2017-09-04,111.35627746582031,111.75003051757812,110.88752746582031,111.4875259399414,100.58976745605469,8020043
2017-09-05,111.5250244140625,111.9000244140625,111.1500244140625,111.46878051757812,100.57286071777344,7789014
2017-09-06,111.37503051757812,111.7125244140625,111.03752899169922,111.45002746582031,100.5559310913086,8243296
2017-09-07,111.75003051757812,112.4625244140625,111.56253051757812,112.10627746582031,101.14802551269531,8910077
2017-09-08,112.50003051757812,113.13752746582031,111.93753051757812,112.68753051757812,101.67247009277344,12046586
2017-09-11,113.0250244140625,113.7750244140625,112.59378051757812,112.9312744140625,101.89239501953125,14275591
2017-09-12,113.28752899169922,113.5875244140625,111.56253051757812,111.78752899169922,100.86044311523438,20911485
2017-09-13,111.78752899169922,112.38752746582031,110.7375259399414,110.9625244140625,100.1160659790039,17684075
2017-09-14,105.5625228881836,108.3375244140625,105.45002746582031,106.29377746582031,95.90369415283203,15503769
2017-09-15,107.6250228881836,107.7187728881836,105.6187744140625,107.1562728881836,96.681884765625,15001278
2017-09-18,106.3125228881836,108.75003051757812,106.3125228881836,108.4875259399414,97.88301849365234,4860657
2017-09-19,108.4875259399414,109.29377746582031,107.8125228881836,108.46878051757812,97.86608123779297,4557233
2017-09-20,108.31877899169922,109.5562744140625,107.3437728881836,109.4625244140625,98.76270294189453,5712945
2017-09-21,108.97502899169922,109.8375244140625,108.63752746582031,109.4625244140625,98.76270294189453,4954436
2017-09-22,108.9937744140625,110.60627746582031,108.91877746582031,110.41877746582031,99.62548065185547,8097163
2017-09-25,109.95002746582031,110.4562759399414,108.78752899169922,109.4625244140625,98.76270294189453,3578780
2017-09-26,109.12503051757812,109.6125259399414,108.3937759399414,108.84378051757812,98.2044448852539,4138670
2017-09-27,108.9937744140625,109.0500259399414,107.7375259399414,108.1125259399414,97.54467010498047,6102854
2017-09-28,108.6187744140625,108.84378051757812,106.8375244140625,107.2125244140625,96.73263549804688,10644440
2017-09-29,107.7187728881836,107.9625244140625,104.70002746582031,105.0937728881836,94.82098388671875,4236150
2017-10-03,105.5250244140625,107.1187744140625,105.0937728881836,106.10627746582031,95.73452758789062,3430145
2017-10-04,106.0875244140625,107.3437728881836,105.60002899169922,106.0312728881836,95.66685485839844,2334927
2017-10-05,106.35002899169922,106.8750228881836,105.73127746582031,106.35002899169922,95.95446014404297,1547076
2017-10-06,106.8750228881836,107.6250228881836,106.4062728881836,107.47502899169922,96.96949768066406,3982263
2017-10-09,107.23127746582031,107.7375259399414,106.7062759399414,107.5500259399414,97.03715515136719,1350306
2017-10-10,107.5500259399414,108.1125259399414,106.8750228881836,107.6250228881836,97.10481262207031,2435394
2017-10-11,107.60627746582031,109.44377899169922,107.32502746582031,108.9937744140625,98.33978271484375,5113769
2017-10-12,109.12503051757812,110.62503051757812,108.7125244140625,110.04377746582031,99.28715515136719,4607998
2017-10-13,110.4562759399414,110.90628051757812,109.0500259399414,109.4625244140625,98.76270294189453,4222649
2017-10-16,109.4625244140625,109.66877746582031,107.7187728881836,109.01252746582031,98.35669708251953,6938446
2017-10-17,109.50003051757812,109.7437744140625,107.3062744140625,108.69377899169922,98.06910705566406,9840952
2017-10-18,108.60002899169922,112.16252899169922,108.60002899169922,110.53128051757812,99.72700500488281,14532324
2017-10-19,110.5500259399414,110.5500259399414,109.16252899169922,109.5187759399414,98.81346130371094,739517
2017-10-23,109.76252746582031,111.5250244140625,109.6125259399414,111.3375244140625,100.45442199707031,7465974
2017-10-24,111.16877746582031,112.0875244140625,110.66252899169922,111.3000259399414,100.42059326171875,3978687
2017-10-25,111.4875259399414,113.19377899169922,111.00003051757812,112.0875244140625,101.13111877441406,4602841
2017-10-26,111.6750259399414,113.98127746582031,111.4312744140625,113.3625259399414,102.28148651123047,10070656
2017-10-27,112.2750244140625,112.48127746582031,110.62503051757812,111.35627746582031,100.47135162353516,3277807
2017-10-30,111.1125259399414,111.1125259399414,109.5187759399414,109.96878051757812,99.21947479248047,3809919
2017-10-31,109.96878051757812,111.16877746582031,109.76252746582031,110.2687759399414,99.49015808105469,2886132
2017-11-01,111.00003051757812,111.2437744140625,109.8937759399414,110.0812759399414,99.32096862792969,2277490
2017-11-02,110.06253051757812,110.88752746582031,109.85627746582031,109.96878051757812,99.21947479248047,2564335
2017-11-03,110.15628051757812,110.94377899169922,110.10002899169922,110.4562759399414,99.65930938720703,2107524
2017-11-06,110.2125244140625,112.87503051757812,110.04377746582031,112.44377899169922,101.45254516601562,3876529
2017-11-07,112.44377899169922,115.78128051757812,111.84378051757812,113.34378051757812,102.26457977294922,15161185
2017-11-08,113.90628051757812,114.97502899169922,112.8937759399414,113.4000244140625,102.31531524658203,5255548
2017-11-09,113.62503051757812,114.16877746582031,112.35002899169922,113.43753051757812,102.34915924072266,2553036
2017-11-10,113.4562759399414,114.00003051757812,111.84378051757812,113.4937744140625,102.39990997314453,4214004
2017-11-13,112.6125259399414,114.1500244140625,111.7687759399414,111.97502899169922,101.02961730957031,2073570
2017-11-14,112.4250259399414,112.5562744140625,110.79377746582031,111.93753051757812,100.99577331542969,3545721
2017-11-15,111.93753051757812,112.40628051757812,110.28752899169922,111.18753051757812,100.31909942626953,3918684
2017-11-16,111.75003051757812,112.1812744140625,110.51252746582031,111.6187744140625,100.70819091796875,4846150
2017-11-17,111.82502746582031,112.06877899169922,110.43753051757812,110.6812744140625,99.86231994628906,4640212
2017-11-20,110.66252899169922,111.3375244140625,109.6500244140625,110.38127899169922,99.5916519165039,5142518
2017-11-21,111.4312744140625,111.75003051757812,109.9312744140625,110.25003051757812,99.47322845458984,5494382
2017-11-22,110.88752746582031,110.88752746582031,109.87503051757812,110.3625259399414,99.5747299194336,3391791
2017-11-23,110.70002746582031,110.70002746582031,109.91252899169922,110.0812759399414,99.32096862792969,1803850
2017-11-24,110.4000244140625,110.4000244140625,109.12503051757812,109.76252746582031,99.03340148925781,4289313
2017-11-27,109.21878051757812,110.75627899169922,109.12503051757812,110.5500259399414,99.74390411376953,2796903
2017-11-28,110.62503051757812,110.9625244140625,109.9875259399414,110.56877899169922,99.76081085205078,4009460
2017-11-29,110.62503051757812,112.20002746582031,110.06253051757812,111.9937744140625,101.04651641845703,6735475
2017-11-30,112.25627899169922,112.66877746582031,108.50627899169922,109.4625244140625,98.76270294189453,18265488
2017-12-01,109.50003051757812,110.19377899169922,108.0187759399414,108.5250244140625,97.91683197021484,3808745
2017-12-04,107.60627746582031,109.16252899169922,106.0312728881836,108.73127746582031,98.1029281616211,8790643
2017-12-05,108.22502899169922,108.22502899169922,106.01252746582031,106.29377746582031,95.90369415283203,4956230
2017-12-06,106.2375259399414,106.66877746582031,105.22502899169922,105.9375228881836,95.58226776123047,5759926
2017-12-07,106.3312759399414,106.7812728881836,105.0000228881836,105.45002746582031,95.1424331665039,6731998
2017-12-08,106.01252746582031,107.2500228881836,105.60002899169922,106.0875244140625,95.71761322021484,4843796
2017-12-11,106.57502746582031,108.75003051757812,106.57502746582031,108.5250244140625,97.91683197021484,4125876
2017-12-12,108.93753051757812,109.25627899169922,106.95002746582031,107.9250259399414,97.37549591064453,3314548
2017-12-13,108.1500244140625,108.54377746582031,106.9687728881836,107.70002746582031,97.17247772216797,2911417
2017-12-14,108.1500244140625,108.93753051757812,105.88127899169922,108.22502899169922,97.64618682861328,3375145
2017-12-15,108.22502899169922,109.03128051757812,107.51252746582031,108.63752746582031,98.01834106445312,4930972
2017-12-18,107.6250228881836,111.65628051757812,106.5937728881836,110.9250259399414,100.08224487304688,6890507
2017-12-19,110.62503051757812,111.35627746582031,108.9562759399414,109.6500244140625,98.931884765625,10183834
2017-12-20,110.56877899169922,111.93753051757812,109.6500244140625,111.18753051757812,100.31909942626953,7081611
2017-12-21,110.9250259399414,112.12503051757812,110.4000244140625,111.65628051757812,100.74201202392578,3711281
2017-12-22,111.75003051757812,113.7750244140625,111.0187759399414,113.10002899169922,102.04464721679688,4689556
2017-12-26,112.96878051757812,115.12503051757812,111.8062744140625,113.5875244140625,102.48448944091797,4948094
2017-12-27,113.9625244140625,115.50003051757812,112.5187759399414,114.97502899169922,103.73637390136719,4841953
2017-12-28,114.7125244140625,116.21253204345703,113.43753051757812,115.50003051757812,104.21004486083984,13459388
2017-12-29,114.5250244140625,118.65003204345703,113.62503051757812,117.84378051757812,106.32470703125,10069992
2018-01-01,116.81253051757812,120.00003051757812,116.04377746582031,118.7062759399414,107.10289001464844,8934389
2018-01-02,118.44377899169922,121.50003051757812,117.91877746582031,119.51252746582031,107.83032989501953,7665379
2018-01-03,120.15003204345703,120.15003204345703,115.78128051757812,116.23127746582031,104.86982727050781,5860470
2018-01-04,116.28752899169922,117.37503051757812,115.29377746582031,116.86878204345703,105.44502258300781,3905556
2018-01-05,117.37503051757812,117.71253204345703,115.38752746582031,116.0812759399414,104.73448181152344,4301878
2018-01-08,116.25003051757812,117.33753204345703,115.91252899169922,116.68128204345703,105.27584075927734,4760660
2018-01-09,117.22502899169922,120.00003051757812,114.9000244140625,118.95002746582031,107.32282257080078,12201522
2018-01-10,118.65003204345703,122.94377899169922,118.16252899169922,122.51252746582031,110.53707885742188,10163032
2018-01-11,121.33128356933594,122.26878356933594,119.62503051757812,120.41252899169922,108.6423568725586,5643897
2018-01-12,120.37503051757812,121.40628051757812,118.95002746582031,119.5500259399414,107.8641586303711,8433768
2018-01-15,119.56877899169922,121.59378051757812,117.52503204345703,118.12503051757812,106.57846069335938,3187225
2018-01-16,118.83753204345703,125.25003051757812,118.50003051757812,124.48127746582031,112.31339263916016,16443849
2018-01-17,124.87503051757812,125.06253051757812,121.87503051757812,122.13752746582031,110.19873809814453,8113347
2018-01-18,122.62503051757812,123.09378051757812,120.80628204345703,122.00627899169922,110.080322265625,4722081
2018-01-19,122.62503051757812,123.75003051757812,120.18753051757812,123.35627746582031,111.29837799072266,4288268
2018-01-22,118.87503051757812,123.35627746582031,118.87503051757812,120.58128356933594,108.79461669921875,12193514
2018-01-23,120.78752899169922,121.10627746582031,117.52503204345703,118.21878051757812,106.66303253173828,8613403
2018-01-24,118.68753051757812,121.27503204345703,117.07502746582031,117.73127746582031,106.22319793701172,17542056
2018-01-25,118.38752746582031,119.25003051757812,115.78128051757812,116.98127746582031,105.54650115966797,22129831
2018-01-29,117.78752899169922,118.53752899169922,116.10002899169922,116.68128204345703,105.27584075927734,9397269
2018-01-30,116.0812759399414,117.1125259399414,114.26252746582031,115.2375259399414,103.97321319580078,6079993
2018-01-31,114.78752899169922,115.85627746582031,113.0812759399414,114.26252746582031,103.43008422851562,7530432
2018-02-01,114.3937759399414,115.91252899169922,112.50003051757812,112.78128051757812,102.08927917480469,5872873
2018-02-02,112.2375259399414,113.41877746582031,110.70002746582031,112.72502899169922,102.03836059570312,6713662
2018-02-05,111.75003051757812,114.5812759399414,110.98127746582031,112.03128051757812,101.4103775024414,5851054
2018-02-06,109.38752746582031,111.0562744140625,108.78752899169922,110.4937744140625,100.01863861083984,6489310
2018-02-07,111.82502746582031,111.82502746582031,108.00003051757812,108.50627899169922,98.21955108642578,6662763
2018-02-08,108.78752899169922,110.4937744140625,107.6437759399414,108.6750259399414,98.37230682373047,14125508
2018-02-09,108.37503051757812,108.37503051757812,106.5000228881836,106.8750228881836,96.74295043945312,8405269
2018-02-12,107.9625244140625,109.10627746582031,107.2125244140625,108.35627746582031,98.08375549316406,6722288
2018-02-14,108.75003051757812,111.28128051757812,108.5812759399414,110.04377746582031,99.6113052368164,8063123
2018-02-15,110.85002899169922,110.85002899169922,108.91877746582031,109.68753051757812,99.288818359375,4415065
2018-02-16,109.85627746582031,110.9625244140625,108.7687759399414,109.12503051757812,98.7796401977539,8209045
2018-02-19,109.87503051757812,109.87503051757812,108.3000259399414,108.73127746582031,98.4232177734375,4420870
2018-02-20,108.75003051757812,109.96878051757812,108.41252899169922,109.29377746582031,98.9323959350586,9160624
2018-02-21,110.25003051757812,110.56877899169922,108.9562759399414,109.57502746582031,99.18698120117188,13748271
2018-02-22,109.8375244140625,110.34378051757812,109.1437759399414,109.7437744140625,99.3397216796875,12838500
2018-02-23,110.81253051757812,110.98127746582031,109.6125259399414,110.62503051757812,100.13744354248047,9779768
2018-02-26,110.5500259399414,110.88752746582031,108.9000244140625,109.35002899169922,98.98332214355469,13418935
2018-02-27,109.66877746582031,110.38127899169922,109.1812744140625,109.40628051757812,99.03423309326172,10467034
2018-02-28,109.87503051757812,110.1750259399414,108.37503051757812,109.8000259399414,99.3906478881836,13724575
2018-03-01,109.8000259399414,110.28752899169922,109.20002746582031,109.68753051757812,99.288818359375,10895423
2018-03-05,110.10002899169922,110.15628051757812,108.6750259399414,109.10627746582031,98.76268005371094,9996650
2018-03-06,109.21878051757812,109.48127746582031,107.3062744140625,107.60627746582031,97.40487670898438,12604231
2018-03-07,108.16877746582031,109.06877899169922,106.6125259399414,107.00627899169922,96.86175537109375,4868340
2018-03-08,107.41877746582031,107.9062728881836,106.1812744140625,106.95002746582031,96.81083679199219,5387353
2018-03-09,106.8750228881836,107.9625244140625,106.53752899169922,106.8937759399414,96.75991821289062,2681455
2018-03-12,107.3625259399414,109.50003051757812,107.28752899169922,109.01252746582031,98.67781066894531,4658262
2018-03-13,109.68753051757812,112.2750244140625,109.68753051757812,111.22502899169922,100.68055725097656,8546243
2018-03-14,110.62503051757812,111.22502899169922,109.87503051757812,110.19377899169922,99.74706268310547,5547337
2018-03-15,110.79377746582031,113.25003051757812,109.50003051757812,110.0250244140625,99.59431457519531,13181140
2018-03-16,110.62503051757812,111.4312744140625,109.1437759399414,110.90628051757812,100.39202880859375,12891090
2018-03-19,110.0812759399414,111.18753051757812,107.47502899169922,108.2437744140625,97.98194122314453,3963271
2018-03-20,107.5875244140625,110.70002746582031,106.7437744140625,110.10002899169922,99.6622085571289,8064555
2018-03-21,110.43753051757812,111.1125259399414,109.20002746582031,110.71878051757812,100.2223129272461,8382829
2018-03-22,110.1750259399414,110.62503051757812,107.6812744140625,108.16877746582031,97.9140396118164,5036841
2018-03-23,106.5187759399414,107.85002899169922,106.1437759399414,106.7437744140625,96.62413787841797,8771707
2018-03-26,106.72502899169922,107.10002899169922,102.13127136230469,102.7500228881836,93.0090103149414,18744243
2018-03-27,104.60627746582031,105.3000259399414,102.4687728881836,102.7687759399414,93.02597045898438,14239615
2018-03-28,102.7500228881836,106.3125228881836,102.3750228881836,105.4312744140625,95.43606567382812,13853121
2018-04-02,106.3125228881836,109.0500259399414,104.5500259399414,108.6187744140625,98.3213882446289,6543819
2018-04-03,107.7375259399414,107.75627899169922,106.1437759399414,106.4625244140625,96.36955261230469,4300609
2018-04-04,106.8750228881836,107.4375228881836,105.0000228881836,105.60002899169922,95.58882904052734,4358041
2018-04-05,106.1250228881836,107.51252746582031,106.1250228881836,107.3437728881836,97.1672592163086,2813628
2018-04-06,107.2500228881836,107.2500228881836,106.2375259399414,106.48127746582031,96.38653564453125,1802274
2018-04-09,106.76252746582031,107.2687759399414,106.2187728881836,106.8937759399414,96.75991821289062,2986425
2018-04-10,105.22502899169922,108.1500244140625,104.1562728881836,107.2500228881836,97.08238983154297,11673823
2018-04-11,108.00003051757812,108.45002746582031,106.44377899169922,107.13752746582031,96.98056030273438,3468465
2018-04-12,107.3625259399414,108.93753051757812,106.91252899169922,107.56877899169922,97.37093353271484,5989886
2018-04-13,108.56253051757812,110.60627746582031,107.56877899169922,110.3062744140625,99.8488998413086,8491437
2018-04-16,108.37503051757812,110.25003051757812,107.79377746582031,108.7125244140625,98.40625,6256147
2018-04-17,108.03752899169922,108.3000259399414,106.2375259399414,106.7812728881836,96.6580810546875,5854046
2018-04-18,108.07502746582031,110.1750259399414,107.4375228881836,109.7437744140625,99.3397216796875,7066675
2018-04-19,109.87503051757812,110.1750259399414,108.6187744140625,109.66877746582031,99.2718505859375,2552252
2018-04-20,110.5500259399414,112.50003051757812,110.2125244140625,111.7687759399414,101.17276000976562,8937349
2018-04-23,112.4250259399414,112.87503051757812,110.1750259399414,111.50627899169922,100.93514251708984,10660490
2018-04-24,110.4000244140625,110.8687744140625,107.3062744140625,107.60627746582031,97.40487670898438,9443424
2018-04-25,107.9625244140625,110.1750259399414,106.1812744140625,107.6812744140625,97.4727554321289,17195110
2018-04-26,103.1250228881836,106.1250228881836,102.7500228881836,105.50627899169922,95.50395965576172,25550129
2018-04-27,103.6500244140625,104.7375259399414,102.88127136230469,103.5562744140625,93.73882293701172,6519427
2018-04-30,103.5562744140625,105.88127899169922,103.53752136230469,104.5312728881836,94.62138366699219,5648769
2018-05-02,104.6250228881836,104.6250228881836,102.88127136230469,103.3312759399414,93.53515625,6354939
2018-05-03,103.1250228881836,103.4062728881836,101.0812759399414,101.79377746582031,92.14341735839844,8949440
2018-05-04,102.1875228881836,102.2437744140625,99.0187759399414,101.2125244140625,91.61727142333984,8256123
2018-05-07,101.2500228881836,103.3687744140625,100.20002746582031,103.0312728881836,93.26359558105469,5265878
2018-05-08,103.20002746582031,103.48127746582031,101.2500228881836,102.2812728881836,92.5846939086914,5221180
2018-05-09,102.3750228881836,102.9000244140625,101.10002136230469,101.3437728881836,91.73607635498047,5165820
2018-05-10,101.5875244140625,101.85002136230469,100.6500244140625,101.41877746582031,91.803955078125,4808846
2018-05-11,101.8125228881836,102.60002136230469,100.6125259399414,102.2437744140625,92.55074310302734,4066852
2018-05-14,101.7750244140625,102.73127746582031,101.2500228881836,102.13127136230469,92.44891357421875,4104721
2018-05-15,102.3000259399414,102.69377136230469,100.5562744140625,101.6250228881836,91.99065399169922,4501617
2018-05-16,101.5875244140625,104.60627746582031,101.2500228881836,103.01252746582031,93.24663543701172,8413891
2018-05-17,103.1250228881836,105.3000259399414,102.88127136230469,104.38127899169922,94.48561096191406,6949715
2018-05-18,103.6875228881836,103.6875228881836,100.5187759399414,100.8375244140625,91.2778091430664,12844244
2018-05-21,100.91252136230469,101.04377746582031,99.03752136230469,99.31877136230469,89.90304565429688,8120387
2018-05-22,99.0000228881836,100.10627746582031,98.66252136230469,99.35627746582031,89.93700408935547,3966732
2018-05-23,99.5812759399414,99.63752746582031,98.47502136230469,98.79377746582031,89.42782592773438,9401189
2018-05-24,99.03752136230469,99.7500228881836,98.23127746582031,99.13127136230469,89.73332214355469,6267787
2018-05-25,99.3750228881836,99.6187744140625,98.8687744140625,99.22502136230469,89.81817626953125,6265014
2018-05-28,98.4937744140625,99.2812728881836,98.4937744140625,98.7375259399414,89.37690734863281,3131052
2018-05-29,98.1187744140625,99.1875228881836,98.1187744140625,98.6250228881836,89.27507019042969,4768596
2018-05-30,98.5875244140625,98.79377746582031,96.9562759399414,97.81877136230469,88.54525756835938,7799451
2018-05-31,98.1750259399414,99.1875228881836,96.7500228881836,98.2125244140625,88.90168762207031,13729428
2018-06-01,98.60627746582031,99.1875228881836,97.1437759399414,97.72502136230469,88.46039581298828,3800052
2018-06-04,98.04377746582031,98.41877746582031,96.7687759399414,97.5562744140625,88.3076400756836,4223321
2018-06-05,97.57502746582031,98.2500228881836,95.2500228881836,95.7187728881836,86.64434814453125,6572043
2018-06-06,96.4312744140625,97.6875228881836,95.0625228881836,97.2187728881836,88.00214385986328,5079518
2018-06-07,96.7687759399414,99.69377136230469,96.7687759399414,99.22502136230469,89.81817626953125,5339491
2018-06-08,99.22502136230469,99.3750228881836,98.4375228881836,99.0000228881836,89.6145248413086,5026132
2018-06-11,99.1875228881836,99.8437728881836,98.7187728881836,99.1500244140625,89.75029754638672,5541131
2018-06-12,100.0312728881836,100.9312744140625,99.5812759399414,99.91877746582031,90.44615936279297,6065963
2018-06-13,100.8750228881836,101.2500228881836,100.06877136230469,100.8000259399414,91.2438735961914,4100905
2018-06-14,100.1812744140625,100.91252136230469,99.2437744140625,99.9000244140625,90.42919921875,6231142
2018-06-15,100.7812728881836,100.7812728881836,99.3750228881836,100.0875244140625,90.59891510009766,12894495
2018-06-18,100.8750228881836,100.8750228881836,98.9625244140625,99.6562728881836,90.20856475830078,8318768
2018-06-19,99.73127746582031,99.73127746582031,97.53752136230469,97.8750228881836,88.59617614746094,9780146
2018-06-20,97.9875259399414,98.4562759399414,96.88127136230469,97.38752746582031,88.15489196777344,5125212
2018-06-21,97.8750228881836,97.9875259399414,96.41252136230469,96.9937744140625,87.79846954345703,10174400
2018-06-22,97.0312728881836,97.35002136230469,95.6250228881836,96.8437728881836,87.66268157958984,6965470
2018-06-25,96.7125244140625,97.9687728881836,96.0000228881836,96.5625228881836,87.4081039428711,4371876
2018-06-26,96.5625228881836,97.48127746582031,96.0562744140625,96.60002136230469,87.44204711914062,5289660
2018-06-27,97.16252136230469,97.4625244140625,95.32501983642578,96.0187759399414,86.91590118408203,8530568
2018-06-28,96.1500244140625,97.10627746582031,95.88751983642578,96.41252136230469,87.2723159790039,10412698
2018-06-29,97.1250228881836,98.4375228881836,95.6250228881836,98.0625228881836,88.7658920288086,9652752
2018-07-02,97.76252746582031,98.3437728881836,96.78752136230469,97.72502136230469,88.46039581298828,10055613
2018-07-03,98.04377746582031,98.5500259399414,96.9562759399414,98.2125244140625,88.90168762207031,10490968
2018-07-04,98.2687759399414,98.4562759399414,96.78752136230469,98.23127746582031,88.91864776611328,10224848
2018-07-05,98.4375228881836,99.3000259399414,97.5562744140625,99.03752136230469,89.6484603881836,12472818
2018-07-06,98.6250228881836,99.1500244140625,98.0625228881836,98.5500259399414,89.20716857910156,7580592
2018-07-09,98.7375259399414,99.4687728881836,98.3062744140625,99.35627746582031,89.93700408935547,5832667
2018-07-10,99.7500228881836,102.1125259399414,98.88752746582031,101.47502136230469,91.85488891601562,13242228
2018-07-11,102.35627746582031,103.0500259399414,101.0250244140625,102.03752136230469,92.36405944824219,10556522
2018-07-12,102.16877746582031,105.5625228881836,101.19377136230469,104.79377746582031,94.85900115966797,11900279
2018-07-13,104.9250259399414,108.6750259399414,104.3437728881836,105.31877899169922,95.33424377441406,20625128
2018-07-16,104.7187728881836,107.6250228881836,104.56877899169922,106.16252899169922,96.09799194335938,12543791
2018-07-17,106.1250228881836,108.35627746582031,105.6562728881836,106.4625244140625,96.36955261230469,14471569
2018-07-18,107.2500228881836,107.7375259399414,106.3687744140625,106.8000259399414,96.6750717163086,6125915
2018-07-19,107.2500228881836,108.13127899169922,105.60002899169922,107.1750259399414,97.01451110839844,7434390
2018-07-20,107.8125228881836,108.97502899169922,105.1875228881836,106.1250228881836,96.06404876708984,13966393
2018-07-23,105.9375228881836,105.9375228881836,98.75627136230469,103.66877746582031,93.84066009521484,23582642
2018-07-24,104.32502746582031,104.4375228881836,100.95002746582031,102.35627746582031,92.65259552001953,9224277
2018-07-25,103.1250228881836,103.76252746582031,102.22502136230469,103.01252746582031,93.24663543701172,6629507
2018-07-26,102.5250244140625,103.16252136230469,101.1187744140625,101.7750244140625,92.12644958496094,11554893
2018-07-27,102.0000228881836,103.3125228881836,102.0000228881836,102.9375228881836,93.17874908447266,4829553
2018-07-30,102.6750259399414,102.7500228881836,101.0625228881836,102.4312744140625,92.72048950195312,7272923
2018-07-31,102.5625228881836,103.9687728881836,101.70002746582031,103.6500244140625,93.82367706298828,7436176
2018-08-01,103.5000228881836,104.4375228881836,102.63752746582031,104.00627899169922,94.14616394042969,4219572
2018-08-02,103.8750228881836,105.3000259399414,102.97502136230469,104.66252899169922,94.74020385742188,8010016
2018-08-03,105.16877746582031,105.16877746582031,103.91252136230469,104.2500228881836,94.3667984008789,4362841
2018-08-06,104.6250228881836,104.88752746582031,103.2187728881836,103.8937759399414,94.0443344116211,4540062
2018-08-07,103.35002136230469,104.8125228881836,103.35002136230469,104.04377746582031,94.18012237548828,4592433
2018-08-08,104.79377746582031,104.79377746582031,102.9000244140625,104.4375228881836,94.53652954101562,3821153
2018-08-09,104.28752899169922,105.13127899169922,103.3312759399414,104.51252746582031,94.60442352294922,6388521
2018-08-10,104.9625244140625,104.9625244140625,103.6875228881836,104.56877899169922,94.65534210205078,3598180
2018-08-13,104.2500228881836,106.66877746582031,104.0625228881836,105.69377899169922,95.6736831665039,6481139
2018-08-14,106.8750228881836,107.6250228881836,105.3750228881836,106.8937759399414,96.75991821289062,5241916
2018-08-16,106.8750228881836,106.8750228881836,104.2687759399414,104.79377746582031,94.85900115966797,6015278
2018-08-17,104.7750244140625,105.3750228881836,104.04377746582031,105.0187759399414,95.06267547607422,7277246
2018-08-20,105.3000259399414,107.4000244140625,105.0000228881836,106.8937759399414,96.75991821289062,4291894
2018-08-21,106.81877899169922,110.43753051757812,106.5000228881836,108.35627746582031,98.08375549316406,16189619
2018-08-23,108.75003051757812,109.91252899169922,108.1500244140625,108.65628051757812,98.35533142089844,7277960
2018-08-24,108.26252746582031,110.56877899169922,107.5875244140625,109.5562744140625,99.17001342773438,11267031
2018-08-27,109.50003051757812,111.4875259399414,109.1437759399414,110.94377899169922,100.42597961425781,6811390
2018-08-28,111.28128051757812,111.75003051757812,110.28752899169922,110.85002899169922,100.34109497070312,4051198
2018-08-29,111.2062759399414,111.5812759399414,109.91252899169922,111.28128051757812,100.73148345947266,4285462
2018-08-30,111.56253051757812,112.50003051757812,110.25003051757812,112.10627746582031,101.47825622558594,9067763
2018-08-31,112.50003051757812,114.93753051757812,112.31253051757812,112.96878051757812,102.25899505615234,18087318
2018-09-03,122.62503051757812,122.62503051757812,114.8625259399414,115.63127899169922,104.66908264160156,68625769
2018-09-04,116.41877746582031,118.12503051757812,115.9875259399414,117.50627899169922,106.36631774902344,21828613
2018-09-05,117.9562759399414,120.00003051757812,117.93753051757812,119.56877899169922,108.2332992553711,30871477
2018-09-06,120.00003051757812,120.93753051757812,119.25003051757812,120.45002746582031,109.03099822998047,26924326
2018-09-07,120.71253204345703,123.09378051757812,119.66252899169922,121.76252746582031,110.21905517578125,22940730
2018-09-10,121.65003204345703,123.00003051757812,121.20002746582031,121.87503051757812,110.3208999633789,16966961
2018-09-11,122.60627746582031,123.00003051757812,121.18128204345703,121.48127746582031,109.9644775390625,12710847
2018-09-12,121.89378356933594,123.93753051757812,121.89378356933594,123.28128051757812,111.59384155273438,16704169
2018-09-14,123.28128051757812,124.87503051757812,121.57502746582031,123.82502746582031,112.0860366821289,11404741
2018-09-17,124.59378051757812,126.00003051757812,123.03752899169922,123.71253204345703,111.98421478271484,12352938
2018-09-18,123.52503204345703,125.08128356933594,121.87503051757812,124.70628356933594,112.88374328613281,7248678
2018-09-19,125.02503204345703,125.08128356933594,122.64378356933594,124.76252746582031,112.93464660644531,7797531
2018-09-21,124.46253204345703,126.71253204345703,123.00003051757812,125.70002746582031,113.78327178955078,17700584
2018-09-24,123.84378051757812,126.75003051757812,123.84378051757812,124.76252746582031,112.93464660644531,9975645
2018-09-25,124.87503051757812,125.58753204345703,122.34378051757812,123.11253356933594,111.44108581542969,9037680
2018-09-26,123.07502746582031,123.35627746582031,118.65003204345703,119.71878051757812,108.36906433105469,20972861
2018-09-27,120.71253204345703,121.36878204345703,118.76252746582031,119.60627746582031,108.2672348022461,47992758
2018-09-28,119.62503051757812,122.49378204345703,118.27503204345703,121.50003051757812,109.98146057128906,18433179
2018-10-01,121.50003051757812,124.66877746582031,121.12503051757812,123.80628204345703,112.06906127929688,10879266
2018-10-03,123.50627899169922,123.75003051757812,120.93753051757812,122.81253051757812,111.1695327758789,9550589
2018-10-04,121.91252899169922,123.90003204345703,120.60002899169922,122.11878204345703,110.54155731201172,12296495
2018-10-05,121.80003356933594,122.98127746582031,120.45002746582031,121.98753356933594,110.42274475097656,8937680
2018-10-08,120.52503204345703,121.27503204345703,117.26252746582031,119.06253051757812,107.7750473022461,9465389
2018-10-09,118.87503051757812,121.05003356933594,116.88752746582031,120.61878204345703,109.18374633789062,9932090
2018-10-10,120.15003204345703,120.28128051757812,116.30628204345703,118.48127746582031,107.2488784790039,9764277
2018-10-11,115.50003051757812,118.29377746582031,114.31877899169922,117.3937759399414,106.26449584960938,7138056
2018-10-12,118.55628204345703,119.98127746582031,116.06253051757812,118.6125259399414,107.36769104003906,8960733
2018-10-15,119.00627899169922,120.76878356933594,117.80628204345703,119.98127746582031,108.60668182373047,8342805
2018-10-16,120.00003051757812,120.26252746582031,118.53752899169922,119.6437759399414,108.30117797851562,8320912
2018-10-17,121.01252746582031,123.41252899169922,118.68753051757812,121.18128204345703,109.69292449951172,12641962
2018-10-19,121.25627899169922,122.28752899169922,119.06253051757812,121.18128204345703,109.69292449951172,7051648
2018-10-22,121.72502899169922,122.71878051757812,120.00003051757812,120.82502746582031,109.37045288085938,4842137
2018-10-23,119.58753204345703,120.09378051757812,114.41252899169922,115.91252899169922,104.92366790771484,10176672
2018-10-24,115.95002746582031,116.86878204345703,112.50003051757812,115.8000259399414,104.82183074951172,12479882
2018-10-25,111.00003051757812,121.18128204345703,111.00003051757812,119.4562759399414,108.13145446777344,37804166
2018-10-26,119.5500259399414,120.93753051757812,118.50003051757812,120.22502899169922,108.82732391357422,11805695
2018-10-29,119.62503051757812,124.57502746582031,118.74378204345703,123.56253051757812,111.84843444824219,6600369
2018-10-30,123.37503051757812,125.49378204345703,122.11878204345703,122.81253051757812,111.1695327758789,9880349
2018-10-31,123.07502746582031,125.15628051757812,120.78752899169922,124.20002746582031,112.42546844482422,8013245
2018-11-01,124.85627746582031,124.85627746582031,120.93753051757812,123.61878204345703,111.89934539794922,6681864
2018-11-02,123.37503051757812,124.35002899169922,118.8937759399414,119.40003204345703,108.0805435180664,9761930
2018-11-05,118.16252899169922,122.06253051757812,117.78752899169922,121.53752899169922,110.0154037475586,6810854
2018-11-06,121.80003356933594,122.56877899169922,120.41252899169922,121.83753204345703,110.2869644165039,6109153
2018-11-07,122.02503204345703,122.90628051757812,121.70628356933594,122.00627899169922,110.4397201538086,380109
2018-11-09,123.00003051757812,123.00003051757812,119.11878204345703,121.81877899169922,110.27000427246094,12329274
2018-11-12,121.78128051757812,122.43753051757812,120.67503356933594,121.25627899169922,109.76081085205078,6897542
2018-11-13,121.31253051757812,122.88752746582031,120.37503051757812,122.30628204345703,110.71126556396484,6101731
2018-11-14,121.87503051757812,122.28752899169922,119.49378204345703,121.70628356933594,110.16815185546875,4883777
2018-11-15,121.55628204345703,123.93753051757812,120.61878204345703,121.18128204345703,109.69292449951172,8942797
2018-11-16,121.31253051757812,123.90003204345703,121.31253051757812,122.32502746582031,110.72824096679688,7275846
2018-11-19,122.06253051757812,125.77503204345703,120.56253051757812,124.81877899169922,112.98558807373047,7513344
2018-11-20,124.08753204345703,124.08753204345703,120.03752899169922,120.48753356933594,109.06493377685547,6907315
2018-11-21,120.00003051757812,120.00003051757812,117.46878051757812,117.80628204345703,106.63788604736328,6943816
2018-11-22,118.12503051757812,119.5500259399414,114.75003051757812,115.16252899169922,104.24475860595703,8239488
2018-11-26,113.7750244140625,119.96253204345703,113.4937744140625,119.41877746582031,108.0975112915039,18657115
2018-11-27,118.81877899169922,120.86253356933594,116.62503051757812,117.0187759399414,105.92504119873047,11458234
2018-11-28,117.73127746582031,118.3312759399414,115.96878051757812,116.3625259399414,105.33100891113281,16926705
2018-11-29,117.75003051757812,118.74378204345703,116.10002899169922,118.08753204345703,106.89247131347656,7793384
2018-11-30,118.1437759399414,122.40003204345703,117.63752746582031,121.74378204345703,110.20209503173828,16991251
2018-12-03,121.87503051757812,123.56253051757812,121.14378356933594,123.09378051757812,111.42411041259766,7115262
2018-12-04,123.09378051757812,127.96878051757812,122.13752746582031,125.60627746582031,113.69841766357422,15925097
2018-12-05,124.87503051757812,127.01252746582031,123.05628204345703,126.16877746582031,114.20758056640625,10264210
2018-12-06,124.96878051757812,126.16877746582031,123.37503051757812,124.36878204345703,112.57823944091797,6232265
2018-12-07,124.80003356933594,126.13127899169922,121.66877746582031,124.98753356933594,113.13833618164062,9264269
2018-12-10,123.11253356933594,126.18753051757812,121.91252899169922,122.47502899169922,110.864013671875,8528293
2018-12-11,122.02503204345703,125.17503356933594,121.80003356933594,123.00003051757812,111.3392562866211,11795237
2018-12-12,123.67503356933594,124.50003051757812,122.98127746582031,123.76878356933594,112.0351333618164,7028448
2018-12-13,124.12503051757812,128.9812774658203,123.37503051757812,126.99378204345703,114.95439147949219,13728244
2018-12-14,127.12503051757812,128.62503051757812,124.61253356933594,124.91252899169922,113.0704345703125,12792082
2018-12-17,125.98127746582031,128.15628051757812,125.40003204345703,127.35002899169922,115.27684783935547,9162003
2018-12-18,125.71878051757812,126.90003204345703,124.70628356933594,125.64378356933594,113.73237609863281,9864405
2018-12-19,125.64378356933594,128.34378051757812,124.27503204345703,127.76252746582031,115.6502456665039,9978008
2018-12-20,126.09378051757812,127.50003051757812,124.63127899169922,124.96878051757812,113.1213607788086,6421739
2018-12-21,124.95002746582031,125.55003356933594,120.28128051757812,120.78752899169922,109.33649444580078,26209361
2018-12-24,121.01252746582031,123.93753051757812,120.52503204345703,122.51252746582031,110.89796447753906,11285031
2018-12-26,122.13752746582031,122.73753356933594,119.75627899169922,122.30628204345703,110.71126556396484,6281385
2018-12-27,122.92503356933594,124.25627899169922,121.50003051757812,122.79377746582031,111.15255737304688,13527065
2018-12-28,122.32502746582031,124.83753204345703,122.17503356933594,123.76878356933594,112.0351333618164,5945206
2018-12-31,124.12503051757812,125.17503356933594,123.39378356933594,124.06877899169922,112.30667877197266,5696321
2019-01-01,124.03128051757812,124.78128051757812,122.02503204345703,122.49378204345703,110.88101196289062,4036542
2019-01-02,123.30003356933594,124.23753356933594,121.12503051757812,122.08128356933594,110.50761413574219,8822139
2019-01-03,122.62503051757812,122.98127746582031,121.14378356933594,122.06253051757812,110.49063110351562,9446080
2019-01-04,121.68753051757812,122.56877899169922,119.86878204345703,121.66877746582031,110.13421630859375,6414073
2019-01-07,122.28752899169922,122.53128051757812,120.86253356933594,121.59378051757812,110.06631469726562,5076276
2019-01-08,121.87503051757812,122.81253051757812,120.97502899169922,122.08128356933594,110.50761413574219,5559089
2019-01-09,121.70628356933594,124.72502899169922,121.70628356933594,123.37503051757812,111.67870330810547,10474346
2019-01-10,124.05003356933594,124.14378356933594,121.12503051757812,122.15628051757812,110.57548522949219,8265043
2019-01-11,122.10002899169922,123.71253204345703,121.31253051757812,123.26252746582031,111.57687377929688,4263836
2019-01-14,123.76878356933594,124.16252899169922,116.75627899169922,117.2062759399414,106.09476470947266,18435523
2019-01-15,119.62503051757812,124.61253356933594,118.1437759399414,123.67503356933594,111.95025634765625,40188776
2019-01-16,124.42503356933594,127.42503356933594,123.39378356933594,126.20628356933594,114.24153900146484,26390100
2019-01-17,126.37503051757812,126.97502899169922,124.35002899169922,125.77503204345703,113.85118103027344,14104487
2019-01-18,126.00003051757812,130.31253051757812,125.02503204345703,129.8062744140625,117.500244140625,26911902
2019-01-21,127.50003051757812,129.3375244140625,124.95002746582031,126.67503356933594,114.66584777832031,41658250
2019-01-22,126.30003356933594,131.10003662109375,126.00003051757812,129.93753051757812,117.61904907226562,17817926
2019-01-23,130.7437744140625,133.42503356933594,130.50003051757812,131.83128356933594,119.33326721191406,26499796
2019-01-24,131.3250274658203,132.37503051757812,129.93753051757812,131.90628051757812,119.40116119384766,11281453
2019-01-25,130.59378051757812,134.38128662109375,130.50003051757812,132.5437774658203,119.97821807861328,13964137
2019-01-28,132.88128662109375,136.0125274658203,132.84378051757812,133.18128967285156,120.5552978515625,18399880
2019-01-29,133.50003051757812,135.30003356933594,132.39378356933594,134.77503967285156,122.34245300292969,12320260
2019-01-30,134.62503051757812,137.86878967285156,134.25003051757812,136.21878051757812,123.65301513671875,19757160
2019-01-31,137.25003051757812,139.27503967285156,136.23753356933594,138.4500274658203,125.67839813232422,20517517
2019-02-01,138.78753662109375,139.6687774658203,136.31253051757812,139.33128356933594,126.47837829589844,8977608
2019-02-04,138.75003051757812,140.5125274658203,138.03753662109375,139.21878051757812,126.37625885009766,8383256
2019-02-05,138.75003051757812,139.5750274658203,137.17503356933594,138.1687774658203,125.423095703125,6550401
2019-02-06,138.43128967285156,140.6062774658203,138.28128051757812,139.5750274658203,126.69961547851562,5811361
2019-02-07,139.50003051757812,140.43753051757812,138.61878967285156,140.10003662109375,127.1762466430664,5982481
2019-02-08,139.31253051757812,140.58753967285156,138.2625274658203,139.7625274658203,126.86984252929688,3735809
2019-02-11,139.08753967285156,141.52503967285156,138.6375274658203,139.89378356933594,126.98900604248047,7927406
2019-02-12,140.30628967285156,141.09378051757812,138.13128662109375,140.62503051757812,127.65279388427734,7939320
2019-02-14,141.15003967285156,141.90003967285156,140.2312774658203,140.66253662109375,127.68682861328125,8199603
2019-02-15,140.71878051757812,141.50628662109375,138.80628967285156,141.03753662109375,128.02725219726562,9393792
2019-02-18,142.05003356933594,142.05003356933594,139.03128051757812,140.85003662109375,127.8570556640625,9280197
2019-02-19,139.70628356933594,140.77503967285156,135.8250274658203,136.2937774658203,123.72108459472656,8171619
2019-02-20,136.2000274658203,140.25003051757812,135.4500274658203,139.5750274658203,126.69961547851562,11761287
2019-02-21,139.80003356933594,141.30003356933594,139.05003356933594,140.45628356933594,127.49959564208984,6861558
2019-02-22,140.62503051757812,142.50003051757812,140.06253051757812,142.03128051757812,128.92929077148438,8519101
2019-02-25,142.80003356933594,145.01254272460938,142.21878051757812,144.52503967285156,131.19302368164062,12475916
2019-02-26,144.18753051757812,145.85629272460938,142.96878051757812,145.36878967285156,131.95896911621094,10140096
2019-02-27,142.59378051757812,143.94378662109375,139.65003967285156,140.40003967285156,127.44854736328125,21357373
2019-02-28,140.58753967285156,141.2625274658203,137.47503662109375,138.33753967285156,125.5762939453125,25142033
2019-03-01,139.08753967285156,141.88128662109375,137.06253051757812,140.8875274658203,127.89106750488281,18763773
2019-03-05,140.25003051757812,140.49378967285156,135.75003051757812,136.35003662109375,123.77214813232422,36042630
2019-03-06,137.1999969482422,142.9499969482422,136.5500030517578,138.72500610351562,125.92803192138672,43014120
2019-03-07,140.0,140.14999389648438,133.75,134.4250030517578,122.02468872070312,16200268
2019-03-08,130.5500030517578,131.125,128.27499389648438,128.85000610351562,116.9639663696289,54689738
2019-03-11,129.5,130.4499969482422,128.72500610351562,129.875,117.89441680908203,14708454
2019-03-12,130.5,131.6750030517578,130.0749969482422,130.6750030517578,118.62061309814453,12580708
2019-03-13,131.25,132.8000030517578,128.10000610351562,128.9499969482422,117.05473327636719,14439446
2019-03-14,129.6750030517578,129.85000610351562,127.5,128.4250030517578,116.57817077636719,8978946
2019-03-15,129.0,132.125,128.60000610351562,131.72500610351562,119.5737533569336,17440194
2019-03-18,132.375,132.375,128.02499389648438,128.8000030517578,116.9185791015625,11497228
2019-03-19,128.89999389648438,129.4499969482422,127.55000305175781,128.72500610351562,116.85050964355469,10103694
2019-03-20,129.1999969482422,131.5,129.1999969482422,130.77499389648438,118.71138000488281,12229124
2019-03-22,131.22500610351562,131.875,129.25,130.27499389648438,118.25750732421875,6396058
2019-03-25,131.0,131.0,128.0,128.25,116.4193115234375,6747924
2019-03-26,128.5500030517578,129.3000030517578,126.69999694824219,127.5,115.7385025024414,7701032
2019-03-27,127.5999984741211,128.1999969482422,126.875,127.2750015258789,115.53425598144531,6715462
2019-03-28,127.94999694824219,128.9499969482422,127.05000305175781,127.375,115.62503051757812,14209672
2019-04-01,128.0,131.9499969482422,127.9749984741211,130.8249969482422,118.75677490234375,14133132
2019-04-02,131.6999969482422,131.9499969482422,129.60000610351562,130.8249969482422,118.75677490234375,7413134
2019-04-03,131.1999969482422,131.5500030517578,129.10000610351562,130.8249969482422,118.75677490234375,7538708
2019-04-04,130.5,131.125,127.4749984741211,129.52499389648438,117.57669067382812,12838396
2019-04-05,130.5,131.9250030517578,129.75,131.0500030517578,118.9610366821289,7229104
2019-04-08,131.85000610351562,132.75,130.375,131.85000610351562,119.6872329711914,7274928
2019-04-09,131.75,137.5,131.6750030517578,136.89999389648438,124.27137756347656,27982768
2019-04-10,139.0,140.89999389648438,137.5,140.5,127.5392837524414,37061332
2019-04-11,141.75,142.3000030517578,140.0749969482422,140.64999389648438,127.6754379272461,18883256
2019-04-12,141.1999969482422,142.35000610351562,140.6999969482422,141.6999969482422,128.62860107421875,11578108
2019-04-15,142.5,144.75,142.0749969482422,143.85000610351562,130.58026123046875,14134384
2019-04-16,145.6750030517578,145.72500610351562,139.0,140.4499969482422,127.49390411376953,40734118
2019-04-18,144.5,144.77499389648438,140.10000610351562,142.39999389648438,129.26400756835938,54851156
2019-04-22,142.75,144.5,142.5500030517578,144.125,130.8299102783203,16824108
2019-04-23,144.85000610351562,145.9250030517578,143.35000610351562,145.5500030517578,132.12347412109375,12355568
2019-04-24,146.02499389648438,147.14999389648438,145.10000610351562,146.52499389648438,133.00848388671875,18298138
2019-04-25,146.52499389648438,147.97500610351562,146.4250030517578,147.60000610351562,133.9843292236328,20781632
2019-04-26,148.1999969482422,148.3249969482422,146.75,147.39999389648438,133.8027801513672,12393102
2019-04-30,147.5,149.72500610351562,147.5,149.27499389648438,135.5048370361328,14679834
2019-05-02,149.27499389648438,149.4250030517578,146.3249969482422,146.8249969482422,133.28082275390625,9078250
2019-05-03,146.75,146.85000610351562,144.27499389648438,145.4499969482422,132.03265380859375,14816616
2019-05-06,144.9499969482422,146.89999389648438,144.60000610351562,145.4250030517578,132.00997924804688,8608690
2019-05-07,146.3249969482422,147.47500610351562,145.14999389648438,146.9250030517578,133.37161254882812,8707688
2019-05-08,147.125,147.125,145.02499389648438,145.4250030517578,132.00997924804688,7904232
2019-05-09,145.89999389648438,146.5500030517578,145.14999389648438,145.52499389648438,132.1007537841797,7497994
2019-05-10,145.75,146.1999969482422,145.0,145.1750030517578,131.78302001953125,6133344
2019-05-13,145.25,146.75,144.125,144.5500030517578,131.21566772460938,8563900
2019-05-14,144.5,144.5,141.5500030517578,142.3000030517578,129.1732177734375,16740848
2019-05-15,142.75,142.97500610351562,141.14999389648438,141.5,128.44703674316406,8631244
2019-05-16,141.9250030517578,143.5,141.9250030517578,142.6750030517578,129.51365661621094,7191096
2019-05-17,143.25,144.9499969482422,142.64999389648438,143.1999969482422,129.99021911621094,6713562
2019-05-20,144.75,145.75,143.6999969482422,145.125,131.7376708984375,8366922
2019-05-21,145.3000030517578,145.5,143.0,143.4499969482422,130.21714782714844,5029334
2019-05-22,143.5,143.75,140.5,141.5500030517578,128.492431640625,15300108
2019-05-23,142.8000030517578,142.9499969482422,140.75,141.10000610351562,128.0839385986328,9712568
2019-05-24,141.9499969482422,142.10000610351562,140.0,141.4499969482422,128.4016571044922,9855298
2019-05-27,142.0,142.0500030517578,140.10000610351562,140.25,127.31234741210938,10900622
2019-05-28,140.5,142.875,139.8249969482422,141.47500610351562,128.42434692382812,88274856
2019-05-29,142.25,144.25,141.75,142.85000610351562,129.67251586914062,11011746
2019-05-30,143.0,145.0,142.75,144.0,130.71641540527344,23151914
2019-05-31,144.0749969482422,145.0,142.5,143.1999969482422,129.99021911621094,14648962
2019-06-03,144.25,146.02499389648438,143.625,145.64999389648438,132.21420288085938,11706676
2019-06-04,147.0,147.97500610351562,145.39999389648438,146.875,133.32620239257812,22163334
2019-06-06,147.0,147.3000030517578,145.5,145.75,132.3049774169922,17201760
2019-06-07,146.25,147.9499969482422,146.0,147.52499389648438,133.91622924804688,13569768
2019-06-10,147.875,149.0,147.75,148.5500030517578,134.84671020507812,14963786
2019-06-11,148.5,149.75,148.0500030517578,148.85000610351562,135.11903381347656,14468168
2019-06-12,148.75,149.39999389648438,148.4250030517578,149.0,135.25518798828125,12445080
2019-06-13,149.0,149.4499969482422,148.5749969482422,149.1999969482422,135.4367218017578,10004562
2019-06-14,149.375,150.8000030517578,149.0,149.39999389648438,135.6182861328125,15931606
2019-06-17,150.0,150.375,149.4250030517578,149.5749969482422,135.7771453857422,12357208
2019-06-18,149.75,150.25,148.0,149.0,135.25518798828125,16803584
2019-06-19,149.5,149.60000610351562,146.0749969482422,147.02499389648438,133.4623565673828,23805922
2019-06-20,142.02499389648438,143.89999389648438,141.1999969482422,143.47500610351562,130.23985290527344,19120844
2019-06-21,143.5,145.0,142.10000610351562,142.9250030517578,129.74058532714844,12954516
2019-06-24,142.75,143.8000030517578,141.5749969482422,141.9499969482422,128.8555145263672,6343478
2019-06-25,142.0,143.14999389648438,140.9250030517578,142.64999389648438,129.49095153808594,5619496
2019-06-26,142.5749969482422,144.0,142.27499389648438,143.0749969482422,129.8767547607422,4663538
2019-06-27,143.6750030517578,143.89999389648438,140.35000610351562,141.0500030517578,128.03855895996094,10178400
2019-06-28,141.89999389648438,141.89999389648438,140.0,140.25,127.31234741210938,6298778
2019-07-01,140.8000030517578,141.6999969482422,140.47500610351562,141.0,127.99314880371094,3471842
2019-07-02,141.22500610351562,142.5,140.85000610351562,142.125,129.01437377929688,5218738
2019-07-03,142.4499969482422,142.8000030517578,141.02499389648438,141.4250030517578,128.3789520263672,2516552
2019-07-04,141.5,142.4499969482422,141.0,141.9250030517578,128.8328399658203,3256662
2019-07-05,142.0,142.27499389648438,135.5,135.9250030517578,123.3863296508789,9170926
2019-07-08,133.875,135.625,133.02499389648438,133.4499969482422,121.13961791992188,7149570
2019-07-09,133.75,135.375,132.125,132.75,120.50421142578125,5240124
2019-07-10,132.35000610351562,134.75,131.64999389648438,133.47500610351562,121.1623306274414,5561126
2019-07-11,133.75,135.0,133.0500030517578,133.875,121.52543640136719,5383786
2019-07-12,134.0,134.3249969482422,129.02499389648438,129.47500610351562,117.53131103515625,15190556
2019-07-15,130.0,131.0,127.94999694824219,129.9499969482422,117.96248626708984,9494898
2019-07-16,129.5,131.35000610351562,128.125,130.0,118.00787353515625,9723314
2019-07-17,131.0,131.39999389648438,129.0500030517578,129.8000030517578,117.82633972167969,11637538
2019-07-18,130.5,137.0749969482422,129.77499389648438,134.5500030517578,122.13815307617188,42054706
2019-07-19,134.5500030517578,134.8249969482422,131.75,132.35000610351562,120.14110565185547,8459390
2019-07-22,132.8000030517578,133.14999389648438,131.1999969482422,132.39999389648438,120.1865005493164,8839780
2019-07-23,132.4499969482422,135.0,131.89999389648438,132.25,120.0503158569336,9361236
2019-07-24,132.25,132.9250030517578,131.0,132.10000610351562,119.91417694091797,4498944
2019-07-25,132.72500610351562,132.72500610351562,130.75,131.125,119.02909851074219,9982362
2019-07-26,131.10000610351562,132.375,130.39999389648438,131.8000030517578,119.64183807373047,5438744
2019-07-29,131.5,133.5749969482422,130.125,131.1999969482422,119.09717559814453,5764526
2019-07-30,131.4499969482422,132.39999389648438,130.5,131.14999389648438,119.0517807006836,4830174
2019-07-31,131.25,133.14999389648438,130.27499389648438,132.64999389648438,120.41343688964844,5698432
2019-08-01,135.75,138.0749969482422,134.27499389648438,135.1999969482422,122.72818756103516,35302414
2019-08-02,134.9499969482422,135.4499969482422,130.85000610351562,131.8249969482422,119.6645278930664,9957332
2019-08-05,130.5749969482422,132.6999969482422,130.14999389648438,131.0,118.91564178466797,7665468
2019-08-06,131.0,131.35000610351562,128.89999389648438,129.4499969482422,117.50861358642578,7906452
2019-08-07,129.5,132.125,129.5,131.27499389648438,119.1652603149414,7992066
2019-08-08,131.5,133.5,130.6750030517578,132.875,120.61767578125,7250870
2019-08-09,133.0,134.35000610351562,131.4250030517578,131.75,119.596435546875,7060998
2019-08-13,132.4499969482422,132.4499969482422,129.0,129.25,117.32706451416016,4380900
2019-08-14,129.89999389648438,130.0500030517578,125.125,125.5250015258789,113.9456787109375,8706726
2019-08-16,125.0,125.5,122.5250015258789,124.5999984741211,113.10601806640625,9944870
2019-08-19,125.1500015258789,126.5999984741211,125.0,126.05000305175781,114.4222640991211,5540152
2019-08-20,126.6500015258789,129.5500030517578,126.0999984741211,126.6500015258789,114.96691131591797,15930242
2019-08-21,126.75,127.44999694824219,125.55000305175781,126.19999694824219,114.55842590332031,6826530
2019-08-22,126.0,126.75,124.25,126.0250015258789,114.39957427978516,6739804
2019-08-23,126.4749984741211,128.5500030517578,124.7750015258789,125.69999694824219,114.10453033447266,9793938
2019-08-26,126.19999694824219,126.4749984741211,123.92500305175781,124.55000305175781,113.06063842773438,6529420
2019-08-27,124.3499984741211,125.82499694824219,123.55000305175781,125.05000305175781,113.51449584960938,8045102
2019-08-28,125.05000305175781,126.5999984741211,124.05000305175781,124.625,113.12870788574219,5363314
2019-08-29,123.5250015258789,125.125,123.5250015258789,124.4000015258789,112.9244613647461,5438102
2019-08-30,125.05000305175781,127.625,124.57499694824219,127.19999694824219,115.4661636352539,8368026
2019-09-03,127.05000305175781,127.67500305175781,126.2750015258789,126.82499694824219,115.12577056884766,4411118
2019-09-04,125.75,128.4250030517578,125.6500015258789,128.02499389648438,116.2150650024414,6606662
2019-09-05,129.4499969482422,129.4499969482422,127.25,127.80000305175781,116.0108413696289,8811234
2019-09-06,127.67500305175781,128.64999389648438,124.4000015258789,126.0,114.37686157226562,22872104
2019-09-09,125.69999694824219,128.0500030517578,125.17500305175781,127.80000305175781,116.0108413696289,11581912
2019-09-11,127.0,127.5,123.67500305175781,124.07499694824219,112.62944030761719,19598224
2019-09-12,122.8499984741211,124.25,122.0,122.2750015258789,110.99549865722656,9329514
2019-09-13,122.5,123.69999694824219,121.5999984741211,122.67500305175781,111.35859680175781,7620240
2019-09-16,122.55000305175781,123.92500305175781,122.05000305175781,123.55000305175781,112.15288543701172,7950382
2019-09-17,123.4749984741211,123.69999694824219,121.8499984741211,122.07499694824219,110.81393432617188,6329530
2019-09-18,122.69999694824219,122.9749984741211,121.6500015258789,122.1500015258789,110.88201904296875,5052560
2019-09-19,122.625,122.92500305175781,120.125,120.75,109.61116027832031,5137674
2019-09-20,120.94999694824219,124.3499984741211,120.25,122.9749984741211,111.63090515136719,12392500
2019-09-23,123.8499984741211,124.0,118.25,119.67500305175781,108.63532257080078,13553962
2019-09-24,120.44999694824219,121.4749984741211,119.75,120.3499984741211,109.2480697631836,11536662
2019-09-25,120.25,120.67500305175781,119.0,119.4000015258789,108.38571166992188,7209996
2019-09-26,119.5999984741211,120.2249984741211,118.2750015258789,118.55000305175781,107.6141128540039,10777480
2019-09-27,118.69999694824219,119.5,117.9000015258789,118.30000305175781,107.38717651367188,6383350
2019-09-30,118.5,120.32499694824219,117.875,119.9000015258789,108.83958435058594,6597906
2019-10-01,120.0,120.2249984741211,116.0999984741211,116.75,105.98015594482422,8754660
2019-10-03,117.0999984741211,119.80000305175781,116.2750015258789,117.92500305175781,107.04676055908203,9570460
2019-10-04,119.0,120.44999694824219,118.125,118.8499984741211,107.88643646240234,5951042
2019-10-07,119.0250015258789,121.19999694824219,118.0999984741211,118.5250015258789,107.59141540527344,4447336
2019-10-09,119.625,119.80000305175781,118.19999694824219,118.875,107.90912628173828,4556276
2019-10-10,118.875,119.80000305175781,117.9000015258789,119.5999984741211,108.56725311279297,4135724
2019-10-11,118.5,120.19999694824219,118.25,119.7249984741211,108.68070220947266,5316578
2019-10-14,119.9000015258789,122.42500305175781,119.0,121.7249984741211,110.49623107910156,7184274
2019-10-15,122.4749984741211,122.75,119.625,121.82499694824219,110.58699798583984,17103786
2019-10-16,122.94999694824219,125.8499984741211,122.0,124.44999694824219,112.9698486328125,32571658
2019-10-17,124.44999694824219,125.07499694824219,123.30000305175781,123.92500305175781,112.49327850341797,10324480
2019-10-18,123.92500305175781,125.3499984741211,123.92500305175781,124.44999694824219,112.9698486328125,5528778
2019-10-22,124.5,127.2249984741211,123.55000305175781,126.7750015258789,115.08037567138672,12546576
2019-10-23,126.4000015258789,127.7750015258789,125.0250015258789,127.17500305175781,115.44347381591797,5348508
2019-10-24,126.94999694824219,127.0999984741211,124.5999984741211,124.80000305175781,113.28756713867188,7834196
2019-10-25,126.0250015258789,126.75,124.375,126.5,114.83073425292969,6530578
2019-10-27,127.2750015258789,127.625,126.5,126.82499694824219,115.12577056884766,630698
2019-10-29,126.82499694824219,127.94999694824219,126.0999984741211,127.5999984741211,115.82926177978516,6382884
2019-10-30,129.0,130.4499969482422,126.69999694824219,127.375,115.62503051757812,8119090
2019-10-31,127.0,130.0,126.9000015258789,129.64999389648438,117.69017028808594,6992524
2019-11-01,130.10000610351562,130.5,128.375,129.3000030517578,117.37246704101562,5061842
2019-11-04,129.64999389648438,130.35000610351562,127.875,128.3000030517578,116.46469116210938,3841070
2019-11-05,128.64999389648438,129.6999969482422,127.3499984741211,129.25,117.32706451416016,3169448
2019-11-06,129.5,129.72500610351562,128.02499389648438,128.4250030517578,116.57817077636719,3255238
2019-11-07,128.5,130.25,128.3000030517578,129.8249969482422,117.8490219116211,4253934
2019-11-08,130.0749969482422,130.39999389648438,127.875,128.1999969482422,116.3739242553711,3079708
2019-11-11,128.60000610351562,128.75,126.69999694824219,128.22500610351562,116.3966293334961,3804758
2019-11-13,128.64999389648438,129.5,126.07499694824219,126.55000305175781,114.87612915039062,3722946
2019-11-14,127.0,127.375,125.69999694824219,126.375,114.71728515625,5796412
2019-11-15,127.0,127.0999984741211,125.82499694824219,126.2750015258789,114.62649536132812,2425834
2019-11-18,126.25,126.25,124.1500015258789,124.7249984741211,113.21949005126953,5756874
2019-11-19,124.0999984741211,125.57499694824219,123.8499984741211,125.19999694824219,113.65066528320312,4061312
2019-11-20,125.875,125.875,124.19999694824219,124.44999694824219,112.9698486328125,2988298
2019-11-21,124.19999694824219,124.75,123.5,123.7750015258789,112.35711669921875,3488196
2019-11-22,121.6500015258789,122.82499694824219,121.05000305175781,121.55000305175781,110.33736419677734,8183112
2019-11-25,121.5250015258789,121.9000015258789,120.6500015258789,121.5,110.29198455810547,3782394
2019-11-26,122.0999984741211,122.30000305175781,118.25,118.7750015258789,107.81835174560547,15380804
2019-11-27,119.5,120.44999694824219,119.0250015258789,120.0250015258789,108.95305633544922,3894494
2019-11-28,119.9749984741211,120.25,119.125,119.9000015258789,108.83958435058594,3198740
2019-11-29,120.0250015258789,120.5999984741211,118.42500305175781,118.8499984741211,107.88643646240234,5333922
2019-12-02,119.125,119.8499984741211,117.7750015258789,119.30000305175781,108.29492950439453,7259920
2019-12-03,119.25,119.25,117.69999694824219,118.4000015258789,107.47793579101562,5730370
2019-12-04,118.30000305175781,121.375,118.25,121.0999984741211,109.92887878417969,6671932
2019-12-05,121.3499984741211,122.44999694824219,120.55000305175781,121.8499984741211,110.60969543457031,5226290
2019-12-06,121.8499984741211,122.25,120.17500305175781,120.5,109.38423156738281,2735116
2019-12-09,120.4000015258789,120.82499694824219,119.30000305175781,120.19999694824219,109.11190032958984,2414590
2019-12-10,120.19999694824219,120.19999694824219,118.55000305175781,119.07499694824219,108.09066772460938,4411226
2019-12-11,118.82499694824219,120.4000015258789,118.17500305175781,120.0250015258789,108.95305633544922,4775320
2019-12-12,120.17500305175781,120.625,119.3499984741211,119.7249984741211,108.68070220947266,2811896
2019-12-13,121.0,122.42500305175781,120.0,121.92500305175781,110.67778015136719,8623666
2019-12-16,121.94999694824219,123.19999694824219,121.30000305175781,121.57499694824219,110.36006164550781,5685154
2019-12-17,122.125,122.9749984741211,121.7750015258789,122.375,111.08627319335938,4422758
2019-12-18,122.92500305175781,124.94999694824219,122.75,124.1500015258789,112.69752502441406,10598214
2019-12-19,124.30000305175781,125.32499694824219,123.82499694824219,124.5999984741211,113.10601806640625,4968422
2019-12-20,124.0,126.9000015258789,123.6500015258789,125.9000015258789,114.28610229492188,10423252
2019-12-23,126.4000015258789,127.3499984741211,125.80000305175781,126.92500305175781,115.2165298461914,3701304
2019-12-24,126.5,126.9749984741211,125.55000305175781,126.125,114.49032592773438,3088960
2019-12-26,126.0,126.19999694824219,124.7750015258789,125.1500015258789,113.60528564453125,4052868
2019-12-27,125.0,125.375,123.17500305175781,123.7750015258789,112.35711669921875,5022240
2019-12-30,124.2249984741211,124.7750015258789,123.30000305175781,124.4749984741211,112.99254608154297,4333614
2019-12-31,123.8499984741211,124.30000305175781,122.6500015258789,122.9000015258789,111.56285095214844,4329828
2020-01-01,123.25,124.32499694824219,123.0999984741211,123.8499984741211,112.42520904541016,2827732
2020-01-02,123.30000305175781,124.94999694824219,123.17500305175781,124.1500015258789,112.69752502441406,2887932
2020-01-03,124.75,126.3499984741211,123.67500305175781,125.55000305175781,113.9683837890625,6762808
2020-01-06,125.5,127.2249984741211,125.07499694824219,126.07499694824219,114.4449462890625,9133390
2020-01-07,126.625,128.1750030517578,125.0999984741211,127.5999984741211,115.82926177978516,8805574
2020-01-08,127.0,128.0749969482422,126.2750015258789,127.4000015258789,115.6477279663086,5588820
2020-01-09,127.125,128.25,126.32499694824219,126.82499694824219,115.12577056884766,4990046
2020-01-10,126.9749984741211,127.5999984741211,125.5,125.875,114.2634048461914,4113154
2020-01-13,127.0,128.9499969482422,126.42500305175781,127.4000015258789,115.6477279663086,13927198
2020-01-14,128.4250030517578,129.1750030517578,127.2750015258789,128.60000610351562,116.73703002929688,14593554
2020-01-15,127.0,128.0,123.30000305175781,124.125,112.67484283447266,20280902
2020-01-16,124.0,126.30000305175781,123.5,125.2249984741211,113.67337799072266,17623672
2020-01-17,126.0,126.94999694824219,124.82499694824219,125.55000305175781,113.9683837890625,8281636
2020-01-20,125.4000015258789,125.4000015258789,123.5999984741211,124.0,112.56137084960938,3817166
2020-01-21,123.94999694824219,124.0999984741211,123.0,123.55000305175781,112.15288543701172,3015884
2020-01-22,124.30000305175781,125.9749984741211,122.69999694824219,122.92500305175781,111.58554077148438,6800848
2020-01-23,123.2249984741211,124.55000305175781,122.67500305175781,124.3499984741211,112.87907409667969,3393088
2020-01-24,124.32499694824219,124.7249984741211,123.125,123.80000305175781,112.8335189819336,3421554
2020-01-27,123.94999694824219,123.94999694824219,122.375,122.67500305175781,111.80816650390625,3306994
2020-01-28,122.94999694824219,123.05000305175781,120.9000015258789,122.0250015258789,111.21573638916016,4272362
2020-01-29,122.30000305175781,123.69999694824219,121.625,123.375,112.4461669921875,4009378
2020-01-30,123.80000305175781,123.80000305175781,120.0999984741211,120.3499984741211,109.68911743164062,4294930
2020-01-31,119.0,119.57499694824219,117.5,118.4000015258789,107.91185760498047,11107276
2020-02-03,118.8499984741211,120.07499694824219,117.625,118.69999694824219,108.1852798461914,8463660
2020-02-04,119.5,120.625,118.94999694824219,120.125,109.48404693603516,6329512
2020-02-05,120.80000305175781,121.5,118.6500015258789,121.125,110.39546966552734,7751206
2020-02-06,121.375,122.9749984741211,120.82499694824219,121.82499694824219,111.03345489501953,6112396
2020-02-07,123.5,123.5,121.4749984741211,121.9749984741211,111.17017364501953,5519024
2020-02-10,122.69999694824219,122.82499694824219,119.7249984741211,120.44999694824219,109.78025817871094,4517992
2020-02-11,120.2750015258789,121.44999694824219,119.9000015258789,120.625,109.93975830078125,5460620
2020-02-12,120.8499984741211,123.57499694824219,120.8499984741211,122.2249984741211,111.39802551269531,6838800
2020-02-13,122.9000015258789,122.9000015258789,121.25,121.875,111.07902526855469,4829910
2020-02-14,121.9000015258789,122.67500305175781,121.0,121.44999694824219,110.69168090820312,3619586
2020-02-17,121.44999694824219,122.5,120.9749984741211,121.9000015258789,111.10181427001953,2035556
2020-02-18,121.875,122.42500305175781,120.625,122.0250015258789,111.21573638916016,2505274
2020-02-19,122.25,124.17500305175781,122.25,123.80000305175781,112.8335189819336,3570768
2020-02-20,124.0,124.2750015258789,122.55000305175781,122.8499984741211,111.9676513671875,4241614
2020-02-24,122.5,123.9000015258789,121.19999694824219,122.0999984741211,111.28409576416016,7043950
2020-02-25,122.07499694824219,123.32499694824219,121.2249984741211,122.05000305175781,111.238525390625,5059572
2020-02-26,121.5250015258789,121.7249984741211,119.19999694824219,119.94999694824219,109.32453918457031,7988388
2020-02-27,119.4749984741211,119.4749984741211,115.25,115.80000305175781,105.54217529296875,9733628
2020-02-28,114.25,114.75,109.8499984741211,110.7249984741211,100.91673278808594,11274618
2020-03-02,112.9000015258789,113.5,109.19999694824219,110.4000015258789,100.62052154541016,11532350
2020-03-03,112.0,112.9000015258789,110.30000305175781,111.8499984741211,101.94207000732422,10346226
2020-03-04,112.44999694824219,114.875,111.2249984741211,114.42500305175781,104.28897094726562,9036356
2020-03-05,114.5250015258789,116.94999694824219,114.32499694824219,114.8499984741211,104.67632293701172,5941556
2020-03-06,112.5,113.0,111.2750015258789,111.7750015258789,101.87371063232422,5868566
2020-03-09,110.0999984741211,110.5,106.5,107.19999694824219,97.70397186279297,17462228
2020-03-11,101.8499984741211,107.19999694824219,101.8499984741211,106.55000305175781,97.11156463623047,12270332
2020-03-12,102.0,103.4749984741211,98.75,99.55000305175781,90.73163604736328,10764010
2020-03-13,99.5,102.2249984741211,84.625,98.69999694824219,89.95691680908203,13043196
2020-03-16,96.9749984741211,96.9749984741211,89.2750015258789,89.875,81.91364288330078,11201148
2020-03-17,89.2750015258789,92.7750015258789,85.375,86.55000305175781,78.88320922851562,12175374
2020-03-18,88.3499984741211,89.25,84.25,84.9749984741211,77.44772338867188,12733198
2020-03-19,82.5,85.67500305175781,79.69999694824219,81.17500305175781,73.98434448242188,11980172
2020-03-20,81.55000305175781,92.9000015258789,81.25,89.5999984741211,81.66301727294922,20319490
2020-03-23,82.5,88.5,82.5,85.07499694824219,77.53884887695312,10720786
2020-03-24,84.25,90.875,84.0250015258789,88.17500305175781,80.36426544189453,12061562
2020-03-25,88.69999694824219,94.0,85.0999984741211,87.32499694824219,79.58953857421875,13456292
2020-03-26,88.4749984741211,93.4000015258789,86.25,91.30000305175781,83.21244049072266,10247690
2020-03-27,91.57499694824219,94.75,90.75,91.75,83.62257385253906,13535120
2020-03-30,90.55000305175781,93.69999694824219,89.67500305175781,92.07499694824219,83.91878509521484,7334804
2020-03-31,93.5,99.9000015258789,92.82499694824219,98.3499984741211,89.63792419433594,10615252
2020-04-01,97.8499984741211,97.8499984741211,93.5,94.75,86.35682678222656,9875668
2020-04-03,94.0,94.80000305175781,88.875,90.0,82.02760314941406,13147474
2020-04-07,94.125,96.3499984741211,91.5250015258789,95.94999694824219,87.45051574707031,9562862
2020-04-08,95.75,100.0,94.4000015258789,96.44999694824219,87.9062271118164,10275308
2020-04-09,99.19999694824219,101.4749984741211,97.5250015258789,98.3499984741211,89.63792419433594,6930346
2020-04-13,99.0,99.0,91.44999694824219,94.5999984741211,86.22012329101562,12384376
2020-04-15,95.0250015258789,96.80000305175781,92.9000015258789,93.2750015258789,85.01248168945312,22652006
2020-04-16,90.0,94.875,90.0,93.92500305175781,85.60490417480469,43380846
2020-04-17,96.25,96.875,92.7750015258789,93.5,85.21754455566406,13212894
2020-04-20,94.5,94.5,90.07499694824219,90.55000305175781,82.52889251708984,16203026
2020-04-21,89.5,89.94999694824219,86.9000015258789,89.0250015258789,81.13896179199219,18086618
2020-04-22,88.5,89.75,87.5250015258789,89.2750015258789,81.36681365966797,10621898
2020-04-23,89.69999694824219,91.30000305175781,88.55000305175781,90.44999694824219,82.4377212524414,11104460
2020-04-24,89.9749984741211,90.4000015258789,88.57499694824219,88.875,81.00224304199219,9282278
2020-04-27,90.0,91.44999694824219,87.75,91.0250015258789,82.96178436279297,18283250
2020-04-28,91.05000305175781,91.4749984741211,89.0,89.8499984741211,81.89088439941406,13329834
2020-04-29,90.05000305175781,91.2249984741211,89.69999694824219,90.32499694824219,82.32379913330078,10060582
2020-04-30,92.5,96.30000305175781,91.7750015258789,95.4749984741211,87.0176010131836,17667854
2020-05-04,92.25,95.6500015258789,91.5250015258789,95.0250015258789,86.60746765136719,17140740
2020-05-05,95.7249984741211,97.0,91.0999984741211,92.0999984741211,83.94156646728516,13864778
2020-05-06,92.8499984741211,94.0,90.5,93.5250015258789,85.24034881591797,10885580
2020-05-07,92.0,92.69999694824219,90.5999984741211,92.05000305175781,83.89600372314453,11402138
2020-05-08,92.5999984741211,93.0,91.2750015258789,92.0,83.85041046142578,8227344
2020-05-11,92.5,94.9749984741211,92.05000305175781,92.3499984741211,84.16943359375,8787666
2020-05-12,92.0999984741211,94.0,91.30000305175781,93.5250015258789,85.24034881591797,7030818
2020-05-13,95.75,95.75,92.57499694824219,94.8499984741211,86.44796752929688,10560968
2020-05-14,92.375,93.67500305175781,91.55000305175781,93.0,84.7618408203125,10324394
2020-05-15,93.0,93.0,91.32499694824219,91.9000015258789,83.75929260253906,6849030
2020-05-18,91.0250015258789,92.5,89.80000305175781,91.0999984741211,83.0301513671875,14454486
2020-05-19,91.125,93.0,89.0,92.19999694824219,84.03272247314453,11486668
2020-05-20,92.5,92.94999694824219,91.0999984741211,92.4749984741211,84.28334045410156,15415706
2020-05-21,91.69999694824219,95.8499984741211,91.69999694824219,94.55000305175781,86.1745376586914,14258230
2020-05-22,94.5250015258789,95.42500305175781,93.2249984741211,94.5,86.12896728515625,9177652
2020-05-26,94.5,96.5999984741211,92.8499984741211,94.4000015258789,86.03782653808594,11822268
2020-05-27,94.80000305175781,102.75,93.8499984741211,100.625,91.71141052246094,36165936
2020-05-28,101.75,101.75,98.0250015258789,99.67500305175781,90.8455581665039,24695246
2020-05-29,99.67500305175781,107.44999694824219,98.07499694824219,106.4000015258789,96.97484588623047,61260422
2020-06-01,107.75,110.5,106.69999694824219,107.5250015258789,98.00019073486328,26749248
2020-06-02,107.55000305175781,109.2750015258789,105.4749984741211,107.92500305175781,98.36475372314453,12812554
2020-06-03,108.05000305175781,108.7249984741211,105.2750015258789,105.67500305175781,96.31405639648438,16844202
2020-06-04,105.67500305175781,109.9749984741211,105.07499694824219,108.125,98.54702758789062,14794936
2020-06-05,110.0,110.125,107.5,109.375,99.6863021850586,14491168
2020-06-08,109.5,113.6500015258789,107.92500305175781,113.2249984741211,103.19526672363281,24427392
2020-06-09,112.05000305175781,113.1500015258789,108.57499694824219,109.17500305175781,99.50402069091797,15690504
2020-06-10,110.0,110.5250015258789,107.80000305175781,108.5,98.88880920410156,14787292
2020-06-11,108.5,108.82499694824219,106.17500305175781,106.44999694824219,97.02040100097656,12497490
2020-06-12,104.0,104.75,103.1500015258789,103.94999694824219,94.74187469482422,12418688
2020-06-15,105.9749984741211,108.94999694824219,104.07499694824219,106.9000015258789,97.43054962158203,28511450
2020-06-16,108.7249984741211,108.94999694824219,104.80000305175781,106.19999694824219,96.79255676269531,15921712
2020-06-17,106.0,109.375,105.5250015258789,108.9000015258789,99.2533950805664,27938908
2020-06-18,108.4000015258789,109.6500015258789,107.32499694824219,109.07499694824219,99.41289520263672,12408426
2020-06-19,109.0,112.05000305175781,107.5,111.0250015258789,101.19014739990234,22447354
2020-06-22,110.57499694824219,110.875,108.4000015258789,109.0250015258789,99.36732482910156,12961806
2020-06-23,107.5,111.1500015258789,106.5,110.30000305175781,100.52937316894531,14850298
2020-06-24,112.0,112.0,108.7750015258789,109.0999984741211,99.4356689453125,16492172
2020-06-25,108.4749984741211,111.0,107.6500015258789,109.0999984741211,99.4356689453125,10193692
2020-06-26,109.6500015258789,115.0,109.1500015258789,112.7249984741211,102.73955535888672,38389012
2020-06-29,111.0250015258789,112.94999694824219,109.3499984741211,109.8499984741211,100.11923217773438,13374148
2020-06-30,109.80000305175781,110.9749984741211,109.0,109.82499694824219,100.09644317626953,11001386
2020-07-01,110.5,111.19999694824219,109.17500305175781,109.5250015258789,99.82301330566406,7905234
2020-07-02,110.5,112.7249984741211,109.7750015258789,112.0999984741211,102.16991424560547,14359882
2020-07-03,112.0999984741211,114.25,111.32499694824219,112.4000015258789,102.44335174560547,10838912
2020-07-06,112.94999694824219,113.625,110.80000305175781,111.32499694824219,101.46356964111328,15175628
2020-07-07,111.5999984741211,114.19999694824219,111.0,112.44999694824219,102.4889144897461,18235138
2020-07-08,113.32499694824219,113.8499984741211,111.25,111.55000305175781,101.66864013671875,14152368
2020-07-09,112.125,112.30000305175781,109.82499694824219,110.80000305175781,100.98506927490234,13417996
2020-07-10,110.5,111.7249984741211,109.75,111.05000305175781,101.21293640136719,9097518
2020-07-13,111.9749984741211,114.5,111.2750015258789,113.80000305175781,103.71932983398438,24694620
2020-07-14,114.19999694824219,115.8499984741211,112.05000305175781,112.5,102.53447723388672,27877134
2020-07-15,118.0,134.35000610351562,117.5,131.375,119.73749542236328,260735176
2020-07-16,131.25,134.22500610351562,127.5250015258789,130.9499969482422,119.35015106201172,104555854
2020-07-17,129.3000030517578,131.9250030517578,128.5,130.6750030517578,119.0995101928711,37713024
2020-07-20,130.6750030517578,136.77499389648438,129.5,135.39999389648438,123.40593719482422,42789980
2020-07-21,139.25,140.8000030517578,134.6999969482422,135.6750030517578,123.65657806396484,65998100
2020-07-22,136.22500610351562,136.4250030517578,131.8249969482422,133.0,121.21855163574219,25167708
2020-07-23,134.14999389648438,134.22500610351562,131.27499389648438,133.3000030517578,121.49198150634766,20736656
2020-07-24,133.5,135.89999389648438,132.77499389648438,135.27499389648438,123.29202270507812,44244246
2020-07-27,135.27499389648438,136.60000610351562,133.5749969482422,134.4250030517578,122.51731872558594,27980494
2020-07-28,134.64999389648438,138.375,134.64999389648438,137.72500610351562,125.52499389648438,28087614
2020-07-29,136.89999389648438,139.0,136.1750030517578,138.5,126.23136901855469,21567278
2020-07-30,140.0500030517578,143.39999389648438,140.0500030517578,142.0500030517578,129.46688842773438,51694590
2020-07-31,144.8000030517578,145.39999389648438,139.3000030517578,140.47500610351562,128.0314178466797,33401320
2020-08-03,141.5,142.39999389648438,139.75,140.77499389648438,128.3048095703125,17817526
2020-08-04,140.77499389648438,141.6750030517578,139.125,140.52499389648438,128.0769805908203,16239042
2020-08-05,140.625,142.22500610351562,138.6999969482422,139.10000610351562,126.77819061279297,14690906
2020-08-06,140.35000610351562,142.125,138.875,139.8249969482422,127.43897247314453,20305210
2020-08-07,140.52499389648438,140.9250030517578,138.1999969482422,138.6999969482422,126.41361999511719,14642400
2020-08-10,140.0,140.60000610351562,138.3000030517578,138.6999969482422,126.41361999511719,12621492
2020-08-11,139.5,142.3249969482422,139.14999389648438,139.8249969482422,127.43897247314453,20157816
2020-08-12,140.1999969482422,140.35000610351562,137.27499389648438,138.10000610351562,125.86679077148438,17807334
2020-08-13,138.9499969482422,140.9250030517578,137.39999389648438,138.5,126.23136901855469,19307912
2020-08-14,139.25,140.375,137.9499969482422,138.25,126.00349426269531,13163422
2020-08-17,139.3000030517578,143.1999969482422,138.8249969482422,140.97500610351562,128.4871368408203,29094008
2020-08-18,142.375,143.6999969482422,140.85000610351562,141.35000610351562,128.82888793945312,24108414
2020-08-19,142.75,142.97500610351562,139.625,139.875,127.48455810546875,18745042
2020-08-20,139.5,139.5,136.60000610351562,137.10000610351562,124.95536804199219,19783530
2020-08-21,139.47500610351562,139.47500610351562,136.35000610351562,136.6750030517578,124.5680160522461,15939272
2020-08-24,136.75,137.22500610351562,135.9499969482422,136.35000610351562,124.27181243896484,12309628
2020-08-25,137.1750030517578,137.35000610351562,134.6750030517578,134.97500610351562,123.01861572265625,15592276
2020-08-26,134.97500610351562,137.35000610351562,134.0,136.02499389648438,123.9755859375,19265334
2020-08-27,136.5,137.60000610351562,135.75,136.1750030517578,124.11231994628906,12380336
2020-08-28,137.35000610351562,137.5,135.64999389648438,136.02499389648438,123.9755859375,15199568
2020-08-31,137.0,141.0,134.0,135.64999389648438,123.63381958007812,41141934
2020-09-01,135.5,139.6999969482422,134.5,135.8000030517578,123.7705078125,24586106
2020-09-02,136.4499969482422,138.25,135.60000610351562,136.85000610351562,124.72753143310547,16863810
2020-09-03,137.75,143.9250030517578,137.25,141.4250030517578,128.89724731445312,49790330
2020-09-04,139.35000610351562,139.75,137.5500030517578,138.0,125.77564239501953,21415428
2020-09-07,138.25,139.75,135.75,139.375,127.02884674072266,16651534
2020-09-08,141.10000610351562,143.47500610351562,139.25,141.27499389648438,128.76055908203125,44589722
2020-09-09,139.89999389648438,144.72500610351562,139.25,141.4250030517578,128.89724731445312,45588720
2020-09-10,143.3249969482422,143.4250030517578,140.5500030517578,142.27499389648438,129.6719512939453,19035804
2020-09-11,141.25,149.22500610351562,141.25,146.64999389648438,133.6593780517578,83871852
2020-09-14,146.625,154.27499389648438,146.5749969482422,153.60000610351562,139.9937744140625,76179084
2020-09-15,153.60000610351562,155.625,151.375,153.6750030517578,140.06211853027344,56312624
2020-09-16,153.5,156.75,152.02499389648438,156.0749969482422,142.24951171875,29986974
2020-09-17,153.625,158.35000610351562,153.60000610351562,155.85000610351562,142.04444885253906,53623304
2020-09-18,157.0,159.5,156.125,158.25,144.23182678222656,36975462
2020-09-21,157.9499969482422,162.25,154.97500610351562,155.9499969482422,142.1355743408203,45477692
2020-09-22,157.6999969482422,158.375,151.97500610351562,156.125,142.2950897216797,47020668
2020-09-23,157.5,160.89999389648438,155.5749969482422,157.4250030517578,143.4799346923828,44278872
2020-09-24,156.6999969482422,156.6999969482422,151.22500610351562,152.35000610351562,138.8544921875,35838302
2020-09-25,153.14999389648438,157.625,152.10000610351562,156.9499969482422,143.0469970703125,44013790
2020-09-28,157.5,158.5,154.8000030517578,155.77499389648438,141.97610473632812,24921524
2020-09-29,157.5,159.27499389648438,155.25,155.75,141.9533233642578,29660738
2020-09-30,156.0,157.9250030517578,154.8000030517578,156.77499389648438,142.8875274658203,24786634
2020-10-01,158.1999969482422,158.9250030517578,156.02499389648438,156.52499389648438,142.65963745117188,18514618
2020-10-05,157.60000610351562,168.0,157.60000610351562,166.97500610351562,152.18397521972656,77811262
2020-10-06,167.5,167.64999389648438,161.5,165.02499389648438,150.4066925048828,55159848
2020-10-07,163.5,168.27499389648438,162.75,167.64999389648438,152.79916381835938,35479916
2020-10-08,175.5,183.875,173.22500610351562,179.72500610351562,163.80455017089844,214540492
2020-10-09,181.0,188.0500030517578,178.625,187.0,170.43508911132812,110861504
2020-10-12,188.5,189.89999389648438,184.5500030517578,188.75,172.03009033203125,105931918
2020-10-13,188.64999389648438,190.85000610351562,186.47500610351562,187.97500610351562,171.32374572753906,72176286
2020-10-14,182.5,182.5,174.14999389648438,175.22500610351562,159.7031707763672,148263902
2020-10-15,175.5,177.125,169.47500610351562,170.8000030517578,155.67013549804688,77922358
2020-10-16,171.4499969482422,174.0500030517578,169.3000030517578,169.8249969482422,154.781494140625,50488458
2020-10-19,171.22500610351562,173.25,169.3249969482422,171.60000610351562,156.39930725097656,25693748
2020-10-20,172.375,174.75,170.9250030517578,173.375,158.0170440673828,33993548
2020-10-21,174.8000030517578,175.0500030517578,169.5500030517578,171.72500610351562,156.5132293701172,19934922
2020-10-22,170.5,174.10000610351562,170.4250030517578,172.22500610351562,156.9689178466797,19082496
2020-10-23,173.4499969482422,173.5500030517578,170.64999389648438,171.1999969482422,156.0347137451172,17346096
2020-10-26,171.85000610351562,172.4499969482422,168.35000610351562,169.89999389648438,154.84986877441406,17390338
2020-10-27,169.14999389648438,169.875,165.52499389648438,167.02499389648438,152.22955322265625,19821156
2020-10-28,167.875,169.9250030517578,167.1999969482422,167.8249969482422,152.9586639404297,17969178
2020-10-29,166.8249969482422,170.0,165.5749969482422,168.72500610351562,153.77894592285156,14479922
2020-10-30,169.625,172.5,169.22500610351562,170.35000610351562,155.260009765625,22991068
2020-11-02,170.875,170.875,166.85000610351562,167.39999389648438,152.57130432128906,9662266
2020-11-03,167.75,169.72500610351562,166.3249969482422,167.8249969482422,152.9586639404297,9515596
2020-11-04,169.0,175.77499389648438,168.75,171.47500610351562,156.28533935546875,30763800
2020-11-05,173.97500610351562,174.5,172.02499389648438,172.6999969482422,157.40185546875,11204872
2020-11-06,173.0749969482422,174.5,171.6999969482422,172.875,157.56134033203125,10915586
2020-11-09,175.0,176.39999389648438,173.5,175.97500610351562,160.38671875,14214570
2020-11-10,175.375,175.375,170.5749969482422,171.14999389648438,155.98912048339844,18099240
2020-11-11,172.25,173.875,170.75,173.375,158.0170440673828,15275758
2020-11-12,174.0,175.35000610351562,172.14999389648438,172.77499389648438,157.47018432617188,10228848
2020-11-13,172.25,173.125,171.35000610351562,172.0749969482422,156.83218383789062,9455776
2020-11-14,173.5749969482422,173.77499389648438,171.5500030517578,172.72500610351562,157.4246063232422,1498484
2020-11-17,173.5,175.25,171.85000610351562,174.35000610351562,158.90567016601562,13307668
2020-11-18,174.875,176.1750030517578,170.89999389648438,172.64999389648438,157.3562469482422,14815616
2020-11-19,173.85000610351562,174.75,170.8000030517578,171.3000030517578,156.1258544921875,22113702
2020-11-20,171.89999389648438,174.25,171.02499389648438,173.14999389648438,157.81195068359375,12362786
2020-11-23,174.0,178.6999969482422,173.0,177.9250030517578,162.16400146484375,20666694
2020-11-24,179.5,180.6999969482422,177.5,177.75,162.00448608398438,20184882
2020-11-25,178.9499969482422,179.39999389648438,174.77499389648438,175.0,159.49810791015625,13624676
2020-11-26,175.5,178.1999969482422,173.60000610351562,177.4250030517578,161.70826721191406,14732740
2020-11-27,177.4250030517578,178.75,173.9250030517578,175.25,159.72596740722656,24804168
2020-12-01,176.35000610351562,176.9499969482422,173.125,176.4250030517578,160.796875,21387134
2020-12-02,177.22500610351562,180.14999389648438,177.10000610351562,179.4499969482422,163.55392456054688,18868154
2020-12-03,182.0,182.0,179.0,180.14999389648438,164.19189453125,21394090
2020-12-04,180.5500030517578,181.1999969482422,179.5,180.39999389648438,164.4197235107422,14854786
2020-12-07,181.0,181.375,178.75,179.22500610351562,163.3488311767578,16784766
2020-12-08,180.14999389648438,182.5,179.1999969482422,181.85000610351562,165.7413330078125,23626602
2020-12-09,183.875,183.875,178.75,179.75,163.82728576660156,36275376
2020-12-10,178.10000610351562,179.0,176.375,177.9499969482422,162.186767578125,13794794
2020-12-11,178.6999969482422,180.0,176.3249969482422,176.75,161.09307861328125,11727232
2020-12-14,176.75,177.27499389648438,173.5500030517578,174.6750030517578,159.20188903808594,23003678
2020-12-15,174.64999389648438,176.9499969482422,173.75,176.35000610351562,160.72853088378906,14463562
2020-12-16,176.9499969482422,179.47500610351562,176.60000610351562,179.1999969482422,163.32603454589844,13332544
2020-12-17,179.1999969482422,179.625,177.75,178.4499969482422,162.64248657226562,8330742
2020-12-18,179.47500610351562,182.89999389648438,178.75,181.77499389648438,165.67295837402344,34796162
2020-12-21,181.25,183.72500610351562,174.1750030517578,176.97500610351562,161.2981719970703,19330126
2020-12-22,177.0,182.85000610351562,174.72500610351562,182.10000610351562,165.9691619873047,16372078
2020-12-23,187.0,193.8000030517578,185.85000610351562,192.77499389648438,175.6985321044922,89748866
2020-12-24,193.22500610351562,193.35000610351562,189.3249969482422,191.10000610351562,174.17193603515625,24480344
2020-12-28,191.72500610351562,193.1999969482422,191.0,191.4499969482422,174.4909210205078,9451758
2020-12-29,192.0,195.25,191.5500030517578,192.5,175.44790649414062,22918252
2020-12-30,192.5,193.3000030517578,191.39999389648438,192.1999969482422,175.1744842529297,14376870
2020-12-31,190.60000610351562,193.8000030517578,190.60000610351562,193.125,176.01756286621094,12789210
2021-01-01,192.52499389648438,195.375,192.52499389648438,194.0500030517578,176.86062622070312,10084672
2021-01-04,195.0,198.97500610351562,193.89999389648438,198.1999969482422,180.6429901123047,19511442
2021-01-05,197.0500030517578,204.89999389648438,196.75,203.14999389648438,185.15451049804688,50313494
2021-01-06,202.5,208.6999969482422,201.64999389648438,203.1999969482422,185.20005798339844,44972600
2021-01-07,206.125,206.5,201.9250030517578,203.375,185.3595733642578,24689510
2021-01-08,203.75,216.3249969482422,203.625,215.10000610351562,196.0459442138672,81986460
2021-01-11,218.0,225.5,217.5,223.39999389648438,203.6107177734375,94668036
2021-01-12,223.97500610351562,230.375,221.1999969482422,228.85000610351562,208.57794189453125,44268930
2021-01-13,230.5,233.72500610351562,226.39999389648438,229.5,209.1703643798828,58380386
2021-01-14,226.0,233.0,215.0,227.1750030517578,207.05133056640625,143103614
2021-01-15,227.375,229.6999969482422,218.3000030517578,219.27499389648438,199.85110473632812,50615558
2021-01-18,220.5,222.5,214.5500030517578,215.77499389648438,196.66114807128906,43021174
2021-01-19,216.5,219.77499389648438,213.85000610351562,215.125,196.0687255859375,31355580
2021-01-20,217.0,223.9250030517578,216.5,222.47500610351562,202.76766967773438,48839358
2021-01-21,225.8000030517578,226.72500610351562,221.14999389648438,222.89999389648438,203.15499877929688,31822754
2021-01-22,223.72500610351562,226.0,220.22500610351562,222.375,203.13217163085938,22797624
2021-01-25,222.5749969482422,225.5,217.5749969482422,218.625,199.7066650390625,14760338
2021-01-27,219.0,227.375,218.625,223.22500610351562,203.9086151123047,59180420
2021-01-28,221.625,224.3000030517578,213.64999389648438,215.9499969482422,197.2631072998047,29624870
2021-01-29,218.6999969482422,218.85000610351562,207.77499389648438,208.9499969482422,190.86886596679688,31264842
2021-02-01,208.0500030517578,211.89999389648438,204.10000610351562,210.75,192.5131072998047,30163704
2021-02-02,214.0,217.77499389648438,211.8249969482422,214.1750030517578,195.64175415039062,26620996
2021-02-03,215.10000610351562,219.97500610351562,215.10000610351562,216.75,197.99392700195312,19795332
2021-02-04,216.75,218.4499969482422,214.125,214.9499969482422,196.3496856689453,14386598
2021-02-05,216.0,216.6999969482422,210.27499389648438,212.77499389648438,194.36288452148438,17358052
2021-02-08,215.1750030517578,218.85000610351562,213.14999389648438,217.64999389648438,198.81600952148438,25032680
2021-02-09,220.125,225.875,217.60000610351562,219.6750030517578,200.66580200195312,58949660
2021-02-10,221.0,222.0749969482422,217.5,219.5,200.5059356689453,21215470
2021-02-11,219.5,220.25,216.6999969482422,218.5,199.59246826171875,18474052
2021-02-12,220.0,224.60000610351562,219.8000030517578,221.0,201.8761444091797,38561668
2021-02-15,222.3000030517578,222.4499969482422,218.39999389648438,219.85000610351562,200.82566833496094,15689754
2021-02-16,223.0,223.89999389648438,216.89999389648438,218.77499389648438,199.8437042236328,24907596
2021-02-17,217.9499969482422,219.5,214.25,215.10000610351562,196.48672485351562,14780384
2021-02-18,215.14999389648438,218.3249969482422,214.6750030517578,216.47500610351562,197.7427215576172,16771472
2021-02-19,216.5749969482422,217.875,213.0500030517578,214.97500610351562,196.37249755859375,16957332
2021-02-22,215.35000610351562,216.4250030517578,208.0,209.35000610351562,191.23423767089844,21332174
2021-02-23,209.85000610351562,213.0,207.14999389648438,207.75,189.77272033691406,17984706
2021-02-24,208.85000610351562,212.89999389648438,207.375,211.5500030517578,193.243896484375,10120594
2021-02-25,211.5500030517578,214.5,210.22500610351562,210.64999389648438,192.42178344726562,18220784
2021-02-26,208.97500610351562,209.9250030517578,204.0,205.14999389648438,187.39768981933594,23463882
2021-03-01,205.5,209.35000610351562,204.60000610351562,207.1999969482422,189.27029418945312,12843392
2021-03-02,209.85000610351562,216.5500030517578,209.125,215.1999969482422,196.57801818847656,29750468
2021-03-03,216.5,218.3249969482422,214.125,217.75,198.90737915039062,17564904
2021-03-04,214.4499969482422,222.14999389648438,213.75,219.39999389648438,200.41461181640625,25927594
2021-03-05,220.0,220.0,208.5,210.4250030517578,192.2162322998047,87862344
2021-03-08,212.5500030517578,212.5749969482422,207.77499389648438,208.4499969482422,190.41213989257812,24709676
2021-03-09,209.89999389648438,211.39999389648438,205.02499389648438,209.60000610351562,191.46263122558594,23811258
2021-03-10,213.0500030517578,215.35000610351562,211.5,213.35000610351562,194.88812255859375,34582736
2021-03-12,215.75,216.39999389648438,211.0500030517578,212.60000610351562,194.2030487060547,17920252
2021-03-15,212.39999389648438,214.3000030517578,208.89999389648438,213.1750030517578,194.728271484375,15034204
2021-03-16,213.625,217.47500610351562,212.8249969482422,214.64999389648438,196.07562255859375,21347294
2021-03-17,214.5,217.75,208.85000610351562,209.8249969482422,191.66815185546875,24269624
2021-03-18,211.625,212.0749969482422,202.14999389648438,205.0749969482422,187.3291778564453,20165862
2021-03-19,204.47500610351562,206.8249969482422,199.72500610351562,205.25,187.4890594482422,33750804
2021-03-22,205.52499389648438,208.125,205.10000610351562,207.22500610351562,189.2931365966797,13245968
2021-03-23,208.85000610351562,211.6999969482422,206.35000610351562,207.75,189.77272033691406,23150388
2021-03-24,205.6750030517578,207.72500610351562,204.60000610351562,205.5,187.71737670898438,10280694
2021-03-25,205.35000610351562,205.85000610351562,198.875,199.8249969482422,182.53350830078125,25474258
2021-03-26,202.39999389648438,203.85000610351562,200.3249969482422,201.9499969482422,184.47462463378906,18066738
2021-03-30,202.5,210.22500610351562,202.5,209.0500030517578,190.960205078125,26339126
2021-03-31,209.89999389648438,209.89999389648438,206.6750030517578,207.0749969482422,189.15611267089844,14890268
2021-04-01,209.4250030517578,211.4250030517578,207.1750030517578,208.1999969482422,190.18377685546875,15193886
2021-04-05,208.22500610351562,213.9499969482422,208.10000610351562,212.72500610351562,194.3172149658203,42432790
2021-04-06,213.97500610351562,214.4499969482422,211.1750030517578,213.5749969482422,195.0936737060547,16641040
2021-04-07,212.5,219.5,211.6999969482422,219.0,200.04922485351562,27735300
2021-04-08,220.97500610351562,222.97500610351562,220.0,221.0500030517578,201.92181396484375,25833228
2021-04-09,221.4499969482422,225.6750030517578,220.0,225.0500030517578,205.57568359375,23398770
2021-04-12,225.0,225.0500030517578,214.6999969482422,216.3000030517578,197.58287048339844,30172534
2021-04-13,216.0,218.77499389648438,206.3000030517578,209.47500610351562,191.34844970703125,40840640
2021-04-15,209.4499969482422,217.22500610351562,207.5,215.35000610351562,196.71505737304688,53517782
2021-04-16,220.85000610351562,236.8249969482422,218.0,234.60000610351562,214.29930114746094,218723272
2021-04-19,231.5,238.97500610351562,230.5500030517578,236.375,215.9207000732422,87619710
2021-04-20,238.0,238.77499389648438,233.89999389648438,235.0500030517578,214.7103729248047,35461382
2021-04-22,235.8000030517578,247.25,235.8000030517578,243.3249969482422,222.269287109375,85241858
2021-04-23,241.77499389648438,243.6750030517578,237.1750030517578,237.85000610351562,217.26806640625,27192006
2021-04-26,239.6999969482422,241.9250030517578,238.5,240.14999389648438,219.3690185546875,18629288
2021-04-27,240.6999969482422,243.5,240.5,242.52499389648438,221.5385284423828,14418934
2021-04-28,242.9250030517578,246.60000610351562,240.625,244.64999389648438,223.47962951660156,19231068
2021-04-29,246.35000610351562,246.39999389648438,242.85000610351562,244.9250030517578,223.73085021972656,15282266
2021-04-30,245.75,255.89999389648438,244.64999389648438,246.375,225.05535888671875,58231142
2021-05-03,243.97500610351562,248.0,241.625,243.6750030517578,222.5889892578125,17199462
2021-05-04,243.64999389648438,244.14999389648438,238.89999389648438,240.97500610351562,220.12265014648438,16204858
2021-05-05,242.39999389648438,248.0,241.64999389648438,245.3000030517578,224.07339477539062,23713182
2021-05-06,246.85000610351562,257.3999938964844,243.625,256.1499938964844,233.98451232910156,48827088
2021-05-07,257.0,258.2749938964844,253.75,257.625,235.3318634033203,29333162
2021-05-10,258.79998779296875,264.25,256.625,262.9750061035156,240.21893310546875,25088944
2021-05-11,258.9750061035156,261.6499938964844,257.0249938964844,259.20001220703125,236.7705841064453,15298998
2021-05-12,259.9750061035156,261.2749938964844,252.4250030517578,253.8000030517578,231.83787536621094,15742214
2021-05-14,253.75,254.1999969482422,246.375,249.22500610351562,227.65875244140625,13599758
2021-05-17,249.22500610351562,251.85000610351562,247.5,249.89999389648438,228.2753448486328,11505300
2021-05-18,251.0,257.3999938964844,250.4499969482422,254.02499389648438,232.0433807373047,18761492
2021-05-19,254.14999389648438,258.8999938964844,252.5749969482422,255.8249969482422,233.6876220703125,14980792
2021-05-20,258.0,258.5,251.8000030517578,254.125,232.13473510742188,12584608
2021-05-21,255.0,257.95001220703125,254.5749969482422,256.3500061035156,234.16722106933594,10395006
2021-05-24,255.9499969482422,259.25,254.8249969482422,257.45001220703125,235.17201232910156,14873624
2021-05-25,258.70001220703125,262.42498779296875,257.8500061035156,258.7749938964844,236.38233947753906,15909128
2021-05-26,257.45001220703125,265.2250061035156,257.375,263.625,240.8126678466797,17646380
2021-05-27,263.625,272.5,262.5249938964844,270.45001220703125,247.047119140625,58822252
2021-05-28,269.5,270.1499938964844,266.32501220703125,269.3500061035156,246.0422821044922,11757252
2021-05-31,269.3500061035156,270.2749938964844,265.5249938964844,269.5249938964844,246.2021026611328,10772410
2021-06-01,270.95001220703125,273.5,269.82501220703125,271.3999938964844,247.9148712158203,11930088
2021-06-02,270.9750061035156,272.5,266.5,271.5,248.00624084472656,9427136
2021-06-03,272.8500061035156,274.95001220703125,269.1499938964844,269.5249938964844,246.2021026611328,11275982
2021-06-04,271.75,272.75,270.2250061035156,270.6000061035156,247.18411254882812,9543432
2021-06-07,272.3500061035156,275.6000061035156,271.3500061035156,274.125,250.40408325195312,8696866
2021-06-08,275.0,277.75,274.57501220703125,275.29998779296875,251.47740173339844,10859468
2021-06-09,276.5,276.625,271.1000061035156,272.1000061035156,248.5543212890625,12413798
2021-06-10,272.7749938964844,277.75,272.7749938964844,277.125,253.14450073242188,11441488
2021-06-11,277.5,279.4750061035156,275.75,277.1499938964844,253.1673126220703,11224718
2021-06-14,276.95001220703125,281.3999938964844,276.5,280.79998779296875,256.5014343261719,11904318
2021-06-15,280.75,282.0,278.5,278.95001220703125,254.81158447265625,7674490
2021-06-16,279.95001220703125,281.2749938964844,276.75,277.625,253.6011505126953,10994538
2021-06-17,276.25,280.75,274.7749938964844,279.3500061035156,255.1769256591797,8798696
2021-06-18,280.0,280.9750061035156,273.0249938964844,274.8999938964844,251.1119842529297,20014232
2021-06-21,272.375,272.375,267.6000061035156,271.07501220703125,247.61801147460938,10781642
2021-06-22,272.625,279.9750061035156,271.1499938964844,278.2749938964844,254.19493103027344,11505842
2021-06-23,280.0,280.42498779296875,269.20001220703125,270.07501220703125,246.70452880859375,22485404
2021-06-24,270.95001220703125,275.2749938964844,269.6000061035156,274.5249938964844,250.76947021484375,17337360
2021-06-25,274.92498779296875,275.5,270.25,273.75,250.06153869628906,10079644
2021-06-28,274.875,275.3999938964844,272.125,273.70001220703125,250.015869140625,6519660
2021-06-29,273.8999938964844,276.875,270.5,271.29998779296875,247.8235626220703,15855760
2021-06-30,272.42498779296875,274.0,271.0,272.82501220703125,249.2165985107422,8586644
2021-07-01,272.5,272.95001220703125,269.0,269.67498779296875,246.339111328125,8658748
2021-07-02,270.04998779296875,271.1499938964844,266.79998779296875,269.29998779296875,245.99656677246094,8314614
2021-07-05,271.45001220703125,271.45001220703125,267.7749938964844,268.17498779296875,244.9689483642578,6878338
2021-07-06,268.2749938964844,269.1499938964844,265.92498779296875,266.29998779296875,243.25616455078125,8386882
2021-07-07,267.0249938964844,268.20001220703125,262.54998779296875,266.07501220703125,243.05068969726562,10755374
2021-07-08,266.95001220703125,268.4750061035156,264.0,265.5,242.52542114257812,9131020
2021-07-09,263.70001220703125,265.4750061035156,261.625,262.8999938964844,240.150390625,11449216
2021-07-12,265.375,266.07501220703125,261.6000061035156,262.92498779296875,240.17320251464844,7731112
2021-07-13,264.0,264.75,261.29998779296875,262.42498779296875,239.7165069580078,8344716
2021-07-14,263.125,281.6499938964844,262.79998779296875,280.8500061035156,256.547119140625,58696166
2021-07-15,280.5,289.82501220703125,279.5,287.95001220703125,263.0327453613281,62132402
2021-07-16,290.0,294.625,284.1499938964844,288.875,263.8777160644531,73815654
2021-07-19,286.2749938964844,292.0,285.0,286.8999938964844,262.0735778808594,21715702
2021-07-20,287.8500061035156,289.07501220703125,280.7749938964844,284.04998779296875,259.4701843261719,21047054
2021-07-22,288.54998779296875,292.5,285.5,292.1000061035156,266.8236389160156,24086770
2021-07-23,293.25,300.8999938964844,291.8500061035156,299.57501220703125,273.65179443359375,28114910
2021-07-26,300.04998779296875,300.25,294.125,295.2250061035156,269.6782531738281,12199806
2021-07-27,294.45001220703125,297.32501220703125,292.07501220703125,295.7250061035156,270.1349182128906,7966274
2021-07-28,295.4750061035156,296.67498779296875,291.5,295.9750061035156,270.3633117675781,9147860
2021-07-29,296.79998779296875,299.0,293.95001220703125,295.2250061035156,269.6782531738281,11668940
2021-07-30,294.42498779296875,296.5,292.5,293.57501220703125,268.1709899902344,6356412
2021-08-02,294.1000061035156,297.70001220703125,291.125,296.125,270.5003356933594,9247796
2021-08-03,302.0,302.0,297.07501220703125,299.70001220703125,273.7659912109375,10331214
2021-08-04,301.75,302.0,297.1499938964844,298.3999938964844,272.57843017578125,9018712
2021-08-05,298.75,307.25,298.75,300.45001220703125,274.45111083984375,22588728
2021-08-06,301.875,303.20001220703125,298.1499938964844,299.0,273.1265563964844,10540400
2021-08-09,300.0,303.0,297.75,298.3999938964844,272.57843017578125,9293502
2021-08-10,299.20001220703125,304.4750061035156,296.54998779296875,301.92498779296875,275.79840087890625,14055564
2021-08-11,300.95001220703125,303.25,299.2250061035156,300.625,274.61090087890625,8565026
2021-08-12,301.0,304.45001220703125,300.32501220703125,302.92498779296875,276.71197509765625,7905016
2021-08-13,303.0,310.2250061035156,303.0,307.75,281.119384765625,16729368
2021-08-16,308.04998779296875,310.45001220703125,305.25,307.0249938964844,280.45709228515625,7144852
2021-08-17,306.875,318.5249938964844,305.6000061035156,317.45001220703125,289.9800109863281,23645544
2021-08-18,317.875,319.6000061035156,312.29998779296875,314.70001220703125,287.468017578125,13847154
2021-08-20,311.25,315.9750061035156,309.0,310.0249938964844,283.197509765625,12341386
2021-08-23,313.0,318.4750061035156,311.75,314.42498779296875,287.21673583984375,14072750
2021-08-24,318.0,318.0,312.04998779296875,316.7749938964844,289.3634033203125,8967436
2021-08-25,317.5,321.3999938964844,314.7749938964844,315.82501220703125,288.4956359863281,12815436
2021-08-26,316.1000061035156,319.25,313.0,314.4750061035156,287.2624206542969,8416702
2021-08-27,314.75,318.0,312.6499938964844,317.4750061035156,290.00286865234375,8743108
2021-08-30,317.9750061035156,319.75,315.2749938964844,316.2250061035156,288.86102294921875,8743710
2021-08-31,317.29998779296875,321.2749938964844,314.45001220703125,320.4750061035156,292.74322509765625,15591816
2021-09-01,321.8999938964844,323.67498779296875,317.625,321.0249938964844,293.24566650390625,9450444
2021-09-02,322.5,328.5,320.375,325.7250061035156,297.5389404296875,9077556
2021-09-03,326.5,328.3500061035156,324.75,327.54998779296875,299.20599365234375,7549940
2021-09-06,328.32501220703125,344.3500061035156,328.32501220703125,343.2250061035156,313.52459716796875,24676832
2021-09-07,345.0,345.0,336.375,337.125,307.95245361328125,12812218
2021-09-08,337.70001220703125,337.70001220703125,330.0,331.1000061035156,302.4488525390625,13432462
2021-09-09,330.45001220703125,332.2749938964844,327.0,331.17498779296875,302.5173645019531,11611460
2021-09-13,331.17498779296875,335.92498779296875,328.92498779296875,335.375,306.3539123535156,11177578
2021-09-14,335.5,337.8500061035156,335.0,336.7250061035156,307.5870666503906,7322676
2021-09-15,337.0,340.2749938964844,335.0,337.0249938964844,307.8611145019531,8290832
2021-09-16,339.875,340.375,332.5,333.92498779296875,305.0293884277344,9315692
2021-09-17,335.70001220703125,337.20001220703125,331.375,332.625,303.84185791015625,10815562
2021-09-20,328.875,335.25,326.70001220703125,331.25,302.5858459472656,9092860
2021-09-21,330.25,334.5,328.54998779296875,333.79998779296875,304.91522216796875,7367102
2021-09-22,334.5,337.25,331.5,334.07501220703125,305.1664123535156,9583304
2021-09-23,336.45001220703125,338.5,335.70001220703125,337.1499938964844,307.975341796875,6462586
2021-09-24,340.25,349.57501220703125,337.5,338.25,308.9801025390625,24253176
2021-09-27,339.0249938964844,339.17498779296875,325.5,326.95001220703125,298.657958984375,16798164
2021-09-28,326.95001220703125,326.95001220703125,317.625,319.79998779296875,292.12664794921875,16224924
2021-09-29,314.9750061035156,323.25,313.67498779296875,320.375,292.65191650390625,17679132
2021-09-30,319.375,323.375,316.2749938964844,317.04998779296875,289.6145935058594,12027918
2021-10-01,317.3999938964844,319.875,315.1000061035156,318.125,290.5965881347656,8417708
2021-10-04,319.95001220703125,321.79998779296875,317.9750061035156,320.5249938964844,292.78887939453125,10494244
2021-10-05,318.2250061035156,324.75,317.0249938964844,323.42498779296875,295.4379577636719,10912148
2021-10-06,325.20001220703125,325.2250061035156,317.20001220703125,317.875,290.3681945800781,9673198
2021-10-07,319.5,324.2749938964844,318.45001220703125,321.4750061035156,293.65673828125,7448686
2021-10-08,323.07501220703125,333.7749938964844,322.5,330.57501220703125,301.9692687988281,22091966
2021-10-11,324.4750061035156,333.1499938964844,317.5,326.3999938964844,298.1555480957031,20422932
2021-10-12,326.0,331.20001220703125,321.2749938964844,329.54998779296875,301.032958984375,18680432
2021-10-13,332.5,337.3500061035156,328.0,336.29998779296875,307.1988525390625,18925882
2021-10-14,348.5,369.92498779296875,347.5,354.125,323.4814147949219,118377606
2021-10-18,359.5,360.3999938964844,351.20001220703125,354.875,324.16650390625,21198892
2021-10-19,358.54998779296875,364.9750061035156,354.0,355.7749938964844,324.98858642578125,21865148
2021-10-20,356.79998779296875,361.375,347.875,350.9750061035156,320.60400390625,16108782
2021-10-21,354.4750061035156,354.5,340.8500061035156,348.1499938964844,318.0234375,15916912
2021-10-22,350.875,352.75,339.125,341.20001220703125,311.6748352050781,10758302
2021-10-25,341.375,342.1000061035156,330.3999938964844,333.8500061035156,304.96087646484375,17621916
2021-10-26,335.5249938964844,339.3999938964844,332.5,334.07501220703125,305.1664123535156,12193966
2021-10-27,334.07501220703125,337.2749938964844,331.7250061035156,335.54998779296875,306.51373291015625,12631178
2021-10-28,335.5,335.79998779296875,327.5,328.45001220703125,300.0281066894531,10357542
2021-10-29,329.125,329.70001220703125,322.125,323.375,295.392333984375,13522634
2021-11-01,325.54998779296875,328.4750061035156,323.75,327.7250061035156,299.3658752441406,8802466
2021-11-02,328.5,330.5,325.54998779296875,326.8999938964844,298.61224365234375,8079378
2021-11-03,329.70001220703125,330.92498779296875,325.1000061035156,326.25,298.0185546875,6871182
2021-11-04,327.5,328.82501220703125,323.70001220703125,326.8500061035156,298.56658935546875,1565810
2021-11-08,326.4750061035156,330.5,323.75,329.17498779296875,300.6904296875,9504460
2021-11-09,331.54998779296875,333.125,328.3500061035156,329.2250061035156,300.73614501953125,8284130
2021-11-10,327.95001220703125,329.5,325.7749938964844,326.29998779296875,298.06414794921875,8091390
2021-11-11,324.875,324.875,318.3999938964844,320.8999938964844,293.1315002441406,12067796
2021-11-12,324.0,331.25,322.8999938964844,330.0249938964844,301.4668884277344,12126506
2021-11-15,330.7749938964844,333.0,328.57501220703125,329.45001220703125,300.9416198730469,9435996
2021-11-16,329.20001220703125,334.375,327.32501220703125,330.7250061035156,302.1062927246094,11327094
2021-11-17,330.7250061035156,334.0,329.0,330.8999938964844,302.2661437988281,8854994
2021-11-18,331.70001220703125,332.9750061035156,322.625,325.7250061035156,297.5389404296875,7842498
2021-11-22,329.0,330.2250061035156,319.0,322.0249938964844,294.1591491699219,11582434
2021-11-23,321.3500061035156,324.4750061035156,313.0249938964844,321.3999938964844,293.5882263183594,9134924
2021-11-24,322.1499938964844,323.79998779296875,316.54998779296875,318.25,290.7107849121094,7985552
2021-11-25,318.5,320.8999938964844,316.5,318.3500061035156,290.8021545410156,6661362
2021-11-26,316.0,317.20001220703125,309.82501220703125,310.7250061035156,283.8370056152344,8277074
2021-11-29,308.2749938964844,316.42498779296875,301.9750061035156,315.29998779296875,288.0160827636719,10376060
2021-11-30,315.29998779296875,322.75,315.25,318.625,291.0533447265625,26850200
2021-12-01,321.29998779296875,322.9750061035156,316.625,317.3999938964844,289.934326171875,9453644
2021-12-02,318.45001220703125,324.04998779296875,314.5,323.3999938964844,295.41510009765625,10210456
2021-12-03,322.375,326.9750061035156,319.95001220703125,320.375,292.65191650390625,13405010
2021-12-06,318.625,322.1000061035156,311.57501220703125,312.25,285.22998046875,9409906
2021-12-07,314.0,317.2749938964844,311.5,316.20001220703125,288.83819580078125,8557090
2021-12-08,319.5,326.5,319.125,320.8500061035156,293.0858154296875,15360658
2021-12-09,320.875,323.79998779296875,318.92498779296875,321.6000061035156,293.7708740234375,6865604
2021-12-10,321.07501220703125,322.95001220703125,317.54998779296875,319.125,291.5100402832031,8525212
2021-12-13,321.75,328.2749938964844,320.1000061035156,322.70001220703125,294.7757263183594,13123680
2021-12-14,323.0,325.95001220703125,319.625,323.45001220703125,295.4608154296875,8609412
2021-12-15,323.3500061035156,323.3500061035156,317.67498779296875,318.20001220703125,290.6651306152344,7123544
2021-12-16,322.0,324.95001220703125,319.70001220703125,322.1499938964844,294.2733154296875,12437240
2021-12-17,330.0,338.3999938964844,325.04998779296875,335.3999938964844,306.376708984375,104600018
2021-12-20,333.7749938964844,338.75,331.5,332.9750061035156,304.1615295410156,26298202
2021-12-21,338.0,348.54998779296875,335.5,345.3999938964844,315.51141357421875,27362096
2021-12-22,347.95001220703125,347.95001220703125,340.6000061035156,342.82501220703125,313.1592102050781,12327754
2021-12-23,345.04998779296875,351.0,344.54998779296875,347.2749938964844,317.2241516113281,12944908
2021-12-24,348.875,351.20001220703125,345.07501220703125,349.2250061035156,319.00543212890625,13182426
2021-12-27,349.92498779296875,350.5,345.57501220703125,349.79998779296875,319.5306701660156,10188656
2021-12-28,351.5,353.75,350.7749938964844,352.7250061035156,322.2025451660156,10158044
2021-12-29,352.625,355.0,350.0249938964844,351.8500061035156,321.40325927734375,7898416
2021-12-30,352.54998779296875,359.95001220703125,352.0,357.04998779296875,326.1532897949219,18087350
2021-12-31,357.8999938964844,359.3999938964844,354.54998779296875,357.67498779296875,326.7242126464844,8549558
2022-01-03,359.0,363.3999938964844,358.0,359.3500061035156,328.2542724609375,9280810
2022-01-04,361.375,361.54998779296875,355.7749938964844,360.75,329.5331115722656,10228800
2022-01-05,360.0,360.42498779296875,351.5,356.75,325.8792419433594,14711264
2022-01-06,352.8999938964844,356.125,349.9750061035156,352.875,322.339599609375,12883220
2022-01-07,354.0,360.75,353.79998779296875,355.75,324.9658203125,13120326
2022-01-10,354.5,354.5,345.0,346.75,316.74456787109375,27537820
2022-01-11,347.5,349.2250061035156,344.5,347.07501220703125,317.04150390625,15487458
2022-01-12,350.0,350.875,341.6000061035156,345.67498779296875,315.76263427734375,23460682
2022-01-13,331.6000061035156,333.0,324.0,324.875,296.7624816894531,61505934
2022-01-14,324.625,324.625,318.25,319.8999938964844,292.218017578125,26514548
2022-01-17,319.75,325.82501220703125,316.5249938964844,323.32501220703125,295.3466491699219,20457876
2022-01-18,324.45001220703125,325.0,315.57501220703125,316.6499938964844,289.2492370605469,14329980
2022-01-19,315.5,315.82501220703125,309.5,310.57501220703125,283.699951171875,17382766
2022-01-20,310.32501220703125,311.20001220703125,305.25,307.6000061035156,280.9823913574219,16827124
2022-01-21,305.0,305.5,300.3999938964844,302.5249938964844,276.7964172363281,19646694
2022-01-24,302.75,302.75,284.2250061035156,286.375,262.01995849609375,26150716
2022-01-25,281.25,286.0,275.3500061035156,281.3500061035156,257.42230224609375,34712370
2022-01-27,277.5,278.45001220703125,268.6000061035156,272.375,249.2106170654297,31351744
2022-01-28,275.04998779296875,282.4750061035156,273.32501220703125,276.07501220703125,252.59591674804688,29899780
2022-01-31,284.5,287.20001220703125,281.2749938964844,286.29998779296875,261.9512939453125,26252174
2022-02-01,289.95001220703125,291.20001220703125,283.2250061035156,288.32501220703125,263.80413818359375,20920202
2022-02-02,291.0,295.0,287.5,294.0,268.9964599609375,16368826
2022-02-03,292.3500061035156,294.3999938964844,288.07501220703125,289.125,264.5360412597656,14082780
2022-02-04,288.5,288.8999938964844,284.0249938964844,285.875,261.56243896484375,13633558
2022-02-07,285.95001220703125,286.8999938964844,277.79998779296875,278.5,254.81472778320312,15091358
2022-02-08,280.70001220703125,282.8999938964844,277.2250061035156,280.125,256.30145263671875,13953814
2022-02-09,282.20001220703125,285.375,281.6499938964844,284.4750061035156,260.2815246582031,10207476
2022-02-10,286.20001220703125,287.375,283.1000061035156,286.82501220703125,262.431640625,11603824
2022-02-11,283.0,283.0,278.54998779296875,280.7250061035156,256.8504638671875,15442458
2022-02-14,275.0,278.57501220703125,270.0,270.8500061035156,247.81527709960938,16241546
2022-02-15,272.79998779296875,282.625,271.625,281.67498779296875,257.71966552734375,13676992
2022-02-16,282.57501220703125,285.1499938964844,278.7749938964844,281.95001220703125,257.9712829589844,14607822
2022-02-17,286.0,286.20001220703125,280.57501220703125,282.45001220703125,258.42877197265625,14228840
2022-02-18,279.5,282.8500061035156,277.67498779296875,281.2250061035156,257.3079833984375,13411838
2022-02-21,277.875,286.3500061035156,277.70001220703125,285.3999938964844,261.1278381347656,17534002
2022-02-22,278.125,284.5,278.04998779296875,282.07501220703125,258.08563232421875,21490124
2022-02-23,284.6000061035156,285.45001220703125,281.32501220703125,283.54998779296875,259.4351806640625,14408512
2022-02-24,274.0,278.45001220703125,265.57501220703125,268.57501220703125,245.73379516601562,26953888
2022-02-25,274.0,279.375,273.75,277.625,254.01405334472656,15922624
2022-02-28,275.5,280.04998779296875,272.04998779296875,277.8999938964844,254.26568603515625,18316874
2022-03-02,277.5,279.1499938964844,275.20001220703125,277.6000061035156,253.99124145507812,16354110
2022-03-03,281.5,287.9750061035156,280.17498779296875,284.7749938964844,260.5560302734375,25911326
2022-03-04,280.5,290.0,277.0249938964844,287.6499938964844,263.1864929199219,26948372
2022-03-07,281.5,289.82501220703125,281.125,285.92498779296875,261.6081848144531,21112334
2022-03-08,286.0,295.375,286.0,293.7250061035156,268.744873046875,22039998
2022-03-09,294.0,298.20001220703125,291.07501220703125,292.75,267.852783203125,23527232
2022-03-10,297.5,298.25,292.29998779296875,294.125,269.1108093261719,16161966
2022-03-11,293.5,295.0,291.20001220703125,293.1000061035156,268.1730041503906,9927188
2022-03-14,293.20001220703125,300.3999938964844,293.0,299.07501220703125,273.6398620605469,15006442
2022-03-15,301.8500061035156,301.8500061035156,292.1499938964844,293.8500061035156,268.8592529296875,13853244
2022-03-16,297.625,299.7250061035156,296.25,299.125,273.68560791015625,11150296
2022-03-17,302.5,305.5,299.5,300.6000061035156,275.0351867675781,16881290
2022-03-21,302.54998779296875,308.0,299.0,300.0,274.4862060546875,15592952
2022-03-22,301.70001220703125,305.5,298.07501220703125,305.0249938964844,279.0838317871094,15580500
2022-03-23,306.9750061035156,307.5,303.8500061035156,305.6000061035156,279.6099548339844,11393836
2022-03-24,303.5,306.8999938964844,302.8999938964844,305.2749938964844,279.3125915527344,7751490
2022-03-25,305.5,307.0,298.625,301.67498779296875,276.0187072753906,11986194
2022-03-28,304.0,304.5,298.54998779296875,300.1000061035156,274.5777282714844,11476810
2022-03-29,301.5,302.67498779296875,299.57501220703125,301.25,275.6298828125,9402006
2022-03-30,302.54998779296875,304.6499938964844,299.75,300.3999938964844,274.85211181640625,15488764
2022-03-31,300.0,301.6499938964844,295.1000061035156,295.95001220703125,270.7806091308594,14476178
2022-04-01,295.8500061035156,301.70001220703125,294.6499938964844,300.8999938964844,275.3096923828125,8567994
2022-04-04,302.5,303.25,299.5,302.79998779296875,277.0480651855469,8855948
2022-04-05,302.7250061035156,304.75,299.0249938964844,299.57501220703125,276.37921142578125,12862488
2022-04-06,299.0,299.0,295.5,296.7749938964844,273.7959289550781,8235902
2022-04-07,296.0,296.0,288.75,290.42498779296875,267.9376525878906,15721530
2022-04-08,293.0,293.5,290.25,291.82501220703125,269.2292785644531,8636632
2022-04-11,292.0,292.125,284.04998779296875,285.54998779296875,263.44012451171875,17164216
2022-04-12,284.0,284.0,278.1000061035156,279.3500061035156,257.72021484375,16338532
2022-04-13,280.0,282.75,277.29998779296875,279.6000061035156,257.95086669921875,11204576
2022-04-18,274.92498779296875,274.92498779296875,268.0,269.29998779296875,248.44834899902344,18930062
2022-04-19,272.0,272.7749938964844,263.0249938964844,265.2250061035156,244.68890380859375,13286008
2022-04-20,268.0,270.2749938964844,265.67498779296875,268.25,247.4796600341797,8660976
2022-04-21,270.5,271.25,268.67498779296875,269.6000061035156,248.72512817382812,13388782
2022-04-22,267.5,270.42498779296875,265.32501220703125,268.8500061035156,248.03318786621094,9782424
2022-04-25,264.9750061035156,265.57501220703125,261.6499938964844,264.67498779296875,244.1814422607422,9473768
2022-04-26,268.5,268.875,263.54998779296875,264.625,244.1353302001953,8718740
2022-04-27,263.5,263.5,257.25,259.4750061035156,239.38409423828125,16275078
2022-04-28,262.0,263.32501220703125,258.0,261.2749938964844,241.04470825195312,13241338
2022-04-29,264.25,264.25,253.5,254.39999389648438,234.7020721435547,24151260
2022-05-02,257.75,259.5,246.3000030517578,247.5,228.3363037109375,43822854
2022-05-04,250.0,251.9250030517578,244.625,245.875,226.83714294433594,17267854
2022-05-05,250.5,251.85000610351562,248.14999389648438,250.5749969482422,231.1732177734375,10869532
2022-05-06,245.0,245.4499969482422,240.5,242.5500030517578,223.7696075439453,18441782
2022-05-09,241.0,244.6750030517578,237.3000030517578,241.5749969482422,222.8700714111328,16675250
2022-05-10,241.5,241.875,238.0749969482422,238.8249969482422,220.33299255371094,14969534
2022-05-11,240.02499389648438,240.97500610351562,231.27499389648438,235.9499969482422,217.6806182861328,21029342
2022-05-12,234.0500030517578,238.0,231.0749969482422,236.89999389648438,218.55703735351562,14573000
2022-05-13,239.75,239.75,233.5,234.3249969482422,216.18142700195312,16775318
2022-05-16,237.0,237.1750030517578,232.5,234.0,215.88160705566406,7314066
2022-05-17,235.5,244.5,234.14999389648438,243.3249969482422,224.4845733642578,11321450
2022-05-18,245.4499969482422,247.625,240.3000030517578,240.625,221.99363708496094,15390968
2022-05-19,233.0749969482422,236.89999389648438,225.0,225.5749969482422,208.10891723632812,22945978
2022-05-20,231.0,231.10000610351562,227.5,229.8000030517578,212.00682067871094,12731912
2022-05-23,231.89999389648438,233.89999389648438,228.75,233.0,214.9590301513672,14111568
2022-05-24,234.22500610351562,234.8000030517578,229.0,229.97500610351562,212.16827392578125,13779460
2022-05-25,230.0749969482422,230.4250030517578,221.60000610351562,222.4250030517578,205.20285034179688,15481506
2022-05-26,223.0,227.35000610351562,222.0,226.6750030517578,209.123779296875,11583082
2022-05-27,230.0,233.97500610351562,228.125,233.47500610351562,215.39727783203125,11414472
2022-05-30,236.5749969482422,240.75,236.5749969482422,238.125,219.6872100830078,12291148
2022-05-31,237.9499969482422,240.375,235.1999969482422,239.02499389648438,220.51751708984375,31587004
2022-06-01,239.47500610351562,239.47500610351562,234.25,235.375,217.15016174316406,10514566
2022-06-02,235.89999389648438,238.22500610351562,234.0500030517578,237.0749969482422,218.718505859375,10535040
2022-06-03,239.8249969482422,244.0,237.25,237.75,219.34124755859375,23269778
2022-06-06,236.0,237.75,232.10000610351562,236.60000610351562,218.28030395507812,13791156
2022-06-07,235.0,235.375,232.5749969482422,233.8249969482422,215.7201385498047,4701342
2022-06-08,235.52499389648438,236.0,232.14999389648438,235.1999969482422,216.98867797851562,5627652
2022-06-09,233.52499389648438,238.0749969482422,232.125,237.52499389648438,219.13368225097656,7402238
2022-06-10,233.60000610351562,233.60000610351562,228.14999389648438,230.47500610351562,212.6295623779297,17453098
2022-06-13,225.02499389648438,226.5,222.5,223.0500030517578,205.7794647216797,14130822
2022-06-14,220.0,226.85000610351562,219.0,222.9499969482422,205.68719482421875,13056384
2022-06-15,224.22500610351562,225.3249969482422,219.64999389648438,220.0500030517578,203.0117645263672,11391596
2022-06-16,223.0,223.375,209.875,211.14999389648438,194.80084228515625,17944686
2022-06-17,208.0,209.375,201.02499389648438,202.60000610351562,186.91290283203125,41550546
2022-06-20,204.5,208.9499969482422,202.0749969482422,207.3249969482422,191.2720184326172,20750838
2022-06-21,210.0,213.375,208.3249969482422,212.5749969482422,196.1155242919922,12187804
2022-06-22,211.35000610351562,211.35000610351562,205.14999389648438,205.625,189.70364379882812,16202862
2022-06-23,206.25,210.39999389648438,205.64999389648438,209.52499389648438,193.3016815185547,19655010
2022-06-24,210.5,213.0,207.875,209.375,193.16329956054688,15362102
2022-06-27,213.5,215.375,212.0,212.4499969482422,196.0001983642578,12447870
2022-06-28,211.0,214.5500030517578,207.85000610351562,213.625,197.08421325683594,12091828
2022-06-29,210.0,212.39999389648438,208.6999969482422,210.375,194.08587646484375,16684176
2022-06-30,210.9499969482422,211.5,207.5,208.02499389648438,191.91781616210938,12123284
2022-07-01,207.5,211.60000610351562,205.6999969482422,211.0,194.6624755859375,8907248
2022-07-04,210.47500610351562,210.875,208.0,210.14999389648438,193.87828063964844,6372716
2022-07-05,210.5500030517578,211.52499389648438,206.52499389648438,206.8000030517578,190.78765869140625,11513210
2022-07-06,209.3000030517578,209.3000030517578,206.5500030517578,208.02499389648438,191.91781616210938,10522910
2022-07-07,210.0,211.97500610351562,208.60000610351562,210.39999389648438,194.10890197753906,10706024
2022-07-08,212.0,212.35000610351562,208.27499389648438,209.5500030517578,193.32473754882812,9535432
2022-07-11,207.375,207.5,202.77499389648438,205.60000610351562,189.6805877685547,16689574
2022-07-12,204.5,207.4250030517578,204.0,204.5749969482422,188.73495483398438,9777472
2022-07-13,206.0,206.0,202.6750030517578,203.35000610351562,187.60482788085938,11956780
2022-07-14,205.3000030517578,205.3000030517578,200.25,200.72500610351562,185.1830596923828,13161242
2022-07-15,200.47500610351562,202.0500030517578,195.5,196.9250030517578,181.67730712890625,22328354
2022-07-18,199.5,202.85000610351562,198.3249969482422,202.375,186.70529174804688,13632394
2022-07-19,201.5,203.89999389648438,200.60000610351562,202.8249969482422,187.12045288085938,12897178
2022-07-20,205.39999389648438,208.75,203.5500030517578,206.0500030517578,190.09573364257812,25237412
2022-07-21,204.4250030517578,208.75,201.3000030517578,207.0,190.97219848632812,45382342
2022-07-22,207.875,208.6999969482422,204.52499389648438,205.4250030517578,189.51913452148438,15468542
2022-07-25,205.25,207.8249969482422,204.27499389648438,207.39999389648438,191.34121704101562,12535662
2022-07-26,207.39999389648438,207.6999969482422,202.14999389648438,202.60000610351562,186.91290283203125,15186298
2022-07-27,202.47500610351562,203.6999969482422,200.97500610351562,203.3249969482422,187.5817413330078,14084158
2022-07-28,205.89999389648438,208.5,205.4499969482422,208.0,191.89476013183594,15898464
2022-07-29,210.3000030517578,212.14999389648438,208.89999389648438,211.85000610351562,195.44667053222656,15919784
2022-08-01,213.10000610351562,215.4499969482422,211.3000030517578,214.5,197.89146423339844,10365748
2022-08-02,214.47500610351562,215.8249969482422,212.3249969482422,214.8000030517578,198.16824340820312,16912426
2022-08-03,214.5,216.5,213.75,216.1750030517578,199.436767578125,12034938
2022-08-04,218.52499389648438,220.14999389648438,213.5500030517578,217.75,200.8898162841797,17789134
2022-08-05,218.0749969482422,221.0,218.0749969482422,220.0,202.96560668945312,12967586
2022-08-08,221.39999389648438,221.39999389648438,217.60000610351562,217.9250030517578,201.05128479003906,9557496
2022-08-10,217.5,218.0,213.14999389648438,215.0749969482422,198.4219207763672,11329742
2022-08-11,219.0,221.0,218.14999389648438,219.22500610351562,202.2506103515625,9154644
2022-08-12,218.5500030517578,219.25,217.5,218.0500030517578,201.16661071777344,7092398
2022-08-16,219.25,219.89999389648438,218.3000030517578,218.5500030517578,201.6278839111328,4774208
2022-08-17,218.625,222.4499969482422,218.3249969482422,221.52499389648438,204.37252807617188,10401476
2022-08-18,220.875,220.875,217.02499389648438,217.52499389648438,200.68223571777344,16888260
2022-08-19,219.47500610351562,221.25,215.5,216.22500610351562,199.48291015625,17253908
2022-08-22,215.4499969482422,215.4499969482422,209.52499389648438,210.0,193.73989868164062,12900580
2022-08-23,207.5,209.25,205.0,208.3249969482422,192.19459533691406,17028776
2022-08-24,208.89999389648438,209.75,207.1750030517578,208.0749969482422,191.9639434814453,7429170
2022-08-25,209.64999389648438,210.0500030517578,207.47500610351562,207.60000610351562,191.5257568359375,8753902
2022-08-26,209.25,211.25,208.14999389648438,208.625,192.47137451171875,7904194
2022-08-29,202.5,203.1750030517578,199.5,202.1750030517578,186.5207977294922,23519514
2022-08-30,204.5749969482422,207.97500610351562,203.125,206.77499389648438,190.7646026611328,19750992
2022-09-01,204.9499969482422,205.8249969482422,202.4250030517578,205.22500610351562,189.33462524414062,11778706
2022-09-02,206.27499389648438,206.375,203.5500030517578,203.85000610351562,188.06610107421875,9815080
2022-09-05,203.5,204.0,202.0,202.75,187.05126953125,18018508
2022-09-06,203.5,203.6750030517578,200.625,202.22500610351562,186.56692504882812,18226162
2022-09-07,201.0500030517578,204.4250030517578,200.5,203.72500610351562,187.95077514648438,12248532
2022-09-08,205.0,207.1750030517578,204.8000030517578,206.39999389648438,190.41864013671875,14064948
2022-09-09,208.5,209.72500610351562,205.6750030517578,208.5749969482422,192.42523193359375,14671342
2022-09-12,209.9250030517578,212.1999969482422,209.02499389648438,211.0,194.6624755859375,11678424
2022-09-13,212.4499969482422,213.0,210.75,211.3249969482422,194.96229553222656,9408334
2022-09-14,204.5,211.35000610351562,204.5,208.14999389648438,192.0331573486328,17583964
2022-09-15,209.85000610351562,210.4499969482422,206.625,207.52499389648438,191.45654296875,10640314
2022-09-16,206.375,206.375,200.10000610351562,200.8249969482422,185.27529907226562,20192486
2022-09-19,202.5,203.10000610351562,198.5,200.97500610351562,185.4136962890625,13584188
2022-09-20,203.0,204.6999969482422,202.22500610351562,202.4499969482422,186.77447509765625,8989822
2022-09-21,202.9499969482422,202.9499969482422,199.75,200.375,184.86016845703125,19290112
2022-09-22,199.0,200.1750030517578,197.5,198.97500610351562,183.5685577392578,16500324
2022-09-23,199.0500030517578,199.6999969482422,196.8249969482422,197.1750030517578,181.90792846679688,13966710
2022-09-26,196.0,199.60000610351562,192.3000030517578,197.39999389648438,182.11550903320312,18994144
2022-09-27,198.39999389648438,200.6999969482422,196.0,199.1999969482422,183.77613830566406,12454694
2022-09-28,198.0,200.25,197.6750030517578,199.02499389648438,183.61468505859375,8921590
2022-09-29,200.5,200.9499969482422,195.77499389648438,196.39999389648438,181.1929168701172,11883068
2022-09-30,196.22500610351562,198.35000610351562,193.75,197.125,181.86178588867188,13570530
2022-10-03,196.9499969482422,199.0,195.3000030517578,197.25,181.9771270751953,8140834
2022-10-04,199.97500610351562,203.0,199.5,202.75,187.05126953125,12591696
2022-10-06,204.6750030517578,206.5,203.72500610351562,205.0749969482422,189.19622802734375,11203878
2022-10-07,204.89999389648438,205.875,203.125,204.0500030517578,188.2506103515625,7580186
2022-10-10,200.14999389648438,206.75,199.875,205.64999389648438,189.72671508789062,18714926
2022-10-11,207.4499969482422,208.9499969482422,201.14999389648438,202.1999969482422,186.54383850097656,22723292
2022-10-12,202.125,204.8000030517578,200.8000030517578,203.97500610351562,188.18142700195312,12610118
2022-10-13,193.5,196.1750030517578,189.0500030517578,189.5500030517578,174.87332153320312,84896212
2022-10-14,193.5,193.75,188.125,188.64999389648438,174.0430145263672,27864794
2022-10-17,188.64999389648438,189.47500610351562,186.1999969482422,187.5500030517578,173.02818298339844,16909538
2022-10-18,191.85000610351562,192.125,189.1999969482422,189.64999389648438,174.965576171875,22328480
2022-10-19,190.60000610351562,190.60000610351562,188.52499389648438,189.02499389648438,174.38897705078125,10198278
2022-10-20,188.5,191.3000030517578,188.0,190.75,175.9804229736328,11868814
2022-10-21,191.25,191.64999389648438,190.10000610351562,191.27499389648438,176.46475219726562,8931540
2022-10-24,193.1999969482422,193.1999969482422,192.0,192.35000610351562,177.45654296875,3472470
2022-10-25,193.22500610351562,193.22500610351562,191.8249969482422,192.3249969482422,177.43345642089844,5783256
2022-10-27,193.0,193.47500610351562,190.5500030517578,191.3249969482422,176.51089477539062,11723118
2022-10-28,191.39999389648438,192.9250030517578,191.0,191.625,176.78765869140625,7609676
2022-10-31,193.27499389648438,194.1999969482422,192.375,193.27499389648438,178.3098907470703,6638382
2022-11-01,194.0,196.5,193.3000030517578,196.1999969482422,181.00840759277344,11540196
2022-11-02,196.4250030517578,197.4250030517578,195.3249969482422,196.97500610351562,181.72341918945312,6716614
2022-11-03,194.875,196.875,192.77499389648438,194.25,179.20941162109375,10312476
2022-11-04,194.25,196.1999969482422,192.8249969482422,195.27499389648438,180.155029296875,9023630
2022-11-07,196.5,197.4250030517578,193.8000030517578,195.75,180.59327697753906,8252598
2022-11-09,197.02499389648438,197.1999969482422,194.5749969482422,195.47500610351562,180.33956909179688,6862546
2022-11-10,194.39999389648438,195.5500030517578,193.5,194.4499969482422,179.3939208984375,5494908
2022-11-11,199.25,202.9250030517578,198.625,199.85000610351562,184.37579345703125,28417046
2022-11-14,201.3249969482422,201.3249969482422,197.77499389648438,198.27499389648438,182.92276000976562,17623428
2022-11-15,199.02499389648438,199.77499389648438,197.0,198.5749969482422,183.19952392578125,12462712
2022-11-16,199.5,200.85000610351562,198.10000610351562,199.125,183.70692443847656,11039528
2022-11-17,198.9499969482422,199.0,197.5,198.375,183.01499938964844,6057616
2022-11-18,198.9250030517578,199.4499969482422,196.39999389648438,196.9250030517578,181.67730712890625,9546202
2022-11-21,196.9250030517578,197.22500610351562,193.8000030517578,194.3249969482422,179.27859497070312,7904612
2022-11-22,194.5,194.6999969482422,192.25,194.39999389648438,179.34779357910156,8410828
2022-11-23,195.375,195.97500610351562,194.0,194.375,179.32472229003906,6717760
2022-11-24,194.9499969482422,199.875,194.5749969482422,199.125,183.70692443847656,13370266
2022-11-25,199.5,202.1999969482422,197.9499969482422,201.39999389648438,185.8057861328125,13648550
2022-11-28,201.39999389648438,204.72500610351562,201.0,202.8249969482422,187.12045288085938,13679200
2022-11-29,201.5,204.4499969482422,201.4499969482422,202.5749969482422,186.8898162841797,9102602
2022-11-30,203.4499969482422,204.0,201.3249969482422,203.4499969482422,187.6970672607422,13892346
2022-12-01,206.4250030517578,208.1750030517578,205.8249969482422,206.85000610351562,190.83383178710938,15852984
2022-12-02,206.89999389648438,206.9499969482422,204.52499389648438,206.1999969482422,190.23414611816406,11726622
2022-12-05,206.625,207.47500610351562,205.3249969482422,206.1750030517578,190.21107482910156,9947062
2022-12-06,205.25,206.3000030517578,203.89999389648438,205.6750030517578,189.74978637695312,8832518
2022-12-07,204.5,204.75,202.64999389648438,203.14999389648438,187.4202880859375,6568616
2022-12-08,203.625,204.0,201.64999389648438,201.85000610351562,186.22096252441406,8940712
2022-12-09,203.0,203.0,195.625,197.02499389648438,181.76954650878906,15423336
2022-12-12,196.4499969482422,198.75,194.0,198.1750030517578,182.8304901123047,10365880
2022-12-13,199.1750030517578,199.6750030517578,198.0,198.875,183.47628784179688,6813842
2022-12-14,200.39999389648438,202.25,199.625,200.02499389648438,184.53726196289062,9995152
2022-12-15,199.875,199.875,197.02499389648438,197.60000610351562,182.300048828125,7766926
2022-12-16,195.6999969482422,197.39999389648438,194.02499389648438,194.875,179.78599548339844,18012634
2022-12-19,194.22500610351562,195.25,192.85000610351562,194.52499389648438,179.46311950683594,8838046
2022-12-20,194.39999389648438,194.9499969482422,191.5,194.47500610351562,179.4169921875,8778558
2022-12-21,195.4499969482422,196.625,193.9250030517578,194.75,179.67068481445312,10215214
2022-12-22,195.0500030517578,195.97500610351562,193.0,194.375,179.32472229003906,9093800
2022-12-23,192.0,192.9250030517578,188.5,188.8249969482422,174.20445251464844,12120710
2022-12-26,189.0,190.8000030517578,188.14999389648438,190.25,175.5191192626953,7261148
2022-12-27,191.25,193.6750030517578,190.125,193.3000030517578,178.33297729492188,7685840
2022-12-28,192.5,194.77499389648438,191.625,193.89999389648438,178.88650512695312,7676002
2022-12-29,193.125,196.0500030517578,192.39999389648438,195.375,180.247314453125,9485398
2022-12-30,196.5,198.14999389648438,195.77499389648438,196.375,181.16986083984375,8256556
2023-01-02,196.5,196.9499969482422,195.25,196.52499389648438,181.30824279785156,5559512
2023-01-03,196.52499389648438,198.875,195.85000610351562,198.52499389648438,183.1533966064453,5994422
2023-01-04,198.75,198.75,194.3000030517578,194.85000610351562,179.762939453125,8926522
2023-01-05,195.0,196.10000610351562,191.875,193.4499969482422,178.47134399414062,9568980
2023-01-06,193.5,194.39999389648438,190.6999969482422,191.0,176.21107482910156,8484754
2023-01-09,193.0,196.5,192.5500030517578,195.89999389648438,180.7316436767578,7347432
2023-01-10,196.0,196.9499969482422,193.6750030517578,196.52499389648438,181.30824279785156,7879496
2023-01-11,196.5,198.0,195.75,196.9250030517578,181.67730712890625,7656600
2023-01-12,197.875,198.9499969482422,195.25,197.25,181.9771270751953,9510500
2023-01-13,198.0,198.3000030517578,193.25,196.9499969482422,181.70034790039062,13621860
2023-01-16,195.0,200.5,194.5,199.3000030517578,183.86839294433594,23867444
2023-01-17,200.02499389648438,201.02499389648438,196.875,198.1750030517578,182.8304901123047,14310032
2023-01-18,199.25,201.9250030517578,199.0,201.60000610351562,185.99032592773438,16080426
2023-01-19,201.0500030517578,202.0,199.375,201.6999969482422,186.0825653076172,9447456
2023-01-20,201.77499389648438,202.6999969482422,200.64999389648438,201.5749969482422,185.9672393798828,9265614
2023-01-23,202.60000610351562,203.875,201.25,203.5,187.74317932128906,8815290
2023-01-24,204.1999969482422,205.10000610351562,202.5749969482422,203.3000030517578,188.02064514160156,9552640
2023-01-25,202.5,202.9499969482422,200.0,200.77499389648438,185.68539428710938,6355554
2023-01-27,200.77499389648438,201.8000030517578,197.10000610351562,199.02499389648438,184.06692504882812,7410134
2023-01-30,199.02499389648438,202.39999389648438,197.52499389648438,201.125,186.0091094970703,7261256
2023-01-31,201.14999389648438,201.27499389648438,198.85000610351562,199.4250030517578,184.43687438964844,9566846
2023-02-01,200.75,201.9499969482422,199.1750030517578,201.1999969482422,186.0784912109375,7029896
2023-02-02,201.1999969482422,205.0,201.1999969482422,204.72500610351562,189.3385467529297,10835460
2023-02-03,206.27499389648438,206.5,203.0749969482422,203.9499969482422,188.62179565429688,8850236
2023-02-06,202.6999969482422,203.10000610351562,200.8000030517578,202.3249969482422,187.11891174316406,5958022
2023-02-07,202.75,202.75,199.52499389648438,200.25,185.19989013671875,6683580
2023-02-08,200.5,203.8000030517578,200.5,203.375,188.0900115966797,8300976
2023-02-09,203.375,204.47500610351562,201.77499389648438,204.14999389648438,188.80674743652344,5277374
2023-02-10,203.5,203.5,201.39999389648438,202.89999389648438,187.6507110595703,5160140
2023-02-13,202.8249969482422,202.8249969482422,199.60000610351562,200.3000030517578,185.24610900878906,4825356
2023-02-14,201.5,203.22500610351562,200.75,202.5500030517578,187.32701110839844,4638822
2023-02-15,201.35000610351562,203.9250030517578,200.1750030517578,203.6999969482422,188.39056396484375,5227672
2023-02-16,204.39999389648438,206.625,204.27499389648438,204.9499969482422,189.546630859375,11189362
2023-02-17,203.4250030517578,204.0,202.0,203.14999389648438,187.8819122314453,5616244
2023-02-20,202.64999389648438,203.89999389648438,201.10000610351562,203.52499389648438,188.22872924804688,6497188
2023-02-21,203.6999969482422,204.0,201.0500030517578,201.375,186.2403106689453,5761172
2023-02-22,199.75,200.1750030517578,197.22500610351562,197.5749969482422,182.7259063720703,6883372
2023-02-23,197.89999389648438,199.35000610351562,196.6999969482422,196.97500610351562,182.1710205078125,6078322
2023-02-24,197.97500610351562,198.25,196.27499389648438,196.64999389648438,181.87045288085938,5106634
2023-02-27,196.375,196.64999389648438,192.72500610351562,195.1750030517578,180.50628662109375,5554710
2023-02-28,195.9250030517578,196.60000610351562,192.85000610351562,193.52499389648438,178.9803009033203,10061602
2023-03-01,194.0500030517578,195.875,193.64999389648438,195.47500610351562,180.7837677001953,4542612
2023-03-02,194.35000610351562,195.1750030517578,193.64999389648438,194.02499389648438,179.44271850585938,4438972
2023-03-03,195.3000030517578,195.72500610351562,194.5500030517578,195.22500610351562,180.5525360107422,4393936
2023-03-06,196.22500610351562,198.3249969482422,196.0500030517578,196.875,182.0785369873047,6727722
2023-03-08,195.8249969482422,196.5,194.4250030517578,196.3000030517578,181.5467529296875,4908842
2023-03-09,196.39999389648438,196.9250030517578,194.8000030517578,195.0500030517578,180.39068603515625,4157054
2023-03-10,193.9499969482422,194.9499969482422,193.3000030517578,194.5500030517578,179.9282684326172,4567396
2023-03-13,194.5,196.3000030517578,191.875,192.72500610351562,178.2404327392578,5982520
2023-03-14,193.27499389648438,193.5749969482422,188.6750030517578,189.72500610351562,175.46591186523438,8094852
2023-03-15,191.85000610351562,191.85000610351562,187.4499969482422,187.875,173.7549285888672,7687926
2023-03-16,187.6750030517578,188.35000610351562,185.0,186.4250030517578,172.41390991210938,7686620
2023-03-17,188.60000610351562,189.1750030517578,186.9250030517578,188.25,174.1017303466797,9044282
2023-03-20,187.5,187.97500610351562,182.5749969482422,183.5749969482422,169.77810668945312,8184754
2023-03-21,184.5,185.125,182.72500610351562,183.1999969482422,169.4312744140625,7211152
2023-03-22,183.9250030517578,185.0,182.9250030517578,183.1999969482422,169.4312744140625,5374846
2023-03-23,182.4499969482422,182.4499969482422,180.1750030517578,180.75,167.16543579101562,9485192
2023-03-24,181.6750030517578,183.4250030517578,180.5,180.875,167.28103637695312,7906696
2023-03-27,180.875,182.0,179.60000610351562,180.625,167.04981994628906,6227714
2023-03-28,181.5,182.02499389648438,177.6999969482422,178.10000610351562,164.714599609375,7813096
2023-03-29,179.0,180.375,177.5,179.52499389648438,166.032470703125,8823840
2023-03-31,181.6750030517578,182.875,180.64999389648438,182.625,168.89950561523438,7914212
2023-04-03,183.97500610351562,184.1999969482422,182.5749969482422,183.97500610351562,170.14805603027344,4053500
2023-04-05,184.85000610351562,185.9499969482422,183.60000610351562,184.875,170.9803924560547,6443110
2023-04-06,184.5,185.22500610351562,182.9250030517578,183.3249969482422,169.54689025878906,6429614
2023-04-10,184.0,187.1999969482422,183.8000030517578,186.64999389648438,172.62200927734375,5624940
2023-04-11,186.75,187.4250030517578,184.3000030517578,185.125,171.21160888671875,6784354
2023-04-12,185.3000030517578,186.72500610351562,184.6750030517578,186.0749969482422,172.09022521972656,5578210
2023-04-13,184.9499969482422,184.9499969482422,183.0,184.14999389648438,170.3098907470703,6724634
2023-04-17,179.97500610351562,180.97500610351562,176.0,180.6750030517578,167.09608459472656,13603290
2023-04-18,181.72500610351562,184.4499969482422,179.625,183.9499969482422,170.1249237060547,8024898
2023-04-19,183.9499969482422,183.9499969482422,180.1999969482422,180.39999389648438,166.8417205810547,7475944
2023-04-20,180.25,181.85000610351562,179.5,181.4250030517578,167.78970336914062,4423266
2023-04-21,182.0500030517578,184.35000610351562,181.8249969482422,184.02499389648438,170.19430541992188,5299988
2023-04-24,187.5,189.3000030517578,185.27499389648438,188.97500610351562,174.77227783203125,17779044
2023-04-25,189.10000610351562,189.4499969482422,187.0500030517578,187.8249969482422,173.70867919921875,7528552
2023-04-26,188.8249969482422,188.8249969482422,186.6999969482422,187.27499389648438,173.20001220703125,7008146
2023-04-27,188.1999969482422,188.3000030517578,186.02499389648438,187.1999969482422,173.13064575195312,8491700
2023-04-28,190.0,194.0,190.0,192.5,178.0323486328125,27709406
2023-05-02,194.5,196.0749969482422,193.72500610351562,194.1750030517578,179.5814666748047,9746608
2023-05-03,194.1750030517578,194.1750030517578,191.02499389648438,192.5500030517578,178.07858276367188,4828488
2023-05-04,192.375,193.0749969482422,191.52499389648438,191.85000610351562,177.4311981201172,6253358
2023-05-05,191.375,192.1999969482422,189.5,189.6999969482422,175.44277954101562,7902194
2023-05-08,190.5,191.5,189.8000030517578,190.1750030517578,175.882080078125,9613544
2023-05-09,191.25,191.72500610351562,190.02499389648438,191.14999389648438,176.78379821777344,5716698
2023-05-10,192.0,192.27499389648438,191.0,191.875,177.4542999267578,3670402
2023-05-11,192.85000610351562,193.4250030517578,191.5500030517578,192.3249969482422,177.8704833984375,4049964
2023-05-12,192.3000030517578,192.625,190.77499389648438,191.625,177.2230987548828,4580358
2023-05-15,191.625,193.5,191.25,192.875,178.37916564941406,5089694
2023-05-16,193.75,194.39999389648438,193.25,193.47500610351562,178.93405151367188,4059352
2023-05-17,193.10000610351562,193.6750030517578,190.6750030517578,191.14999389648438,176.78379821777344,5376102
2023-05-18,192.60000610351562,192.6750030517578,191.125,191.3000030517578,176.9225311279297,4237016
2023-05-19,192.39999389648438,194.10000610351562,191.75,193.10000610351562,178.58726501464844,7281582
2023-05-22,193.25,198.3000030517578,192.6999969482422,197.875,183.0033721923828,12197390
2023-05-23,198.5,201.0500030517578,198.02499389648438,198.8249969482422,183.88197326660156,12725634
2023-05-24,197.25,200.22500610351562,196.6750030517578,199.85000610351562,184.82992553710938,8256974
2023-05-25,199.5,199.5,196.3249969482422,197.0500030517578,182.24038696289062,13605054
2023-05-26,197.5749969482422,201.27499389648438,197.5,200.85000610351562,185.75479125976562,7926180
2023-05-29,202.0,203.0,199.6750030517578,199.89999389648438,184.8761749267578,7959308
2023-05-30,200.0,201.9250030517578,199.72500610351562,201.25,186.1247100830078,7378972
2023-05-31,200.875,202.39999389648438,200.25,201.8249969482422,186.65650939941406,11783582
2023-06-01,202.5,204.0,202.02499389648438,203.5749969482422,188.27499389648438,7065484
2023-06-02,204.35000610351562,204.89999389648438,202.0,202.47500610351562,187.25765991210938,6320754
2023-06-05,204.4499969482422,204.875,201.85000610351562,202.10000610351562,186.91082763671875,7252860
2023-06-06,201.6750030517578,201.6750030517578,197.77499389648438,199.97500610351562,184.94554138183594,13707400
2023-06-07,201.1999969482422,201.8000030517578,200.5,201.39999389648438,186.26344299316406,8215860
2023-06-08,202.0500030517578,202.375,199.375,199.77499389648438,184.7605743408203,10615052
2023-06-09,199.72500610351562,200.1750030517578,198.02499389648438,198.64999389648438,183.72012329101562,12018232
2023-06-12,199.89999389648438,199.89999389648438,197.3000030517578,197.8000030517578,182.9340057373047,11973622
2023-06-13,198.97500610351562,199.25,197.25,197.77499389648438,182.91087341308594,13016186
2023-06-14,198.14999389648438,198.5749969482422,196.35000610351562,198.22500610351562,183.3270721435547,18512564
2023-06-15,198.5500030517578,198.72500610351562,194.125,194.47500610351562,179.85891723632812,28702320
2023-06-16,192.77499389648438,194.3249969482422,189.5749969482422,190.64999389648438,176.3213653564453,41110648
2023-06-19,191.0,191.0,188.5500030517578,190.0749969482422,175.7895965576172,10629440
2023-06-20,190.89999389648438,192.47500610351562,190.3000030517578,191.25,176.87628173828125,11802658
2023-06-21,192.125,193.625,191.5500030517578,192.75,178.2635498046875,8829264
2023-06-22,193.0,193.0,190.8000030517578,191.14999389648438,176.78379821777344,9356174
2023-06-23,191.14999389648438,191.5,189.0500030517578,189.97500610351562,175.6970977783203,6470406
2023-06-26,190.0,190.9499969482422,189.52499389648438,190.4499969482422,176.13641357421875,4100400
2023-06-27,192.125,192.125,190.75,191.3000030517578,176.9225311279297,5880750
2023-06-28,191.875,191.875,190.39999389648438,190.85000610351562,176.50633239746094,7140112
2023-06-30,192.5,194.875,191.5,194.5749969482422,179.9513702392578,9070810
2023-07-03,196.9499969482422,196.9499969482422,194.75,195.8000030517578,181.0843505859375,9036924
2023-07-04,196.875,198.6750030517578,196.5,197.97500610351562,183.09585571289062,12617234
2023-07-05,197.0500030517578,197.6999969482422,195.9250030517578,196.9499969482422,182.14788818359375,12366958
2023-07-06,197.25,198.47500610351562,196.5749969482422,198.10000610351562,183.2114715576172,9037242
2023-07-07,197.5,198.72500610351562,196.60000610351562,197.9250030517578,183.04962158203125,9065220
2023-07-10,197.9250030517578,197.9250030517578,194.8249969482422,194.97500610351562,180.3213348388672,5630400
2023-07-11,195.0,196.39999389648438,193.9250030517578,196.02499389648438,181.29238891601562,9634838
2023-07-12,196.9499969482422,196.97500610351562,195.1750030517578,195.9250030517578,181.19992065429688,6848220
2023-07-13,195.9250030517578,199.3000030517578,195.625,197.14999389648438,182.33285522460938,13595726
2023-07-14,197.375,202.75,196.1750030517578,202.52499389648438,187.3038787841797,31366784
2023-07-17,203.5,212.47500610351562,202.89999389648438,207.625,192.02059936523438,45759860
2023-07-18,209.0,210.14999389648438,206.125,208.60000610351562,192.9223175048828,17769026
2023-07-19,210.0,210.5,207.0749969482422,208.97500610351562,193.26914978027344,10830990
2023-07-20,209.25,210.0,207.3249969482422,208.8249969482422,193.13040161132812,8255710
2023-07-21,202.5,207.1750030517578,200.5,202.35000610351562,187.14205932617188,23514212
2023-07-24,203.14999389648438,204.0,201.75,202.02499389648438,186.84146118164062,6808460
2023-07-25,202.75,202.75,200.0,200.1999969482422,185.15362548828125,6458200
2023-07-26,201.75,201.8000030517578,200.6999969482422,201.375,186.2403106689453,5329662
2023-07-27,202.0,203.3000030517578,199.5,199.97500610351562,184.94554138183594,8948358
2023-07-28,200.52499389648438,201.4250030517578,198.27499389648438,199.375,184.39064025878906,6760060
2023-07-31,199.875,203.0,199.47500610351562,202.52499389648438,187.3038787841797,6762180
2023-08-01,202.75,204.0,202.02499389648438,203.47500610351562,188.18247985839844,7181804
2023-08-02,202.9499969482422,202.9499969482422,199.5,201.39999389648438,186.26344299316406,5399618
2023-08-03,201.0,201.0,198.52499389648438,199.8249969482422,184.8068084716797,6821698
2023-08-04,200.4250030517578,205.0,200.14999389648438,204.4250030517578,189.0611114501953,12481540
2023-08-07,204.97500610351562,206.5,204.02499389648438,205.5749969482422,190.12466430664062,8822866
2023-08-08,206.1999969482422,208.75,204.97500610351562,208.1750030517578,192.5292510986328,15724284
2023-08-09,207.75,209.25,206.27499389648438,208.89999389648438,193.19973754882812,9309388
2023-08-10,208.5500030517578,210.39999389648438,207.77499389648438,209.3249969482422,193.59280395507812,9901644
2023-08-11,209.3249969482422,211.0749969482422,206.1750030517578,206.52499389648438,191.00326538085938,7571468
2023-08-14,206.625,208.10000610351562,204.75,207.5749969482422,191.97433471679688,5792180
2023-08-16,207.0749969482422,210.10000610351562,207.0,209.3249969482422,193.59280395507812,8131780
2023-08-17,209.3249969482422,210.1999969482422,207.25,208.77499389648438,193.0841522216797,6340960
2023-08-18,207.52499389648438,208.1750030517578,204.0,205.85000610351562,190.37899780273438,10602392
2023-08-21,205.89999389648438,208.6750030517578,205.8249969482422,207.3000030517578,191.72003173828125,7334260
2023-08-22,207.5,209.0500030517578,206.375,208.5500030517578,192.87606811523438,6350240
2023-08-23,208.625,208.97500610351562,207.3000030517578,207.625,192.02059936523438,6134234
2023-08-24,209.375,210.0,206.0,206.35000610351562,190.8414306640625,5776956
2023-08-25,205.0,205.64999389648438,203.5500030517578,204.85000610351562,189.4541778564453,6598510
2023-08-28,205.72500610351562,206.22500610351562,203.8249969482422,204.02499389648438,188.69114685058594,3401974
2023-08-29,204.8249969482422,205.9499969482422,203.5500030517578,204.0500030517578,188.7142791748047,3998562
2023-08-30,205.0,205.10000610351562,203.3249969482422,203.60000610351562,188.29811096191406,4018182
2023-08-31,204.0,205.0,203.22500610351562,204.1999969482422,188.85302734375,22061952
2023-09-01,203.97500610351562,208.875,203.75,208.1750030517578,192.5292510986328,8476130
2023-09-04,209.0,218.25,208.0,217.0500030517578,200.7372589111328,27634648
2023-09-05,217.89999389648438,218.75,215.14999389648438,215.9250030517578,199.69679260253906,17973426
2023-09-06,216.875,217.77499389648438,212.9499969482422,214.64999389648438,198.51759338378906,13531912
2023-09-07,214.97500610351562,216.85000610351562,213.375,216.4250030517578,200.1592254638672,9322650
2023-09-08,216.72500610351562,216.72500610351562,214.64999389648438,215.0,198.84130859375,5748410
2023-09-11,216.5,218.75,215.0500030517578,217.4250030517578,201.08404541015625,8253314
2023-09-12,218.5500030517578,220.75,213.4499969482422,217.5,201.15342712402344,14545328
2023-09-13,217.47500610351562,218.97500610351562,215.75,217.85000610351562,201.47711181640625,7445670
2023-09-14,219.1999969482422,221.625,217.64999389648438,218.22500610351562,201.8239288330078,14895010
2023-09-15,219.89999389648438,221.875,219.125,220.52499389648438,203.95106506347656,19835876
2023-09-18,220.52499389648438,220.52499389648438,217.60000610351562,218.0500030517578,201.66209411621094,6025196
2023-09-20,217.125,218.4250030517578,214.52499389648438,215.0500030517578,198.88755798339844,9102700
2023-09-21,214.9499969482422,215.625,211.52499389648438,214.47500610351562,198.3557891845703,8893070
2023-09-22,212.1999969482422,213.375,208.3000030517578,209.25,193.52345275878906,19818260
2023-09-25,209.25,209.875,206.0,207.0500030517578,191.48880004882812,9301132
2023-09-26,208.39999389648438,208.39999389648438,205.85000610351562,206.4499969482422,190.9339141845703,6480566
2023-09-27,206.125,208.27499389648438,205.14999389648438,207.8249969482422,192.20556640625,7773994
2023-09-28,208.25,208.25,202.0,202.6750030517578,187.44261169433594,16876116
2023-09-29,202.5,204.625,200.75,203.02499389648438,187.76632690429688,12780272
2023-10-03,203.22500610351562,204.0500030517578,201.8000030517578,202.72500610351562,187.48886108398438,5728104
2023-10-04,201.35000610351562,202.72500610351562,200.3249969482422,202.4499969482422,187.23451232910156,6905870
2023-10-05,203.97500610351562,205.1999969482422,202.5,203.39999389648438,188.1131134033203,8125304
2023-10-06,204.0,204.89999389648438,203.47500610351562,203.9250030517578,188.59866333007812,6365004
2023-10-09,202.10000610351562,205.5,201.6999969482422,202.8000030517578,187.5582275390625,6030450
2023-10-10,203.1999969482422,204.375,203.10000610351562,203.875,188.55242919921875,5128014
2023-10-11,204.5,211.97500610351562,204.5,210.5749969482422,194.74887084960938,19092228
2023-10-12,210.875,210.9499969482422,207.35000610351562,208.5500030517578,192.87606811523438,10234398
2023-10-13,205.9499969482422,207.1999969482422,204.52499389648438,205.52499389648438,190.07839965820312,10914054
2023-10-16,205.5,205.9499969482422,204.0749969482422,205.10000610351562,189.6853485107422,5277652
2023-10-17,205.85000610351562,206.9250030517578,205.52499389648438,205.6999969482422,190.2402801513672,5979388
2023-10-18,204.5,206.8249969482422,203.5,203.72500610351562,188.41371154785156,4881066
2023-10-19,195.97500610351562,198.375,195.0500030517578,197.64999389648438,182.79527282714844,25629102
2023-10-20,197.52499389648438,198.02499389648438,195.5,195.9250030517578,181.19992065429688,8429336
2023-10-23,195.4250030517578,196.5,191.10000610351562,191.5749969482422,177.17684936523438,8837826
2023-10-25,192.1999969482422,193.85000610351562,190.5500030517578,190.9250030517578,176.57571411132812,6678294
2023-10-26,189.39999389648438,190.27499389648438,187.52499389648438,189.125,174.91098022460938,10995582
2023-10-27,189.52499389648438,192.1750030517578,189.52499389648438,191.1750030517578,176.8069305419922,6202812
2023-10-30,192.0,192.1750030517578,190.1999969482422,191.0,176.6450653076172,4688744
2023-10-31,191.60000610351562,192.0500030517578,189.5749969482422,190.89999389648438,176.55259704589844,6153536
2023-11-01,191.9250030517578,192.77499389648438,190.0749969482422,190.47500610351562,176.1595458984375,4241952
2023-11-02,191.89999389648438,192.5749969482422,191.0500030517578,191.8249969482422,177.40805053710938,4742730
2023-11-03,193.0,193.35000610351562,191.3249969482422,191.77499389648438,177.36183166503906,5291528
2023-11-06,193.0,193.22500610351562,191.5,192.3249969482422,177.8704833984375,4939936
2023-11-07,192.4499969482422,193.5,191.4250030517578,191.64999389648438,177.2462158203125,5692178
2023-11-08,192.3000030517578,192.9250030517578,190.75,191.10000610351562,176.73756408691406,7102052
2023-11-09,191.5,192.0,189.85000610351562,190.4250030517578,176.11328125,9231126
2023-11-10,190.14999389648438,190.89999389648438,188.5,189.64999389648438,175.39651489257812,10710700
2023-11-13,191.3000030517578,191.4499969482422,190.0,190.8249969482422,176.4832305908203,3585902
2023-11-15,192.77499389648438,196.125,192.125,195.8249969482422,181.10743713378906,10792518
2023-11-16,195.8249969482422,199.75,194.64999389648438,198.5500030517578,183.62765502929688,13843576
2023-11-17,199.0,199.5,197.25,197.6999969482422,182.84153747558594,7886928
2023-11-20,196.60000610351562,200.5500030517578,196.60000610351562,200.10000610351562,185.0611572265625,8610496
2023-11-21,201.3000030517578,201.3000030517578,200.02499389648438,200.3249969482422,185.2692413330078,5440248
2023-11-22,201.25,201.3000030517578,199.5500030517578,200.125,185.08425903320312,5318582
2023-11-23,200.25,202.5,200.25,201.25,186.1247100830078,9677360
2023-11-24,201.25,201.75,197.77499389648438,198.0,183.1189727783203,6250566
2023-11-28,198.5,199.375,196.5500030517578,198.4250030517578,183.5120391845703,8145314
2023-11-29,199.0,204.27499389648438,199.0,203.125,187.8588104248047,15544086
2023-11-30,203.47500610351562,207.25,202.02499389648438,206.52499389648438,191.00326538085938,19825958
2023-12-01,206.875,206.875,203.25,203.8249969482422,188.50619506835938,9830426
2023-12-04,206.35000610351562,206.5,203.375,203.72500610351562,188.41371154785156,10662472
2023-12-05,203.6999969482422,204.5,201.0500030517578,202.1750030517578,186.98019409179688,11165368
2023-12-06,203.375,210.1999969482422,202.97500610351562,209.375,193.63906860351562,22082070
2023-12-07,210.0,210.75,208.3249969482422,209.125,193.4078369140625,11250552
2023-12-08,209.39999389648438,212.25,207.5,211.3000030517578,195.4193878173828,15479122
2023-12-11,210.0,211.10000610351562,208.625,210.3000030517578,194.4945526123047,10084242
2023-12-12,210.35000610351562,213.9499969482422,210.0749969482422,211.10000610351562,195.23443603515625,11903364
2023-12-13,211.77499389648438,212.14999389648438,207.5,209.8249969482422,194.0552520751953,9696816
2023-12-14,211.75,218.0,211.625,217.1999969482422,200.87596130371094,24681376
2023-12-15,218.02499389648438,224.75,216.75,223.27499389648438,206.49436950683594,41567234
2023-12-18,223.0,226.75,221.0,222.625,205.8932342529297,20182072
2023-12-19,222.8000030517578,223.6750030517578,217.5,219.35000610351562,202.8643798828125,16064694
2023-12-20,221.0,224.75,214.6750030517578,215.97500610351562,199.7430419921875,26449942
2023-12-21,214.4499969482422,218.25,213.60000610351562,217.0,200.6909942626953,10663008
2023-12-22,217.64999389648438,233.14999389648438,217.0,231.3249969482422,213.93939208984375,46080814
2023-12-26,227.0,237.89999389648438,224.1750030517578,235.0500030517578,217.38441467285156,54628644
2023-12-27,234.25,237.6999969482422,232.0500030517578,235.47500610351562,217.77748107910156,25262992
2023-12-28,236.27499389648438,238.6999969482422,233.8249969482422,234.72500610351562,217.08384704589844,16839956
2023-12-29,235.47500610351562,237.6750030517578,233.0500030517578,235.64999389648438,217.93930053710938,15961140
2024-01-01,236.5,241.75,234.14999389648438,238.5749969482422,220.64450073242188,20347278
2024-01-02,239.0,239.0,232.14999389648438,234.60000610351562,216.96823120117188,14282514
2024-01-03,231.9499969482422,231.9499969482422,227.5,227.9499969482422,210.8180389404297,19534364
2024-01-04,228.5,229.9250030517578,225.6999969482422,226.1999969482422,209.19955444335938,15170336
2024-01-05,227.52499389648438,231.5,226.75,228.3000030517578,211.1417236328125,16889130
2024-01-08,228.75,230.0,224.52499389648438,225.1750030517578,208.2515869140625,10082886
2024-01-09,229.0,231.25,224.97500610351562,225.375,208.4365692138672,14465048
2024-01-10,225.72500610351562,228.0,224.5,226.8000030517578,209.75445556640625,8874676
2024-01-11,227.47500610351562,228.4499969482422,223.35000610351562,224.10000610351562,207.25738525390625,8638818
2024-01-12,227.5,234.5,227.5,232.72500610351562,215.2341766357422,36086734
2024-01-15,255.97500610351562,264.5,244.5749969482422,247.3000030517578,228.71376037597656,127844264
2024-01-16,247.5,247.5,240.25,242.5,224.27450561523438,25912492
2024-01-17,237.5749969482422,245.75,236.0,241.1999969482422,223.07220458984375,28668932
2024-01-18,241.1999969482422,244.5,234.1999969482422,241.3249969482422,223.1878204345703,26144924
2024-01-19,244.0,246.6750030517578,241.8000030517578,242.52499389648438,224.29763793945312,15498620
2024-01-23,239.02499389648438,243.0,233.52499389648438,234.9499969482422,217.29193115234375,19972336
2024-01-24,235.5,239.5,234.02499389648438,239.02499389648438,221.5321044921875,11708750
2024-01-25,239.02499389648438,239.6750030517578,234.27499389648438,235.0,217.80169677734375,12852980
2024-01-29,235.0,238.5,235.0,236.5,219.19189453125,10051300
2024-01-30,237.1999969482422,241.4499969482422,235.75,236.25,218.96022033691406,11828014
2024-01-31,236.25,239.9499969482422,234.5,239.0749969482422,221.57846069335938,10584480
2024-02-01,238.77499389648438,238.85000610351562,235.3000030517578,235.6750030517578,218.42727661132812,7828120
2024-02-02,237.5,243.25,237.5,241.5749969482422,223.8955078125,16296222
2024-02-05,241.5,244.75,239.5749969482422,241.1750030517578,223.52476501464844,11566604
2024-02-06,242.35000610351562,250.89999389648438,241.5500030517578,249.8249969482422,231.54173278808594,29024038
2024-02-07,250.47500610351562,250.85000610351562,246.27499389648438,247.60000610351562,229.4795684814453,9103534
2024-02-08,247.9499969482422,250.0500030517578,242.5500030517578,244.4250030517578,226.5369415283203,11303840
2024-02-09,245.4499969482422,247.375,241.375,245.22500610351562,227.27838134765625,7893788
2024-02-12,245.5,255.39999389648438,245.5,250.72500610351562,232.37586975097656,48873500
2024-02-13,251.5500030517578,256.5,245.85000610351562,255.8000030517578,237.0794677734375,22373576
2024-02-14,251.97500610351562,258.5,248.52499389648438,257.25,238.42333984375,22594656
2024-02-15,258.4750061035156,261.42498779296875,256.5249938964844,259.25,240.27696228027344,14570776
2024-02-16,261.25,272.5,260.4750061035156,271.5,251.63047790527344,34942644
2024-02-19,272.95001220703125,272.95001220703125,265.67498779296875,267.9750061035156,248.36346435546875,18602758
2024-02-20,267.8999938964844,269.07501220703125,263.125,265.9750061035156,246.50982666015625,10374126
2024-02-21,267.95001220703125,268.1499938964844,259.75,260.70001220703125,241.62088012695312,13115574
2024-02-22,261.3999938964844,266.5,260.7250061035156,265.5249938964844,246.0927276611328,14596482
2024-02-23,267.5,270.625,266.6499938964844,268.07501220703125,248.45611572265625,19860994
2024-02-26,268.125,268.25,263.0249938964844,266.45001220703125,246.95004272460938,8820636
2024-02-27,267.0,268.70001220703125,263.7749938964844,265.7250061035156,246.27810668945312,10399260
2024-02-28,265.0,265.4750061035156,257.5,258.8500061035156,239.90623474121094,12789056
2024-02-29,258.6499938964844,262.125,256.6000061035156,259.29998779296875,240.3232879638672,14462764
2024-03-01,261.20001220703125,262.6000061035156,258.7749938964844,259.54998779296875,240.5550079345703,9420630
2024-03-04,261.4750061035156,263.20001220703125,259.2749938964844,260.25,241.2037811279297,5662370
2024-03-05,258.875,260.25,255.3249969482422,256.6499938964844,237.86724853515625,10521548
2024-03-06,256.8500061035156,257.42498779296875,250.0,256.57501220703125,237.79774475097656,11091922
2024-03-07,256.875,260.20001220703125,255.25,257.75,238.88674926757812,9707982
2024-03-11,258.70001220703125,259.4750061035156,256.1499938964844,257.2749938964844,238.44650268554688,11131512
2024-03-12,256.375,261.25,253.875,255.4250030517578,236.73190307617188,11652760
2024-03-13,256.8999938964844,259.3500061035156,248.39999389648438,252.1999969482422,233.742919921875,13580480
2024-03-14,250.5749969482422,259.45001220703125,247.5749969482422,258.9750061035156,240.0220947265625,12825472
2024-03-15,257.375,259.125,253.1999969482422,258.5,239.5818634033203,13649086
2024-03-18,259.0,259.2749938964844,254.5,255.10000610351562,236.43067932128906,6393960
2024-03-19,254.5,254.5,246.5749969482422,247.4250030517578,229.31739807128906,9617386
2024-03-20,248.02499389648438,250.625,244.60000610351562,246.75,228.6917724609375,8385344
2024-03-21,249.8249969482422,252.64999389648438,249.22500610351562,250.22500610351562,231.91244506835938,11644580
2024-03-22,244.625,245.375,239.77499389648438,243.5500030517578,225.72596740722656,28646502
2024-03-26,243.0,245.47500610351562,239.52499389648438,239.9250030517578,222.3662567138672,18273346
2024-03-27,239.85000610351562,240.47500610351562,235.625,236.14999389648438,218.8675079345703,14320668
2024-03-28,238.35000610351562,241.52499389648438,237.64999389648438,240.0500030517578,222.4821319580078,15455150
2024-04-01,241.85000610351562,243.1999969482422,240.77499389648438,242.47500610351562,224.72962951660156,6041008
2024-04-02,240.97500610351562,241.35000610351562,239.8000030517578,240.60000610351562,222.9918670654297,6932654
2024-04-03,240.0,243.85000610351562,237.97500610351562,241.60000610351562,223.91867065429688,13794516
2024-04-04,242.89999389648438,245.97500610351562,239.8000030517578,243.6999969482422,225.864990234375,16004046
2024-04-05,243.25,243.5749969482422,241.27499389648438,242.52499389648438,224.77598571777344,6414344
2024-04-08,245.0,245.8000030517578,239.10000610351562,239.9499969482422,222.38941955566406,26640770
2024-04-09,241.97500610351562,242.625,237.60000610351562,237.89999389648438,220.4894561767578,15801250
2024-04-10,238.75,239.72500610351562,236.5500030517578,238.64999389648438,221.18455505371094,10771534
2024-04-12,237.5,240.0,235.0,235.375,218.14926147460938,13170046
2024-04-15,233.22500610351562,234.1750030517578,229.10000610351562,229.6750030517578,212.86639404296875,12176472
2024-04-16,226.52499389648438,229.25,222.39999389648438,224.1750030517578,207.76890563964844,21439424
2024-04-18,226.25,227.72500610351562,221.4250030517578,222.1750030517578,205.91526794433594,21986258
2024-04-19,220.0,226.9499969482422,218.5,226.375,209.8079071044922,20470106
2024-04-22,226.375,233.0749969482422,225.0,231.0,214.0944366455078,18881740
2024-04-23,233.39999389648438,233.39999389648438,230.10000610351562,231.0500030517578,214.14076232910156,10322712
2024-04-24,231.9499969482422,232.3249969482422,229.3000030517578,229.9499969482422,213.12127685546875,5915168
2024-04-25,229.4499969482422,231.27499389648438,227.89999389648438,230.5,213.6310272216797,11805090
2024-04-26,230.9499969482422,237.89999389648438,230.8000030517578,232.3000030517578,215.29928588867188,21478294
2024-04-29,233.8249969482422,234.0,230.8000030517578,231.47500610351562,214.53465270996094,7249940
2024-04-30,231.5,233.375,230.75,231.1999969482422,214.27980041503906,8902956
2024-05-02,231.1999969482422,231.5,227.72500610351562,228.6999969482422,211.96273803710938,14937276
2024-05-03,230.1999969482422,231.0,226.60000610351562,228.6750030517578,211.93959045410156,9730626
2024-05-06,229.39999389648438,231.3000030517578,228.0,229.3249969482422,212.5419921875,6918126
2024-05-07,230.89999389648438,232.6750030517578,227.0,231.9499969482422,214.9748992919922,9278528
2024-05-08,232.5,233.1999969482422,230.64999389648438,231.60000610351562,214.6505126953125,8205680
2024-05-09,230.875,232.1999969482422,227.02499389648438,227.9499969482422,211.26763916015625,9233484
2024-05-10,228.02499389648438,228.75,225.14999389648438,225.9250030517578,209.39085388183594,6654714
2024-05-13,225.9250030517578,226.625,222.5,225.97500610351562,209.43716430664062,7111608
2024-05-14,226.35000610351562,229.9499969482422,226.10000610351562,228.1750030517578,211.47616577148438,4909420
2024-05-15,228.1750030517578,229.875,227.3249969482422,229.14999389648438,212.3798065185547,4793424
2024-05-16,231.0,233.75,228.0500030517578,232.22500610351562,215.2297821044922,14621472
2024-05-17,232.1999969482422,232.1999969482422,230.02499389648438,230.5,213.6310272216797,6876820
2024-05-21,231.5,232.39999389648438,229.85000610351562,230.4499969482422,213.5846710205078,8467448
2024-05-22,231.4499969482422,231.72500610351562,229.4250030517578,230.64999389648438,213.77001953125,7765884
2024-05-23,231.25,234.0,230.875,232.89999389648438,215.85536193847656,13171332
2024-05-24,233.5,235.25,231.0,231.8249969482422,214.85903930664062,8205526
2024-05-27,231.0,231.0749969482422,225.8000030517578,226.22500610351562,209.66888427734375,40983758
2024-05-28,227.0,228.625,226.5500030517578,228.02499389648438,211.33714294433594,15778126
2024-05-29,227.0,227.75,224.75,225.39999389648438,208.90423583984375,9756036
2024-05-30,224.5,224.75,217.5500030517578,218.47500610351562,202.48606872558594,20724568
2024-05-31,218.77499389648438,221.0749969482422,217.75,219.10000610351562,203.06532287597656,21438004
2024-06-03,225.10000610351562,225.27499389648438,220.77499389648438,222.0500030517578,205.79942321777344,8964424
2024-06-04,222.9499969482422,222.9499969482422,208.5,219.0749969482422,203.04214477539062,17730732
2024-06-05,219.85000610351562,227.5,219.52499389648438,225.75,209.22862243652344,12267428
2024-06-06,227.47500610351562,231.0,226.3000030517578,230.5,213.6310272216797,15425568
2024-06-07,235.0,243.1999969482422,234.14999389648438,242.27499389648438,224.5442657470703,72672440
2024-06-10,244.1999969482422,244.1999969482422,236.6750030517578,237.625,220.23458862304688,18311752
2024-06-11,239.60000610351562,239.60000610351562,237.1750030517578,238.02499389648438,220.6053009033203,9371714
2024-06-12,239.0,242.1999969482422,237.77499389648438,238.4499969482422,220.9991912841797,13875116
2024-06-13,240.0,242.6750030517578,239.0749969482422,241.3000030517578,223.640625,12995932
2024-06-14,242.5,242.8000030517578,238.10000610351562,238.75,221.27723693847656,11322596
2024-06-18,240.5,246.5,240.02499389648438,245.9250030517578,227.92715454101562,31870984
2024-06-19,246.125,248.5749969482422,243.375,247.875,229.7344207763672,20880284
2024-06-20,248.75,248.75,244.125,245.1999969482422,227.25518798828125,12571126
2024-06-21,248.97500610351562,250.47500610351562,244.5500030517578,245.27499389648438,227.32472229003906,95171176
2024-06-24,245.0500030517578,247.4499969482422,244.72500610351562,245.27499389648438,227.32472229003906,9934518
2024-06-25,245.27499389648438,249.0,244.64999389648438,248.4250030517578,230.2441864013672,9258210
2024-06-26,248.4250030517578,249.9499969482422,246.89999389648438,247.60000610351562,229.4795684814453,12812090
2024-06-27,246.0749969482422,255.97500610351562,244.60000610351562,255.39999389648438,236.70872497558594,42137138
2024-06-28,256.0,258.1499938964844,252.9250030517578,257.42498779296875,238.5855255126953,16405832
2024-07-01,258.95001220703125,267.8999938964844,257.04998779296875,263.67498779296875,244.37811279296875,30757528
2024-07-02,264.6499938964844,272.5,264.1499938964844,269.1000061035156,249.40609741210938,36276968
2024-07-03,270.95001220703125,272.7250061035156,267.75,269.5,249.7768096923828,16049384
2024-07-04,270.70001220703125,274.3999938964844,264.54998779296875,265.3500061035156,245.93055725097656,19524632
2024-07-05,265.67498779296875,268.25,264.7250061035156,267.54998779296875,247.96951293945312,10376090
2024-07-08,267.9750061035156,271.5,267.5,270.6000061035156,250.7963409423828,12176360
2024-07-09,272.0,272.4750061035156,268.79998779296875,270.5,250.70364379882812,8681444
2024-07-10,270.5,271.67498779296875,265.875,267.7749938964844,248.17808532714844,9233748
2024-07-11,268.3500061035156,269.7749938964844,265.0,267.04998779296875,247.50613403320312,8807618
2024-07-12,272.5,282.3999938964844,270.7749938964844,280.07501220703125,259.57794189453125,54186042
2024-07-15,283.45001220703125,283.45001220703125,278.07501220703125,279.8500061035156,259.369384765625,16099478
2024-07-16,280.92498779296875,281.29998779296875,278.20001220703125,279.8500061035156,259.369384765625,11239032
2024-07-18,278.2749938964844,287.20001220703125,278.17498779296875,286.6000061035156,265.6253967285156,25019786
2024-07-19,289.95001220703125,289.95001220703125,277.3500061035156,278.6000061035156,258.2108459472656,26523490
2024-07-22,260.5,263.375,250.77499389648438,252.89999389648438,234.39169311523438,76014568
2024-07-23,254.0,254.0,243.1750030517578,250.27499389648438,231.95880126953125,25847632
2024-07-24,251.25,253.1750030517578,249.9250030517578,250.0500030517578,231.75027465820312,12240276
2024-07-25,248.0,253.75,246.64999389648438,253.4250030517578,234.87826538085938,21887890
2024-07-26,255.0,264.2749938964844,254.25,262.3999938964844,243.19642639160156,26153996
2024-07-29,264.0,265.2749938964844,261.42498779296875,262.20001220703125,243.01107788085938,12011554
2024-07-30,262.20001220703125,263.4750061035156,259.875,260.75,241.66717529296875,10816526
2024-07-31,260.8999938964844,262.45001220703125,259.7250061035156,261.0,241.89889526367188,7758508
2024-08-01,261.5,263.3999938964844,258.75,260.7749938964844,241.6903533935547,10759752
2024-08-02,257.5,259.625,250.5,251.0749969482422,232.7002410888672,15652228
2024-08-05,245.0,247.9250030517578,240.125,242.5,224.7528076171875,21938080
2024-08-06,244.875,249.6750030517578,243.3000030517578,244.75,226.838134765625,11271584
2024-08-07,249.35000610351562,250.0500030517578,246.3249969482422,248.6999969482422,230.4990692138672,7079826
2024-08-08,247.0,247.0,243.1750030517578,243.64999389648438,225.81863403320312,13160570
2024-08-09,247.6750030517578,248.22500610351562,244.8249969482422,245.64999389648438,227.67227172851562,6065948
2024-08-12,245.77499389648438,247.0,243.6999969482422,244.52499389648438,226.6295928955078,7338468
2024-08-13,244.52499389648438,246.35000610351562,243.5749969482422,245.25,227.30154418945312,6289418
2024-08-14,246.5,248.4250030517578,245.22500610351562,247.5749969482422,229.45640563964844,11121756
2024-08-16,250.5,258.7250061035156,248.97500610351562,258.125,239.2342987060547,25931140
2024-08-19,258.0,261.6000061035156,256.8500061035156,259.875,240.85623168945312,11466562
2024-08-20,259.95001220703125,263.79998779296875,259.82501220703125,262.32501220703125,243.126953125,9543812
2024-08-21,261.70001220703125,264.04998779296875,260.5249938964844,263.17498779296875,243.91470336914062,6454402
2024-08-22,263.8999938964844,265.2749938964844,259.0249938964844,259.5,240.5086669921875,11496506
2024-08-23,259.95001220703125,260.7250061035156,255.6750030517578,256.20001220703125,237.45018005371094,11277706
2024-08-26,258.0,262.3999938964844,257.9750061035156,260.0,240.97207641601562,17351380
2024-08-27,260.0,261.625,258.0,258.57501220703125,239.65138244628906,7965796
2024-08-28,260.0,269.04998779296875,258.92498779296875,267.29998779296875,247.73780822753906,34375566
2024-08-29,267.5,270.9750061035156,267.0249938964844,269.3500061035156,249.6378173828125,25685318
2024-08-30,270.8500061035156,271.0,267.8500061035156,269.20001220703125,249.498779296875,19434804
2024-09-02,269.20001220703125,271.0,265.92498779296875,266.2250061035156,246.7415008544922,15735982
2024-09-03,266.5,270.42498779296875,264.75,268.0249938964844,248.40975952148438,15056686
2024-09-04,264.0,264.125,258.375,259.57501220703125,240.57818603515625,20402128
2024-09-05,260.6000061035156,263.0,259.75,262.42498779296875,243.21958923339844,12069118
2024-09-06,262.42498779296875,264.95001220703125,259.2250061035156,260.29998779296875,241.25010681152344,14579954
2024-09-09,258.54998779296875,260.875,256.7250061035156,257.42498779296875,238.5855255126953,11919540
2024-09-10,258.3999938964844,264.0,257.0,262.875,243.63668823242188,10287272
2024-09-11,262.5,263.125,256.625,257.17498779296875,238.3538055419922,8261524
2024-09-12,260.2250061035156,266.0,258.875,265.0249938964844,245.6293487548828,15779474
2024-09-13,266.8999938964844,276.25,265.42498779296875,275.29998779296875,255.15237426757812,35919706
2024-09-16,276.5,278.42498779296875,274.5,275.95001220703125,255.7548065185547,11088578
2024-09-17,274.5,277.45001220703125,273.5249938964844,275.95001220703125,255.7548065185547,8728238
2024-09-18,274.5249938964844,274.5249938964844,266.32501220703125,269.07501220703125,249.38296508789062,16665520
2024-09-19,272.1000061035156,275.7250061035156,264.57501220703125,266.67498779296875,247.1585693359375,20969182
2024-09-20,268.95001220703125,270.375,265.5,269.54998779296875,249.8231658935547,16664232
2024-09-23,269.54998779296875,270.20001220703125,266.0,267.45001220703125,247.8768768310547,8544290
2024-09-24,266.1000061035156,270.95001220703125,264.67498779296875,269.7749938964844,250.0316925048828,12355694
2024-09-25,269.3999938964844,269.70001220703125,265.375,268.1000061035156,248.47930908203125,8065196
2024-09-26,269.3500061035156,271.54998779296875,267.8500061035156,270.95001220703125,251.12071228027344,11403400
2024-09-27,274.45001220703125,279.45001220703125,270.3500061035156,270.8999938964844,251.07437133789062,26462384
2024-09-30,269.0,272.25,267.0,270.7250061035156,250.9121856689453,8199446
2024-10-01,270.1000061035156,274.79998779296875,270.1000061035156,273.375,253.3682403564453,9411274
2024-10-03,270.04998779296875,271.20001220703125,263.125,265.07501220703125,245.67567443847656,14035368
2024-10-04,264.0249938964844,270.9750061035156,264.0249938964844,266.7749938964844,247.25125122070312,11922754
2024-10-07,269.0,270.8500061035156,262.9750061035156,265.7250061035156,246.27810668945312,9878074
2024-10-08,265.7749938964844,266.8999938964844,260.1499938964844,263.4750061035156,244.19276428222656,11502804
2024-10-09,264.8999938964844,269.3500061035156,264.25,265.57501220703125,246.1390838623047,8841688
2024-10-10,267.5,268.79998779296875,261.7250061035156,262.5,243.28912353515625,12620244
2024-10-11,260.17498779296875,267.20001220703125,260.17498779296875,264.1499938964844,244.818359375,8436982
2024-10-14,269.3500061035156,275.92498779296875,268.1499938964844,274.7749938964844,254.665771484375,33136266
2024-10-15,276.42498779296875,276.42498779296875,265.42498779296875,266.4750061035156,246.9732208251953,21601252
2024-10-16,266.5,269.3999938964844,264.5,266.07501220703125,246.60250854492188,12553622
2024-10-17,267.4750061035156,269.0,262.5249938964844,264.375,245.0269012451172,23755278
2024-10-18,266.0,279.20001220703125,262.3999938964844,274.32501220703125,254.24871826171875,74653054
2024-10-21,275.79998779296875,280.95001220703125,273.5,274.04998779296875,253.9938507080078,23966964
2024-10-22,274.8999938964844,277.75,271.92498779296875,272.7250061035156,252.7657928466797,18478300
2024-10-23,273.75,277.25,271.1000061035156,273.6000061035156,253.57679748535156,12698576
2024-10-24,273.6000061035156,275.25,272.57501220703125,273.45001220703125,253.43775939941406,9576604
2024-10-25,274.875,276.0,270.25,271.7250061035156,251.83900451660156,10124540
2024-10-28,271.7250061035156,279.8999938964844,271.3500061035156,279.29998779296875,258.859619140625,11185858
2024-10-29,279.8999938964844,281.70001220703125,276.625,281.1000061035156,260.52789306640625,12055630
2024-10-30,281.25,289.375,280.54998779296875,282.625,261.9412841796875,20755492
2024-10-31,282.3999938964844,283.1499938964844,274.1499938964844,275.8999938964844,255.70843505859375,15680094
2024-11-01,275.8500061035156,277.45001220703125,275.0,275.67498779296875,255.49990844726562,1962810
2024-11-04,275.5,276.2250061035156,267.1000061035156,270.3999938964844,250.6109619140625,9855560
2024-11-05,271.5,272.67498779296875,270.20001220703125,271.8500061035156,251.95484924316406,6862260
2024-11-06,273.7250061035156,282.92498779296875,270.5,281.95001220703125,261.3157043457031,19554884
2024-11-07,283.0,284.8500061035156,277.2250061035156,281.70001220703125,261.083984375,11997142
2024-11-08,282.5,289.3999938964844,282.5,284.5,263.6790771484375,20852658
2024-11-11,284.5,291.6000061035156,283.0249938964844,286.75,265.764404296875,16139444
2024-11-12,287.5,289.8500061035156,284.5249938964844,285.32501220703125,264.4436950683594,11260890
2024-11-13,285.0,286.79998779296875,282.7749938964844,284.5,263.6790771484375,11391200
2024-11-14,284.4750061035156,287.2749938964844,282.1000061035156,283.3500061035156,262.6132507324219,9783520
2024-11-18,283.3500061035156,283.3500061035156,270.1499938964844,276.42498779296875,256.19500732421875,15289764
2024-11-19,278.0,284.8999938964844,277.3500061035156,281.0,260.4352111816406,12919778
2024-11-21,281.0,283.79998779296875,277.6499938964844,278.57501220703125,258.18768310546875,11672608
2024-11-22,280.9750061035156,286.79998779296875,278.95001220703125,285.82501220703125,264.9071044921875,14733232
2024-11-25,287.75,293.7749938964844,286.95001220703125,291.2250061035156,269.9118957519531,23297474
2024-11-26,292.5,295.17498779296875,289.6499938964844,294.5,272.94720458984375,15771340
2024-11-27,295.75,298.0,290.95001220703125,291.45001220703125,270.12042236328125,13659676
2024-11-28,292.875,293.0,285.2749938964844,286.1000061035156,265.1619873046875,11896556
2024-11-29,287.5,290.375,285.79998779296875,288.92498779296875,267.78021240234375,8540112
2024-12-02,291.2250061035156,292.7749938964844,289.1000061035156,292.2749938964844,270.88507080078125,11194000
2024-12-03,295.3500061035156,296.20001220703125,289.29998779296875,291.6499938964844,270.3057861328125,15445286
2024-12-04,294.6499938964844,297.0,291.79998779296875,294.0,272.4837951660156,14036431
2024-12-05,295.0,300.8999938964844,293.8999938964844,299.29998779296875,277.39593505859375,13487264
2024-12-06,299.1499938964844,299.1499938964844,296.20001220703125,297.3500061035156,275.588623046875,7894350
2024-12-09,295.0,305.70001220703125,293.75,303.75,281.520263671875,9285213
2024-12-10,306.0,311.0,303.45001220703125,308.1000061035156,285.5519104003906,17028502
2024-12-11,308.1499938964844,309.8999938964844,305.54998779296875,309.0,286.3860778808594,8608406
2024-12-12,308.0,313.79998779296875,307.45001220703125,309.1000061035156,286.47869873046875,12958440
2024-12-13,309.1000061035156,311.04998779296875,304.20001220703125,309.95001220703125,287.26654052734375,7382211
2024-12-16,310.0,311.3999938964844,307.1000061035156,309.20001220703125,286.5714416503906,7221189
2024-12-17,311.0,312.25,307.29998779296875,308.8500061035156,286.24700927734375,10568517
2024-12-18,309.0,313.25,308.54998779296875,312.6000061035156,289.72259521484375,10965226
2024-12-19,306.3500061035156,313.3999938964844,301.1499938964844,312.75,289.8616027832031,12405595
2024-12-20,315.5,320.0,304.3999938964844,305.20001220703125,282.8641662597656,22214824
2024-12-23,306.6000061035156,310.6499938964844,305.0,307.8999938964844,285.3665466308594,6693583
2024-12-24,307.5,309.20001220703125,302.79998779296875,305.29998779296875,282.9568176269531,8837902
2024-12-26,305.3999938964844,306.95001220703125,304.0,305.04998779296875,282.72509765625,6516148
2024-12-27,305.20001220703125,310.8999938964844,304.70001220703125,309.1000061035156,286.47869873046875,8063921
2024-12-30,309.1000061035156,309.3999938964844,302.6499938964844,303.70001220703125,281.4739074707031,13709891
2024-12-31,300.95001220703125,303.0,295.25,301.8500061035156,279.75933837890625,9337030
2025-01-01,300.0,303.3500061035156,298.95001220703125,300.29998779296875,278.3227233886719,7878201
2025-01-02,298.0,304.45001220703125,297.1499938964844,303.79998779296875,281.56658935546875,8800435
2025-01-03,303.29998779296875,303.79998779296875,294.0,294.45001220703125,272.9009094238281,12535720
2025-01-06,295.0,297.79998779296875,290.54998779296875,294.29998779296875,272.7618713378906,9173687
2025-01-07,294.29998779296875,297.5,291.29998779296875,294.04998779296875,272.5301513671875,7381943
2025-01-08,293.0,298.45001220703125,289.29998779296875,297.54998779296875,275.7740173339844,7937785
2025-01-09,297.0,298.0,291.3500061035156,292.29998779296875,270.9082336425781,7964702
2025-01-10,294.29998779296875,303.25,294.29998779296875,300.54998779296875,278.554443359375,19505556
2025-01-13,298.95001220703125,299.25,290.25,291.8500061035156,270.49114990234375,9541248
2025-01-14,291.79998779296875,294.54998779296875,286.54998779296875,292.8500061035156,271.41796875,7670070
2025-01-15,293.0,294.70001220703125,289.70001220703125,292.6499938964844,271.2325744628906,4662694
2025-01-16,295.8999938964844,296.5,286.70001220703125,288.04998779296875,266.96923828125,10345666
2025-01-17,287.79998779296875,287.79998779296875,280.5,281.95001220703125,261.3157043457031,9358955
2025-01-20,302.0,305.3999938964844,296.95001220703125,300.25,278.2763977050781,39380165
2025-01-21,302.3999938964844,305.8500061035156,297.79998779296875,298.3500061035156,276.5154724121094,15619474
2025-01-22,299.3500061035156,310.0,299.3500061035156,309.1000061035156,286.47869873046875,30859317
2025-01-23,311.1000061035156,324.6000061035156,310.6499938964844,317.70001220703125,294.4493713378906,39904371
2025-01-24,319.0,322.5,316.6000061035156,320.1000061035156,296.6736755371094,17479586
2025-01-27,317.79998779296875,319.1499938964844,306.75,307.95001220703125,285.4128723144531,12372895
2025-01-28,304.0,307.6000061035156,301.54998779296875,303.6000061035156,286.9725341796875,12077491
2025-01-29,305.04998779296875,314.70001220703125,305.04998779296875,312.45001220703125,295.33782958984375,16338112
2025-01-30,311.0,313.70001220703125,305.95001220703125,309.0,292.0767822265625,9984186
2025-01-31,311.70001220703125,315.70001220703125,309.54998779296875,311.8999938964844,294.8179626464844,15597644
2025-02-01,312.54998779296875,313.25,303.3500061035156,304.79998779296875,288.1067810058594,6046117
2025-02-03,303.0,314.0,300.29998779296875,313.6000061035156,296.4248352050781,14877076
2025-02-04,318.0,318.8500061035156,313.3500061035156,316.25,298.9297180175781,15366864
2025-02-05,317.79998779296875,321.45001220703125,314.8999938964844,317.1000061035156,299.733154296875,9628027
2025-02-06,320.0,323.6000061035156,314.54998779296875,317.95001220703125,300.53662109375,15062390
2025-02-07,319.0,319.0,314.0,318.0,300.5838623046875,8589587
2025-02-10,318.79998779296875,321.0,315.8500061035156,319.04998779296875,301.5763244628906,12304840
2025-02-11,319.5,320.3999938964844,311.6000061035156,313.0,295.85772705078125,10627890
2025-02-12,313.45001220703125,315.75,309.3500061035156,310.20001220703125,293.2110900878906,9668342
2025-02-13,310.29998779296875,313.6499938964844,306.95001220703125,308.54998779296875,291.65142822265625,8832731
2025-02-14,310.04998779296875,312.3999938964844,304.54998779296875,308.1000061035156,291.2261047363281,7371341
2025-02-17,308.1000061035156,310.29998779296875,302.0,305.3500061035156,288.626708984375,7507772
2025-02-18,305.3500061035156,312.75,305.3500061035156,312.20001220703125,295.1015625,10368789
2025-02-19,311.25,316.5,308.29998779296875,314.1000061035156,296.8974609375,7835672
2025-02-20,311.20001220703125,314.29998779296875,310.25,313.29998779296875,296.1412353515625,7697134
2025-02-21,312.79998779296875,312.79998779296875,305.04998779296875,306.3500061035156,289.5719299316406,8722925
2025-02-24,302.95001220703125,303.29998779296875,293.3500061035156,295.04998779296875,278.8907775878906,12600963
2025-02-25,294.3500061035156,296.29998779296875,290.1000061035156,291.29998779296875,275.34619140625,10810040
2025-02-27,294.0,295.79998779296875,291.3500061035156,294.5,278.3709411621094,15555649
2025-02-28,294.0,294.0,277.0,277.6499938964844,262.4437561035156,17458839
2025-03-03,279.45001220703125,286.3500061035156,279.29998779296875,283.54998779296875,268.0205993652344,11471554
2025-03-04,279.0,283.1000061035156,276.29998779296875,280.0,264.6650390625,9331785
2025-03-05,281.3999938964844,286.95001220703125,278.6499938964844,285.1000061035156,269.4857482910156,10285712
2025-03-06,288.45001220703125,292.0,283.5,285.8999938964844,270.2419128417969,9782051
2025-03-07,287.3999938964844,287.70001220703125,282.8999938964844,284.79998779296875,269.2021484375,8097300
2025-03-10,284.45001220703125,285.6499938964844,277.95001220703125,280.8999938964844,265.5157775878906,8165123
2025-03-11,277.0,279.29998779296875,273.20001220703125,277.75,262.53826904296875,8602609
2025-03-12,277.70001220703125,277.70001220703125,262.20001220703125,268.54998779296875,253.84213256835938,18584311
2025-03-13,268.54998779296875,271.1000061035156,263.3500061035156,264.0,249.5413360595703,8683943
2025-03-17,264.0,265.20001220703125,258.8999938964844,259.8500061035156,245.61862182617188,12697926
2025-03-18,259.8500061035156,259.8500061035156,259.8500061035156,259.8500061035156,245.61862182617188,0
2025-03-19,262.0,266.5,256.25,265.70001220703125,251.1482391357422,14044300
2025-03-20,269.20001220703125,273.95001220703125,267.5,268.0,253.322265625,17038774
2025-03-21,264.0,269.54998779296875,260.20001220703125,264.29998779296875,249.82489013671875,22659168
2025-03-24,267.04998779296875,271.6499938964844,265.3999938964844,269.3999938964844,254.6455841064453,9269617
2025-03-25,272.0,274.70001220703125,269.3500061035156,271.0,256.157958984375,12563930
2025-03-26,272.0,272.25,266.75,267.3999938964844,252.75511169433594,7308412
2025-03-27,270.0,273.54998779296875,269.6000061035156,272.20001220703125,257.292236328125,14783522
2025-03-28,271.0,271.8500061035156,261.6000061035156,262.25,247.88717651367188,14283389
2025-04-01,260.3500061035156,263.0,258.5,262.6000061035156,248.21800231933594,8388635
2025-04-02,262.79998779296875,265.54998779296875,261.1000061035156,263.6000061035156,249.1632537841797,7136992
2025-04-03,259.8999938964844,260.5,255.3000030517578,256.3500061035156,242.31031799316406,12262561
2025-04-04,253.0,253.9499969482422,244.85000610351562,246.3000030517578,232.8107147216797,14639785
2025-04-07,231.0500030517578,243.85000610351562,228.0,242.89999389648438,229.59690856933594,13011904
2025-04-08,244.75,249.5,243.85000610351562,247.25,233.7086944580078,13806651
2025-04-09,240.6999969482422,242.3000030517578,234.0,236.64999389648438,223.68922424316406,19063559
2025-04-11,245.0,245.0,238.35000610351562,239.75,226.61944580078125,11205821
2025-04-15,245.0500030517578,245.0500030517578,241.35000610351562,244.0,230.63668823242188,10694621
2025-04-16,244.0,248.4499969482422,241.1999969482422,247.64999389648438,234.08677673339844,16203319
2025-04-17,235.0,237.8000030517578,232.14999389648438,236.89999389648438,223.92552185058594,54875421
2025-04-21,237.39999389648438,240.8000030517578,237.39999389648438,238.4499969482422,225.39064025878906,16298364
2025-04-22,238.4499969482422,239.0,233.5,234.14999389648438,221.32614135742188,18367713
2025-04-23,237.1999969482422,245.35000610351562,236.10000610351562,243.60000610351562,230.2585906982422,31898042
2025-04-24,244.8000030517578,245.14999389648438,241.5,242.75,229.4551239013672,23000820
2025-04-25,243.9499969482422,246.14999389648438,238.0500030517578,240.89999389648438,227.70645141601562,16620430
2025-04-28,240.5,241.9499969482422,238.75,240.5,227.328369140625,14218414
2025-04-29,241.60000610351562,243.60000610351562,239.85000610351562,241.39999389648438,228.1790771484375,16647246
2025-04-30,241.5500030517578,243.39999389648438,239.1999969482422,241.5,228.2736053466797,14206640
2025-05-02,242.0399932861328,245.8000030517578,240.75,241.67999267578125,228.4437255859375,10822257
2025-05-05,244.0,246.8699951171875,242.6999969482422,243.57000732421875,230.23023986816406,12170446
2025-05-06,244.5,245.89999389648438,240.61000061035156,241.19000244140625,227.9805908203125,8869045
2025-05-07,236.00999450683594,244.4499969482422,236.00999450683594,244.0399932861328,230.6744842529297,9130056
2025-05-08,243.11000061035156,245.8300018310547,239.30999755859375,241.57000732421875,228.3397674560547,11434833
2025-05-09,236.60000610351562,242.9499969482422,236.5,242.00999450683594,228.7556610107422,10582438
2025-05-12,245.08999633789062,257.94000244140625,244.8800048828125,257.2799987792969,243.1893768310547,19791711
2025-05-13,256.95001220703125,256.95001220703125,250.6199951171875,251.57000732421875,237.79209899902344,11714159
2025-05-14,251.57000732421875,253.69000244140625,250.75,252.94000244140625,239.08705139160156,8839105
2025-05-15,253.1999969482422,257.1000061035156,250.6199951171875,256.57000732421875,242.5182647705078,12083645
2025-05-16,257.0,257.0,253.52999877929688,254.30999755859375,240.38201904296875,6640387
2025-05-19,254.30999755859375,254.74000549316406,251.27999877929688,251.75,237.9622344970703,6788784
2025-05-20,253.0,254.60000610351562,249.30999755859375,249.7100067138672,236.03396606445312,9366429
2025-05-21,249.7100067138672,252.11000061035156,248.10000610351562,250.9199981689453,237.1776885986328,5313593
2025-05-22,249.0,249.88999938964844,245.0,245.94000244140625,232.47044372558594,11469037
2025-05-23,246.10000610351562,250.49000549316406,245.60000610351562,247.36000061035156,233.8126678466797,7437642
2025-05-26,248.49000549316406,250.85000610351562,248.1999969482422,250.24000549316406,236.53494262695312,3690751
2025-05-27,250.99000549316406,250.99000549316406,247.99000549316406,248.25,234.65391540527344,6861143
2025-05-28,249.58999633789062,250.13999938964844,246.9600067138672,247.42999267578125,233.87881469726562,6205160
2025-05-29,249.64999389648438,251.74000549316406,248.10000610351562,250.13999938964844,236.44039916992188,11785042
2025-05-30,250.0,251.11000061035156,248.52000427246094,249.6699981689453,235.99615478515625,13858429
2025-06-02,247.60000610351562,248.4199981689453,246.1999969482422,247.67999267578125,234.11514282226562,5846259
2025-06-03,248.0,249.5,245.72999572753906,246.22000122070312,232.73509216308594,8573438
2025-06-04,246.50999450683594,249.80999755859375,246.50999450683594,246.86000061035156,233.3400421142578,6698150
2025-06-05,246.89999389648438,249.49000549316406,246.8800048828125,247.94000244140625,234.36090087890625,6468060
2025-06-06,247.10000610351562,249.97999572753906,247.10000610351562,248.58999633789062,234.9752960205078,4445411
2025-06-09,249.60000610351562,253.39999389648438,249.22000122070312,251.2899932861328,237.52743530273438,9193904
2025-06-10,252.89999389648438,255.8000030517578,251.8300018310547,254.8699951171875,240.91136169433594,10739851
2025-06-11,256.0199890136719,261.6000061035156,254.10000610351562,258.9200134277344,244.73956298828125,17268454
2025-06-12,260.0,263.0,256.32000732421875,259.6099853515625,245.39173889160156,14528657
2025-06-13,255.0,262.25,254.0,260.2099914550781,245.95889282226562,8692116
2025-06-16,260.0,265.30999755859375,258.0,262.8900146484375,248.49212646484375,10935361
2025-06-17,262.8900146484375,265.45001220703125,261.6600036621094,262.9100036621094,248.5110321044922,7528454
2025-06-18,262.8999938964844,265.6000061035156,261.0299987792969,261.5899963378906,247.26332092285156,5016660
2025-06-19,262.8500061035156,266.44000244140625,261.80999755859375,265.5799865722656,251.0347900390625,14184486
2025-06-20,266.0,267.20001220703125,262.8699951171875,266.5400085449219,251.94223022460938,12904674
2025-06-23,264.0,265.20001220703125,261.80999755859375,263.239990234375,248.8229522705078,6214062
2025-06-24,265.5,268.6499938964844,264.7099914550781,264.9700012207031,250.4582061767578,6319428
2025-06-25,265.8999938964844,269.9599914550781,265.8500061035156,269.4100036621094,254.655029296875,5331739
2025-06-26,269.1000061035156,271.29998779296875,267.19000244140625,268.5199890136719,253.81375122070312,8564099
2025-06-27,269.0,270.0,264.5,265.04998779296875,250.5338134765625,8906108
2025-06-30,266.1000061035156,266.739990234375,262.8999938964844,265.9800109863281,251.41290283203125,7119563
2025-07-01,265.5,268.3500061035156,263.70001220703125,264.54998779296875,250.06117248535156,3886095
2025-07-02,265.0,268.70001220703125,264.45001220703125,267.0,252.3770294189453,8750887
2025-07-03,268.3999938964844,270.8500061035156,266.45001220703125,267.04998779296875,252.42428588867188,9357962
2025-07-04,268.29998779296875,271.3999938964844,267.5,270.04998779296875,255.25999450683594,7141779
2025-07-07,270.04998779296875,270.54998779296875,267.29998779296875,267.75,253.0859375,4849218
2025-07-08,267.79998779296875,270.29998779296875,267.3500061035156,269.6499938964844,254.88186645507812,5519016
2025-07-09,268.0,269.3999938964844,264.8500061035156,267.79998779296875,253.13319396972656,11564433
2025-07-10,267.54998779296875,267.54998779296875,263.1499938964844,265.04998779296875,250.5338134765625,6911031
2025-07-11,261.0,262.04998779296875,257.75,258.29998779296875,244.1534881591797,13109857
2025-07-14,258.29998779296875,259.54998779296875,251.64999389648438,254.25,240.32530212402344,10388421
2025-07-15,254.0,259.8500061035156,252.8000030517578,257.3999938964844,243.30279541015625,8750149
2025-07-16,257.3999938964844,264.0,256.04998779296875,262.79998779296875,248.40704345703125,12179338
2025-07-17,263.8500061035156,264.3500061035156,258.0,260.6000061035156,246.32754516601562,7484171
2025-07-18,268.6000061035156,271.8999938964844,265.6000061035156,266.95001220703125,252.32977294921875,30319126
2025-07-21,266.95001220703125,267.1499938964844,259.20001220703125,260.3500061035156,246.0912322998047,12190000
2025-07-22,261.70001220703125,262.1499938964844,258.75,259.70001220703125,245.47683715820312,6724044
2025-07-23,260.25,261.75,258.1499938964844,261.3999938964844,247.08370971679688,6510321
2025-07-24,262.0,263.3999938964844,260.25,261.8500061035156,247.50909423828125,8139900
2025-07-25,261.79998779296875,262.04998779296875,256.04998779296875,259.20001220703125,245.0042266845703,8427780
2025-07-28,254.0,254.0,249.0,250.0500030517578,241.0043487548828,8998911
2025-07-29,249.1999969482422,252.6999969482422,247.25,251.8000030517578,242.6910400390625,12923128
2025-07-30,251.4499969482422,252.5,249.1999969482422,250.1999969482422,241.14891052246094,6057152
2025-07-31,248.10000610351562,250.14999389648438,246.0500030517578,248.3000030517578,239.31765747070312,7338764
2025-08-01,246.5,246.89999389648438,242.1999969482422,242.75,233.96841430664062,7436999
2025-08-04,242.75,246.4199981689453,241.10000610351562,246.0500030517578,237.1490478515625,5234393
2025-08-05,246.0500030517578,246.9499969482422,244.52999877929688,245.91000366210938,237.0141143798828,7383968
2025-08-06,246.0,246.0,239.30999755859375,239.9600067138672,231.27935791015625,7700190
2025-08-07,239.11000061035156,243.17999267578125,238.61000061035156,242.32000732421875,233.5540008544922,6190830
2025-08-08,242.39999389648438,243.25,238.39999389648438,239.0500030517578,230.40228271484375,8922847
2025-08-11,239.0500030517578,244.75,238.6199951171875,241.6199951171875,232.87930297851562,3047287
2025-08-12,242.6999969482422,246.2899932861328,241.10000610351562,241.72000122070312,232.97567749023438,8101435
2025-08-13,242.88999938964844,242.88999938964844,240.1199951171875,241.64999389648438,232.90821838378906,5820844
2025-08-14,243.10000610351562,248.42999267578125,242.41000366210938,246.80999755859375,237.88156127929688,12857225
2025-08-18,248.63999938964844,249.00999450683594,244.75999450683594,245.2100067138672,236.33944702148438,5789317
2025-08-19,245.4600067138672,247.5,244.77999877929688,246.9600067138672,238.02613830566406,4090961
2025-08-20,245.3000030517578,252.88999938964844,245.3000030517578,250.83999633789062,241.76576232910156,10099384
2025-08-21,252.74000549316406,252.74000549316406,249.61000061035156,249.91000366210938,240.86941528320312,7607486
2025-08-22,252.0,253.0,247.61000061035156,248.63999938964844,239.64535522460938,13572686
2025-08-25,250.60000610351562,257.2900085449219,250.60000610351562,253.83999633789062,244.65724182128906,16391069
2025-08-26,253.0,254.82000732421875,251.30999755859375,252.02999877929688,242.9127197265625,15797327
2025-08-28,252.02000427246094,252.35000610351562,249.0800018310547,250.64999389648438,241.58262634277344,5851451
2025-08-29,250.5,253.10000610351562,248.66000366210938,249.41000366210938,240.38751220703125,10117017
2025-09-01,249.4199981689453,252.99000549316406,249.39999389648438,250.36000061035156,241.3031463623047,3198345
2025-09-02,250.36000061035156,253.14999389648438,249.60000610351562,250.92999267578125,241.8524932861328,5046939
2025-09-03,251.89999389648438,252.39999389648438,249.1199951171875,249.55999755859375,240.53207397460938,3862765
2025-09-04,249.5,250.33999633789062,244.44000244140625,244.97000122070312,236.10812377929688,5021036
2025-09-05,246.10000610351562,247.32000732421875,241.27000427246094,243.6699981689453,234.8551483154297,6233782
2025-09-08,244.36000061035156,246.99000549316406,242.1999969482422,242.52000427246094,233.7467498779297,6596932
2025-09-09,245.0,249.85000610351562,245.0,249.14999389648438,240.1368865966797,12836972
2025-09-10,249.3000030517578,257.1700134277344,249.25,255.75,246.49813842773438,15261331
2025-09-11,255.6999969482422,255.6999969482422,252.1699981689453,253.91000366210938,244.72471618652344,5865301
2025-09-12,254.8800048828125,255.89999389648438,250.82000732421875,251.94000244140625,242.82598876953125,5345794
2025-09-15,251.5,251.7899932861328,249.60000610351562,251.27999877929688,242.18984985351562,3700703
2025-09-16,252.0,254.5,250.1999969482422,254.00999450683594,244.82107543945312,7316998
2025-09-17,253.3000030517578,255.5,252.85000610351562,254.14999389648438,244.9560089111328,7339871
2025-09-18,257.0,259.79998779296875,256.0,256.92999267578125,247.6354522705078,10498239
2025-09-19,257.0,257.6600036621094,254.6999969482422,255.8800048828125,246.62344360351562,10741757
2025-09-22,248.5500030517578,251.77999877929688,247.2100067138672,250.3300018310547,241.2742156982422,15784007
2025-09-23,250.22000122070312,252.0,248.75,249.6300048828125,240.59954833984375,8674114
2025-09-24,248.3300018310547,249.1199951171875,244.25,244.58999633789062,235.7418670654297,7888797
2025-09-25,245.4499969482422,245.63999938964844,241.27999877929688,242.0,233.2455596923828,7957740
2025-09-26,241.4499969482422,241.5500030517578,235.00999450683594,235.75,227.22164916992188,16999628
2025-09-29,236.8800048828125,240.7899932861328,236.2899932861328,239.63999938964844,230.97093200683594,8894412
2025-09-30,239.92999267578125,241.5,239.0,239.3699951171875,230.710693359375,5590909
2025-10-01,240.0,243.57000732421875,237.83999633789062,241.07000732421875,232.3491973876953,9479378
2025-10-03,240.97999572753906,241.39999389648438,238.05999755859375,240.97999572753906,232.262451171875,10968346
2025-10-06,240.0,242.9600067138672,239.32000732421875,242.1300048828125,233.37086486816406,6064946
2025-10-07,242.89999389648438,245.0,242.13999938964844,243.52999877929688,234.72021484375,6587728
2025-10-08,243.25,246.35000610351562,242.57000732421875,244.27000427246094,235.43344116210938,7360563
2025-10-09,243.99000549316406,246.8000030517578,243.16000366210938,246.39999389648438,237.4863739013672,4629760
2025-10-10,248.0,251.25,246.25,248.6999969482422,239.70318603515625,7070200
2025-10-13,246.05999755859375,247.6999969482422,244.50999450683594,245.1300048828125,236.2623291015625,6717589
2025-10-14,245.8000030517578,250.14999389648438,245.11000061035156,248.4199981689453,239.4333038330078,7888607
2025-10-15,250.0,252.1300048828125,248.5399932861328,250.2100067138672,241.1585693359375,13278925
2025-10-16,250.39999389648438,254.07000732421875,248.8000030517578,253.80999755859375,244.62832641601562,10661302
2025-10-17,250.0,250.0,239.11000061035156,240.89999389648438,232.1853485107422,43802251
2025-10-20,240.89999389648438,241.94000244140625,239.27000427246094,241.24000549316406,232.5130615234375,9871824
2025-10-21,241.0,242.16000366210938,240.36000061035156,241.36000061035156,232.6287078857422,2082336
2025-10-23,244.8000030517578,247.8000030517578,243.3699951171875,244.3000030517578,235.4623565673828,18964626
2025-10-24,245.0,245.8800048828125,242.16000366210938,242.97999572753906,234.19009399414062,6803979
2025-10-27,243.2899932861328,245.72999572753906,243.05999755859375,243.91000366210938,235.0864715576172,9550336
2025-10-28,243.66000366210938,244.6999969482422,241.39999389648438,242.3800048828125,233.61181640625,8780789
2025-10-29,243.60000610351562,243.60000610351562,241.63999938964844,242.27999877929688,233.5154266357422,8776917
2025-10-30,242.88999938964844,244.77000427246094,240.5,241.9199981689453,233.16844177246094,8344622
2025-10-31,242.11000061035156,243.19000244140625,240.5,240.6699981689453,231.9636688232422,5659566
2025-11-03,240.6699981689453,241.2899932861328,239.5,240.5,231.79983520507812,4902693
2025-11-04,240.5,240.83999633789062,237.52000427246094,237.9199981689453,229.3131561279297,6848284
2025-11-06,240.0,240.6199951171875,238.3699951171875,240.0500030517578,231.36610412597656,7141517
2025-11-07,238.6999969482422,239.25,236.0,236.49000549316406,227.9348907470703,5520619
2025-11-10,237.44000244140625,241.5500030517578,237.02000427246094,239.83999633789062,231.1636962890625,8566758
2025-11-11,241.10000610351562,242.0500030517578,238.80999755859375,241.69000244140625,232.94677734375,8831094
2025-11-12,242.75,246.3000030517578,242.10000610351562,245.22000122070312,236.3490753173828,13152546
2025-11-13,246.0,246.0,244.0,245.3300018310547,236.45509338378906,6211124
2025-11-14,243.9199981689453,245.89999389648438,242.14999389648438,244.3699951171875,235.52981567382812,6841554
2025-11-17,243.97000122070312,244.77999877929688,242.69000244140625,244.0500030517578,235.22140502929688,6559062
2025-11-18,242.92999267578125,244.0,240.3000030517578,240.89999389648438,232.1853485107422,4730012
2025-11-19,241.1999969482422,246.85000610351562,240.5399932861328,246.07000732421875,237.16831970214844,13298452
2025-11-20,247.5,247.8000030517578,245.7100067138672,246.25999450683594,237.3514404296875,6705862
2025-11-21,245.0,247.25,243.61000061035156,244.49000549316406,235.64549255371094,5516450
2025-11-24,245.02000427246094,249.3800048828125,245.02000427246094,247.27000427246094,238.32492065429688,19711070
2025-11-25,248.0,248.0,244.0,245.63999938964844,236.75389099121094,8188793
2025-11-26,246.0,250.5500030517578,245.6199951171875,250.19000244140625,241.1392822265625,8202096
2025-11-27,250.39999389648438,251.9199981689453,247.69000244140625,249.55999755859375,240.53207397460938,5268129
2025-11-28,251.0,251.99000549316406,248.60000610351562,249.52999877929688,240.50315856933594,7049965
2025-12-01,250.10000610351562,250.75,248.86000061035156,250.27999877929688,241.2260284423828,3865446
2025-12-02,250.0,251.4499969482422,248.8699951171875,250.1699981689453,241.12001037597656,8535708
2025-12-03,250.60000610351562,257.1300048828125,250.5500030517578,254.69000244140625,245.47650146484375,17215454
2025-12-04,256.0,258.79998779296875,255.5,256.92999267578125,247.6354522705078,10687381
2025-12-05,258.20001220703125,261.1000061035156,257.70001220703125,259.9100036621094,250.50765991210938,7886562
2025-12-08,260.010009765625,263.07000732421875,259.7099914550781,261.3800048828125,251.9244842529297,9684253
2025-12-09,261.3800048828125,261.82000732421875,257.04998779296875,257.4100036621094,248.0980987548828,8560580
2025-12-10,258.010009765625,260.3699951171875,257.25,257.9800109863281,248.64749145507812,7944200
2025-12-11,258.30999755859375,259.9800109863281,257.7200012207031,259.25,249.87152099609375,6473376
2025-12-12,259.5,260.82000732421875,257.3599853515625,260.6000061035156,251.17269897460938,4008271
2025-12-15,259.989990234375,262.5,258.5400085449219,261.739990234375,252.2714385986328,4023911
2025-12-16,261.739990234375,261.75,258.79998779296875,259.2200012207031,249.84262084960938,2982041
2025-12-17,259.0,262.1300048828125,258.30999755859375,261.1400146484375,251.69317626953125,4923276
2025-12-18,261.17999267578125,264.989990234375,261.0,263.8500061035156,254.30514526367188,9008412
2025-12-19,267.0,267.0,263.29998779296875,264.45001220703125,254.88343811035156,12750745
2025-12-22,267.510009765625,273.1000061035156,266.79998779296875,272.6700134277344,262.80609130859375,14651313
2025-12-23,272.0,272.4800109863281,270.2099914550781,271.3999938964844,261.5820007324219,7572420
2025-12-24,270.94000244140625,270.9800109863281,267.20001220703125,268.05999755859375,258.3628234863281,4694861
2025-12-26,267.20001220703125,268.8800048828125,265.739990234375,266.29998779296875,256.6664733886719,2899112
2025-12-29,265.989990234375,267.3900146484375,263.6000061035156,264.239990234375,254.68101501464844,3755074
2025-12-30,264.0,264.7200012207031,263.0199890136719,263.6499938964844,254.11236572265625,5117699
2025-12-31,264.0,264.6000061035156,261.260009765625,263.2799987792969,253.75575256347656,5705044
2026-01-01,264.5,268.04998779296875,263.75,267.3500061035156,257.67852783203125,3639755
2026-01-02,267.3500061035156,272.3999938964844,266.1499938964844,269.0,259.268798828125,8286204
2026-01-05,269.45001220703125,269.6499938964844,261.70001220703125,263.29998779296875,253.77500915527344,7006599
2026-01-06,263.29998779296875,266.1000061035156,262.95001220703125,265.6000061035156,255.9918212890625,4083654
2026-01-07,265.0,272.5,264.5,270.79998779296875,261.0036926269531,10242615
2026-01-08,270.8999938964844,270.8999938964844,261.3500061035156,262.20001220703125,252.71482849121094,9269522
2026-01-09,261.3500061035156,263.95001220703125,260.45001220703125,261.95001220703125,252.473876953125,4735387
2026-01-12,260.70001220703125,264.5,259.04998779296875,263.1000061035156,253.58226013183594,3802164
2026-01-13,263.45001220703125,264.8500061035156,261.29998779296875,264.20001220703125,254.64247131347656,6931244
2026-01-14,264.0,264.0,259.6000061035156,260.20001220703125,250.7871856689453,5625861
2026-01-15,260.20001220703125,260.20001220703125,260.20001220703125,260.20001220703125,250.7871856689453,0
2026-01-16,263.25,269.79998779296875,263.0,267.45001220703125,257.77490234375,12028289
2026-01-19,252.0,252.0,241.5500030517578,245.9499969482422,237.0526580810547,65833247
2026-01-20,245.9499969482422,246.0,239.39999389648438,239.89999389648438,231.2215118408203,16796201
2026-01-21,239.89999389648438,242.60000610351562,237.60000610351562,239.5500030517578,230.8842010498047,14397792
2026-01-22,242.0,242.89999389648438,239.1999969482422,240.64999389648438,231.9443817138672,8537915
2026-01-23,242.3000030517578,243.5500030517578,237.85000610351562,238.39999389648438,229.77577209472656,13546802
2026-01-27,235.1999969482422,236.39999389648438,231.75,234.8000030517578,232.148681640625,15677537
2026-01-28,235.5,238.10000610351562,234.9499969482422,237.35000610351562,234.66989135742188,10155128
2026-01-29,236.1999969482422,240.89999389648438,235.4499969482422,239.8000030517578,237.09222412109375,12201949
2026-01-30,238.0,238.0,235.3000030517578,236.89999389648438,234.22496032714844,11362317
2026-02-02,244.0,244.0800018310547,239.2899932861328,242.3000030517578,239.56399536132812,12335721
2026-02-03,259.2099914550781,259.8900146484375,242.27999877929688,242.69000244140625,239.94960021972656,25915412
2026-02-04,235.91000366210938,235.9199981689453,226.25999450683594,233.33999633789062,230.70516967773438,25995324
2026-02-05,233.33999633789062,235.57000732421875,231.6999969482422,233.38999938964844,230.75460815429688,10102736
2026-02-06,232.92999267578125,232.92999267578125,228.60000610351562,230.72000122070312,228.11476135253906,12279085
2026-02-09,231.85000610351562,232.92999267578125,229.61000061035156,230.0800018310547,227.4819793701172,9112474
2026-02-10,229.97999572753906,232.86000061035156,227.1999969482422,231.47000122070312,228.85629272460938,12435622
2026-02-11,231.47000122070312,233.0,229.5,229.80999755859375,227.21502685546875,7874912
2026-02-12,226.1999969482422,226.25999450683594,218.5,219.0800018310547,216.606201171875,40899346
2026-02-13,210.64999389648438,216.47999572753906,209.00999450683594,214.08999633789062,211.6725311279297,23721186
2026-02-16,214.6199951171875,216.91000366210938,210.11000061035156,213.25999450683594,210.85189819335938,20754327
2026-02-17,213.25999450683594,219.38999938964844,212.25999450683594,215.69000244140625,213.2544708251953,26941553
2026-02-18,216.1999969482422,216.39999389648438,210.25999450683594,211.9499969482422,209.55670166015625,22679760
2026-02-19,214.0,215.44000244140625,210.39999389648438,211.2100067138672,208.82505798339844,14151588
2026-02-20,209.6999969482422,211.9600067138672,208.25,209.86000061035156,207.4903106689453,17690420
2026-02-23,210.36000061035156,211.74000549316406,204.27999877929688,205.88999938964844,203.56512451171875,20946229
2026-02-24,203.0,203.2899932861328,199.36000061035156,200.13999938964844,197.8800506591797,25036686
2026-02-25,201.30999755859375,205.47999572753906,201.30999755859375,201.9199981689453,199.63995361328125,13979068
2026-02-26,203.7100067138672,204.6300048828125,199.1199951171875,201.0800018310547,198.8094482421875,14378069
2026-02-27,204.0,204.0,200.0500030517578,200.9600067138672,198.69081115722656,13288519
2026-03-02,195.0,200.36000061035156,194.6999969482422,198.57000732421875,196.32778930664062,10486866
2026-03-04,196.00999450683594,197.1199951171875,194.50999450683594,195.5500030517578,193.34188842773438,19562075
2026-03-05,196.39999389648438,196.97000122070312,193.22000122070312,195.67999267578125,193.4704132080078,13149281
2026-03-06,195.60000610351562,198.92999267578125,195.0,195.39999389648438,193.19357299804688,9022914
2026-03-09,194.0,199.5,193.02999877929688,198.75,196.50575256347656,25862728
2026-03-10,200.5,201.30999755859375,197.4199981689453,200.92999267578125,198.6611328125,12982340
2026-03-11,202.69000244140625,205.9499969482422,201.5800018310547,202.22999572753906,199.9464569091797,29199002
2026-03-12,201.05999755859375,203.8000030517578,199.6999969482422,202.50999450683594,200.22329711914062,19042475
2026-03-13,200.60000610351562,202.07000732421875,196.0399932861328,197.5800018310547,195.34896850585938,12629652
2026-03-16,196.24000549316406,198.2899932861328,192.77000427246094,195.11000061035156,192.9068603515625,12631649
2026-03-17,195.0,195.11000061035156,188.25,191.32000732421875,189.15965270996094,21778468
2026-03-18,193.0,198.0,192.69000244140625,194.3000030517578,192.1060028076172,24529164
2026-03-19,191.97999572753906,192.7899932861328,187.67999267578125,188.41000366210938,186.2825164794922,13685195
2026-03-20,191.19000244140625,192.3000030517578,188.41000366210938,190.89999389648438,188.744384765625,24395304
2026-03-23,189.41000366210938,190.6199951171875,187.0,187.5399932861328,185.42233276367188,12014988
2026-03-24,191.5,191.5,187.8000030517578,188.74000549316406,186.60879516601562,11843191
2026-03-25,189.0,190.6199951171875,187.89999389648438,189.0500030517578,186.915283203125,13862888
2026-03-27,189.0500030517578,192.2899932861328,187.89999389648438,191.60000610351562,189.43649291992188,26269256
2026-03-30,189.99000549316406,191.6300048828125,186.5,187.63999938964844,185.52120971679688,27946986
2026-04-01,191.50999450683594,194.49000549316406,190.41000366210938,191.17999267578125,189.02122497558594,11769673
2026-04-02,190.5,195.33999633789062,188.5800018310547,194.91000366210938,192.70912170410156,16623045
2026-04-06,197.0,201.17999267578125,196.11000061035156,197.2899932861328,195.06224060058594,23282287
2026-04-07,197.00999450683594,205.27000427246094,197.00999450683594,204.72000122070312,202.40834045410156,24771466
2026-04-08,207.6999969482422,209.0,202.8000030517578,203.4199981689453,201.12301635742188,22084158
2026-04-09,203.7100067138672,204.16000366210938,201.6300048828125,202.8699951171875,200.5792236328125,14540807
2026-04-10,208.6999969482422,208.6999969482422,200.6199951171875,204.8800048828125,202.56654357910156,51219565
2026-04-13,203.00999450683594,203.39999389648438,200.30999755859375,202.97000122070312,200.6781005859375,21930624
2026-04-15,206.5,210.49000549316406,205.10000610351562,209.75,207.3815460205078,27890080
2026-04-16,212.97999572753906,212.97999572753906,208.2100067138672,210.25999450683594,207.88577270507812,36305074
2026-04-17,205.0,206.4499969482422,202.5,204.32000732421875,202.0128631591797,80542603
2026-04-20,204.5,205.1999969482422,202.0,202.47999572753906,200.19363403320312,27927164
2026-04-21,203.0,205.6999969482422,202.47999572753906,205.00999450683594,202.695068359375,21530723
2026-04-22,203.5,205.3800048828125,202.1999969482422,204.0,201.69647216796875,21790433
2026-04-23,204.0,204.89999389648438,202.3000030517578,202.75999450683594,200.47047424316406,20307250
2026-04-24,202.75,202.75,197.8800048828125,199.36000061035156,197.10887145996094,39363394
2026-04-27,199.36000061035156,205.25,199.36000061035156,205.0500030517578,202.734619140625,42632215
2026-04-28,204.55999755859375,205.67999267578125,201.02000427246094,201.5800018310547,199.30380249023438,23455983
2026-04-29,201.5800018310547,203.60000610351562,200.3000030517578,200.67999267578125,198.41395568847656,15667662
2026-04-30,200.88999938964844,202.14999389648438,200.0,200.64999389648438,198.38429260253906,15300274
2026-05-01,200.64999389648438,200.64999389648438,200.64999389648438,200.64999389648438,198.38429260253906,0
2026-05-04,202.39999389648438,203.3699951171875,200.05999755859375,200.75,198.48316955566406,8446995
2026-05-05,200.0,202.3000030517578,199.60000610351562,199.77999877929688,197.5241241455078,8899200
2026-05-06,200.50999450683594,201.1300048828125,198.25,199.1199951171875,196.87156677246094,13166683
2026-05-07,199.5,200.27999877929688,197.19000244140625,197.36000061035156,195.13145446777344,19303572
2026-05-08,198.0,198.94000244140625,196.6999969482422,197.91000366210938,195.6752471923828,15970687
2026-05-11,197.8800048828125,198.24000549316406,196.14999389648438,196.67999267578125,194.45912170410156,9199527
2026-05-12,196.10000610351562,196.13999938964844,189.10000610351562,189.57000732421875,187.42941284179688,27435195
2026-05-13,190.6699981689453,191.3000030517578,187.30999755859375,187.8000030517578,185.6793975830078,17242394
2026-05-14,188.25,190.17999267578125,187.0,188.3000030517578,186.1737518310547,18280387
2026-05-15,189.89999389648438,191.89999389648438,188.8000030517578,190.0,187.85455322265625,17902610
2026-05-18,190.99000549316406,192.75,189.1999969482422,192.1699981689453,190.0000457763672,16327369
2026-05-19,192.39999389648438,198.0,192.39999389648438,195.1699981689453,192.96617126464844,20534622
2026-05-20,194.61000061035156,197.94000244140625,194.00999450683594,197.1199951171875,194.89414978027344,16201692
2026-05-21,198.5,200.0399932861328,197.5,199.74000549316406,197.4845733642578,18980608
2026-05-22,200.0,205.39999389648438,198.8300018310547,203.11000061035156,200.8165283203125,40014399
2026-05-25,207.0,209.5500030517578,204.05999755859375,206.83999633789062,204.50439453125,72041558
2026-05-26,206.99000549316406,208.69000244140625,202.94000244140625,203.72999572753906,201.4295196533203,46458415
2026-05-27,203.85000610351562,205.99000549316406,200.1999969482422,201.5800018310547,199.30380249023438,39465643
2026-05-28,201.5800018310547,201.5800018310547,201.5800018310547,201.5800018310547,199.30380249023438,0
2026-05-29,211.0,211.0,203.64999389648438,204.25,201.9436492919922,82734524
2026-06-01,205.10000610351562,207.75,205.10000610351562,206.41000366210938,204.0792694091797,26491139
2026-06-02,208.0,210.17999267578125,206.50999450683594,209.83999633789062,207.47052001953125,42476874
2026-06-03,208.0,208.39999389648438,202.0,204.10000610351562,201.79534912109375,62282204
2026-06-04,203.0,205.08999633789062,202.10000610351562,204.32000732421875,202.0128631591797,40659957
2026-06-05,191.52000427246094,199.0,188.14999389648438,198.3699951171875,196.13003540039062,43539069
2026-06-08,193.38999938964844,193.88999938964844,181.0,181.75999450683594,179.7075958251953,75164049
2026-06-09,183.97000122070312,184.35000610351562,180.60000610351562,181.6699981689453,179.61862182617188,28381665
2026-06-10,182.10000610351562,182.2899932861328,178.5,178.92999267578125,176.9095458984375,16935979
2026-06-11,176.97000122070312,178.1999969482422,175.8300018310547,177.3699951171875,175.36717224121094,14468882
2026-06-12,178.64999389648438,180.4499969482422,177.57000732421875,180.13999938964844,178.10589599609375,13850153
2026-06-15,183.0,183.0,180.91000366210938,181.3800048828125,179.33189392089844,13870660
2026-06-16,182.38999938964844,183.3800048828125,181.6300048828125,182.6699981689453,180.60733032226562,11706020
2026-06-17,184.0,185.25,183.5800018310547,184.47000122070312,182.3870086669922,16131548
2026-06-18,184.47000122070312,184.75999450683594,181.7100067138672,182.83999633789062,180.77540588378906,18165845
2026-06-19,176.75999450683594,181.47999572753906,174.88999938964844,180.8000030517578,178.75843811035156,37469436
2026-06-22,180.83999633789062,182.39999389648438,180.0,180.17999267578125,178.1454315185547,10368112
2026-06-23,179.5,179.5,174.0,174.49000549316406,172.5196990966797,23954730
2026-06-24,171.5,175.49000549316406,171.49000549316406,174.47999572753906,172.50979614257812,56627728
2026-06-25,176.0,176.38999938964844,172.69000244140625,175.0,173.02394104003906,21544904
2026-06-26,175.0,175.0,175.0,175.0,173.02394104003906,0
2026-06-29,176.27999877929688,176.69000244140625,174.60000610351562,175.47999572753906,173.49850463867188,24484011
2026-06-30,175.0,175.39999389648438,170.0500030517578,170.38999938964844,168.4659881591797,26845383
2026-07-01,171.0,172.14999389648438,169.25,170.1300048828125,168.20892333984375,34638511
2026-07-02,169.49000549316406,174.97000122070312,169.0,174.0,172.0352325439453,43447174
2026-07-03,176.1999969482422,178.13999938964844,174.58999633789062,176.0800018310547,174.09173583984375,29538753
2026-07-06,176.0800018310547,176.3000030517578,173.57000732421875,174.32000732421875,172.35162353515625,8304046
2026-07-07,173.89999389648438,176.1999969482422,172.77000427246094,173.0,171.04652404785156,18837725
2026-07-08,173.0,175.39999389648438,172.24000549316406,172.72000122070312,170.76968383789062,16482564
2026-07-09,173.0,174.2899932861328,171.64999389648438,172.75999450683594,170.80921936035156,10270117
2026-07-10,175.22999572753906,177.22000122070312,175.0,175.4600067138672,173.47874450683594,16249590
2026-07-13,174.60000610351562,179.9499969482422,174.36000061035156,178.42999267578125,176.41519165039062,22417855
2026-07-14,178.5,180.5,176.7100067138672,177.13999938964844,175.1397705078125,14461463
2026-07-15,175.1199951171875,176.60000610351562,174.49000549316406,174.64999389648438,172.67788696289062,10398720
2026-07-16,175.60000610351562,177.99000549316406,175.41000366210938,177.74000549316406,175.73300170898438,11184572
2026-07-17,173.5500030517578,176.25999450683594,173.5500030517578,176.0,174.0126495361328,22960032
2026-07-20,177.0,177.8000030517578,175.85000610351562,176.3800048828125,174.3883514404297,10183661
2026-07-21,176.11000061035156,177.5,174.5,174.97000122070312,172.99427795410156,11350578
2026-07-22,174.77000427246094,174.9600067138672,173.4199981689453,174.44000244140625,172.4702606201172,5057035
2026-07-23,173.80999755859375,175.55999755859375,173.30999755859375,174.82000732421875,172.84597778320312,9055905
2026-07-24,174.0,177.89999389648438,172.8000030517578,177.1199951171875,175.1199951171875,13282944
2026-07-27,177.5,178.77999877929688,175.61000061035156,178.52999877929688,178.52999877929688,12504426
2026-07-28,178.5500030517578,181.6999969482422,178.5500030517578,181.1199951171875,181.1199951171875,26873060
2026-07-29,183.0,185.75999450683594,181.4499969482422,183.61000061035156,183.61000061035156,26147867
2026-07-30,183.39999389648438,191.33999633789062,183.39999389648438,186.3300018310547,186.3300018310547,54015268
2026-07-31,184.85000610351562,185.24000549316406,180.8300018310547,183.64999389648438,183.64999389648438,18762810
2026-08-03,184.02000427246094,189.80999755859375,184.02000427246094,188.66000366210938,188.66000366210938,15840516
2026-08-04,189.0,189.39999389648438,186.3000030517578,186.3000030517578,186.3000030517578,11903457
2026-08-05,187.0,188.5399932861328,186.07000732421875,186.99000549316406,186.99000549316406,8829250
2026-08-06,186.0,188.24000549316406,185.41000366210938,186.1199951171875,186.1199951171875,6629768
2026-08-07,185.8699951171875,188.3699951171875,185.64999389648438,187.52999877929688,187.52999877929688,7823102
2026-08-10,187.52999877929688,187.88999938964844,185.0,185.5,185.5,5337618
2026-08-11,185.5,187.47999572753906,183.30999755859375,184.60000610351562,184.60000610351562,9182421
2026-08-12,184.50999450683594,185.0,181.91000366210938,183.94000244140625,183.94000244140625,8624548
2026-08-13,183.49000549316406,183.75,181.72000122070312,183.10000610351562,183.10000610351562,5434084
2026-08-14,183.5500030517578,185.83999633789062,183.10000610351562,184.0,184.0,7366162
2026-08-17,183.5,183.7100067138672,181.0,181.89999389648438,181.89999389648438,4436515
2026-08-18,181.89999389648438,181.99000549316406,178.05999755859375,178.05999755859375,178.05999755859375,7074731
2026-08-19,179.05999755859375,179.9499969482422,178.22000122070312,179.5500030517578,179.5500030517578,5964187
2026-08-20,181.55999755859375,182.4600067138672,180.50999450683594,181.0,181.0,5364164
2026-08-21,180.60000610351562,181.75999450683594,180.0,180.7899932861328,180.7899932861328,4637869
2026-08-24,181.0,183.9199981689453,180.55999755859375,181.30999755859375,181.30999755859375,9441129
2026-08-25,181.2899932861328,181.2899932861328,178.38999938964844,180.08999633789062,180.08999633789062,8352475
2026-08-26,180.08999633789062,180.9499969482422,176.66000366210938,177.35000610351562,177.35000610351562,9355776
2026-08-27,177.35000610351562,178.6999969482422,176.39999389648438,176.39999389648438,176.39999389648438,4695019
2026-08-28,178.25,181.85000610351562,178.25,180.9499969482422,180.9499969482422,14686269
2026-08-31,180.1699981689453,184.5,176.1699981689453,184.5,184.5,16666567
2026-09-01,181.0,182.10000610351562,178.5,181.6999969482422,181.6999969482422,6813425
2026-09-02,180.0,180.38999938964844,176.8000030517578,177.08999633789062,177.08999633789062,12056634
2026-09-03,177.5,178.0399932861328,175.72000122070312,175.72000122070312,175.72000122070312,6496396
2026-09-04,176.74000549316406,178.75,176.39999389648438,176.39999389648438,176.39999389648438,6882678
2026-09-07,175.88999938964844,176.47000122070312,172.64999389648438,172.8000030517578,172.8000030517578,10720636
2026-09-08,172.8000030517578,172.89999389648438,171.1300048828125,171.5,171.5,6948945
2026-09-09,168.6999969482422,169.14999389648438,166.3699951171875,167.0,167.0,12001620
2026-09-10,167.89999389648438,169.19000244140625,166.0,166.3000030517578,166.3000030517578,9586645
2026-09-11,165.1999969482422,167.75,165.16000366210938,167.39999389648438,167.39999389648438,8484897
2026-09-14,167.39999389648438,167.39999389648438,167.39999389648438,167.39999389648438,167.39999389648438,0
2026-09-15,172.1999969482422,173.35000610351562,169.00999450683594,170.0,170.0,11722173
2026-09-16,170.02000427246094,170.88999938964844,166.11000061035156,166.88999938964844,166.88999938964844,11030339
2026-09-17,165.75,167.60000610351562,165.02000427246094,166.39999389648438,166.39999389648438,9129514
2026-09-18,166.89999389648438,166.89999389648438,163.3000030517578,166.8300018310547,166.8300018310547,23606474
2026-09-21,165.24000549316406,165.5,163.33999633789062,164.5500030517578,164.5500030517578,9282035
2026-09-22,164.80999755859375,166.0,163.2100067138672,166.0,166.0,14726893
2026-09-23,164.6999969482422,165.6999969482422,164.10000610351562,164.89999389648438,164.89999389648438,10856986
2026-09-24,164.16000366210938,165.6699981689453,163.36000061035156,163.63999938964844,163.63999938964844,7033397
2026-09-25,163.0500030517578,164.5,161.66000366210938,164.02000427246094,164.02000427246094,9700283
2026-09-28,164.02000427246094,164.4499969482422,160.97000122070312,161.55999755859375,161.55999755859375,10309220
2026-09-29,161.0,162.42999267578125,156.7899932861328,156.7899932861328,156.7899932861328,164453787
2026-09-30,157.00999450683594,161.72999572753906,157.00999450683594,158.5,158.5,15966068
